mtllib model_2.mtl
o model_2
v -15.487524032592773 -9.794294357299805 -2.6548500061035156 
v -15.487524032592773 -9.794294357299805 -1.7548251152038574 
v -8.887776374816895 -9.794294357299805 -2.6548500061035156 
v -8.887776374816895 -9.794294357299805 -1.7548251152038574 
v -6.5154314041137695 -9.794294357299805 -2.6548500061035156 
v -6.5154314041137695 -9.794294357299805 -1.7548251152038574 
v 0.08498138934373856 -9.794294357299805 -2.6548500061035156 
v 0.08498138934373856 -9.794294357299805 -1.7548251152038574 
v -8.887776374816895 -9.794294357299805 -1.3797616958618164 
v -15.487524032592773 -9.794294357299805 -1.3797616958618164 
v -6.5154314041137695 -9.794294357299805 -1.3797616958618164 
v 0.08498138934373856 -9.794294357299805 -1.3797616958618164 
v -8.887776374816895 -9.794294357299805 0.32018616795539856 
v -6.5154314041137695 -9.794294357299805 0.32018616795539856 
v -0.0852317288517952 -9.794294357299805 0.27472007274627686 
v -0.25544485449790955 -9.794294357299805 0.32018616795539856 
v 0.039103634655475616 -9.794294357299805 0.1502932608127594 
v 0.08498138934373856 -9.794294357299805 -0.019727004691958427 
v -15.487524032592773 -9.794294357299805 -0.019727004691958427 
v -15.44231128692627 -9.794294357299805 0.1502932608127594 
v -15.317975997924805 -9.794294357299805 0.27472007274627686 
v -15.1477632522583 -9.794294357299805 0.32018616795539856 
v -14.060659408569336 -20.07676887512207 -1.066211223602295 
v -13.856536865234375 -20.139530181884766 -1.066211223602295 
v -15.629146575927734 -23.370508193969727 -1.066211223602295 
v -15.425688743591309 -23.420717239379883 -1.066211223602295 
v -13.643105506896973 -20.1366024017334 -1.066211223602295 
v -15.218241691589355 -23.439546585083008 -1.066211223602295 
v -0.4163494408130646 -16.1102237701416 -1.4001387357711792 
v -2.3159544467926025 -16.1102237701416 -1.4001387357711792 
v -0.4163494408130646 -16.1102237701416 -0.7000627517700195 
v -2.3159544467926025 -16.1102237701416 -0.7000627517700195 
v -0.4163494408130646 -16.1102237701416 -0.371611624956131 
v -2.3159544467926025 -16.1102237701416 -0.371611624956131 
v -2.3159544467926025 -18.80061149597168 -1.4001387357711792 
v -2.3159544467926025 -18.80061149597168 -0.7000627517700195 
v -3.5998666286468506 -18.434083938598633 -1.4001387357711792 
v -3.5998666286468506 -18.434083938598633 -0.7000627517700195 
v -7.701603889465332 -18.434083938598633 -1.4001387357711792 
v -7.701603889465332 -18.434083938598633 -0.7000627517700195 
v -11.804006576538086 -18.434083938598633 -1.4001387357711792 
v -11.804006576538086 -18.434083938598633 -0.7000627517700195 
v -13.087918281555176 -18.80061149597168 -1.4001387357711792 
v -13.087918281555176 -18.80061149597168 -0.7000627517700195 
v -7.701603889465332 -18.434083938598633 -0.371611624956131 
v -11.804006576538086 -18.434083938598633 -0.371611624956131 
v -0.4163494408130646 -18.80061149597168 -0.371611624956131 
v -2.3159544467926025 -18.80061149597168 -0.371611624956131 
v -0.4163494408130646 -18.80061149597168 -0.7000627517700195 
v -2.3159544467926025 -18.80061149597168 -0.7000627517700195 
v -0.4163494408130646 -18.80061149597168 -1.4001387357711792 
v -2.3159544467926025 -18.80061149597168 -1.4001387357711792 
v -15.1477632522583 -10.003499984741211 0.32018616795539856 
v -8.887776374816895 -10.003499984741211 0.32018616795539856 
v -15.1477632522583 -9.794294357299805 0.32018616795539856 
v -8.887776374816895 -9.794294357299805 0.32018616795539856 
v -6.5154314041137695 -9.794294357299805 0.32018616795539856 
v -6.5154314041137695 -10.003499984741211 0.32018616795539856 
v -0.25544485449790955 -10.003499984741211 0.32018616795539856 
v -0.14507228136062622 -23.401470184326172 0.11552506685256958 
v -0.14507228136062622 -23.401470184326172 -1.066211223602295 
v 0.061710063368082047 -23.380550384521484 0.11552506685256958 
v 0.061710063368082047 -23.380550384521484 -1.066211223602295 
v 0.2651679217815399 -23.328248977661133 0.11552506685256958 
v 0.2651679217815399 -23.328248977661133 -1.066211223602295 
v 0.08498138934373856 -9.794294357299805 -2.6548500061035156 
v 0.08498138934373856 -9.794294357299805 -1.7548251152038574 
v 0.08498138934373856 -10.003499984741211 -2.6548500061035156 
v 0.08498138934373856 -10.003499984741211 -1.7548251152038574 
v 0.08498138934373856 -10.003499984741211 -1.3797616958618164 
v 0.08498138934373856 -9.794294357299805 -1.3797616958618164 
v 0.08498138934373856 -9.794294357299805 -0.019727004691958427 
v 0.08498138934373856 -10.003499984741211 -0.019727004691958427 
v 0.039103634655475616 -10.003499984741211 0.1502932608127594 
v 0.039103634655475616 -9.794294357299805 0.1502932608127594 
v -0.0852317288517952 -10.003499984741211 0.27472007274627686 
v -0.0852317288517952 -9.794294357299805 0.27472007274627686 
v -0.25544485449790955 -10.003499984741211 0.32018616795539856 
v -15.1477632522583 -10.003499984741211 0.32018616795539856 
v -15.1477632522583 -9.794294357299805 0.32018616795539856 
v -15.317975997924805 -10.003499984741211 0.27472007274627686 
v -15.317975997924805 -9.794294357299805 0.27472007274627686 
v -15.44231128692627 -10.003499984741211 0.1502932608127594 
v -15.44231128692627 -9.794294357299805 0.1502932608127594 
v -1.1623616218566895 -19.925722122192383 -2.125049114227295 
v -1.1623616218566895 -19.925722122192383 -1.134856104850769 
v -1.33523428440094 -20.049989700317383 -2.125049114227295 
v -1.33523428440094 -20.049989700317383 -1.134856104850769 
v -1.5386922359466553 -20.115262985229492 -2.125049114227295 
v -1.5386922359466553 -20.115262985229492 -1.134856104850769 
v -1.7527884244918823 -20.1140079498291 -2.125049114227295 
v -1.7527884244918823 -20.1140079498291 -1.134856104850769 
v -1.9549164772033691 -20.047061920166016 -2.125049114227295 
v -1.9549164772033691 -20.047061920166016 -1.134856104850769 
v -2.127124309539795 -19.92070198059082 -2.125049114227295 
v -2.127124309539795 -19.92070198059082 -1.134856104850769 
v -2.252124547958374 -19.747060775756836 -2.125049114227295 
v -2.252124547958374 -19.747060775756836 -1.134856104850769 
v -2.316619396209717 -19.543712615966797 -2.125049114227295 
v -2.316619396209717 -19.543712615966797 -1.134856104850769 
v -2.3152894973754883 -19.330322265625 -2.125049114227295 
v -2.3152894973754883 -19.330322265625 -1.134856104850769 
v -2.248800039291382 -19.127391815185547 -2.125049114227295 
v -2.248800039291382 -19.127391815185547 -1.134856104850769 
v -2.122469902038574 -18.955425262451172 -2.125049114227295 
v -2.122469902038574 -18.955425262451172 -1.134856104850769 
v -1.948932409286499 -18.830738067626953 -2.125049114227295 
v -1.948932409286499 -18.830738067626953 -1.134856104850769 
v -1.7454745769500732 -18.765884399414062 -2.125049114227295 
v -1.7454745769500732 -18.765884399414062 -1.134856104850769 
v -1.532043218612671 -18.767139434814453 -2.125049114227295 
v -1.532043218612671 -18.767139434814453 -1.134856104850769 
v -1.3292502164840698 -18.83408546447754 -2.125049114227295 
v -1.3292502164840698 -18.83408546447754 -1.134856104850769 
v -1.1570425033569336 -18.960445404052734 -2.125049114227295 
v -1.1570425033569336 -18.960445404052734 -1.134856104850769 
v -1.0327070951461792 -19.13408660888672 -2.125049114227295 
v -1.0327070951461792 -19.13408660888672 -1.134856104850769 
v -0.9675474166870117 -19.337434768676758 -2.125049114227295 
v -0.9675474166870117 -19.337434768676758 -1.134856104850769 
v -0.9688771963119507 -19.550825119018555 -2.125049114227295 
v -0.9688771963119507 -19.550825119018555 -1.134856104850769 
v -1.0360316038131714 -19.75333595275879 -2.125049114227295 
v -1.0360316038131714 -19.75333595275879 -1.134856104850769 
v -1.1623616218566895 -19.925722122192383 -2.125049114227295 
v -1.1623616218566895 -19.925722122192383 -1.134856104850769 
v -13.087918281555176 -18.80061149597168 -0.371611624956131 
v -14.987523078918457 -18.80061149597168 -0.371611624956131 
v -13.087918281555176 -18.80061149597168 -0.7000627517700195 
v -14.987523078918457 -18.80061149597168 -0.7000627517700195 
v -13.087918281555176 -18.80061149597168 -1.4001387357711792 
v -14.987523078918457 -18.80061149597168 -1.4001387357711792 
v -1.1623616218566895 -19.925722122192383 -1.066211223602295 
v -1.1623616218566895 -19.925722122192383 0.11552506685256958 
v -1.33523428440094 -20.049989700317383 -1.066211223602295 
v -1.33523428440094 -20.049989700317383 0.11552506685256958 
v -1.7527884244918823 -20.1140079498291 -1.066211223602295 
v -1.7527884244918823 -20.1140079498291 0.11552506685256958 
v -1.9549164772033691 -20.047061920166016 -1.066211223602295 
v -1.9549164772033691 -20.047061920166016 0.11552506685256958 
v -2.127124309539795 -19.92070198059082 -1.066211223602295 
v -2.127124309539795 -19.92070198059082 0.11552506685256958 
v -2.252124547958374 -19.747060775756836 -1.066211223602295 
v -2.252124547958374 -19.747060775756836 0.11552506685256958 
v -2.316619396209717 -19.543712615966797 -1.066211223602295 
v -2.316619396209717 -19.543712615966797 0.11552506685256958 
v -2.3152894973754883 -19.330322265625 -1.066211223602295 
v -2.3152894973754883 -19.330322265625 0.11552506685256958 
v -2.248800039291382 -19.127391815185547 -1.066211223602295 
v -2.248800039291382 -19.127391815185547 0.11552506685256958 
v -2.122469902038574 -18.955425262451172 -1.066211223602295 
v -2.122469902038574 -18.955425262451172 0.11552506685256958 
v -1.948932409286499 -18.830738067626953 -1.066211223602295 
v -1.948932409286499 -18.830738067626953 0.11552506685256958 
v -1.7454745769500732 -18.765884399414062 -1.066211223602295 
v -1.7454745769500732 -18.765884399414062 0.11552506685256958 
v -1.532043218612671 -18.767139434814453 -1.066211223602295 
v -1.532043218612671 -18.767139434814453 0.11552506685256958 
v -1.3292502164840698 -18.83408546447754 -1.066211223602295 
v -1.3292502164840698 -18.83408546447754 0.11552506685256958 
v -1.1570425033569336 -18.960445404052734 -1.066211223602295 
v -1.1570425033569336 -18.960445404052734 0.11552506685256958 
v -1.0327070951461792 -19.13408660888672 -1.066211223602295 
v -1.0327070951461792 -19.13408660888672 0.11552506685256958 
v -0.9675474166870117 -19.337434768676758 -1.066211223602295 
v -0.9675474166870117 -19.337434768676758 0.11552506685256958 
v -0.9688771963119507 -19.550825119018555 -1.066211223602295 
v -0.9688771963119507 -19.550825119018555 0.11552506685256958 
v -1.0360316038131714 -19.75333595275879 -1.066211223602295 
v -1.0360316038131714 -19.75333595275879 0.11552506685256958 
v -1.1623616218566895 -19.925722122192383 -1.066211223602295 
v -1.1623616218566895 -19.925722122192383 0.11552506685256958 
v -16.002153396606445 -13.15497875213623 -1.1857985258102417 
v -17.183671951293945 -13.15497875213623 -1.1857985258102417 
v -16.002153396606445 -16.791397094726562 -0.8973371982574463 
v -17.183671951293945 -16.791397094726562 -0.8973371982574463 
v -1.33523428440094 -20.049989700317383 0.11552506685256958 
v 0.2651679217815399 -23.328248977661133 0.11552506685256958 
v -1.33523428440094 -20.049989700317383 -1.066211223602295 
v 0.2651679217815399 -23.328248977661133 -1.066211223602295 
v -3.5998666286468506 -18.434083938598633 -0.371611624956131 
v -3.5998666286468506 -18.434083938598633 -0.7000627517700195 
v -3.5998666286468506 -20.3909969329834 -0.371611624956131 
v -3.5998666286468506 -20.3909969329834 -0.7000627517700195 
v 0.08498138934373856 -10.003499984741211 -2.6548500061035156 
v 0.08498138934373856 -10.003499984741211 -1.7548251152038574 
v -6.5154314041137695 -10.003499984741211 -2.6548500061035156 
v -6.5154314041137695 -10.003499984741211 -1.7548251152038574 
v -8.887776374816895 -10.003499984741211 -2.6548500061035156 
v -8.887776374816895 -10.003499984741211 -1.7548251152038574 
v -15.487524032592773 -10.003499984741211 -2.6548500061035156 
v -15.487524032592773 -10.003499984741211 -1.7548251152038574 
v -15.487524032592773 -10.003499984741211 -1.3797616958618164 
v -8.887776374816895 -10.003499984741211 -1.3797616958618164 
v -15.44231128692627 -10.003499984741211 0.1502932608127594 
v -15.317975997924805 -10.003499984741211 0.27472007274627686 
v -8.887776374816895 -10.003499984741211 0.32018616795539856 
v -6.5154314041137695 -10.003499984741211 0.32018616795539856 
v -6.5154314041137695 -10.003499984741211 -1.3797616958618164 
v -0.25544485449790955 -10.003499984741211 0.32018616795539856 
v -0.0852317288517952 -10.003499984741211 0.27472007274627686 
v 0.039103634655475616 -10.003499984741211 0.1502932608127594 
v 0.08498138934373856 -10.003499984741211 -1.3797616958618164 
v 0.5297961235046387 -16.85959815979004 -0.6970062255859375 
v 0.5982803106307983 -16.85959815979004 -0.6970062255859375 
v 0.5297961235046387 -16.842025756835938 -0.893898606300354 
v 0.5982803106307983 -16.842025756835938 -0.893898606300354 
v 0.5297961235046387 -16.88595962524414 -1.0865882635116577 
v 0.5982803106307983 -16.88595962524414 -1.0865882635116577 
v 0.5297961235046387 -16.987215042114258 -1.2562264204025269 
v 0.5982803106307983 -16.987215042114258 -1.2562264204025269 
v 0.5297961235046387 -17.13616943359375 -1.3862569332122803 
v 0.5982803106307983 -17.13616943359375 -1.3862569332122803 
v 0.5297961235046387 -17.317760467529297 -1.4639440774917603 
v 0.5982803106307983 -17.317760467529297 -1.4639440774917603 
v 0.5297961235046387 -17.51483154296875 -1.4816465377807617 
v 0.5982803106307983 -17.51483154296875 -1.4816465377807617 
v 0.5297961235046387 -17.707719802856445 -1.4375813007354736 
v 0.5982803106307983 -17.707719802856445 -1.4375813007354736 
v 0.5297961235046387 -17.87717628479004 -1.3362059593200684 
v 0.5982803106307983 -17.87717628479004 -1.3362059593200684 
v 0.5297961235046387 -18.00730323791504 -1.1873267889022827 
v 0.5982803106307983 -18.00730323791504 -1.1873267889022827 
v 0.5297961235046387 -18.08470916748047 -1.0055898427963257 
v 0.5982803106307983 -18.08470916748047 -1.0055898427963257 
v 0.5297961235046387 -18.10270118713379 -0.8086974024772644 
v 0.5982803106307983 -18.10270118713379 -0.8086974024772644 
v 0.5297961235046387 -18.058767318725586 -0.6160078048706055 
v 0.5982803106307983 -18.058767318725586 -0.6160078048706055 
v 0.5297961235046387 -17.957094192504883 -0.44624224305152893 
v 0.5982803106307983 -17.957094192504883 -0.44624224305152893 
v 0.5297961235046387 -17.80813980102539 -0.3162117600440979 
v 0.5982803106307983 -17.80813980102539 -0.3162117600440979 
v 0.5297961235046387 -17.626548767089844 -0.23865196108818054 
v 0.5982803106307983 -17.626548767089844 -0.23865196108818054 
v 0.5297961235046387 -17.429475784301758 -0.22094948589801788 
v 0.5982803106307983 -17.429475784301758 -0.22094948589801788 
v 0.5297961235046387 -17.23700714111328 -0.2648873031139374 
v 0.5982803106307983 -17.23700714111328 -0.2648873031139374 
v 0.5297961235046387 -17.06713104248047 -0.36639004945755005 
v 0.5982803106307983 -17.06713104248047 -0.36639004945755005 
v 0.5297961235046387 -16.937423706054688 -0.5152692198753357 
v 0.5982803106307983 -16.937423706054688 -0.5152692198753357 
v 0.5297961235046387 -16.85959815979004 -0.6970062255859375 
v 0.5982803106307983 -16.85959815979004 -0.6970062255859375 
v -11.804006576538086 -16.477170944213867 -0.371611624956131 
v -11.804006576538086 -16.477170944213867 -0.7000627517700195 
v -11.804006576538086 -14.5198392868042 -0.371611624956131 
v -11.804006576538086 -14.5198392868042 -0.7000627517700195 
v -3.5998666286468506 -20.3909969329834 -0.371611624956131 
v -3.5998666286468506 -20.3909969329834 -0.7000627517700195 
v -11.804006576538086 -20.3909969329834 -0.371611624956131 
v -11.804006576538086 -20.3909969329834 -0.7000627517700195 
v -13.087918281555176 -16.1102237701416 -0.7000627517700195 
v -13.087918281555176 -16.1102237701416 -0.371611624956131 
v -13.087918281555176 -13.41983413696289 -0.7000627517700195 
v -13.087918281555176 -13.41983413696289 -0.371611624956131 
v 0.5297961235046387 -16.810644149780273 -0.6846526861190796 
v -0.4602324962615967 -16.810644149780273 -0.6846526861190796 
v 0.5297961235046387 -16.89432716369629 -0.48826971650123596 
v -0.4602324962615967 -16.89432716369629 -0.48826971650123596 
v 0.5297961235046387 -17.034914016723633 -0.32754644751548767 
v -0.4602324962615967 -17.034914016723633 -0.32754644751548767 
v 0.5297961235046387 -17.218177795410156 -0.21789294481277466 
v -0.4602324962615967 -17.218177795410156 -0.21789294481277466 
v 0.5297961235046387 -17.426128387451172 -0.17038914561271667 
v -0.4602324962615967 -17.426128387451172 -0.17038914561271667 
v 0.5297961235046387 -17.638681411743164 -0.18949255347251892 
v -0.4602324962615967 -17.638681411743164 -0.18949255347251892 
v 0.5297961235046387 -17.835336685180664 -0.27342015504837036 
v -0.4602324962615967 -17.835336685180664 -0.27342015504837036 
v 0.5297961235046387 -17.99600601196289 -0.41389381885528564 
v -0.4602324962615967 -17.99600601196289 -0.41389381885528564 
v 0.5297961235046387 -18.10563087463379 -0.5971590876579285 
v -0.4602324962615967 -18.10563087463379 -0.5971590876579285 
v 0.5297961235046387 -18.152910232543945 -0.8052588105201721 
v -0.4602324962615967 -18.152910232543945 -0.8052588105201721 
v 0.5297961235046387 -18.134082794189453 -1.0179433822631836 
v -0.4602324962615967 -18.134082794189453 -1.0179433822631836 
v 0.5297961235046387 -18.04998207092285 -1.21432626247406 
v -0.4602324962615967 -18.04998207092285 -1.21432626247406 
v 0.5297961235046387 -17.909812927246094 -1.3750495910644531 
v -0.4602324962615967 -17.909812927246094 -1.3750495910644531 
v 0.5297961235046387 -17.72654914855957 -1.4845757484436035 
v -0.4602324962615967 -17.72654914855957 -1.4845757484436035 
v 0.5297961235046387 -17.518178939819336 -1.5322068929672241 
v -0.4602324962615967 -17.518178939819336 -1.5322068929672241 
v 0.5297961235046387 -17.305625915527344 -1.5131034851074219 
v -0.4602324962615967 -17.305625915527344 -1.5131034851074219 
v 0.5297961235046387 -17.109390258789062 -1.429175853729248 
v -0.4602324962615967 -17.109390258789062 -1.429175853729248 
v 0.5297961235046387 -16.94830322265625 -1.288702130317688 
v -0.4602324962615967 -16.94830322265625 -1.288702130317688 
v 0.5297961235046387 -16.839096069335938 -1.10543692111969 
v -0.4602324962615967 -16.839096069335938 -1.10543692111969 
v 0.5297961235046387 -16.791397094726562 -0.8973371982574463 
v -0.4602324962615967 -16.791397094726562 -0.8973371982574463 
v 0.5297961235046387 -16.810644149780273 -0.6846526861190796 
v -0.4602324962615967 -16.810644149780273 -0.6846526861190796 
v -15.487524032592773 -10.003499984741211 -2.6548500061035156 
v -15.487524032592773 -10.003499984741211 -1.7548251152038574 
v -15.487524032592773 -9.794294357299805 -2.6548500061035156 
v -15.487524032592773 -9.794294357299805 -1.7548251152038574 
v -15.487524032592773 -9.794294357299805 -1.3797616958618164 
v -15.487524032592773 -10.003499984741211 -1.3797616958618164 
v -15.487524032592773 -10.003499984741211 -0.019727004691958427 
v -15.487524032592773 -9.794294357299805 -0.019727004691958427 
v -15.44231128692627 -9.794294357299805 0.1502932608127594 
v -14.200287818908691 -19.91777229309082 -1.134856104850769 
v -14.038718223571777 -20.031579971313477 -1.134856104850769 
v -14.200287818908691 -19.91777229309082 -1.066211223602295 
v -14.038718223571777 -20.031579971313477 -1.066211223602295 
v -13.849223136901855 -20.089738845825195 -1.134856104850769 
v -13.849223136901855 -20.089738845825195 -1.066211223602295 
v -13.651749610900879 -20.086811065673828 -1.134856104850769 
v -13.651749610900879 -20.086811065673828 -1.066211223602295 
v -13.464913368225098 -20.02279281616211 -1.134856104850769 
v -13.464913368225098 -20.02279281616211 -1.066211223602295 
v -13.306669235229492 -19.90396499633789 -1.134856104850769 
v -13.306669235229492 -19.90396499633789 -1.066211223602295 
v -13.192972183227539 -19.74245834350586 -1.134856104850769 
v -13.192972183227539 -19.74245834350586 -1.066211223602295 
v -13.134461402893066 -19.553754806518555 -1.134856104850769 
v -13.134461402893066 -19.553754806518555 -1.066211223602295 
v -13.137785911560059 -19.355844497680664 -1.134856104850769 
v -13.137785911560059 -19.355844497680664 -1.066211223602295 
v -13.201615333557129 -19.16881561279297 -1.134856104850769 
v -13.201615333557129 -19.16881561279297 -1.066211223602295 
v -13.319966316223145 -19.01065444946289 -1.134856104850769 
v -13.319966316223145 -19.01065444946289 -1.066211223602295 
v -13.481535911560059 -18.896846771240234 -1.134856104850769 
v -13.481535911560059 -18.896846771240234 -1.066211223602295 
v -13.67103099822998 -18.838687896728516 -1.134856104850769 
v -13.67103099822998 -18.838687896728516 -1.066211223602295 
v -13.868505477905273 -18.841617584228516 -1.134856104850769 
v -13.868505477905273 -18.841617584228516 -1.066211223602295 
v -14.055340766906738 -18.9056339263916 -1.134856104850769 
v -14.055340766906738 -18.9056339263916 -1.066211223602295 
v -14.21358585357666 -19.024044036865234 -1.134856104850769 
v -14.21358585357666 -19.024044036865234 -1.066211223602295 
v -14.327282905578613 -19.185970306396484 -1.134856104850769 
v -14.327282905578613 -19.185970306396484 -1.066211223602295 
v -14.385793685913086 -19.37467384338379 -1.134856104850769 
v -14.385793685913086 -19.37467384338379 -1.066211223602295 
v -14.382469177246094 -19.572582244873047 -1.134856104850769 
v -14.382469177246094 -19.572582244873047 -1.066211223602295 
v -14.318638801574707 -19.759613037109375 -1.134856104850769 
v -14.318638801574707 -19.759613037109375 -1.066211223602295 
v -14.200287818908691 -19.91777229309082 -1.134856104850769 
v -14.200287818908691 -19.91777229309082 -1.066211223602295 
v -1.4469367265701294 -19.637855529785156 -0.6845253109931946 
v -1.4469367265701294 -19.637855529785156 0.07540792971849442 
v -1.3957397937774658 -19.567562103271484 -0.6845253109931946 
v -1.3957397937774658 -19.56797981262207 0.07540792971849442 
v -1.3684791326522827 -19.485551834106445 -0.6845253109931946 
v -1.3684791326522827 -19.485551834106445 0.07540792971849442 
v -1.3678141832351685 -19.398523330688477 -0.6845253109931946 
v -1.3678141832351685 -19.398523330688477 0.07540792971849442 
v -1.3944100141525269 -19.315677642822266 -0.6845253109931946 
v -1.3944100141525269 -19.315677642822266 0.07540792971849442 
v -1.4449419975280762 -19.245384216308594 -0.6845253109931946 
v -1.4449419975280762 -19.245384216308594 0.07540792971849442 
v -1.5147559642791748 -19.193920135498047 -0.6845253109931946 
v -1.5147559642791748 -19.193920135498047 0.07540792971849442 
v -1.597203016281128 -19.166723251342773 -0.6845253109931946 
v -1.597203016281128 -19.166723251342773 0.07540792971849442 
v -1.6843042373657227 -19.166303634643555 -0.6845253109931946 
v -1.6843042373657227 -19.166303634643555 0.07540792971849442 
v -1.7667511701583862 -19.192665100097656 -0.6845253109931946 
v -1.7667511701583862 -19.192665100097656 0.07540792971849442 
v -1.8372300863265991 -19.2432918548584 -0.6845253109931946 
v -1.8372300863265991 -19.2432918548584 0.07540792971849442 
v -1.8884270191192627 -19.313167572021484 -0.6845253109931946 
v -1.8884270191192627 -19.313167572021484 0.07540792971849442 
v -1.9156876802444458 -19.395593643188477 -0.6845253109931946 
v -1.9156876802444458 -19.395593643188477 0.07540792971849442 
v -1.9163525104522705 -19.482624053955078 -0.6845253109931946 
v -1.9163525104522705 -19.482624053955078 0.07540792971849442 
v -1.8897567987442017 -19.56505012512207 -0.6845253109931946 
v -1.8897567987442017 -19.56505012512207 0.07540792971849442 
v -1.8392246961593628 -19.63576316833496 -0.6845253109931946 
v -1.8392246961593628 -19.63576316833496 0.07540792971849442 
v -1.7694107294082642 -19.687227249145508 -0.6845253109931946 
v -1.7694107294082642 -19.687227249145508 0.07540792971849442 
v -1.6869637966156006 -19.71442413330078 -0.6845253109931946 
v -1.6869637966156006 -19.71442413330078 0.07540792971849442 
v -1.6005274057388306 -19.714841842651367 -0.6845253109931946 
v -1.6005274057388306 -19.714841842651367 0.07540792971849442 
v -1.5174155235290527 -19.6884822845459 -0.6845253109931946 
v -1.5174155235290527 -19.6884822845459 0.07540792971849442 
v -1.4469367265701294 -19.637855529785156 -0.6845253109931946 
v -1.4469367265701294 -19.637855529785156 0.07540792971849442 
v -1.3851014375686646 -19.57341957092285 0.10380831360816956 
v -1.3565109968185425 -19.487226486206055 0.10380831360816956 
v -1.3565109968185425 -19.396848678588867 0.10380831360816956 
v -1.3837716579437256 -19.31065559387207 0.10380831360816956 
v -1.4362983703613281 -19.237016677856445 0.10380831360816956 
v -1.509436845779419 -19.18345832824707 0.10380831360816956 
v -1.5952082872390747 -19.155006408691406 0.10380831360816956 
v -1.6856340169906616 -19.15458869934082 0.10380831360816956 
v -1.772070288658142 -19.18220329284668 0.10380831360816956 
v -1.8458737134933472 -19.23492431640625 0.10380831360816956 
v -1.8990652561187744 -19.307727813720703 0.10380831360816956 
v -1.927655816078186 -19.3939208984375 0.10380831360816956 
v -1.9283206462860107 -19.484296798706055 0.10380831360816956 
v -1.9003950357437134 -19.57048988342285 0.10380831360816956 
v -1.8478683233261108 -19.64413070678711 0.10380831360816956 
v -1.7747299671173096 -19.69768714904785 0.10380831360816956 
v -1.6889585256576538 -19.726139068603516 0.10380831360816956 
v -1.598532795906067 -19.726558685302734 0.10380831360816956 
v -1.5120964050292969 -19.698942184448242 0.10380831360816956 
v -1.438957929611206 -19.646223068237305 0.10380831360816956 
v 1.7797987461090088 -16.810644149780273 -0.6846526861190796 
v 0.5982803106307983 -16.810644149780273 -0.6846526861190796 
v 1.7797987461090088 -16.89432716369629 -0.48826971650123596 
v 0.5982803106307983 -16.89432716369629 -0.48826971650123596 
v 1.7797987461090088 -17.034914016723633 -0.32754644751548767 
v 0.5982803106307983 -17.034914016723633 -0.32754644751548767 
v 1.7797987461090088 -17.218177795410156 -0.21789294481277466 
v 0.5982803106307983 -17.218177795410156 -0.21789294481277466 
v 1.7797987461090088 -17.426128387451172 -0.17038914561271667 
v 0.5982803106307983 -17.426128387451172 -0.17038914561271667 
v 1.7797987461090088 -17.638681411743164 -0.18949255347251892 
v 0.5982803106307983 -17.638681411743164 -0.18949255347251892 
v 1.7797987461090088 -17.835336685180664 -0.27342015504837036 
v 0.5982803106307983 -17.835336685180664 -0.27342015504837036 
v 1.7797987461090088 -17.99600601196289 -0.41389381885528564 
v 0.5982803106307983 -17.99600601196289 -0.41389381885528564 
v 1.7797987461090088 -18.10563087463379 -0.5971590876579285 
v 0.5982803106307983 -18.10563087463379 -0.5971590876579285 
v 1.7797987461090088 -18.152910232543945 -0.8052588105201721 
v 0.5982803106307983 -18.152910232543945 -0.8052588105201721 
v 1.7797987461090088 -18.134082794189453 -1.0179433822631836 
v 0.5982803106307983 -18.134082794189453 -1.0179433822631836 
v 1.7797987461090088 -18.04998207092285 -1.21432626247406 
v 0.5982803106307983 -18.04998207092285 -1.21432626247406 
v 1.7797987461090088 -17.909812927246094 -1.3750495910644531 
v 0.5982803106307983 -17.909812927246094 -1.3750495910644531 
v 1.7797987461090088 -17.72654914855957 -1.4845757484436035 
v 0.5982803106307983 -17.72654914855957 -1.4845757484436035 
v 1.7797987461090088 -17.518178939819336 -1.5322068929672241 
v 0.5982803106307983 -17.518178939819336 -1.5322068929672241 
v 1.7797987461090088 -17.305625915527344 -1.5131034851074219 
v 0.5982803106307983 -17.305625915527344 -1.5131034851074219 
v 1.7797987461090088 -17.109390258789062 -1.429175853729248 
v 0.5982803106307983 -17.109390258789062 -1.429175853729248 
v 1.7797987461090088 -16.94830322265625 -1.288702130317688 
v 0.5982803106307983 -16.94830322265625 -1.288702130317688 
v 0.5982803106307983 -16.810644149780273 -0.6846526861190796 
v 1.7797987461090088 -16.810644149780273 -0.6846526861190796 
v 0.5982803106307983 -16.791397094726562 -0.8973371982574463 
v 1.7797987461090088 -16.791397094726562 -0.8973371982574463 
v 0.5982803106307983 -13.15497875213623 -1.1857985258102417 
v 1.7797987461090088 -13.15497875213623 -1.1857985258102417 
v 0.5982803106307983 -13.213138580322266 -1.3872756958007812 
v 1.7797987461090088 -13.213138580322266 -1.3872756958007812 
v 0.5982803106307983 -13.300586700439453 -1.5763994455337524 
v 1.7797987461090088 -13.300586700439453 -1.5763994455337524 
v 0.5982803106307983 -16.791397094726562 -0.8973371982574463 
v 0.5982803106307983 -13.15497875213623 -1.1857985258102417 
v 0.5982803106307983 -16.839096069335938 -1.10543692111969 
v 0.5982803106307983 -13.213138580322266 -1.3872756958007812 
v 0.5982803106307983 -16.94830322265625 -1.288702130317688 
v 0.5982803106307983 -13.300586700439453 -1.5763994455337524 
v -0.4163494408130646 -16.1102237701416 -0.371611624956131 
v -0.4163494408130646 -18.80061149597168 -0.371611624956131 
v -0.4163494408130646 -16.1102237701416 -0.7000627517700195 
v -0.4163494408130646 -18.80061149597168 -0.7000627517700195 
v -0.4163494408130646 -18.80061149597168 -1.4001387357711792 
v -13.953611373901367 -19.66337776184082 -0.6845253109931946 
v -14.005473136901855 -19.593921661376953 -0.6845253109931946 
v -13.953611373901367 -19.66337776184082 0.07540792971849442 
v -14.005473136901855 -19.593921661376953 0.07540792971849442 
v -14.016111373901367 -19.599361419677734 0.10380831360816956 
v -14.045367240905762 -19.513586044311523 0.10380831360816956 
v -14.033398628234863 -19.511913299560547 -0.6845253109931946 
v -14.033398628234863 -19.511913299560547 0.07540792971849442 
v -14.046696662902832 -19.42321014404297 0.10380831360816956 
v -14.03472900390625 -19.424882888793945 -0.6845253109931946 
v -14.03472900390625 -19.424882888793945 0.07540792971849442 
v -14.020101547241211 -19.336597442626953 0.10380831360816956 
v -14.009462356567383 -19.342037200927734 -0.6845253109931946 
v -14.009462356567383 -19.342037200927734 0.07540792971849442 
v -13.967574119567871 -19.26253890991211 0.10380831360816956 
v -13.959595680236816 -19.270906448364258 -0.6845253109931946 
v -13.959595680236816 -19.270906448364258 0.07540792971849442 
v -13.895100593566895 -19.20856475830078 0.10380831360816956 
v -13.889781951904297 -19.219024658203125 -0.6845253109931946 
v -13.889781951904297 -19.219024658203125 0.07540792971849442 
v -13.8099946975708 -19.179275512695312 0.10380831360816956 
v -13.807999610900879 -19.190990447998047 -0.6845253109931946 
v -13.807999610900879 -19.190990447998047 0.07540792971849442 
v -13.718903541564941 -19.177600860595703 0.10380831360816956 
v -13.720898628234863 -19.18931770324707 -0.6845253109931946 
v -13.720898628234863 -19.18931770324707 0.07540792971849442 
v -13.632467269897461 -19.20438003540039 0.10380831360816956 
v -13.637786865234375 -19.21525764465332 -0.6845253109931946 
v -13.637786865234375 -19.21525764465332 0.07540792971849442 
v -13.558664321899414 -19.256681442260742 0.10380831360816956 
v -13.566642761230469 -19.26504898071289 -0.6845253109931946 
v -13.566642761230469 -19.26504898071289 0.07540792971849442 
v -13.504142761230469 -19.32906723022461 0.10380831360816956 
v -13.51478099822998 -19.334505081176758 -0.6845253109931946 
v -13.51478099822998 -19.334505081176758 0.07540792971849442 
v -13.474886894226074 -19.4144229888916 0.10380831360816956 
v -13.486855506896973 -19.416515350341797 -0.6845253109931946 
v -13.486855506896973 -19.416515350341797 0.07540792971849442 
v -13.473557472229004 -19.505218505859375 0.10380831360816956 
v -13.485525131225586 -19.503543853759766 -0.6845253109931946 
v -13.485525131225586 -19.503543853759766 0.07540792971849442 
v -13.500153541564941 -19.591411590576172 0.10380831360816956 
v -13.510791778564453 -19.586389541625977 -0.6845253109931946 
v -13.510791778564453 -19.586389541625977 0.07540792971849442 
v -13.552680015563965 -19.665470123291016 0.10380831360816956 
v -13.561323165893555 -19.657520294189453 -0.6845253109931946 
v -13.561323165893555 -19.657520294189453 0.07540792971849442 
v -13.625153541564941 -19.719863891601562 0.10380831360816956 
v -13.630473136901855 -19.70940399169922 -0.6845253109931946 
v -13.630473136901855 -19.70940399169922 0.07540792971849442 
v -13.710260391235352 -19.74915313720703 0.10380831360816956 
v -13.712919235229492 -19.737436294555664 -0.6845253109931946 
v -13.712919235229492 -19.737436294555664 0.07540792971849442 
v -13.801350593566895 -19.750408172607422 0.10380831360816956 
v -13.799356460571289 -19.738691329956055 -0.6845253109931946 
v -13.799356460571289 -19.738691329956055 0.07540792971849442 
v -13.887786865234375 -19.72404670715332 0.10380831360816956 
v -13.882468223571777 -19.71316909790039 -0.6845253109931946 
v -13.882468223571777 -19.71316909790039 0.07540792971849442 
v -13.961590766906738 -19.67174530029297 0.10380831360816956 
v -13.953611373901367 -19.66337776184082 -0.6845253109931946 
v -13.953611373901367 -19.66337776184082 0.07540792971849442 
v -14.235527038574219 -19.95375633239746 -2.125049114227295 
v -14.060659408569336 -20.07676887512207 -2.125049114227295 
v -14.235527038574219 -19.95375633239746 -1.134856104850769 
v -14.060659408569336 -20.07676887512207 -1.134856104850769 
v -13.856536865234375 -20.139530181884766 -2.125049114227295 
v -13.856536865234375 -20.139530181884766 -1.134856104850769 
v -13.643105506896973 -20.1366024017334 -2.125049114227295 
v -13.643105506896973 -20.1366024017334 -1.134856104850769 
v -13.440978050231934 -20.067564010620117 -2.125049114227295 
v -13.440978050231934 -20.067564010620117 -1.134856104850769 
v -13.270099639892578 -19.939529418945312 -2.125049114227295 
v -13.270099639892578 -19.939529418945312 -1.134856104850769 
v -13.147758483886719 -19.764633178710938 -2.125049114227295 
v -13.147758483886719 -19.764633178710938 -1.134856104850769 
v -13.084593772888184 -19.560867309570312 -2.125049114227295 
v -13.084593772888184 -19.560867309570312 -1.134856104850769 
v -13.087918281555176 -19.34705924987793 -2.125049114227295 
v -13.087918281555176 -19.34705924987793 -1.134856104850769 
v -13.15706729888916 -19.145383834838867 -2.125049114227295 
v -13.15706729888916 -19.145383834838867 -1.134856104850769 
v -13.284727096557617 -18.974252700805664 -2.125049114227295 
v -13.284727096557617 -18.974252700805664 -1.134856104850769 
v -13.4595947265625 -18.85165786743164 -2.125049114227295 
v -13.4595947265625 -18.85165786743164 -1.134856104850769 
v -13.663717269897461 -18.78847885131836 -2.125049114227295 
v -13.663717269897461 -18.78847885131836 -1.134856104850769 
v -13.877148628234863 -18.791826248168945 -2.125049114227295 
v -13.877148628234863 -18.791826248168945 -1.134856104850769 
v -14.079277038574219 -18.860862731933594 -2.125049114227295 
v -14.079277038574219 -18.860862731933594 -1.134856104850769 
v -14.250154495239258 -18.9888973236084 -2.125049114227295 
v -14.250154495239258 -18.9888973236084 -1.134856104850769 
v -14.372495651245117 -19.163375854492188 -2.125049114227295 
v -14.372495651245117 -19.163375854492188 -1.134856104850769 
v -14.435660362243652 -19.36756134033203 -2.125049114227295 
v -14.435660362243652 -19.36756134033203 -1.134856104850769 
v -14.43233585357666 -19.580949783325195 -2.125049114227295 
v -14.43233585357666 -19.580949783325195 -1.134856104850769 
v -14.363186836242676 -19.783042907714844 -2.125049114227295 
v -14.363186836242676 -19.783042907714844 -1.134856104850769 
v -14.235527038574219 -19.95375633239746 -2.125049114227295 
v -14.235527038574219 -19.95375633239746 -1.134856104850769 
v 0.97993004322052 -17.203115463256836 -0.7834809422492981 
v 1.7399049997329712 -17.203115463256836 -0.7834809422492981 
v 0.97993004322052 -17.237424850463867 -0.7037560939788818 
v 1.7399049997329712 -17.237424850463867 -0.7037560939788818 
v 0.97993004322052 -17.294328689575195 -0.6382951140403748 
v 1.7399049997329712 -17.294328689575195 -0.6382951140403748 
v 0.97993004322052 -17.368806838989258 -0.5938478708267212 
v 1.7399049997329712 -17.368806838989258 -0.5938478708267212 
v 0.97993004322052 -17.453325271606445 -0.5744897127151489 
v 1.7399049997329712 -17.453325271606445 -0.5744897127151489 
v 0.97993004322052 -17.539936065673828 -0.5822584629058838 
v 1.7399049997329712 -17.539936065673828 -0.5822584629058838 
v 0.97993004322052 -17.619853973388672 -0.6163898706436157 
v 1.7399049997329712 -17.619853973388672 -0.6163898706436157 
v 0.97993004322052 -17.68512535095215 -0.6734453439712524 
v 1.7399049997329712 -17.68512535095215 -0.6734453439712524 
v 0.97993004322052 -17.729896545410156 -0.7479485869407654 
v 1.7399049997329712 -17.729896545410156 -0.7479485869407654 
v 0.97993004322052 -17.749143600463867 -0.8325129747390747 
v 1.7399049997329712 -17.749143600463867 -0.8325129747390747 
v 0.97993004322052 -17.741193771362305 -0.9189876914024353 
v 1.7399049997329712 -17.741193771362305 -0.9189876914024353 
v 0.97993004322052 -17.70730209350586 -0.9988399147987366 
v 1.7399049997329712 -17.70730209350586 -0.9988399147987366 
v 0.97993004322052 -17.649978637695312 -1.0641735792160034 
v 1.7399049997329712 -17.649978637695312 -1.0641735792160034 
v 0.97993004322052 -17.575502395629883 -1.108748197555542 
v 1.7399049997329712 -17.575502395629883 -1.108748197555542 
v 0.97993004322052 -17.490982055664062 -1.1281062364578247 
v 1.7399049997329712 -17.490982055664062 -1.1281062364578247 
v 0.97993004322052 -17.40437126159668 -1.1203376054763794 
v 1.7399049997329712 -17.40437126159668 -1.1203376054763794 
v 0.97993004322052 -17.32445526123047 -1.0862061977386475 
v 1.7399049997329712 -17.32445526123047 -1.0862061977386475 
v 0.97993004322052 -17.25918197631836 -1.0291506052017212 
v 1.7399049997329712 -17.25918197631836 -1.0291506052017212 
v 0.97993004322052 -17.21483039855957 -0.954647421836853 
v 1.7399049997329712 -17.21483039855957 -0.954647421836853 
v 0.97993004322052 -17.19558334350586 -0.8699556589126587 
v 1.7399049997329712 -17.19558334350586 -0.8699556589126587 
v 0.97993004322052 -17.203115463256836 -0.7834809422492981 
v 1.7399049997329712 -17.203115463256836 -0.7834809422492981 
v 1.7684955596923828 -17.22738265991211 -0.6973882913589478 
v 1.7684955596923828 -17.28679847717285 -0.6292527914047241 
v 1.7684955596923828 -17.364622116088867 -0.582767903804779 
v 1.7684955596923828 -17.45290756225586 -0.5626456141471863 
v 1.7684955596923828 -17.542865753173828 -0.5707964301109314 
v 1.7684955596923828 -17.626129150390625 -0.6063287258148193 
v 1.7684955596923828 -17.6943302154541 -0.6658039689064026 
v 1.7684955596923828 -17.740774154663086 -0.7434911727905273 
v 1.7684955596923828 -17.7608585357666 -0.8317488431930542 
v 1.7684955596923828 -17.75290870666504 -0.9219169020652771 
v 1.7684955596923828 -17.717344284057617 -1.0052077770233154 
v 1.7684955596923828 -17.65751075744629 -1.0733431577682495 
v 1.7684955596923828 -17.58010482788086 -1.1198281049728394 
v 1.7684955596923828 -17.491819381713867 -1.1399503946304321 
v 1.7684955596923828 -17.401443481445312 -1.131799578666687 
v 1.7684955596923828 -17.318178176879883 -1.0962672233581543 
v 1.7684955596923828 -17.249977111816406 -1.036664605140686 
v 1.7684955596923828 -17.203533172607422 -0.9589775204658508 
v 1.7684955596923828 -17.18345069885254 -0.8708471655845642 
v 1.7684955596923828 -17.191818237304688 -0.7806791067123413 
v 1.7797987461090088 -13.15497875213623 -1.1857985258102417 
v 1.7797987461090088 -16.791397094726562 -0.8973371982574463 
v 1.7797987461090088 -13.213138580322266 -1.3872756958007812 
v 1.7797987461090088 -16.839096069335938 -1.10543692111969 
v 1.7797987461090088 -13.300586700439453 -1.5763994455337524 
v 1.7797987461090088 -16.94830322265625 -1.288702130317688 
v 1.7797987461090088 -17.177173614501953 -0.9696754217147827 
v 1.7797987461090088 -17.228219985961914 -1.0551313161849976 
v 1.7797987461090088 -17.109390258789062 -1.429175853729248 
v 1.7797987461090088 -17.303115844726562 -1.1204649209976196 
v 1.7797987461090088 -17.305625915527344 -1.5131034851074219 
v 1.7797987461090088 -17.39474868774414 -1.1595631837844849 
v 1.7797987461090088 -17.518178939819336 -1.5322068929672241 
v 1.7797987461090088 -17.493494033813477 -1.1684781312942505 
v 1.7797987461090088 -17.72654914855957 -1.4845757484436035 
v 1.7797987461090088 -17.590564727783203 -1.1463181972503662 
v 1.7797987461090088 -17.909812927246094 -1.3750495910644531 
v 1.7797987461090088 -17.675920486450195 -1.0952484607696533 
v 1.7797987461090088 -18.04998207092285 -1.21432626247406 
v 1.7797987461090088 -17.74161148071289 -1.0203630924224854 
v 1.7797987461090088 -18.134082794189453 -1.0179433822631836 
v 1.7797987461090088 -17.7805233001709 -0.9289214611053467 
v 1.7797987461090088 -18.152910232543945 -0.8052588105201721 
v 1.7797987461090088 -17.789310455322266 -0.8298385143280029 
v 1.7797987461090088 -18.10563087463379 -0.5971590876579285 
v 1.7797987461090088 -17.767133712768555 -0.7329205870628357 
v 1.7797987461090088 -17.99600601196289 -0.41389381885528564 
v 1.7797987461090088 -17.716089248657227 -0.6474647521972656 
v 1.7797987461090088 -17.835336685180664 -0.27342015504837036 
v 1.7797987461090088 -17.641193389892578 -0.5820037722587585 
v 1.7797987461090088 -17.638681411743164 -0.18949255347251892 
v 1.7797987461090088 -17.549978256225586 -0.5429054498672485 
v 1.7797987461090088 -17.426128387451172 -0.17038914561271667 
v 1.7797987461090088 -17.450815200805664 -0.5341178774833679 
v 1.7797987461090088 -17.218177795410156 -0.21789294481277466 
v 1.7797987461090088 -17.353744506835938 -0.5562778115272522 
v 1.7797987461090088 -17.034914016723633 -0.32754644751548767 
v 1.7797987461090088 -17.268386840820312 -0.6072202324867249 
v 1.7797987461090088 -16.89432716369629 -0.48826971650123596 
v 1.7797987461090088 -17.203115463256836 -0.682105541229248 
v 1.7797987461090088 -16.810644149780273 -0.6846526861190796 
v 1.7797987461090088 -17.16378402709961 -0.7736745476722717 
v 1.7797987461090088 -17.154998779296875 -0.8727574944496155 
v 1.7684955596923828 -17.203533172607422 -0.9589775204658508 
v 1.7684955596923828 -17.249977111816406 -1.036664605140686 
v 1.7684955596923828 -17.318178176879883 -1.0962672233581543 
v 1.7684955596923828 -17.401443481445312 -1.131799578666687 
v 1.7684955596923828 -17.491819381713867 -1.1399503946304321 
v 1.7684955596923828 -17.58010482788086 -1.1198281049728394 
v 1.7684955596923828 -17.65751075744629 -1.0733431577682495 
v 1.7684955596923828 -17.717344284057617 -1.0052077770233154 
v 1.7684955596923828 -17.75290870666504 -0.9219169020652771 
v 1.7684955596923828 -17.7608585357666 -0.8317488431930542 
v 1.7684955596923828 -17.740774154663086 -0.7434911727905273 
v 1.7684955596923828 -17.6943302154541 -0.6658039689064026 
v 1.7684955596923828 -17.626129150390625 -0.6063287258148193 
v 1.7684955596923828 -17.542865753173828 -0.5707964301109314 
v 1.7684955596923828 -17.45290756225586 -0.5626456141471863 
v 1.7684955596923828 -17.364622116088867 -0.582767903804779 
v 1.7684955596923828 -17.28679847717285 -0.6292527914047241 
v 1.7684955596923828 -17.22738265991211 -0.6973882913589478 
v 1.7684955596923828 -17.191818237304688 -0.7806791067123413 
v 1.7684955596923828 -17.18345069885254 -0.8708471655845642 
v -15.629146575927734 -23.370508193969727 0.11552506685256958 
v -15.425688743591309 -23.420717239379883 0.11552506685256958 
v -14.060659408569336 -20.07676887512207 0.11552506685256958 
v -13.856536865234375 -20.139530181884766 0.11552506685256958 
v -13.900420188903809 -19.749570846557617 0.11552506685256958 
v -13.805339813232422 -19.778860092163086 0.11552506685256958 
v -13.801350593566895 -19.750408172607422 0.10380831360816956 
v -13.710260391235352 -19.74915313720703 0.10380831360816956 
v -15.218241691589355 -23.439546585083008 0.11552506685256958 
v -13.643105506896973 -20.1366024017334 0.11552506685256958 
v -13.705605506896973 -19.777605056762695 0.11552506685256958 
v -13.625153541564941 -19.719863891601562 0.10380831360816956 
v -13.440978050231934 -20.067564010620117 0.11552506685256958 
v -13.611855506896973 -19.745386123657227 0.11552506685256958 
v -13.552680015563965 -19.665470123291016 0.10380831360816956 
v -13.270099639892578 -19.939529418945312 0.11552506685256958 
v -13.532068252563477 -19.68555450439453 0.11552506685256958 
v -13.500153541564941 -19.591411590576172 0.10380831360816956 
v -13.147758483886719 -19.764633178710938 0.11552506685256958 
v -13.474886894226074 -19.604381561279297 0.11552506685256958 
v -13.473557472229004 -19.505218505859375 0.10380831360816956 
v -13.084593772888184 -19.560867309570312 0.11552506685256958 
v -13.445631980895996 -19.508983612060547 0.11552506685256958 
v -13.474886894226074 -19.4144229888916 0.10380831360816956 
v -13.087918281555176 -19.34705924987793 0.11552506685256958 
v -13.446961402893066 -19.409820556640625 0.11552506685256958 
v -13.504142761230469 -19.32906723022461 0.10380831360816956 
v -13.15706729888916 -19.145383834838867 0.11552506685256958 
v -13.478877067565918 -19.315677642822266 0.11552506685256958 
v -13.558664321899414 -19.256681442260742 0.10380831360816956 
v -13.284727096557617 -18.974252700805664 0.11552506685256958 
v -13.538717269897461 -19.23617935180664 0.11552506685256958 
v -13.632467269897461 -19.20438003540039 0.10380831360816956 
v -13.4595947265625 -18.85165786743164 0.11552506685256958 
v -13.619833946228027 -19.178855895996094 0.11552506685256958 
v -13.718903541564941 -19.177600860595703 0.10380831360816956 
v -13.663717269897461 -18.78847885131836 0.11552506685256958 
v -13.714914321899414 -19.149568557739258 0.11552506685256958 
v -13.8099946975708 -19.179275512695312 0.10380831360816956 
v -13.877148628234863 -18.791826248168945 0.11552506685256958 
v -13.814648628234863 -19.15082359313965 0.11552506685256958 
v -13.895100593566895 -19.20856475830078 0.10380831360816956 
v -14.079277038574219 -18.860862731933594 0.11552506685256958 
v -13.909063339233398 -19.183040618896484 0.11552506685256958 
v -13.967574119567871 -19.26253890991211 0.10380831360816956 
v -14.250154495239258 -18.9888973236084 0.11552506685256958 
v -13.98818588256836 -19.242874145507812 0.11552506685256958 
v -14.020101547241211 -19.336597442626953 0.10380831360816956 
v -14.372495651245117 -19.163375854492188 0.11552506685256958 
v -14.045367240905762 -19.324045181274414 0.11552506685256958 
v -14.046696662902832 -19.42321014404297 0.10380831360816956 
v -14.435660362243652 -19.36756134033203 0.11552506685256958 
v -14.07462215423584 -19.419025421142578 0.11552506685256958 
v -14.045367240905762 -19.513586044311523 0.10380831360816956 
v -14.43233585357666 -19.580949783325195 0.11552506685256958 
v -14.07329273223877 -19.51860809326172 0.11552506685256958 
v -14.016111373901367 -19.599361419677734 0.10380831360816956 
v -14.363186836242676 -19.783042907714844 0.11552506685256958 
v -14.041378021240234 -19.612749099731445 0.11552506685256958 
v -13.961590766906738 -19.67174530029297 0.10380831360816956 
v -14.235527038574219 -19.95375633239746 0.11552506685256958 
v -13.981536865234375 -19.69224739074707 0.11552506685256958 
v -13.887786865234375 -19.72404670715332 0.10380831360816956 
v -14.060659408569336 -20.07676887512207 0.11552506685256958 
v -14.235527038574219 -19.95375633239746 0.11552506685256958 
v -14.060659408569336 -20.07676887512207 -1.066211223602295 
v -14.235527038574219 -19.95375633239746 -1.066211223602295 
v -15.933669090270996 -16.85959815979004 -0.6970062255859375 
v -15.933669090270996 -16.842025756835938 -0.893898606300354 
v -16.002153396606445 -16.85959815979004 -0.6970062255859375 
v -16.002153396606445 -16.842025756835938 -0.893898606300354 
v -15.933669090270996 -16.88595962524414 -1.0865882635116577 
v -16.002153396606445 -16.88595962524414 -1.0865882635116577 
v -15.933669090270996 -16.987215042114258 -1.2562264204025269 
v -16.002153396606445 -16.987215042114258 -1.2562264204025269 
v -15.933669090270996 -17.13616943359375 -1.3862569332122803 
v -16.002153396606445 -17.13616943359375 -1.3862569332122803 
v -15.933669090270996 -17.317760467529297 -1.4639440774917603 
v -16.002153396606445 -17.317760467529297 -1.4639440774917603 
v -15.933669090270996 -17.51483154296875 -1.4816465377807617 
v -16.002153396606445 -17.51483154296875 -1.4816465377807617 
v -15.933669090270996 -17.707719802856445 -1.4375813007354736 
v -16.002153396606445 -17.707719802856445 -1.4375813007354736 
v -15.933669090270996 -17.87717628479004 -1.3362059593200684 
v -16.002153396606445 -17.87717628479004 -1.3362059593200684 
v -15.933669090270996 -18.00730323791504 -1.1873267889022827 
v -16.002153396606445 -18.00730323791504 -1.1873267889022827 
v -15.933669090270996 -18.08470916748047 -1.0055898427963257 
v -16.002153396606445 -18.08470916748047 -1.0055898427963257 
v -15.933669090270996 -18.10270118713379 -0.8086974024772644 
v -16.002153396606445 -18.10270118713379 -0.8086974024772644 
v -15.933669090270996 -18.058767318725586 -0.6160078048706055 
v -16.002153396606445 -18.058767318725586 -0.6160078048706055 
v -15.933669090270996 -17.957094192504883 -0.44624224305152893 
v -16.002153396606445 -17.957094192504883 -0.44624224305152893 
v -15.933669090270996 -17.80813980102539 -0.3162117600440979 
v -16.002153396606445 -17.80813980102539 -0.3162117600440979 
v -15.933669090270996 -17.626548767089844 -0.23865196108818054 
v -16.002153396606445 -17.626548767089844 -0.23865196108818054 
v -15.933669090270996 -17.429475784301758 -0.22094948589801788 
v -16.002153396606445 -17.429475784301758 -0.22094948589801788 
v -15.933669090270996 -17.23700714111328 -0.2648873031139374 
v -16.002153396606445 -17.23700714111328 -0.2648873031139374 
v -15.933669090270996 -17.06713104248047 -0.36639004945755005 
v -16.002153396606445 -17.06713104248047 -0.36639004945755005 
v -15.933669090270996 -16.937423706054688 -0.5152692198753357 
v -16.002153396606445 -16.937423706054688 -0.5152692198753357 
v -15.933669090270996 -16.85959815979004 -0.6970062255859375 
v -16.002153396606445 -16.85959815979004 -0.6970062255859375 
v -15.459598541259766 -23.457538604736328 -1.228717565536499 
v -15.459598541259766 -23.457538604736328 1.5182240009307861 
v -15.5659818649292 -23.353771209716797 -1.228717565536499 
v -15.5659818649292 -23.353771209716797 1.5182240009307861 
v -15.617843627929688 -23.214021682739258 -1.228717565536499 
v -15.617843627929688 -23.214021682739258 1.5182240009307861 
v -15.603216171264648 -23.06590461730957 -1.228717565536499 
v -15.603216171264648 -23.06590461730957 1.5182240009307861 
v -15.52608871459961 -22.939125061035156 -1.228717565536499 
v -15.52608871459961 -22.939125061035156 1.5182240009307861 
v -15.401087760925293 -22.857954025268555 -1.228717565536499 
v -15.401087760925293 -22.857954025268555 1.5182240009307861 
v -15.253480911254883 -22.83912467956543 -1.228717565536499 
v -15.253480911254883 -22.83912467956543 1.5182240009307861 
v -15.112524032592773 -22.885986328125 -1.228717565536499 
v -15.112524032592773 -22.885986328125 1.5182240009307861 
v -15.005475997924805 -22.98975372314453 -1.228717565536499 
v -15.005475997924805 -22.98975372314453 1.5182240009307861 
v -14.954278945922852 -23.12908363342285 -1.228717565536499 
v -14.954278945922852 -23.12908363342285 1.5182240009307861 
v -14.96890640258789 -23.277202606201172 -1.228717565536499 
v -14.96890640258789 -23.277202606201172 1.5182240009307861 
v -15.04603385925293 -23.404399871826172 -1.228717565536499 
v -15.04603385925293 -23.404399871826172 1.5182240009307861 
v -15.171034812927246 -23.485570907592773 -1.228717565536499 
v -15.171034812927246 -23.485570907592773 1.5182240009307861 
v -15.31864070892334 -23.5044002532959 -1.228717565536499 
v -15.31864070892334 -23.5044002532959 1.5182240009307861 
v -15.459598541259766 -23.457538604736328 -1.228717565536499 
v -15.459598541259766 -23.457538604736328 1.5182240009307861 
v -14.942975044250488 -16.810644149780273 -0.6846526861190796 
v -14.942975044250488 -16.791397094726562 -0.8973371982574463 
v -15.933669090270996 -16.810644149780273 -0.6846526861190796 
v -15.933669090270996 -16.791397094726562 -0.8973371982574463 
v -14.942975044250488 -16.839096069335938 -1.10543692111969 
v -15.933669090270996 -16.839096069335938 -1.10543692111969 
v -14.942975044250488 -16.94830322265625 -1.288702130317688 
v -15.933669090270996 -16.94830322265625 -1.288702130317688 
v -14.942975044250488 -17.109390258789062 -1.429175853729248 
v -15.933669090270996 -17.109390258789062 -1.429175853729248 
v -14.942975044250488 -17.305625915527344 -1.5131034851074219 
v -15.933669090270996 -17.305625915527344 -1.5131034851074219 
v -14.942975044250488 -17.518178939819336 -1.5322068929672241 
v -15.933669090270996 -17.518178939819336 -1.5322068929672241 
v -14.942975044250488 -17.72654914855957 -1.4845757484436035 
v -15.933669090270996 -17.72654914855957 -1.4845757484436035 
v -14.942975044250488 -17.909812927246094 -1.3750495910644531 
v -15.933669090270996 -17.909812927246094 -1.3750495910644531 
v -14.942975044250488 -18.04998207092285 -1.21432626247406 
v -15.933669090270996 -18.04998207092285 -1.21432626247406 
v -14.942975044250488 -18.134082794189453 -1.0179433822631836 
v -15.933669090270996 -18.134082794189453 -1.0179433822631836 
v -14.942975044250488 -18.152910232543945 -0.8052588105201721 
v -15.933669090270996 -18.152910232543945 -0.8052588105201721 
v -14.942975044250488 -18.10563087463379 -0.5971590876579285 
v -15.933669090270996 -18.10563087463379 -0.5971590876579285 
v -14.942975044250488 -17.99600601196289 -0.41389381885528564 
v -15.933669090270996 -17.99600601196289 -0.41389381885528564 
v -14.942975044250488 -17.835336685180664 -0.27342015504837036 
v -15.933669090270996 -17.835336685180664 -0.27342015504837036 
v -14.942975044250488 -17.638681411743164 -0.18949255347251892 
v -15.933669090270996 -17.638681411743164 -0.18949255347251892 
v -14.942975044250488 -17.426128387451172 -0.17038914561271667 
v -15.933669090270996 -17.426128387451172 -0.17038914561271667 
v -14.942975044250488 -17.218177795410156 -0.21789294481277466 
v -15.933669090270996 -17.218177795410156 -0.21789294481277466 
v -14.942975044250488 -17.034914016723633 -0.32754644751548767 
v -15.933669090270996 -17.034914016723633 -0.32754644751548767 
v -14.942975044250488 -16.89432716369629 -0.48826971650123596 
v -15.933669090270996 -16.89432716369629 -0.48826971650123596 
v -14.942975044250488 -16.810644149780273 -0.6846526861190796 
v -15.933669090270996 -16.810644149780273 -0.6846526861190796 
v -17.183671951293945 -16.810644149780273 -0.6846526861190796 
v -17.183671951293945 -16.89432716369629 -0.48826971650123596 
v -16.002153396606445 -16.810644149780273 -0.6846526861190796 
v -16.002153396606445 -16.89432716369629 -0.48826971650123596 
v -17.183671951293945 -17.034914016723633 -0.32754644751548767 
v -16.002153396606445 -17.034914016723633 -0.32754644751548767 
v -17.183671951293945 -17.218177795410156 -0.21789294481277466 
v -16.002153396606445 -17.218177795410156 -0.21789294481277466 
v -17.183671951293945 -17.426128387451172 -0.17038914561271667 
v -16.002153396606445 -17.426128387451172 -0.17038914561271667 
v -17.183671951293945 -17.638681411743164 -0.18949255347251892 
v -16.002153396606445 -17.638681411743164 -0.18949255347251892 
v -17.183671951293945 -17.835336685180664 -0.27342015504837036 
v -16.002153396606445 -17.835336685180664 -0.27342015504837036 
v -17.183671951293945 -17.99600601196289 -0.41389381885528564 
v -16.002153396606445 -17.99600601196289 -0.41389381885528564 
v -17.183671951293945 -18.10563087463379 -0.5971590876579285 
v -16.002153396606445 -18.10563087463379 -0.5971590876579285 
v -17.183671951293945 -18.152910232543945 -0.8052588105201721 
v -16.002153396606445 -18.152910232543945 -0.8052588105201721 
v -17.183671951293945 -18.134082794189453 -1.0179433822631836 
v -16.002153396606445 -18.134082794189453 -1.0179433822631836 
v -17.183671951293945 -18.04998207092285 -1.21432626247406 
v -16.002153396606445 -18.04998207092285 -1.21432626247406 
v -17.183671951293945 -17.909812927246094 -1.3750495910644531 
v -16.002153396606445 -17.909812927246094 -1.3750495910644531 
v -17.183671951293945 -17.72654914855957 -1.4845757484436035 
v -16.002153396606445 -17.72654914855957 -1.4845757484436035 
v -17.183671951293945 -17.518178939819336 -1.5322068929672241 
v -16.002153396606445 -17.518178939819336 -1.5322068929672241 
v -17.183671951293945 -17.305625915527344 -1.5131034851074219 
v -16.002153396606445 -17.305625915527344 -1.5131034851074219 
v -17.183671951293945 -17.109390258789062 -1.429175853729248 
v -16.002153396606445 -17.109390258789062 -1.429175853729248 
v -17.183671951293945 -16.94830322265625 -1.288702130317688 
v -16.002153396606445 -16.94830322265625 -1.288702130317688 
v -17.183671951293945 -16.791397094726562 -0.8973371982574463 
v -17.183671951293945 -16.810644149780273 -0.6846526861190796 
v -16.002153396606445 -16.791397094726562 -0.8973371982574463 
v -16.002153396606445 -16.810644149780273 -0.6846526861190796 
v -16.002153396606445 -13.15497875213623 -1.1857985258102417 
v -16.002153396606445 -13.213138580322266 -1.3872756958007812 
v -17.183671951293945 -13.15497875213623 -1.1857985258102417 
v -17.183671951293945 -13.213138580322266 -1.3872756958007812 
v -16.002153396606445 -13.300586700439453 -1.5763994455337524 
v -17.183671951293945 -13.300586700439453 -1.5763994455337524 
v -13.643105506896973 -20.1366024017334 -1.066211223602295 
v -13.440978050231934 -20.067564010620117 -1.066211223602295 
v -13.643105506896973 -20.1366024017334 0.11552506685256958 
v -13.440978050231934 -20.067564010620117 0.11552506685256958 
v -13.270099639892578 -19.939529418945312 -1.066211223602295 
v -13.270099639892578 -19.939529418945312 0.11552506685256958 
v -13.147758483886719 -19.764633178710938 -1.066211223602295 
v -13.147758483886719 -19.764633178710938 0.11552506685256958 
v -13.084593772888184 -19.560867309570312 -1.066211223602295 
v -13.084593772888184 -19.560867309570312 0.11552506685256958 
v -13.087918281555176 -19.34705924987793 -1.066211223602295 
v -13.087918281555176 -19.34705924987793 0.11552506685256958 
v -13.15706729888916 -19.145383834838867 -1.066211223602295 
v -13.15706729888916 -19.145383834838867 0.11552506685256958 
v -13.284727096557617 -18.974252700805664 -1.066211223602295 
v -13.284727096557617 -18.974252700805664 0.11552506685256958 
v -13.4595947265625 -18.85165786743164 -1.066211223602295 
v -13.4595947265625 -18.85165786743164 0.11552506685256958 
v -13.663717269897461 -18.78847885131836 -1.066211223602295 
v -13.663717269897461 -18.78847885131836 0.11552506685256958 
v -13.877148628234863 -18.791826248168945 -1.066211223602295 
v -13.877148628234863 -18.791826248168945 0.11552506685256958 
v -14.079277038574219 -18.860862731933594 -1.066211223602295 
v -14.079277038574219 -18.860862731933594 0.11552506685256958 
v -14.250154495239258 -18.9888973236084 -1.066211223602295 
v -14.250154495239258 -18.9888973236084 0.11552506685256958 
v -14.372495651245117 -19.163375854492188 -1.066211223602295 
v -14.372495651245117 -19.163375854492188 0.11552506685256958 
v -14.435660362243652 -19.36756134033203 -1.066211223602295 
v -14.435660362243652 -19.36756134033203 0.11552506685256958 
v -14.43233585357666 -19.580949783325195 -1.066211223602295 
v -14.43233585357666 -19.580949783325195 0.11552506685256958 
v -14.363186836242676 -19.783042907714844 -1.066211223602295 
v -14.363186836242676 -19.783042907714844 0.11552506685256958 
v -14.235527038574219 -19.95375633239746 -1.066211223602295 
v -14.235527038574219 -19.95375633239746 0.11552506685256958 
v -16.002153396606445 -16.791397094726562 -0.8973371982574463 
v -16.002153396606445 -16.839096069335938 -1.10543692111969 
v -16.002153396606445 -13.15497875213623 -1.1857985258102417 
v -16.002153396606445 -13.213138580322266 -1.3872756958007812 
v -16.002153396606445 -16.94830322265625 -1.288702130317688 
v -16.002153396606445 -13.300586700439453 -1.5763994455337524 
v 0.08498138934373856 -10.003499984741211 -2.6548500061035156 
v -6.5154314041137695 -10.003499984741211 -2.6548500061035156 
v 0.08498138934373856 -9.794294357299805 -2.6548500061035156 
v -6.5154314041137695 -9.794294357299805 -2.6548500061035156 
v -8.887776374816895 -9.794294357299805 -2.6548500061035156 
v -8.887776374816895 -10.003499984741211 -2.6548500061035156 
v -15.487524032592773 -10.003499984741211 -2.6548500061035156 
v -15.218241691589355 -23.439546585083008 0.11552506685256958 
v -15.425688743591309 -23.420717239379883 0.11552506685256958 
v -15.218241691589355 -23.439546585083008 -1.066211223602295 
v -15.425688743591309 -23.420717239379883 -1.066211223602295 
v -15.629146575927734 -23.370508193969727 0.11552506685256958 
v -15.629146575927734 -23.370508193969727 -1.066211223602295 
v 0.2651679217815399 -23.328248977661133 0.11552506685256958 
v -1.33523428440094 -20.049989700317383 0.11552506685256958 
v 0.061710063368082047 -23.380550384521484 0.11552506685256958 
v -1.5386922359466553 -20.115262985229492 0.11552506685256958 
v -0.14507228136062622 -23.401470184326172 0.11552506685256958 
v -1.7527884244918823 -20.1140079498291 0.11552506685256958 
v -1.5938785076141357 -19.75459098815918 0.11552506685256958 
v -1.6936126947402954 -19.754173278808594 0.11552506685256958 
v -1.9549164772033691 -20.047061920166016 0.11552506685256958 
v -1.7880278825759888 -19.72321128845215 0.11552506685256958 
v -2.127124309539795 -19.92070198059082 0.11552506685256958 
v -1.8684800863265991 -19.664215087890625 0.11552506685256958 
v -2.252124547958374 -19.747060775756836 0.11552506685256958 
v -1.926326036453247 -19.58346176147461 0.11552506685256958 
v -2.316619396209717 -19.543712615966797 0.11552506685256958 
v -1.956246256828308 -19.488481521606445 0.11552506685256958 
v -2.3152894973754883 -19.330322265625 0.11552506685256958 
v -1.9555813074111938 -19.389318466186523 0.11552506685256958 
v -2.248800039291382 -19.127391815185547 0.11552506685256958 
v -1.9249961376190186 -19.294755935668945 0.11552506685256958 
v -2.122469902038574 -18.955425262451172 0.11552506685256958 
v -1.8658205270767212 -19.21442222595215 0.11552506685256958 
v -1.948932409286499 -18.830738067626953 0.11552506685256958 
v -1.7847033739089966 -19.15626335144043 0.11552506685256958 
v -1.7454745769500732 -18.765884399414062 0.11552506685256958 
v -1.6902883052825928 -19.126136779785156 0.11552506685256958 
v -1.532043218612671 -18.767139434814453 0.11552506685256958 
v -1.5905539989471436 -19.126554489135742 0.11552506685256958 
v -1.3292502164840698 -18.83408546447754 0.11552506685256958 
v -1.4961389303207397 -19.157936096191406 0.11552506685256958 
v -1.1570425033569336 -18.960445404052734 0.11552506685256958 
v -1.416351556777954 -19.21693229675293 0.11552506685256958 
v -1.0327070951461792 -19.13408660888672 0.11552506685256958 
v -1.3578407764434814 -19.297685623168945 0.11552506685256958 
v -0.9675474166870117 -19.337434768676758 0.11552506685256958 
v -1.3279204368591309 -19.39224624633789 0.11552506685256958 
v -0.9688771963119507 -19.550825119018555 0.11552506685256958 
v -1.3285853862762451 -19.49182891845703 0.11552506685256958 
v -1.0360316038131714 -19.75333595275879 0.11552506685256958 
v -1.3598353862762451 -19.586389541625977 0.11552506685256958 
v -1.1623616218566895 -19.925722122192383 0.11552506685256958 
v -1.4183461666107178 -19.66630744934082 0.11552506685256958 
v -1.499463438987732 -19.72446632385254 0.11552506685256958 
v -1.598532795906067 -19.726558685302734 0.10380831360816956 
v -1.6889585256576538 -19.726139068603516 0.10380831360816956 
v -1.7747299671173096 -19.69768714904785 0.10380831360816956 
v -1.8478683233261108 -19.64413070678711 0.10380831360816956 
v -1.9003950357437134 -19.57048988342285 0.10380831360816956 
v -1.9283206462860107 -19.484296798706055 0.10380831360816956 
v -1.927655816078186 -19.3939208984375 0.10380831360816956 
v -1.8990652561187744 -19.307727813720703 0.10380831360816956 
v -1.8458737134933472 -19.23492431640625 0.10380831360816956 
v -1.772070288658142 -19.18220329284668 0.10380831360816956 
v -1.6856340169906616 -19.15458869934082 0.10380831360816956 
v -1.5952082872390747 -19.155006408691406 0.10380831360816956 
v -1.509436845779419 -19.18345832824707 0.10380831360816956 
v -1.4362983703613281 -19.237016677856445 0.10380831360816956 
v -1.3837716579437256 -19.31065559387207 0.10380831360816956 
v -1.3565109968185425 -19.396848678588867 0.10380831360816956 
v -1.3565109968185425 -19.487226486206055 0.10380831360816956 
v -1.3851014375686646 -19.57341957092285 0.10380831360816956 
v -1.438957929611206 -19.646223068237305 0.10380831360816956 
v -1.5120964050292969 -19.698942184448242 0.10380831360816956 
v -17.183671951293945 -13.300586700439453 -1.5763994455337524 
v -16.002153396606445 -13.300586700439453 -1.5763994455337524 
v -17.183671951293945 -16.94830322265625 -1.288702130317688 
v -16.002153396606445 -16.94830322265625 -1.288702130317688 
v -13.087918281555176 -16.1102237701416 -0.7000627517700195 
v -13.087918281555176 -13.41983413696289 -0.7000627517700195 
v -11.804006576538086 -16.477170944213867 -0.7000627517700195 
v -11.804006576538086 -14.5198392868042 -0.7000627517700195 
v -3.5998666286468506 -14.5198392868042 -0.7000627517700195 
v -2.3159544467926025 -13.41983413696289 -0.7000627517700195 
v -3.5998666286468506 -16.477170944213867 -0.7000627517700195 
v -2.3159544467926025 -16.1102237701416 -0.7000627517700195 
v 1.7797987461090088 -13.300586700439453 -1.5763994455337524 
v 1.7797987461090088 -16.94830322265625 -1.288702130317688 
v 0.5982803106307983 -13.300586700439453 -1.5763994455337524 
v 0.5982803106307983 -16.94830322265625 -1.288702130317688 
v -14.987523078918457 -18.80061149597168 -1.4001387357711792 
v -14.987523078918457 -18.80061149597168 -0.7000627517700195 
v -14.987523078918457 -16.1102237701416 -1.4001387357711792 
v -14.987523078918457 -16.1102237701416 -0.7000627517700195 
v -14.987523078918457 -16.1102237701416 -0.371611624956131 
v -14.987523078918457 -18.80061149597168 -0.371611624956131 
v -1.33523428440094 -20.049989700317383 -1.066211223602295 
v 0.2651679217815399 -23.328248977661133 -1.066211223602295 
v -1.5386922359466553 -20.115262985229492 -1.066211223602295 
v 0.061710063368082047 -23.380550384521484 -1.066211223602295 
v -1.7527884244918823 -20.1140079498291 -1.066211223602295 
v -0.14507228136062622 -23.401470184326172 -1.066211223602295 
v -13.643105506896973 -20.1366024017334 -1.066211223602295 
v -13.643105506896973 -20.1366024017334 0.11552506685256958 
v -15.218241691589355 -23.439546585083008 -1.066211223602295 
v -15.218241691589355 -23.439546585083008 0.11552506685256958 
v -15.629146575927734 -23.370508193969727 -1.066211223602295 
v -15.629146575927734 -23.370508193969727 0.11552506685256958 
v -14.060659408569336 -20.07676887512207 -1.066211223602295 
v -14.060659408569336 -20.07676887512207 0.11552506685256958 
v -15.839919090270996 -13.1641845703125 -1.3761957883834839 
v -18.586599349975586 -13.1641845703125 -1.3761957883834839 
v -15.839919090270996 -13.200586318969727 -1.2319014072418213 
v -18.586599349975586 -13.200586318969727 -1.2319014072418213 
v -15.839919090270996 -13.295984268188477 -1.117663025856018 
v -18.586599349975586 -13.295984268188477 -1.117663025856018 
v -15.839919090270996 -13.431549072265625 -1.0561500787734985 
v -18.586599349975586 -13.431549072265625 -1.0561500787734985 
v -15.839919090270996 -13.580085754394531 -1.0594613552093506 
v -18.586599349975586 -13.580085754394531 -1.0594613552093506 
v -15.839919090270996 -13.712722778320312 -1.126960039138794 
v -18.586599349975586 -13.712722778320312 -1.126960039138794 
v -15.839919090270996 -13.802680969238281 -1.2452738285064697 
v -18.586599349975586 -13.802680969238281 -1.2452738285064697 
v -15.839919090270996 -13.832806587219238 -1.3910963535308838 
v -18.586599349975586 -13.832806587219238 -1.3910963535308838 
v -15.839919090270996 -13.796404838562012 -1.5353907346725464 
v -18.586599349975586 -13.796404838562012 -1.5353907346725464 
v -15.839919090270996 -13.701006889343262 -1.6495016813278198 
v -18.586599349975586 -13.701006889343262 -1.6495016813278198 
v -15.839919090270996 -13.565441131591797 -1.7111420631408691 
v -18.586599349975586 -13.565441131591797 -1.7111420631408691 
v -15.839919090270996 -13.416905403137207 -1.707830786705017 
v -18.586599349975586 -13.416905403137207 -1.707830786705017 
v -15.839919090270996 -13.284268379211426 -1.6402047872543335 
v -18.586599349975586 -13.284268379211426 -1.6402047872543335 
v -15.839919090270996 -13.194310188293457 -1.5218909978866577 
v -18.586599349975586 -13.194310188293457 -1.5218909978866577 
v -15.839919090270996 -13.1641845703125 -1.3761957883834839 
v -18.586599349975586 -13.1641845703125 -1.3761957883834839 
v -13.087918281555176 -18.80061149597168 -0.7000627517700195 
v -13.087918281555176 -21.49100112915039 -0.7000627517700195 
v -13.087918281555176 -18.80061149597168 -0.371611624956131 
v -13.087918281555176 -21.49100112915039 -0.371611624956131 
v -3.5998666286468506 -16.477170944213867 -0.371611624956131 
v -3.5998666286468506 -14.5198392868042 -0.371611624956131 
v -3.5998666286468506 -16.477170944213867 -0.7000627517700195 
v -3.5998666286468506 -14.5198392868042 -0.7000627517700195 
v -8.887776374816895 -21.48137855529785 -1.3797616958618164 
v -8.887776374816895 -21.48137855529785 -1.7548251152038574 
v -6.5154314041137695 -21.48137855529785 -1.3797616958618164 
v -6.5154314041137695 -21.48137855529785 -1.7548251152038574 
v -2.3159544467926025 -18.80061149597168 -0.7000627517700195 
v -2.3159544467926025 -18.80061149597168 -0.371611624956131 
v -2.3159544467926025 -21.49100112915039 -0.7000627517700195 
v -2.3159544467926025 -21.49100112915039 -0.371611624956131 
v -3.5998666286468506 -14.5198392868042 -0.7000627517700195 
v -3.5998666286468506 -14.5198392868042 -0.371611624956131 
v -11.804006576538086 -14.5198392868042 -0.7000627517700195 
v -11.804006576538086 -14.5198392868042 -0.371611624956131 
v 0.4533332288265228 -13.1641845703125 -1.3761957883834839 
v 3.200014352798462 -13.1641845703125 -1.3761957883834839 
v 0.4533332288265228 -13.194310188293457 -1.5218909978866577 
v 3.200014352798462 -13.194310188293457 -1.5218909978866577 
v 0.4533332288265228 -13.284268379211426 -1.6402047872543335 
v 3.200014352798462 -13.284268379211426 -1.6402047872543335 
v 0.4533332288265228 -13.416905403137207 -1.707830786705017 
v 3.200014352798462 -13.416905403137207 -1.707830786705017 
v 0.4533332288265228 -13.565441131591797 -1.7111420631408691 
v 3.200014352798462 -13.565441131591797 -1.7111420631408691 
v 0.4533332288265228 -13.701006889343262 -1.6495016813278198 
v 3.200014352798462 -13.701006889343262 -1.6495016813278198 
v 0.4533332288265228 -13.796404838562012 -1.5353907346725464 
v 3.200014352798462 -13.796404838562012 -1.5353907346725464 
v 0.4533332288265228 -13.832806587219238 -1.3910963535308838 
v 3.200014352798462 -13.832806587219238 -1.3910963535308838 
v 0.4533332288265228 -13.802680969238281 -1.2452738285064697 
v 3.200014352798462 -13.802680969238281 -1.2452738285064697 
v 0.4533332288265228 -13.712722778320312 -1.126960039138794 
v 3.200014352798462 -13.712722778320312 -1.126960039138794 
v 0.4533332288265228 -13.580085754394531 -1.0594613552093506 
v 3.200014352798462 -13.580085754394531 -1.0594613552093506 
v 0.4533332288265228 -13.431549072265625 -1.0561500787734985 
v 3.200014352798462 -13.431549072265625 -1.0561500787734985 
v 0.4533332288265228 -13.295984268188477 -1.117663025856018 
v 3.200014352798462 -13.295984268188477 -1.117663025856018 
v 0.4533332288265228 -13.200586318969727 -1.2319014072418213 
v 3.200014352798462 -13.200586318969727 -1.2319014072418213 
v 0.4533332288265228 -13.1641845703125 -1.3761957883834839 
v 3.200014352798462 -13.1641845703125 -1.3761957883834839 
v 0.09628460556268692 -23.41695213317871 1.5182240009307861 
v -0.04400824010372162 -23.465068817138672 1.5182240009307861 
v 0.09628460556268692 -23.41695213317871 -1.228717565536499 
v -0.04400824010372162 -23.465068817138672 -1.228717565536499 
v -0.19227983057498932 -23.447914123535156 1.5182240009307861 
v -0.19227983057498932 -23.447914123535156 -1.228717565536499 
v -0.3179449737071991 -23.367998123168945 1.5182240009307861 
v -0.3179449737071991 -23.367998123168945 -1.228717565536499 
v -0.39640259742736816 -23.24163818359375 1.5182240009307861 
v -0.39640259742736816 -23.24163818359375 -1.228717565536499 
v -0.4116951823234558 -23.09351921081543 1.5182240009307861 
v -0.4116951823234558 -23.09351921081543 -1.228717565536499 
v -0.3618280589580536 -22.953351974487305 1.5182240009307861 
v -0.3618280589580536 -22.953351974487305 -1.228717565536499 
v -0.25610974431037903 -22.8487491607666 1.5182240009307861 
v -0.25610974431037903 -22.8487491607666 -1.228717565536499 
v -0.11581689864397049 -22.800630569458008 1.5182240009307861 
v -0.11581689864397049 -22.800630569458008 -1.228717565536499 
v 0.03178979083895683 -22.817785263061523 1.5182240009307861 
v 0.03178979083895683 -22.817785263061523 -1.228717565536499 
v 0.1574549376964569 -22.897703170776367 1.5182240009307861 
v 0.1574549376964569 -22.897703170776367 -1.228717565536499 
v 0.23591256141662598 -23.024063110351562 1.5182240009307861 
v 0.23591256141662598 -23.024063110351562 -1.228717565536499 
v 0.2518700361251831 -23.17218017578125 1.5182240009307861 
v 0.2518700361251831 -23.17218017578125 -1.228717565536499 
v 0.20200291275978088 -23.312349319458008 1.5182240009307861 
v 0.20200291275978088 -23.312349319458008 -1.228717565536499 
v 0.09628460556268692 -23.41695213317871 1.5182240009307861 
v 0.09628460556268692 -23.41695213317871 -1.228717565536499 
v -13.087918281555176 -13.41983413696289 -0.7000627517700195 
v -13.087918281555176 -13.41983413696289 -0.371611624956131 
v -2.3159544467926025 -13.41983413696289 -0.7000627517700195 
v -2.3159544467926025 -13.41983413696289 -0.371611624956131 
v -2.3159544467926025 -16.1102237701416 -0.7000627517700195 
v -2.3159544467926025 -13.41983413696289 -0.7000627517700195 
v -2.3159544467926025 -16.1102237701416 -0.371611624956131 
v -2.3159544467926025 -13.41983413696289 -0.371611624956131 
v -2.3159544467926025 -21.49100112915039 -0.7000627517700195 
v -2.3159544467926025 -21.49100112915039 -0.371611624956131 
v -13.087918281555176 -21.49100112915039 -0.7000627517700195 
v -13.087918281555176 -21.49100112915039 -0.371611624956131 
v -6.5154314041137695 -21.48137855529785 -1.3797616958618164 
v -6.5154314041137695 -16.480518341064453 -1.3797616958618164 
v -8.887776374816895 -21.48137855529785 -1.3797616958618164 
v -8.887776374816895 -16.480518341064453 -1.3797616958618164 
v -6.5154314041137695 -10.003499984741211 -1.3797616958618164 
v -8.887776374816895 -10.003499984741211 -1.3797616958618164 
v -11.804006576538086 -20.3909969329834 -0.7000627517700195 
v -11.804006576538086 -18.434083938598633 -0.7000627517700195 
v -11.804006576538086 -20.3909969329834 -0.371611624956131 
v -11.804006576538086 -18.434083938598633 -0.371611624956131 
v -1.197601079940796 -19.889738082885742 -1.066211223602295 
v -1.197601079940796 -19.889738082885742 -1.134856104850769 
v -1.0805795192718506 -19.730323791503906 -1.066211223602295 
v -1.0805795192718506 -19.730323791503906 -1.134856104850769 
v -1.0187443494796753 -19.542457580566406 -1.066211223602295 
v -1.0187443494796753 -19.542457580566406 -1.134856104850769 
v -1.0174145698547363 -19.344966888427734 -1.066211223602295 
v -1.0174145698547363 -19.344966888427734 -1.134856104850769 
v -1.0779199600219727 -19.156681060791016 -1.066211223602295 
v -1.0779199600219727 -19.156681060791016 -1.134856104850769 
v -1.1929467916488647 -18.996009826660156 -1.066211223602295 
v -1.1929467916488647 -18.996009826660156 -1.134856104850769 
v -1.3525216579437256 -18.879274368286133 -1.066211223602295 
v -1.3525216579437256 -18.879274368286133 -1.134856104850769 
v -1.5400220155715942 -18.816930770874023 -1.066211223602295 
v -1.5400220155715942 -18.816930770874023 -1.134856104850769 
v -1.73749577999115 -18.81609344482422 -1.066211223602295 
v -1.73749577999115 -18.81609344482422 -1.134856104850769 
v -1.926326036453247 -18.875926971435547 -1.066211223602295 
v -1.926326036453247 -18.875926971435547 -1.134856104850769 
v -2.0865657329559326 -18.99140739440918 -1.066211223602295 
v -2.0865657329559326 -18.99140739440918 -1.134856104850769 
v -2.203587293624878 -19.15082359313965 -1.066211223602295 
v -2.203587293624878 -19.15082359313965 -1.134856104850769 
v -2.2654223442077637 -19.338272094726562 -1.066211223602295 
v -2.2654223442077637 -19.338272094726562 -1.134856104850769 
v -2.266752243041992 -19.53618049621582 -1.066211223602295 
v -2.266752243041992 -19.53618049621582 -1.134856104850769 
v -2.206911563873291 -19.72446632385254 -1.066211223602295 
v -2.206911563873291 -19.72446632385254 -1.134856104850769 
v -2.091219902038574 -19.88471794128418 -1.066211223602295 
v -2.091219902038574 -19.88471794128418 -1.134856104850769 
v -1.931645154953003 -20.001873016357422 -1.066211223602295 
v -1.931645154953003 -20.001873016357422 -1.134856104850769 
v -1.7441447973251343 -20.06421661376953 -1.066211223602295 
v -1.7441447973251343 -20.06421661376953 -1.134856104850769 
v -1.546670913696289 -20.065053939819336 -1.066211223602295 
v -1.546670913696289 -20.065053939819336 -1.134856104850769 
v -1.3585056066513062 -20.004802703857422 -1.066211223602295 
v -1.3585056066513062 -20.004802703857422 -1.134856104850769 
v -1.197601079940796 -19.889738082885742 -1.066211223602295 
v -1.197601079940796 -19.889738082885742 -1.134856104850769 
v -8.887776374816895 -21.48137855529785 -1.7548251152038574 
v -8.887776374816895 -16.480518341064453 -1.7548251152038574 
v -6.5154314041137695 -21.48137855529785 -1.7548251152038574 
v -6.5154314041137695 -16.480518341064453 -1.7548251152038574 
v -8.887776374816895 -10.003499984741211 -1.7548251152038574 
v -6.5154314041137695 -10.003499984741211 -1.7548251152038574 
v -17.183671951293945 -13.15497875213623 -1.1857985258102417 
v -17.183671951293945 -13.213138580322266 -1.3872756958007812 
v -17.183671951293945 -16.791397094726562 -0.8973371982574463 
v -17.183671951293945 -16.839096069335938 -1.10543692111969 
v -17.183671951293945 -17.154998779296875 -0.8727574944496155 
v -17.183671951293945 -17.177173614501953 -0.9696754217147827 
v -17.1723690032959 -17.203533172607422 -0.9589775204658508 
v -17.1723690032959 -17.249977111816406 -1.036664605140686 
v -17.183671951293945 -13.300586700439453 -1.5763994455337524 
v -17.183671951293945 -16.94830322265625 -1.288702130317688 
v -17.183671951293945 -17.228219985961914 -1.0551313161849976 
v -17.1723690032959 -17.318178176879883 -1.0962672233581543 
v -17.183671951293945 -17.109390258789062 -1.429175853729248 
v -17.183671951293945 -17.303115844726562 -1.1204649209976196 
v -17.1723690032959 -17.401443481445312 -1.131799578666687 
v -17.183671951293945 -17.305625915527344 -1.5131034851074219 
v -17.183671951293945 -17.39474868774414 -1.1595631837844849 
v -17.1723690032959 -17.491819381713867 -1.1399503946304321 
v -17.183671951293945 -17.518178939819336 -1.5322068929672241 
v -17.183671951293945 -17.493494033813477 -1.1684781312942505 
v -17.1723690032959 -17.58010482788086 -1.1198281049728394 
v -17.183671951293945 -17.72654914855957 -1.4845757484436035 
v -17.183671951293945 -17.590564727783203 -1.1463181972503662 
v -17.1723690032959 -17.65751075744629 -1.0733431577682495 
v -17.183671951293945 -17.909812927246094 -1.3750495910644531 
v -17.183671951293945 -17.675920486450195 -1.0952484607696533 
v -17.1723690032959 -17.717344284057617 -1.0052077770233154 
v -17.183671951293945 -18.04998207092285 -1.21432626247406 
v -17.183671951293945 -17.74161148071289 -1.0203630924224854 
v -17.1723690032959 -17.75290870666504 -0.9219169020652771 
v -17.183671951293945 -18.134082794189453 -1.0179433822631836 
v -17.183671951293945 -17.7805233001709 -0.9289214611053467 
v -17.1723690032959 -17.7608585357666 -0.8317488431930542 
v -17.183671951293945 -18.152910232543945 -0.8052588105201721 
v -17.183671951293945 -17.789310455322266 -0.8298385143280029 
v -17.1723690032959 -17.740774154663086 -0.7434911727905273 
v -17.183671951293945 -18.10563087463379 -0.5971590876579285 
v -17.183671951293945 -17.767133712768555 -0.7329205870628357 
v -17.1723690032959 -17.6943302154541 -0.6658039689064026 
v -17.183671951293945 -17.99600601196289 -0.41389381885528564 
v -17.183671951293945 -17.716089248657227 -0.6474647521972656 
v -17.1723690032959 -17.626129150390625 -0.6063287258148193 
v -17.183671951293945 -17.835336685180664 -0.27342015504837036 
v -17.183671951293945 -17.641193389892578 -0.5820037722587585 
v -17.1723690032959 -17.542865753173828 -0.5707964301109314 
v -17.183671951293945 -17.638681411743164 -0.18949255347251892 
v -17.183671951293945 -17.549978256225586 -0.5429054498672485 
v -17.1723690032959 -17.45290756225586 -0.5626456141471863 
v -17.183671951293945 -17.426128387451172 -0.17038914561271667 
v -17.183671951293945 -17.450815200805664 -0.5341178774833679 
v -17.1723690032959 -17.364622116088867 -0.582767903804779 
v -17.183671951293945 -17.218177795410156 -0.21789294481277466 
v -17.183671951293945 -17.353744506835938 -0.5562778115272522 
v -17.1723690032959 -17.28679847717285 -0.6292527914047241 
v -17.183671951293945 -17.034914016723633 -0.32754644751548767 
v -17.183671951293945 -17.268386840820312 -0.6072202324867249 
v -17.1723690032959 -17.22738265991211 -0.6973882913589478 
v -17.183671951293945 -16.89432716369629 -0.48826971650123596 
v -17.183671951293945 -17.203115463256836 -0.682105541229248 
v -17.1723690032959 -17.191818237304688 -0.7806791067123413 
v -17.183671951293945 -16.810644149780273 -0.6846526861190796 
v -17.183671951293945 -17.16378402709961 -0.7736745476722717 
v -17.1723690032959 -17.18345069885254 -0.8708471655845642 
v -6.5154314041137695 -10.003499984741211 -1.3797616958618164 
v -6.5154314041137695 -16.480518341064453 -1.3797616958618164 
v -6.5154314041137695 -10.003499984741211 -1.7548251152038574 
v -6.5154314041137695 -16.480518341064453 -1.7548251152038574 
v -6.5154314041137695 -21.48137855529785 -1.7548251152038574 
v -6.5154314041137695 -21.48137855529785 -1.3797616958618164 
v -8.887776374816895 -21.48137855529785 -1.7548251152038574 
v -8.887776374816895 -21.48137855529785 -1.3797616958618164 
v -8.887776374816895 -16.480518341064453 -1.7548251152038574 
v -8.887776374816895 -16.480518341064453 -1.3797616958618164 
v -8.887776374816895 -10.003499984741211 -1.3797616958618164 
v -1.7527884244918823 -20.1140079498291 -1.066211223602295 
v -0.14507228136062622 -23.401470184326172 -1.066211223602295 
v -1.7527884244918823 -20.1140079498291 0.11552506685256958 
v -0.14507228136062622 -23.401470184326172 0.11552506685256958 
v 1.7797987461090088 -16.791397094726562 -0.8973371982574463 
v 1.7797987461090088 -13.15497875213623 -1.1857985258102417 
v 0.5982803106307983 -16.791397094726562 -0.8973371982574463 
v 0.5982803106307983 -13.15497875213623 -1.1857985258102417 
v -11.804006576538086 -16.477170944213867 -0.371611624956131 
v -7.701603889465332 -16.477170944213867 -0.371611624956131 
v -11.804006576538086 -16.477170944213867 -0.7000627517700195 
v -7.701603889465332 -16.477170944213867 -0.7000627517700195 
v -7.701603889465332 -16.477170944213867 -1.4001387357711792 
v -3.5998666286468506 -16.477170944213867 -1.4001387357711792 
v -3.5998666286468506 -16.477170944213867 -0.371611624956131 
v -3.5998666286468506 -16.477170944213867 -0.7000627517700195 
v -2.3159544467926025 -16.1102237701416 -1.4001387357711792 
v -11.804006576538086 -16.477170944213867 -1.4001387357711792 
v -13.087918281555176 -16.1102237701416 -0.7000627517700195 
v -14.987523078918457 -18.80061149597168 -0.371611624956131 
v -13.087918281555176 -18.80061149597168 -0.371611624956131 
v -14.987523078918457 -16.1102237701416 -0.371611624956131 
v -13.087918281555176 -16.1102237701416 -0.371611624956131 
v -2.3159544467926025 -18.80061149597168 -0.371611624956131 
v -0.4163494408130646 -18.80061149597168 -0.371611624956131 
v -2.3159544467926025 -16.1102237701416 -0.371611624956131 
v -0.4163494408130646 -16.1102237701416 -0.371611624956131 
v -2.3159544467926025 -18.80061149597168 -0.7000627517700195 
v -2.3159544467926025 -21.49100112915039 -0.7000627517700195 
v -3.5998666286468506 -18.434083938598633 -0.7000627517700195 
v -3.5998666286468506 -20.3909969329834 -0.7000627517700195 
v -11.804006576538086 -20.3909969329834 -0.7000627517700195 
v -13.087918281555176 -21.49100112915039 -0.7000627517700195 
v -11.804006576538086 -18.434083938598633 -0.7000627517700195 
v -13.087918281555176 -18.80061149597168 -0.7000627517700195 
v -13.087918281555176 -18.80061149597168 -1.4001387357711792 
v -14.987523078918457 -18.80061149597168 -1.4001387357711792 
v -13.087918281555176 -16.1102237701416 -1.4001387357711792 
v -14.987523078918457 -16.1102237701416 -1.4001387357711792 
v -2.3159544467926025 -16.1102237701416 -1.4001387357711792 
v -2.3159544467926025 -18.80061149597168 -1.4001387357711792 
v -3.5998666286468506 -16.477170944213867 -1.4001387357711792 
v -3.5998666286468506 -18.434083938598633 -1.4001387357711792 
v -7.701603889465332 -18.434083938598633 -1.4001387357711792 
v -7.701603889465332 -16.477170944213867 -1.4001387357711792 
v -11.804006576538086 -18.434083938598633 -1.4001387357711792 
v -11.804006576538086 -16.477170944213867 -1.4001387357711792 
v -13.087918281555176 -16.1102237701416 -1.4001387357711792 
v -13.087918281555176 -16.1102237701416 -1.4001387357711792 
v -14.987523078918457 -16.1102237701416 -1.4001387357711792 
v -13.087918281555176 -16.1102237701416 -0.7000627517700195 
v -14.987523078918457 -16.1102237701416 -0.7000627517700195 
v -13.087918281555176 -16.1102237701416 -0.371611624956131 
v -14.987523078918457 -16.1102237701416 -0.371611624956131 
v -0.4163494408130646 -18.80061149597168 -1.4001387357711792 
v -2.3159544467926025 -18.80061149597168 -1.4001387357711792 
v -0.4163494408130646 -16.1102237701416 -1.4001387357711792 
v -2.3159544467926025 -16.1102237701416 -1.4001387357711792 
v -17.1723690032959 -17.191818237304688 -0.7806791067123413 
v -17.14377784729004 -17.203115463256836 -0.7834809422492981 
v -17.1723690032959 -17.22738265991211 -0.6973882913589478 
v -17.14377784729004 -17.237424850463867 -0.7037560939788818 
v -17.1723690032959 -17.28679847717285 -0.6292527914047241 
v -17.14377784729004 -17.294328689575195 -0.6382951140403748 
v -17.1723690032959 -17.364622116088867 -0.582767903804779 
v -17.14377784729004 -17.368806838989258 -0.5938478708267212 
v -17.1723690032959 -17.45290756225586 -0.5626456141471863 
v -17.14377784729004 -17.453325271606445 -0.5744897127151489 
v -17.1723690032959 -17.542865753173828 -0.5707964301109314 
v -17.14377784729004 -17.539936065673828 -0.5822584629058838 
v -17.1723690032959 -17.626129150390625 -0.6063287258148193 
v -17.14377784729004 -17.619853973388672 -0.6163898706436157 
v -17.1723690032959 -17.6943302154541 -0.6658039689064026 
v -17.14377784729004 -17.68512535095215 -0.6734453439712524 
v -17.1723690032959 -17.740774154663086 -0.7434911727905273 
v -17.14377784729004 -17.729896545410156 -0.7479485869407654 
v -17.1723690032959 -17.7608585357666 -0.8317488431930542 
v -17.14377784729004 -17.749143600463867 -0.8325129747390747 
v -17.1723690032959 -17.75290870666504 -0.9219169020652771 
v -17.14377784729004 -17.741193771362305 -0.9189876914024353 
v -17.1723690032959 -17.717344284057617 -1.0052077770233154 
v -17.14377784729004 -17.70730209350586 -0.9988399147987366 
v -17.1723690032959 -17.65751075744629 -1.0733431577682495 
v -17.14377784729004 -17.649978637695312 -1.0641735792160034 
v -17.1723690032959 -17.58010482788086 -1.1198281049728394 
v -17.14377784729004 -17.575502395629883 -1.108748197555542 
v -17.1723690032959 -17.491819381713867 -1.1399503946304321 
v -17.14377784729004 -17.490982055664062 -1.1281062364578247 
v -17.1723690032959 -17.401443481445312 -1.131799578666687 
v -17.14377784729004 -17.40437126159668 -1.1203376054763794 
v -17.1723690032959 -17.318178176879883 -1.0962672233581543 
v -17.14377784729004 -17.32445526123047 -1.0862061977386475 
v -17.1723690032959 -17.249977111816406 -1.036664605140686 
v -17.14377784729004 -17.25918197631836 -1.0291506052017212 
v -17.1723690032959 -17.203533172607422 -0.9589775204658508 
v -17.14377784729004 -17.21483039855957 -0.954647421836853 
v -17.1723690032959 -17.18345069885254 -0.8708471655845642 
v -17.14377784729004 -17.19558334350586 -0.8699556589126587 
v -17.1723690032959 -17.191818237304688 -0.7806791067123413 
v -17.14377784729004 -17.203115463256836 -0.7834809422492981 
v -16.38380241394043 -17.237424850463867 -0.7037560939788818 
v -16.38380241394043 -17.294328689575195 -0.6382951140403748 
v -16.38380241394043 -17.368806838989258 -0.5938478708267212 
v -16.38380241394043 -17.453325271606445 -0.5744897127151489 
v -16.38380241394043 -17.539936065673828 -0.5822584629058838 
v -16.38380241394043 -17.619853973388672 -0.6163898706436157 
v -16.38380241394043 -17.68512535095215 -0.6734453439712524 
v -16.38380241394043 -17.729896545410156 -0.7479485869407654 
v -16.38380241394043 -17.749143600463867 -0.8325129747390747 
v -16.38380241394043 -17.741193771362305 -0.9189876914024353 
v -16.38380241394043 -17.70730209350586 -0.9988399147987366 
v -16.38380241394043 -17.649978637695312 -1.0641735792160034 
v -16.38380241394043 -17.575502395629883 -1.108748197555542 
v -16.38380241394043 -17.490982055664062 -1.1281062364578247 
v -16.38380241394043 -17.40437126159668 -1.1203376054763794 
v -16.38380241394043 -17.32445526123047 -1.0862061977386475 
v -16.38380241394043 -17.25918197631836 -1.0291506052017212 
v -16.38380241394043 -17.21483039855957 -0.954647421836853 
v -16.38380241394043 -17.19558334350586 -0.8699556589126587 
v -16.38380241394043 -17.203115463256836 -0.7834809422492981 
v 3.200014352798462 -13.580085754394531 -1.0594613552093506 
v 3.200014352798462 -13.712722778320312 -1.126960039138794 
v 3.200014352798462 -13.498495101928711 -1.383582353591919 
v 3.200014352798462 -13.802680969238281 -1.2452738285064697 
v 3.200014352798462 -13.832806587219238 -1.3910963535308838 
v 3.200014352798462 -13.796404838562012 -1.5353907346725464 
v 3.200014352798462 -13.701006889343262 -1.6495016813278198 
v 3.200014352798462 -13.565441131591797 -1.7111420631408691 
v 3.200014352798462 -13.416905403137207 -1.707830786705017 
v 3.200014352798462 -13.284268379211426 -1.6402047872543335 
v 3.200014352798462 -13.194310188293457 -1.5218909978866577 
v 3.200014352798462 -13.1641845703125 -1.3761957883834839 
v 3.200014352798462 -13.200586318969727 -1.2319014072418213 
v 3.200014352798462 -13.295984268188477 -1.117663025856018 
v 3.200014352798462 -13.431549072265625 -1.0561500787734985 
v -13.67103099822998 -18.838687896728516 -1.066211223602295 
v -13.4595947265625 -18.85165786743164 -1.066211223602295 
v -13.481535911560059 -18.896846771240234 -1.066211223602295 
v -13.284727096557617 -18.974252700805664 -1.066211223602295 
v -13.319966316223145 -19.01065444946289 -1.066211223602295 
v -13.15706729888916 -19.145383834838867 -1.066211223602295 
v -13.201615333557129 -19.16881561279297 -1.066211223602295 
v -13.087918281555176 -19.34705924987793 -1.066211223602295 
v -13.137785911560059 -19.355844497680664 -1.066211223602295 
v -13.084593772888184 -19.560867309570312 -1.066211223602295 
v -13.134461402893066 -19.553754806518555 -1.066211223602295 
v -13.147758483886719 -19.764633178710938 -1.066211223602295 
v -13.192972183227539 -19.74245834350586 -1.066211223602295 
v -13.270099639892578 -19.939529418945312 -1.066211223602295 
v -13.306669235229492 -19.90396499633789 -1.066211223602295 
v -13.440978050231934 -20.067564010620117 -1.066211223602295 
v -13.464913368225098 -20.02279281616211 -1.066211223602295 
v -13.643105506896973 -20.1366024017334 -1.066211223602295 
v -13.651749610900879 -20.086811065673828 -1.066211223602295 
v -13.856536865234375 -20.139530181884766 -1.066211223602295 
v -13.849223136901855 -20.089738845825195 -1.066211223602295 
v -14.060659408569336 -20.07676887512207 -1.066211223602295 
v -14.038718223571777 -20.031579971313477 -1.066211223602295 
v -14.235527038574219 -19.95375633239746 -1.066211223602295 
v -14.200287818908691 -19.91777229309082 -1.066211223602295 
v -14.363186836242676 -19.783042907714844 -1.066211223602295 
v -14.318638801574707 -19.759613037109375 -1.066211223602295 
v -14.43233585357666 -19.580949783325195 -1.066211223602295 
v -14.382469177246094 -19.572582244873047 -1.066211223602295 
v -14.435660362243652 -19.36756134033203 -1.066211223602295 
v -14.385793685913086 -19.37467384338379 -1.066211223602295 
v -14.372495651245117 -19.163375854492188 -1.066211223602295 
v -14.327282905578613 -19.185970306396484 -1.066211223602295 
v -14.250154495239258 -18.9888973236084 -1.066211223602295 
v -14.21358585357666 -19.024044036865234 -1.066211223602295 
v -14.079277038574219 -18.860862731933594 -1.066211223602295 
v -14.055340766906738 -18.9056339263916 -1.066211223602295 
v -13.877148628234863 -18.791826248168945 -1.066211223602295 
v -13.868505477905273 -18.841617584228516 -1.066211223602295 
v -13.663717269897461 -18.78847885131836 -1.066211223602295 
v -1.0360316038131714 -19.75333595275879 -2.125049114227295 
v -1.1623616218566895 -19.925722122192383 -2.125049114227295 
v -1.6424157619476318 -19.440364837646484 -2.125049114227295 
v -1.33523428440094 -20.049989700317383 -2.125049114227295 
v -1.5386922359466553 -20.115262985229492 -2.125049114227295 
v -1.7527884244918823 -20.1140079498291 -2.125049114227295 
v -1.9549164772033691 -20.047061920166016 -2.125049114227295 
v -2.127124309539795 -19.92070198059082 -2.125049114227295 
v -2.252124547958374 -19.747060775756836 -2.125049114227295 
v -2.316619396209717 -19.543712615966797 -2.125049114227295 
v -2.3152894973754883 -19.330322265625 -2.125049114227295 
v -2.248800039291382 -19.127391815185547 -2.125049114227295 
v -2.122469902038574 -18.955425262451172 -2.125049114227295 
v -1.948932409286499 -18.830738067626953 -2.125049114227295 
v -1.7454745769500732 -18.765884399414062 -2.125049114227295 
v -1.532043218612671 -18.767139434814453 -2.125049114227295 
v -1.3292502164840698 -18.83408546447754 -2.125049114227295 
v -1.1570425033569336 -18.960445404052734 -2.125049114227295 
v -1.0327070951461792 -19.13408660888672 -2.125049114227295 
v -0.9675474166870117 -19.337434768676758 -2.125049114227295 
v -0.9688771963119507 -19.550825119018555 -2.125049114227295 
v -16.002153396606445 -17.109390258789062 -1.429175853729248 
v -16.002153396606445 -17.317760467529297 -1.4639440774917603 
v -16.002153396606445 -17.305625915527344 -1.5131034851074219 
v -16.002153396606445 -17.51483154296875 -1.4816465377807617 
v -16.002153396606445 -17.518178939819336 -1.5322068929672241 
v -16.002153396606445 -17.707719802856445 -1.4375813007354736 
v -16.002153396606445 -17.72654914855957 -1.4845757484436035 
v -16.002153396606445 -17.87717628479004 -1.3362059593200684 
v -16.002153396606445 -17.909812927246094 -1.3750495910644531 
v -16.002153396606445 -18.00730323791504 -1.1873267889022827 
v -16.002153396606445 -18.04998207092285 -1.21432626247406 
v -16.002153396606445 -18.08470916748047 -1.0055898427963257 
v -16.002153396606445 -18.134082794189453 -1.0179433822631836 
v -16.002153396606445 -18.10270118713379 -0.8086974024772644 
v -16.002153396606445 -18.152910232543945 -0.8052588105201721 
v -16.002153396606445 -18.058767318725586 -0.6160078048706055 
v -16.002153396606445 -18.10563087463379 -0.5971590876579285 
v -16.002153396606445 -17.957094192504883 -0.44624224305152893 
v -16.002153396606445 -17.99600601196289 -0.41389381885528564 
v -16.002153396606445 -17.80813980102539 -0.3162117600440979 
v -16.002153396606445 -17.835336685180664 -0.27342015504837036 
v -16.002153396606445 -17.626548767089844 -0.23865196108818054 
v -16.002153396606445 -17.638681411743164 -0.18949255347251892 
v -16.002153396606445 -17.429475784301758 -0.22094948589801788 
v -16.002153396606445 -17.426128387451172 -0.17038914561271667 
v -16.002153396606445 -17.23700714111328 -0.2648873031139374 
v -16.002153396606445 -17.218177795410156 -0.21789294481277466 
v -16.002153396606445 -17.06713104248047 -0.36639004945755005 
v -16.002153396606445 -17.034914016723633 -0.32754644751548767 
v -16.002153396606445 -16.937423706054688 -0.5152692198753357 
v -16.002153396606445 -16.89432716369629 -0.48826971650123596 
v -16.002153396606445 -16.85959815979004 -0.6970062255859375 
v -16.002153396606445 -16.810644149780273 -0.6846526861190796 
v -16.002153396606445 -16.842025756835938 -0.893898606300354 
v -16.002153396606445 -16.791397094726562 -0.8973371982574463 
v -16.002153396606445 -16.88595962524414 -1.0865882635116577 
v -16.002153396606445 -16.839096069335938 -1.10543692111969 
v -16.002153396606445 -16.987215042114258 -1.2562264204025269 
v -16.002153396606445 -16.94830322265625 -1.288702130317688 
v -16.002153396606445 -17.13616943359375 -1.3862569332122803 
v 0.5297961235046387 -16.937423706054688 -0.5152692198753357 
v 0.5297961235046387 -16.89432716369629 -0.48826971650123596 
v 0.5297961235046387 -17.06713104248047 -0.36639004945755005 
v 0.5297961235046387 -17.034914016723633 -0.32754644751548767 
v 0.5297961235046387 -17.23700714111328 -0.2648873031139374 
v 0.5297961235046387 -17.218177795410156 -0.21789294481277466 
v 0.5297961235046387 -17.429475784301758 -0.22094948589801788 
v 0.5297961235046387 -17.426128387451172 -0.17038914561271667 
v 0.5297961235046387 -17.626548767089844 -0.23865196108818054 
v 0.5297961235046387 -17.638681411743164 -0.18949255347251892 
v 0.5297961235046387 -17.80813980102539 -0.3162117600440979 
v 0.5297961235046387 -17.835336685180664 -0.27342015504837036 
v 0.5297961235046387 -17.957094192504883 -0.44624224305152893 
v 0.5297961235046387 -17.99600601196289 -0.41389381885528564 
v 0.5297961235046387 -18.058767318725586 -0.6160078048706055 
v 0.5297961235046387 -18.10563087463379 -0.5971590876579285 
v 0.5297961235046387 -18.10270118713379 -0.8086974024772644 
v 0.5297961235046387 -18.152910232543945 -0.8052588105201721 
v 0.5297961235046387 -18.08470916748047 -1.0055898427963257 
v 0.5297961235046387 -18.134082794189453 -1.0179433822631836 
v 0.5297961235046387 -18.00730323791504 -1.1873267889022827 
v 0.5297961235046387 -18.04998207092285 -1.21432626247406 
v 0.5297961235046387 -17.87717628479004 -1.3362059593200684 
v 0.5297961235046387 -17.909812927246094 -1.3750495910644531 
v 0.5297961235046387 -17.707719802856445 -1.4375813007354736 
v 0.5297961235046387 -17.72654914855957 -1.4845757484436035 
v 0.5297961235046387 -17.51483154296875 -1.4816465377807617 
v 0.5297961235046387 -17.518178939819336 -1.5322068929672241 
v 0.5297961235046387 -17.317760467529297 -1.4639440774917603 
v 0.5297961235046387 -17.305625915527344 -1.5131034851074219 
v 0.5297961235046387 -17.13616943359375 -1.3862569332122803 
v 0.5297961235046387 -17.109390258789062 -1.429175853729248 
v 0.5297961235046387 -16.987215042114258 -1.2562264204025269 
v 0.5297961235046387 -16.94830322265625 -1.288702130317688 
v 0.5297961235046387 -16.88595962524414 -1.0865882635116577 
v 0.5297961235046387 -16.839096069335938 -1.10543692111969 
v 0.5297961235046387 -16.842025756835938 -0.893898606300354 
v 0.5297961235046387 -16.791397094726562 -0.8973371982574463 
v 0.5297961235046387 -16.85959815979004 -0.6970062255859375 
v 0.5297961235046387 -16.810644149780273 -0.6846526861190796 
v -0.4602324962615967 -17.518178939819336 -1.5322068929672241 
v -0.4602324962615967 -17.72654914855957 -1.4845757484436035 
v -0.4602324962615967 -17.47215461730957 -0.8512343168258667 
v -0.4602324962615967 -17.909812927246094 -1.3750495910644531 
v -0.4602324962615967 -18.04998207092285 -1.21432626247406 
v -0.4602324962615967 -18.134082794189453 -1.0179433822631836 
v -0.4602324962615967 -18.152910232543945 -0.8052588105201721 
v -0.4602324962615967 -18.10563087463379 -0.5971590876579285 
v -0.4602324962615967 -17.99600601196289 -0.41389381885528564 
v -0.4602324962615967 -17.835336685180664 -0.27342015504837036 
v -0.4602324962615967 -17.638681411743164 -0.18949255347251892 
v -0.4602324962615967 -17.426128387451172 -0.17038914561271667 
v -0.4602324962615967 -17.218177795410156 -0.21789294481277466 
v -0.4602324962615967 -17.034914016723633 -0.32754644751548767 
v -0.4602324962615967 -16.89432716369629 -0.48826971650123596 
v -0.4602324962615967 -16.810644149780273 -0.6846526861190796 
v -0.4602324962615967 -16.791397094726562 -0.8973371982574463 
v -0.4602324962615967 -16.839096069335938 -1.10543692111969 
v -0.4602324962615967 -16.94830322265625 -1.288702130317688 
v -0.4602324962615967 -17.109390258789062 -1.429175853729248 
v -0.4602324962615967 -17.305625915527344 -1.5131034851074219 
v -15.617843627929688 -23.214021682739258 1.5182240009307861 
v -15.5659818649292 -23.353771209716797 1.5182240009307861 
v -15.28606128692627 -23.171762466430664 1.5182240009307861 
v -15.459598541259766 -23.457538604736328 1.5182240009307861 
v -15.31864070892334 -23.5044002532959 1.5182240009307861 
v -15.171034812927246 -23.485570907592773 1.5182240009307861 
v -15.04603385925293 -23.404399871826172 1.5182240009307861 
v -14.96890640258789 -23.277202606201172 1.5182240009307861 
v -14.954278945922852 -23.12908363342285 1.5182240009307861 
v -15.005475997924805 -22.98975372314453 1.5182240009307861 
v -15.112524032592773 -22.885986328125 1.5182240009307861 
v -15.253480911254883 -22.83912467956543 1.5182240009307861 
v -15.401087760925293 -22.857954025268555 1.5182240009307861 
v -15.52608871459961 -22.939125061035156 1.5182240009307861 
v -15.603216171264648 -23.06590461730957 1.5182240009307861 
v -0.9688771963119507 -19.550825119018555 -1.134856104850769 
v -1.0187443494796753 -19.542457580566406 -1.134856104850769 
v -1.0360316038131714 -19.75333595275879 -1.134856104850769 
v -1.0805795192718506 -19.730323791503906 -1.134856104850769 
v -1.1623616218566895 -19.925722122192383 -1.134856104850769 
v -1.197601079940796 -19.889738082885742 -1.134856104850769 
v -1.33523428440094 -20.049989700317383 -1.134856104850769 
v -1.3585056066513062 -20.004802703857422 -1.134856104850769 
v -1.5386922359466553 -20.115262985229492 -1.134856104850769 
v -1.546670913696289 -20.065053939819336 -1.134856104850769 
v -1.7527884244918823 -20.1140079498291 -1.134856104850769 
v -1.7441447973251343 -20.06421661376953 -1.134856104850769 
v -1.9549164772033691 -20.047061920166016 -1.134856104850769 
v -1.931645154953003 -20.001873016357422 -1.134856104850769 
v -2.127124309539795 -19.92070198059082 -1.134856104850769 
v -2.091219902038574 -19.88471794128418 -1.134856104850769 
v -2.252124547958374 -19.747060775756836 -1.134856104850769 
v -2.206911563873291 -19.72446632385254 -1.134856104850769 
v -2.316619396209717 -19.543712615966797 -1.134856104850769 
v -2.266752243041992 -19.53618049621582 -1.134856104850769 
v -2.3152894973754883 -19.330322265625 -1.134856104850769 
v -2.2654223442077637 -19.338272094726562 -1.134856104850769 
v -2.248800039291382 -19.127391815185547 -1.134856104850769 
v -2.203587293624878 -19.15082359313965 -1.134856104850769 
v -2.122469902038574 -18.955425262451172 -1.134856104850769 
v -2.0865657329559326 -18.99140739440918 -1.134856104850769 
v -1.948932409286499 -18.830738067626953 -1.134856104850769 
v -1.926326036453247 -18.875926971435547 -1.134856104850769 
v -1.7454745769500732 -18.765884399414062 -1.134856104850769 
v -1.73749577999115 -18.81609344482422 -1.134856104850769 
v -1.532043218612671 -18.767139434814453 -1.134856104850769 
v -1.5400220155715942 -18.816930770874023 -1.134856104850769 
v -1.3292502164840698 -18.83408546447754 -1.134856104850769 
v -1.3525216579437256 -18.879274368286133 -1.134856104850769 
v -1.1570425033569336 -18.960445404052734 -1.134856104850769 
v -1.1929467916488647 -18.996009826660156 -1.134856104850769 
v -1.0327070951461792 -19.13408660888672 -1.134856104850769 
v -1.0779199600219727 -19.156681060791016 -1.134856104850769 
v -0.9675474166870117 -19.337434768676758 -1.134856104850769 
v -1.0174145698547363 -19.344966888427734 -1.134856104850769 
v -14.060659408569336 -20.07676887512207 -1.134856104850769 
v -14.200287818908691 -19.91777229309082 -1.134856104850769 
v -14.235527038574219 -19.95375633239746 -1.134856104850769 
v -14.318638801574707 -19.759613037109375 -1.134856104850769 
v -14.363186836242676 -19.783042907714844 -1.134856104850769 
v -14.382469177246094 -19.572582244873047 -1.134856104850769 
v -14.43233585357666 -19.580949783325195 -1.134856104850769 
v -14.385793685913086 -19.37467384338379 -1.134856104850769 
v -14.435660362243652 -19.36756134033203 -1.134856104850769 
v -14.327282905578613 -19.185970306396484 -1.134856104850769 
v -14.372495651245117 -19.163375854492188 -1.134856104850769 
v -14.21358585357666 -19.024044036865234 -1.134856104850769 
v -14.250154495239258 -18.9888973236084 -1.134856104850769 
v -14.055340766906738 -18.9056339263916 -1.134856104850769 
v -14.079277038574219 -18.860862731933594 -1.134856104850769 
v -13.868505477905273 -18.841617584228516 -1.134856104850769 
v -13.877148628234863 -18.791826248168945 -1.134856104850769 
v -13.67103099822998 -18.838687896728516 -1.134856104850769 
v -13.663717269897461 -18.78847885131836 -1.134856104850769 
v -13.481535911560059 -18.896846771240234 -1.134856104850769 
v -13.4595947265625 -18.85165786743164 -1.134856104850769 
v -13.319966316223145 -19.01065444946289 -1.134856104850769 
v -13.284727096557617 -18.974252700805664 -1.134856104850769 
v -13.201615333557129 -19.16881561279297 -1.134856104850769 
v -13.15706729888916 -19.145383834838867 -1.134856104850769 
v -13.137785911560059 -19.355844497680664 -1.134856104850769 
v -13.087918281555176 -19.34705924987793 -1.134856104850769 
v -13.134461402893066 -19.553754806518555 -1.134856104850769 
v -13.084593772888184 -19.560867309570312 -1.134856104850769 
v -13.192972183227539 -19.74245834350586 -1.134856104850769 
v -13.147758483886719 -19.764633178710938 -1.134856104850769 
v -13.306669235229492 -19.90396499633789 -1.134856104850769 
v -13.270099639892578 -19.939529418945312 -1.134856104850769 
v -13.464913368225098 -20.02279281616211 -1.134856104850769 
v -13.440978050231934 -20.067564010620117 -1.134856104850769 
v -13.651749610900879 -20.086811065673828 -1.134856104850769 
v -13.643105506896973 -20.1366024017334 -1.134856104850769 
v -13.849223136901855 -20.089738845825195 -1.134856104850769 
v -13.856536865234375 -20.139530181884766 -1.134856104850769 
v -14.038718223571777 -20.031579971313477 -1.134856104850769 
v 0.5982803106307983 -18.04998207092285 -1.21432626247406 
v 0.5982803106307983 -18.00730323791504 -1.1873267889022827 
v 0.5982803106307983 -17.909812927246094 -1.3750495910644531 
v 0.5982803106307983 -17.87717628479004 -1.3362059593200684 
v 0.5982803106307983 -17.72654914855957 -1.4845757484436035 
v 0.5982803106307983 -17.707719802856445 -1.4375813007354736 
v 0.5982803106307983 -17.518178939819336 -1.5322068929672241 
v 0.5982803106307983 -17.51483154296875 -1.4816465377807617 
v 0.5982803106307983 -17.305625915527344 -1.5131034851074219 
v 0.5982803106307983 -17.317760467529297 -1.4639440774917603 
v 0.5982803106307983 -17.109390258789062 -1.429175853729248 
v 0.5982803106307983 -17.13616943359375 -1.3862569332122803 
v 0.5982803106307983 -16.94830322265625 -1.288702130317688 
v 0.5982803106307983 -16.987215042114258 -1.2562264204025269 
v 0.5982803106307983 -16.839096069335938 -1.10543692111969 
v 0.5982803106307983 -16.88595962524414 -1.0865882635116577 
v 0.5982803106307983 -16.791397094726562 -0.8973371982574463 
v 0.5982803106307983 -16.842025756835938 -0.893898606300354 
v 0.5982803106307983 -16.810644149780273 -0.6846526861190796 
v 0.5982803106307983 -16.85959815979004 -0.6970062255859375 
v 0.5982803106307983 -16.89432716369629 -0.48826971650123596 
v 0.5982803106307983 -16.937423706054688 -0.5152692198753357 
v 0.5982803106307983 -17.034914016723633 -0.32754644751548767 
v 0.5982803106307983 -17.06713104248047 -0.36639004945755005 
v 0.5982803106307983 -17.218177795410156 -0.21789294481277466 
v 0.5982803106307983 -17.23700714111328 -0.2648873031139374 
v 0.5982803106307983 -17.426128387451172 -0.17038914561271667 
v 0.5982803106307983 -17.429475784301758 -0.22094948589801788 
v 0.5982803106307983 -17.638681411743164 -0.18949255347251892 
v 0.5982803106307983 -17.626548767089844 -0.23865196108818054 
v 0.5982803106307983 -17.835336685180664 -0.27342015504837036 
v 0.5982803106307983 -17.80813980102539 -0.3162117600440979 
v 0.5982803106307983 -17.99600601196289 -0.41389381885528564 
v 0.5982803106307983 -17.957094192504883 -0.44624224305152893 
v 0.5982803106307983 -18.10563087463379 -0.5971590876579285 
v 0.5982803106307983 -18.058767318725586 -0.6160078048706055 
v 0.5982803106307983 -18.152910232543945 -0.8052588105201721 
v 0.5982803106307983 -18.10270118713379 -0.8086974024772644 
v 0.5982803106307983 -18.134082794189453 -1.0179433822631836 
v 0.5982803106307983 -18.08470916748047 -1.0055898427963257 
v -14.942975044250488 -17.638681411743164 -0.18949255347251892 
v -14.942975044250488 -17.835336685180664 -0.27342015504837036 
v -14.942975044250488 -17.47215461730957 -0.8512343168258667 
v -14.942975044250488 -17.99600601196289 -0.41389381885528564 
v -14.942975044250488 -18.10563087463379 -0.5971590876579285 
v -14.942975044250488 -18.152910232543945 -0.8052588105201721 
v -14.942975044250488 -18.134082794189453 -1.0179433822631836 
v -14.942975044250488 -18.04998207092285 -1.21432626247406 
v -14.942975044250488 -17.909812927246094 -1.3750495910644531 
v -14.942975044250488 -17.72654914855957 -1.4845757484436035 
v -14.942975044250488 -17.518178939819336 -1.5322068929672241 
v -14.942975044250488 -17.305625915527344 -1.5131034851074219 
v -14.942975044250488 -17.109390258789062 -1.429175853729248 
v -14.942975044250488 -16.94830322265625 -1.288702130317688 
v -14.942975044250488 -16.839096069335938 -1.10543692111969 
v -14.942975044250488 -16.791397094726562 -0.8973371982574463 
v -14.942975044250488 -16.810644149780273 -0.6846526861190796 
v -14.942975044250488 -16.89432716369629 -0.48826971650123596 
v -14.942975044250488 -17.034914016723633 -0.32754644751548767 
v -14.942975044250488 -17.218177795410156 -0.21789294481277466 
v -14.942975044250488 -17.426128387451172 -0.17038914561271667 
v -1.4469367265701294 -19.637855529785156 -0.6845253109931946 
v -1.3957397937774658 -19.567562103271484 -0.6845253109931946 
v -1.6424157619476318 -19.440364837646484 -0.6845253109931946 
v -1.3684791326522827 -19.485551834106445 -0.6845253109931946 
v -1.3678141832351685 -19.398523330688477 -0.6845253109931946 
v -1.3944100141525269 -19.315677642822266 -0.6845253109931946 
v -1.4449419975280762 -19.245384216308594 -0.6845253109931946 
v -1.5147559642791748 -19.193920135498047 -0.6845253109931946 
v -1.597203016281128 -19.166723251342773 -0.6845253109931946 
v -1.6843042373657227 -19.166303634643555 -0.6845253109931946 
v -1.7667511701583862 -19.192665100097656 -0.6845253109931946 
v -1.8372300863265991 -19.2432918548584 -0.6845253109931946 
v -1.8884270191192627 -19.313167572021484 -0.6845253109931946 
v -1.9156876802444458 -19.395593643188477 -0.6845253109931946 
v -1.9163525104522705 -19.482624053955078 -0.6845253109931946 
v -1.8897567987442017 -19.56505012512207 -0.6845253109931946 
v -1.8392246961593628 -19.63576316833496 -0.6845253109931946 
v -1.7694107294082642 -19.687227249145508 -0.6845253109931946 
v -1.6869637966156006 -19.71442413330078 -0.6845253109931946 
v -1.6005274057388306 -19.714841842651367 -0.6845253109931946 
v -1.5174155235290527 -19.6884822845459 -0.6845253109931946 
v -0.4116951823234558 -23.09351921081543 -1.228717565536499 
v -0.3618280589580536 -22.953351974487305 -1.228717565536499 
v -0.07991257309913635 -23.132850646972656 -1.228717565536499 
v -0.25610974431037903 -22.8487491607666 -1.228717565536499 
v -0.11581689864397049 -22.800630569458008 -1.228717565536499 
v 0.03178979083895683 -22.817785263061523 -1.228717565536499 
v 0.1574549376964569 -22.897703170776367 -1.228717565536499 
v 0.23591256141662598 -23.024063110351562 -1.228717565536499 
v 0.2518700361251831 -23.17218017578125 -1.228717565536499 
v 0.20200291275978088 -23.312349319458008 -1.228717565536499 
v 0.09628460556268692 -23.41695213317871 -1.228717565536499 
v -0.04400824010372162 -23.465068817138672 -1.228717565536499 
v -0.19227983057498932 -23.447914123535156 -1.228717565536499 
v -0.3179449737071991 -23.367998123168945 -1.228717565536499 
v -0.39640259742736816 -23.24163818359375 -1.228717565536499 
v -15.5659818649292 -23.353771209716797 -1.228717565536499 
v -15.617843627929688 -23.214021682739258 -1.228717565536499 
v -15.28606128692627 -23.171762466430664 -1.228717565536499 
v -15.603216171264648 -23.06590461730957 -1.228717565536499 
v -15.52608871459961 -22.939125061035156 -1.228717565536499 
v -15.401087760925293 -22.857954025268555 -1.228717565536499 
v -15.253480911254883 -22.83912467956543 -1.228717565536499 
v -15.112524032592773 -22.885986328125 -1.228717565536499 
v -15.005475997924805 -22.98975372314453 -1.228717565536499 
v -14.954278945922852 -23.12908363342285 -1.228717565536499 
v -14.96890640258789 -23.277202606201172 -1.228717565536499 
v -15.04603385925293 -23.404399871826172 -1.228717565536499 
v -15.171034812927246 -23.485570907592773 -1.228717565536499 
v -15.31864070892334 -23.5044002532959 -1.228717565536499 
v -15.459598541259766 -23.457538604736328 -1.228717565536499 
v -16.38380241394043 -17.68512535095215 -0.6734453439712524 
v -16.38380241394043 -17.619853973388672 -0.6163898706436157 
v -16.38380241394043 -17.47215461730957 -0.8512343168258667 
v -16.38380241394043 -17.539936065673828 -0.5822584629058838 
v -16.38380241394043 -17.453325271606445 -0.5744897127151489 
v -16.38380241394043 -17.368806838989258 -0.5938478708267212 
v -16.38380241394043 -17.294328689575195 -0.6382951140403748 
v -16.38380241394043 -17.237424850463867 -0.7037560939788818 
v -16.38380241394043 -17.203115463256836 -0.7834809422492981 
v -16.38380241394043 -17.19558334350586 -0.8699556589126587 
v -16.38380241394043 -17.21483039855957 -0.954647421836853 
v -16.38380241394043 -17.25918197631836 -1.0291506052017212 
v -16.38380241394043 -17.32445526123047 -1.0862061977386475 
v -16.38380241394043 -17.40437126159668 -1.1203376054763794 
v -16.38380241394043 -17.490982055664062 -1.1281062364578247 
v -16.38380241394043 -17.575502395629883 -1.108748197555542 
v -16.38380241394043 -17.649978637695312 -1.0641735792160034 
v -16.38380241394043 -17.70730209350586 -0.9988399147987366 
v -16.38380241394043 -17.741193771362305 -0.9189876914024353 
v -16.38380241394043 -17.749143600463867 -0.8325129747390747 
v -16.38380241394043 -17.729896545410156 -0.7479485869407654 
v 0.4533332288265228 -13.701006889343262 -1.6495016813278198 
v 0.4533332288265228 -13.796404838562012 -1.5353907346725464 
v 0.4533332288265228 -13.498495101928711 -1.383582353591919 
v 0.4533332288265228 -13.832806587219238 -1.3910963535308838 
v 0.4533332288265228 -13.802680969238281 -1.2452738285064697 
v 0.4533332288265228 -13.712722778320312 -1.126960039138794 
v 0.4533332288265228 -13.580085754394531 -1.0594613552093506 
v 0.4533332288265228 -13.431549072265625 -1.0561500787734985 
v 0.4533332288265228 -13.295984268188477 -1.117663025856018 
v 0.4533332288265228 -13.200586318969727 -1.2319014072418213 
v 0.4533332288265228 -13.1641845703125 -1.3761957883834839 
v 0.4533332288265228 -13.194310188293457 -1.5218909978866577 
v 0.4533332288265228 -13.284268379211426 -1.6402047872543335 
v 0.4533332288265228 -13.416905403137207 -1.707830786705017 
v 0.4533332288265228 -13.565441131591797 -1.7111420631408691 
v -15.933669090270996 -17.707719802856445 -1.4375813007354736 
v -15.933669090270996 -17.909812927246094 -1.3750495910644531 
v -15.933669090270996 -17.87717628479004 -1.3362059593200684 
v -15.933669090270996 -18.04998207092285 -1.21432626247406 
v -15.933669090270996 -18.00730323791504 -1.1873267889022827 
v -15.933669090270996 -18.134082794189453 -1.0179433822631836 
v -15.933669090270996 -18.08470916748047 -1.0055898427963257 
v -15.933669090270996 -18.152910232543945 -0.8052588105201721 
v -15.933669090270996 -18.10270118713379 -0.8086974024772644 
v -15.933669090270996 -18.10563087463379 -0.5971590876579285 
v -15.933669090270996 -18.058767318725586 -0.6160078048706055 
v -15.933669090270996 -17.99600601196289 -0.41389381885528564 
v -15.933669090270996 -17.957094192504883 -0.44624224305152893 
v -15.933669090270996 -17.835336685180664 -0.27342015504837036 
v -15.933669090270996 -17.80813980102539 -0.3162117600440979 
v -15.933669090270996 -17.638681411743164 -0.18949255347251892 
v -15.933669090270996 -17.626548767089844 -0.23865196108818054 
v -15.933669090270996 -17.426128387451172 -0.17038914561271667 
v -15.933669090270996 -17.429475784301758 -0.22094948589801788 
v -15.933669090270996 -17.218177795410156 -0.21789294481277466 
v -15.933669090270996 -17.23700714111328 -0.2648873031139374 
v -15.933669090270996 -17.034914016723633 -0.32754644751548767 
v -15.933669090270996 -17.06713104248047 -0.36639004945755005 
v -15.933669090270996 -16.89432716369629 -0.48826971650123596 
v -15.933669090270996 -16.937423706054688 -0.5152692198753357 
v -15.933669090270996 -16.810644149780273 -0.6846526861190796 
v -15.933669090270996 -16.85959815979004 -0.6970062255859375 
v -15.933669090270996 -16.791397094726562 -0.8973371982574463 
v -15.933669090270996 -16.842025756835938 -0.893898606300354 
v -15.933669090270996 -16.839096069335938 -1.10543692111969 
v -15.933669090270996 -16.88595962524414 -1.0865882635116577 
v -15.933669090270996 -16.94830322265625 -1.288702130317688 
v -15.933669090270996 -16.987215042114258 -1.2562264204025269 
v -15.933669090270996 -17.109390258789062 -1.429175853729248 
v -15.933669090270996 -17.13616943359375 -1.3862569332122803 
v -15.933669090270996 -17.305625915527344 -1.5131034851074219 
v -15.933669090270996 -17.317760467529297 -1.4639440774917603 
v -15.933669090270996 -17.518178939819336 -1.5322068929672241 
v -15.933669090270996 -17.51483154296875 -1.4816465377807617 
v -15.933669090270996 -17.72654914855957 -1.4845757484436035 
v -1.546670913696289 -20.065053939819336 -1.066211223602295 
v -1.5386922359466553 -20.115262985229492 -1.066211223602295 
v -1.7441447973251343 -20.06421661376953 -1.066211223602295 
v -1.7527884244918823 -20.1140079498291 -1.066211223602295 
v -1.931645154953003 -20.001873016357422 -1.066211223602295 
v -1.9549164772033691 -20.047061920166016 -1.066211223602295 
v -2.091219902038574 -19.88471794128418 -1.066211223602295 
v -2.127124309539795 -19.92070198059082 -1.066211223602295 
v -2.206911563873291 -19.72446632385254 -1.066211223602295 
v -2.252124547958374 -19.747060775756836 -1.066211223602295 
v -2.266752243041992 -19.53618049621582 -1.066211223602295 
v -2.316619396209717 -19.543712615966797 -1.066211223602295 
v -2.2654223442077637 -19.338272094726562 -1.066211223602295 
v -2.3152894973754883 -19.330322265625 -1.066211223602295 
v -2.203587293624878 -19.15082359313965 -1.066211223602295 
v -2.248800039291382 -19.127391815185547 -1.066211223602295 
v -2.0865657329559326 -18.99140739440918 -1.066211223602295 
v -2.122469902038574 -18.955425262451172 -1.066211223602295 
v -1.926326036453247 -18.875926971435547 -1.066211223602295 
v -1.948932409286499 -18.830738067626953 -1.066211223602295 
v -1.73749577999115 -18.81609344482422 -1.066211223602295 
v -1.7454745769500732 -18.765884399414062 -1.066211223602295 
v -1.5400220155715942 -18.816930770874023 -1.066211223602295 
v -1.532043218612671 -18.767139434814453 -1.066211223602295 
v -1.3525216579437256 -18.879274368286133 -1.066211223602295 
v -1.3292502164840698 -18.83408546447754 -1.066211223602295 
v -1.1929467916488647 -18.996009826660156 -1.066211223602295 
v -1.1570425033569336 -18.960445404052734 -1.066211223602295 
v -1.0779199600219727 -19.156681060791016 -1.066211223602295 
v -1.0327070951461792 -19.13408660888672 -1.066211223602295 
v -1.0174145698547363 -19.344966888427734 -1.066211223602295 
v -0.9675474166870117 -19.337434768676758 -1.066211223602295 
v -1.0187443494796753 -19.542457580566406 -1.066211223602295 
v -0.9688771963119507 -19.550825119018555 -1.066211223602295 
v -1.0805795192718506 -19.730323791503906 -1.066211223602295 
v -1.0360316038131714 -19.75333595275879 -1.066211223602295 
v -1.197601079940796 -19.889738082885742 -1.066211223602295 
v -1.1623616218566895 -19.925722122192383 -1.066211223602295 
v -1.3585056066513062 -20.004802703857422 -1.066211223602295 
v -1.33523428440094 -20.049989700317383 -1.066211223602295 
v -14.372495651245117 -19.163375854492188 -2.125049114227295 
v -14.250154495239258 -18.9888973236084 -2.125049114227295 
v -13.760127067565918 -19.464214324951172 -2.125049114227295 
v -14.079277038574219 -18.860862731933594 -2.125049114227295 
v -13.877148628234863 -18.791826248168945 -2.125049114227295 
v -13.663717269897461 -18.78847885131836 -2.125049114227295 
v -13.4595947265625 -18.85165786743164 -2.125049114227295 
v -13.284727096557617 -18.974252700805664 -2.125049114227295 
v -13.15706729888916 -19.145383834838867 -2.125049114227295 
v -13.087918281555176 -19.34705924987793 -2.125049114227295 
v -13.084593772888184 -19.560867309570312 -2.125049114227295 
v -13.147758483886719 -19.764633178710938 -2.125049114227295 
v -13.270099639892578 -19.939529418945312 -2.125049114227295 
v -13.440978050231934 -20.067564010620117 -2.125049114227295 
v -13.643105506896973 -20.1366024017334 -2.125049114227295 
v -13.856536865234375 -20.139530181884766 -2.125049114227295 
v -14.060659408569336 -20.07676887512207 -2.125049114227295 
v -14.235527038574219 -19.95375633239746 -2.125049114227295 
v -14.363186836242676 -19.783042907714844 -2.125049114227295 
v -14.43233585357666 -19.580949783325195 -2.125049114227295 
v -14.435660362243652 -19.36756134033203 -2.125049114227295 
v 0.97993004322052 -17.40437126159668 -1.1203376054763794 
v 0.97993004322052 -17.32445526123047 -1.0862061977386475 
v 0.97993004322052 -17.47215461730957 -0.8512343168258667 
v 0.97993004322052 -17.25918197631836 -1.0291506052017212 
v 0.97993004322052 -17.21483039855957 -0.954647421836853 
v 0.97993004322052 -17.19558334350586 -0.8699556589126587 
v 0.97993004322052 -17.203115463256836 -0.7834809422492981 
v 0.97993004322052 -17.237424850463867 -0.7037560939788818 
v 0.97993004322052 -17.294328689575195 -0.6382951140403748 
v 0.97993004322052 -17.368806838989258 -0.5938478708267212 
v 0.97993004322052 -17.453325271606445 -0.5744897127151489 
v 0.97993004322052 -17.539936065673828 -0.5822584629058838 
v 0.97993004322052 -17.619853973388672 -0.6163898706436157 
v 0.97993004322052 -17.68512535095215 -0.6734453439712524 
v 0.97993004322052 -17.729896545410156 -0.7479485869407654 
v 0.97993004322052 -17.749143600463867 -0.8325129747390747 
v 0.97993004322052 -17.741193771362305 -0.9189876914024353 
v 0.97993004322052 -17.70730209350586 -0.9988399147987366 
v 0.97993004322052 -17.649978637695312 -1.0641735792160034 
v 0.97993004322052 -17.575502395629883 -1.108748197555542 
v 0.97993004322052 -17.490982055664062 -1.1281062364578247 
v -13.087918281555176 -13.41983413696289 -0.371611624956131 
v -11.804006576538086 -14.5198392868042 -0.371611624956131 
v -2.3159544467926025 -13.41983413696289 -0.371611624956131 
v -3.5998666286468506 -14.5198392868042 -0.371611624956131 
v -3.5998666286468506 -16.477170944213867 -0.371611624956131 
v -2.3159544467926025 -16.1102237701416 -0.371611624956131 
v -3.5998666286468506 -18.434083938598633 -0.371611624956131 
v -2.3159544467926025 -18.80061149597168 -0.371611624956131 
v -2.3159544467926025 -21.49100112915039 -0.371611624956131 
v -3.5998666286468506 -20.3909969329834 -0.371611624956131 
v -13.087918281555176 -21.49100112915039 -0.371611624956131 
v -11.804006576538086 -20.3909969329834 -0.371611624956131 
v -11.804006576538086 -18.434083938598633 -0.371611624956131 
v -13.087918281555176 -18.80061149597168 -0.371611624956131 
v -11.804006576538086 -16.477170944213867 -0.371611624956131 
v -13.087918281555176 -16.1102237701416 -0.371611624956131 
v -7.701603889465332 -18.434083938598633 -0.371611624956131 
v -7.701603889465332 -16.477170944213867 -0.371611624956131 
v -15.839919090270996 -13.701006889343262 -1.6495016813278198 
v -15.839919090270996 -13.565441131591797 -1.7111420631408691 
v -15.839919090270996 -13.498495101928711 -1.383582353591919 
v -15.839919090270996 -13.416905403137207 -1.707830786705017 
v -15.839919090270996 -13.284268379211426 -1.6402047872543335 
v -15.839919090270996 -13.194310188293457 -1.5218909978866577 
v -15.839919090270996 -13.1641845703125 -1.3761957883834839 
v -15.839919090270996 -13.200586318969727 -1.2319014072418213 
v -15.839919090270996 -13.295984268188477 -1.117663025856018 
v -15.839919090270996 -13.431549072265625 -1.0561500787734985 
v -15.839919090270996 -13.580085754394531 -1.0594613552093506 
v -15.839919090270996 -13.712722778320312 -1.126960039138794 
v -15.839919090270996 -13.802680969238281 -1.2452738285064697 
v -15.839919090270996 -13.832806587219238 -1.3910963535308838 
v -15.839919090270996 -13.796404838562012 -1.5353907346725464 
v -13.561323165893555 -19.657520294189453 -0.6845253109931946 
v -13.510791778564453 -19.586389541625977 -0.6845253109931946 
v -13.760127067565918 -19.464214324951172 -0.6845253109931946 
v -13.485525131225586 -19.503543853759766 -0.6845253109931946 
v -13.486855506896973 -19.416515350341797 -0.6845253109931946 
v -13.51478099822998 -19.334505081176758 -0.6845253109931946 
v -13.566642761230469 -19.26504898071289 -0.6845253109931946 
v -13.637786865234375 -19.21525764465332 -0.6845253109931946 
v -13.720898628234863 -19.18931770324707 -0.6845253109931946 
v -13.807999610900879 -19.190990447998047 -0.6845253109931946 
v -13.889781951904297 -19.219024658203125 -0.6845253109931946 
v -13.959595680236816 -19.270906448364258 -0.6845253109931946 
v -14.009462356567383 -19.342037200927734 -0.6845253109931946 
v -14.03472900390625 -19.424882888793945 -0.6845253109931946 
v -14.033398628234863 -19.511913299560547 -0.6845253109931946 
v -14.005473136901855 -19.593921661376953 -0.6845253109931946 
v -13.953611373901367 -19.66337776184082 -0.6845253109931946 
v -13.882468223571777 -19.71316909790039 -0.6845253109931946 
v -13.799356460571289 -19.738691329956055 -0.6845253109931946 
v -13.712919235229492 -19.737436294555664 -0.6845253109931946 
v -13.630473136901855 -19.70940399169922 -0.6845253109931946 
v 0.2518700361251831 -23.17218017578125 1.5182240009307861 
v 0.23591256141662598 -23.024063110351562 1.5182240009307861 
v -0.07991257309913635 -23.132850646972656 1.5182240009307861 
v 0.1574549376964569 -22.897703170776367 1.5182240009307861 
v 0.03178979083895683 -22.817785263061523 1.5182240009307861 
v -0.11581689864397049 -22.800630569458008 1.5182240009307861 
v -0.25610974431037903 -22.8487491607666 1.5182240009307861 
v -0.3618280589580536 -22.953351974487305 1.5182240009307861 
v -0.4116951823234558 -23.09351921081543 1.5182240009307861 
v -0.39640259742736816 -23.24163818359375 1.5182240009307861 
v -0.3179449737071991 -23.367998123168945 1.5182240009307861 
v -0.19227983057498932 -23.447914123535156 1.5182240009307861 
v -0.04400824010372162 -23.465068817138672 1.5182240009307861 
v 0.09628460556268692 -23.41695213317871 1.5182240009307861 
v 0.20200291275978088 -23.312349319458008 1.5182240009307861 
v -18.586599349975586 -13.200586318969727 -1.2319014072418213 
v -18.586599349975586 -13.1641845703125 -1.3761957883834839 
v -18.586599349975586 -13.498495101928711 -1.383582353591919 
v -18.586599349975586 -13.194310188293457 -1.5218909978866577 
v -18.586599349975586 -13.284268379211426 -1.6402047872543335 
v -18.586599349975586 -13.416905403137207 -1.707830786705017 
v -18.586599349975586 -13.565441131591797 -1.7111420631408691 
v -18.586599349975586 -13.701006889343262 -1.6495016813278198 
v -18.586599349975586 -13.796404838562012 -1.5353907346725464 
v -18.586599349975586 -13.832806587219238 -1.3910963535308838 
v -18.586599349975586 -13.802680969238281 -1.2452738285064697 
v -18.586599349975586 -13.712722778320312 -1.126960039138794 
v -18.586599349975586 -13.580085754394531 -1.0594613552093506 
v -18.586599349975586 -13.431549072265625 -1.0561500787734985 
v -18.586599349975586 -13.295984268188477 -1.117663025856018 
v 0.08498138934373856 -10.003499984741211 -0.019727004691958427 
v -15.487524032592773 -10.003499984741211 -0.019727004691958427 
v -15.1477632522583 -10.003499984741211 0.32018616795539856 
v -15.44231128692627 -10.003499984741211 0.1502932608127594 
v -0.4163494408130646 -16.1102237701416 -1.4001387357711792 
v -1.438957929611206 -19.646223068237305 0.10380831360816956 
v -13.961590766906738 -19.67174530029297 0.10380831360816956 
v 1.7684955596923828 -17.191818237304688 -0.7806791067123413 
v -15.487524032592773 -9.794294357299805 -2.6548500061035156 
v -16.38380241394043 -17.203115463256836 -0.7834809422492981 
v -8.887776374816895 -10.003499984741211 -1.7548251152038574 
v -13.087918281555176 -18.80061149597168 -1.4001387357711792 
v -13.087918281555176 -16.1102237701416 -1.4001387357711792 
v -2.3159544467926025 -16.1102237701416 -0.7000627517700195 
v -3.5998666286468506 -18.434083938598633 -0.371611624956131 
v -0.25544485449790955 -9.794294357299805 0.32018616795539856 
v -0.25544485449790955 -9.794294357299805 0.32018616795539856 
vn -1.0341130485562108e-13 0.999997615814209 0.002184694167226553 
vn -1.0341130485562108e-13 0.999997615814209 0.002184694167226553 
vn -1.0341130485562108e-13 0.999997615814209 0.002184694167226553 
vn -1.0341130485562108e-13 0.999997615814209 0.002184694167226553 
vn -1.0341130485562108e-13 0.999997615814209 0.002184694167226553 
vn -1.0341130485562108e-13 0.999997615814209 0.002184694167226553 
vn -1.0341130485562108e-13 0.999997615814209 0.002184694167226553 
vn -1.0341130485562108e-13 0.999997615814209 0.002184694167226553 
vn -1.0341130485562108e-13 0.999997615814209 0.002184694167226553 
vn -1.0341130485562108e-13 0.999997615814209 0.002184694167226553 
vn -1.0341130485562108e-13 0.999997615814209 0.002184694167226553 
vn -1.0341130485562108e-13 0.999997615814209 0.002184694167226553 
vn -1.0341130485562108e-13 0.999997615814209 0.002184694167226553 
vn -1.0341130485562108e-13 0.999997615814209 0.002184694167226553 
vn -1.0341130485562108e-13 0.999997615814209 0.002184694167226553 
vn -1.0341130485562108e-13 0.999997615814209 0.002184694167226553 
vn -1.0341130485562108e-13 0.999997615814209 0.002184694167226553 
vn -1.0341130485562108e-13 0.999997615814209 0.002184694167226553 
vn -1.0341130485562108e-13 0.999997615814209 0.002184694167226553 
vn -1.0341130485562108e-13 0.999997615814209 0.002184694167226553 
vn -1.0341130485562108e-13 0.999997615814209 0.002184694167226553 
vn -1.0341130485562108e-13 0.999997615814209 0.002184694167226553 
vn -2.0682311115474694e-13 0 -1 
vn -2.0682311115474694e-13 0 -1 
vn -2.0682311115474694e-13 0 -1 
vn -2.0682311115474694e-13 0 -1 
vn -2.0682311115474694e-13 0 -1 
vn -2.0682311115474694e-13 0 -1 
vn -1.0341130485562108e-13 0.999997615814209 0.002184694167226553 
vn -0.11303620040416718 0.9935884475708008 0.002184694167226553 
vn -1.0341130485562108e-13 0.999997615814209 0.002184694167226553 
vn -0.0904986634850502 0.995894193649292 0.002184694167226553 
vn -1.0341130485562108e-13 0.999997615814209 0.002184694167226553 
vn -1.0341130485562108e-13 0.999997615814209 0.002184694167226553 
vn -0.11303620040416718 -0.9935884475708008 0.002184694167226553 
vn -0.0904986634850502 -0.995894193649292 0.002184694167226553 
vn -0.06791467219591141 -0.9976887702941895 0.002184694167226553 
vn -0.05283859372138977 -0.9986006617546082 0.002184694167226553 
vn 3.097898456858039e-13 -0.999997615814209 0.002184694167226553 
vn 3.097898456858039e-13 -0.999997615814209 0.002184694167226553 
vn 0.06791467219591141 -0.9976887702941895 0.002184694167226553 
vn 0.05283859372138977 -0.9986006617546082 0.002184694167226553 
vn 0.11303620040416718 -0.9935884475708008 0.002184694167226553 
vn 0.0904986634850502 -0.995894193649292 0.002184694167226553 
vn 3.097898456858039e-13 -0.999997615814209 0.002184694167226553 
vn 3.097898456858039e-13 -0.999997615814209 0.002184694167226553 
vn 3.097898456858039e-13 -0.999997615814209 0.002184694167226553 
vn 3.097898456858039e-13 -0.999997615814209 0.002184694167226553 
vn 3.097898456858039e-13 -0.999997615814209 0.002184694167226553 
vn -0.0904986634850502 -0.995894193649292 0.002184694167226553 
vn 3.097898456858039e-13 -0.999997615814209 0.002184694167226553 
vn -0.11303620040416718 -0.9935884475708008 0.002184694167226553 
vn -0.008211665786802769 -0.0029888020362704992 0.999961793422699 
vn 0 0 1 
vn -0.008211665786802769 -0.0029888020362704992 0.999961793422699 
vn 0 0 1 
vn 0 0 1 
vn 0 0 1 
vn 0.008738672360777855 0 0.999961793422699 
vn 0.0980169028043747 -0.9951823353767395 0.002184694167226553 
vn 0.0980169028043747 -0.9951823353767395 0.002184694167226553 
vn 0.17282135784626007 -0.9849507808685303 0.002184694167226553 
vn 0.17282135784626007 -0.9849507808685303 0.002184694167226553 
vn 0.2466406375169754 -0.969104528427124 0.002184694167226553 
vn 0.2466406375169754 -0.969104528427124 0.002184694167226553 
vn 0.999997615814209 0 0.002184694167226553 
vn 0.999997615814209 0 0.002184694167226553 
vn 0.999997615814209 0 0.002184694167226553 
vn 0.999997615814209 0 0.002184694167226553 
vn 0.999997615814209 0 0.002184694167226553 
vn 0.999997615814209 0 0.002184694167226553 
vn 0.9995967149734497 0 0.028397228568792343 
vn 0.9995967149734497 0 0.028397228568792343 
vn 0.8667527437210083 0 0.4987381398677826 
vn 0.8667527437210083 0 0.4987381398677826 
vn 0.5006305575370789 0 0.865661084651947 
vn 0.5006305575370789 0 0.865661084651947 
vn 0.008738672360777855 0 0.999961793422699 
vn -0.008211665786802769 -0.0029888020362704992 0.999961793422699 
vn -0.008211665786802769 -0.0029888020362704992 0.999961793422699 
vn -0.5006305575370789 -1.0354196476993274e-13 0.865661084651947 
vn -0.5006305575370789 -1.0354196476993274e-13 0.865661084651947 
vn -0.7078787684440613 -1.4640568759497624e-13 0.7063339352607727 
vn -0.7078787684440613 -1.4640568759497624e-13 0.7063339352607727 
vn 0.7017449736595154 -0.7124248743057251 0.002184694167226553 
vn 0.7017449736595154 -0.7124248743057251 0.002184694167226553 
vn 0.4512958228588104 -0.8923717141151428 0.002184694167226553 
vn 0.4512958228588104 -0.8923717141151428 0.002184694167226553 
vn 0.15046414732933044 -0.9886130690574646 0.002184694167226553 
vn 0.15046414732933044 -0.9886130690574646 0.002184694167226553 
vn -0.16537824273109436 -0.986227810382843 0.002184694167226553 
vn -0.16537824273109436 -0.986227810382843 0.002184694167226553 
vn -0.45802199840545654 -0.8889381885528564 0.002184694167226553 
vn -0.45802199840545654 -0.8889381885528564 0.002184694167226553 
vn -0.7124248743057251 -0.7017449736595154 0.002184694167226553 
vn -0.7124248743057251 -0.7017449736595154 0.002184694167226553 
vn -0.8923717141151428 -0.4512958228588104 0.002184694167226553 
vn -0.8923717141151428 -0.4512958228588104 0.002184694167226553 
vn -0.9886130690574646 -0.15046414732933044 0.002184694167226553 
vn -0.9886130690574646 -0.15046414732933044 0.002184694167226553 
vn -0.986227810382843 0.16537824273109436 0.002184694167226553 
vn -0.986227810382843 0.16537824273109436 0.002184694167226553 
vn -0.8889381885528564 0.45802199840545654 0.002184694167226553 
vn -0.8889381885528564 0.45802199840545654 0.002184694167226553 
vn -0.7017449736595154 0.7124248743057251 0.002184694167226553 
vn -0.7017449736595154 0.7124248743057251 0.002184694167226553 
vn -0.4512958228588104 0.8923717141151428 0.002184694167226553 
vn -0.4512958228588104 0.8923717141151428 0.002184694167226553 
vn -0.15046414732933044 0.9886130690574646 0.002184694167226553 
vn -0.15046414732933044 0.9886130690574646 0.002184694167226553 
vn 0.16537824273109436 0.986227810382843 0.002184694167226553 
vn 0.16537824273109436 0.986227810382843 0.002184694167226553 
vn 0.45802199840545654 0.8889381885528564 0.002184694167226553 
vn 0.45802199840545654 0.8889381885528564 0.002184694167226553 
vn 0.7124248743057251 0.7017449736595154 0.002184694167226553 
vn 0.7124248743057251 0.7017449736595154 0.002184694167226553 
vn 0.8923717141151428 0.4512958228588104 0.002184694167226553 
vn 0.8923717141151428 0.4512958228588104 0.002184694167226553 
vn 0.9886130690574646 0.15046414732933044 0.002184694167226553 
vn 0.9886130690574646 0.15046414732933044 0.002184694167226553 
vn 0.986227810382843 -0.16537824273109436 0.002184694167226553 
vn 0.986227810382843 -0.16537824273109436 0.002184694167226553 
vn 0.8889381885528564 -0.45802199840545654 0.002184694167226553 
vn 0.8889381885528564 -0.45802199840545654 0.002184694167226553 
vn 0.7017449736595154 -0.7124248743057251 0.002184694167226553 
vn 0.7017449736595154 -0.7124248743057251 0.002184694167226553 
vn 3.097898456858039e-13 -0.999997615814209 0.002184694167226553 
vn 3.097898456858039e-13 -0.999997615814209 0.002184694167226553 
vn 0.0904986634850502 -0.995894193649292 0.002184694167226553 
vn 3.097898456858039e-13 -0.999997615814209 0.002184694167226553 
vn 0.11303620040416718 -0.9935884475708008 0.002184694167226553 
vn 3.097898456858039e-13 -0.999997615814209 0.002184694167226553 
vn 0.7017449736595154 -0.7124248743057251 0.002184694167226553 
vn 0.7017449736595154 -0.7124248743057251 0.002184694167226553 
vn 0.5804283022880554 -0.8143084645271301 0.002184694167226553 
vn 0.5804283022880554 -0.8143084645271301 0.002184694167226553 
vn -0.3118877410888672 -0.9501164555549622 0.002184694167226553 
vn -0.3118877410888672 -0.9501164555549622 0.002184694167226553 
vn -0.45802199840545654 -0.8889381885528564 0.002184694167226553 
vn -0.45802199840545654 -0.8889381885528564 0.002184694167226553 
vn -0.7124248743057251 -0.7017449736595154 0.002184694167226553 
vn -0.7124248743057251 -0.7017449736595154 0.002184694167226553 
vn -0.8923717141151428 -0.4512958228588104 0.002184694167226553 
vn -0.8923717141151428 -0.4512958228588104 0.002184694167226553 
vn -0.9886130690574646 -0.15046414732933044 0.002184694167226553 
vn -0.9886130690574646 -0.15046414732933044 0.002184694167226553 
vn -0.986227810382843 0.16537824273109436 0.002184694167226553 
vn -0.986227810382843 0.16537824273109436 0.002184694167226553 
vn -0.8889381885528564 0.45802199840545654 0.002184694167226553 
vn -0.8889381885528564 0.45802199840545654 0.002184694167226553 
vn -0.7017449736595154 0.7124248743057251 0.002184694167226553 
vn -0.7017449736595154 0.7124248743057251 0.002184694167226553 
vn -0.4512958228588104 0.8923717141151428 0.002184694167226553 
vn -0.4512958228588104 0.8923717141151428 0.002184694167226553 
vn -0.15046414732933044 0.9886130690574646 0.002184694167226553 
vn -0.15046414732933044 0.9886130690574646 0.002184694167226553 
vn 0.16537824273109436 0.986227810382843 0.002184694167226553 
vn 0.16537824273109436 0.986227810382843 0.002184694167226553 
vn 0.45802199840545654 0.8889381885528564 0.002184694167226553 
vn 0.45802199840545654 0.8889381885528564 0.002184694167226553 
vn 0.7124248743057251 0.7017449736595154 0.002184694167226553 
vn 0.7124248743057251 0.7017449736595154 0.002184694167226553 
vn 0.8923717141151428 0.4512958228588104 0.002184694167226553 
vn 0.8923717141151428 0.4512958228588104 0.002184694167226553 
vn 0.9886130690574646 0.15046414732933044 0.002184694167226553 
vn 0.9886130690574646 0.15046414732933044 0.002184694167226553 
vn 0.986227810382843 -0.16537824273109436 0.002184694167226553 
vn 0.986227810382843 -0.16537824273109436 0.002184694167226553 
vn 0.8889381885528564 -0.45802199840545654 0.002184694167226553 
vn 0.8889381885528564 -0.45802199840545654 0.002184694167226553 
vn 0.7017449736595154 -0.7124248743057251 0.002184694167226553 
vn 0.7017449736595154 -0.7124248743057251 0.002184694167226553 
vn -0.0018418359104543924 0.07854640483856201 0.9969087839126587 
vn -0.0018418359104543924 0.07854640483856201 0.9969087839126587 
vn -0.0018418359104543924 0.07854640483856201 0.9969087839126587 
vn -0.0018418359104543924 0.07854640483856201 0.9969087839126587 
vn 0.8990859389305115 0.4377666711807251 0.002184694167226553 
vn 0.8990859389305115 0.4377666711807251 0.002184694167226553 
vn 0.8990859389305115 0.4377666711807251 0.002184694167226553 
vn 0.8990859389305115 0.4377666711807251 0.002184694167226553 
vn -0.999997615814209 -2.0682260971124217e-13 0.002184694167226553 
vn -0.999997615814209 -2.0682260971124217e-13 0.002184694167226553 
vn -0.999997615814209 -2.0682260971124217e-13 0.002184694167226553 
vn -0.999997615814209 -2.0682260971124217e-13 0.002184694167226553 
vn 3.097898456858039e-13 -0.999997615814209 0.002184694167226553 
vn 3.097898456858039e-13 -0.999997615814209 0.002184694167226553 
vn 3.097898456858039e-13 -0.999997615814209 0.002184694167226553 
vn 3.097898456858039e-13 -0.999997615814209 0.002184694167226553 
vn 3.097898456858039e-13 -0.999997615814209 0.002184694167226553 
vn 3.097898456858039e-13 -0.999997615814209 0.002184694167226553 
vn 3.097898456858039e-13 -0.999997615814209 0.002184694167226553 
vn 3.097898456858039e-13 -0.999997615814209 0.002184694167226553 
vn 3.097898456858039e-13 -0.999997615814209 0.002184694167226553 
vn 3.097898456858039e-13 -0.999997615814209 0.002184694167226553 
vn 3.097898456858039e-13 -0.999997615814209 0.002184694167226553 
vn 3.097898456858039e-13 -0.999997615814209 0.002184694167226553 
vn 3.097898456858039e-13 -0.999997615814209 0.002184694167226553 
vn 3.097898456858039e-13 -0.999997615814209 0.002184694167226553 
vn 3.097898456858039e-13 -0.999997615814209 0.002184694167226553 
vn 3.097898456858039e-13 -0.999997615814209 0.002184694167226553 
vn 3.097898456858039e-13 -0.999997615814209 0.002184694167226553 
vn 3.097898456858039e-13 -0.999997615814209 0.002184694167226553 
vn 3.097898456858039e-13 -0.999997615814209 0.002184694167226553 
vn -0.0018874495290219784 0.9696800708770752 0.24437066912651062 
vn -0.0018874495290219784 0.9696800708770752 0.24437066912651062 
vn -0.003776365192607045 0.9977003335952759 -0.06767380982637405 
vn -0.003776365192607045 0.9977003335952759 -0.06767380982637405 
vn -9.57393208765242e-14 0.9278009533882141 -0.37307560443878174 
vn -9.57393208765242e-14 0.9278009533882141 -0.37307560443878174 
vn 0.00377592328004539 0.7668147683143616 -0.641857385635376 
vn 0.00377592328004539 0.7668147683143616 -0.641857385635376 
vn 0.001889859326183796 0.5305745005607605 -0.8476362228393555 
vn 0.001889859326183796 0.5305745005607605 -0.8476362228393555 
vn 0.001893154694698751 0.24224422872066498 -0.9702134728431702 
vn 0.001893154694698751 0.24224422872066498 -0.9702134728431702 
vn 0.0038081351667642593 -0.06538315862417221 -0.9978529810905457 
vn 0.0038081351667642593 -0.06538315862417221 -0.9978529810905457 
vn 1.1494710077438602e-13 -0.3710477650165558 -0.9286137819290161 
vn 1.1494710077438602e-13 -0.3710477650165558 -0.9286137819290161 
vn 1.9832190902534241e-13 -0.6401805877685547 -0.7682244777679443 
vn 1.9832190902534241e-13 -0.6401805877685547 -0.7682244777679443 
vn 2.62229989242066e-13 -0.8464750647544861 -0.5324283838272095 
vn 2.62229989242066e-13 -0.8464750647544861 -0.5324283838272095 
vn -0.0018874495290219784 -0.9696800708770752 -0.24437066912651062 
vn -0.0018874495290219784 -0.9696800708770752 -0.24437066912651062 
vn 0.003776365192607045 -0.9977003335952759 0.06767380982637405 
vn 0.003776365192607045 -0.9977003335952759 0.06767380982637405 
vn 0.0018853626679629087 -0.9277990460395813 0.37307560443878174 
vn 0.0018853626679629087 -0.9277990460395813 0.37307560443878174 
vn -0.0018850128399208188 -0.7668217420578003 0.641857385635376 
vn -0.0018850128399208188 -0.7668217420578003 0.641857385635376 
vn -0.0018813272472470999 -0.5305745005607605 0.8476362228393555 
vn -0.0018813272472470999 -0.5305745005607605 0.8476362228393555 
vn -0.0018745033303275704 -0.24224437773227692 0.9702134728431702 
vn -0.0018745033303275704 -0.24224437773227692 0.9702134728431702 
vn -6.772832671081549e-15 0.06549396365880966 0.9978529810905457 
vn -6.772832671081549e-15 0.06549396365880966 0.9978529810905457 
vn -0.0037601967342197895 0.37102872133255005 0.9286137819290161 
vn -0.0037601967342197895 0.37102872133255005 0.9286137819290161 
vn -0.0037662452086806297 0.6401695013046265 0.7682244777679443 
vn -0.0037662452086806297 0.6401695013046265 0.7682244777679443 
vn 0.0018860124982893467 0.8464729189872742 0.5324283838272095 
vn 0.0018860124982893467 0.8464729189872742 0.5324283838272095 
vn -0.0018874495290219784 0.9696800708770752 0.24437066912651062 
vn -0.0018874495290219784 0.9696800708770752 0.24437066912651062 
vn 0.999997615814209 0 0.002184694167226553 
vn 0.999997615814209 0 0.002184694167226553 
vn 0.999997615814209 0 0.002184694167226553 
vn 0.999997615814209 0 0.002184694167226553 
vn -1.0341130485562108e-13 0.999997615814209 0.002184694167226553 
vn -1.0341130485562108e-13 0.999997615814209 0.002184694167226553 
vn -1.0341130485562108e-13 0.999997615814209 0.002184694167226553 
vn -1.0341130485562108e-13 0.999997615814209 0.002184694167226553 
vn -0.999997615814209 -2.0682260971124217e-13 0.002184694167226553 
vn -0.999997615814209 -2.0682260971124217e-13 0.002184694167226553 
vn -0.999997615814209 -2.0682260971124217e-13 0.002184694167226553 
vn -0.999997615814209 -2.0682260971124217e-13 0.002184694167226553 
vn -0.0018874495290219784 0.9696800708770752 0.24437066912651062 
vn -0.0018874495290219784 0.9696800708770752 0.24437066912651062 
vn 0.0018860124982893467 0.8464729189872742 0.5324283838272095 
vn 0.0018860124982893467 0.8464729189872742 0.5324283838272095 
vn 0.0037662452086806297 0.6401695013046265 0.7682244777679443 
vn 0.0037662452086806297 0.6401695013046265 0.7682244777679443 
vn 0.0037601967342197895 0.37102872133255005 0.9286137819290161 
vn 0.0037601967342197895 0.37102872133255005 0.9286137819290161 
vn -6.772832671081549e-15 0.06549396365880966 0.9978529810905457 
vn -6.772832671081549e-15 0.06549396365880966 0.9978529810905457 
vn -0.0018745033303275704 -0.24224437773227692 0.9702134728431702 
vn -0.0018745033303275704 -0.24224437773227692 0.9702134728431702 
vn -0.0018813272472470999 -0.5305745005607605 0.8476362228393555 
vn -0.0018813272472470999 -0.5305745005607605 0.8476362228393555 
vn -0.0018850128399208188 -0.7668217420578003 0.641857385635376 
vn -0.0018850128399208188 -0.7668217420578003 0.641857385635376 
vn 0.0018853626679629087 -0.9277990460395813 0.37307560443878174 
vn 0.0018853626679629087 -0.9277990460395813 0.37307560443878174 
vn 0.003776365192607045 -0.9977003335952759 0.06767380982637405 
vn 0.003776365192607045 -0.9977003335952759 0.06767380982637405 
vn -0.0018874495290219784 -0.9696800708770752 -0.24437066912651062 
vn -0.0018874495290219784 -0.9696800708770752 -0.24437066912651062 
vn 2.62229989242066e-13 -0.8464750647544861 -0.5324283838272095 
vn 2.62229989242066e-13 -0.8464750647544861 -0.5324283838272095 
vn 1.9832190902534241e-13 -0.6401805877685547 -0.7682244777679443 
vn 1.9832190902534241e-13 -0.6401805877685547 -0.7682244777679443 
vn 1.1494710077438602e-13 -0.3710477650165558 -0.9286137819290161 
vn 1.1494710077438602e-13 -0.3710477650165558 -0.9286137819290161 
vn 0.0038081351667642593 -0.06538315862417221 -0.9978529810905457 
vn 0.0038081351667642593 -0.06538315862417221 -0.9978529810905457 
vn 0.001893154694698751 0.24224422872066498 -0.9702134728431702 
vn 0.001893154694698751 0.24224422872066498 -0.9702134728431702 
vn 0.001889859326183796 0.5305745005607605 -0.8476362228393555 
vn 0.001889859326183796 0.5305745005607605 -0.8476362228393555 
vn 0.00377592328004539 0.7668147683143616 -0.641857385635376 
vn 0.00377592328004539 0.7668147683143616 -0.641857385635376 
vn -9.57393208765242e-14 0.9278009533882141 -0.37307560443878174 
vn -9.57393208765242e-14 0.9278009533882141 -0.37307560443878174 
vn 0.003776365192607045 0.9977003335952759 -0.06767380982637405 
vn 0.003776365192607045 0.9977003335952759 -0.06767380982637405 
vn -0.0018874495290219784 0.9696800708770752 0.24437066912651062 
vn -0.0018874495290219784 0.9696800708770752 0.24437066912651062 
vn -0.999997615814209 -2.0682260971124217e-13 0.002184694167226553 
vn -0.999997615814209 -2.0682260971124217e-13 0.002184694167226553 
vn -0.999997615814209 -2.0682260971124217e-13 0.002184694167226553 
vn -0.999997615814209 -2.0682260971124217e-13 0.002184694167226553 
vn -0.999997615814209 -2.0682260971124217e-13 0.002184694167226553 
vn -0.999997615814209 -2.0682260971124217e-13 0.002184694167226553 
vn -0.9995967149734497 -2.0673969535010134e-13 0.028397228568792343 
vn -0.9995967149734497 -2.0673969535010134e-13 0.028397228568792343 
vn -0.9663880467414856 -0.003771444782614708 0.25706008076667786 
vn -0.6963448524475098 -0.7177039980888367 0.002184694167226553 
vn -0.4377666711807251 -0.8990859389305115 0.002184694167226553 
vn -0.6963448524475098 -0.7177039980888367 0.002184694167226553 
vn -0.4377666711807251 -0.8990859389305115 0.002184694167226553 
vn -0.1429940164089203 -0.9897211194038391 0.002184694167226553 
vn -0.1429940164089203 -0.9897211194038391 0.002184694167226553 
vn 0.17282135784626007 -0.9849507808685303 0.002184694167226553 
vn 0.17282135784626007 -0.9849507808685303 0.002184694167226553 
vn 0.46472206711769104 -0.8854539394378662 0.002184694167226553 
vn 0.46472206711769104 -0.8854539394378662 0.002184694167226553 
vn 0.7177039980888367 -0.6963448524475098 0.002184694167226553 
vn 0.7177039980888367 -0.6963448524475098 0.002184694167226553 
vn 0.8990859389305115 -0.4377666711807251 0.002184694167226553 
vn 0.8990859389305115 -0.4377666711807251 0.002184694167226553 
vn 0.9897211194038391 -0.1429940164089203 0.002184694167226553 
vn 0.9897211194038391 -0.1429940164089203 0.002184694167226553 
vn 0.9849507808685303 0.17282135784626007 0.002184694167226553 
vn 0.9849507808685303 0.17282135784626007 0.002184694167226553 
vn 0.8854539394378662 0.46472206711769104 0.002184694167226553 
vn 0.8854539394378662 0.46472206711769104 0.002184694167226553 
vn 0.6963448524475098 0.7177039980888367 0.002184694167226553 
vn 0.6963448524475098 0.7177039980888367 0.002184694167226553 
vn 0.4377666711807251 0.8990859389305115 0.002184694167226553 
vn 0.4377666711807251 0.8990859389305115 0.002184694167226553 
vn 0.1429940164089203 0.9897211194038391 0.002184694167226553 
vn 0.1429940164089203 0.9897211194038391 0.002184694167226553 
vn -0.17282135784626007 0.9849507808685303 -0.002184694167226553 
vn -0.17282135784626007 0.9849507808685303 -0.002184694167226553 
vn -0.46472206711769104 0.8854539394378662 -0.002184694167226553 
vn -0.46472206711769104 0.8854539394378662 -0.002184694167226553 
vn -0.7177039980888367 0.6963448524475098 0.002184694167226553 
vn -0.7177039980888367 0.6963448524475098 0.002184694167226553 
vn -0.8990859389305115 0.4377666711807251 0.002184694167226553 
vn -0.8990859389305115 0.4377666711807251 0.002184694167226553 
vn -0.9897211194038391 0.1429940164089203 -0.002184694167226553 
vn -0.9897211194038391 0.1429940164089203 -0.002184694167226553 
vn -0.9849507808685303 -0.17282135784626007 -0.002184694167226553 
vn -0.9849507808685303 -0.17282135784626007 -0.002184694167226553 
vn -0.8854539394378662 -0.46472206711769104 -0.002184694167226553 
vn -0.8854539394378662 -0.46472206711769104 -0.002184694167226553 
vn -0.6963448524475098 -0.7177039980888367 0.002184694167226553 
vn -0.6963448524475098 -0.7177039980888367 0.002184694167226553 
vn -0.7017449736595154 0.7124248743057251 0.002184694167226553 
vn -0.7016646265983582 0.7123432755470276 0.0152922747656703 
vn -0.8889381885528564 0.45802199840545654 0.002184694167226553 
vn -0.8888363242149353 0.4579695463180542 0.0152922747656703 
vn -0.9874485731124878 0.15792569518089294 0.002184694167226553 
vn -0.9873354434967041 0.1579076051712036 0.0152922747656703 
vn -0.9886130690574646 -0.15046414732933044 0.002184694167226553 
vn -0.9884998202323914 -0.15044690668582916 0.0152922747656703 
vn -0.8923717141151428 -0.4512958228588104 0.002184694167226553 
vn -0.892269492149353 -0.45124414563179016 0.0152922747656703 
vn -0.7124248743057251 -0.7017449736595154 0.002184694167226553 
vn -0.7123432755470276 -0.7016646265983582 0.0152922747656703 
vn -0.45802199840545654 -0.8889381885528564 0.002184694167226553 
vn -0.4579695463180542 -0.8888363242149353 0.0152922747656703 
vn -0.15792569518089294 -0.9874485731124878 0.002184694167226553 
vn -0.1579076051712036 -0.9873354434967041 0.0152922747656703 
vn 0.15046414732933044 -0.9886130690574646 0.002184694167226553 
vn 0.15044690668582916 -0.9884998202323914 0.0152922747656703 
vn 0.4512958228588104 -0.8923717141151428 0.002184694167226553 
vn 0.45124414563179016 -0.892269492149353 0.0152922747656703 
vn 0.7017449736595154 -0.7124248743057251 0.002184694167226553 
vn 0.7016646265983582 -0.7123432755470276 0.0152922747656703 
vn 0.8889381885528564 -0.45802199840545654 0.002184694167226553 
vn 0.8888363242149353 -0.4579695463180542 0.0152922747656703 
vn 0.9874485731124878 -0.15792569518089294 0.002184694167226553 
vn 0.9873354434967041 -0.1579076051712036 0.0152922747656703 
vn 0.9886130690574646 0.15046414732933044 0.002184694167226553 
vn 0.9884998202323914 0.15044690668582916 0.0152922747656703 
vn 0.8923717141151428 0.4512958228588104 0.002184694167226553 
vn 0.892269492149353 0.45124414563179016 0.0152922747656703 
vn 0.7124248743057251 0.7017449736595154 0.002184694167226553 
vn 0.7123432755470276 0.7016646265983582 0.0152922747656703 
vn 0.45802199840545654 0.8889381885528564 -0.002184694167226553 
vn 0.4579695463180542 0.8888363242149353 0.0152922747656703 
vn 0.16537824273109436 0.986227810382843 -0.002184694167226553 
vn 0.1653592884540558 0.9861147999763489 0.0152922747656703 
vn -0.15046414732933044 0.9886130690574646 -0.002184694167226553 
vn -0.15044690668582916 0.9884998202323914 0.0152922747656703 
vn -0.4512958228588104 0.8923717141151428 0.002184694167226553 
vn -0.45124414563179016 0.892269492149353 0.0152922747656703 
vn -0.7017449736595154 0.7124248743057251 0.002184694167226553 
vn -0.7016646265983582 0.7123432755470276 0.0152922747656703 
vn -0.8208730220794678 0.42164507508277893 0.3852050006389618 
vn -0.9105050563812256 0.1503250002861023 0.3852050006389618 
vn -0.911704421043396 -0.14287099242210388 0.3852050006389618 
vn -0.8242951035499573 -0.4149152934551239 0.3852050006389618 
vn -0.6578567624092102 -0.6471797227859497 0.3852050006389618 
vn -0.42164507508277893 -0.8208730220794678 0.3852050006389618 
vn -0.1503250002861023 -0.9105050563812256 0.3852050006389618 
vn 0.14287099242210388 -0.911704421043396 0.3852050006389618 
vn 0.4149152934551239 -0.8242951035499573 0.3852050006389618 
vn 0.6471797227859497 -0.6578567624092102 0.3852050006389618 
vn 0.8208730220794678 -0.42164507508277893 0.3852050006389618 
vn 0.9105050563812256 -0.1503250002861023 0.3852050006389618 
vn 0.911704421043396 0.14287099242210388 0.3852050006389618 
vn 0.8242951035499573 0.4149152934551239 0.3852050006389618 
vn 0.6578567624092102 0.6471797227859497 0.3852050006389618 
vn 0.42164507508277893 0.8208730220794678 0.3852050006389618 
vn 0.1503250002861023 0.9105050563812256 0.3852050006389618 
vn -0.14287099242210388 0.911704421043396 0.3852050006389618 
vn -0.4149152934551239 0.8242951035499573 0.3852050006389618 
vn -0.6471797227859497 0.6578567624092102 0.3852050006389618 
vn -0.0018874495290219784 0.9696800708770752 0.24437066912651062 
vn -0.0018874495290219784 0.9696800708770752 0.24437066912651062 
vn 0.0018860124982893467 0.8464729189872742 0.5324283838272095 
vn 0.0018860124982893467 0.8464729189872742 0.5324283838272095 
vn 0.0037662452086806297 0.6401695013046265 0.7682244777679443 
vn 0.0037662452086806297 0.6401695013046265 0.7682244777679443 
vn 0.0037601967342197895 0.37102872133255005 0.9286137819290161 
vn 0.0037601967342197895 0.37102872133255005 0.9286137819290161 
vn -6.772832671081549e-15 0.06549396365880966 0.9978529810905457 
vn -6.772832671081549e-15 0.06549396365880966 0.9978529810905457 
vn -0.0018745033303275704 -0.24224437773227692 0.9702134728431702 
vn -0.0018745033303275704 -0.24224437773227692 0.9702134728431702 
vn -0.0018813272472470999 -0.5305745005607605 0.8476362228393555 
vn -0.0018813272472470999 -0.5305745005607605 0.8476362228393555 
vn -0.0018850128399208188 -0.7668217420578003 0.641857385635376 
vn -0.0018850128399208188 -0.7668217420578003 0.641857385635376 
vn 0.0018853626679629087 -0.9277990460395813 0.37307560443878174 
vn 0.0018853626679629087 -0.9277990460395813 0.37307560443878174 
vn 0.003776365192607045 -0.9977003335952759 0.06767380982637405 
vn 0.003776365192607045 -0.9977003335952759 0.06767380982637405 
vn -0.0018874495290219784 -0.9696800708770752 -0.24437066912651062 
vn -0.0018874495290219784 -0.9696800708770752 -0.24437066912651062 
vn 2.62229989242066e-13 -0.8464750647544861 -0.5324283838272095 
vn 2.62229989242066e-13 -0.8464750647544861 -0.5324283838272095 
vn 1.9832190902534241e-13 -0.6401805877685547 -0.7682244777679443 
vn 1.9832190902534241e-13 -0.6401805877685547 -0.7682244777679443 
vn 1.1494710077438602e-13 -0.3710477650165558 -0.9286137819290161 
vn 1.1494710077438602e-13 -0.3710477650165558 -0.9286137819290161 
vn 0.0038081351667642593 -0.06538315862417221 -0.9978529810905457 
vn 0.0038081351667642593 -0.06538315862417221 -0.9978529810905457 
vn 0.001893154694698751 0.24224422872066498 -0.9702134728431702 
vn 0.001893154694698751 0.24224422872066498 -0.9702134728431702 
vn 0.001889859326183796 0.5305745005607605 -0.8476362228393555 
vn 0.001889859326183796 0.5305745005607605 -0.8476362228393555 
vn 0.0037791531067341566 0.6567989587783813 -0.7540562748908997 
vn 0.0037791531067341566 0.6567989587783813 -0.7540562748908997 
vn -0.0018874495290219784 0.9696800708770752 0.24437066912651062 
vn -0.0018874495290219784 0.9696800708770752 0.24437066912651062 
vn 0.0018872113432735205 0.9959892630577087 0.08945280313491821 
vn 0.0018872113432735205 0.9959892630577087 0.08945280313491821 
vn -0.0018883934244513512 0.9605474472045898 -0.2781098484992981 
vn -0.0018883934244513512 0.9605474472045898 -0.2781098484992981 
vn -9.692368977722021e-14 0.937261700630188 -0.34862664341926575 
vn -9.692368977722021e-14 0.937261700630188 -0.34862664341926575 
vn -9.398095501692363e-14 0.9088051319122314 -0.417220801115036 
vn -9.398095501692363e-14 0.9088051319122314 -0.417220801115036 
vn -0.999997615814209 -2.0682260971124217e-13 0.002184694167226553 
vn -0.999997615814209 -2.0682260971124217e-13 0.002184694167226553 
vn -0.999997615814209 -2.0682260971124217e-13 0.002184694167226553 
vn -0.999997615814209 -2.0682260971124217e-13 0.002184694167226553 
vn -0.999997615814209 -2.0682260971124217e-13 0.002184694167226553 
vn -0.999997615814209 -2.0682260971124217e-13 0.002184694167226553 
vn 0.999997615814209 0 0.002184694167226553 
vn 0.999997615814209 0 0.002184694167226553 
vn 0.999997615814209 0 0.002184694167226553 
vn 0.999997615814209 0 0.002184694167226553 
vn 0.999997615814209 0 0.002184694167226553 
vn 0.6963448524475098 0.7177039980888367 0.002184694167226553 
vn 0.8854539394378662 0.46472206711769104 0.002184694167226553 
vn 0.6962651014328003 0.7176218032836914 0.0152922747656703 
vn 0.8853524923324585 0.4646688401699066 0.0152922747656703 
vn 0.8173960447311401 0.4283466339111328 0.3852050006389618 
vn 0.9092447757720947 0.15776893496513367 0.3852050006389618 
vn 0.9849507808685303 0.17282135784626007 0.002184694167226553 
vn 0.9848379492759705 0.17280155420303345 0.0152922747656703 
vn 0.9139200448989868 -0.12793481349945068 0.3852050006389618 
vn 0.9897211194038391 -0.1429940164089203 0.002184694167226553 
vn 0.9896077513694763 -0.14297764003276825 0.0152922747656703 
vn 0.8276619911193848 -0.40815773606300354 0.3852050006389618 
vn 0.8990859389305115 -0.4377666711807251 0.002184694167226553 
vn 0.8989830017089844 -0.4377165138721466 0.0152922747656703 
vn 0.6631293892860413 -0.6417760252952576 0.3852050006389618 
vn 0.7177039980888367 -0.6963448524475098 0.002184694167226553 
vn 0.7176218032836914 -0.6962651014328003 0.0152922747656703 
vn 0.4283466339111328 -0.8173960447311401 0.3852050006389618 
vn 0.46472206711769104 -0.8854539394378662 0.002184694167226553 
vn 0.4646688401699066 -0.8853524923324585 0.0152922747656703 
vn 0.15776893496513367 -0.9092447757720947 0.3852050006389618 
vn 0.17282135784626007 -0.9849507808685303 0.002184694167226553 
vn 0.17280155420303345 -0.9848379492759705 0.0152922747656703 
vn -0.12793481349945068 -0.9139200448989868 0.3852050006389618 
vn -0.1429940164089203 -0.9897211194038391 0.002184694167226553 
vn -0.14297764003276825 -0.9896077513694763 0.0152922747656703 
vn -0.40815773606300354 -0.8276619911193848 0.3852050006389618 
vn -0.4377666711807251 -0.8990859389305115 0.002184694167226553 
vn -0.4377165138721466 -0.8989830017089844 0.0152922747656703 
vn -0.6417760252952576 -0.6631293892860413 0.3852050006389618 
vn -0.6963448524475098 -0.7177039980888367 0.002184694167226553 
vn -0.6962651014328003 -0.7176218032836914 0.0152922747656703 
vn -0.8173960447311401 -0.4283466339111328 0.3852050006389618 
vn -0.8854539394378662 -0.46472206711769104 0.002184694167226553 
vn -0.8853524923324585 -0.4646688401699066 0.0152922747656703 
vn -0.9092447757720947 -0.15776893496513367 0.3852050006389618 
vn -0.9849507808685303 -0.17282135784626007 0.002184694167226553 
vn -0.9848379492759705 -0.17280155420303345 0.0152922747656703 
vn -0.9139200448989868 0.12793481349945068 0.3852050006389618 
vn -0.9897211194038391 0.1429940164089203 0.002184694167226553 
vn -0.9896077513694763 0.14297764003276825 0.0152922747656703 
vn -0.8276619911193848 0.40815773606300354 0.3852050006389618 
vn -0.8990859389305115 0.4377666711807251 0.002184694167226553 
vn -0.8989830017089844 0.4377165138721466 0.0152922747656703 
vn -0.6631293892860413 0.6417760252952576 0.3852050006389618 
vn -0.7177039980888367 0.6963448524475098 0.002184694167226553 
vn -0.7176218032836914 0.6962651014328003 0.0152922747656703 
vn -0.4283466339111328 0.8173960447311401 0.3852050006389618 
vn -0.46472206711769104 0.8854539394378662 0.002184694167226553 
vn -0.4646688401699066 0.8853524923324585 0.0152922747656703 
vn -0.15776893496513367 0.9092447757720947 0.3852050006389618 
vn -0.17282135784626007 0.9849507808685303 0.002184694167226553 
vn -0.17280155420303345 0.9848379492759705 0.0152922747656703 
vn 0.12793481349945068 0.9139200448989868 0.3852050006389618 
vn 0.1429940164089203 0.9897211194038391 0.002184694167226553 
vn 0.14297764003276825 0.9896077513694763 0.0152922747656703 
vn 0.40815773606300354 0.8276619911193848 0.3852050006389618 
vn 0.4377666711807251 0.8990859389305115 0.002184694167226553 
vn 0.4377165138721466 0.8989830017089844 0.0152922747656703 
vn 0.6417760252952576 0.6631293892860413 0.3852050006389618 
vn 0.6963448524475098 0.7177039980888367 0.002184694167226553 
vn 0.6962651014328003 0.7176218032836914 0.0152922747656703 
vn -0.6963448524475098 -0.7177039980888367 0.002184694167226553 
vn -0.4377666711807251 -0.8990859389305115 0.002184694167226553 
vn -0.6963448524475098 -0.7177039980888367 0.002184694167226553 
vn -0.4377666711807251 -0.8990859389305115 0.002184694167226553 
vn -0.1429940164089203 -0.9897211194038391 0.002184694167226553 
vn -0.1429940164089203 -0.9897211194038391 0.002184694167226553 
vn 0.17282135784626007 -0.9849507808685303 0.002184694167226553 
vn 0.17282135784626007 -0.9849507808685303 0.002184694167226553 
vn 0.46472206711769104 -0.8854539394378662 0.002184694167226553 
vn 0.46472206711769104 -0.8854539394378662 0.002184694167226553 
vn 0.7177039980888367 -0.6963448524475098 0.002184694167226553 
vn 0.7177039980888367 -0.6963448524475098 0.002184694167226553 
vn 0.8990859389305115 -0.4377666711807251 0.002184694167226553 
vn 0.8990859389305115 -0.4377666711807251 0.002184694167226553 
vn 0.9897211194038391 -0.1429940164089203 0.002184694167226553 
vn 0.9897211194038391 -0.1429940164089203 0.002184694167226553 
vn 0.9849507808685303 0.17282135784626007 0.002184694167226553 
vn 0.9849507808685303 0.17282135784626007 0.002184694167226553 
vn 0.8854539394378662 0.46472206711769104 0.002184694167226553 
vn 0.8854539394378662 0.46472206711769104 0.002184694167226553 
vn 0.6963448524475098 0.7177039980888367 0.002184694167226553 
vn 0.6963448524475098 0.7177039980888367 0.002184694167226553 
vn 0.4377666711807251 0.8990859389305115 0.002184694167226553 
vn 0.4377666711807251 0.8990859389305115 0.002184694167226553 
vn 0.1429940164089203 0.9897211194038391 0.002184694167226553 
vn 0.1429940164089203 0.9897211194038391 0.002184694167226553 
vn -0.17282135784626007 0.9849507808685303 0.002184694167226553 
vn -0.17282135784626007 0.9849507808685303 0.002184694167226553 
vn -0.46472206711769104 0.8854539394378662 0.002184694167226553 
vn -0.46472206711769104 0.8854539394378662 0.002184694167226553 
vn -0.7177039980888367 0.6963448524475098 0.002184694167226553 
vn -0.7177039980888367 0.6963448524475098 0.002184694167226553 
vn -0.8990859389305115 0.4377666711807251 0.002184694167226553 
vn -0.8990859389305115 0.4377666711807251 0.002184694167226553 
vn -0.9897211194038391 0.1429940164089203 0.002184694167226553 
vn -0.9897211194038391 0.1429940164089203 0.002184694167226553 
vn -0.9849507808685303 -0.17282135784626007 0.002184694167226553 
vn -0.9849507808685303 -0.17282135784626007 0.002184694167226553 
vn -0.8854539394378662 -0.46472206711769104 0.002184694167226553 
vn -0.8854539394378662 -0.46472206711769104 0.002184694167226553 
vn -0.6963448524475098 -0.7177039980888367 0.002184694167226553 
vn -0.6963448524475098 -0.7177039980888367 0.002184694167226553 
vn -0.0018874495290219784 -0.9696800708770752 -0.24437066912651062 
vn 0.013211746700108051 -0.9695919156074524 -0.24437066912651062 
vn 2.62229989242066e-13 -0.8464750647544861 -0.5324283838272095 
vn 0.015108741819858551 -0.8463401794433594 -0.5324283838272095 
vn 1.9832190902534241e-13 -0.6401805877685547 -0.7682244777679443 
vn 0.01512029767036438 -0.6400019526481628 -0.7682244777679443 
vn 1.1494710077438602e-13 -0.3710477650165558 -0.9286137819290161 
vn 0.01513451337814331 -0.3707389831542969 -0.9286137819290161 
vn 0.0038081351667642593 -0.06538315862417221 -0.9978529810905457 
vn 0.018687747418880463 -0.06730718165636063 -0.9975572824478149 
vn 0.001893154694698751 0.24224422872066498 -0.9702134728431702 
vn 0.01698482036590576 0.2459026575088501 -0.9691457152366638 
vn 0.001889859326183796 0.5305745005607605 -0.8476362228393555 
vn 0.017005857080221176 0.5303052663803101 -0.8476362228393555 
vn 0.00377592328004539 0.7668147683143616 -0.641857385635376 
vn 0.0188777856528759 0.7665916681289673 -0.641857385635376 
vn -9.57393208765242e-14 0.9278009533882141 -0.37307560443878174 
vn 0.01510178204625845 0.9276780486106873 -0.37307560443878174 
vn 0.003776365192607045 0.9977003335952759 -0.06767380982637405 
vn 0.01888074353337288 0.9975288510322571 -0.06767380982637405 
vn -0.0018874495290219784 0.9696800708770752 0.24437066912651062 
vn 0.013211746700108051 0.9695919156074524 0.24437066912651062 
vn 0.0018860124982893467 0.8464729189872742 0.5324283838272095 
vn 0.016972988843917847 0.8463048338890076 0.5324283838272095 
vn 0.0037662452086806297 0.6401695013046265 0.7682244777679443 
vn 0.0188286192715168 0.6399036049842834 0.7682244777679443 
vn 0.0037601967342197895 0.37102872133255005 0.9286137819290161 
vn 0.01879326067864895 0.3705715239048004 0.9286137819290161 
vn -6.772832671081549e-15 0.06549396365880966 0.9978529810905457 
vn 0.012943034991621971 0.06864376366138458 0.9975572824478149 
vn -0.0018745033303275704 -0.24224437773227692 0.9702134728431702 
vn 0.018777096644043922 -0.24577230215072632 0.9691457152366638 
vn -0.0018813272472470999 -0.5305745005607605 0.8476362228393555 
vn 0.013167966157197952 -0.5304144024848938 0.8476362228393555 
vn -0.0018850128399208188 -0.7668217420578003 0.641857385635376 
vn 0.013194452039897442 -0.7667105197906494 0.641857385635376 
vn 0.0018853626679629087 -0.9277990460395813 0.37307560443878174 
vn 0.016967330127954483 -0.9276458024978638 0.37307560443878174 
vn 0.003776365192607045 -0.9977003335952759 0.06767380982637405 
vn 0.01888074353337288 -0.9975288510322571 0.06767380982637405 
vn -0.0018874495290219784 -0.9696800708770752 -0.24437066912651062 
vn 0.013211746700108051 -0.9695919156074524 -0.24437066912651062 
vn 0.3878752887248993 -0.7799548506736755 -0.4911448359489441 
vn 0.38717299699783325 -0.5926123857498169 -0.7063339352607727 
vn 0.3834797143936157 -0.34477850794792175 -0.8567795157432556 
vn 0.3865748941898346 -0.06027017906308174 -0.9202865362167358 
vn 0.3866014778614044 0.22393254935741425 -0.8946471214294434 
vn 0.3885873854160309 0.4872731566429138 -0.7820260524749756 
vn 0.3893425762653351 0.7071132063865662 -0.590256929397583 
vn 0.3899816572666168 0.8539407253265381 -0.34452807903289795 
vn 0.38757267594337463 0.9196622967720032 -0.0633138045668602 
vn 0.38865771889686584 0.8939566016197205 0.22312943637371063 
vn 0.3878752887248993 0.7799548506736755 0.4911448359489441 
vn 0.38816890120506287 0.5919604897499084 0.7063339352607727 
vn 0.38406631350517273 0.3441249430179596 0.8567795157432556 
vn 0.38663172721862793 0.059904471039772034 0.9202865362167358 
vn 0.3872303068637848 -0.22284334897994995 0.8946471214294434 
vn 0.384367436170578 -0.4906087815761566 0.7820260524749756 
vn 0.38384267687797546 -0.7101137638092041 0.590256929397583 
vn 0.38435953855514526 -0.856485903263092 0.34452807903289795 
vn 0.38757267594337463 -0.9196622967720032 0.0633138045668602 
vn 0.38737788796424866 -0.8945119380950928 -0.22312943637371063 
vn 0.999997615814209 0 -0.002184694167226553 
vn 0.999997615814209 0 -0.002184694167226553 
vn 0.999997615814209 0 0.002184694167226553 
vn 0.999997615814209 0 0.002184694167226553 
vn 0.999997615814209 0 0.002184694167226553 
vn 0.999997615814209 0 0.002184694167226553 
vn 0.9998644590377808 -0.015102911740541458 0.006554040592163801 
vn 0.9998263120651245 -0.015102335251867771 0.010923261754214764 
vn 0.999997615814209 0 0.002184694167226553 
vn 0.999854564666748 -0.007550950627774 0.0152922747656703 
vn 0.999997615814209 0 0.002184694167226553 
vn 0.999854564666748 -0.007550950627774 0.0152922747656703 
vn 0.999997615814209 0 0.002184694167226553 
vn 0.9998830556869507 0 0.0152922747656703 
vn 0.999997615814209 0 0.002184694167226553 
vn 0.999854564666748 0.007550950627774 0.0152922747656703 
vn 0.999997615814209 0 0.002184694167226553 
vn 0.9999118447303772 0.007551383227109909 0.010923261754214764 
vn 0.999997615814209 0 0.002184694167226553 
vn 0.9998644590377808 0.015102911740541458 0.006554040592163801 
vn 0.999997615814209 0 0.002184694167226553 
vn 0.9998835325241089 0.015103200450539589 0.002184694167226553 
vn 0.999997615814209 0 0.002184694167226553 
vn 0.9998835325241089 0.015103200450539589 -0.002184694167226553 
vn 0.999997615814209 0 0.002184694167226553 
vn 0.9998644590377808 0.015102911740541458 -0.006554040592163801 
vn 0.999997615814209 0 -0.002184694167226553 
vn 0.9998263120651245 0.015102335251867771 -0.010923261754214764 
vn 0.999997615814209 0 0.002184694167226553 
vn 0.999854564666748 0.007550950627774 -0.0152922747656703 
vn 0.999997615814209 0 0.002184694167226553 
vn 0.999854564666748 0.007550950627774 -0.0152922747656703 
vn 0.999997615814209 0 0.002184694167226553 
vn 0.9998830556869507 0 -0.0152922747656703 
vn 0.999997615814209 0 0.002184694167226553 
vn 0.999854564666748 -0.007550950627774 -0.0152922747656703 
vn 0.999997615814209 0 0.002184694167226553 
vn 0.9999118447303772 -0.007551383227109909 -0.010923261754214764 
vn 0.999997615814209 0 0.002184694167226553 
vn 0.9998644590377808 -0.015102911740541458 -0.006554040592163801 
vn 0.999997615814209 0 0.002184694167226553 
vn 0.9998835325241089 -0.015103200450539589 -0.002184694167226553 
vn 0.9998835325241089 -0.015103200450539589 0.002184694167226553 
vn 0.9243634343147278 -0.35429084300994873 0.1415284425020218 
vn 0.9253208637237549 -0.28993842005729675 0.24437066912651062 
vn 0.9256673455238342 -0.20215632021427155 0.3198012113571167 
vn 0.9250158071517944 -0.09039535373449326 0.3690181374549866 
vn 0.9258852005004883 0.022640729323029518 0.37712597846984863 
vn 0.9247630834579468 0.14283843338489532 0.3527185618877411 
vn 0.9246239066123962 0.24612531065940857 0.29067665338516235 
vn 0.9261038899421692 0.31877222657203674 0.2017817199230194 
vn 0.9249528050422668 0.36832481622695923 0.09380380809307098 
vn 0.9264755845069885 0.3755870461463928 -0.024029340595006943 
vn 0.9243634343147278 0.35429084300994873 -0.1415284425020218 
vn 0.9253208637237549 0.28993842005729675 -0.24437066912651062 
vn 0.9256121516227722 0.20240889489650726 -0.3198012113571167 
vn 0.9250044226646423 0.09051192551851273 -0.3690181374549866 
vn 0.9258852005004883 -0.022640729323029518 -0.37712597846984863 
vn 0.9247349500656128 -0.14302058517932892 -0.3527185618877411 
vn 0.926459789276123 -0.23912206292152405 -0.29067665338516235 
vn 0.9261038899421692 -0.31877222657203674 -0.2017817199230194 
vn 0.9249528050422668 -0.36832481622695923 -0.09380380809307098 
vn 0.9264755845069885 -0.3755870461463928 0.024029340595006943 
vn 0 0 1 
vn 0 0 1 
vn 0 0 1 
vn 0 0 1 
vn 0.006688034627586603 0.016146345064044 0.9998472929000854 
vn -1.8072902708757407e-15 0.017476677894592285 0.9998472929000854 
vn 0.05429654195904732 0.3752405047416687 0.9253358840942383 
vn -0.06542723625898361 0.3734606206417084 0.9253358840942383 
vn 0 0 1 
vn 0 0 1 
vn -1.8072902708757407e-15 0.017476677894592285 0.9998472929000854 
vn -0.17862577736377716 0.3344344198703766 0.9253358840942383 
vn 0 0 1 
vn -0.006688034627586603 0.016146345064044 0.9998472929000854 
vn -0.27400946617126465 0.26205411553382874 0.9253358840942383 
vn 0 0 1 
vn -0.012357876636087894 0.012357876636087894 0.9998472929000854 
vn -0.3387569487094879 0.17028586566448212 0.9253358840942383 
vn 0 0 1 
vn -0.016146345064044 0.006688034627586603 0.9998472929000854 
vn -0.3749668598175049 0.0561552569270134 0.9253358840942383 
vn 0 0 1 
vn -0.017476677894592285 -3.6145805417514814e-15 0.9998472929000854 
vn -0.373780220746994 -0.0635758712887764 0.9253358840942383 
vn 0 0 1 
vn -0.017476677894592285 -3.6145805417514814e-15 0.9998472929000854 
vn -0.33531543612480164 -0.17696639895439148 0.9253358840942383 
vn 0 0 1 
vn -0.016146345064044 -0.006688034627586603 0.9998472929000854 
vn -0.26340869069099426 -0.27270758152008057 0.9253358840942383 
vn 0 0 1 
vn -0.012357876636087894 -0.012357876636087894 0.9998472929000854 
vn -0.16523142158985138 -0.34125083684921265 0.9253358840942383 
vn 0 0 1 
vn -0.006688034627586603 -0.016146345064044 0.9998472929000854 
vn -0.05057515949010849 -0.37576016783714294 0.9253358840942383 
vn 0 0 1 
vn 5.42963238728115e-15 -0.017476677894592285 0.9998472929000854 
vn 0.061722949147224426 -0.37409067153930664 0.9253358840942383 
vn 0 0 1 
vn 5.42963238728115e-15 -0.017476677894592285 0.9998472929000854 
vn 0.1753026843070984 -0.3361882269382477 0.9253358840942383 
vn 0 0 1 
vn 0.006688034627586603 -0.016146345064044 0.9998472929000854 
vn 0.27139899134635925 -0.2647567689418793 0.9253358840942383 
vn 0 0 1 
vn 0.012357876636087894 -0.012357876636087894 0.9998472929000854 
vn 0.34042787551879883 -0.16692034900188446 0.9253358840942383 
vn 0 0 1 
vn 0.016146345064044 -0.006688034627586603 0.9998472929000854 
vn 0.3755049407482147 -0.05243649333715439 0.9253358840942383 
vn 0 0 1 
vn 0.017476677894592285 0 0.9998472929000854 
vn 0.37313181161880493 0.06727699935436249 0.9253358840942383 
vn 0 0 1 
vn 0.017476677894592285 0 0.9998472929000854 
vn 0.33354517817497253 0.18028075993061066 0.9253358840942383 
vn 0 0 1 
vn 0.016146345064044 0.006688034627586603 0.9998472929000854 
vn 0.2660983204841614 0.2700837254524231 0.9253358840942383 
vn 0 0 1 
vn 0.012357876636087894 0.012357876636087894 0.9998472929000854 
vn 0.16860517859458923 0.33959659934043884 0.9253358840942383 
vn -0.5742622017860413 -0.8186684846878052 0.002184694167226553 
vn -0.6963448524475098 -0.7177039980888367 0.002184694167226553 
vn -0.5742622017860413 -0.8186684846878052 0.002184694167226553 
vn -0.6963448524475098 -0.7177039980888367 0.002184694167226553 
vn -0.0018874495290219784 0.9696800708770752 0.24437066912651062 
vn 0.003776365192607045 0.9977003335952759 -0.06767380982637405 
vn -0.0018874495290219784 0.9696800708770752 0.24437066912651062 
vn 0.003776365192607045 0.9977003335952759 -0.06767380982637405 
vn -9.57393208765242e-14 0.9278009533882141 -0.37307560443878174 
vn -9.57393208765242e-14 0.9278009533882141 -0.37307560443878174 
vn -0.00377592328004539 0.7668147683143616 -0.641857385635376 
vn -0.00377592328004539 0.7668147683143616 -0.641857385635376 
vn 0.001889859326183796 0.5305745005607605 -0.8476362228393555 
vn 0.001889859326183796 0.5305745005607605 -0.8476362228393555 
vn 0.001893154694698751 0.24224422872066498 -0.9702134728431702 
vn 0.001893154694698751 0.24224422872066498 -0.9702134728431702 
vn -0.0038081351667642593 -0.06538315862417221 -0.9978529810905457 
vn -0.0038081351667642593 -0.06538315862417221 -0.9978529810905457 
vn 1.1494710077438602e-13 -0.3710477650165558 -0.9286137819290161 
vn 1.1494710077438602e-13 -0.3710477650165558 -0.9286137819290161 
vn 1.9832190902534241e-13 -0.6401805877685547 -0.7682244777679443 
vn 1.9832190902534241e-13 -0.6401805877685547 -0.7682244777679443 
vn 2.62229989242066e-13 -0.8464750647544861 -0.5324283838272095 
vn 2.62229989242066e-13 -0.8464750647544861 -0.5324283838272095 
vn -0.0018874495290219784 -0.9696800708770752 -0.24437066912651062 
vn -0.0018874495290219784 -0.9696800708770752 -0.24437066912651062 
vn 0.003776365192607045 -0.9977003335952759 0.06767380982637405 
vn 0.003776365192607045 -0.9977003335952759 0.06767380982637405 
vn 0.0018853626679629087 -0.9277990460395813 0.37307560443878174 
vn 0.0018853626679629087 -0.9277990460395813 0.37307560443878174 
vn -0.0018850128399208188 -0.7668217420578003 0.641857385635376 
vn -0.0018850128399208188 -0.7668217420578003 0.641857385635376 
vn -0.0018813272472470999 -0.5305745005607605 0.8476362228393555 
vn -0.0018813272472470999 -0.5305745005607605 0.8476362228393555 
vn -0.0018745033303275704 -0.24224437773227692 0.9702134728431702 
vn -0.0018745033303275704 -0.24224437773227692 0.9702134728431702 
vn -6.772832671081549e-15 0.06549396365880966 0.9978529810905457 
vn -6.772832671081549e-15 0.06549396365880966 0.9978529810905457 
vn 0.0037601967342197895 0.37102872133255005 0.9286137819290161 
vn 0.0037601967342197895 0.37102872133255005 0.9286137819290161 
vn 0.0037662452086806297 0.6401695013046265 0.7682244777679443 
vn 0.0037662452086806297 0.6401695013046265 0.7682244777679443 
vn 0.0018860124982893467 0.8464729189872742 0.5324283838272095 
vn 0.0018860124982893467 0.8464729189872742 0.5324283838272095 
vn -0.0018874495290219784 0.9696800708770752 0.24437066912651062 
vn -0.0018874495290219784 0.9696800708770752 0.24437066912651062 
vn -0.5173366069793701 -0.855779230594635 0.002184694167226553 
vn -0.5173366069793701 -0.855779230594635 0.002184694167226553 
vn -0.8397637009620667 -0.5429477095603943 0.002184694167226553 
vn -0.8397637009620667 -0.5429477095603943 0.002184694167226553 
vn -0.991767942905426 -0.1280297040939331 0.002184694167226553 
vn -0.991767942905426 -0.1280297040939331 0.002184694167226553 
vn -0.947733998298645 0.31905397772789 0.002184694167226553 
vn -0.947733998298645 0.31905397772789 0.002184694167226553 
vn -0.7177039980888367 0.6963448524475098 0.002184694167226553 
vn -0.7177039980888367 0.6963448524475098 0.002184694167226553 
vn -0.34753286838531494 0.9376652836799622 0.002184694167226553 
vn -0.34753286838531494 0.9376652836799622 0.002184694167226553 
vn 0.0980169028043747 0.9951823353767395 0.002184694167226553 
vn 0.0980169028043747 0.9951823353767395 0.002184694167226553 
vn 0.5173366069793701 0.855779230594635 0.002184694167226553 
vn 0.5173366069793701 0.855779230594635 0.002184694167226553 
vn 0.8397637009620667 0.5429477095603943 0.002184694167226553 
vn 0.8397637009620667 0.5429477095603943 0.002184694167226553 
vn 0.991767942905426 0.1280297040939331 0.002184694167226553 
vn 0.991767942905426 0.1280297040939331 0.002184694167226553 
vn 0.947733998298645 -0.31905397772789 0.002184694167226553 
vn 0.947733998298645 -0.31905397772789 0.002184694167226553 
vn 0.7177039980888367 -0.6963448524475098 0.002184694167226553 
vn 0.7177039980888367 -0.6963448524475098 0.002184694167226553 
vn 0.34753286838531494 -0.9376652836799622 0.002184694167226553 
vn 0.34753286838531494 -0.9376652836799622 0.002184694167226553 
vn -0.0980169028043747 -0.9951823353767395 0.002184694167226553 
vn -0.0980169028043747 -0.9951823353767395 0.002184694167226553 
vn -0.5173366069793701 -0.855779230594635 0.002184694167226553 
vn -0.5173366069793701 -0.855779230594635 0.002184694167226553 
vn -0.0018874495290219784 0.9696800708770752 0.24437066912651062 
vn 0.003776365192607045 0.9977003335952759 -0.06767380982637405 
vn -0.0018874495290219784 0.9696800708770752 0.24437066912651062 
vn 0.003776365192607045 0.9977003335952759 -0.06767380982637405 
vn -9.57393208765242e-14 0.9278009533882141 -0.37307560443878174 
vn -9.57393208765242e-14 0.9278009533882141 -0.37307560443878174 
vn 0.00377592328004539 0.7668147683143616 -0.641857385635376 
vn 0.00377592328004539 0.7668147683143616 -0.641857385635376 
vn 0.001889859326183796 0.5305745005607605 -0.8476362228393555 
vn 0.001889859326183796 0.5305745005607605 -0.8476362228393555 
vn 0.001893154694698751 0.24224422872066498 -0.9702134728431702 
vn 0.001893154694698751 0.24224422872066498 -0.9702134728431702 
vn 0.0038081351667642593 -0.06538315862417221 -0.9978529810905457 
vn 0.0038081351667642593 -0.06538315862417221 -0.9978529810905457 
vn 1.1494710077438602e-13 -0.3710477650165558 -0.9286137819290161 
vn 1.1494710077438602e-13 -0.3710477650165558 -0.9286137819290161 
vn 1.9832190902534241e-13 -0.6401805877685547 -0.7682244777679443 
vn 1.9832190902534241e-13 -0.6401805877685547 -0.7682244777679443 
vn 2.62229989242066e-13 -0.8464750647544861 -0.5324283838272095 
vn 2.62229989242066e-13 -0.8464750647544861 -0.5324283838272095 
vn -0.0018874495290219784 -0.9696800708770752 -0.24437066912651062 
vn -0.0018874495290219784 -0.9696800708770752 -0.24437066912651062 
vn 0.003776365192607045 -0.9977003335952759 0.06767380982637405 
vn 0.003776365192607045 -0.9977003335952759 0.06767380982637405 
vn 0.0018853626679629087 -0.9277990460395813 0.37307560443878174 
vn 0.0018853626679629087 -0.9277990460395813 0.37307560443878174 
vn -0.0018850128399208188 -0.7668217420578003 0.641857385635376 
vn -0.0018850128399208188 -0.7668217420578003 0.641857385635376 
vn -0.0018813272472470999 -0.5305745005607605 0.8476362228393555 
vn -0.0018813272472470999 -0.5305745005607605 0.8476362228393555 
vn -0.0018745033303275704 -0.24224437773227692 0.9702134728431702 
vn -0.0018745033303275704 -0.24224437773227692 0.9702134728431702 
vn -6.772832671081549e-15 0.06549396365880966 0.9978529810905457 
vn -6.772832671081549e-15 0.06549396365880966 0.9978529810905457 
vn 0.0037601967342197895 0.37102872133255005 0.9286137819290161 
vn 0.0037601967342197895 0.37102872133255005 0.9286137819290161 
vn 0.0037662452086806297 0.6401695013046265 0.7682244777679443 
vn 0.0037662452086806297 0.6401695013046265 0.7682244777679443 
vn 0.0018860124982893467 0.8464729189872742 0.5324283838272095 
vn 0.0018860124982893467 0.8464729189872742 0.5324283838272095 
vn -0.0018874495290219784 0.9696800708770752 0.24437066912651062 
vn -0.0018874495290219784 0.9696800708770752 0.24437066912651062 
vn -0.0018874495290219784 0.9696800708770752 0.24437066912651062 
vn 0.0018860124982893467 0.8464729189872742 0.5324283838272095 
vn -0.0018874495290219784 0.9696800708770752 0.24437066912651062 
vn 0.0018860124982893467 0.8464729189872742 0.5324283838272095 
vn 0.0037662452086806297 0.6401695013046265 0.7682244777679443 
vn 0.0037662452086806297 0.6401695013046265 0.7682244777679443 
vn 0.0037601967342197895 0.37102872133255005 0.9286137819290161 
vn 0.0037601967342197895 0.37102872133255005 0.9286137819290161 
vn -6.772832671081549e-15 0.06549396365880966 0.9978529810905457 
vn -6.772832671081549e-15 0.06549396365880966 0.9978529810905457 
vn -0.0018745033303275704 -0.24224437773227692 0.9702134728431702 
vn -0.0018745033303275704 -0.24224437773227692 0.9702134728431702 
vn -0.0018813272472470999 -0.5305745005607605 0.8476362228393555 
vn -0.0018813272472470999 -0.5305745005607605 0.8476362228393555 
vn -0.0018850128399208188 -0.7668217420578003 0.641857385635376 
vn -0.0018850128399208188 -0.7668217420578003 0.641857385635376 
vn 0.0018853626679629087 -0.9277990460395813 0.37307560443878174 
vn 0.0018853626679629087 -0.9277990460395813 0.37307560443878174 
vn 0.003776365192607045 -0.9977003335952759 0.06767380982637405 
vn 0.003776365192607045 -0.9977003335952759 0.06767380982637405 
vn -0.0018874495290219784 -0.9696800708770752 -0.24437066912651062 
vn -0.0018874495290219784 -0.9696800708770752 -0.24437066912651062 
vn 2.62229989242066e-13 -0.8464750647544861 -0.5324283838272095 
vn 2.62229989242066e-13 -0.8464750647544861 -0.5324283838272095 
vn 1.9832190902534241e-13 -0.6401805877685547 -0.7682244777679443 
vn 1.9832190902534241e-13 -0.6401805877685547 -0.7682244777679443 
vn 1.1494710077438602e-13 -0.3710477650165558 -0.9286137819290161 
vn 1.1494710077438602e-13 -0.3710477650165558 -0.9286137819290161 
vn 0.0038081351667642593 -0.06538315862417221 -0.9978529810905457 
vn 0.0038081351667642593 -0.06538315862417221 -0.9978529810905457 
vn 0.001893154694698751 0.24224422872066498 -0.9702134728431702 
vn 0.001893154694698751 0.24224422872066498 -0.9702134728431702 
vn 0.001889859326183796 0.5305745005607605 -0.8476362228393555 
vn 0.001889859326183796 0.5305745005607605 -0.8476362228393555 
vn 0.0037791531067341566 0.6567989587783813 -0.7540562748908997 
vn 0.0037791531067341566 0.6567989587783813 -0.7540562748908997 
vn 0.0018872113432735205 0.9959892630577087 0.08945280313491821 
vn -0.0018874495290219784 0.9696800708770752 0.24437066912651062 
vn 0.0018872113432735205 0.9959892630577087 0.08945280313491821 
vn -0.0018874495290219784 0.9696800708770752 0.24437066912651062 
vn -0.0018883934244513512 0.9605474472045898 -0.2781098484992981 
vn -9.692368977722021e-14 0.937261700630188 -0.34862664341926575 
vn -0.0018883934244513512 0.9605474472045898 -0.2781098484992981 
vn -9.692368977722021e-14 0.937261700630188 -0.34862664341926575 
vn -9.398095501692363e-14 0.9088051319122314 -0.417220801115036 
vn -9.398095501692363e-14 0.9088051319122314 -0.417220801115036 
vn 0.32620200514793396 -0.9452975392341614 0.002184694167226553 
vn 0.46472206711769104 -0.8854539394378662 0.002184694167226553 
vn 0.32620200514793396 -0.9452975392341614 0.002184694167226553 
vn 0.46472206711769104 -0.8854539394378662 0.002184694167226553 
vn 0.7177039980888367 -0.6963448524475098 0.002184694167226553 
vn 0.7177039980888367 -0.6963448524475098 0.002184694167226553 
vn 0.8990859389305115 -0.4377666711807251 0.002184694167226553 
vn 0.8990859389305115 -0.4377666711807251 0.002184694167226553 
vn 0.9897211194038391 -0.1429940164089203 0.002184694167226553 
vn 0.9897211194038391 -0.1429940164089203 0.002184694167226553 
vn 0.9849507808685303 0.17282135784626007 0.002184694167226553 
vn 0.9849507808685303 0.17282135784626007 0.002184694167226553 
vn 0.8854539394378662 0.46472206711769104 0.002184694167226553 
vn 0.8854539394378662 0.46472206711769104 0.002184694167226553 
vn 0.6963448524475098 0.7177039980888367 0.002184694167226553 
vn 0.6963448524475098 0.7177039980888367 0.002184694167226553 
vn 0.4377666711807251 0.8990859389305115 0.002184694167226553 
vn 0.4377666711807251 0.8990859389305115 0.002184694167226553 
vn 0.1429940164089203 0.9897211194038391 0.002184694167226553 
vn 0.1429940164089203 0.9897211194038391 0.002184694167226553 
vn -0.17282135784626007 0.9849507808685303 0.002184694167226553 
vn -0.17282135784626007 0.9849507808685303 0.002184694167226553 
vn -0.46472206711769104 0.8854539394378662 0.002184694167226553 
vn -0.46472206711769104 0.8854539394378662 0.002184694167226553 
vn -0.7177039980888367 0.6963448524475098 0.002184694167226553 
vn -0.7177039980888367 0.6963448524475098 0.002184694167226553 
vn -0.8990859389305115 0.4377666711807251 0.002184694167226553 
vn -0.8990859389305115 0.4377666711807251 0.002184694167226553 
vn -0.9897211194038391 0.1429940164089203 0.002184694167226553 
vn -0.9897211194038391 0.1429940164089203 0.002184694167226553 
vn -0.9849507808685303 -0.17282135784626007 0.002184694167226553 
vn -0.9849507808685303 -0.17282135784626007 0.002184694167226553 
vn -0.8854539394378662 -0.46472206711769104 0.002184694167226553 
vn -0.8854539394378662 -0.46472206711769104 0.002184694167226553 
vn -0.6963448524475098 -0.7177039980888367 0.002184694167226553 
vn -0.6963448524475098 -0.7177039980888367 0.002184694167226553 
vn 0.999997615814209 0 -0.002184694167226553 
vn 0.999997615814209 0 0.002184694167226553 
vn 0.999997615814209 0 -0.002184694167226553 
vn 0.999997615814209 0 0.002184694167226553 
vn 0.999997615814209 0 0.002184694167226553 
vn 0.999997615814209 0 0.002184694167226553 
vn -2.0682311115474694e-13 0 -1 
vn -2.0682311115474694e-13 0 -1 
vn -2.0682311115474694e-13 0 -1 
vn -2.0682311115474694e-13 0 -1 
vn -2.0682311115474694e-13 0 -1 
vn -2.0682311115474694e-13 0 -1 
vn -2.0682311115474694e-13 0 -1 
vn -0.0904986634850502 -0.995894193649292 0.002184694167226553 
vn -0.16537824273109436 -0.986227810382843 0.002184694167226553 
vn -0.0904986634850502 -0.995894193649292 0.002184694167226553 
vn -0.16537824273109436 -0.986227810382843 0.002184694167226553 
vn -0.23931509256362915 -0.9709395170211792 0.002184694167226553 
vn -0.23931509256362915 -0.9709395170211792 0.002184694167226553 
vn 0 0 1 
vn 0 0 1 
vn 0 0 1 
vn 0 0 1 
vn 0 0 1 
vn 0 0 1 
vn -1.8072902708757407e-15 0.017476677894592285 0.9998472929000854 
vn -1.8072902708757407e-15 0.017476677894592285 0.9998472929000854 
vn 0 0 1 
vn 0.006688034627586603 0.016146345064044 0.9998472929000854 
vn 0 0 1 
vn 0.012357876636087894 0.012357876636087894 0.9998472929000854 
vn 0 0 1 
vn 0.016146345064044 0.006688034627586603 0.9998472929000854 
vn 0 0 1 
vn 0.017476677894592285 0 0.9998472929000854 
vn 0 0 1 
vn 0.017476677894592285 0 0.9998472929000854 
vn 0 0 1 
vn 0.016146345064044 -0.006688034627586603 0.9998472929000854 
vn 0 0 1 
vn 0.012357876636087894 -0.012357876636087894 0.9998472929000854 
vn 0 0 1 
vn 0.006688034627586603 -0.016146345064044 0.9998472929000854 
vn 0 0 1 
vn 5.42963238728115e-15 -0.017476677894592285 0.9998472929000854 
vn 0 0 1 
vn 5.42963238728115e-15 -0.017476677894592285 0.9998472929000854 
vn 0 0 1 
vn -0.006688034627586603 -0.016146345064044 0.9998472929000854 
vn 0 0 1 
vn -0.012357876636087894 -0.012357876636087894 0.9998472929000854 
vn 0 0 1 
vn -0.016146345064044 -0.006688034627586603 0.9998472929000854 
vn 0 0 1 
vn -0.017476677894592285 -3.6145805417514814e-15 0.9998472929000854 
vn 0 0 1 
vn -0.017476677894592285 -3.6145805417514814e-15 0.9998472929000854 
vn 0 0 1 
vn -0.016146345064044 0.006688034627586603 0.9998472929000854 
vn 0 0 1 
vn -0.012357876636087894 0.012357876636087894 0.9998472929000854 
vn -0.006688034627586603 0.016146345064044 0.9998472929000854 
vn -0.058012593537569046 0.3746839761734009 0.9253358840942383 
vn 0.061722949147224426 0.37409067153930664 0.9253358840942383 
vn 0.1753026843070984 0.3361882269382477 0.9253358840942383 
vn 0.27139899134635925 0.2647567689418793 0.9253358840942383 
vn 0.33705273270606995 0.17363466322422028 0.9253358840942383 
vn 0.37439191341400146 0.05986850708723068 0.9253358840942383 
vn 0.37439191341400146 -0.05986850708723068 0.9253358840942383 
vn 0.33705273270606995 -0.17363466322422028 0.9253358840942383 
vn 0.2660983204841614 -0.2700837254524231 0.9253358840942383 
vn 0.16860517859458923 -0.33959659934043884 0.9253358840942383 
vn 0.05429654195904732 -0.3752405047416687 0.9253358840942383 
vn -0.058012593537569046 -0.3746839761734009 0.9253358840942383 
vn -0.17196238040924072 -0.3379089832305908 0.9253358840942383 
vn -0.26876184344291687 -0.26743337512016296 0.9253358840942383 
vn -0.3387569487094879 -0.17028586566448212 0.9253358840942383 
vn -0.3749668598175049 -0.0561552569270134 0.9253358840942383 
vn -0.373780220746994 0.0635758712887764 0.9253358840942383 
vn -0.33531543612480164 0.17696639895439148 0.9253358840942383 
vn -0.26876184344291687 0.26743337512016296 0.9253358840942383 
vn -0.17196238040924072 0.3379089832305908 0.9253358840942383 
vn 0.001898496993817389 -0.07854505628347397 -0.9969087839126587 
vn 0.001898496993817389 -0.07854505628347397 -0.9969087839126587 
vn 0.001898496993817389 -0.07854505628347397 -0.9969087839126587 
vn 0.001898496993817389 -0.07854505628347397 -0.9969087839126587 
vn -2.0682311115474694e-13 0 -1 
vn -2.0682311115474694e-13 0 -1 
vn -2.0682311115474694e-13 0 -1 
vn -2.0682311115474694e-13 0 -1 
vn -2.0682311115474694e-13 0 -1 
vn -2.0682311115474694e-13 0 -1 
vn -2.0682311115474694e-13 0 -1 
vn -2.0682311115474694e-13 0 -1 
vn 0.001898496993817389 -0.07854505628347397 -0.9969087839126587 
vn 0.001898496993817389 -0.07854505628347397 -0.9969087839126587 
vn 0.001898496993817389 -0.07854505628347397 -0.9969087839126587 
vn 0.001898496993817389 -0.07854505628347397 -0.9969087839126587 
vn -0.999997615814209 -2.0682260971124217e-13 0.002184694167226553 
vn -0.999997615814209 -2.0682260971124217e-13 0.002184694167226553 
vn -0.999997615814209 -2.0682260971124217e-13 0.002184694167226553 
vn -0.999997615814209 -2.0682260971124217e-13 0.002184694167226553 
vn -0.999997615814209 -2.0682260971124217e-13 0.002184694167226553 
vn -0.999997615814209 -2.0682260971124217e-13 0.002184694167226553 
vn -2.0682311115474694e-13 0 -1 
vn -2.0682311115474694e-13 0 -1 
vn -2.0682311115474694e-13 0 -1 
vn -2.0682311115474694e-13 0 -1 
vn -2.0682311115474694e-13 0 -1 
vn -2.0682311115474694e-13 0 -1 
vn 0.9023662805557251 -0.4309644401073456 0.002184694167226553 
vn 0.9023662805557251 -0.4309644401073456 0.002184694167226553 
vn 0.9023662805557251 -0.4309644401073456 0.002184694167226553 
vn 0.9023662805557251 -0.4309644401073456 0.002184694167226553 
vn -0.9023662805557251 0.4309644401073456 0.002184694167226553 
vn -0.9023662805557251 0.4309644401073456 0.002184694167226553 
vn -0.9023662805557251 0.4309644401073456 0.002184694167226553 
vn -0.9023662805557251 0.4309644401073456 0.002184694167226553 
vn -1.0338169258378507e-13 0.999711275100708 0.024029340595006943 
vn -1.0338169258378507e-13 0.999711275100708 0.024029340595006943 
vn -0.0018851651111617684 0.8916977643966675 0.45262736082077026 
vn -0.0018851651111617684 0.8916977643966675 0.45262736082077026 
vn 0.001884994562715292 0.6060105562210083 0.7954543828964233 
vn 0.001884994562715292 0.6060105562210083 0.7954543828964233 
vn -0.0018777932273223996 0.1996326446533203 0.97986900806427 
vn -0.0018777932273223996 0.1996326446533203 0.97986900806427 
vn -0.0018745033303275704 -0.24224437773227692 0.9702134728431702 
vn -0.0018745033303275704 -0.24224437773227692 0.9702134728431702 
vn 0.0037662452086806297 -0.6401695013046265 0.7682244777679443 
vn 0.0037662452086806297 -0.6401695013046265 0.7682244777679443 
vn 0.0037741255946457386 -0.910611629486084 0.41324591636657715 
vn 0.0037741255946457386 -0.910611629486084 0.41324591636657715 
vn 3.097011308430403e-13 -0.999711275100708 -0.024029340595006943 
vn 3.097011308430403e-13 -0.999711275100708 -0.024029340595006943 
vn 0.0037754031363874674 -0.8916917443275452 -0.45262736082077026 
vn 0.0037754031363874674 -0.8916917443275452 -0.45262736082077026 
vn 1.882755155122387e-13 -0.6060134768486023 -0.7954543828964233 
vn 1.882755155122387e-13 -0.6060134768486023 -0.7954543828964233 
vn 0.0037780406419187784 -0.19960573315620422 -0.97986900806427 
vn 0.0037780406419187784 -0.19960573315620422 -0.97986900806427 
vn 0.001893154694698751 0.24224422872066498 -0.9702134728431702 
vn 0.001893154694698751 0.24224422872066498 -0.9702134728431702 
vn -6.620206905458628e-14 0.6401805877685547 -0.7682244777679443 
vn -6.620206905458628e-14 0.6401805877685547 -0.7682244777679443 
vn 0.0037741255946457386 0.910611629486084 -0.41324591636657715 
vn 0.0037741255946457386 0.910611629486084 -0.41324591636657715 
vn -1.0338169258378507e-13 0.999711275100708 0.024029340595006943 
vn -1.0338169258378507e-13 0.999711275100708 0.024029340595006943 
vn -0.999997615814209 -2.0682260971124217e-13 0.002184694167226553 
vn -0.999997615814209 -2.0682260971124217e-13 0.002184694167226553 
vn -0.999997615814209 -2.0682260971124217e-13 0.002184694167226553 
vn -0.999997615814209 -2.0682260971124217e-13 0.002184694167226553 
vn -0.999997615814209 -2.0682260971124217e-13 0.002184694167226553 
vn -0.999997615814209 -2.0682260971124217e-13 0.002184694167226553 
vn -0.999997615814209 -2.0682260971124217e-13 0.002184694167226553 
vn -0.999997615814209 -2.0682260971124217e-13 0.002184694167226553 
vn 3.097898456858039e-13 -0.999997615814209 0.002184694167226553 
vn 3.097898456858039e-13 -0.999997615814209 0.002184694167226553 
vn 3.097898456858039e-13 -0.999997615814209 0.002184694167226553 
vn 3.097898456858039e-13 -0.999997615814209 0.002184694167226553 
vn 0.999997615814209 0 0.002184694167226553 
vn 0.999997615814209 0 0.002184694167226553 
vn 0.999997615814209 0 0.002184694167226553 
vn 0.999997615814209 0 0.002184694167226553 
vn 3.097898456858039e-13 -0.999997615814209 0.002184694167226553 
vn 3.097898456858039e-13 -0.999997615814209 0.002184694167226553 
vn 3.097898456858039e-13 -0.999997615814209 0.002184694167226553 
vn 3.097898456858039e-13 -0.999997615814209 0.002184694167226553 
vn -1.0338169258378507e-13 0.999711275100708 0.024029340595006943 
vn -1.0338169258378507e-13 0.999711275100708 0.024029340595006943 
vn 0.0037741255946457386 0.910611629486084 -0.41324591636657715 
vn 0.0037741255946457386 0.910611629486084 -0.41324591636657715 
vn -6.620206905458628e-14 0.6401805877685547 -0.7682244777679443 
vn -6.620206905458628e-14 0.6401805877685547 -0.7682244777679443 
vn 0.001893154694698751 0.24224422872066498 -0.9702134728431702 
vn 0.001893154694698751 0.24224422872066498 -0.9702134728431702 
vn 0.0037780406419187784 -0.19960573315620422 -0.97986900806427 
vn 0.0037780406419187784 -0.19960573315620422 -0.97986900806427 
vn 1.882755155122387e-13 -0.6060134768486023 -0.7954543828964233 
vn 1.882755155122387e-13 -0.6060134768486023 -0.7954543828964233 
vn 0.0037754031363874674 -0.8916917443275452 -0.45262736082077026 
vn 0.0037754031363874674 -0.8916917443275452 -0.45262736082077026 
vn 3.097011308430403e-13 -0.999711275100708 -0.024029340595006943 
vn 3.097011308430403e-13 -0.999711275100708 -0.024029340595006943 
vn 0.0037741255946457386 -0.910611629486084 0.41324591636657715 
vn 0.0037741255946457386 -0.910611629486084 0.41324591636657715 
vn 0.0037662452086806297 -0.6401695013046265 0.7682244777679443 
vn 0.0037662452086806297 -0.6401695013046265 0.7682244777679443 
vn -0.0018745033303275704 -0.24224437773227692 0.9702134728431702 
vn -0.0018745033303275704 -0.24224437773227692 0.9702134728431702 
vn -0.0018777932273223996 0.1996326446533203 0.97986900806427 
vn -0.0018777932273223996 0.1996326446533203 0.97986900806427 
vn 0.001884994562715292 0.6060105562210083 0.7954543828964233 
vn 0.001884994562715292 0.6060105562210083 0.7954543828964233 
vn -0.0018851651111617684 0.8916977643966675 0.45262736082077026 
vn -0.0018851651111617684 0.8916977643966675 0.45262736082077026 
vn -1.0338169258378507e-13 0.999711275100708 0.024029340595006943 
vn -1.0338169258378507e-13 0.999711275100708 0.024029340595006943 
vn 0.5302026271820068 -0.8478681445121765 0.002184694167226553 
vn 0.10552956163883209 -0.9944137930870056 0.002184694167226553 
vn 0.5302026271820068 -0.8478681445121765 0.002184694167226553 
vn 0.10552956163883209 -0.9944137930870056 0.002184694167226553 
vn -0.333331435918808 -0.9428071975708008 0.002184694167226553 
vn -0.333331435918808 -0.9428071975708008 0.002184694167226553 
vn -0.7124248743057251 -0.7017449736595154 0.002184694167226553 
vn -0.7124248743057251 -0.7017449736595154 0.002184694167226553 
vn -0.9452975392341614 -0.32620200514793396 0.002184694167226553 
vn -0.9452975392341614 -0.32620200514793396 0.002184694167226553 
vn -0.9927064776420593 0.12053639441728592 0.002184694167226553 
vn -0.9927064776420593 0.12053639441728592 0.002184694167226553 
vn -0.8438400030136108 0.5365904569625854 0.002184694167226553 
vn -0.8438400030136108 0.5365904569625854 0.002184694167226553 
vn -0.5302026271820068 0.8478681445121765 0.002184694167226553 
vn -0.5302026271820068 0.8478681445121765 0.002184694167226553 
vn -0.10552956163883209 0.9944137930870056 0.002184694167226553 
vn -0.10552956163883209 0.9944137930870056 0.002184694167226553 
vn 0.333331435918808 0.9428071975708008 0.002184694167226553 
vn 0.333331435918808 0.9428071975708008 0.002184694167226553 
vn 0.7124248743057251 0.7017449736595154 0.002184694167226553 
vn 0.7124248743057251 0.7017449736595154 0.002184694167226553 
vn 0.9452975392341614 0.32620200514793396 0.002184694167226553 
vn 0.9452975392341614 0.32620200514793396 0.002184694167226553 
vn 0.9927064776420593 -0.12053639441728592 0.002184694167226553 
vn 0.9927064776420593 -0.12053639441728592 0.002184694167226553 
vn 0.8438400030136108 -0.5365904569625854 0.002184694167226553 
vn 0.8438400030136108 -0.5365904569625854 0.002184694167226553 
vn 0.5302026271820068 -0.8478681445121765 0.002184694167226553 
vn 0.5302026271820068 -0.8478681445121765 0.002184694167226553 
vn -1.0341130485562108e-13 0.999997615814209 0.002184694167226553 
vn -1.0341130485562108e-13 0.999997615814209 0.002184694167226553 
vn -1.0341130485562108e-13 0.999997615814209 0.002184694167226553 
vn -1.0341130485562108e-13 0.999997615814209 0.002184694167226553 
vn 0.999997615814209 0 0.002184694167226553 
vn 0.999997615814209 0 0.002184694167226553 
vn 0.999997615814209 0 0.002184694167226553 
vn 0.999997615814209 0 0.002184694167226553 
vn 3.097898456858039e-13 -0.999997615814209 0.002184694167226553 
vn 3.097898456858039e-13 -0.999997615814209 0.002184694167226553 
vn 3.097898456858039e-13 -0.999997615814209 0.002184694167226553 
vn 3.097898456858039e-13 -0.999997615814209 0.002184694167226553 
vn 0 0 1 
vn 0 0 1 
vn 0 0 1 
vn 0 0 1 
vn 0 0 1 
vn 0 0 1 
vn 0.999997615814209 0 0.002184694167226553 
vn 0.999997615814209 0 0.002184694167226553 
vn 0.999997615814209 0 0.002184694167226553 
vn 0.999997615814209 0 0.002184694167226553 
vn 0.7017449736595154 -0.7124248743057251 -0.002184694167226553 
vn 0.7017449736595154 -0.7124248743057251 -0.002184694167226553 
vn 0.8889381885528564 -0.45802199840545654 -0.002184694167226553 
vn 0.8889381885528564 -0.45802199840545654 -0.002184694167226553 
vn 0.986227810382843 -0.16537824273109436 0.002184694167226553 
vn 0.986227810382843 -0.16537824273109436 0.002184694167226553 
vn 0.9886130690574646 0.15046414732933044 0.002184694167226553 
vn 0.9886130690574646 0.15046414732933044 0.002184694167226553 
vn 0.8923717141151428 0.4512958228588104 0.002184694167226553 
vn 0.8923717141151428 0.4512958228588104 0.002184694167226553 
vn 0.7124248743057251 0.7017449736595154 -0.002184694167226553 
vn 0.7124248743057251 0.7017449736595154 -0.002184694167226553 
vn 0.45802199840545654 0.8889381885528564 -0.002184694167226553 
vn 0.45802199840545654 0.8889381885528564 -0.002184694167226553 
vn 0.16537824273109436 0.986227810382843 -0.002184694167226553 
vn 0.16537824273109436 0.986227810382843 -0.002184694167226553 
vn -0.15046414732933044 0.9886130690574646 0.002184694167226553 
vn -0.15046414732933044 0.9886130690574646 0.002184694167226553 
vn -0.4512958228588104 0.8923717141151428 0.002184694167226553 
vn -0.4512958228588104 0.8923717141151428 0.002184694167226553 
vn -0.7017449736595154 0.7124248743057251 0.002184694167226553 
vn -0.7017449736595154 0.7124248743057251 0.002184694167226553 
vn -0.8889381885528564 0.45802199840545654 0.002184694167226553 
vn -0.8889381885528564 0.45802199840545654 0.002184694167226553 
vn -0.986227810382843 0.16537824273109436 0.002184694167226553 
vn -0.986227810382843 0.16537824273109436 0.002184694167226553 
vn -0.9886130690574646 -0.15046414732933044 -0.002184694167226553 
vn -0.9886130690574646 -0.15046414732933044 -0.002184694167226553 
vn -0.8923717141151428 -0.4512958228588104 -0.002184694167226553 
vn -0.8923717141151428 -0.4512958228588104 -0.002184694167226553 
vn -0.7124248743057251 -0.7017449736595154 0.002184694167226553 
vn -0.7124248743057251 -0.7017449736595154 0.002184694167226553 
vn -0.45802199840545654 -0.8889381885528564 0.002184694167226553 
vn -0.45802199840545654 -0.8889381885528564 0.002184694167226553 
vn -0.16537824273109436 -0.986227810382843 0.002184694167226553 
vn -0.16537824273109436 -0.986227810382843 0.002184694167226553 
vn 0.15046414732933044 -0.9886130690574646 -0.002184694167226553 
vn 0.15046414732933044 -0.9886130690574646 -0.002184694167226553 
vn 0.4512958228588104 -0.8923717141151428 -0.002184694167226553 
vn 0.4512958228588104 -0.8923717141151428 -0.002184694167226553 
vn 0.7017449736595154 -0.7124248743057251 -0.002184694167226553 
vn 0.7017449736595154 -0.7124248743057251 -0.002184694167226553 
vn -2.0682311115474694e-13 0 -1 
vn -2.0682311115474694e-13 0 -1 
vn -2.0682311115474694e-13 0 -1 
vn -2.0682311115474694e-13 0 -1 
vn -2.0682311115474694e-13 0 -1 
vn -2.0682311115474694e-13 0 -1 
vn -0.999997615814209 -2.0682260971124217e-13 -0.002184694167226553 
vn -0.999997615814209 -2.0682260971124217e-13 -0.002184694167226553 
vn -0.999997615814209 -2.0682260971124217e-13 -0.002184694167226553 
vn -0.999997615814209 -2.0682260971124217e-13 -0.002184694167226553 
vn -0.9998835325241089 -0.015103200450539589 0.002184694167226553 
vn -0.9998644590377808 -0.015102911740541458 0.006554040592163801 
vn -0.9243634343147278 -0.35429084300994873 0.1415284425020218 
vn -0.9241851568222046 -0.2935384213924408 0.24437066912651062 
vn -0.999997615814209 -2.0682260971124217e-13 -0.002184694167226553 
vn -0.999997615814209 -2.0682260971124217e-13 -0.002184694167226553 
vn -0.9998263120651245 -0.015102335251867771 0.010923261754214764 
vn -0.9264649152755737 -0.19846896827220917 0.3198012113571167 
vn -0.999997615814209 -2.0682260971124217e-13 0.002184694167226553 
vn -0.999854564666748 -0.007550950627774 0.0152922747656703 
vn -0.9250158071517944 -0.09039535373449326 0.3690181374549866 
vn -0.999997615814209 -2.0682260971124217e-13 0.002184694167226553 
vn -0.999854564666748 -0.007550950627774 0.0152922747656703 
vn -0.9257852435112 0.02641323395073414 0.37712597846984863 
vn -0.999997615814209 -2.0682260971124217e-13 0.002184694167226553 
vn -0.9998830556869507 -2.0679891989377336e-13 0.0152922747656703 
vn -0.9253316521644592 0.1391078531742096 0.3527185618877411 
vn -0.999997615814209 -2.0682260971124217e-13 0.002184694167226553 
vn -0.999854564666748 0.007550950627774 0.0152922747656703 
vn -0.9255869388580322 0.24247875809669495 0.29067665338516235 
vn -0.999997615814209 -2.0682260971124217e-13 -0.002184694167226553 
vn -0.9999118447303772 0.007551383227109909 0.010923261754214764 
vn -0.9248682260513306 0.3223397135734558 0.2017817199230194 
vn -0.999997615814209 -2.0682260971124217e-13 -0.002184694167226553 
vn -0.9998644590377808 0.015102911740541458 0.006554040592163801 
vn -0.9263419508934021 0.36481696367263794 0.09380380809307098 
vn -0.999997615814209 -2.0682260971124217e-13 0.002184694167226553 
vn -0.9998835325241089 0.015103200450539589 0.002184694167226553 
vn -0.9264755845069885 0.3755870461463928 -0.024029340595006943 
vn -0.999997615814209 -2.0682260971124217e-13 0.002184694167226553 
vn -0.9998835325241089 0.015103200450539589 -0.002184694167226553 
vn -0.9243634343147278 0.35429084300994873 -0.1415284425020218 
vn -0.999997615814209 -2.0682260971124217e-13 0.002184694167226553 
vn -0.9998644590377808 0.015102911740541458 -0.006554040592163801 
vn -0.9241851568222046 0.2935384213924408 -0.24437066912651062 
vn -0.999997615814209 -2.0682260971124217e-13 0.002184694167226553 
vn -0.9998263120651245 0.015102335251867771 -0.010923261754214764 
vn -0.9256121516227722 0.20240889489650726 -0.3198012113571167 
vn -0.999997615814209 -2.0682260971124217e-13 0.002184694167226553 
vn -0.999854564666748 0.007550950627774 -0.0152922747656703 
vn -0.9246289134025574 0.09427052736282349 -0.3690181374549866 
vn -0.999997615814209 -2.0682260971124217e-13 0.002184694167226553 
vn -0.999854564666748 0.007550950627774 -0.0152922747656703 
vn -0.9257852435112 -0.02641323395073414 -0.37712597846984863 
vn -0.999997615814209 -2.0682260971124217e-13 -0.002184694167226553 
vn -0.9998830556869507 -2.0679891989377336e-13 -0.0152922747656703 
vn -0.9247349500656128 -0.14302058517932892 -0.3527185618877411 
vn -0.999997615814209 -2.0682260971124217e-13 -0.002184694167226553 
vn -0.999854564666748 -0.007550950627774 -0.0152922747656703 
vn -0.926459789276123 -0.23912206292152405 -0.29067665338516235 
vn -0.999997615814209 -2.0682260971124217e-13 -0.002184694167226553 
vn -0.9999118447303772 -0.007551383227109909 -0.010923261754214764 
vn -0.9248682260513306 -0.3223397135734558 -0.2017817199230194 
vn -0.999997615814209 -2.0682260971124217e-13 -0.002184694167226553 
vn -0.9998644590377808 -0.015102911740541458 -0.006554040592163801 
vn -0.9263419508934021 -0.36481696367263794 -0.09380380809307098 
vn -0.999997615814209 -2.0682260971124217e-13 0.002184694167226553 
vn -0.9998835325241089 -0.015103200450539589 -0.002184694167226553 
vn -0.9264755845069885 -0.3755870461463928 0.024029340595006943 
vn 0.999997615814209 0 0.002184694167226553 
vn 0.999997615814209 0 0.002184694167226553 
vn 0.999997615814209 0 0.002184694167226553 
vn 0.999997615814209 0 0.002184694167226553 
vn 0.999997615814209 0 0.002184694167226553 
vn 0.999997615814209 0 0.002184694167226553 
vn -0.999997615814209 -2.0682260971124217e-13 0.002184694167226553 
vn -0.999997615814209 -2.0682260971124217e-13 0.002184694167226553 
vn -0.999997615814209 -2.0682260971124217e-13 0.002184694167226553 
vn -0.999997615814209 -2.0682260971124217e-13 0.002184694167226553 
vn -0.999997615814209 -2.0682260971124217e-13 0.002184694167226553 
vn -0.8990859389305115 -0.4377666711807251 0.002184694167226553 
vn -0.8990859389305115 -0.4377666711807251 0.002184694167226553 
vn -0.8990859389305115 -0.4377666711807251 0.002184694167226553 
vn -0.8990859389305115 -0.4377666711807251 0.002184694167226553 
vn -0.0018418359104543924 0.07854640483856201 0.9969087839126587 
vn -0.0018418359104543924 0.07854640483856201 0.9969087839126587 
vn -0.0018418359104543924 0.07854640483856201 0.9969087839126587 
vn -0.0018418359104543924 0.07854640483856201 0.9969087839126587 
vn -1.0341130485562108e-13 0.999997615814209 0.002184694167226553 
vn -1.0341130485562108e-13 0.999997615814209 0.002184694167226553 
vn 0.05283859372138977 0.9986006617546082 0.002184694167226553 
vn -1.0341130485562108e-13 0.999997615814209 0.002184694167226553 
vn -1.0341130485562108e-13 0.999997615814209 0.002184694167226553 
vn -0.06791467219591141 0.9976887702941895 0.002184694167226553 
vn -1.0341130485562108e-13 0.999997615814209 0.002184694167226553 
vn -0.05283859372138977 0.9986006617546082 0.002184694167226553 
vn -0.11303620040416718 0.9935884475708008 0.002184694167226553 
vn 0.06791467219591141 0.9976887702941895 0.002184694167226553 
vn 0.0904986634850502 0.995894193649292 0.002184694167226553 
vn 0 0 1 
vn 0 0 1 
vn 0 0 1 
vn 0 0 1 
vn 0 0 1 
vn 0 0 1 
vn 0 0 1 
vn 0 0 1 
vn -2.0682311115474694e-13 0 -1 
vn -2.0682311115474694e-13 0 -1 
vn -2.0682311115474694e-13 0 -1 
vn -2.0682311115474694e-13 0 -1 
vn -2.0682311115474694e-13 0 -1 
vn -2.0682311115474694e-13 0 -1 
vn -2.0682311115474694e-13 0 -1 
vn -2.0682311115474694e-13 0 -1 
vn -2.0682311115474694e-13 0 -1 
vn -2.0682311115474694e-13 0 -1 
vn -2.0682311115474694e-13 0 -1 
vn -2.0682311115474694e-13 0 -1 
vn -2.0682311115474694e-13 0 -1 
vn -2.0682311115474694e-13 0 -1 
vn -2.0682311115474694e-13 0 -1 
vn -2.0682311115474694e-13 0 -1 
vn -2.0682311115474694e-13 0 -1 
vn -2.0682311115474694e-13 0 -1 
vn -2.0682311115474694e-13 0 -1 
vn -2.0682311115474694e-13 0 -1 
vn -2.0682311115474694e-13 0 -1 
vn 0.11303620040416718 0.9935884475708008 0.002184694167226553 
vn -1.0341130485562108e-13 0.999997615814209 0.002184694167226553 
vn 0.0904986634850502 0.995894193649292 0.002184694167226553 
vn -1.0341130485562108e-13 0.999997615814209 0.002184694167226553 
vn -1.0341130485562108e-13 0.999997615814209 0.002184694167226553 
vn -1.0341130485562108e-13 0.999997615814209 0.002184694167226553 
vn -2.0682311115474694e-13 0 -1 
vn -2.0682311115474694e-13 0 -1 
vn -2.0682311115474694e-13 0 -1 
vn -2.0682311115474694e-13 0 -1 
vn -0.3839099109172821 -0.8960058093070984 -0.22312943637371063 
vn -0.016986187547445297 -0.9695330858230591 -0.24437066912651062 
vn -0.3844919204711914 -0.7816282510757446 -0.4911448359489441 
vn -0.015108741819858551 -0.8463401794433594 -0.5324283838272095 
vn -0.3903283178806305 -0.5905388593673706 -0.7063339352607727 
vn -0.01512029767036438 -0.6400019526481628 -0.7682244777679443 
vn -0.38599422574043274 -0.3419610559940338 -0.8567795157432556 
vn -0.01513451337814331 -0.3707389831542969 -0.9286137819290161 
vn -0.385974258184433 -0.06400410830974579 -0.9202865362167358 
vn -0.018687747418880463 -0.06730718165636063 -0.9975572824478149 
vn -0.38469138741493225 0.22719818353652954 -0.8946471214294434 
vn -0.013214554637670517 0.24613407254219055 -0.9691457152366638 
vn -0.3885873854160309 0.4872731566429138 -0.7820260524749756 
vn -0.01322767324745655 0.5304129123687744 -0.8476362228393555 
vn -0.38602763414382935 0.7089283466339111 -0.590256929397583 
vn -0.0188777856528759 0.7665916681289673 -0.641857385635376 
vn -0.38654351234436035 0.8555024862289429 -0.34452807903289795 
vn -0.01510178204625845 0.9276780486106873 -0.37307560443878174 
vn -0.38409313559532166 0.9211209416389465 -0.0633138045668602 
vn -0.01888074353337288 0.9975288510322571 -0.06767380982637405 
vn -0.38865771889686584 0.8939566016197205 0.22312943637371063 
vn -0.016986187547445297 0.9695330858230591 0.24437066912651062 
vn -0.3844919204711914 0.7816282510757446 0.4911448359489441 
vn -0.013201562687754631 0.8463720679283142 0.5324283838272095 
vn -0.38816890120506287 0.5919604897499084 0.7063339352607727 
vn -0.0188286192715168 0.6399036049842834 0.7682244777679443 
vn -0.38406631350517273 0.3441249430179596 0.8567795157432556 
vn -0.01879326067864895 0.3705715239048004 0.9286137819290161 
vn -0.3860383927822113 0.06361614167690277 0.9202865362167358 
vn -0.016578061506152153 0.06785761564970016 0.9975572824478149 
vn -0.3853397071361542 -0.22609685361385345 0.8946471214294434 
vn -0.018777096644043922 -0.24577230215072632 0.9691457152366638 
vn -0.384367436170578 -0.4906087815761566 0.7820260524749756 
vn -0.016929106786847115 -0.5303077101707458 0.8476362228393555 
vn -0.38384267687797546 -0.7101137638092041 0.590256929397583 
vn -0.016963748261332512 -0.7666363716125488 0.641857385635376 
vn -0.38435953855514526 -0.856485903263092 0.34452807903289795 
vn -0.013197102583944798 -0.9277070760726929 0.37307560443878174 
vn -0.38409313559532166 -0.9211209416389465 0.0633138045668602 
vn -0.01888074353337288 -0.9975288510322571 0.06767380982637405 
vn -0.3839099109172821 -0.8960058093070984 -0.22312943637371063 
vn -0.016986187547445297 -0.9695330858230591 -0.24437066912651062 
vn 2.62229989242066e-13 -0.8464750647544861 -0.5324283838272095 
vn 1.9832190902534241e-13 -0.6401805877685547 -0.7682244777679443 
vn 1.1494710077438602e-13 -0.3710477650165558 -0.9286137819290161 
vn 0.0038081351667642593 -0.06538315862417221 -0.9978529810905457 
vn 0.001893154694698751 0.24224422872066498 -0.9702134728431702 
vn 0.001889859326183796 0.5305745005607605 -0.8476362228393555 
vn -0.00377592328004539 0.7668147683143616 -0.641857385635376 
vn -9.57393208765242e-14 0.9278009533882141 -0.37307560443878174 
vn 0.003776365192607045 0.9977003335952759 -0.06767380982637405 
vn -0.0018874495290219784 0.9696800708770752 0.24437066912651062 
vn 0.0018860124982893467 0.8464729189872742 0.5324283838272095 
vn 0.0037662452086806297 0.6401695013046265 0.7682244777679443 
vn 0.0037601967342197895 0.37102872133255005 0.9286137819290161 
vn -6.772832671081549e-15 0.06549396365880966 0.9978529810905457 
vn -0.0018745033303275704 -0.24224437773227692 0.9702134728431702 
vn -0.0018813272472470999 -0.5305745005607605 0.8476362228393555 
vn -0.0018850128399208188 -0.7668217420578003 0.641857385635376 
vn 0.0018853626679629087 -0.9277990460395813 0.37307560443878174 
vn 0.003776365192607045 -0.9977003335952759 0.06767380982637405 
vn -0.0018874495290219784 -0.9696800708770752 -0.24437066912651062 
vn 0.999997615814209 0 0.002184694167226553 
vn 0.999997615814209 0 0.002184694167226553 
vn 0.999997615814209 0 0.002184694167226553 
vn 0.999997615814209 0 0.002184694167226553 
vn 0.999997615814209 0 0.002184694167226553 
vn 0.999997615814209 0 0.002184694167226553 
vn 0.999997615814209 0 0.002184694167226553 
vn 0.999997615814209 0 0.002184694167226553 
vn 0.999997615814209 0 0.002184694167226553 
vn 0.999997615814209 0 0.002184694167226553 
vn 0.999997615814209 0 0.002184694167226553 
vn 0.999997615814209 0 0.002184694167226553 
vn 0.999997615814209 0 0.002184694167226553 
vn 0.999997615814209 0 0.002184694167226553 
vn 0.999997615814209 0 0.002184694167226553 
vn -2.0682311115474694e-13 0 -1 
vn -2.0682311115474694e-13 0 -1 
vn -2.0682311115474694e-13 0 -1 
vn -2.0682311115474694e-13 0 -1 
vn -2.0682311115474694e-13 0 -1 
vn -2.0682311115474694e-13 0 -1 
vn -2.0682311115474694e-13 0 -1 
vn -2.0682311115474694e-13 0 -1 
vn -2.0682311115474694e-13 0 -1 
vn -2.0682311115474694e-13 0 -1 
vn -2.0682311115474694e-13 0 -1 
vn -2.0682311115474694e-13 0 -1 
vn -2.0682311115474694e-13 0 -1 
vn -2.0682311115474694e-13 0 -1 
vn -2.0682311115474694e-13 0 -1 
vn -2.0682311115474694e-13 0 -1 
vn -2.0682311115474694e-13 0 -1 
vn -2.0682311115474694e-13 0 -1 
vn -2.0682311115474694e-13 0 -1 
vn -2.0682311115474694e-13 0 -1 
vn -2.0682311115474694e-13 0 -1 
vn -2.0682311115474694e-13 0 -1 
vn -2.0682311115474694e-13 0 -1 
vn -2.0682311115474694e-13 0 -1 
vn -2.0682311115474694e-13 0 -1 
vn -2.0682311115474694e-13 0 -1 
vn -2.0682311115474694e-13 0 -1 
vn -2.0682311115474694e-13 0 -1 
vn -2.0682311115474694e-13 0 -1 
vn -2.0682311115474694e-13 0 -1 
vn -2.0682311115474694e-13 0 -1 
vn -2.0682311115474694e-13 0 -1 
vn -2.0682311115474694e-13 0 -1 
vn -2.0682311115474694e-13 0 -1 
vn -2.0682311115474694e-13 0 -1 
vn -2.0682311115474694e-13 0 -1 
vn -2.0682311115474694e-13 0 -1 
vn -2.0682311115474694e-13 0 -1 
vn -2.0682311115474694e-13 0 -1 
vn -2.0682311115474694e-13 0 -1 
vn -2.0682311115474694e-13 0 -1 
vn -2.0682311115474694e-13 0 -1 
vn -2.0682311115474694e-13 0 -1 
vn -2.0682311115474694e-13 0 -1 
vn -2.0682311115474694e-13 0 -1 
vn -2.0682311115474694e-13 0 -1 
vn -2.0682311115474694e-13 0 -1 
vn -2.0682311115474694e-13 0 -1 
vn -2.0682311115474694e-13 0 -1 
vn -2.0682311115474694e-13 0 -1 
vn -2.0682311115474694e-13 0 -1 
vn -2.0682311115474694e-13 0 -1 
vn -2.0682311115474694e-13 0 -1 
vn -2.0682311115474694e-13 0 -1 
vn -2.0682311115474694e-13 0 -1 
vn -2.0682311115474694e-13 0 -1 
vn -2.0682311115474694e-13 0 -1 
vn -2.0682311115474694e-13 0 -1 
vn -2.0682311115474694e-13 0 -1 
vn -2.0682311115474694e-13 0 -1 
vn -2.0682311115474694e-13 0 -1 
vn 0.999997615814209 0 0.002184694167226553 
vn 0.999997615814209 0 0.002184694167226553 
vn 0.999997615814209 0 0.002184694167226553 
vn 0.999997615814209 0 0.002184694167226553 
vn 0.999997615814209 0 0.002184694167226553 
vn 0.999997615814209 0 0.002184694167226553 
vn 0.999997615814209 0 0.002184694167226553 
vn 0.999997615814209 0 0.002184694167226553 
vn 0.999997615814209 0 0.002184694167226553 
vn 0.999997615814209 0 0.002184694167226553 
vn 0.999997615814209 0 0.002184694167226553 
vn 0.999997615814209 0 -0.002184694167226553 
vn 0.999997615814209 0 -0.002184694167226553 
vn 0.999997615814209 0 -0.002184694167226553 
vn 0.999997615814209 0 -0.002184694167226553 
vn 0.999997615814209 0 0.002184694167226553 
vn 0.999997615814209 0 0.002184694167226553 
vn 0.999997615814209 0 0.002184694167226553 
vn 0.999997615814209 0 0.002184694167226553 
vn 0.999997615814209 0 -0.002184694167226553 
vn 0.999997615814209 0 -0.002184694167226553 
vn 0.999997615814209 0 -0.002184694167226553 
vn 0.999997615814209 0 -0.002184694167226553 
vn 0.999997615814209 0 -0.002184694167226553 
vn 0.999997615814209 0 -0.002184694167226553 
vn 0.999997615814209 0 0.002184694167226553 
vn 0.999997615814209 0 0.002184694167226553 
vn 0.999997615814209 0 0.002184694167226553 
vn 0.999997615814209 0 0.002184694167226553 
vn 0.999997615814209 0 0.002184694167226553 
vn 0.999997615814209 0 0.002184694167226553 
vn 0.999997615814209 0 0.002184694167226553 
vn 0.999997615814209 0 0.002184694167226553 
vn 0.999997615814209 0 0.002184694167226553 
vn 0.999997615814209 0 -0.002184694167226553 
vn 0.999997615814209 0 0.002184694167226553 
vn 0.999997615814209 0 0.002184694167226553 
vn 0.999997615814209 0 0.002184694167226553 
vn 0.999997615814209 0 0.002184694167226553 
vn 0.999997615814209 0 0.002184694167226553 
vn 0.999997615814209 0 0.002184694167226553 
vn 0.999997615814209 0 0.002184694167226553 
vn 0.999997615814209 0 0.002184694167226553 
vn 0.999997615814209 0 0.002184694167226553 
vn 0.999997615814209 0 0.002184694167226553 
vn 0.999997615814209 0 0.002184694167226553 
vn 0.999997615814209 0 0.002184694167226553 
vn 0.999997615814209 0 0.002184694167226553 
vn 0.999997615814209 0 0.002184694167226553 
vn 0.999997615814209 0 0.002184694167226553 
vn 0.999997615814209 0 0.002184694167226553 
vn 0.999997615814209 0 0.002184694167226553 
vn 0.999997615814209 0 -0.002184694167226553 
vn 0.999997615814209 0 -0.002184694167226553 
vn 0.999997615814209 0 -0.002184694167226553 
vn 0.999997615814209 0 -0.002184694167226553 
vn 0.999997615814209 0 0.002184694167226553 
vn 0.999997615814209 0 0.002184694167226553 
vn 0.999997615814209 0 0.002184694167226553 
vn 0.999997615814209 0 0.002184694167226553 
vn 0.999997615814209 0 0.002184694167226553 
vn 0.999997615814209 0 0.002184694167226553 
vn 0.999997615814209 0 0.002184694167226553 
vn 0.999997615814209 0 0.002184694167226553 
vn 0.999997615814209 0 0.002184694167226553 
vn 0.999997615814209 0 0.002184694167226553 
vn 0.999997615814209 0 0.002184694167226553 
vn 0.999997615814209 0 0.002184694167226553 
vn 0.999997615814209 0 0.002184694167226553 
vn 0.999997615814209 0 0.002184694167226553 
vn 0.999997615814209 0 0.002184694167226553 
vn 0.999997615814209 0 0.002184694167226553 
vn 0.999997615814209 0 0.002184694167226553 
vn 0.999997615814209 0 0.002184694167226553 
vn 0.999997615814209 0 0.002184694167226553 
vn 0.999997615814209 0 0.002184694167226553 
vn 0.999997615814209 0 0.002184694167226553 
vn 0.999997615814209 0 0.002184694167226553 
vn 0.999997615814209 0 0.002184694167226553 
vn 0.999997615814209 0 0.002184694167226553 
vn -0.999997615814209 -2.0682260971124217e-13 0.002184694167226553 
vn -0.999997615814209 -2.0682260971124217e-13 0.002184694167226553 
vn -0.999997615814209 -2.0682260971124217e-13 0.002184694167226553 
vn -0.999997615814209 -2.0682260971124217e-13 0.002184694167226553 
vn -0.999997615814209 -2.0682260971124217e-13 0.002184694167226553 
vn -0.999997615814209 -2.0682260971124217e-13 0.002184694167226553 
vn -0.999997615814209 -2.0682260971124217e-13 0.002184694167226553 
vn -0.999997615814209 -2.0682260971124217e-13 0.002184694167226553 
vn -0.999997615814209 -2.0682260971124217e-13 0.002184694167226553 
vn -0.999997615814209 -2.0682260971124217e-13 0.002184694167226553 
vn -0.999997615814209 -2.0682260971124217e-13 0.002184694167226553 
vn -0.999997615814209 -2.0682260971124217e-13 0.002184694167226553 
vn -0.999997615814209 -2.0682260971124217e-13 0.002184694167226553 
vn -0.999997615814209 -2.0682260971124217e-13 0.002184694167226553 
vn -0.999997615814209 -2.0682260971124217e-13 0.002184694167226553 
vn -0.999997615814209 -2.0682260971124217e-13 0.002184694167226553 
vn -0.999997615814209 -2.0682260971124217e-13 0.002184694167226553 
vn -0.999997615814209 -2.0682260971124217e-13 0.002184694167226553 
vn -0.999997615814209 -2.0682260971124217e-13 0.002184694167226553 
vn -0.999997615814209 -2.0682260971124217e-13 0.002184694167226553 
vn -0.999997615814209 -2.0682260971124217e-13 0.002184694167226553 
vn 0 0 1 
vn 0 0 1 
vn 0 0 1 
vn 0 0 1 
vn 0 0 1 
vn 0 0 1 
vn 0 0 1 
vn 0 0 1 
vn 0 0 1 
vn 0 0 1 
vn 0 0 1 
vn 0 0 1 
vn 0 0 1 
vn 0 0 1 
vn 0 0 1 
vn 0 0 1 
vn 0 0 1 
vn 0 0 1 
vn 0 0 1 
vn 0 0 1 
vn 0 0 1 
vn 0 0 1 
vn 0 0 1 
vn 0 0 1 
vn 0 0 1 
vn 0 0 1 
vn 0 0 1 
vn 0 0 1 
vn 0 0 1 
vn 0 0 1 
vn 0 0 1 
vn 0 0 1 
vn 0 0 1 
vn 0 0 1 
vn 0 0 1 
vn 0 0 1 
vn 0 0 1 
vn 0 0 1 
vn 0 0 1 
vn 0 0 1 
vn 0 0 1 
vn 0 0 1 
vn 0 0 1 
vn 0 0 1 
vn 0 0 1 
vn 0 0 1 
vn 0 0 1 
vn 0 0 1 
vn 0 0 1 
vn 0 0 1 
vn 0 0 1 
vn 0 0 1 
vn 0 0 1 
vn 0 0 1 
vn 0 0 1 
vn 0 0 1 
vn 0 0 1 
vn 0 0 1 
vn 0 0 1 
vn 0 0 1 
vn 0 0 1 
vn 0 0 1 
vn 0 0 1 
vn 0 0 1 
vn 0 0 1 
vn 0 0 1 
vn 0 0 1 
vn 0 0 1 
vn 0 0 1 
vn 0 0 1 
vn 0 0 1 
vn 0 0 1 
vn 0 0 1 
vn 0 0 1 
vn 0 0 1 
vn 0 0 1 
vn 0 0 1 
vn 0 0 1 
vn 0 0 1 
vn 0 0 1 
vn 0 0 1 
vn 0 0 1 
vn 0 0 1 
vn 0 0 1 
vn 0 0 1 
vn 0 0 1 
vn 0 0 1 
vn 0 0 1 
vn 0 0 1 
vn 0 0 1 
vn 0 0 1 
vn 0 0 1 
vn 0 0 1 
vn 0 0 1 
vn 0 0 1 
vn -0.999997615814209 -2.0682260971124217e-13 0.002184694167226553 
vn -0.999997615814209 -2.0682260971124217e-13 0.002184694167226553 
vn -0.999997615814209 -2.0682260971124217e-13 0.002184694167226553 
vn -0.999997615814209 -2.0682260971124217e-13 0.002184694167226553 
vn -0.999997615814209 -2.0682260971124217e-13 0.002184694167226553 
vn -0.999997615814209 -2.0682260971124217e-13 0.002184694167226553 
vn -0.999997615814209 -2.0682260971124217e-13 0.002184694167226553 
vn -0.999997615814209 -2.0682260971124217e-13 0.002184694167226553 
vn -0.999997615814209 -2.0682260971124217e-13 0.002184694167226553 
vn -0.999997615814209 -2.0682260971124217e-13 0.002184694167226553 
vn -0.999997615814209 -2.0682260971124217e-13 0.002184694167226553 
vn -0.999997615814209 -2.0682260971124217e-13 0.002184694167226553 
vn -0.999997615814209 -2.0682260971124217e-13 0.002184694167226553 
vn -0.999997615814209 -2.0682260971124217e-13 0.002184694167226553 
vn -0.999997615814209 -2.0682260971124217e-13 0.002184694167226553 
vn -0.999997615814209 -2.0682260971124217e-13 0.002184694167226553 
vn -0.999997615814209 -2.0682260971124217e-13 0.002184694167226553 
vn -0.999997615814209 -2.0682260971124217e-13 0.002184694167226553 
vn -0.999997615814209 -2.0682260971124217e-13 0.002184694167226553 
vn -0.999997615814209 -2.0682260971124217e-13 0.002184694167226553 
vn -0.999997615814209 -2.0682260971124217e-13 -0.002184694167226553 
vn -0.999997615814209 -2.0682260971124217e-13 -0.002184694167226553 
vn -0.999997615814209 -2.0682260971124217e-13 -0.002184694167226553 
vn -0.999997615814209 -2.0682260971124217e-13 -0.002184694167226553 
vn -0.999997615814209 -2.0682260971124217e-13 -0.002184694167226553 
vn -0.999997615814209 -2.0682260971124217e-13 -0.002184694167226553 
vn -0.999997615814209 -2.0682260971124217e-13 -0.002184694167226553 
vn -0.999997615814209 -2.0682260971124217e-13 -0.002184694167226553 
vn -0.999997615814209 -2.0682260971124217e-13 0.002184694167226553 
vn -0.999997615814209 -2.0682260971124217e-13 0.002184694167226553 
vn -0.999997615814209 -2.0682260971124217e-13 0.002184694167226553 
vn -0.999997615814209 -2.0682260971124217e-13 0.002184694167226553 
vn -0.999997615814209 -2.0682260971124217e-13 0.002184694167226553 
vn -0.999997615814209 -2.0682260971124217e-13 0.002184694167226553 
vn -0.999997615814209 -2.0682260971124217e-13 0.002184694167226553 
vn -0.999997615814209 -2.0682260971124217e-13 0.002184694167226553 
vn -0.999997615814209 -2.0682260971124217e-13 0.002184694167226553 
vn -0.999997615814209 -2.0682260971124217e-13 0.002184694167226553 
vn -0.999997615814209 -2.0682260971124217e-13 0.002184694167226553 
vn -0.999997615814209 -2.0682260971124217e-13 0.002184694167226553 
vn 0.999997615814209 0 0.002184694167226553 
vn 0.999997615814209 0 0.002184694167226553 
vn 0.999997615814209 0 0.002184694167226553 
vn 0.999997615814209 0 0.002184694167226553 
vn 0.999997615814209 0 0.002184694167226553 
vn 0.999997615814209 0 0.002184694167226553 
vn 0.999997615814209 0 0.002184694167226553 
vn 0.999997615814209 0 -0.002184694167226553 
vn 0.999997615814209 0 -0.002184694167226553 
vn 0.999997615814209 0 0.002184694167226553 
vn 0.999997615814209 0 0.002184694167226553 
vn 0.999997615814209 0 0.002184694167226553 
vn 0.999997615814209 0 0.002184694167226553 
vn 0.999997615814209 0 0.002184694167226553 
vn 0.999997615814209 0 -0.002184694167226553 
vn 0.999997615814209 0 -0.002184694167226553 
vn 0.999997615814209 0 0.002184694167226553 
vn 0.999997615814209 0 0.002184694167226553 
vn 0.999997615814209 0 0.002184694167226553 
vn 0.999997615814209 0 -0.002184694167226553 
vn 0.999997615814209 0 -0.002184694167226553 
vn 0 0 1 
vn 0 0 1 
vn 0 0 1 
vn 0 0 1 
vn 0 0 1 
vn 0 0 1 
vn 0 0 1 
vn 0 0 1 
vn 0 0 1 
vn 0 0 1 
vn 0 0 1 
vn 0 0 1 
vn 0 0 1 
vn 0 0 1 
vn 0 0 1 
vn 0 0 1 
vn 0 0 1 
vn 0 0 1 
vn 0 0 1 
vn 0 0 1 
vn 0 0 1 
vn -2.0682311115474694e-13 0 -1 
vn -2.0682311115474694e-13 0 -1 
vn -2.0682311115474694e-13 0 -1 
vn -2.0682311115474694e-13 0 -1 
vn -2.0682311115474694e-13 0 -1 
vn -2.0682311115474694e-13 0 -1 
vn -2.0682311115474694e-13 0 -1 
vn -2.0682311115474694e-13 0 -1 
vn -2.0682311115474694e-13 0 -1 
vn -2.0682311115474694e-13 0 -1 
vn -2.0682311115474694e-13 0 -1 
vn -2.0682311115474694e-13 0 -1 
vn -2.0682311115474694e-13 0 -1 
vn -2.0682311115474694e-13 0 -1 
vn -2.0682311115474694e-13 0 -1 
vn -2.0682311115474694e-13 0 -1 
vn -2.0682311115474694e-13 0 -1 
vn -2.0682311115474694e-13 0 -1 
vn -2.0682311115474694e-13 0 -1 
vn -2.0682311115474694e-13 0 -1 
vn -2.0682311115474694e-13 0 -1 
vn -2.0682311115474694e-13 0 -1 
vn -2.0682311115474694e-13 0 -1 
vn -2.0682311115474694e-13 0 -1 
vn -2.0682311115474694e-13 0 -1 
vn -2.0682311115474694e-13 0 -1 
vn -2.0682311115474694e-13 0 -1 
vn -2.0682311115474694e-13 0 -1 
vn -2.0682311115474694e-13 0 -1 
vn -2.0682311115474694e-13 0 -1 
vn -0.999997615814209 -2.0682260971124217e-13 0.002184694167226553 
vn -0.999997615814209 -2.0682260971124217e-13 0.002184694167226553 
vn -0.999997615814209 -2.0682260971124217e-13 0.002184694167226553 
vn -0.999997615814209 -2.0682260971124217e-13 0.002184694167226553 
vn -0.999997615814209 -2.0682260971124217e-13 0.002184694167226553 
vn -0.999997615814209 -2.0682260971124217e-13 0.002184694167226553 
vn -0.999997615814209 -2.0682260971124217e-13 0.002184694167226553 
vn -0.999997615814209 -2.0682260971124217e-13 -0.002184694167226553 
vn -0.999997615814209 -2.0682260971124217e-13 0.002184694167226553 
vn -0.999997615814209 -2.0682260971124217e-13 0.002184694167226553 
vn -0.999997615814209 -2.0682260971124217e-13 0.002184694167226553 
vn -0.999997615814209 -2.0682260971124217e-13 -0.002184694167226553 
vn -0.999997615814209 -2.0682260971124217e-13 0.002184694167226553 
vn -0.999997615814209 -2.0682260971124217e-13 0.002184694167226553 
vn -0.999997615814209 -2.0682260971124217e-13 0.002184694167226553 
vn -0.999997615814209 -2.0682260971124217e-13 0.002184694167226553 
vn -0.999997615814209 -2.0682260971124217e-13 -0.002184694167226553 
vn -0.999997615814209 -2.0682260971124217e-13 -0.002184694167226553 
vn -0.999997615814209 -2.0682260971124217e-13 0.002184694167226553 
vn -0.999997615814209 -2.0682260971124217e-13 0.002184694167226553 
vn -0.999997615814209 -2.0682260971124217e-13 0.002184694167226553 
vn -0.999997615814209 -2.0682260971124217e-13 0.002184694167226553 
vn -0.999997615814209 -2.0682260971124217e-13 0.002184694167226553 
vn -0.999997615814209 -2.0682260971124217e-13 0.002184694167226553 
vn -0.999997615814209 -2.0682260971124217e-13 0.002184694167226553 
vn -0.999997615814209 -2.0682260971124217e-13 0.002184694167226553 
vn -0.999997615814209 -2.0682260971124217e-13 0.002184694167226553 
vn -0.999997615814209 -2.0682260971124217e-13 0.002184694167226553 
vn -0.999997615814209 -2.0682260971124217e-13 0.002184694167226553 
vn -0.999997615814209 -2.0682260971124217e-13 0.002184694167226553 
vn -0.999997615814209 -2.0682260971124217e-13 0.002184694167226553 
vn -0.999997615814209 -2.0682260971124217e-13 0.002184694167226553 
vn -0.999997615814209 -2.0682260971124217e-13 0.002184694167226553 
vn -0.999997615814209 -2.0682260971124217e-13 0.002184694167226553 
vn -0.999997615814209 -2.0682260971124217e-13 0.002184694167226553 
vn -0.999997615814209 -2.0682260971124217e-13 0.002184694167226553 
vn -0.999997615814209 -2.0682260971124217e-13 -0.002184694167226553 
vn -0.999997615814209 -2.0682260971124217e-13 0.002184694167226553 
vn -0.999997615814209 -2.0682260971124217e-13 0.002184694167226553 
vn -0.999997615814209 -2.0682260971124217e-13 0.002184694167226553 
vn -0.999997615814209 -2.0682260971124217e-13 0.002184694167226553 
vn -0.999997615814209 -2.0682260971124217e-13 0.002184694167226553 
vn -0.999997615814209 -2.0682260971124217e-13 0.002184694167226553 
vn -0.999997615814209 -2.0682260971124217e-13 0.002184694167226553 
vn -0.999997615814209 -2.0682260971124217e-13 0.002184694167226553 
vn -0.999997615814209 -2.0682260971124217e-13 0.002184694167226553 
vn -0.999997615814209 -2.0682260971124217e-13 0.002184694167226553 
vn -0.999997615814209 -2.0682260971124217e-13 0.002184694167226553 
vn -0.999997615814209 -2.0682260971124217e-13 0.002184694167226553 
vn -0.999997615814209 -2.0682260971124217e-13 0.002184694167226553 
vn -0.999997615814209 -2.0682260971124217e-13 0.002184694167226553 
vn -0.999997615814209 -2.0682260971124217e-13 -0.002184694167226553 
vn -0.999997615814209 -2.0682260971124217e-13 -0.002184694167226553 
vn -0.999997615814209 -2.0682260971124217e-13 -0.002184694167226553 
vn -0.999997615814209 -2.0682260971124217e-13 -0.002184694167226553 
vn -0.999997615814209 -2.0682260971124217e-13 -0.002184694167226553 
vn -0.999997615814209 -2.0682260971124217e-13 -0.002184694167226553 
vn -0.999997615814209 -2.0682260971124217e-13 0.002184694167226553 
vn -0.999997615814209 -2.0682260971124217e-13 0.002184694167226553 
vn -0.999997615814209 -2.0682260971124217e-13 0.002184694167226553 
vn -0.999997615814209 -2.0682260971124217e-13 0.002184694167226553 
vn -0.999997615814209 -2.0682260971124217e-13 0.002184694167226553 
vn -0.999997615814209 -2.0682260971124217e-13 0.002184694167226553 
vn -0.999997615814209 -2.0682260971124217e-13 0.002184694167226553 
vn -0.999997615814209 -2.0682260971124217e-13 0.002184694167226553 
vn -0.999997615814209 -2.0682260971124217e-13 0.002184694167226553 
vn -0.999997615814209 -2.0682260971124217e-13 0.002184694167226553 
vn -0.999997615814209 -2.0682260971124217e-13 -0.002184694167226553 
vn -0.999997615814209 -2.0682260971124217e-13 -0.002184694167226553 
vn -0.999997615814209 -2.0682260971124217e-13 -0.002184694167226553 
vn -0.999997615814209 -2.0682260971124217e-13 -0.002184694167226553 
vn -0.999997615814209 -2.0682260971124217e-13 0.002184694167226553 
vn -0.999997615814209 -2.0682260971124217e-13 0.002184694167226553 
vn -0.999997615814209 -2.0682260971124217e-13 -0.002184694167226553 
vn -0.999997615814209 -2.0682260971124217e-13 -0.002184694167226553 
vn -0.999997615814209 -2.0682260971124217e-13 -0.002184694167226553 
vn -2.0682311115474694e-13 0 -1 
vn -2.0682311115474694e-13 0 -1 
vn -2.0682311115474694e-13 0 -1 
vn -2.0682311115474694e-13 0 -1 
vn -2.0682311115474694e-13 0 -1 
vn -2.0682311115474694e-13 0 -1 
vn -2.0682311115474694e-13 0 -1 
vn -2.0682311115474694e-13 0 -1 
vn -2.0682311115474694e-13 0 -1 
vn -2.0682311115474694e-13 0 -1 
vn -2.0682311115474694e-13 0 -1 
vn -2.0682311115474694e-13 0 -1 
vn -2.0682311115474694e-13 0 -1 
vn -2.0682311115474694e-13 0 -1 
vn -2.0682311115474694e-13 0 -1 
vn -2.0682311115474694e-13 0 -1 
vn -2.0682311115474694e-13 0 -1 
vn -2.0682311115474694e-13 0 -1 
vn -2.0682311115474694e-13 0 -1 
vn -2.0682311115474694e-13 0 -1 
vn -2.0682311115474694e-13 0 -1 
vn -2.0682311115474694e-13 0 -1 
vn -2.0682311115474694e-13 0 -1 
vn -2.0682311115474694e-13 0 -1 
vn -2.0682311115474694e-13 0 -1 
vn -2.0682311115474694e-13 0 -1 
vn -2.0682311115474694e-13 0 -1 
vn -2.0682311115474694e-13 0 -1 
vn -2.0682311115474694e-13 0 -1 
vn -2.0682311115474694e-13 0 -1 
vn -2.0682311115474694e-13 0 -1 
vn -2.0682311115474694e-13 0 -1 
vn -2.0682311115474694e-13 0 -1 
vn -2.0682311115474694e-13 0 -1 
vn -2.0682311115474694e-13 0 -1 
vn -2.0682311115474694e-13 0 -1 
vn -2.0682311115474694e-13 0 -1 
vn -2.0682311115474694e-13 0 -1 
vn -2.0682311115474694e-13 0 -1 
vn -2.0682311115474694e-13 0 -1 
vn -2.0682311115474694e-13 0 -1 
vn -2.0682311115474694e-13 0 -1 
vn -2.0682311115474694e-13 0 -1 
vn -2.0682311115474694e-13 0 -1 
vn -2.0682311115474694e-13 0 -1 
vn -2.0682311115474694e-13 0 -1 
vn -2.0682311115474694e-13 0 -1 
vn -2.0682311115474694e-13 0 -1 
vn -2.0682311115474694e-13 0 -1 
vn -2.0682311115474694e-13 0 -1 
vn -2.0682311115474694e-13 0 -1 
vn -2.0682311115474694e-13 0 -1 
vn -2.0682311115474694e-13 0 -1 
vn -2.0682311115474694e-13 0 -1 
vn -2.0682311115474694e-13 0 -1 
vn -2.0682311115474694e-13 0 -1 
vn -2.0682311115474694e-13 0 -1 
vn -2.0682311115474694e-13 0 -1 
vn -2.0682311115474694e-13 0 -1 
vn -2.0682311115474694e-13 0 -1 
vn -2.0682311115474694e-13 0 -1 
vn 0.999997615814209 0 0.002184694167226553 
vn 0.999997615814209 0 0.002184694167226553 
vn 0.999997615814209 0 0.002184694167226553 
vn 0.999997615814209 0 0.002184694167226553 
vn 0.999997615814209 0 0.002184694167226553 
vn 0.999997615814209 0 0.002184694167226553 
vn 0.999997615814209 0 0.002184694167226553 
vn 0.999997615814209 0 0.002184694167226553 
vn 0.999997615814209 0 0.002184694167226553 
vn 0.999997615814209 0 0.002184694167226553 
vn 0.999997615814209 0 0.002184694167226553 
vn 0.999997615814209 0 0.002184694167226553 
vn 0.999997615814209 0 0.002184694167226553 
vn 0.999997615814209 0 -0.002184694167226553 
vn 0.999997615814209 0 0.002184694167226553 
vn 0.999997615814209 0 0.002184694167226553 
vn 0.999997615814209 0 0.002184694167226553 
vn 0.999997615814209 0 -0.002184694167226553 
vn 0.999997615814209 0 0.002184694167226553 
vn 0.999997615814209 0 0.002184694167226553 
vn 0.999997615814209 0 0.002184694167226553 
vn 0 0 1 
vn 0 0 1 
vn 0 0 1 
vn 0 0 1 
vn 0 0 1 
vn 0 0 1 
vn 0 0 1 
vn 0 0 1 
vn 0 0 1 
vn 0 0 1 
vn 0 0 1 
vn 0 0 1 
vn 0 0 1 
vn 0 0 1 
vn 0 0 1 
vn 0 0 1 
vn 0 0 1 
vn 0 0 1 
vn 0.999997615814209 0 0.002184694167226553 
vn 0.999997615814209 0 0.002184694167226553 
vn 0.999997615814209 0 0.002184694167226553 
vn 0.999997615814209 0 0.002184694167226553 
vn 0.999997615814209 0 0.002184694167226553 
vn 0.999997615814209 0 0.002184694167226553 
vn 0.999997615814209 0 0.002184694167226553 
vn 0.999997615814209 0 0.002184694167226553 
vn 0.999997615814209 0 0.002184694167226553 
vn 0.999997615814209 0 0.002184694167226553 
vn 0.999997615814209 0 0.002184694167226553 
vn 0.999997615814209 0 0.002184694167226553 
vn 0.999997615814209 0 0.002184694167226553 
vn 0.999997615814209 0 0.002184694167226553 
vn 0.999997615814209 0 0.002184694167226553 
vn 0 0 1 
vn 0 0 1 
vn 0 0 1 
vn 0 0 1 
vn 0 0 1 
vn 0 0 1 
vn 0 0 1 
vn 0 0 1 
vn 0 0 1 
vn 0 0 1 
vn 0 0 1 
vn 0 0 1 
vn 0 0 1 
vn 0 0 1 
vn 0 0 1 
vn 0 0 1 
vn 0 0 1 
vn 0 0 1 
vn 0 0 1 
vn 0 0 1 
vn 0 0 1 
vn 0 0 1 
vn 0 0 1 
vn 0 0 1 
vn 0 0 1 
vn 0 0 1 
vn 0 0 1 
vn 0 0 1 
vn 0 0 1 
vn 0 0 1 
vn 0 0 1 
vn 0 0 1 
vn 0 0 1 
vn 0 0 1 
vn 0 0 1 
vn 0 0 1 
vn -0.999997615814209 -2.0682260971124217e-13 0.002184694167226553 
vn -0.999997615814209 -2.0682260971124217e-13 0.002184694167226553 
vn -0.999997615814209 -2.0682260971124217e-13 0.002184694167226553 
vn -0.999997615814209 -2.0682260971124217e-13 0.002184694167226553 
vn -0.999997615814209 -2.0682260971124217e-13 0.002184694167226553 
vn -0.999997615814209 -2.0682260971124217e-13 0.002184694167226553 
vn -0.999997615814209 -2.0682260971124217e-13 0.002184694167226553 
vn -0.999997615814209 -2.0682260971124217e-13 0.002184694167226553 
vn -0.999997615814209 -2.0682260971124217e-13 0.002184694167226553 
vn -0.999997615814209 -2.0682260971124217e-13 0.002184694167226553 
vn -0.999997615814209 -2.0682260971124217e-13 0.002184694167226553 
vn -0.999997615814209 -2.0682260971124217e-13 0.002184694167226553 
vn -0.999997615814209 -2.0682260971124217e-13 0.002184694167226553 
vn -0.999997615814209 -2.0682260971124217e-13 -0.002184694167226553 
vn -0.999997615814209 -2.0682260971124217e-13 -0.002184694167226553 
vn 3.097898456858039e-13 -0.999997615814209 0.002184694167226553 
vn 3.097898456858039e-13 -0.999997615814209 0.002184694167226553 
vn 3.097898456858039e-13 -0.999997615814209 0.002184694167226553 
vn -0.9663880467414856 -0.003771444782614708 0.25706008076667786 
vn 0.999997615814209 0 0.002184694167226553 
vn -0.6471797227859497 0.6578567624092102 0.3852050006389618 
vn 0.6417760252952576 0.6631293892860413 0.3852050006389618 
vn 0.38737788796424866 -0.8945119380950928 -0.22312943637371063 
vn -2.0682311115474694e-13 0 -1 
vn -0.0018874495290219784 -0.9696800708770752 -0.24437066912651062 
vn -0.999997615814209 -2.0682260971124217e-13 0.002184694167226553 
vn -2.0682311115474694e-13 0 -1 
vn 0.11303620040416718 0.9935884475708008 0.002184694167226553 
vn -0.0904986634850502 0.995894193649292 0.002184694167226553 
vn 3.097898456858039e-13 -0.999997615814209 0.002184694167226553 
vn 0.008738672360777855 0 0.999961793422699 
vn 0.008738672360777855 0 0.999961793422699 
vt 0.6515020728111267 0.9963880777359009 
vt 0.685005247592926 0.9963880777359009 
vt 0.6515020728111267 0.7506217360496521 
vt 0.685005247592926 0.7506217360496521 
vt 0.6515020728111267 0.6623296737670898 
vt 0.685005247592926 0.6623296737670898 
vt 0.6515020728111267 0.4166842997074127 
vt 0.685005247592926 0.4166842997074127 
vt 0.6989849805831909 0.7506217360496521 
vt 0.6989849805831909 0.9963880777359009 
vt 0.6989849805831909 0.6623296737670898 
vt 0.6989849805831909 0.4166842997074127 
vt 0.7622553706169128 0.7506217360496521 
vt 0.7622553706169128 0.6623296737670898 
vt 0.7605681419372559 0.4229736030101776 
vt 0.7622553706169128 0.4292629063129425 
vt 0.755988597869873 0.4183775782585144 
vt 0.7496013045310974 0.4166842997074127 
vt 0.7496013045310974 0.9963880777359009 
vt 0.755988597869873 0.9946947693824768 
vt 0.7605681419372559 0.990098774433136 
vt 0.7622553706169128 0.9836885333061218 
vt 0.8205845952033997 0.1132257729768753 
vt 0.8138357996940613 0.10403372347354889 
vt 0.9913543462753296 0.021547187119722366 
vt 0.9842439889907837 0.01308082789182663 
vt 0.8046766519546509 0.09750252962112427 
vt 0.9759284257888794 0.005702999886125326 
vt 0.27826711535453796 0.19498662650585175 
vt 0.20957356691360474 0.19498662650585175 
vt 0.27826711535453796 0.2202647477388382 
vt 0.20957356691360474 0.2202647477388382 
vt 0.27826711535453796 0.2321176528930664 
vt 0.20957356691360474 0.2321176528930664 
vt 0.4387930929660797 0.30529120564460754 
vt 0.4387930929660797 0.3335930407047272 
vt 0.386971652507782 0.30529120564460754 
vt 0.386971652507782 0.3335930407047272 
vt 0.22150453925132751 0.30529120564460754 
vt 0.22150453925132751 0.3335930407047272 
vt 0.05603744834661484 0.30529120564460754 
vt 0.05603744834661484 0.3335930407047272 
vt 0.004215999972075224 0.30529120564460754 
vt 0.004215999972075224 0.3335930407047272 
vt 0.22150453925132751 0.3467763662338257 
vt 0.05603744834661484 0.3467763662338257 
vt 0.27826711535453796 0.2321176528930664 
vt 0.20957356691360474 0.2321176528930664 
vt 0.27826711535453796 0.2202647477388382 
vt 0.20957356691360474 0.2202647477388382 
vt 0.27826711535453796 0.19498662650585175 
vt 0.20957356691360474 0.19498662650585175 
vt 0.5270100831985474 0.3299645781517029 
vt 0.5270100831985474 0.4120882749557495 
vt 0.5096558928489685 0.3299645781517029 
vt 0.5096558928489685 0.4120882749557495 
vt 0.5096558928489685 0.44329285621643066 
vt 0.5270100831985474 0.44329285621643066 
vt 0.5270100831985474 0.5254165530204773 
vt 0.7209187150001526 0.29440587759017944 
vt 0.651261031627655 0.29440587759017944 
vt 0.7209187150001526 0.30396077036857605 
vt 0.651261031627655 0.30396077036857605 
vt 0.7209187150001526 0.3146041929721832 
vt 0.651261031627655 0.3146041929721832 
vt 0.5669005513191223 0.5254165530204773 
vt 0.5669005513191223 0.45067068934440613 
vt 0.5843752026557922 0.5254165530204773 
vt 0.5843752026557922 0.45067068934440613 
vt 0.5843752026557922 0.41958704590797424 
vt 0.5669005513191223 0.41958704590797424 
vt 0.5669005513191223 0.3067425787448883 
vt 0.5843752026557922 0.3067425787448883 
vt 0.5843752026557922 0.2925916612148285 
vt 0.5669005513191223 0.2925916612148285 
vt 0.5843752026557922 0.2823110818862915 
vt 0.5669005513191223 0.2823110818862915 
vt 0.5843752026557922 0.2784407436847687 
vt 0.5478591918945312 0.2784407436847687 
vt 0.5652133226394653 0.2784407436847687 
vt 0.5478591918945312 0.2823110818862915 
vt 0.5652133226394653 0.2823110818862915 
vt 0.5478591918945312 0.2925916612148285 
vt 0.5652133226394653 0.2925916612148285 
vt 0.8132331967353821 0.15047775208950043 
vt 0.8132331967353821 0.21119365096092224 
vt 0.8047971725463867 0.15047775208950043 
vt 0.8047971725463867 0.21119365096092224 
vt 0.7964816093444824 0.15047775208950043 
vt 0.7964816093444824 0.21119365096092224 
vt 0.7881660461425781 0.15047775208950043 
vt 0.7881660461425781 0.21119365096092224 
vt 0.7797300219535828 0.15047775208950043 
vt 0.7797300219535828 0.21119365096092224 
vt 0.7714145183563232 0.15047775208950043 
vt 0.7714145183563232 0.21119365096092224 
vt 0.763098955154419 0.15047775208950043 
vt 0.763098955154419 0.21119365096092224 
vt 0.7546629309654236 0.15047775208950043 
vt 0.7546629309654236 0.21119365096092224 
vt 0.7463473677635193 0.15047775208950043 
vt 0.7463473677635193 0.21119365096092224 
vt 0.7380318641662598 0.15047775208950043 
vt 0.7380318641662598 0.21119365096092224 
vt 0.7295957803726196 0.15047775208950043 
vt 0.7295957803726196 0.21119365096092224 
vt 0.7212802767753601 0.15047775208950043 
vt 0.7212802767753601 0.21119365096092224 
vt 0.71284419298172 0.15047775208950043 
vt 0.71284419298172 0.21119365096092224 
vt 0.7045286893844604 0.15047775208950043 
vt 0.7045286893844604 0.21119365096092224 
vt 0.6962131261825562 0.15047775208950043 
vt 0.6962131261825562 0.21119365096092224 
vt 0.6877771019935608 0.15047775208950043 
vt 0.6877771019935608 0.21119365096092224 
vt 0.6794615387916565 0.15047775208950043 
vt 0.6794615387916565 0.21119365096092224 
vt 0.671146035194397 0.15047775208950043 
vt 0.671146035194397 0.21119365096092224 
vt 0.6627099514007568 0.15047775208950043 
vt 0.6627099514007568 0.21119365096092224 
vt 0.6543944478034973 0.15047775208950043 
vt 0.6543944478034973 0.21119365096092224 
vt 0.6459583640098572 0.15047775208950043 
vt 0.6459583640098572 0.21119365096092224 
vt 0.20595811307430267 0.2321176528930664 
vt 0.1373850703239441 0.2321176528930664 
vt 0.20595811307430267 0.2202647477388382 
vt 0.1373850703239441 0.2202647477388382 
vt 0.20595811307430267 0.19498662650585175 
vt 0.1373850703239441 0.19498662650585175 
vt 0.8132331967353821 0.21542683243751526 
vt 0.8132331967353821 0.28775373101234436 
vt 0.8047971725463867 0.21542683243751526 
vt 0.8047971725463867 0.28775373101234436 
vt 0.7881660461425781 0.21542683243751526 
vt 0.7881660461425781 0.28775373101234436 
vt 0.7797300219535828 0.21542683243751526 
vt 0.7797300219535828 0.28775373101234436 
vt 0.7714145183563232 0.21542683243751526 
vt 0.7714145183563232 0.28775373101234436 
vt 0.763098955154419 0.21542683243751526 
vt 0.763098955154419 0.28775373101234436 
vt 0.7546629309654236 0.21542683243751526 
vt 0.7546629309654236 0.28775373101234436 
vt 0.7463473677635193 0.21542683243751526 
vt 0.7463473677635193 0.28775373101234436 
vt 0.7380318641662598 0.21542683243751526 
vt 0.7380318641662598 0.28775373101234436 
vt 0.7295957803726196 0.21542683243751526 
vt 0.7295957803726196 0.28775373101234436 
vt 0.7212802767753601 0.21542683243751526 
vt 0.7212802767753601 0.28775373101234436 
vt 0.71284419298172 0.21542683243751526 
vt 0.71284419298172 0.28775373101234436 
vt 0.7045286893844604 0.21542683243751526 
vt 0.7045286893844604 0.28775373101234436 
vt 0.6962131261825562 0.21542683243751526 
vt 0.6962131261825562 0.28775373101234436 
vt 0.6877771019935608 0.21542683243751526 
vt 0.6877771019935608 0.28775373101234436 
vt 0.6794615387916565 0.21542683243751526 
vt 0.6794615387916565 0.28775373101234436 
vt 0.671146035194397 0.21542683243751526 
vt 0.671146035194397 0.28775373101234436 
vt 0.6627099514007568 0.21542683243751526 
vt 0.6627099514007568 0.28775373101234436 
vt 0.6543944478034973 0.21542683243751526 
vt 0.6543944478034973 0.28775373101234436 
vt 0.6459583640098572 0.21542683243751526 
vt 0.6459583640098572 0.28775373101234436 
vt 0.8004586100578308 0.14745405316352844 
vt 0.8004586100578308 0.09520451724529266 
vt 0.64776611328125 0.14745405316352844 
vt 0.64776611328125 0.09520451724529266 
vt 0.64776611328125 0.09520451724529266 
vt 0.8004586100578308 0.09520451724529266 
vt 0.64776611328125 0.14745405316352844 
vt 0.8004586100578308 0.14745405316352844 
vt 0.2711567282676697 0.44426044821739197 
vt 0.2711567282676697 0.4267229735851288 
vt 0.16703176498413086 0.44426044821739197 
vt 0.16703176498413086 0.4267229735851288 
vt 0.6515020728111267 0.4166842997074127 
vt 0.685005247592926 0.4166842997074127 
vt 0.6515020728111267 0.6623296737670898 
vt 0.685005247592926 0.6623296737670898 
vt 0.6515020728111267 0.7506217360496521 
vt 0.685005247592926 0.7506217360496521 
vt 0.6515020728111267 0.9963880777359009 
vt 0.685005247592926 0.9963880777359009 
vt 0.6989849805831909 0.9963880777359009 
vt 0.6989849805831909 0.7506217360496521 
vt 0.755988597869873 0.9946947693824768 
vt 0.7605681419372559 0.990098774433136 
vt 0.7622553706169128 0.7506217360496521 
vt 0.7622553706169128 0.6623296737670898 
vt 0.6989849805831909 0.6623296737670898 
vt 0.7622553706169128 0.4292629063129425 
vt 0.7605681419372559 0.4229736030101776 
vt 0.755988597869873 0.4183775782585144 
vt 0.6989849805831909 0.4166842997074127 
vt 0.8132331967353821 0.21119365096092224 
vt 0.8132331967353821 0.21542683243751526 
vt 0.8047971725463867 0.21119365096092224 
vt 0.8047971725463867 0.21542683243751526 
vt 0.7964816093444824 0.21119365096092224 
vt 0.7964816093444824 0.21542683243751526 
vt 0.7881660461425781 0.21119365096092224 
vt 0.7881660461425781 0.21542683243751526 
vt 0.7797300219535828 0.21119365096092224 
vt 0.7797300219535828 0.21542683243751526 
vt 0.7714145183563232 0.21119365096092224 
vt 0.7714145183563232 0.21542683243751526 
vt 0.763098955154419 0.21119365096092224 
vt 0.763098955154419 0.21542683243751526 
vt 0.7546629309654236 0.21119365096092224 
vt 0.7546629309654236 0.21542683243751526 
vt 0.7463473677635193 0.21119365096092224 
vt 0.7463473677635193 0.21542683243751526 
vt 0.7380318641662598 0.21119365096092224 
vt 0.7380318641662598 0.21542683243751526 
vt 0.7295957803726196 0.21119365096092224 
vt 0.7295957803726196 0.21542683243751526 
vt 0.7212802767753601 0.21119365096092224 
vt 0.7212802767753601 0.21542683243751526 
vt 0.71284419298172 0.21119365096092224 
vt 0.71284419298172 0.21542683243751526 
vt 0.7045286893844604 0.21119365096092224 
vt 0.7045286893844604 0.21542683243751526 
vt 0.6962131261825562 0.21119365096092224 
vt 0.6962131261825562 0.21542683243751526 
vt 0.6877771019935608 0.21119365096092224 
vt 0.6877771019935608 0.21542683243751526 
vt 0.6794615387916565 0.21119365096092224 
vt 0.6794615387916565 0.21542683243751526 
vt 0.671146035194397 0.21119365096092224 
vt 0.671146035194397 0.21542683243751526 
vt 0.6627099514007568 0.21119365096092224 
vt 0.6627099514007568 0.21542683243751526 
vt 0.6543944478034973 0.21119365096092224 
vt 0.6543944478034973 0.21542683243751526 
vt 0.6459583640098572 0.21119365096092224 
vt 0.6459583640098572 0.21542683243751526 
vt 0.16534455120563507 0.9166833162307739 
vt 0.16534455120563507 0.8991459012031555 
vt 0.2694695293903351 0.9166833162307739 
vt 0.2694695293903351 0.8991459012031555 
vt 0.5021839737892151 0.36903080344200134 
vt 0.48085281252861023 0.36903080344200134 
vt 0.5021839737892151 0.9009600877761841 
vt 0.48085281252861023 0.9009600877761841 
vt 0.29477766156196594 0.2754170298576355 
vt 0.29477766156196594 0.2928335666656494 
vt 0.4371058940887451 0.2754170298576355 
vt 0.4371058940887451 0.2928335666656494 
vt 0.6459583640098572 0.21119365096092224 
vt 0.6459583640098572 0.15047775208950043 
vt 0.6543944478034973 0.21119365096092224 
vt 0.6543944478034973 0.15047775208950043 
vt 0.6627099514007568 0.21119365096092224 
vt 0.6627099514007568 0.15047775208950043 
vt 0.671146035194397 0.21119365096092224 
vt 0.671146035194397 0.15047775208950043 
vt 0.6794615387916565 0.21119365096092224 
vt 0.6794615387916565 0.15047775208950043 
vt 0.6877771019935608 0.21119365096092224 
vt 0.6877771019935608 0.15047775208950043 
vt 0.6962131261825562 0.21119365096092224 
vt 0.6962131261825562 0.15047775208950043 
vt 0.7045286893844604 0.21119365096092224 
vt 0.7045286893844604 0.15047775208950043 
vt 0.71284419298172 0.21119365096092224 
vt 0.71284419298172 0.15047775208950043 
vt 0.7212802767753601 0.21119365096092224 
vt 0.7212802767753601 0.15047775208950043 
vt 0.7295957803726196 0.21119365096092224 
vt 0.7295957803726196 0.15047775208950043 
vt 0.7380318641662598 0.21119365096092224 
vt 0.7380318641662598 0.15047775208950043 
vt 0.7463473677635193 0.21119365096092224 
vt 0.7463473677635193 0.15047775208950043 
vt 0.7546629309654236 0.21119365096092224 
vt 0.7546629309654236 0.15047775208950043 
vt 0.763098955154419 0.21119365096092224 
vt 0.763098955154419 0.15047775208950043 
vt 0.7714145183563232 0.21119365096092224 
vt 0.7714145183563232 0.15047775208950043 
vt 0.7797300219535828 0.21119365096092224 
vt 0.7797300219535828 0.15047775208950043 
vt 0.7881660461425781 0.21119365096092224 
vt 0.7881660461425781 0.15047775208950043 
vt 0.7964816093444824 0.21119365096092224 
vt 0.7964816093444824 0.15047775208950043 
vt 0.8047971725463867 0.21119365096092224 
vt 0.8047971725463867 0.15047775208950043 
vt 0.8132331967353821 0.21119365096092224 
vt 0.8132331967353821 0.15047775208950043 
vt 0.5478591918945312 0.5254165530204773 
vt 0.5478591918945312 0.45067068934440613 
vt 0.5652133226394653 0.5254165530204773 
vt 0.5652133226394653 0.45067068934440613 
vt 0.5652133226394653 0.41958704590797424 
vt 0.5478591918945312 0.41958704590797424 
vt 0.5478591918945312 0.3067425787448883 
vt 0.5652133226394653 0.3067425787448883 
vt 0.5652133226394653 0.2925916612148285 
vt 0.8132331967353821 0.21119365096092224 
vt 0.8047971725463867 0.21119365096092224 
vt 0.8132331967353821 0.21542683243751526 
vt 0.8047971725463867 0.21542683243751526 
vt 0.7964816093444824 0.21119365096092224 
vt 0.7964816093444824 0.21542683243751526 
vt 0.7881660461425781 0.21119365096092224 
vt 0.7881660461425781 0.21542683243751526 
vt 0.7797300219535828 0.21119365096092224 
vt 0.7797300219535828 0.21542683243751526 
vt 0.7714145183563232 0.21119365096092224 
vt 0.7714145183563232 0.21542683243751526 
vt 0.763098955154419 0.21119365096092224 
vt 0.763098955154419 0.21542683243751526 
vt 0.7546629309654236 0.21119365096092224 
vt 0.7546629309654236 0.21542683243751526 
vt 0.7463473677635193 0.21119365096092224 
vt 0.7463473677635193 0.21542683243751526 
vt 0.7380318641662598 0.21119365096092224 
vt 0.7380318641662598 0.21542683243751526 
vt 0.7295957803726196 0.21119365096092224 
vt 0.7295957803726196 0.21542683243751526 
vt 0.7212802767753601 0.21119365096092224 
vt 0.7212802767753601 0.21542683243751526 
vt 0.71284419298172 0.21119365096092224 
vt 0.71284419298172 0.21542683243751526 
vt 0.7045286893844604 0.21119365096092224 
vt 0.7045286893844604 0.21542683243751526 
vt 0.6962131261825562 0.21119365096092224 
vt 0.6962131261825562 0.21542683243751526 
vt 0.6877771019935608 0.21119365096092224 
vt 0.6877771019935608 0.21542683243751526 
vt 0.6794615387916565 0.21119365096092224 
vt 0.6794615387916565 0.21542683243751526 
vt 0.671146035194397 0.21119365096092224 
vt 0.671146035194397 0.21542683243751526 
vt 0.6627099514007568 0.21119365096092224 
vt 0.6627099514007568 0.21542683243751526 
vt 0.6543944478034973 0.21119365096092224 
vt 0.6543944478034973 0.21542683243751526 
vt 0.6459583640098572 0.21119365096092224 
vt 0.6459583640098572 0.21542683243751526 
vt 0.816848635673523 0.12241782248020172 
vt 0.816848635673523 0.2139754593372345 
vt 0.8238385319709778 0.12241782248020172 
vt 0.8238385319709778 0.2139754593372345 
vt 0.8308283686637878 0.12241782248020172 
vt 0.8308283686637878 0.2139754593372345 
vt 0.8378182649612427 0.12241782248020172 
vt 0.8378182649612427 0.2139754593372345 
vt 0.8448081016540527 0.12241782248020172 
vt 0.8448081016540527 0.2139754593372345 
vt 0.8517979979515076 0.12241782248020172 
vt 0.8517979979515076 0.2139754593372345 
vt 0.8586673736572266 0.12241782248020172 
vt 0.8586673736572266 0.2139754593372345 
vt 0.8656572103500366 0.12241782248020172 
vt 0.8656572103500366 0.2139754593372345 
vt 0.8726471066474915 0.12241782248020172 
vt 0.8726471066474915 0.2139754593372345 
vt 0.8796369433403015 0.12241782248020172 
vt 0.8796369433403015 0.2139754593372345 
vt 0.8866268396377563 0.12241782248020172 
vt 0.8866268396377563 0.2139754593372345 
vt 0.8934961557388306 0.12241782248020172 
vt 0.8934961557388306 0.2139754593372345 
vt 0.9004860520362854 0.12241782248020172 
vt 0.9004860520362854 0.2139754593372345 
vt 0.9074759483337402 0.12241782248020172 
vt 0.9074759483337402 0.2139754593372345 
vt 0.9144657850265503 0.12241782248020172 
vt 0.9144657850265503 0.2139754593372345 
vt 0.9214556813240051 0.12241782248020172 
vt 0.9214556813240051 0.2139754593372345 
vt 0.9284455180168152 0.12241782248020172 
vt 0.9284455180168152 0.2139754593372345 
vt 0.9353148937225342 0.12241782248020172 
vt 0.9353148937225342 0.2139754593372345 
vt 0.9423047304153442 0.12241782248020172 
vt 0.9423047304153442 0.2139754593372345 
vt 0.9492946267127991 0.12241782248020172 
vt 0.9492946267127991 0.2139754593372345 
vt 0.9562845230102539 0.12241782248020172 
vt 0.9562845230102539 0.2139754593372345 
vt 0.8238385319709778 0.21736200153827667 
vt 0.8308283686637878 0.21736200153827667 
vt 0.8378182649612427 0.21736200153827667 
vt 0.8448081016540527 0.21736200153827667 
vt 0.8517979979515076 0.21736200153827667 
vt 0.8586673736572266 0.21736200153827667 
vt 0.8656572103500366 0.21736200153827667 
vt 0.8726471066474915 0.21736200153827667 
vt 0.8796369433403015 0.21736200153827667 
vt 0.8866268396377563 0.21736200153827667 
vt 0.8934961557388306 0.21736200153827667 
vt 0.9004860520362854 0.21736200153827667 
vt 0.9074759483337402 0.21736200153827667 
vt 0.9144657850265503 0.21736200153827667 
vt 0.9214556813240051 0.21736200153827667 
vt 0.9284455180168152 0.21736200153827667 
vt 0.9353148937225342 0.21736200153827667 
vt 0.9423047304153442 0.21736200153827667 
vt 0.9492946267127991 0.21736200153827667 
vt 0.9562845230102539 0.21736200153827667 
vt 0.6459583640098572 0.28775373101234436 
vt 0.6459583640098572 0.21542683243751526 
vt 0.6543944478034973 0.28775373101234436 
vt 0.6543944478034973 0.21542683243751526 
vt 0.6627099514007568 0.28775373101234436 
vt 0.6627099514007568 0.21542683243751526 
vt 0.671146035194397 0.28775373101234436 
vt 0.671146035194397 0.21542683243751526 
vt 0.6794615387916565 0.28775373101234436 
vt 0.6794615387916565 0.21542683243751526 
vt 0.6877771019935608 0.28775373101234436 
vt 0.6877771019935608 0.21542683243751526 
vt 0.6962131261825562 0.28775373101234436 
vt 0.6962131261825562 0.21542683243751526 
vt 0.7045286893844604 0.28775373101234436 
vt 0.7045286893844604 0.21542683243751526 
vt 0.71284419298172 0.28775373101234436 
vt 0.71284419298172 0.21542683243751526 
vt 0.7212802767753601 0.28775373101234436 
vt 0.7212802767753601 0.21542683243751526 
vt 0.7295957803726196 0.28775373101234436 
vt 0.7295957803726196 0.21542683243751526 
vt 0.7380318641662598 0.28775373101234436 
vt 0.7380318641662598 0.21542683243751526 
vt 0.7463473677635193 0.28775373101234436 
vt 0.7463473677635193 0.21542683243751526 
vt 0.7546629309654236 0.28775373101234436 
vt 0.7546629309654236 0.21542683243751526 
vt 0.763098955154419 0.28775373101234436 
vt 0.763098955154419 0.21542683243751526 
vt 0.7714145183563232 0.28775373101234436 
vt 0.7714145183563232 0.21542683243751526 
vt 0.7797300219535828 0.28775373101234436 
vt 0.7797300219535828 0.21542683243751526 
vt 0.7881660461425781 0.28775373101234436 
vt 0.7881660461425781 0.21542683243751526 
vt 0.8132331967353821 0.21542683243751526 
vt 0.8132331967353821 0.28775373101234436 
vt 0.8047971725463867 0.21542683243751526 
vt 0.8047971725463867 0.28775373101234436 
vt 0.651261031627655 0.3146041929721832 
vt 0.7209187150001526 0.3146041929721832 
vt 0.651261031627655 0.30396077036857605 
vt 0.7209187150001526 0.30396077036857605 
vt 0.651261031627655 0.29440587759017944 
vt 0.7209187150001526 0.29440587759017944 
vt 0.8205845952033997 0.1132257729768753 
vt 0.9913543462753296 0.021547187119722366 
vt 0.8138357996940613 0.10403372347354889 
vt 0.9842439889907837 0.01308082789182663 
vt 0.8046766519546509 0.09750252962112427 
vt 0.9759284257888794 0.005702999886125326 
vt 0.29477766156196594 0.2928335666656494 
vt 0.15244944393634796 0.2928335666656494 
vt 0.29477766156196594 0.2754170298576355 
vt 0.15244944393634796 0.2754170298576355 
vt 0.15244944393634796 0.2384069561958313 
vt 0.816848635673523 0.12241782248020172 
vt 0.8238385319709778 0.12241782248020172 
vt 0.816848635673523 0.2139754593372345 
vt 0.8238385319709778 0.2139754593372345 
vt 0.8238385319709778 0.21736200153827667 
vt 0.8308283686637878 0.21736200153827667 
vt 0.8308283686637878 0.12241782248020172 
vt 0.8308283686637878 0.2139754593372345 
vt 0.8378182649612427 0.21736200153827667 
vt 0.8378182649612427 0.12241782248020172 
vt 0.8378182649612427 0.2139754593372345 
vt 0.8448081016540527 0.21736200153827667 
vt 0.8448081016540527 0.12241782248020172 
vt 0.8448081016540527 0.2139754593372345 
vt 0.8517979979515076 0.21736200153827667 
vt 0.8517979979515076 0.12241782248020172 
vt 0.8517979979515076 0.2139754593372345 
vt 0.8586673736572266 0.21736200153827667 
vt 0.8586673736572266 0.12241782248020172 
vt 0.8586673736572266 0.2139754593372345 
vt 0.8656572103500366 0.21736200153827667 
vt 0.8656572103500366 0.12241782248020172 
vt 0.8656572103500366 0.2139754593372345 
vt 0.8726471066474915 0.21736200153827667 
vt 0.8726471066474915 0.12241782248020172 
vt 0.8726471066474915 0.2139754593372345 
vt 0.8796369433403015 0.21736200153827667 
vt 0.8796369433403015 0.12241782248020172 
vt 0.8796369433403015 0.2139754593372345 
vt 0.8866268396377563 0.21736200153827667 
vt 0.8866268396377563 0.12241782248020172 
vt 0.8866268396377563 0.2139754593372345 
vt 0.8934961557388306 0.21736200153827667 
vt 0.8934961557388306 0.12241782248020172 
vt 0.8934961557388306 0.2139754593372345 
vt 0.9004860520362854 0.21736200153827667 
vt 0.9004860520362854 0.12241782248020172 
vt 0.9004860520362854 0.2139754593372345 
vt 0.9074759483337402 0.21736200153827667 
vt 0.9074759483337402 0.12241782248020172 
vt 0.9074759483337402 0.2139754593372345 
vt 0.9144657850265503 0.21736200153827667 
vt 0.9144657850265503 0.12241782248020172 
vt 0.9144657850265503 0.2139754593372345 
vt 0.9214556813240051 0.21736200153827667 
vt 0.9214556813240051 0.12241782248020172 
vt 0.9214556813240051 0.2139754593372345 
vt 0.9284455180168152 0.21736200153827667 
vt 0.9284455180168152 0.12241782248020172 
vt 0.9284455180168152 0.2139754593372345 
vt 0.9353148937225342 0.21736200153827667 
vt 0.9353148937225342 0.12241782248020172 
vt 0.9353148937225342 0.2139754593372345 
vt 0.9423047304153442 0.21736200153827667 
vt 0.9423047304153442 0.12241782248020172 
vt 0.9423047304153442 0.2139754593372345 
vt 0.9492946267127991 0.21736200153827667 
vt 0.9492946267127991 0.12241782248020172 
vt 0.9492946267127991 0.2139754593372345 
vt 0.9562845230102539 0.21736200153827667 
vt 0.9562845230102539 0.12241782248020172 
vt 0.9562845230102539 0.2139754593372345 
vt 0.8132331967353821 0.15047775208950043 
vt 0.8047971725463867 0.15047775208950043 
vt 0.8132331967353821 0.21119365096092224 
vt 0.8047971725463867 0.21119365096092224 
vt 0.7964816093444824 0.15047775208950043 
vt 0.7964816093444824 0.21119365096092224 
vt 0.7881660461425781 0.15047775208950043 
vt 0.7881660461425781 0.21119365096092224 
vt 0.7797300219535828 0.15047775208950043 
vt 0.7797300219535828 0.21119365096092224 
vt 0.7714145183563232 0.15047775208950043 
vt 0.7714145183563232 0.21119365096092224 
vt 0.763098955154419 0.15047775208950043 
vt 0.763098955154419 0.21119365096092224 
vt 0.7546629309654236 0.15047775208950043 
vt 0.7546629309654236 0.21119365096092224 
vt 0.7463473677635193 0.15047775208950043 
vt 0.7463473677635193 0.21119365096092224 
vt 0.7380318641662598 0.15047775208950043 
vt 0.7380318641662598 0.21119365096092224 
vt 0.7295957803726196 0.15047775208950043 
vt 0.7295957803726196 0.21119365096092224 
vt 0.7212802767753601 0.15047775208950043 
vt 0.7212802767753601 0.21119365096092224 
vt 0.71284419298172 0.15047775208950043 
vt 0.71284419298172 0.21119365096092224 
vt 0.7045286893844604 0.15047775208950043 
vt 0.7045286893844604 0.21119365096092224 
vt 0.6962131261825562 0.15047775208950043 
vt 0.6962131261825562 0.21119365096092224 
vt 0.6877771019935608 0.15047775208950043 
vt 0.6877771019935608 0.21119365096092224 
vt 0.6794615387916565 0.15047775208950043 
vt 0.6794615387916565 0.21119365096092224 
vt 0.671146035194397 0.15047775208950043 
vt 0.671146035194397 0.21119365096092224 
vt 0.6627099514007568 0.15047775208950043 
vt 0.6627099514007568 0.21119365096092224 
vt 0.6543944478034973 0.15047775208950043 
vt 0.6543944478034973 0.21119365096092224 
vt 0.6459583640098572 0.15047775208950043 
vt 0.6459583640098572 0.21119365096092224 
vt 0.816848635673523 0.12241782248020172 
vt 0.816848635673523 0.2139754593372345 
vt 0.8238385319709778 0.12241782248020172 
vt 0.8238385319709778 0.2139754593372345 
vt 0.8308283686637878 0.12241782248020172 
vt 0.8308283686637878 0.2139754593372345 
vt 0.8378182649612427 0.12241782248020172 
vt 0.8378182649612427 0.2139754593372345 
vt 0.8448081016540527 0.12241782248020172 
vt 0.8448081016540527 0.2139754593372345 
vt 0.8517979979515076 0.12241782248020172 
vt 0.8517979979515076 0.2139754593372345 
vt 0.8586673736572266 0.12241782248020172 
vt 0.8586673736572266 0.2139754593372345 
vt 0.8656572103500366 0.12241782248020172 
vt 0.8656572103500366 0.2139754593372345 
vt 0.8726471066474915 0.12241782248020172 
vt 0.8726471066474915 0.2139754593372345 
vt 0.8796369433403015 0.12241782248020172 
vt 0.8796369433403015 0.2139754593372345 
vt 0.8866268396377563 0.12241782248020172 
vt 0.8866268396377563 0.2139754593372345 
vt 0.8934961557388306 0.12241782248020172 
vt 0.8934961557388306 0.2139754593372345 
vt 0.9004860520362854 0.12241782248020172 
vt 0.9004860520362854 0.2139754593372345 
vt 0.9074759483337402 0.12241782248020172 
vt 0.9074759483337402 0.2139754593372345 
vt 0.9144657850265503 0.12241782248020172 
vt 0.9144657850265503 0.2139754593372345 
vt 0.9214556813240051 0.12241782248020172 
vt 0.9214556813240051 0.2139754593372345 
vt 0.9284455180168152 0.12241782248020172 
vt 0.9284455180168152 0.2139754593372345 
vt 0.9353148937225342 0.12241782248020172 
vt 0.9353148937225342 0.2139754593372345 
vt 0.9423047304153442 0.12241782248020172 
vt 0.9423047304153442 0.2139754593372345 
vt 0.9492946267127991 0.12241782248020172 
vt 0.9492946267127991 0.2139754593372345 
vt 0.9562845230102539 0.12241782248020172 
vt 0.9562845230102539 0.2139754593372345 
vt 0.8238385319709778 0.21736200153827667 
vt 0.8308283686637878 0.21736200153827667 
vt 0.8378182649612427 0.21736200153827667 
vt 0.8448081016540527 0.21736200153827667 
vt 0.8517979979515076 0.21736200153827667 
vt 0.8586673736572266 0.21736200153827667 
vt 0.8656572103500366 0.21736200153827667 
vt 0.8726471066474915 0.21736200153827667 
vt 0.8796369433403015 0.21736200153827667 
vt 0.8866268396377563 0.21736200153827667 
vt 0.8934961557388306 0.21736200153827667 
vt 0.9004860520362854 0.21736200153827667 
vt 0.9074759483337402 0.21736200153827667 
vt 0.9144657850265503 0.21736200153827667 
vt 0.9214556813240051 0.21736200153827667 
vt 0.9284455180168152 0.21736200153827667 
vt 0.9353148937225342 0.21736200153827667 
vt 0.9423047304153442 0.21736200153827667 
vt 0.9492946267127991 0.21736200153827667 
vt 0.9562845230102539 0.21736200153827667 
vt 0.9770130515098572 0.2717885971069336 
vt 0.7433344721794128 0.3507676422595978 
vt 0.9699026942253113 0.25945189595222473 
vt 0.7368266582489014 0.3378262221813202 
vt 0.9609845876693726 0.24856658279895782 
vt 0.7265828847885132 0.32766658067703247 
vt 0.7168211936950684 0.3523399531841278 
vt 0.7121211290359497 0.34762299060821533 
vt 0.7136877775192261 0.32113537192344666 
vt 0.7060953378677368 0.34459930658340454 
vt 0.6994670629501343 0.31883737444877625 
vt 0.6994670629501343 0.34351077675819397 
vt 0.6851257681846619 0.32113537192344666 
vt 0.692838728427887 0.34459930658340454 
vt 0.6723511815071106 0.32766658067703247 
vt 0.6868129372596741 0.34762299060821533 
vt 0.6621074080467224 0.3378262221813202 
vt 0.6819923520088196 0.3523399531841278 
vt 0.6555995941162109 0.3507676422595978 
vt 0.6789794564247131 0.35838738083839417 
vt 0.6533097624778748 0.36503949761390686 
vt 0.6778948307037354 0.36503949761390686 
vt 0.6555995941162109 0.3791904151439667 
vt 0.6789794564247131 0.37169164419174194 
vt 0.6621074080467224 0.39213186502456665 
vt 0.6819923520088196 0.37761810421943665 
vt 0.6723511815071106 0.40229150652885437 
vt 0.6868129372596741 0.3823350667953491 
vt 0.6851257681846619 0.4088226854801178 
vt 0.692838728427887 0.38547971844673157 
vt 0.6994670629501343 0.4111206829547882 
vt 0.6994670629501343 0.38644731044769287 
vt 0.7136877775192261 0.4088226854801178 
vt 0.7060953378677368 0.38547971844673157 
vt 0.7265828847885132 0.40229150652885437 
vt 0.7121211290359497 0.3823350667953491 
vt 0.7368266582489014 0.39213186502456665 
vt 0.7168211936950684 0.37761810421943665 
vt 0.7433344721794128 0.3791904151439667 
vt 0.7198340892791748 0.37169164419174194 
vt 0.745624303817749 0.36503949761390686 
vt 0.7209187150001526 0.36503949761390686 
vt 0.7198340892791748 0.35838738083839417 
vt 0.7152544856071472 0.35354945063591003 
vt 0.7109159827232361 0.34919533133506775 
vt 0.7054927945137024 0.3464135229587555 
vt 0.6994670629501343 0.3454459309577942 
vt 0.6934412717819214 0.3464135229587555 
vt 0.6878976225852966 0.34919533133506775 
vt 0.6835590600967407 0.35354945063591003 
vt 0.680787205696106 0.3589920997619629 
vt 0.679823100566864 0.36503949761390686 
vt 0.680787205696106 0.37108689546585083 
vt 0.6835590600967407 0.3765295743942261 
vt 0.6878976225852966 0.3807627558708191 
vt 0.6934412717819214 0.38354456424713135 
vt 0.6994670629501343 0.38451212644577026 
vt 0.7054927945137024 0.38354456424713135 
vt 0.7109159827232361 0.3807627558708191 
vt 0.7152544856071472 0.3765295743942261 
vt 0.718026340007782 0.37108689546585083 
vt 0.7189904451370239 0.36503949761390686 
vt 0.718026340007782 0.3589920997619629 
vt 0.9770130515098572 0.2717885971069336 
vt 0.9699026942253113 0.25945189595222473 
vt 0.7433344721794128 0.3507676422595978 
vt 0.7368266582489014 0.3378262221813202 
vt 0.7198340892791748 0.35838738083839417 
vt 0.7168211936950684 0.3523399531841278 
vt 0.7152544856071472 0.35354945063591003 
vt 0.7109159827232361 0.34919533133506775 
vt 0.9609845876693726 0.24856658279895782 
vt 0.7265828847885132 0.32766658067703247 
vt 0.7121211290359497 0.34762299060821533 
vt 0.7054927945137024 0.3464135229587555 
vt 0.7136877775192261 0.32113537192344666 
vt 0.7060953378677368 0.34459930658340454 
vt 0.6994670629501343 0.3454459309577942 
vt 0.6994670629501343 0.31883737444877625 
vt 0.6994670629501343 0.34351077675819397 
vt 0.6934412717819214 0.3464135229587555 
vt 0.6851257681846619 0.32113537192344666 
vt 0.692838728427887 0.34459930658340454 
vt 0.6878976225852966 0.34919533133506775 
vt 0.6723511815071106 0.32766658067703247 
vt 0.6868129372596741 0.34762299060821533 
vt 0.6835590600967407 0.35354945063591003 
vt 0.6621074080467224 0.3378262221813202 
vt 0.6819923520088196 0.3523399531841278 
vt 0.680787205696106 0.3589920997619629 
vt 0.6555995941162109 0.3507676422595978 
vt 0.6789794564247131 0.35838738083839417 
vt 0.679823100566864 0.36503949761390686 
vt 0.6533097624778748 0.36503949761390686 
vt 0.6778948307037354 0.36503949761390686 
vt 0.680787205696106 0.37108689546585083 
vt 0.6555995941162109 0.3791904151439667 
vt 0.6789794564247131 0.37169164419174194 
vt 0.6835590600967407 0.3765295743942261 
vt 0.6621074080467224 0.39213186502456665 
vt 0.6819923520088196 0.37761810421943665 
vt 0.6878976225852966 0.3807627558708191 
vt 0.6723511815071106 0.40229150652885437 
vt 0.6868129372596741 0.3823350667953491 
vt 0.6934412717819214 0.38354456424713135 
vt 0.6851257681846619 0.4088226854801178 
vt 0.692838728427887 0.38547971844673157 
vt 0.6994670629501343 0.38451212644577026 
vt 0.6994670629501343 0.4111206829547882 
vt 0.6994670629501343 0.38644731044769287 
vt 0.7054927945137024 0.38354456424713135 
vt 0.7136877775192261 0.4088226854801178 
vt 0.7060953378677368 0.38547971844673157 
vt 0.7109159827232361 0.3807627558708191 
vt 0.7265828847885132 0.40229150652885437 
vt 0.7121211290359497 0.3823350667953491 
vt 0.7152544856071472 0.3765295743942261 
vt 0.7368266582489014 0.39213186502456665 
vt 0.7168211936950684 0.37761810421943665 
vt 0.718026340007782 0.37108689546585083 
vt 0.7433344721794128 0.3791904151439667 
vt 0.7198340892791748 0.37169164419174194 
vt 0.7189904451370239 0.36503949761390686 
vt 0.745624303817749 0.36503949761390686 
vt 0.7209187150001526 0.36503949761390686 
vt 0.718026340007782 0.3589920997619629 
vt 0.8047971725463867 0.28775373101234436 
vt 0.8132331967353821 0.28775373101234436 
vt 0.8047971725463867 0.21542683243751526 
vt 0.8132331967353821 0.21542683243751526 
vt 0.8132331967353821 0.21119365096092224 
vt 0.8047971725463867 0.21119365096092224 
vt 0.8132331967353821 0.21542683243751526 
vt 0.8047971725463867 0.21542683243751526 
vt 0.7964816093444824 0.21119365096092224 
vt 0.7964816093444824 0.21542683243751526 
vt 0.7881660461425781 0.21119365096092224 
vt 0.7881660461425781 0.21542683243751526 
vt 0.7797300219535828 0.21119365096092224 
vt 0.7797300219535828 0.21542683243751526 
vt 0.7714145183563232 0.21119365096092224 
vt 0.7714145183563232 0.21542683243751526 
vt 0.763098955154419 0.21119365096092224 
vt 0.763098955154419 0.21542683243751526 
vt 0.7546629309654236 0.21119365096092224 
vt 0.7546629309654236 0.21542683243751526 
vt 0.7463473677635193 0.21119365096092224 
vt 0.7463473677635193 0.21542683243751526 
vt 0.7380318641662598 0.21119365096092224 
vt 0.7380318641662598 0.21542683243751526 
vt 0.7295957803726196 0.21119365096092224 
vt 0.7295957803726196 0.21542683243751526 
vt 0.7212802767753601 0.21119365096092224 
vt 0.7212802767753601 0.21542683243751526 
vt 0.71284419298172 0.21119365096092224 
vt 0.71284419298172 0.21542683243751526 
vt 0.7045286893844604 0.21119365096092224 
vt 0.7045286893844604 0.21542683243751526 
vt 0.6962131261825562 0.21119365096092224 
vt 0.6962131261825562 0.21542683243751526 
vt 0.6877771019935608 0.21119365096092224 
vt 0.6877771019935608 0.21542683243751526 
vt 0.6794615387916565 0.21119365096092224 
vt 0.6794615387916565 0.21542683243751526 
vt 0.671146035194397 0.21119365096092224 
vt 0.671146035194397 0.21542683243751526 
vt 0.6627099514007568 0.21119365096092224 
vt 0.6627099514007568 0.21542683243751526 
vt 0.6543944478034973 0.21119365096092224 
vt 0.6543944478034973 0.21542683243751526 
vt 0.6459583640098572 0.21119365096092224 
vt 0.6459583640098572 0.21542683243751526 
vt 0.4401187598705292 0.21240313351154327 
vt 0.4401187598705292 0.26404792070388794 
vt 0.4309596121311188 0.21240313351154327 
vt 0.4309596121311188 0.26404792070388794 
vt 0.4218004643917084 0.21240313351154327 
vt 0.4218004643917084 0.26404792070388794 
vt 0.4127618372440338 0.21240313351154327 
vt 0.4127618372440338 0.26404792070388794 
vt 0.4036027193069458 0.21240313351154327 
vt 0.4036027193069458 0.26404792070388794 
vt 0.3944435715675354 0.21240313351154327 
vt 0.3944435715675354 0.26404792070388794 
vt 0.385284423828125 0.21240313351154327 
vt 0.385284423828125 0.26404792070388794 
vt 0.3761252760887146 0.21240313351154327 
vt 0.3761252760887146 0.26404792070388794 
vt 0.3670866787433624 0.21240313351154327 
vt 0.3670866787433624 0.26404792070388794 
vt 0.357927531003952 0.21240313351154327 
vt 0.357927531003952 0.26404792070388794 
vt 0.3487683832645416 0.21240313351154327 
vt 0.3487683832645416 0.26404792070388794 
vt 0.3396092355251312 0.21240313351154327 
vt 0.3396092355251312 0.26404792070388794 
vt 0.3304501175880432 0.21240313351154327 
vt 0.3304501175880432 0.26404792070388794 
vt 0.32141149044036865 0.21240313351154327 
vt 0.32141149044036865 0.26404792070388794 
vt 0.31225234270095825 0.21240313351154327 
vt 0.31225234270095825 0.26404792070388794 
vt 0.8132331967353821 0.15047775208950043 
vt 0.8047971725463867 0.15047775208950043 
vt 0.8132331967353821 0.21119365096092224 
vt 0.8047971725463867 0.21119365096092224 
vt 0.7964816093444824 0.15047775208950043 
vt 0.7964816093444824 0.21119365096092224 
vt 0.7881660461425781 0.15047775208950043 
vt 0.7881660461425781 0.21119365096092224 
vt 0.7797300219535828 0.15047775208950043 
vt 0.7797300219535828 0.21119365096092224 
vt 0.7714145183563232 0.15047775208950043 
vt 0.7714145183563232 0.21119365096092224 
vt 0.763098955154419 0.15047775208950043 
vt 0.763098955154419 0.21119365096092224 
vt 0.7546629309654236 0.15047775208950043 
vt 0.7546629309654236 0.21119365096092224 
vt 0.7463473677635193 0.15047775208950043 
vt 0.7463473677635193 0.21119365096092224 
vt 0.7380318641662598 0.15047775208950043 
vt 0.7380318641662598 0.21119365096092224 
vt 0.7295957803726196 0.15047775208950043 
vt 0.7295957803726196 0.21119365096092224 
vt 0.7212802767753601 0.15047775208950043 
vt 0.7212802767753601 0.21119365096092224 
vt 0.71284419298172 0.15047775208950043 
vt 0.71284419298172 0.21119365096092224 
vt 0.7045286893844604 0.15047775208950043 
vt 0.7045286893844604 0.21119365096092224 
vt 0.6962131261825562 0.15047775208950043 
vt 0.6962131261825562 0.21119365096092224 
vt 0.6877771019935608 0.15047775208950043 
vt 0.6877771019935608 0.21119365096092224 
vt 0.6794615387916565 0.15047775208950043 
vt 0.6794615387916565 0.21119365096092224 
vt 0.671146035194397 0.15047775208950043 
vt 0.671146035194397 0.21119365096092224 
vt 0.6627099514007568 0.15047775208950043 
vt 0.6627099514007568 0.21119365096092224 
vt 0.6543944478034973 0.15047775208950043 
vt 0.6543944478034973 0.21119365096092224 
vt 0.6459583640098572 0.15047775208950043 
vt 0.6459583640098572 0.21119365096092224 
vt 0.6459583640098572 0.28775373101234436 
vt 0.6543944478034973 0.28775373101234436 
vt 0.6459583640098572 0.21542683243751526 
vt 0.6543944478034973 0.21542683243751526 
vt 0.6627099514007568 0.28775373101234436 
vt 0.6627099514007568 0.21542683243751526 
vt 0.671146035194397 0.28775373101234436 
vt 0.671146035194397 0.21542683243751526 
vt 0.6794615387916565 0.28775373101234436 
vt 0.6794615387916565 0.21542683243751526 
vt 0.6877771019935608 0.28775373101234436 
vt 0.6877771019935608 0.21542683243751526 
vt 0.6962131261825562 0.28775373101234436 
vt 0.6962131261825562 0.21542683243751526 
vt 0.7045286893844604 0.28775373101234436 
vt 0.7045286893844604 0.21542683243751526 
vt 0.71284419298172 0.28775373101234436 
vt 0.71284419298172 0.21542683243751526 
vt 0.7212802767753601 0.28775373101234436 
vt 0.7212802767753601 0.21542683243751526 
vt 0.7295957803726196 0.28775373101234436 
vt 0.7295957803726196 0.21542683243751526 
vt 0.7380318641662598 0.28775373101234436 
vt 0.7380318641662598 0.21542683243751526 
vt 0.7463473677635193 0.28775373101234436 
vt 0.7463473677635193 0.21542683243751526 
vt 0.7546629309654236 0.28775373101234436 
vt 0.7546629309654236 0.21542683243751526 
vt 0.763098955154419 0.28775373101234436 
vt 0.763098955154419 0.21542683243751526 
vt 0.7714145183563232 0.28775373101234436 
vt 0.7714145183563232 0.21542683243751526 
vt 0.7797300219535828 0.28775373101234436 
vt 0.7797300219535828 0.21542683243751526 
vt 0.7881660461425781 0.28775373101234436 
vt 0.7881660461425781 0.21542683243751526 
vt 0.8047971725463867 0.28775373101234436 
vt 0.8132331967353821 0.28775373101234436 
vt 0.8047971725463867 0.21542683243751526 
vt 0.8132331967353821 0.21542683243751526 
vt 0.651261031627655 0.3146041929721832 
vt 0.651261031627655 0.30396077036857605 
vt 0.7209187150001526 0.3146041929721832 
vt 0.7209187150001526 0.30396077036857605 
vt 0.651261031627655 0.29440587759017944 
vt 0.7209187150001526 0.29440587759017944 
vt 0.7881660461425781 0.21542683243751526 
vt 0.7797300219535828 0.21542683243751526 
vt 0.7881660461425781 0.28775373101234436 
vt 0.7797300219535828 0.28775373101234436 
vt 0.7714145183563232 0.21542683243751526 
vt 0.7714145183563232 0.28775373101234436 
vt 0.763098955154419 0.21542683243751526 
vt 0.763098955154419 0.28775373101234436 
vt 0.7546629309654236 0.21542683243751526 
vt 0.7546629309654236 0.28775373101234436 
vt 0.7463473677635193 0.21542683243751526 
vt 0.7463473677635193 0.28775373101234436 
vt 0.7380318641662598 0.21542683243751526 
vt 0.7380318641662598 0.28775373101234436 
vt 0.7295957803726196 0.21542683243751526 
vt 0.7295957803726196 0.28775373101234436 
vt 0.7212802767753601 0.21542683243751526 
vt 0.7212802767753601 0.28775373101234436 
vt 0.71284419298172 0.21542683243751526 
vt 0.71284419298172 0.28775373101234436 
vt 0.7045286893844604 0.21542683243751526 
vt 0.7045286893844604 0.28775373101234436 
vt 0.6962131261825562 0.21542683243751526 
vt 0.6962131261825562 0.28775373101234436 
vt 0.6877771019935608 0.21542683243751526 
vt 0.6877771019935608 0.28775373101234436 
vt 0.6794615387916565 0.21542683243751526 
vt 0.6794615387916565 0.28775373101234436 
vt 0.671146035194397 0.21542683243751526 
vt 0.671146035194397 0.28775373101234436 
vt 0.6627099514007568 0.21542683243751526 
vt 0.6627099514007568 0.28775373101234436 
vt 0.6543944478034973 0.21542683243751526 
vt 0.6543944478034973 0.28775373101234436 
vt 0.6459583640098572 0.21542683243751526 
vt 0.6459583640098572 0.28775373101234436 
vt 0.8205845952033997 0.1132257729768753 
vt 0.8138357996940613 0.10403372347354889 
vt 0.9913543462753296 0.021547187119722366 
vt 0.9842439889907837 0.01308082789182663 
vt 0.8046766519546509 0.09750252962112427 
vt 0.9759284257888794 0.005702999886125326 
vt 0.5286972522735596 0.5254165530204773 
vt 0.5286972522735596 0.4388177990913391 
vt 0.5460514426231384 0.5254165530204773 
vt 0.5460514426231384 0.4388177990913391 
vt 0.5460514426231384 0.40761321783065796 
vt 0.5286972522735596 0.40761321783065796 
vt 0.5286972522735596 0.3210144340991974 
vt 0.7209187150001526 0.29440587759017944 
vt 0.7209187150001526 0.30396077036857605 
vt 0.651261031627655 0.29440587759017944 
vt 0.651261031627655 0.30396077036857605 
vt 0.7209187150001526 0.3146041929721832 
vt 0.651261031627655 0.3146041929721832 
vt 0.9770130515098572 0.2717885971069336 
vt 0.7433344721794128 0.3507676422595978 
vt 0.9699026942253113 0.25945189595222473 
vt 0.7368266582489014 0.3378262221813202 
vt 0.9609845876693726 0.24856658279895782 
vt 0.7265828847885132 0.32766658067703247 
vt 0.7168211936950684 0.3523399531841278 
vt 0.7121211290359497 0.34762299060821533 
vt 0.7136877775192261 0.32113537192344666 
vt 0.7060953378677368 0.34459930658340454 
vt 0.6994670629501343 0.31883737444877625 
vt 0.6994670629501343 0.34351077675819397 
vt 0.6851257681846619 0.32113537192344666 
vt 0.692838728427887 0.34459930658340454 
vt 0.6723511815071106 0.32766658067703247 
vt 0.6868129372596741 0.34762299060821533 
vt 0.6621074080467224 0.3378262221813202 
vt 0.6819923520088196 0.3523399531841278 
vt 0.6555995941162109 0.3507676422595978 
vt 0.6789794564247131 0.35838738083839417 
vt 0.6533097624778748 0.36503949761390686 
vt 0.6778948307037354 0.36503949761390686 
vt 0.6555995941162109 0.3791904151439667 
vt 0.6789794564247131 0.37169164419174194 
vt 0.6621074080467224 0.39213186502456665 
vt 0.6819923520088196 0.37761810421943665 
vt 0.6723511815071106 0.40229150652885437 
vt 0.6868129372596741 0.3823350667953491 
vt 0.6851257681846619 0.4088226854801178 
vt 0.692838728427887 0.38547971844673157 
vt 0.6994670629501343 0.4111206829547882 
vt 0.6994670629501343 0.38644731044769287 
vt 0.7136877775192261 0.4088226854801178 
vt 0.7060953378677368 0.38547971844673157 
vt 0.7265828847885132 0.40229150652885437 
vt 0.7121211290359497 0.3823350667953491 
vt 0.7368266582489014 0.39213186502456665 
vt 0.7168211936950684 0.37761810421943665 
vt 0.7433344721794128 0.3791904151439667 
vt 0.7198340892791748 0.37169164419174194 
vt 0.745624303817749 0.36503949761390686 
vt 0.7209187150001526 0.36503949761390686 
vt 0.7198340892791748 0.35838738083839417 
vt 0.7152544856071472 0.35354945063591003 
vt 0.7109159827232361 0.34919533133506775 
vt 0.7054927945137024 0.3464135229587555 
vt 0.6994670629501343 0.3454459309577942 
vt 0.6934412717819214 0.3464135229587555 
vt 0.6878976225852966 0.34919533133506775 
vt 0.6835590600967407 0.35354945063591003 
vt 0.680787205696106 0.3589920997619629 
vt 0.679823100566864 0.36503949761390686 
vt 0.680787205696106 0.37108689546585083 
vt 0.6835590600967407 0.3765295743942261 
vt 0.6878976225852966 0.3807627558708191 
vt 0.6934412717819214 0.38354456424713135 
vt 0.6994670629501343 0.38451212644577026 
vt 0.7054927945137024 0.38354456424713135 
vt 0.7109159827232361 0.3807627558708191 
vt 0.7152544856071472 0.3765295743942261 
vt 0.718026340007782 0.37108689546585083 
vt 0.7189904451370239 0.36503949761390686 
vt 0.718026340007782 0.3589920997619629 
vt 0.8002175688743591 0.037996117025613785 
vt 0.8002175688743591 0.09024564921855927 
vt 0.6471635103225708 0.037996117025613785 
vt 0.6471635103225708 0.09024564921855927 
vt 0.011326384730637074 0.5649665594100952 
vt 0.011326384730637074 0.6697075366973877 
vt 0.06121959537267685 0.5506947040557861 
vt 0.06121959537267685 0.6268919110298157 
vt 0.38058435916900635 0.6268919110298157 
vt 0.43059808015823364 0.6697075366973877 
vt 0.38058435916900635 0.5506947040557861 
vt 0.43059808015823364 0.5649665594100952 
vt 0.8002175688743591 0.037996117025613785 
vt 0.6471635103225708 0.037996117025613785 
vt 0.8002175688743591 0.09024564921855927 
vt 0.6471635103225708 0.09024564921855927 
vt 0.15244944393634796 0.2384069561958313 
vt 0.15244944393634796 0.2754170298576355 
vt 0.29477766156196594 0.2384069561958313 
vt 0.29477766156196594 0.2754170298576355 
vt 0.29477766156196594 0.2928335666656494 
vt 0.15244944393634796 0.2928335666656494 
vt 0.8205845952033997 0.1132257729768753 
vt 0.9913543462753296 0.021547187119722366 
vt 0.8138357996940613 0.10403372347354889 
vt 0.9842439889907837 0.01308082789182663 
vt 0.8046766519546509 0.09750252962112427 
vt 0.9759284257888794 0.005702999886125326 
vt 0.6471635103225708 0.09024564921855927 
vt 0.6471635103225708 0.037996117025613785 
vt 0.8002175688743591 0.09024564921855927 
vt 0.8002175688743591 0.037996117025613785 
vt 0.8004586100578308 0.14745405316352844 
vt 0.8004586100578308 0.09520451724529266 
vt 0.64776611328125 0.14745405316352844 
vt 0.64776611328125 0.09520451724529266 
vt 0.4401187598705292 0.21240313351154327 
vt 0.4401187598705292 0.26404792070388794 
vt 0.4309596121311188 0.21240313351154327 
vt 0.4309596121311188 0.26404792070388794 
vt 0.4218004643917084 0.21240313351154327 
vt 0.4218004643917084 0.26404792070388794 
vt 0.4127618372440338 0.21240313351154327 
vt 0.4127618372440338 0.26404792070388794 
vt 0.4036027193069458 0.21240313351154327 
vt 0.4036027193069458 0.26404792070388794 
vt 0.3944435715675354 0.21240313351154327 
vt 0.3944435715675354 0.26404792070388794 
vt 0.385284423828125 0.21240313351154327 
vt 0.385284423828125 0.26404792070388794 
vt 0.3761252760887146 0.21240313351154327 
vt 0.3761252760887146 0.26404792070388794 
vt 0.3670866787433624 0.21240313351154327 
vt 0.3670866787433624 0.26404792070388794 
vt 0.357927531003952 0.21240313351154327 
vt 0.357927531003952 0.26404792070388794 
vt 0.3487683832645416 0.21240313351154327 
vt 0.3487683832645416 0.26404792070388794 
vt 0.3396092355251312 0.21240313351154327 
vt 0.3396092355251312 0.26404792070388794 
vt 0.3304501175880432 0.21240313351154327 
vt 0.3304501175880432 0.26404792070388794 
vt 0.32141149044036865 0.21240313351154327 
vt 0.32141149044036865 0.26404792070388794 
vt 0.31225234270095825 0.21240313351154327 
vt 0.31225234270095825 0.26404792070388794 
vt 0.15244944393634796 0.2754170298576355 
vt 0.010241749696433544 0.2754170298576355 
vt 0.15244944393634796 0.2928335666656494 
vt 0.010241749696433544 0.2928335666656494 
vt 0.16534455120563507 0.9166833162307739 
vt 0.2694695293903351 0.9166833162307739 
vt 0.16534455120563507 0.8991459012031555 
vt 0.2694695293903351 0.8991459012031555 
vt 0.614021897315979 0.5244489908218384 
vt 0.592329204082489 0.5244489908218384 
vt 0.614021897315979 0.38789868354797363 
vt 0.592329204082489 0.38789868354797363 
vt 0.15244944393634796 0.2754170298576355 
vt 0.15244944393634796 0.2928335666656494 
vt 0.010241749696433544 0.2754170298576355 
vt 0.010241749696433544 0.2928335666656494 
vt 0.48085281252861023 0.36903080344200134 
vt 0.5021839737892151 0.36903080344200134 
vt 0.48085281252861023 0.9009600877761841 
vt 0.5021839737892151 0.9009600877761841 
vt 0.31225234270095825 0.26404792070388794 
vt 0.31225234270095825 0.21240313351154327 
vt 0.32141149044036865 0.26404792070388794 
vt 0.32141149044036865 0.21240313351154327 
vt 0.3304501175880432 0.26404792070388794 
vt 0.3304501175880432 0.21240313351154327 
vt 0.3396092355251312 0.26404792070388794 
vt 0.3396092355251312 0.21240313351154327 
vt 0.3487683832645416 0.26404792070388794 
vt 0.3487683832645416 0.21240313351154327 
vt 0.357927531003952 0.26404792070388794 
vt 0.357927531003952 0.21240313351154327 
vt 0.3670866787433624 0.26404792070388794 
vt 0.3670866787433624 0.21240313351154327 
vt 0.3761252760887146 0.26404792070388794 
vt 0.3761252760887146 0.21240313351154327 
vt 0.385284423828125 0.26404792070388794 
vt 0.385284423828125 0.21240313351154327 
vt 0.3944435715675354 0.26404792070388794 
vt 0.3944435715675354 0.21240313351154327 
vt 0.4036027193069458 0.26404792070388794 
vt 0.4036027193069458 0.21240313351154327 
vt 0.4127618372440338 0.26404792070388794 
vt 0.4127618372440338 0.21240313351154327 
vt 0.4218004643917084 0.26404792070388794 
vt 0.4218004643917084 0.21240313351154327 
vt 0.4309596121311188 0.26404792070388794 
vt 0.4309596121311188 0.21240313351154327 
vt 0.4401187598705292 0.26404792070388794 
vt 0.4401187598705292 0.21240313351154327 
vt 0.31225234270095825 0.26404792070388794 
vt 0.32141149044036865 0.26404792070388794 
vt 0.31225234270095825 0.21240313351154327 
vt 0.32141149044036865 0.21240313351154327 
vt 0.3304501175880432 0.26404792070388794 
vt 0.3304501175880432 0.21240313351154327 
vt 0.3396092355251312 0.26404792070388794 
vt 0.3396092355251312 0.21240313351154327 
vt 0.3487683832645416 0.26404792070388794 
vt 0.3487683832645416 0.21240313351154327 
vt 0.357927531003952 0.26404792070388794 
vt 0.357927531003952 0.21240313351154327 
vt 0.3670866787433624 0.26404792070388794 
vt 0.3670866787433624 0.21240313351154327 
vt 0.3761252760887146 0.26404792070388794 
vt 0.3761252760887146 0.21240313351154327 
vt 0.385284423828125 0.26404792070388794 
vt 0.385284423828125 0.21240313351154327 
vt 0.3944435715675354 0.26404792070388794 
vt 0.3944435715675354 0.21240313351154327 
vt 0.4036027193069458 0.26404792070388794 
vt 0.4036027193069458 0.21240313351154327 
vt 0.4127618372440338 0.26404792070388794 
vt 0.4127618372440338 0.21240313351154327 
vt 0.4218004643917084 0.26404792070388794 
vt 0.4218004643917084 0.21240313351154327 
vt 0.4309596121311188 0.26404792070388794 
vt 0.4309596121311188 0.21240313351154327 
vt 0.4401187598705292 0.26404792070388794 
vt 0.4401187598705292 0.21240313351154327 
vt 0.4492779076099396 0.9527258276939392 
vt 0.4690423607826233 0.9527258276939392 
vt 0.4492779076099396 0.304202675819397 
vt 0.4690423607826233 0.304202675819397 
vt 0.29477766156196594 0.2754170298576355 
vt 0.4371058940887451 0.2754170298576355 
vt 0.29477766156196594 0.2928335666656494 
vt 0.4371058940887451 0.2928335666656494 
vt 0.4492779076099396 0.304202675819397 
vt 0.4690423607826233 0.304202675819397 
vt 0.4492779076099396 0.9527258276939392 
vt 0.4690423607826233 0.9527258276939392 
vt 0.5148380398750305 0.9930015206336975 
vt 0.5148380398750305 0.7936792373657227 
vt 0.6093218326568604 0.9930015206336975 
vt 0.6093218326568604 0.7936792373657227 
vt 0.5148380398750305 0.5355761647224426 
vt 0.6093218326568604 0.5355761647224426 
vt 0.16703176498413086 0.4267229735851288 
vt 0.2711567282676697 0.4267229735851288 
vt 0.16703176498413086 0.44426044821739197 
vt 0.2711567282676697 0.44426044821739197 
vt 0.6459583640098572 0.21542683243751526 
vt 0.6459583640098572 0.21119365096092224 
vt 0.6543944478034973 0.21542683243751526 
vt 0.6543944478034973 0.21119365096092224 
vt 0.6627099514007568 0.21542683243751526 
vt 0.6627099514007568 0.21119365096092224 
vt 0.671146035194397 0.21542683243751526 
vt 0.671146035194397 0.21119365096092224 
vt 0.6794615387916565 0.21542683243751526 
vt 0.6794615387916565 0.21119365096092224 
vt 0.6877771019935608 0.21542683243751526 
vt 0.6877771019935608 0.21119365096092224 
vt 0.6962131261825562 0.21542683243751526 
vt 0.6962131261825562 0.21119365096092224 
vt 0.7045286893844604 0.21542683243751526 
vt 0.7045286893844604 0.21119365096092224 
vt 0.71284419298172 0.21542683243751526 
vt 0.71284419298172 0.21119365096092224 
vt 0.7212802767753601 0.21542683243751526 
vt 0.7212802767753601 0.21119365096092224 
vt 0.7295957803726196 0.21542683243751526 
vt 0.7295957803726196 0.21119365096092224 
vt 0.7380318641662598 0.21542683243751526 
vt 0.7380318641662598 0.21119365096092224 
vt 0.7463473677635193 0.21542683243751526 
vt 0.7463473677635193 0.21119365096092224 
vt 0.7546629309654236 0.21542683243751526 
vt 0.7546629309654236 0.21119365096092224 
vt 0.763098955154419 0.21542683243751526 
vt 0.763098955154419 0.21119365096092224 
vt 0.7714145183563232 0.21542683243751526 
vt 0.7714145183563232 0.21119365096092224 
vt 0.7797300219535828 0.21542683243751526 
vt 0.7797300219535828 0.21119365096092224 
vt 0.7881660461425781 0.21542683243751526 
vt 0.7881660461425781 0.21119365096092224 
vt 0.7964816093444824 0.21542683243751526 
vt 0.7964816093444824 0.21119365096092224 
vt 0.8047971725463867 0.21542683243751526 
vt 0.8047971725463867 0.21119365096092224 
vt 0.8132331967353821 0.21542683243751526 
vt 0.8132331967353821 0.21119365096092224 
vt 0.6093218326568604 0.9930015206336975 
vt 0.6093218326568604 0.7936792373657227 
vt 0.5148380398750305 0.9930015206336975 
vt 0.5148380398750305 0.7936792373657227 
vt 0.6093218326568604 0.5355761647224426 
vt 0.5148380398750305 0.5355761647224426 
vt 0.9770130515098572 0.2717885971069336 
vt 0.9699026942253113 0.25945189595222473 
vt 0.7433344721794128 0.3507676422595978 
vt 0.7368266582489014 0.3378262221813202 
vt 0.7198340892791748 0.35838738083839417 
vt 0.7168211936950684 0.3523399531841278 
vt 0.7152544856071472 0.35354945063591003 
vt 0.7109159827232361 0.34919533133506775 
vt 0.9609845876693726 0.24856658279895782 
vt 0.7265828847885132 0.32766658067703247 
vt 0.7121211290359497 0.34762299060821533 
vt 0.7054927945137024 0.3464135229587555 
vt 0.7136877775192261 0.32113537192344666 
vt 0.7060953378677368 0.34459930658340454 
vt 0.6994670629501343 0.3454459309577942 
vt 0.6994670629501343 0.31883737444877625 
vt 0.6994670629501343 0.34351077675819397 
vt 0.6934412717819214 0.3464135229587555 
vt 0.6851257681846619 0.32113537192344666 
vt 0.692838728427887 0.34459930658340454 
vt 0.6878976225852966 0.34919533133506775 
vt 0.6723511815071106 0.32766658067703247 
vt 0.6868129372596741 0.34762299060821533 
vt 0.6835590600967407 0.35354945063591003 
vt 0.6621074080467224 0.3378262221813202 
vt 0.6819923520088196 0.3523399531841278 
vt 0.680787205696106 0.3589920997619629 
vt 0.6555995941162109 0.3507676422595978 
vt 0.6789794564247131 0.35838738083839417 
vt 0.679823100566864 0.36503949761390686 
vt 0.6533097624778748 0.36503949761390686 
vt 0.6778948307037354 0.36503949761390686 
vt 0.680787205696106 0.37108689546585083 
vt 0.6555995941162109 0.3791904151439667 
vt 0.6789794564247131 0.37169164419174194 
vt 0.6835590600967407 0.3765295743942261 
vt 0.6621074080467224 0.39213186502456665 
vt 0.6819923520088196 0.37761810421943665 
vt 0.6878976225852966 0.3807627558708191 
vt 0.6723511815071106 0.40229150652885437 
vt 0.6868129372596741 0.3823350667953491 
vt 0.6934412717819214 0.38354456424713135 
vt 0.6851257681846619 0.4088226854801178 
vt 0.692838728427887 0.38547971844673157 
vt 0.6994670629501343 0.38451212644577026 
vt 0.6994670629501343 0.4111206829547882 
vt 0.6994670629501343 0.38644731044769287 
vt 0.7054927945137024 0.38354456424713135 
vt 0.7136877775192261 0.4088226854801178 
vt 0.7060953378677368 0.38547971844673157 
vt 0.7109159827232361 0.3807627558708191 
vt 0.7265828847885132 0.40229150652885437 
vt 0.7121211290359497 0.3823350667953491 
vt 0.7152544856071472 0.3765295743942261 
vt 0.7368266582489014 0.39213186502456665 
vt 0.7168211936950684 0.37761810421943665 
vt 0.718026340007782 0.37108689546585083 
vt 0.7433344721794128 0.3791904151439667 
vt 0.7198340892791748 0.37169164419174194 
vt 0.7189904451370239 0.36503949761390686 
vt 0.745624303817749 0.36503949761390686 
vt 0.7209187150001526 0.36503949761390686 
vt 0.718026340007782 0.3589920997619629 
vt 0.6439096331596375 0.2624756097793579 
vt 0.6439096331596375 0.6757549047470093 
vt 0.6199271082878113 0.2624756097793579 
vt 0.6199271082878113 0.6757549047470093 
vt 0.6199271082878113 0.9949367046356201 
vt 0.6439096331596375 0.9949367046356201 
vt 0.6199271082878113 0.9949367046356201 
vt 0.6439096331596375 0.9949367046356201 
vt 0.6199271082878113 0.6757549047470093 
vt 0.6439096331596375 0.6757549047470093 
vt 0.6439096331596375 0.2624756097793579 
vt 0.6471635103225708 0.09024564921855927 
vt 0.8002175688743591 0.09024564921855927 
vt 0.6471635103225708 0.037996117025613785 
vt 0.8002175688743591 0.037996117025613785 
vt 0.64776611328125 0.09520451724529266 
vt 0.8004586100578308 0.09520451724529266 
vt 0.64776611328125 0.14745405316352844 
vt 0.8004586100578308 0.14745405316352844 
vt 0.05603744834661484 0.3467763662338257 
vt 0.22150453925132751 0.3467763662338257 
vt 0.05603744834661484 0.3335930407047272 
vt 0.22150453925132751 0.3335930407047272 
vt 0.22150453925132751 0.30529120564460754 
vt 0.386971652507782 0.30529120564460754 
vt 0.386971652507782 0.3467763662338257 
vt 0.386971652507782 0.3335930407047272 
vt 0.4387930929660797 0.30529120564460754 
vt 0.05603744834661484 0.30529120564460754 
vt 0.004215999972075224 0.3335930407047272 
vt 0.01000071968883276 0.1849479377269745 
vt 0.06664276868104935 0.1849479377269745 
vt 0.01000071968883276 0.26525741815567017 
vt 0.06664276868104935 0.26525741815567017 
vt 0.07170440256595612 0.1849479377269745 
vt 0.12834644317626953 0.1849479377269745 
vt 0.07170440256595612 0.26525741815567017 
vt 0.12834644317626953 0.26525741815567017 
vt 0.43059808015823364 0.46022558212280273 
vt 0.43059808015823364 0.35548460483551025 
vt 0.38058435916900635 0.4744974374771118 
vt 0.38058435916900635 0.3983002007007599 
vt 0.06121959537267685 0.3983002007007599 
vt 0.011326384730637074 0.35548460483551025 
vt 0.06121959537267685 0.4744974374771118 
vt 0.011326384730637074 0.46022558212280273 
vt 0.06664276868104935 0.1849479377269745 
vt 0.01000071968883276 0.1849479377269745 
vt 0.06664276868104935 0.26525741815567017 
vt 0.01000071968883276 0.26525741815567017 
vt 0.43059808015823364 0.5649665594100952 
vt 0.43059808015823364 0.46022558212280273 
vt 0.38058435916900635 0.5506947040557861 
vt 0.38058435916900635 0.4744974374771118 
vt 0.2209019660949707 0.4744974374771118 
vt 0.2209019660949707 0.5506947040557861 
vt 0.06121959537267685 0.4744974374771118 
vt 0.06121959537267685 0.5506947040557861 
vt 0.011326384730637074 0.5649665594100952 
vt 0.20595811307430267 0.19498662650585175 
vt 0.1373850703239441 0.19498662650585175 
vt 0.20595811307430267 0.2202647477388382 
vt 0.1373850703239441 0.2202647477388382 
vt 0.20595811307430267 0.2321176528930664 
vt 0.1373850703239441 0.2321176528930664 
vt 0.12834644317626953 0.1849479377269745 
vt 0.07170440256595612 0.1849479377269745 
vt 0.12834644317626953 0.26525741815567017 
vt 0.07170440256595612 0.26525741815567017 
vt 0.816848635673523 0.21736200153827667 
vt 0.816848635673523 0.2139754593372345 
vt 0.8238385319709778 0.21736200153827667 
vt 0.8238385319709778 0.2139754593372345 
vt 0.8308283686637878 0.21736200153827667 
vt 0.8308283686637878 0.2139754593372345 
vt 0.8378182649612427 0.21736200153827667 
vt 0.8378182649612427 0.2139754593372345 
vt 0.8448081016540527 0.21736200153827667 
vt 0.8448081016540527 0.2139754593372345 
vt 0.8517979979515076 0.21736200153827667 
vt 0.8517979979515076 0.2139754593372345 
vt 0.8586673736572266 0.21736200153827667 
vt 0.8586673736572266 0.2139754593372345 
vt 0.8656572103500366 0.21736200153827667 
vt 0.8656572103500366 0.2139754593372345 
vt 0.8726471066474915 0.21736200153827667 
vt 0.8726471066474915 0.2139754593372345 
vt 0.8796369433403015 0.21736200153827667 
vt 0.8796369433403015 0.2139754593372345 
vt 0.8866268396377563 0.21736200153827667 
vt 0.8866268396377563 0.2139754593372345 
vt 0.8934961557388306 0.21736200153827667 
vt 0.8934961557388306 0.2139754593372345 
vt 0.9004860520362854 0.21736200153827667 
vt 0.9004860520362854 0.2139754593372345 
vt 0.9074759483337402 0.21736200153827667 
vt 0.9074759483337402 0.2139754593372345 
vt 0.9144657850265503 0.21736200153827667 
vt 0.9144657850265503 0.2139754593372345 
vt 0.9214556813240051 0.21736200153827667 
vt 0.9214556813240051 0.2139754593372345 
vt 0.9284455180168152 0.21736200153827667 
vt 0.9284455180168152 0.2139754593372345 
vt 0.9353148937225342 0.21736200153827667 
vt 0.9353148937225342 0.2139754593372345 
vt 0.9423047304153442 0.21736200153827667 
vt 0.9423047304153442 0.2139754593372345 
vt 0.9492946267127991 0.21736200153827667 
vt 0.9492946267127991 0.2139754593372345 
vt 0.9562845230102539 0.21736200153827667 
vt 0.9562845230102539 0.2139754593372345 
vt 0.8238385319709778 0.12241782248020172 
vt 0.8308283686637878 0.12241782248020172 
vt 0.8378182649612427 0.12241782248020172 
vt 0.8448081016540527 0.12241782248020172 
vt 0.8517979979515076 0.12241782248020172 
vt 0.8586673736572266 0.12241782248020172 
vt 0.8656572103500366 0.12241782248020172 
vt 0.8726471066474915 0.12241782248020172 
vt 0.8796369433403015 0.12241782248020172 
vt 0.8866268396377563 0.12241782248020172 
vt 0.8934961557388306 0.12241782248020172 
vt 0.9004860520362854 0.12241782248020172 
vt 0.9074759483337402 0.12241782248020172 
vt 0.9144657850265503 0.12241782248020172 
vt 0.9214556813240051 0.12241782248020172 
vt 0.9284455180168152 0.12241782248020172 
vt 0.9353148937225342 0.12241782248020172 
vt 0.9423047304153442 0.12241782248020172 
vt 0.9492946267127991 0.12241782248020172 
vt 0.9562845230102539 0.12241782248020172 
vt 0.4679577052593231 0.2647736072540283 
vt 0.4565087854862213 0.2621127665042877 
vt 0.4679577052593231 0.2384069561958313 
vt 0.4473496675491333 0.2548558712005615 
vt 0.44228801131248474 0.2443334013223648 
vt 0.44228801131248474 0.23260144889354706 
vt 0.4473496675491333 0.22207897901535034 
vt 0.4565087854862213 0.21482209861278534 
vt 0.4679577052593231 0.21216124296188354 
vt 0.4792861342430115 0.21482209861278534 
vt 0.4884452819824219 0.22207897901535034 
vt 0.49350690841674805 0.23260144889354706 
vt 0.49350690841674805 0.2443334013223648 
vt 0.4884452819824219 0.2548558712005615 
vt 0.4792861342430115 0.2621127665042877 
vt 0.8871088624000549 0.39805832505226135 
vt 0.8792754411697388 0.3889872133731842 
vt 0.8820472359657288 0.38814058899879456 
vt 0.877467691898346 0.3771342933177948 
vt 0.8802395462989807 0.3771342933177948 
vt 0.8792754411697388 0.3652814030647278 
vt 0.8820472359657288 0.36612802743911743 
vt 0.8846985697746277 0.35451704263687134 
vt 0.8869884014129639 0.35621029138565063 
vt 0.8932551741600037 0.3460506796836853 
vt 0.8949423432350159 0.3483486771583557 
vt 0.9039809703826904 0.34060800075531006 
vt 0.9048246145248413 0.3433898091316223 
vt 0.9157914519309998 0.3387937843799591 
vt 0.9157914519309998 0.34157559275627136 
vt 0.9276019334793091 0.34060800075531006 
vt 0.926758348941803 0.3433898091316223 
vt 0.9383277893066406 0.3460506796836853 
vt 0.9366405606269836 0.3483486771583557 
vt 0.9468843340873718 0.35451704263687134 
vt 0.9444740414619446 0.35621029138565063 
vt 0.9523075222969055 0.3652814030647278 
vt 0.9495356678962708 0.36612802743911743 
vt 0.9541152119636536 0.3771342933177948 
vt 0.9513433575630188 0.3771342933177948 
vt 0.9523075222969055 0.3889872133731842 
vt 0.9495356678962708 0.38814058899879456 
vt 0.9468843340873718 0.3996306359767914 
vt 0.9444740414619446 0.39805832505226135 
vt 0.9383277893066406 0.4082179367542267 
vt 0.9366405606269836 0.4059199392795563 
vt 0.9276019334793091 0.41366061568260193 
vt 0.926758348941803 0.4108788073062897 
vt 0.9157914519309998 0.4154748320579529 
vt 0.9157914519309998 0.4126930236816406 
vt 0.9039809703826904 0.41366061568260193 
vt 0.9048246145248413 0.4108788073062897 
vt 0.8932551741600037 0.4082179367542267 
vt 0.8949423432350159 0.4059199392795563 
vt 0.8846985697746277 0.3996306359767914 
vt 0.8712009191513062 0.3840283453464508 
vt 0.87312912940979 0.37132880091667175 
vt 0.8322745561599731 0.37132880091667175 
vt 0.8712009191513062 0.35875022411346436 
vt 0.8654161691665649 0.3473810851573944 
vt 0.8563775420188904 0.33831000328063965 
vt 0.8449286222457886 0.3325045108795166 
vt 0.8322745561599731 0.3304483890533447 
vt 0.8197410106658936 0.3325045108795166 
vt 0.8082920908927917 0.33831000328063965 
vt 0.7992534637451172 0.3473810851573944 
vt 0.793468713760376 0.35875022411346436 
vt 0.7914199829101562 0.37132880091667175 
vt 0.793468713760376 0.3840283453464508 
vt 0.7992534637451172 0.39539745450019836 
vt 0.8082920908927917 0.40434759855270386 
vt 0.8197410106658936 0.4101531207561493 
vt 0.8322745561599731 0.41220924258232117 
vt 0.8449286222457886 0.4101531207561493 
vt 0.8563775420188904 0.40434759855270386 
vt 0.8654161691665649 0.39539745450019836 
vt 0.9276019334793091 0.34060800075531006 
vt 0.9157914519309998 0.34157559275627136 
vt 0.9157914519309998 0.3387937843799591 
vt 0.9048246145248413 0.3433898091316223 
vt 0.9039809703826904 0.34060800075531006 
vt 0.8949423432350159 0.3483486771583557 
vt 0.8932551741600037 0.3460506796836853 
vt 0.8869884014129639 0.35621029138565063 
vt 0.8846985697746277 0.35451704263687134 
vt 0.8820472359657288 0.36612802743911743 
vt 0.8792754411697388 0.3652814030647278 
vt 0.8802395462989807 0.3771342933177948 
vt 0.877467691898346 0.3771342933177948 
vt 0.8820472359657288 0.38814058899879456 
vt 0.8792754411697388 0.3889872133731842 
vt 0.8871088624000549 0.39805832505226135 
vt 0.8846985697746277 0.3996306359767914 
vt 0.8949423432350159 0.4059199392795563 
vt 0.8932551741600037 0.4082179367542267 
vt 0.9048246145248413 0.4108788073062897 
vt 0.9039809703826904 0.41366061568260193 
vt 0.9157914519309998 0.4126930236816406 
vt 0.9157914519309998 0.4154748320579529 
vt 0.926758348941803 0.4108788073062897 
vt 0.9276019334793091 0.41366061568260193 
vt 0.9366405606269836 0.4059199392795563 
vt 0.9383277893066406 0.4082179367542267 
vt 0.9444740414619446 0.39805832505226135 
vt 0.9468843340873718 0.3996306359767914 
vt 0.9495356678962708 0.38814058899879456 
vt 0.9523075222969055 0.3889872133731842 
vt 0.9513433575630188 0.3771342933177948 
vt 0.9541152119636536 0.3771342933177948 
vt 0.9495356678962708 0.36612802743911743 
vt 0.9523075222969055 0.3652814030647278 
vt 0.9444740414619446 0.35621029138565063 
vt 0.9468843340873718 0.35451704263687134 
vt 0.9366405606269836 0.3483486771583557 
vt 0.9383277893066406 0.3460506796836853 
vt 0.926758348941803 0.3433898091316223 
vt 0.9495356678962708 0.38814058899879456 
vt 0.9523075222969055 0.3889872133731842 
vt 0.9444740414619446 0.39805832505226135 
vt 0.9468843340873718 0.3996306359767914 
vt 0.9366405606269836 0.4059199392795563 
vt 0.9383277893066406 0.4082179367542267 
vt 0.926758348941803 0.4108788073062897 
vt 0.9276019334793091 0.41366061568260193 
vt 0.9157914519309998 0.4126930236816406 
vt 0.9157914519309998 0.4154748320579529 
vt 0.9048246145248413 0.4108788073062897 
vt 0.9039809703826904 0.41366061568260193 
vt 0.8949423432350159 0.4059199392795563 
vt 0.8932551741600037 0.4082179367542267 
vt 0.8869884014129639 0.39805832505226135 
vt 0.8846985697746277 0.3996306359767914 
vt 0.8820472359657288 0.38814058899879456 
vt 0.8792754411697388 0.3889872133731842 
vt 0.8802395462989807 0.3771342933177948 
vt 0.877467691898346 0.3771342933177948 
vt 0.8820472359657288 0.36612802743911743 
vt 0.8792754411697388 0.3652814030647278 
vt 0.8869884014129639 0.35621029138565063 
vt 0.8846985697746277 0.35451704263687134 
vt 0.8949423432350159 0.3483486771583557 
vt 0.8932551741600037 0.3460506796836853 
vt 0.9048246145248413 0.3433898091316223 
vt 0.9039809703826904 0.34060800075531006 
vt 0.9157914519309998 0.34157559275627136 
vt 0.9157914519309998 0.3387937843799591 
vt 0.926758348941803 0.3433898091316223 
vt 0.9276019334793091 0.34060800075531006 
vt 0.9366405606269836 0.3483486771583557 
vt 0.9383277893066406 0.3460506796836853 
vt 0.9444740414619446 0.35621029138565063 
vt 0.9468843340873718 0.35451704263687134 
vt 0.9495356678962708 0.36612802743911743 
vt 0.9523075222969055 0.3652814030647278 
vt 0.9513433575630188 0.3771342933177948 
vt 0.9541152119636536 0.3771342933177948 
vt 0.8197410106658936 0.3325045108795166 
vt 0.8082920908927917 0.33831000328063965 
vt 0.8322745561599731 0.37132880091667175 
vt 0.7992534637451172 0.3473810851573944 
vt 0.793468713760376 0.35875022411346436 
vt 0.7914199829101562 0.37132880091667175 
vt 0.793468713760376 0.3840283453464508 
vt 0.7992534637451172 0.39539745450019836 
vt 0.8082920908927917 0.40434759855270386 
vt 0.8197410106658936 0.4101531207561493 
vt 0.8322745561599731 0.41220924258232117 
vt 0.8449286222457886 0.4101531207561493 
vt 0.8563775420188904 0.40434759855270386 
vt 0.8654161691665649 0.39539745450019836 
vt 0.8712009191513062 0.3840283453464508 
vt 0.87312912940979 0.37132880091667175 
vt 0.8712009191513062 0.35875022411346436 
vt 0.8654161691665649 0.3473810851573944 
vt 0.8563775420188904 0.33831000328063965 
vt 0.8449286222457886 0.3325045108795166 
vt 0.8322745561599731 0.3304483890533447 
vt 0.4884452819824219 0.2548558712005615 
vt 0.49350690841674805 0.2443334013223648 
vt 0.4679577052593231 0.2384069561958313 
vt 0.49350690841674805 0.23260144889354706 
vt 0.4884452819824219 0.22207897901535034 
vt 0.4792861342430115 0.21482209861278534 
vt 0.4679577052593231 0.21216124296188354 
vt 0.4565087854862213 0.21482209861278534 
vt 0.4473496675491333 0.22207897901535034 
vt 0.44228801131248474 0.23260144889354706 
vt 0.44228801131248474 0.2443334013223648 
vt 0.4473496675491333 0.2548558712005615 
vt 0.4565087854862213 0.2621127665042877 
vt 0.4679577052593231 0.2647736072540283 
vt 0.4792861342430115 0.2621127665042877 
vt 0.9468843340873718 0.3996306359767914 
vt 0.9444740414619446 0.39805832505226135 
vt 0.9523075222969055 0.3889872133731842 
vt 0.9495356678962708 0.38814058899879456 
vt 0.9541152119636536 0.3771342933177948 
vt 0.9513433575630188 0.3771342933177948 
vt 0.9523075222969055 0.3652814030647278 
vt 0.9495356678962708 0.36612802743911743 
vt 0.9468843340873718 0.35451704263687134 
vt 0.9444740414619446 0.35621029138565063 
vt 0.9383277893066406 0.3460506796836853 
vt 0.9366405606269836 0.3483486771583557 
vt 0.9276019334793091 0.34060800075531006 
vt 0.926758348941803 0.3433898091316223 
vt 0.9157914519309998 0.3387937843799591 
vt 0.9157914519309998 0.34157559275627136 
vt 0.9039809703826904 0.34060800075531006 
vt 0.9048246145248413 0.3433898091316223 
vt 0.8932551741600037 0.3460506796836853 
vt 0.8949423432350159 0.3483486771583557 
vt 0.8846985697746277 0.35451704263687134 
vt 0.8869884014129639 0.35621029138565063 
vt 0.8792754411697388 0.3652814030647278 
vt 0.8820472359657288 0.36612802743911743 
vt 0.877467691898346 0.3771342933177948 
vt 0.8802395462989807 0.3771342933177948 
vt 0.8792754411697388 0.3889872133731842 
vt 0.8820472359657288 0.38814058899879456 
vt 0.8846985697746277 0.3996306359767914 
vt 0.8869884014129639 0.39805832505226135 
vt 0.8932551741600037 0.4082179367542267 
vt 0.8949423432350159 0.4059199392795563 
vt 0.9039809703826904 0.41366061568260193 
vt 0.9048246145248413 0.4108788073062897 
vt 0.9157914519309998 0.4154748320579529 
vt 0.9157914519309998 0.4126930236816406 
vt 0.9276019334793091 0.41366061568260193 
vt 0.926758348941803 0.4108788073062897 
vt 0.9383277893066406 0.4082179367542267 
vt 0.9366405606269836 0.4059199392795563 
vt 0.9523075222969055 0.3652814030647278 
vt 0.9513433575630188 0.3771342933177948 
vt 0.9541152119636536 0.3771342933177948 
vt 0.9495356678962708 0.38814058899879456 
vt 0.9523075222969055 0.3889872133731842 
vt 0.9444740414619446 0.39805832505226135 
vt 0.9468843340873718 0.3996306359767914 
vt 0.9366405606269836 0.4059199392795563 
vt 0.9383277893066406 0.4082179367542267 
vt 0.926758348941803 0.4108788073062897 
vt 0.9276019334793091 0.41366061568260193 
vt 0.9157914519309998 0.4126930236816406 
vt 0.9157914519309998 0.4154748320579529 
vt 0.9048246145248413 0.4108788073062897 
vt 0.9039809703826904 0.41366061568260193 
vt 0.8949423432350159 0.4059199392795563 
vt 0.8932551741600037 0.4082179367542267 
vt 0.8869884014129639 0.39805832505226135 
vt 0.8846985697746277 0.3996306359767914 
vt 0.8820472359657288 0.38814058899879456 
vt 0.8792754411697388 0.3889872133731842 
vt 0.8802395462989807 0.3771342933177948 
vt 0.877467691898346 0.3771342933177948 
vt 0.8820472359657288 0.36612802743911743 
vt 0.8792754411697388 0.3652814030647278 
vt 0.8869884014129639 0.35621029138565063 
vt 0.8846985697746277 0.35451704263687134 
vt 0.8949423432350159 0.3483486771583557 
vt 0.8932551741600037 0.3460506796836853 
vt 0.9048246145248413 0.3433898091316223 
vt 0.9039809703826904 0.34060800075531006 
vt 0.9157914519309998 0.34157559275627136 
vt 0.9157914519309998 0.3387937843799591 
vt 0.926758348941803 0.3433898091316223 
vt 0.9276019334793091 0.34060800075531006 
vt 0.9366405606269836 0.3483486771583557 
vt 0.9383277893066406 0.3460506796836853 
vt 0.9444740414619446 0.35621029138565063 
vt 0.9468843340873718 0.35451704263687134 
vt 0.9495356678962708 0.36612802743911743 
vt 0.8792754411697388 0.3652814030647278 
vt 0.8820472359657288 0.36612802743911743 
vt 0.8846985697746277 0.35451704263687134 
vt 0.8869884014129639 0.35621029138565063 
vt 0.8932551741600037 0.3460506796836853 
vt 0.8949423432350159 0.3483486771583557 
vt 0.9039809703826904 0.34060800075531006 
vt 0.9048246145248413 0.3433898091316223 
vt 0.9157914519309998 0.3387937843799591 
vt 0.9157914519309998 0.34157559275627136 
vt 0.9276019334793091 0.34060800075531006 
vt 0.926758348941803 0.3433898091316223 
vt 0.9383277893066406 0.3460506796836853 
vt 0.9366405606269836 0.3483486771583557 
vt 0.9468843340873718 0.35451704263687134 
vt 0.9444740414619446 0.35621029138565063 
vt 0.9523075222969055 0.3652814030647278 
vt 0.9495356678962708 0.36612802743911743 
vt 0.9541152119636536 0.3771342933177948 
vt 0.9513433575630188 0.3771342933177948 
vt 0.9523075222969055 0.3889872133731842 
vt 0.9495356678962708 0.38814058899879456 
vt 0.9468843340873718 0.3996306359767914 
vt 0.9444740414619446 0.39805832505226135 
vt 0.9383277893066406 0.4082179367542267 
vt 0.9366405606269836 0.4059199392795563 
vt 0.9276019334793091 0.41366061568260193 
vt 0.926758348941803 0.4108788073062897 
vt 0.9157914519309998 0.4154748320579529 
vt 0.9157914519309998 0.4126930236816406 
vt 0.9039809703826904 0.41366061568260193 
vt 0.9048246145248413 0.4108788073062897 
vt 0.8932551741600037 0.4082179367542267 
vt 0.8949423432350159 0.4059199392795563 
vt 0.8846985697746277 0.3996306359767914 
vt 0.8871088624000549 0.39805832505226135 
vt 0.8792754411697388 0.3889872133731842 
vt 0.8820472359657288 0.38814058899879456 
vt 0.877467691898346 0.3771342933177948 
vt 0.8802395462989807 0.3771342933177948 
vt 0.8322745561599731 0.41220924258232117 
vt 0.8197410106658936 0.4101531207561493 
vt 0.8322745561599731 0.37132880091667175 
vt 0.8082920908927917 0.40434759855270386 
vt 0.7992534637451172 0.39539745450019836 
vt 0.793468713760376 0.3840283453464508 
vt 0.7914199829101562 0.37132880091667175 
vt 0.793468713760376 0.35875022411346436 
vt 0.7992534637451172 0.3473810851573944 
vt 0.8082920908927917 0.33831000328063965 
vt 0.8197410106658936 0.3325045108795166 
vt 0.8322745561599731 0.3304483890533447 
vt 0.8449286222457886 0.3325045108795166 
vt 0.8563775420188904 0.33831000328063965 
vt 0.8654161691665649 0.3473810851573944 
vt 0.8712009191513062 0.35875022411346436 
vt 0.87312912940979 0.37132880091667175 
vt 0.8712009191513062 0.3840283453464508 
vt 0.8654161691665649 0.39539745450019836 
vt 0.8563775420188904 0.40434759855270386 
vt 0.8449286222457886 0.4101531207561493 
vt 0.7181468605995178 0.36503949761390686 
vt 0.7173032760620117 0.3708450198173523 
vt 0.6994670629501343 0.36503949761390686 
vt 0.7146519422531128 0.37604576349258423 
vt 0.7104339003562927 0.380158007144928 
vt 0.7052517533302307 0.38281887769699097 
vt 0.6994670629501343 0.3837864398956299 
vt 0.6936823129653931 0.38281887769699097 
vt 0.6883796453475952 0.380158007144928 
vt 0.684282124042511 0.37604576349258423 
vt 0.6816307902336121 0.3708450198173523 
vt 0.6806666851043701 0.36503949761390686 
vt 0.6816307902336121 0.3592340052127838 
vt 0.684282124042511 0.3539122939109802 
vt 0.6883796453475952 0.3498000502586365 
vt 0.6936823129653931 0.3471392095088959 
vt 0.6994670629501343 0.34617161750793457 
vt 0.7052517533302307 0.3471392095088959 
vt 0.7104339003562927 0.3498000502586365 
vt 0.7146519422531128 0.3539122939109802 
vt 0.7173032760620117 0.3592340052127838 
vt 0.4473496675491333 0.22207897901535034 
vt 0.44228801131248474 0.23260144889354706 
vt 0.4679577052593231 0.2384069561958313 
vt 0.44228801131248474 0.2443334013223648 
vt 0.4473496675491333 0.2548558712005615 
vt 0.4565087854862213 0.2621127665042877 
vt 0.4679577052593231 0.2647736072540283 
vt 0.4792861342430115 0.2621127665042877 
vt 0.4884452819824219 0.2548558712005615 
vt 0.49350690841674805 0.2443334013223648 
vt 0.49350690841674805 0.23260144889354706 
vt 0.4884452819824219 0.22207897901535034 
vt 0.4792861342430115 0.21482209861278534 
vt 0.4679577052593231 0.21216124296188354 
vt 0.4565087854862213 0.21482209861278534 
vt 0.49350690841674805 0.2443334013223648 
vt 0.4884452819824219 0.2548558712005615 
vt 0.4679577052593231 0.2384069561958313 
vt 0.4792861342430115 0.2621127665042877 
vt 0.4679577052593231 0.2647736072540283 
vt 0.4565087854862213 0.2621127665042877 
vt 0.4473496675491333 0.2548558712005615 
vt 0.44228801131248474 0.2443334013223648 
vt 0.44228801131248474 0.23260144889354706 
vt 0.4473496675491333 0.22207897901535034 
vt 0.4565087854862213 0.21482209861278534 
vt 0.4679577052593231 0.21216124296188354 
vt 0.4792861342430115 0.21482209861278534 
vt 0.4884452819824219 0.22207897901535034 
vt 0.49350690841674805 0.23260144889354706 
vt 0.6883796453475952 0.380158007144928 
vt 0.6936823129653931 0.38281887769699097 
vt 0.6994670629501343 0.36503949761390686 
vt 0.6994670629501343 0.3837864398956299 
vt 0.7052517533302307 0.38281887769699097 
vt 0.7104339003562927 0.380158007144928 
vt 0.7146519422531128 0.37604576349258423 
vt 0.7173032760620117 0.3708450198173523 
vt 0.7181468605995178 0.36503949761390686 
vt 0.7173032760620117 0.3592340052127838 
vt 0.7146519422531128 0.3539122939109802 
vt 0.7104339003562927 0.3498000502586365 
vt 0.7052517533302307 0.3471392095088959 
vt 0.6994670629501343 0.34617161750793457 
vt 0.6936823129653931 0.3471392095088959 
vt 0.6883796453475952 0.3498000502586365 
vt 0.684282124042511 0.3539122939109802 
vt 0.6816307902336121 0.3592340052127838 
vt 0.6806666851043701 0.36503949761390686 
vt 0.6816307902336121 0.3708450198173523 
vt 0.684282124042511 0.37604576349258423 
vt 0.4473496675491333 0.22207897901535034 
vt 0.44228801131248474 0.23260144889354706 
vt 0.4679577052593231 0.2384069561958313 
vt 0.44228801131248474 0.2443334013223648 
vt 0.4473496675491333 0.2548558712005615 
vt 0.4565087854862213 0.2621127665042877 
vt 0.4679577052593231 0.2647736072540283 
vt 0.4792861342430115 0.2621127665042877 
vt 0.4884452819824219 0.2548558712005615 
vt 0.49350690841674805 0.2443334013223648 
vt 0.49350690841674805 0.23260144889354706 
vt 0.4884452819824219 0.22207897901535034 
vt 0.4792861342430115 0.21482209861278534 
vt 0.4679577052593231 0.21216124296188354 
vt 0.4565087854862213 0.21482209861278534 
vt 0.8949423432350159 0.3483486771583557 
vt 0.8846985697746277 0.35451704263687134 
vt 0.8869884014129639 0.35621029138565063 
vt 0.8792754411697388 0.3652814030647278 
vt 0.8820472359657288 0.36612802743911743 
vt 0.877467691898346 0.3771342933177948 
vt 0.8802395462989807 0.3771342933177948 
vt 0.8792754411697388 0.3889872133731842 
vt 0.8820472359657288 0.38814058899879456 
vt 0.8846985697746277 0.3996306359767914 
vt 0.8869884014129639 0.39805832505226135 
vt 0.8932551741600037 0.4082179367542267 
vt 0.8949423432350159 0.4059199392795563 
vt 0.9039809703826904 0.41366061568260193 
vt 0.9048246145248413 0.4108788073062897 
vt 0.9157914519309998 0.4154748320579529 
vt 0.9157914519309998 0.4126930236816406 
vt 0.9276019334793091 0.41366061568260193 
vt 0.926758348941803 0.4108788073062897 
vt 0.9383277893066406 0.4082179367542267 
vt 0.9366405606269836 0.4059199392795563 
vt 0.9468843340873718 0.3996306359767914 
vt 0.9444740414619446 0.39805832505226135 
vt 0.9523075222969055 0.3889872133731842 
vt 0.9495356678962708 0.38814058899879456 
vt 0.9541152119636536 0.3771342933177948 
vt 0.9513433575630188 0.3771342933177948 
vt 0.9523075222969055 0.3652814030647278 
vt 0.9495356678962708 0.36612802743911743 
vt 0.9468843340873718 0.35451704263687134 
vt 0.9444740414619446 0.35621029138565063 
vt 0.9383277893066406 0.3460506796836853 
vt 0.9366405606269836 0.3483486771583557 
vt 0.9276019334793091 0.34060800075531006 
vt 0.926758348941803 0.3433898091316223 
vt 0.9157914519309998 0.3387937843799591 
vt 0.9157914519309998 0.34157559275627136 
vt 0.9039809703826904 0.34060800075531006 
vt 0.9048246145248413 0.3433898091316223 
vt 0.8932551741600037 0.3460506796836853 
vt 0.9444740414619446 0.35621029138565063 
vt 0.9468843340873718 0.35451704263687134 
vt 0.9366405606269836 0.3483486771583557 
vt 0.9383277893066406 0.3460506796836853 
vt 0.926758348941803 0.3433898091316223 
vt 0.9276019334793091 0.34060800075531006 
vt 0.9157914519309998 0.34157559275627136 
vt 0.9157914519309998 0.3387937843799591 
vt 0.9048246145248413 0.3433898091316223 
vt 0.9039809703826904 0.34060800075531006 
vt 0.8949423432350159 0.3483486771583557 
vt 0.8932551741600037 0.3460506796836853 
vt 0.8869884014129639 0.35621029138565063 
vt 0.8846985697746277 0.35451704263687134 
vt 0.8820472359657288 0.36612802743911743 
vt 0.8792754411697388 0.3652814030647278 
vt 0.8802395462989807 0.3771342933177948 
vt 0.877467691898346 0.3771342933177948 
vt 0.8820472359657288 0.38814058899879456 
vt 0.8792754411697388 0.3889872133731842 
vt 0.8871088624000549 0.39805832505226135 
vt 0.8846985697746277 0.3996306359767914 
vt 0.8949423432350159 0.4059199392795563 
vt 0.8932551741600037 0.4082179367542267 
vt 0.9048246145248413 0.4108788073062897 
vt 0.9039809703826904 0.41366061568260193 
vt 0.9157914519309998 0.4126930236816406 
vt 0.9157914519309998 0.4154748320579529 
vt 0.926758348941803 0.4108788073062897 
vt 0.9276019334793091 0.41366061568260193 
vt 0.9366405606269836 0.4059199392795563 
vt 0.9383277893066406 0.4082179367542267 
vt 0.9444740414619446 0.39805832505226135 
vt 0.9468843340873718 0.3996306359767914 
vt 0.9495356678962708 0.38814058899879456 
vt 0.9523075222969055 0.3889872133731842 
vt 0.9513433575630188 0.3771342933177948 
vt 0.9541152119636536 0.3771342933177948 
vt 0.9495356678962708 0.36612802743911743 
vt 0.9523075222969055 0.3652814030647278 
vt 0.8449286222457886 0.4101531207561493 
vt 0.8322745561599731 0.41220924258232117 
vt 0.8322745561599731 0.37132880091667175 
vt 0.8197410106658936 0.4101531207561493 
vt 0.8082920908927917 0.40434759855270386 
vt 0.7992534637451172 0.39539745450019836 
vt 0.793468713760376 0.3840283453464508 
vt 0.7914199829101562 0.37132880091667175 
vt 0.793468713760376 0.35875022411346436 
vt 0.7992534637451172 0.3473810851573944 
vt 0.8082920908927917 0.33831000328063965 
vt 0.8197410106658936 0.3325045108795166 
vt 0.8322745561599731 0.3304483890533447 
vt 0.8449286222457886 0.3325045108795166 
vt 0.8563775420188904 0.33831000328063965 
vt 0.8654161691665649 0.3473810851573944 
vt 0.8712009191513062 0.35875022411346436 
vt 0.87312912940979 0.37132880091667175 
vt 0.8712009191513062 0.3840283453464508 
vt 0.8654161691665649 0.39539745450019836 
vt 0.8563775420188904 0.40434759855270386 
vt 0.6994670629501343 0.34617161750793457 
vt 0.7052517533302307 0.3471392095088959 
vt 0.6994670629501343 0.36503949761390686 
vt 0.7104339003562927 0.3498000502586365 
vt 0.7146519422531128 0.3539122939109802 
vt 0.7173032760620117 0.3592340052127838 
vt 0.7181468605995178 0.36503949761390686 
vt 0.7173032760620117 0.3708450198173523 
vt 0.7146519422531128 0.37604576349258423 
vt 0.7104339003562927 0.380158007144928 
vt 0.7052517533302307 0.38281887769699097 
vt 0.6994670629501343 0.3837864398956299 
vt 0.6936823129653931 0.38281887769699097 
vt 0.6883796453475952 0.380158007144928 
vt 0.684282124042511 0.37604576349258423 
vt 0.6816307902336121 0.3708450198173523 
vt 0.6806666851043701 0.36503949761390686 
vt 0.6816307902336121 0.3592340052127838 
vt 0.684282124042511 0.3539122939109802 
vt 0.6883796453475952 0.3498000502586365 
vt 0.6936823129653931 0.3471392095088959 
vt 0.012531534768640995 0.9892521500587463 
vt 0.06158113852143288 0.9471622109413147 
vt 0.424210786819458 0.9892521500587463 
vt 0.37516117095947266 0.9471622109413147 
vt 0.37516117095947266 0.8724163770675659 
vt 0.424210786819458 0.8864463567733765 
vt 0.37516117095947266 0.7975495457649231 
vt 0.424210786819458 0.7836405634880066 
vt 0.424210786819458 0.6807137727737427 
vt 0.37516117095947266 0.7228037118911743 
vt 0.012531534768640995 0.6807137727737427 
vt 0.06158113852143288 0.7228037118911743 
vt 0.06158113852143288 0.7975495457649231 
vt 0.012531534768640995 0.7836405634880066 
vt 0.06158113852143288 0.8724163770675659 
vt 0.012531534768640995 0.8864463567733765 
vt 0.21837115287780762 0.7975495457649231 
vt 0.21837115287780762 0.8724163770675659 
vt 0.4473496675491333 0.22207897901535034 
vt 0.4565087854862213 0.21482209861278534 
vt 0.4679577052593231 0.2384069561958313 
vt 0.4679577052593231 0.21216124296188354 
vt 0.4792861342430115 0.21482209861278534 
vt 0.4884452819824219 0.22207897901535034 
vt 0.49350690841674805 0.23260144889354706 
vt 0.49350690841674805 0.2443334013223648 
vt 0.4884452819824219 0.2548558712005615 
vt 0.4792861342430115 0.2621127665042877 
vt 0.4679577052593231 0.2647736072540283 
vt 0.4565087854862213 0.2621127665042877 
vt 0.4473496675491333 0.2548558712005615 
vt 0.44228801131248474 0.2443334013223648 
vt 0.44228801131248474 0.23260144889354706 
vt 0.6994670629501343 0.34617161750793457 
vt 0.6936823129653931 0.3471392095088959 
vt 0.6994670629501343 0.36503949761390686 
vt 0.6883796453475952 0.3498000502586365 
vt 0.684282124042511 0.3539122939109802 
vt 0.6816307902336121 0.3592340052127838 
vt 0.6806666851043701 0.36503949761390686 
vt 0.6816307902336121 0.3708450198173523 
vt 0.684282124042511 0.37604576349258423 
vt 0.6883796453475952 0.380158007144928 
vt 0.6936823129653931 0.38281887769699097 
vt 0.6994670629501343 0.3837864398956299 
vt 0.7052517533302307 0.38281887769699097 
vt 0.7104339003562927 0.380158007144928 
vt 0.7146519422531128 0.37604576349258423 
vt 0.7173032760620117 0.3708450198173523 
vt 0.7181468605995178 0.36503949761390686 
vt 0.7173032760620117 0.3592340052127838 
vt 0.7146519422531128 0.3539122939109802 
vt 0.7104339003562927 0.3498000502586365 
vt 0.7052517533302307 0.3471392095088959 
vt 0.4884452819824219 0.2548558712005615 
vt 0.4792861342430115 0.2621127665042877 
vt 0.4679577052593231 0.2384069561958313 
vt 0.4679577052593231 0.2647736072540283 
vt 0.4565087854862213 0.2621127665042877 
vt 0.4473496675491333 0.2548558712005615 
vt 0.44228801131248474 0.2443334013223648 
vt 0.44228801131248474 0.23260144889354706 
vt 0.4473496675491333 0.22207897901535034 
vt 0.4565087854862213 0.21482209861278534 
vt 0.4679577052593231 0.21216124296188354 
vt 0.4792861342430115 0.21482209861278534 
vt 0.4884452819824219 0.22207897901535034 
vt 0.49350690841674805 0.23260144889354706 
vt 0.49350690841674805 0.2443334013223648 
vt 0.49350690841674805 0.2443334013223648 
vt 0.49350690841674805 0.23260144889354706 
vt 0.4679577052593231 0.2384069561958313 
vt 0.4884452819824219 0.22207897901535034 
vt 0.4792861342430115 0.21482209861278534 
vt 0.4679577052593231 0.21216124296188354 
vt 0.4565087854862213 0.21482209861278534 
vt 0.4473496675491333 0.22207897901535034 
vt 0.44228801131248474 0.23260144889354706 
vt 0.44228801131248474 0.2443334013223648 
vt 0.4473496675491333 0.2548558712005615 
vt 0.4565087854862213 0.2621127665042877 
vt 0.4679577052593231 0.2647736072540283 
vt 0.4792861342430115 0.2621127665042877 
vt 0.4884452819824219 0.2548558712005615 
vt 0.7496013045310974 0.4166842997074127 
vt 0.7496013045310974 0.9963880777359009 
vt 0.7622553706169128 0.9836885333061218 
vt 0.5478591918945312 0.2925916612148285 
vt 0.29477766156196594 0.2384069561958313 
vt 0.816848635673523 0.21736200153827667 
vt 0.816848635673523 0.21736200153827667 
vt 0.816848635673523 0.21736200153827667 
vt 0.5460514426231384 0.3210144340991974 
vt 0.816848635673523 0.12241782248020172 
vt 0.6199271082878113 0.2624756097793579 
vt 0.011326384730637074 0.46022558212280273 
vt 0.004215999972075224 0.30529120564460754 
vt 0.4387930929660797 0.3335930407047272 
vt 0.386971652507782 0.3467763662338257 
vt 0.5096558928489685 0.5254165530204773 
vt 0.5669005513191223 0.2784407436847687 
s on 
f 1/1/1 2/2/2 3/3/3 
f 2/2/2 4/4/4 3/3/3 
f 3/3/3 4/4/4 5/5/5 
f 4/4/4 6/6/6 5/5/5 
f 5/5/5 6/6/6 7/7/7 
f 6/6/6 8/8/8 7/7/7 
f 7/7/7 8/8/8 8/8/8 
f 8/8/8 6/6/6 8/8/8 
f 8/8/8 6/6/6 6/6/6 
f 6/6/6 4/4/4 6/6/6 
f 6/6/6 4/4/4 9/9/9 
f 4/4/4 2/2/2 9/9/9 
f 9/9/9 2/2/2 10/10/10 
f 2/2/2 10/10/10 10/10/10 
f 10/10/10 10/10/10 9/9/9 
f 10/10/10 9/9/9 9/9/9 
f 9/9/9 9/9/9 9/9/9 
f 9/9/9 11/11/11 9/9/9 
f 9/9/9 11/11/11 6/6/6 
f 11/11/11 12/12/12 6/6/6 
f 6/6/6 12/12/12 8/8/8 
f 12/12/12 8/8/8 8/8/8 
f 8/8/8 8/8/8 9/9/9 
f 8/8/8 9/9/9 9/9/9 
f 9/9/9 9/9/9 9/9/9 
f 9/9/9 13/13/13 9/9/9 
f 9/9/9 13/13/13 11/11/11 
f 13/13/13 14/14/14 11/11/11 
f 11/11/11 14/14/14 15/15/15 
f 14/14/14 16/16/16 15/15/15 
f 15/15/15 16/16/16 16/16/16 
f 16/16/16 15/15/15 16/16/16 
f 16/16/16 15/15/15 15/15/15 
f 15/15/15 17/17/17 15/15/15 
f 15/15/15 17/17/17 11/11/11 
f 17/17/17 18/18/18 11/11/11 
f 11/11/11 18/18/18 12/12/12 
f 18/18/18 12/12/12 12/12/12 
f 12/12/12 12/12/12 19/19/19 
f 12/12/12 19/19/19 19/19/19 
f 19/19/19 19/19/19 19/19/19 
f 19/19/19 20/20/20 19/19/19 
f 19/19/19 20/20/20 10/10/10 
f 20/20/20 9/9/9 10/10/10 
f 10/10/10 9/9/9 9/9/9 
f 9/9/9 20/20/20 9/9/9 
f 9/9/9 20/20/20 20/20/20 
f 20/20/20 21/21/21 20/20/20 
f 20/20/20 21/21/21 9/9/9 
f 21/21/21 22/22/22 9/9/9 
f 9/9/9 22/22/22 13/13/13 
f 22/22/22 13/13/13 13/13/13 
f 13/13/13 13/13/13 23/23/23 
f 13/13/13 23/23/23 23/23/23 
f 23/23/23 23/23/23 23/23/23 
f 23/23/23 24/24/24 23/23/23 
f 23/23/23 24/24/24 25/25/25 
f 24/24/24 26/26/26 25/25/25 
f 25/25/25 26/26/26 26/26/26 
f 26/26/26 24/24/24 26/26/26 
f 26/26/26 24/24/24 24/24/24 
f 24/24/24 27/27/27 24/24/24 
f 24/24/24 27/27/27 26/26/26 
f 27/27/27 28/28/28 26/26/26 
f 26/26/26 28/28/28 28/28/28 
f 28/28/28 29/29/29 28/28/28 
f 28/28/28 29/29/29 29/29/29 
f 29/29/29 30/30/30 29/29/29 
f 29/29/29 30/30/30 31/31/31 
f 30/30/30 32/32/32 31/31/31 
f 31/31/31 32/32/32 33/33/33 
f 32/32/32 34/34/34 33/33/33 
f 33/33/33 34/34/34 34/34/34 
f 34/34/34 35/35/35 34/34/34 
f 34/34/34 35/35/35 35/35/35 
f 35/35/35 36/36/36 35/35/35 
f 35/35/35 36/36/36 37/37/37 
f 36/36/36 38/38/38 37/37/37 
f 37/37/37 38/38/38 39/39/39 
f 38/38/38 40/40/40 39/39/39 
f 39/39/39 40/40/40 41/41/41 
f 40/40/40 42/42/42 41/41/41 
f 41/41/41 42/42/42 43/43/43 
f 42/42/42 44/44/44 43/43/43 
f 43/43/43 44/44/44 44/44/44 
f 44/44/44 38/38/38 44/44/44 
f 44/44/44 38/38/38 38/38/38 
f 38/38/38 45/45/45 38/38/38 
f 38/38/38 45/45/45 40/40/40 
f 45/45/45 46/46/46 40/40/40 
f 40/40/40 46/46/46 42/42/42 
f 46/46/46 42/42/42 42/42/42 
f 42/42/42 42/42/42 47/47/47 
f 42/42/42 47/47/47 47/47/47 
f 47/47/47 47/47/47 47/47/47 
f 47/47/47 48/48/48 47/47/47 
f 47/47/47 48/48/48 49/49/49 
f 48/48/48 50/50/50 49/49/49 
f 49/49/49 50/50/50 51/51/51 
f 50/50/50 52/52/52 51/51/51 
f 51/51/51 52/52/52 52/52/52 
f 52/52/52 53/53/53 52/52/52 
f 52/52/52 53/53/53 53/53/53 
f 53/53/53 54/54/54 53/53/53 
f 53/53/53 54/54/54 55/55/55 
f 54/54/54 56/56/56 55/55/55 
f 55/55/55 56/56/56 56/56/56 
f 56/56/56 54/54/54 56/56/56 
f 56/56/56 54/54/54 57/57/57 
f 54/54/54 58/58/58 57/57/57 
f 57/57/57 58/58/58 59/59/59 
f 58/58/58 59/59/59 59/59/59 
f 59/59/59 59/59/59 60/60/60 
f 59/59/59 60/60/60 60/60/60 
f 60/60/60 60/60/60 60/60/60 
f 60/60/60 61/61/61 60/60/60 
f 60/60/60 61/61/61 62/62/62 
f 61/61/61 63/63/63 62/62/62 
f 62/62/62 63/63/63 64/64/64 
f 63/63/63 65/65/65 64/64/64 
f 64/64/64 65/65/65 65/65/65 
f 65/65/65 66/66/66 65/65/65 
f 65/65/65 66/66/66 66/66/66 
f 66/66/66 67/67/67 66/66/66 
f 66/66/66 67/67/67 68/68/68 
f 67/67/67 69/69/69 68/68/68 
f 68/68/68 69/69/69 69/69/69 
f 69/69/69 67/67/67 69/69/69 
f 69/69/69 67/67/67 70/70/70 
f 67/67/67 71/71/71 70/70/70 
f 70/70/70 71/71/71 72/72/72 
f 71/71/71 72/72/72 72/72/72 
f 72/72/72 72/72/72 70/70/70 
f 72/72/72 70/70/70 70/70/70 
f 70/70/70 70/70/70 70/70/70 
f 70/70/70 72/72/72 70/70/70 
f 70/70/70 72/72/72 73/73/73 
f 72/72/72 74/74/74 73/73/73 
f 73/73/73 74/74/74 74/74/74 
f 74/74/74 72/72/72 74/74/74 
f 74/74/74 72/72/72 72/72/72 
f 72/72/72 75/75/75 72/72/72 
f 72/72/72 75/75/75 74/74/74 
f 75/75/75 76/76/76 74/74/74 
f 74/74/74 76/76/76 76/76/76 
f 76/76/76 75/75/75 76/76/76 
f 76/76/76 75/75/75 75/75/75 
f 75/75/75 77/77/77 75/75/75 
f 75/75/75 77/77/77 76/76/76 
f 77/77/77 78/78/78 76/76/76 
f 76/76/76 78/78/78 78/78/78 
f 78/78/78 79/79/79 78/78/78 
f 78/78/78 79/79/79 79/79/79 
f 79/79/79 80/80/80 79/79/79 
f 79/79/79 80/80/80 81/81/81 
f 80/80/80 82/82/82 81/81/81 
f 81/81/81 82/82/82 83/83/83 
f 82/82/82 84/84/84 83/83/83 
f 83/83/83 84/84/84 84/84/84 
f 84/84/84 85/85/85 84/84/84 
f 84/84/84 85/85/85 85/85/85 
f 85/85/85 86/86/86 85/85/85 
f 85/85/85 86/86/86 87/87/87 
f 86/86/86 88/88/88 87/87/87 
f 87/87/87 88/88/88 89/89/89 
f 88/88/88 90/90/90 89/89/89 
f 89/89/89 90/90/90 91/91/91 
f 90/90/90 92/92/92 91/91/91 
f 91/91/91 92/92/92 93/93/93 
f 92/92/92 94/94/94 93/93/93 
f 93/93/93 94/94/94 95/95/95 
f 94/94/94 96/96/96 95/95/95 
f 95/95/95 96/96/96 97/97/97 
f 96/96/96 98/98/98 97/97/97 
f 97/97/97 98/98/98 99/99/99 
f 98/98/98 100/100/100 99/99/99 
f 99/99/99 100/100/100 101/101/101 
f 100/100/100 102/102/102 101/101/101 
f 101/101/101 102/102/102 103/103/103 
f 102/102/102 104/104/104 103/103/103 
f 103/103/103 104/104/104 105/105/105 
f 104/104/104 106/106/106 105/105/105 
f 105/105/105 106/106/106 107/107/107 
f 106/106/106 108/108/108 107/107/107 
f 107/107/107 108/108/108 109/109/109 
f 108/108/108 110/110/110 109/109/109 
f 109/109/109 110/110/110 111/111/111 
f 110/110/110 112/112/112 111/111/111 
f 111/111/111 112/112/112 113/113/113 
f 112/112/112 114/114/114 113/113/113 
f 113/113/113 114/114/114 115/115/115 
f 114/114/114 116/116/116 115/115/115 
f 115/115/115 116/116/116 117/117/117 
f 116/116/116 118/118/118 117/117/117 
f 117/117/117 118/118/118 119/119/119 
f 118/118/118 120/120/120 119/119/119 
f 119/119/119 120/120/120 121/121/121 
f 120/120/120 122/122/122 121/121/121 
f 121/121/121 122/122/122 123/123/123 
f 122/122/122 124/124/124 123/123/123 
f 123/123/123 124/124/124 125/125/125 
f 124/124/124 126/126/126 125/125/125 
f 125/125/125 126/126/126 126/126/126 
f 126/126/126 127/127/127 126/126/126 
f 126/126/126 127/127/127 127/127/127 
f 127/127/127 128/128/128 127/127/127 
f 127/127/127 128/128/128 129/129/129 
f 128/128/128 130/130/130 129/129/129 
f 129/129/129 130/130/130 131/131/131 
f 130/130/130 132/132/132 131/131/131 
f 131/131/131 132/132/132 132/132/132 
f 132/132/132 133/133/133 132/132/132 
f 132/132/132 133/133/133 133/133/133 
f 133/133/133 134/134/134 133/133/133 
f 133/133/133 134/134/134 135/135/135 
f 134/134/134 136/136/136 135/135/135 
f 135/135/135 136/136/136 136/136/136 
f 136/136/136 137/137/137 136/136/136 
f 136/136/136 137/137/137 137/137/137 
f 137/137/137 138/138/138 137/137/137 
f 137/137/137 138/138/138 139/139/139 
f 138/138/138 140/140/140 139/139/139 
f 139/139/139 140/140/140 141/141/141 
f 140/140/140 142/142/142 141/141/141 
f 141/141/141 142/142/142 143/143/143 
f 142/142/142 144/144/144 143/143/143 
f 143/143/143 144/144/144 145/145/145 
f 144/144/144 146/146/146 145/145/145 
f 145/145/145 146/146/146 147/147/147 
f 146/146/146 148/148/148 147/147/147 
f 147/147/147 148/148/148 149/149/149 
f 148/148/148 150/150/150 149/149/149 
f 149/149/149 150/150/150 151/151/151 
f 150/150/150 152/152/152 151/151/151 
f 151/151/151 152/152/152 153/153/153 
f 152/152/152 154/154/154 153/153/153 
f 153/153/153 154/154/154 155/155/155 
f 154/154/154 156/156/156 155/155/155 
f 155/155/155 156/156/156 157/157/157 
f 156/156/156 158/158/158 157/157/157 
f 157/157/157 158/158/158 159/159/159 
f 158/158/158 160/160/160 159/159/159 
f 159/159/159 160/160/160 161/161/161 
f 160/160/160 162/162/162 161/161/161 
f 161/161/161 162/162/162 163/163/163 
f 162/162/162 164/164/164 163/163/163 
f 163/163/163 164/164/164 165/165/165 
f 164/164/164 166/166/166 165/165/165 
f 165/165/165 166/166/166 167/167/167 
f 166/166/166 168/168/168 167/167/167 
f 167/167/167 168/168/168 169/169/169 
f 168/168/168 170/170/170 169/169/169 
f 169/169/169 170/170/170 171/171/171 
f 170/170/170 172/172/172 171/171/171 
f 171/171/171 172/172/172 172/172/172 
f 172/172/172 173/173/173 172/172/172 
f 172/172/172 173/173/173 173/173/173 
f 173/173/173 174/174/174 173/173/173 
f 173/173/173 174/174/174 175/175/175 
f 174/174/174 176/176/176 175/175/175 
f 175/175/175 176/176/176 176/176/176 
f 176/176/176 177/177/177 176/176/176 
f 176/176/176 177/177/177 177/177/177 
f 177/177/177 178/178/178 177/177/177 
f 177/177/177 178/178/178 179/179/179 
f 178/178/178 180/180/180 179/179/179 
f 179/179/179 180/180/180 180/180/180 
f 180/180/180 181/181/181 180/180/180 
f 180/180/180 181/181/181 181/181/181 
f 181/181/181 182/182/182 181/181/181 
f 181/181/181 182/182/182 183/183/183 
f 182/182/182 184/184/184 183/183/183 
f 183/183/183 184/184/184 184/184/184 
f 184/184/184 185/185/185 184/184/184 
f 184/184/184 185/185/185 185/185/185 
f 185/185/185 186/186/186 185/185/185 
f 185/185/185 186/186/186 187/187/187 
f 186/186/186 188/188/188 187/187/187 
f 187/187/187 188/188/188 189/189/189 
f 188/188/188 190/190/190 189/189/189 
f 189/189/189 190/190/190 191/191/191 
f 190/190/190 192/192/192 191/191/191 
f 191/191/191 192/192/192 192/192/192 
f 192/192/192 190/190/190 192/192/192 
f 192/192/192 190/190/190 193/193/193 
f 190/190/190 194/194/194 193/193/193 
f 193/193/193 194/194/194 195/195/195 
f 194/194/194 196/196/196 195/195/195 
f 195/195/195 196/196/196 196/196/196 
f 196/196/196 194/194/194 196/196/196 
f 196/196/196 194/194/194 197/197/197 
f 194/194/194 198/198/198 197/197/197 
f 197/197/197 198/198/198 198/198/198 
f 198/198/198 194/194/194 198/198/198 
f 198/198/198 194/194/194 194/194/194 
f 194/194/194 199/199/199 194/194/194 
f 194/194/194 199/199/199 198/198/198 
f 199/199/199 200/200/200 198/198/198 
f 198/198/198 200/200/200 200/200/200 
f 200/200/200 199/199/199 200/200/200 
f 200/200/200 199/199/199 201/201/201 
f 199/199/199 202/202/202 201/201/201 
f 201/201/201 202/202/202 202/202/202 
f 202/202/202 199/199/199 202/202/202 
f 202/202/202 199/199/199 203/203/203 
f 199/199/199 186/186/186 203/203/203 
f 203/203/203 186/186/186 186/186/186 
f 186/186/186 204/204/204 186/186/186 
f 186/186/186 204/204/204 204/204/204 
f 204/204/204 205/205/205 204/204/204 
f 204/204/204 205/205/205 206/206/206 
f 205/205/205 207/207/207 206/206/206 
f 206/206/206 207/207/207 208/208/208 
f 207/207/207 209/209/209 208/208/208 
f 208/208/208 209/209/209 210/210/210 
f 209/209/209 211/211/211 210/210/210 
f 210/210/210 211/211/211 212/212/212 
f 211/211/211 213/213/213 212/212/212 
f 212/212/212 213/213/213 214/214/214 
f 213/213/213 215/215/215 214/214/214 
f 214/214/214 215/215/215 216/216/216 
f 215/215/215 217/217/217 216/216/216 
f 216/216/216 217/217/217 218/218/218 
f 217/217/217 219/219/219 218/218/218 
f 218/218/218 219/219/219 220/220/220 
f 219/219/219 221/221/221 220/220/220 
f 220/220/220 221/221/221 222/222/222 
f 221/221/221 223/223/223 222/222/222 
f 222/222/222 223/223/223 224/224/224 
f 223/223/223 225/225/225 224/224/224 
f 224/224/224 225/225/225 226/226/226 
f 225/225/225 227/227/227 226/226/226 
f 226/226/226 227/227/227 228/228/228 
f 227/227/227 229/229/229 228/228/228 
f 228/228/228 229/229/229 230/230/230 
f 229/229/229 231/231/231 230/230/230 
f 230/230/230 231/231/231 232/232/232 
f 231/231/231 233/233/233 232/232/232 
f 232/232/232 233/233/233 234/234/234 
f 233/233/233 235/235/235 234/234/234 
f 234/234/234 235/235/235 236/236/236 
f 235/235/235 237/237/237 236/236/236 
f 236/236/236 237/237/237 238/238/238 
f 237/237/237 239/239/239 238/238/238 
f 238/238/238 239/239/239 240/240/240 
f 239/239/239 241/241/241 240/240/240 
f 240/240/240 241/241/241 242/242/242 
f 241/241/241 243/243/243 242/242/242 
f 242/242/242 243/243/243 244/244/244 
f 243/243/243 245/245/245 244/244/244 
f 244/244/244 245/245/245 245/245/245 
f 245/245/245 246/246/246 245/245/245 
f 245/245/245 246/246/246 246/246/246 
f 246/246/246 247/247/247 246/246/246 
f 246/246/246 247/247/247 248/248/248 
f 247/247/247 249/249/249 248/248/248 
f 248/248/248 249/249/249 249/249/249 
f 249/249/249 250/250/250 249/249/249 
f 249/249/249 250/250/250 250/250/250 
f 250/250/250 251/251/251 250/250/250 
f 250/250/250 251/251/251 252/252/252 
f 251/251/251 253/253/253 252/252/252 
f 252/252/252 253/253/253 253/253/253 
f 253/253/253 254/254/254 253/253/253 
f 253/253/253 254/254/254 254/254/254 
f 254/254/254 255/255/255 254/254/254 
f 254/254/254 255/255/255 256/256/256 
f 255/255/255 257/257/257 256/256/256 
f 256/256/256 257/257/257 257/257/257 
f 257/257/257 258/258/258 257/257/257 
f 257/257/257 258/258/258 258/258/258 
f 258/258/258 259/259/259 258/258/258 
f 258/258/258 259/259/259 260/260/260 
f 259/259/259 261/261/261 260/260/260 
f 260/260/260 261/261/261 262/262/262 
f 261/261/261 263/263/263 262/262/262 
f 262/262/262 263/263/263 264/264/264 
f 263/263/263 265/265/265 264/264/264 
f 264/264/264 265/265/265 266/266/266 
f 265/265/265 267/267/267 266/266/266 
f 266/266/266 267/267/267 268/268/268 
f 267/267/267 269/269/269 268/268/268 
f 268/268/268 269/269/269 270/270/270 
f 269/269/269 271/271/271 270/270/270 
f 270/270/270 271/271/271 272/272/272 
f 271/271/271 273/273/273 272/272/272 
f 272/272/272 273/273/273 274/274/274 
f 273/273/273 275/275/275 274/274/274 
f 274/274/274 275/275/275 276/276/276 
f 275/275/275 277/277/277 276/276/276 
f 276/276/276 277/277/277 278/278/278 
f 277/277/277 279/279/279 278/278/278 
f 278/278/278 279/279/279 280/280/280 
f 279/279/279 281/281/281 280/280/280 
f 280/280/280 281/281/281 282/282/282 
f 281/281/281 283/283/283 282/282/282 
f 282/282/282 283/283/283 284/284/284 
f 283/283/283 285/285/285 284/284/284 
f 284/284/284 285/285/285 286/286/286 
f 285/285/285 287/287/287 286/286/286 
f 286/286/286 287/287/287 288/288/288 
f 287/287/287 289/289/289 288/288/288 
f 288/288/288 289/289/289 290/290/290 
f 289/289/289 291/291/291 290/290/290 
f 290/290/290 291/291/291 292/292/292 
f 291/291/291 293/293/293 292/292/292 
f 292/292/292 293/293/293 294/294/294 
f 293/293/293 295/295/295 294/294/294 
f 294/294/294 295/295/295 296/296/296 
f 295/295/295 297/297/297 296/296/296 
f 296/296/296 297/297/297 298/298/298 
f 297/297/297 299/299/299 298/298/298 
f 298/298/298 299/299/299 299/299/299 
f 299/299/299 300/300/300 299/299/299 
f 299/299/299 300/300/300 300/300/300 
f 300/300/300 301/301/301 300/300/300 
f 300/300/300 301/301/301 302/302/302 
f 301/301/301 303/303/303 302/302/302 
f 302/302/302 303/303/303 303/303/303 
f 303/303/303 301/301/301 303/303/303 
f 303/303/303 301/301/301 304/304/304 
f 301/301/301 305/305/305 304/304/304 
f 304/304/304 305/305/305 306/306/306 
f 305/305/305 306/306/306 306/306/306 
f 306/306/306 306/306/306 304/304/304 
f 306/306/306 304/304/304 304/304/304 
f 304/304/304 304/304/304 304/304/304 
f 304/304/304 306/306/306 304/304/304 
f 304/304/304 306/306/306 307/307/307 
f 306/306/306 308/308/308 307/307/307 
f 307/307/307 308/308/308 308/308/308 
f 308/308/308 309/309/309 308/308/308 
f 308/308/308 309/309/309 309/309/309 
f 309/309/309 310/310/310 309/309/309 
f 309/309/309 310/310/310 311/311/311 
f 310/310/310 312/312/312 311/311/311 
f 311/311/311 312/312/312 312/312/312 
f 312/312/312 310/310/310 312/312/312 
f 312/312/312 310/310/310 310/310/310 
f 310/310/310 313/313/313 310/310/310 
f 310/310/310 313/313/313 312/312/312 
f 313/313/313 314/314/314 312/312/312 
f 312/312/312 314/314/314 314/314/314 
f 314/314/314 313/313/313 314/314/314 
f 314/314/314 313/313/313 313/313/313 
f 313/313/313 315/315/315 313/313/313 
f 313/313/313 315/315/315 314/314/314 
f 315/315/315 316/316/316 314/314/314 
f 314/314/314 316/316/316 316/316/316 
f 316/316/316 315/315/315 316/316/316 
f 316/316/316 315/315/315 315/315/315 
f 315/315/315 317/317/317 315/315/315 
f 315/315/315 317/317/317 316/316/316 
f 317/317/317 318/318/318 316/316/316 
f 316/316/316 318/318/318 318/318/318 
f 318/318/318 317/317/317 318/318/318 
f 318/318/318 317/317/317 317/317/317 
f 317/317/317 319/319/319 317/317/317 
f 317/317/317 319/319/319 318/318/318 
f 319/319/319 320/320/320 318/318/318 
f 318/318/318 320/320/320 320/320/320 
f 320/320/320 319/319/319 320/320/320 
f 320/320/320 319/319/319 319/319/319 
f 319/319/319 321/321/321 319/319/319 
f 319/319/319 321/321/321 320/320/320 
f 321/321/321 322/322/322 320/320/320 
f 320/320/320 322/322/322 322/322/322 
f 322/322/322 321/321/321 322/322/322 
f 322/322/322 321/321/321 321/321/321 
f 321/321/321 323/323/323 321/321/321 
f 321/321/321 323/323/323 322/322/322 
f 323/323/323 324/324/324 322/322/322 
f 322/322/322 324/324/324 324/324/324 
f 324/324/324 323/323/323 324/324/324 
f 324/324/324 323/323/323 323/323/323 
f 323/323/323 325/325/325 323/323/323 
f 323/323/323 325/325/325 324/324/324 
f 325/325/325 326/326/326 324/324/324 
f 324/324/324 326/326/326 326/326/326 
f 326/326/326 325/325/325 326/326/326 
f 326/326/326 325/325/325 325/325/325 
f 325/325/325 327/327/327 325/325/325 
f 325/325/325 327/327/327 326/326/326 
f 327/327/327 328/328/328 326/326/326 
f 326/326/326 328/328/328 328/328/328 
f 328/328/328 327/327/327 328/328/328 
f 328/328/328 327/327/327 327/327/327 
f 327/327/327 329/329/329 327/327/327 
f 327/327/327 329/329/329 328/328/328 
f 329/329/329 330/330/330 328/328/328 
f 328/328/328 330/330/330 330/330/330 
f 330/330/330 329/329/329 330/330/330 
f 330/330/330 329/329/329 329/329/329 
f 329/329/329 331/331/331 329/329/329 
f 329/329/329 331/331/331 330/330/330 
f 331/331/331 332/332/332 330/330/330 
f 330/330/330 332/332/332 332/332/332 
f 332/332/332 331/331/331 332/332/332 
f 332/332/332 331/331/331 331/331/331 
f 331/331/331 333/333/333 331/331/331 
f 331/331/331 333/333/333 332/332/332 
f 333/333/333 334/334/334 332/332/332 
f 332/332/332 334/334/334 334/334/334 
f 334/334/334 333/333/333 334/334/334 
f 334/334/334 333/333/333 333/333/333 
f 333/333/333 335/335/335 333/333/333 
f 333/333/333 335/335/335 334/334/334 
f 335/335/335 336/336/336 334/334/334 
f 334/334/334 336/336/336 336/336/336 
f 336/336/336 335/335/335 336/336/336 
f 336/336/336 335/335/335 335/335/335 
f 335/335/335 337/337/337 335/335/335 
f 335/335/335 337/337/337 336/336/336 
f 337/337/337 338/338/338 336/336/336 
f 336/336/336 338/338/338 338/338/338 
f 338/338/338 337/337/337 338/338/338 
f 338/338/338 337/337/337 337/337/337 
f 337/337/337 339/339/339 337/337/337 
f 337/337/337 339/339/339 338/338/338 
f 339/339/339 340/340/340 338/338/338 
f 338/338/338 340/340/340 340/340/340 
f 340/340/340 339/339/339 340/340/340 
f 340/340/340 339/339/339 339/339/339 
f 339/339/339 341/341/341 339/339/339 
f 339/339/339 341/341/341 340/340/340 
f 341/341/341 342/342/342 340/340/340 
f 340/340/340 342/342/342 342/342/342 
f 342/342/342 341/341/341 342/342/342 
f 342/342/342 341/341/341 341/341/341 
f 341/341/341 343/343/343 341/341/341 
f 341/341/341 343/343/343 342/342/342 
f 343/343/343 344/344/344 342/342/342 
f 342/342/342 344/344/344 344/344/344 
f 344/344/344 343/343/343 344/344/344 
f 344/344/344 343/343/343 343/343/343 
f 343/343/343 345/345/345 343/343/343 
f 343/343/343 345/345/345 344/344/344 
f 345/345/345 346/346/346 344/344/344 
f 344/344/344 346/346/346 346/346/346 
f 346/346/346 345/345/345 346/346/346 
f 346/346/346 345/345/345 345/345/345 
f 345/345/345 347/347/347 345/345/345 
f 345/345/345 347/347/347 346/346/346 
f 347/347/347 348/348/348 346/346/346 
f 346/346/346 348/348/348 348/348/348 
f 348/348/348 347/347/347 348/348/348 
f 348/348/348 347/347/347 347/347/347 
f 347/347/347 349/349/349 347/347/347 
f 347/347/347 349/349/349 348/348/348 
f 349/349/349 350/350/350 348/348/348 
f 348/348/348 350/350/350 350/350/350 
f 350/350/350 351/351/351 350/350/350 
f 350/350/350 351/351/351 351/351/351 
f 351/351/351 352/352/352 351/351/351 
f 351/351/351 352/352/352 353/353/353 
f 352/352/352 354/354/354 353/353/353 
f 353/353/353 354/354/354 355/355/355 
f 354/354/354 356/356/356 355/355/355 
f 355/355/355 356/356/356 357/357/357 
f 356/356/356 358/358/358 357/357/357 
f 357/357/357 358/358/358 359/359/359 
f 358/358/358 360/360/360 359/359/359 
f 359/359/359 360/360/360 361/361/361 
f 360/360/360 362/362/362 361/361/361 
f 361/361/361 362/362/362 363/363/363 
f 362/362/362 364/364/364 363/363/363 
f 363/363/363 364/364/364 365/365/365 
f 364/364/364 366/366/366 365/365/365 
f 365/365/365 366/366/366 367/367/367 
f 366/366/366 368/368/368 367/367/367 
f 367/367/367 368/368/368 369/369/369 
f 368/368/368 370/370/370 369/369/369 
f 369/369/369 370/370/370 371/371/371 
f 370/370/370 372/372/372 371/371/371 
f 371/371/371 372/372/372 373/373/373 
f 372/372/372 374/374/374 373/373/373 
f 373/373/373 374/374/374 375/375/375 
f 374/374/374 376/376/376 375/375/375 
f 375/375/375 376/376/376 377/377/377 
f 376/376/376 378/378/378 377/377/377 
f 377/377/377 378/378/378 379/379/379 
f 378/378/378 380/380/380 379/379/379 
f 379/379/379 380/380/380 381/381/381 
f 380/380/380 382/382/382 381/381/381 
f 381/381/381 382/382/382 383/383/383 
f 382/382/382 384/384/384 383/383/383 
f 383/383/383 384/384/384 385/385/385 
f 384/384/384 386/386/386 385/385/385 
f 385/385/385 386/386/386 387/387/387 
f 386/386/386 388/388/388 387/387/387 
f 387/387/387 388/388/388 389/389/389 
f 388/388/388 390/390/390 389/389/389 
f 389/389/389 390/390/390 391/391/391 
f 390/390/390 392/392/392 391/391/391 
f 391/391/391 392/392/392 392/392/392 
f 392/392/392 352/352/352 392/392/392 
f 392/392/392 352/352/352 352/352/352 
f 352/352/352 393/393/393 352/352/352 
f 352/352/352 393/393/393 354/354/354 
f 393/393/393 394/394/394 354/354/354 
f 354/354/354 394/394/394 356/356/356 
f 394/394/394 395/395/395 356/356/356 
f 356/356/356 395/395/395 358/358/358 
f 395/395/395 396/396/396 358/358/358 
f 358/358/358 396/396/396 360/360/360 
f 396/396/396 397/397/397 360/360/360 
f 360/360/360 397/397/397 362/362/362 
f 397/397/397 398/398/398 362/362/362 
f 362/362/362 398/398/398 364/364/364 
f 398/398/398 399/399/399 364/364/364 
f 364/364/364 399/399/399 366/366/366 
f 399/399/399 400/400/400 366/366/366 
f 366/366/366 400/400/400 368/368/368 
f 400/400/400 401/401/401 368/368/368 
f 368/368/368 401/401/401 370/370/370 
f 401/401/401 402/402/402 370/370/370 
f 370/370/370 402/402/402 372/372/372 
f 402/402/402 403/403/403 372/372/372 
f 372/372/372 403/403/403 374/374/374 
f 403/403/403 404/404/404 374/374/374 
f 374/374/374 404/404/404 376/376/376 
f 404/404/404 405/405/405 376/376/376 
f 376/376/376 405/405/405 378/378/378 
f 405/405/405 406/406/406 378/378/378 
f 378/378/378 406/406/406 380/380/380 
f 406/406/406 407/407/407 380/380/380 
f 380/380/380 407/407/407 382/382/382 
f 407/407/407 408/408/408 382/382/382 
f 382/382/382 408/408/408 384/384/384 
f 408/408/408 409/409/409 384/384/384 
f 384/384/384 409/409/409 386/386/386 
f 409/409/409 410/410/410 386/386/386 
f 386/386/386 410/410/410 388/388/388 
f 410/410/410 411/411/411 388/388/388 
f 388/388/388 411/411/411 390/390/390 
f 411/411/411 412/412/412 390/390/390 
f 390/390/390 412/412/412 392/392/392 
f 412/412/412 392/392/392 392/392/392 
f 392/392/392 392/392/392 413/413/413 
f 392/392/392 413/413/413 413/413/413 
f 413/413/413 413/413/413 413/413/413 
f 413/413/413 414/414/414 413/413/413 
f 413/413/413 414/414/414 415/415/415 
f 414/414/414 416/416/416 415/415/415 
f 415/415/415 416/416/416 417/417/417 
f 416/416/416 418/418/418 417/417/417 
f 417/417/417 418/418/418 419/419/419 
f 418/418/418 420/420/420 419/419/419 
f 419/419/419 420/420/420 421/421/421 
f 420/420/420 422/422/422 421/421/421 
f 421/421/421 422/422/422 423/423/423 
f 422/422/422 424/424/424 423/423/423 
f 423/423/423 424/424/424 425/425/425 
f 424/424/424 426/426/426 425/425/425 
f 425/425/425 426/426/426 427/427/427 
f 426/426/426 428/428/428 427/427/427 
f 427/427/427 428/428/428 429/429/429 
f 428/428/428 430/430/430 429/429/429 
f 429/429/429 430/430/430 431/431/431 
f 430/430/430 432/432/432 431/431/431 
f 431/431/431 432/432/432 433/433/433 
f 432/432/432 434/434/434 433/433/433 
f 433/433/433 434/434/434 435/435/435 
f 434/434/434 436/436/436 435/435/435 
f 435/435/435 436/436/436 437/437/437 
f 436/436/436 438/438/438 437/437/437 
f 437/437/437 438/438/438 439/439/439 
f 438/438/438 440/440/440 439/439/439 
f 439/439/439 440/440/440 441/441/441 
f 440/440/440 442/442/442 441/441/441 
f 441/441/441 442/442/442 443/443/443 
f 442/442/442 444/444/444 443/443/443 
f 443/443/443 444/444/444 445/445/445 
f 444/444/444 446/446/446 445/445/445 
f 445/445/445 446/446/446 447/447/447 
f 446/446/446 448/448/448 447/447/447 
f 447/447/447 448/448/448 448/448/448 
f 448/448/448 449/449/449 448/448/448 
f 448/448/448 449/449/449 449/449/449 
f 449/449/449 450/450/450 449/449/449 
f 449/449/449 450/450/450 451/451/451 
f 450/450/450 452/452/452 451/451/451 
f 451/451/451 452/452/452 452/452/452 
f 452/452/452 453/453/453 452/452/452 
f 452/452/452 453/453/453 453/453/453 
f 453/453/453 454/454/454 453/453/453 
f 453/453/453 454/454/454 455/455/455 
f 454/454/454 456/456/456 455/455/455 
f 455/455/455 456/456/456 457/457/457 
f 456/456/456 458/458/458 457/457/457 
f 457/457/457 458/458/458 458/458/458 
f 458/458/458 459/459/459 458/458/458 
f 458/458/458 459/459/459 459/459/459 
f 459/459/459 460/460/460 459/459/459 
f 459/459/459 460/460/460 461/461/461 
f 460/460/460 462/462/462 461/461/461 
f 461/461/461 462/462/462 463/463/463 
f 462/462/462 464/464/464 463/463/463 
f 463/463/463 464/464/464 464/464/464 
f 464/464/464 465/465/465 464/464/464 
f 464/464/464 465/465/465 465/465/465 
f 465/465/465 466/466/466 465/465/465 
f 465/465/465 466/466/466 467/467/467 
f 466/466/466 468/468/468 467/467/467 
f 467/467/467 468/468/468 469/469/469 
f 468/468/468 469/469/469 469/469/469 
f 469/469/469 469/469/469 470/470/470 
f 469/469/469 470/470/470 470/470/470 
f 470/470/470 470/470/470 470/470/470 
f 470/470/470 471/471/471 470/470/470 
f 470/470/470 471/471/471 472/472/472 
f 471/471/471 473/473/473 472/472/472 
f 472/472/472 473/473/473 474/474/474 
f 473/473/473 475/475/475 474/474/474 
f 474/474/474 475/475/475 475/475/475 
f 475/475/475 471/471/471 475/475/475 
f 475/475/475 471/471/471 471/471/471 
f 471/471/471 476/476/476 471/471/471 
f 471/471/471 476/476/476 473/473/473 
f 476/476/476 477/477/477 473/473/473 
f 473/473/473 477/477/477 475/475/475 
f 477/477/477 478/478/478 475/475/475 
f 475/475/475 478/478/478 478/478/478 
f 478/478/478 476/476/476 478/478/478 
f 478/478/478 476/476/476 476/476/476 
f 476/476/476 479/479/479 476/476/476 
f 476/476/476 479/479/479 477/477/477 
f 479/479/479 480/480/480 477/477/477 
f 477/477/477 480/480/480 478/478/478 
f 480/480/480 481/481/481 478/478/478 
f 478/478/478 481/481/481 481/481/481 
f 481/481/481 479/479/479 481/481/481 
f 481/481/481 479/479/479 479/479/479 
f 479/479/479 482/482/482 479/479/479 
f 479/479/479 482/482/482 480/480/480 
f 482/482/482 483/483/483 480/480/480 
f 480/480/480 483/483/483 481/481/481 
f 483/483/483 484/484/484 481/481/481 
f 481/481/481 484/484/484 484/484/484 
f 484/484/484 482/482/482 484/484/484 
f 484/484/484 482/482/482 482/482/482 
f 482/482/482 485/485/485 482/482/482 
f 482/482/482 485/485/485 483/483/483 
f 485/485/485 486/486/486 483/483/483 
f 483/483/483 486/486/486 484/484/484 
f 486/486/486 487/487/487 484/484/484 
f 484/484/484 487/487/487 487/487/487 
f 487/487/487 485/485/485 487/487/487 
f 487/487/487 485/485/485 485/485/485 
f 485/485/485 488/488/488 485/485/485 
f 485/485/485 488/488/488 486/486/486 
f 488/488/488 489/489/489 486/486/486 
f 486/486/486 489/489/489 487/487/487 
f 489/489/489 490/490/490 487/487/487 
f 487/487/487 490/490/490 490/490/490 
f 490/490/490 488/488/488 490/490/490 
f 490/490/490 488/488/488 488/488/488 
f 488/488/488 491/491/491 488/488/488 
f 488/488/488 491/491/491 489/489/489 
f 491/491/491 492/492/492 489/489/489 
f 489/489/489 492/492/492 490/490/490 
f 492/492/492 493/493/493 490/490/490 
f 490/490/490 493/493/493 493/493/493 
f 493/493/493 491/491/491 493/493/493 
f 493/493/493 491/491/491 491/491/491 
f 491/491/491 494/494/494 491/491/491 
f 491/491/491 494/494/494 492/492/492 
f 494/494/494 495/495/495 492/492/492 
f 492/492/492 495/495/495 493/493/493 
f 495/495/495 496/496/496 493/493/493 
f 493/493/493 496/496/496 496/496/496 
f 496/496/496 494/494/494 496/496/496 
f 496/496/496 494/494/494 494/494/494 
f 494/494/494 497/497/497 494/494/494 
f 494/494/494 497/497/497 495/495/495 
f 497/497/497 498/498/498 495/495/495 
f 495/495/495 498/498/498 496/496/496 
f 498/498/498 499/499/499 496/496/496 
f 496/496/496 499/499/499 499/499/499 
f 499/499/499 497/497/497 499/499/499 
f 499/499/499 497/497/497 497/497/497 
f 497/497/497 500/500/500 497/497/497 
f 497/497/497 500/500/500 498/498/498 
f 500/500/500 501/501/501 498/498/498 
f 498/498/498 501/501/501 499/499/499 
f 501/501/501 502/502/502 499/499/499 
f 499/499/499 502/502/502 502/502/502 
f 502/502/502 500/500/500 502/502/502 
f 502/502/502 500/500/500 500/500/500 
f 500/500/500 503/503/503 500/500/500 
f 500/500/500 503/503/503 501/501/501 
f 503/503/503 504/504/504 501/501/501 
f 501/501/501 504/504/504 502/502/502 
f 504/504/504 505/505/505 502/502/502 
f 502/502/502 505/505/505 505/505/505 
f 505/505/505 503/503/503 505/505/505 
f 505/505/505 503/503/503 503/503/503 
f 503/503/503 506/506/506 503/503/503 
f 503/503/503 506/506/506 504/504/504 
f 506/506/506 507/507/507 504/504/504 
f 504/504/504 507/507/507 505/505/505 
f 507/507/507 508/508/508 505/505/505 
f 505/505/505 508/508/508 508/508/508 
f 508/508/508 506/506/506 508/508/508 
f 508/508/508 506/506/506 506/506/506 
f 506/506/506 509/509/509 506/506/506 
f 506/506/506 509/509/509 507/507/507 
f 509/509/509 510/510/510 507/507/507 
f 507/507/507 510/510/510 508/508/508 
f 510/510/510 511/511/511 508/508/508 
f 508/508/508 511/511/511 511/511/511 
f 511/511/511 509/509/509 511/511/511 
f 511/511/511 509/509/509 509/509/509 
f 509/509/509 512/512/512 509/509/509 
f 509/509/509 512/512/512 510/510/510 
f 512/512/512 513/513/513 510/510/510 
f 510/510/510 513/513/513 511/511/511 
f 513/513/513 514/514/514 511/511/511 
f 511/511/511 514/514/514 514/514/514 
f 514/514/514 512/512/512 514/514/514 
f 514/514/514 512/512/512 512/512/512 
f 512/512/512 515/515/515 512/512/512 
f 512/512/512 515/515/515 513/513/513 
f 515/515/515 516/516/516 513/513/513 
f 513/513/513 516/516/516 514/514/514 
f 516/516/516 517/517/517 514/514/514 
f 514/514/514 517/517/517 517/517/517 
f 517/517/517 515/515/515 517/517/517 
f 517/517/517 515/515/515 515/515/515 
f 515/515/515 518/518/518 515/515/515 
f 515/515/515 518/518/518 516/516/516 
f 518/518/518 519/519/519 516/516/516 
f 516/516/516 519/519/519 517/517/517 
f 519/519/519 520/520/520 517/517/517 
f 517/517/517 520/520/520 520/520/520 
f 520/520/520 518/518/518 520/520/520 
f 520/520/520 518/518/518 518/518/518 
f 518/518/518 521/521/521 518/518/518 
f 518/518/518 521/521/521 519/519/519 
f 521/521/521 522/522/522 519/519/519 
f 519/519/519 522/522/522 520/520/520 
f 522/522/522 523/523/523 520/520/520 
f 520/520/520 523/523/523 523/523/523 
f 523/523/523 521/521/521 523/523/523 
f 523/523/523 521/521/521 521/521/521 
f 521/521/521 524/524/524 521/521/521 
f 521/521/521 524/524/524 522/522/522 
f 524/524/524 525/525/525 522/522/522 
f 522/522/522 525/525/525 523/523/523 
f 525/525/525 526/526/526 523/523/523 
f 523/523/523 526/526/526 526/526/526 
f 526/526/526 524/524/524 526/526/526 
f 526/526/526 524/524/524 524/524/524 
f 524/524/524 527/527/527 524/524/524 
f 524/524/524 527/527/527 525/525/525 
f 527/527/527 528/528/528 525/525/525 
f 525/525/525 528/528/528 526/526/526 
f 528/528/528 529/529/529 526/526/526 
f 526/526/526 529/529/529 529/529/529 
f 529/529/529 527/527/527 529/529/529 
f 529/529/529 527/527/527 527/527/527 
f 527/527/527 530/530/530 527/527/527 
f 527/527/527 530/530/530 528/528/528 
f 530/530/530 531/531/531 528/528/528 
f 528/528/528 531/531/531 529/529/529 
f 531/531/531 529/529/529 529/529/529 
f 529/529/529 529/529/529 532/532/532 
f 529/529/529 532/532/532 532/532/532 
f 532/532/532 532/532/532 532/532/532 
f 532/532/532 533/533/533 532/532/532 
f 532/532/532 533/533/533 534/534/534 
f 533/533/533 535/535/535 534/534/534 
f 534/534/534 535/535/535 535/535/535 
f 535/535/535 533/533/533 535/535/535 
f 535/535/535 533/533/533 533/533/533 
f 533/533/533 536/536/536 533/533/533 
f 533/533/533 536/536/536 535/535/535 
f 536/536/536 537/537/537 535/535/535 
f 535/535/535 537/537/537 537/537/537 
f 537/537/537 536/536/536 537/537/537 
f 537/537/537 536/536/536 536/536/536 
f 536/536/536 538/538/538 536/536/536 
f 536/536/536 538/538/538 537/537/537 
f 538/538/538 539/539/539 537/537/537 
f 537/537/537 539/539/539 539/539/539 
f 539/539/539 538/538/538 539/539/539 
f 539/539/539 538/538/538 538/538/538 
f 538/538/538 540/540/540 538/538/538 
f 538/538/538 540/540/540 539/539/539 
f 540/540/540 541/541/541 539/539/539 
f 539/539/539 541/541/541 541/541/541 
f 541/541/541 540/540/540 541/541/541 
f 541/541/541 540/540/540 540/540/540 
f 540/540/540 542/542/542 540/540/540 
f 540/540/540 542/542/542 541/541/541 
f 542/542/542 543/543/543 541/541/541 
f 541/541/541 543/543/543 543/543/543 
f 543/543/543 542/542/542 543/543/543 
f 543/543/543 542/542/542 542/542/542 
f 542/542/542 544/544/544 542/542/542 
f 542/542/542 544/544/544 543/543/543 
f 544/544/544 545/545/545 543/543/543 
f 543/543/543 545/545/545 545/545/545 
f 545/545/545 544/544/544 545/545/545 
f 545/545/545 544/544/544 544/544/544 
f 544/544/544 546/546/546 544/544/544 
f 544/544/544 546/546/546 545/545/545 
f 546/546/546 547/547/547 545/545/545 
f 545/545/545 547/547/547 547/547/547 
f 547/547/547 546/546/546 547/547/547 
f 547/547/547 546/546/546 546/546/546 
f 546/546/546 548/548/548 546/546/546 
f 546/546/546 548/548/548 547/547/547 
f 548/548/548 549/549/549 547/547/547 
f 547/547/547 549/549/549 549/549/549 
f 549/549/549 548/548/548 549/549/549 
f 549/549/549 548/548/548 548/548/548 
f 548/548/548 550/550/550 548/548/548 
f 548/548/548 550/550/550 549/549/549 
f 550/550/550 551/551/551 549/549/549 
f 549/549/549 551/551/551 551/551/551 
f 551/551/551 550/550/550 551/551/551 
f 551/551/551 550/550/550 550/550/550 
f 550/550/550 552/552/552 550/550/550 
f 550/550/550 552/552/552 551/551/551 
f 552/552/552 553/553/553 551/551/551 
f 551/551/551 553/553/553 553/553/553 
f 553/553/553 552/552/552 553/553/553 
f 553/553/553 552/552/552 552/552/552 
f 552/552/552 554/554/554 552/552/552 
f 552/552/552 554/554/554 553/553/553 
f 554/554/554 555/555/555 553/553/553 
f 553/553/553 555/555/555 555/555/555 
f 555/555/555 554/554/554 555/555/555 
f 555/555/555 554/554/554 554/554/554 
f 554/554/554 556/556/556 554/554/554 
f 554/554/554 556/556/556 555/555/555 
f 556/556/556 557/557/557 555/555/555 
f 555/555/555 557/557/557 557/557/557 
f 557/557/557 556/556/556 557/557/557 
f 557/557/557 556/556/556 556/556/556 
f 556/556/556 558/558/558 556/556/556 
f 556/556/556 558/558/558 557/557/557 
f 558/558/558 559/559/559 557/557/557 
f 557/557/557 559/559/559 559/559/559 
f 559/559/559 558/558/558 559/559/559 
f 559/559/559 558/558/558 558/558/558 
f 558/558/558 560/560/560 558/558/558 
f 558/558/558 560/560/560 559/559/559 
f 560/560/560 561/561/561 559/559/559 
f 559/559/559 561/561/561 561/561/561 
f 561/561/561 560/560/560 561/561/561 
f 561/561/561 560/560/560 560/560/560 
f 560/560/560 562/562/562 560/560/560 
f 560/560/560 562/562/562 561/561/561 
f 562/562/562 563/563/563 561/561/561 
f 561/561/561 563/563/563 563/563/563 
f 563/563/563 562/562/562 563/563/563 
f 563/563/563 562/562/562 562/562/562 
f 562/562/562 564/564/564 562/562/562 
f 562/562/562 564/564/564 563/563/563 
f 564/564/564 565/565/565 563/563/563 
f 563/563/563 565/565/565 565/565/565 
f 565/565/565 564/564/564 565/565/565 
f 565/565/565 564/564/564 564/564/564 
f 564/564/564 566/566/566 564/564/564 
f 564/564/564 566/566/566 565/565/565 
f 566/566/566 567/567/567 565/565/565 
f 565/565/565 567/567/567 567/567/567 
f 567/567/567 566/566/566 567/567/567 
f 567/567/567 566/566/566 566/566/566 
f 566/566/566 568/568/568 566/566/566 
f 566/566/566 568/568/568 567/567/567 
f 568/568/568 569/569/569 567/567/567 
f 567/567/567 569/569/569 569/569/569 
f 569/569/569 568/568/568 569/569/569 
f 569/569/569 568/568/568 568/568/568 
f 568/568/568 570/570/570 568/568/568 
f 568/568/568 570/570/570 569/569/569 
f 570/570/570 571/571/571 569/569/569 
f 569/569/569 571/571/571 571/571/571 
f 571/571/571 570/570/570 571/571/571 
f 571/571/571 570/570/570 570/570/570 
f 570/570/570 572/572/572 570/570/570 
f 570/570/570 572/572/572 571/571/571 
f 572/572/572 573/573/573 571/571/571 
f 571/571/571 573/573/573 573/573/573 
f 573/573/573 574/574/574 573/573/573 
f 573/573/573 574/574/574 574/574/574 
f 574/574/574 575/575/575 574/574/574 
f 574/574/574 575/575/575 576/576/576 
f 575/575/575 577/577/577 576/576/576 
f 576/576/576 577/577/577 578/578/578 
f 577/577/577 579/579/579 578/578/578 
f 578/578/578 579/579/579 580/580/580 
f 579/579/579 581/581/581 580/580/580 
f 580/580/580 581/581/581 582/582/582 
f 581/581/581 583/583/583 582/582/582 
f 582/582/582 583/583/583 584/584/584 
f 583/583/583 585/585/585 584/584/584 
f 584/584/584 585/585/585 586/586/586 
f 585/585/585 587/587/587 586/586/586 
f 586/586/586 587/587/587 588/588/588 
f 587/587/587 589/589/589 588/588/588 
f 588/588/588 589/589/589 590/590/590 
f 589/589/589 591/591/591 590/590/590 
f 590/590/590 591/591/591 592/592/592 
f 591/591/591 593/593/593 592/592/592 
f 592/592/592 593/593/593 594/594/594 
f 593/593/593 595/595/595 594/594/594 
f 594/594/594 595/595/595 596/596/596 
f 595/595/595 597/597/597 596/596/596 
f 596/596/596 597/597/597 598/598/598 
f 597/597/597 599/599/599 598/598/598 
f 598/598/598 599/599/599 600/600/600 
f 599/599/599 601/601/601 600/600/600 
f 600/600/600 601/601/601 602/602/602 
f 601/601/601 603/603/603 602/602/602 
f 602/602/602 603/603/603 604/604/604 
f 603/603/603 605/605/605 604/604/604 
f 604/604/604 605/605/605 606/606/606 
f 605/605/605 607/607/607 606/606/606 
f 606/606/606 607/607/607 608/608/608 
f 607/607/607 609/609/609 608/608/608 
f 608/608/608 609/609/609 610/610/610 
f 609/609/609 611/611/611 610/610/610 
f 610/610/610 611/611/611 612/612/612 
f 611/611/611 613/613/613 612/612/612 
f 612/612/612 613/613/613 614/614/614 
f 613/613/613 615/615/615 614/614/614 
f 614/614/614 615/615/615 615/615/615 
f 615/615/615 575/575/575 615/615/615 
f 615/615/615 575/575/575 575/575/575 
f 575/575/575 616/616/616 575/575/575 
f 575/575/575 616/616/616 577/577/577 
f 616/616/616 617/617/617 577/577/577 
f 577/577/577 617/617/617 579/579/579 
f 617/617/617 618/618/618 579/579/579 
f 579/579/579 618/618/618 581/581/581 
f 618/618/618 619/619/619 581/581/581 
f 581/581/581 619/619/619 583/583/583 
f 619/619/619 620/620/620 583/583/583 
f 583/583/583 620/620/620 585/585/585 
f 620/620/620 621/621/621 585/585/585 
f 585/585/585 621/621/621 587/587/587 
f 621/621/621 622/622/622 587/587/587 
f 587/587/587 622/622/622 589/589/589 
f 622/622/622 623/623/623 589/589/589 
f 589/589/589 623/623/623 591/591/591 
f 623/623/623 624/624/624 591/591/591 
f 591/591/591 624/624/624 593/593/593 
f 624/624/624 625/625/625 593/593/593 
f 593/593/593 625/625/625 595/595/595 
f 625/625/625 626/626/626 595/595/595 
f 595/595/595 626/626/626 597/597/597 
f 626/626/626 627/627/627 597/597/597 
f 597/597/597 627/627/627 599/599/599 
f 627/627/627 628/628/628 599/599/599 
f 599/599/599 628/628/628 601/601/601 
f 628/628/628 629/629/629 601/601/601 
f 601/601/601 629/629/629 603/603/603 
f 629/629/629 630/630/630 603/603/603 
f 603/603/603 630/630/630 605/605/605 
f 630/630/630 631/631/631 605/605/605 
f 605/605/605 631/631/631 607/607/607 
f 631/631/631 632/632/632 607/607/607 
f 607/607/607 632/632/632 609/609/609 
f 632/632/632 633/633/633 609/609/609 
f 609/609/609 633/633/633 611/611/611 
f 633/633/633 634/634/634 611/611/611 
f 611/611/611 634/634/634 613/613/613 
f 634/634/634 635/635/635 613/613/613 
f 613/613/613 635/635/635 615/615/615 
f 635/635/635 615/615/615 615/615/615 
f 615/615/615 615/615/615 636/636/636 
f 615/615/615 636/636/636 636/636/636 
f 636/636/636 636/636/636 636/636/636 
f 636/636/636 637/637/637 636/636/636 
f 636/636/636 637/637/637 638/638/638 
f 637/637/637 639/639/639 638/638/638 
f 638/638/638 639/639/639 640/640/640 
f 639/639/639 641/641/641 640/640/640 
f 640/640/640 641/641/641 641/641/641 
f 641/641/641 639/639/639 641/641/641 
f 641/641/641 639/639/639 639/639/639 
f 639/639/639 642/642/642 639/639/639 
f 639/639/639 642/642/642 641/641/641 
f 642/642/642 643/643/643 641/641/641 
f 641/641/641 643/643/643 644/644/644 
f 643/643/643 645/645/645 644/644/644 
f 644/644/644 645/645/645 646/646/646 
f 645/645/645 647/647/647 646/646/646 
f 646/646/646 647/647/647 648/648/648 
f 647/647/647 649/649/649 648/648/648 
f 648/648/648 649/649/649 650/650/650 
f 649/649/649 651/651/651 650/650/650 
f 650/650/650 651/651/651 652/652/652 
f 651/651/651 653/653/653 652/652/652 
f 652/652/652 653/653/653 654/654/654 
f 653/653/653 655/655/655 654/654/654 
f 654/654/654 655/655/655 656/656/656 
f 655/655/655 657/657/657 656/656/656 
f 656/656/656 657/657/657 658/658/658 
f 657/657/657 659/659/659 658/658/658 
f 658/658/658 659/659/659 660/660/660 
f 659/659/659 661/661/661 660/660/660 
f 660/660/660 661/661/661 662/662/662 
f 661/661/661 663/663/663 662/662/662 
f 662/662/662 663/663/663 664/664/664 
f 663/663/663 665/665/665 664/664/664 
f 664/664/664 665/665/665 666/666/666 
f 665/665/665 667/667/667 666/666/666 
f 666/666/666 667/667/667 668/668/668 
f 667/667/667 669/669/669 668/668/668 
f 668/668/668 669/669/669 670/670/670 
f 669/669/669 671/671/671 670/670/670 
f 670/670/670 671/671/671 672/672/672 
f 671/671/671 673/673/673 672/672/672 
f 672/672/672 673/673/673 674/674/674 
f 673/673/673 675/675/675 674/674/674 
f 674/674/674 675/675/675 676/676/676 
f 675/675/675 677/677/677 676/676/676 
f 676/676/676 677/677/677 637/637/637 
f 677/677/677 678/678/678 637/637/637 
f 637/637/637 678/678/678 639/639/639 
f 678/678/678 642/642/642 639/639/639 
f 639/639/639 642/642/642 642/642/642 
f 642/642/642 678/678/678 642/642/642 
f 642/642/642 678/678/678 678/678/678 
f 678/678/678 679/679/679 678/678/678 
f 678/678/678 679/679/679 642/642/642 
f 679/679/679 680/680/680 642/642/642 
f 642/642/642 680/680/680 643/643/643 
f 680/680/680 681/681/681 643/643/643 
f 643/643/643 681/681/681 645/645/645 
f 681/681/681 682/682/682 645/645/645 
f 645/645/645 682/682/682 647/647/647 
f 682/682/682 683/683/683 647/647/647 
f 647/647/647 683/683/683 649/649/649 
f 683/683/683 684/684/684 649/649/649 
f 649/649/649 684/684/684 651/651/651 
f 684/684/684 685/685/685 651/651/651 
f 651/651/651 685/685/685 653/653/653 
f 685/685/685 686/686/686 653/653/653 
f 653/653/653 686/686/686 655/655/655 
f 686/686/686 687/687/687 655/655/655 
f 655/655/655 687/687/687 657/657/657 
f 687/687/687 688/688/688 657/657/657 
f 657/657/657 688/688/688 659/659/659 
f 688/688/688 689/689/689 659/659/659 
f 659/659/659 689/689/689 661/661/661 
f 689/689/689 690/690/690 661/661/661 
f 661/661/661 690/690/690 663/663/663 
f 690/690/690 691/691/691 663/663/663 
f 663/663/663 691/691/691 665/665/665 
f 691/691/691 692/692/692 665/665/665 
f 665/665/665 692/692/692 667/667/667 
f 692/692/692 693/693/693 667/667/667 
f 667/667/667 693/693/693 669/669/669 
f 693/693/693 694/694/694 669/669/669 
f 669/669/669 694/694/694 671/671/671 
f 694/694/694 695/695/695 671/671/671 
f 671/671/671 695/695/695 673/673/673 
f 695/695/695 696/696/696 673/673/673 
f 673/673/673 696/696/696 675/675/675 
f 696/696/696 697/697/697 675/675/675 
f 675/675/675 697/697/697 677/677/677 
f 697/697/697 698/698/698 677/677/677 
f 677/677/677 698/698/698 678/678/678 
f 698/698/698 679/679/679 678/678/678 
f 678/678/678 679/679/679 679/679/679 
f 679/679/679 699/699/699 679/679/679 
f 679/679/679 699/699/699 699/699/699 
f 699/699/699 700/700/700 699/699/699 
f 699/699/699 700/700/700 701/701/701 
f 700/700/700 702/702/702 701/701/701 
f 701/701/701 702/702/702 703/703/703 
f 702/702/702 704/704/704 703/703/703 
f 703/703/703 704/704/704 705/705/705 
f 704/704/704 706/706/706 705/705/705 
f 705/705/705 706/706/706 706/706/706 
f 706/706/706 700/700/700 706/706/706 
f 706/706/706 700/700/700 700/700/700 
f 700/700/700 707/707/707 700/700/700 
f 700/700/700 707/707/707 702/702/702 
f 707/707/707 708/708/708 702/702/702 
f 702/702/702 708/708/708 704/704/704 
f 708/708/708 709/709/709 704/704/704 
f 704/704/704 709/709/709 706/706/706 
f 709/709/709 710/710/710 706/706/706 
f 706/706/706 710/710/710 710/710/710 
f 710/710/710 708/708/708 710/710/710 
f 710/710/710 708/708/708 708/708/708 
f 708/708/708 711/711/711 708/708/708 
f 708/708/708 711/711/711 709/709/709 
f 711/711/711 712/712/712 709/709/709 
f 709/709/709 712/712/712 710/710/710 
f 712/712/712 713/713/713 710/710/710 
f 710/710/710 713/713/713 713/713/713 
f 713/713/713 711/711/711 713/713/713 
f 713/713/713 711/711/711 711/711/711 
f 711/711/711 714/714/714 711/711/711 
f 711/711/711 714/714/714 712/712/712 
f 714/714/714 715/715/715 712/712/712 
f 712/712/712 715/715/715 713/713/713 
f 715/715/715 716/716/716 713/713/713 
f 713/713/713 716/716/716 716/716/716 
f 716/716/716 714/714/714 716/716/716 
f 716/716/716 714/714/714 714/714/714 
f 714/714/714 717/717/717 714/714/714 
f 714/714/714 717/717/717 715/715/715 
f 717/717/717 718/718/718 715/715/715 
f 715/715/715 718/718/718 716/716/716 
f 718/718/718 719/719/719 716/716/716 
f 716/716/716 719/719/719 719/719/719 
f 719/719/719 717/717/717 719/719/719 
f 719/719/719 717/717/717 717/717/717 
f 717/717/717 720/720/720 717/717/717 
f 717/717/717 720/720/720 718/718/718 
f 720/720/720 721/721/721 718/718/718 
f 718/718/718 721/721/721 719/719/719 
f 721/721/721 722/722/722 719/719/719 
f 719/719/719 722/722/722 722/722/722 
f 722/722/722 720/720/720 722/722/722 
f 722/722/722 720/720/720 720/720/720 
f 720/720/720 723/723/723 720/720/720 
f 720/720/720 723/723/723 721/721/721 
f 723/723/723 724/724/724 721/721/721 
f 721/721/721 724/724/724 722/722/722 
f 724/724/724 725/725/725 722/722/722 
f 722/722/722 725/725/725 725/725/725 
f 725/725/725 723/723/723 725/725/725 
f 725/725/725 723/723/723 723/723/723 
f 723/723/723 726/726/726 723/723/723 
f 723/723/723 726/726/726 724/724/724 
f 726/726/726 727/727/727 724/724/724 
f 724/724/724 727/727/727 725/725/725 
f 727/727/727 728/728/728 725/725/725 
f 725/725/725 728/728/728 728/728/728 
f 728/728/728 726/726/726 728/728/728 
f 728/728/728 726/726/726 726/726/726 
f 726/726/726 729/729/729 726/726/726 
f 726/726/726 729/729/729 727/727/727 
f 729/729/729 730/730/730 727/727/727 
f 727/727/727 730/730/730 728/728/728 
f 730/730/730 731/731/731 728/728/728 
f 728/728/728 731/731/731 731/731/731 
f 731/731/731 729/729/729 731/731/731 
f 731/731/731 729/729/729 729/729/729 
f 729/729/729 732/732/732 729/729/729 
f 729/729/729 732/732/732 730/730/730 
f 732/732/732 733/733/733 730/730/730 
f 730/730/730 733/733/733 731/731/731 
f 733/733/733 734/734/734 731/731/731 
f 731/731/731 734/734/734 734/734/734 
f 734/734/734 732/732/732 734/734/734 
f 734/734/734 732/732/732 732/732/732 
f 732/732/732 735/735/735 732/732/732 
f 732/732/732 735/735/735 733/733/733 
f 735/735/735 736/736/736 733/733/733 
f 733/733/733 736/736/736 734/734/734 
f 736/736/736 737/737/737 734/734/734 
f 734/734/734 737/737/737 737/737/737 
f 737/737/737 735/735/735 737/737/737 
f 737/737/737 735/735/735 735/735/735 
f 735/735/735 738/738/738 735/735/735 
f 735/735/735 738/738/738 736/736/736 
f 738/738/738 739/739/739 736/736/736 
f 736/736/736 739/739/739 737/737/737 
f 739/739/739 740/740/740 737/737/737 
f 737/737/737 740/740/740 740/740/740 
f 740/740/740 738/738/738 740/740/740 
f 740/740/740 738/738/738 738/738/738 
f 738/738/738 741/741/741 738/738/738 
f 738/738/738 741/741/741 739/739/739 
f 741/741/741 742/742/742 739/739/739 
f 739/739/739 742/742/742 740/740/740 
f 742/742/742 743/743/743 740/740/740 
f 740/740/740 743/743/743 743/743/743 
f 743/743/743 741/741/741 743/743/743 
f 743/743/743 741/741/741 741/741/741 
f 741/741/741 744/744/744 741/741/741 
f 741/741/741 744/744/744 742/742/742 
f 744/744/744 745/745/745 742/742/742 
f 742/742/742 745/745/745 743/743/743 
f 745/745/745 746/746/746 743/743/743 
f 743/743/743 746/746/746 746/746/746 
f 746/746/746 744/744/744 746/746/746 
f 746/746/746 744/744/744 744/744/744 
f 744/744/744 747/747/747 744/744/744 
f 744/744/744 747/747/747 745/745/745 
f 747/747/747 748/748/748 745/745/745 
f 745/745/745 748/748/748 746/746/746 
f 748/748/748 749/749/749 746/746/746 
f 746/746/746 749/749/749 749/749/749 
f 749/749/749 747/747/747 749/749/749 
f 749/749/749 747/747/747 747/747/747 
f 747/747/747 750/750/750 747/747/747 
f 747/747/747 750/750/750 748/748/748 
f 750/750/750 751/751/751 748/748/748 
f 748/748/748 751/751/751 749/749/749 
f 751/751/751 752/752/752 749/749/749 
f 749/749/749 752/752/752 752/752/752 
f 752/752/752 750/750/750 752/752/752 
f 752/752/752 750/750/750 750/750/750 
f 750/750/750 753/753/753 750/750/750 
f 750/750/750 753/753/753 751/751/751 
f 753/753/753 754/754/754 751/751/751 
f 751/751/751 754/754/754 752/752/752 
f 754/754/754 755/755/755 752/752/752 
f 752/752/752 755/755/755 755/755/755 
f 755/755/755 753/753/753 755/755/755 
f 755/755/755 753/753/753 753/753/753 
f 753/753/753 756/756/756 753/753/753 
f 753/753/753 756/756/756 754/754/754 
f 756/756/756 757/757/757 754/754/754 
f 754/754/754 757/757/757 755/755/755 
f 757/757/757 758/758/758 755/755/755 
f 755/755/755 758/758/758 758/758/758 
f 758/758/758 756/756/756 758/758/758 
f 758/758/758 756/756/756 756/756/756 
f 756/756/756 759/759/759 756/756/756 
f 756/756/756 759/759/759 757/757/757 
f 759/759/759 760/760/760 757/757/757 
f 757/757/757 760/760/760 758/758/758 
f 760/760/760 761/761/761 758/758/758 
f 758/758/758 761/761/761 761/761/761 
f 761/761/761 759/759/759 761/761/761 
f 761/761/761 759/759/759 759/759/759 
f 759/759/759 701/701/701 759/759/759 
f 759/759/759 701/701/701 760/760/760 
f 701/701/701 703/703/703 760/760/760 
f 760/760/760 703/703/703 761/761/761 
f 703/703/703 705/705/705 761/761/761 
f 761/761/761 705/705/705 705/705/705 
f 705/705/705 762/762/762 705/705/705 
f 705/705/705 762/762/762 762/762/762 
f 762/762/762 763/763/763 762/762/762 
f 762/762/762 763/763/763 764/764/764 
f 763/763/763 765/765/765 764/764/764 
f 764/764/764 765/765/765 765/765/765 
f 765/765/765 766/766/766 765/765/765 
f 765/765/765 766/766/766 766/766/766 
f 766/766/766 767/767/767 766/766/766 
f 766/766/766 767/767/767 768/768/768 
f 767/767/767 769/769/769 768/768/768 
f 768/768/768 769/769/769 769/769/769 
f 769/769/769 767/767/767 769/769/769 
f 769/769/769 767/767/767 767/767/767 
f 767/767/767 770/770/770 767/767/767 
f 767/767/767 770/770/770 769/769/769 
f 770/770/770 771/771/771 769/769/769 
f 769/769/769 771/771/771 771/771/771 
f 771/771/771 770/770/770 771/771/771 
f 771/771/771 770/770/770 770/770/770 
f 770/770/770 772/772/772 770/770/770 
f 770/770/770 772/772/772 771/771/771 
f 772/772/772 773/773/773 771/771/771 
f 771/771/771 773/773/773 773/773/773 
f 773/773/773 772/772/772 773/773/773 
f 773/773/773 772/772/772 772/772/772 
f 772/772/772 774/774/774 772/772/772 
f 772/772/772 774/774/774 773/773/773 
f 774/774/774 775/775/775 773/773/773 
f 773/773/773 775/775/775 775/775/775 
f 775/775/775 774/774/774 775/775/775 
f 775/775/775 774/774/774 774/774/774 
f 774/774/774 776/776/776 774/774/774 
f 774/774/774 776/776/776 775/775/775 
f 776/776/776 777/777/777 775/775/775 
f 775/775/775 777/777/777 777/777/777 
f 777/777/777 776/776/776 777/777/777 
f 777/777/777 776/776/776 776/776/776 
f 776/776/776 778/778/778 776/776/776 
f 776/776/776 778/778/778 777/777/777 
f 778/778/778 779/779/779 777/777/777 
f 777/777/777 779/779/779 779/779/779 
f 779/779/779 778/778/778 779/779/779 
f 779/779/779 778/778/778 778/778/778 
f 778/778/778 780/780/780 778/778/778 
f 778/778/778 780/780/780 779/779/779 
f 780/780/780 781/781/781 779/779/779 
f 779/779/779 781/781/781 781/781/781 
f 781/781/781 780/780/780 781/781/781 
f 781/781/781 780/780/780 780/780/780 
f 780/780/780 782/782/782 780/780/780 
f 780/780/780 782/782/782 781/781/781 
f 782/782/782 783/783/783 781/781/781 
f 781/781/781 783/783/783 783/783/783 
f 783/783/783 782/782/782 783/783/783 
f 783/783/783 782/782/782 782/782/782 
f 782/782/782 784/784/784 782/782/782 
f 782/782/782 784/784/784 783/783/783 
f 784/784/784 785/785/785 783/783/783 
f 783/783/783 785/785/785 785/785/785 
f 785/785/785 784/784/784 785/785/785 
f 785/785/785 784/784/784 784/784/784 
f 784/784/784 786/786/786 784/784/784 
f 784/784/784 786/786/786 785/785/785 
f 786/786/786 787/787/787 785/785/785 
f 785/785/785 787/787/787 787/787/787 
f 787/787/787 786/786/786 787/787/787 
f 787/787/787 786/786/786 786/786/786 
f 786/786/786 788/788/788 786/786/786 
f 786/786/786 788/788/788 787/787/787 
f 788/788/788 789/789/789 787/787/787 
f 787/787/787 789/789/789 789/789/789 
f 789/789/789 788/788/788 789/789/789 
f 789/789/789 788/788/788 788/788/788 
f 788/788/788 790/790/790 788/788/788 
f 788/788/788 790/790/790 789/789/789 
f 790/790/790 791/791/791 789/789/789 
f 789/789/789 791/791/791 791/791/791 
f 791/791/791 790/790/790 791/791/791 
f 791/791/791 790/790/790 790/790/790 
f 790/790/790 792/792/792 790/790/790 
f 790/790/790 792/792/792 791/791/791 
f 792/792/792 793/793/793 791/791/791 
f 791/791/791 793/793/793 793/793/793 
f 793/793/793 792/792/792 793/793/793 
f 793/793/793 792/792/792 792/792/792 
f 792/792/792 794/794/794 792/792/792 
f 792/792/792 794/794/794 793/793/793 
f 794/794/794 795/795/795 793/793/793 
f 793/793/793 795/795/795 795/795/795 
f 795/795/795 794/794/794 795/795/795 
f 795/795/795 794/794/794 794/794/794 
f 794/794/794 796/796/796 794/794/794 
f 794/794/794 796/796/796 795/795/795 
f 796/796/796 797/797/797 795/795/795 
f 795/795/795 797/797/797 797/797/797 
f 797/797/797 796/796/796 797/797/797 
f 797/797/797 796/796/796 796/796/796 
f 796/796/796 798/798/798 796/796/796 
f 796/796/796 798/798/798 797/797/797 
f 798/798/798 799/799/799 797/797/797 
f 797/797/797 799/799/799 799/799/799 
f 799/799/799 798/798/798 799/799/799 
f 799/799/799 798/798/798 798/798/798 
f 798/798/798 800/800/800 798/798/798 
f 798/798/798 800/800/800 799/799/799 
f 800/800/800 801/801/801 799/799/799 
f 799/799/799 801/801/801 801/801/801 
f 801/801/801 800/800/800 801/801/801 
f 801/801/801 800/800/800 800/800/800 
f 800/800/800 802/802/802 800/800/800 
f 800/800/800 802/802/802 801/801/801 
f 802/802/802 803/803/803 801/801/801 
f 801/801/801 803/803/803 803/803/803 
f 803/803/803 802/802/802 803/803/803 
f 803/803/803 802/802/802 802/802/802 
f 802/802/802 804/804/804 802/802/802 
f 802/802/802 804/804/804 803/803/803 
f 804/804/804 805/805/805 803/803/803 
f 803/803/803 805/805/805 805/805/805 
f 805/805/805 804/804/804 805/805/805 
f 805/805/805 804/804/804 804/804/804 
f 804/804/804 806/806/806 804/804/804 
f 804/804/804 806/806/806 805/805/805 
f 806/806/806 807/807/807 805/805/805 
f 805/805/805 807/807/807 807/807/807 
f 807/807/807 808/808/808 807/807/807 
f 807/807/807 808/808/808 808/808/808 
f 808/808/808 809/809/809 808/808/808 
f 808/808/808 809/809/809 810/810/810 
f 809/809/809 811/811/811 810/810/810 
f 810/810/810 811/811/811 812/812/812 
f 811/811/811 813/813/813 812/812/812 
f 812/812/812 813/813/813 814/814/814 
f 813/813/813 815/815/815 814/814/814 
f 814/814/814 815/815/815 816/816/816 
f 815/815/815 817/817/817 816/816/816 
f 816/816/816 817/817/817 818/818/818 
f 817/817/817 819/819/819 818/818/818 
f 818/818/818 819/819/819 820/820/820 
f 819/819/819 821/821/821 820/820/820 
f 820/820/820 821/821/821 822/822/822 
f 821/821/821 823/823/823 822/822/822 
f 822/822/822 823/823/823 824/824/824 
f 823/823/823 825/825/825 824/824/824 
f 824/824/824 825/825/825 826/826/826 
f 825/825/825 827/827/827 826/826/826 
f 826/826/826 827/827/827 828/828/828 
f 827/827/827 829/829/829 828/828/828 
f 828/828/828 829/829/829 830/830/830 
f 829/829/829 831/831/831 830/830/830 
f 830/830/830 831/831/831 832/832/832 
f 831/831/831 833/833/833 832/832/832 
f 832/832/832 833/833/833 834/834/834 
f 833/833/833 835/835/835 834/834/834 
f 834/834/834 835/835/835 836/836/836 
f 835/835/835 837/837/837 836/836/836 
f 836/836/836 837/837/837 837/837/837 
f 837/837/837 838/838/838 837/837/837 
f 837/837/837 838/838/838 838/838/838 
f 838/838/838 839/839/839 838/838/838 
f 838/838/838 839/839/839 840/840/840 
f 839/839/839 841/841/841 840/840/840 
f 840/840/840 841/841/841 841/841/841 
f 841/841/841 839/839/839 841/841/841 
f 841/841/841 839/839/839 839/839/839 
f 839/839/839 842/842/842 839/839/839 
f 839/839/839 842/842/842 841/841/841 
f 842/842/842 843/843/843 841/841/841 
f 841/841/841 843/843/843 843/843/843 
f 843/843/843 842/842/842 843/843/843 
f 843/843/843 842/842/842 842/842/842 
f 842/842/842 844/844/844 842/842/842 
f 842/842/842 844/844/844 843/843/843 
f 844/844/844 845/845/845 843/843/843 
f 843/843/843 845/845/845 845/845/845 
f 845/845/845 844/844/844 845/845/845 
f 845/845/845 844/844/844 844/844/844 
f 844/844/844 846/846/846 844/844/844 
f 844/844/844 846/846/846 845/845/845 
f 846/846/846 847/847/847 845/845/845 
f 845/845/845 847/847/847 847/847/847 
f 847/847/847 846/846/846 847/847/847 
f 847/847/847 846/846/846 846/846/846 
f 846/846/846 848/848/848 846/846/846 
f 846/846/846 848/848/848 847/847/847 
f 848/848/848 849/849/849 847/847/847 
f 847/847/847 849/849/849 849/849/849 
f 849/849/849 848/848/848 849/849/849 
f 849/849/849 848/848/848 848/848/848 
f 848/848/848 850/850/850 848/848/848 
f 848/848/848 850/850/850 849/849/849 
f 850/850/850 851/851/851 849/849/849 
f 849/849/849 851/851/851 851/851/851 
f 851/851/851 850/850/850 851/851/851 
f 851/851/851 850/850/850 850/850/850 
f 850/850/850 852/852/852 850/850/850 
f 850/850/850 852/852/852 851/851/851 
f 852/852/852 853/853/853 851/851/851 
f 851/851/851 853/853/853 853/853/853 
f 853/853/853 852/852/852 853/853/853 
f 853/853/853 852/852/852 852/852/852 
f 852/852/852 854/854/854 852/852/852 
f 852/852/852 854/854/854 853/853/853 
f 854/854/854 855/855/855 853/853/853 
f 853/853/853 855/855/855 855/855/855 
f 855/855/855 854/854/854 855/855/855 
f 855/855/855 854/854/854 854/854/854 
f 854/854/854 856/856/856 854/854/854 
f 854/854/854 856/856/856 855/855/855 
f 856/856/856 857/857/857 855/855/855 
f 855/855/855 857/857/857 857/857/857 
f 857/857/857 856/856/856 857/857/857 
f 857/857/857 856/856/856 856/856/856 
f 856/856/856 858/858/858 856/856/856 
f 856/856/856 858/858/858 857/857/857 
f 858/858/858 859/859/859 857/857/857 
f 857/857/857 859/859/859 859/859/859 
f 859/859/859 858/858/858 859/859/859 
f 859/859/859 858/858/858 858/858/858 
f 858/858/858 860/860/860 858/858/858 
f 858/858/858 860/860/860 859/859/859 
f 860/860/860 861/861/861 859/859/859 
f 859/859/859 861/861/861 861/861/861 
f 861/861/861 860/860/860 861/861/861 
f 861/861/861 860/860/860 860/860/860 
f 860/860/860 862/862/862 860/860/860 
f 860/860/860 862/862/862 861/861/861 
f 862/862/862 863/863/863 861/861/861 
f 861/861/861 863/863/863 863/863/863 
f 863/863/863 862/862/862 863/863/863 
f 863/863/863 862/862/862 862/862/862 
f 862/862/862 864/864/864 862/862/862 
f 862/862/862 864/864/864 863/863/863 
f 864/864/864 865/865/865 863/863/863 
f 863/863/863 865/865/865 865/865/865 
f 865/865/865 864/864/864 865/865/865 
f 865/865/865 864/864/864 864/864/864 
f 864/864/864 866/866/866 864/864/864 
f 864/864/864 866/866/866 865/865/865 
f 866/866/866 867/867/867 865/865/865 
f 865/865/865 867/867/867 867/867/867 
f 867/867/867 866/866/866 867/867/867 
f 867/867/867 866/866/866 866/866/866 
f 866/866/866 868/868/868 866/866/866 
f 866/866/866 868/868/868 867/867/867 
f 868/868/868 869/869/869 867/867/867 
f 867/867/867 869/869/869 869/869/869 
f 869/869/869 868/868/868 869/869/869 
f 869/869/869 868/868/868 868/868/868 
f 868/868/868 870/870/870 868/868/868 
f 868/868/868 870/870/870 869/869/869 
f 870/870/870 871/871/871 869/869/869 
f 869/869/869 871/871/871 871/871/871 
f 871/871/871 870/870/870 871/871/871 
f 871/871/871 870/870/870 870/870/870 
f 870/870/870 872/872/872 870/870/870 
f 870/870/870 872/872/872 871/871/871 
f 872/872/872 873/873/873 871/871/871 
f 871/871/871 873/873/873 873/873/873 
f 873/873/873 872/872/872 873/873/873 
f 873/873/873 872/872/872 872/872/872 
f 872/872/872 874/874/874 872/872/872 
f 872/872/872 874/874/874 873/873/873 
f 874/874/874 875/875/875 873/873/873 
f 873/873/873 875/875/875 875/875/875 
f 875/875/875 874/874/874 875/875/875 
f 875/875/875 874/874/874 874/874/874 
f 874/874/874 876/876/876 874/874/874 
f 874/874/874 876/876/876 875/875/875 
f 876/876/876 877/877/877 875/875/875 
f 875/875/875 877/877/877 877/877/877 
f 877/877/877 876/876/876 877/877/877 
f 877/877/877 876/876/876 876/876/876 
f 876/876/876 878/878/878 876/876/876 
f 876/876/876 878/878/878 877/877/877 
f 878/878/878 879/879/879 877/877/877 
f 877/877/877 879/879/879 879/879/879 
f 879/879/879 880/880/880 879/879/879 
f 879/879/879 880/880/880 880/880/880 
f 880/880/880 881/881/881 880/880/880 
f 880/880/880 881/881/881 882/882/882 
f 881/881/881 883/883/883 882/882/882 
f 882/882/882 883/883/883 883/883/883 
f 883/883/883 881/881/881 883/883/883 
f 883/883/883 881/881/881 881/881/881 
f 881/881/881 884/884/884 881/881/881 
f 881/881/881 884/884/884 883/883/883 
f 884/884/884 885/885/885 883/883/883 
f 883/883/883 885/885/885 885/885/885 
f 885/885/885 884/884/884 885/885/885 
f 885/885/885 884/884/884 884/884/884 
f 884/884/884 886/886/886 884/884/884 
f 884/884/884 886/886/886 885/885/885 
f 886/886/886 887/887/887 885/885/885 
f 885/885/885 887/887/887 887/887/887 
f 887/887/887 886/886/886 887/887/887 
f 887/887/887 886/886/886 886/886/886 
f 886/886/886 888/888/888 886/886/886 
f 886/886/886 888/888/888 887/887/887 
f 888/888/888 889/889/889 887/887/887 
f 887/887/887 889/889/889 889/889/889 
f 889/889/889 888/888/888 889/889/889 
f 889/889/889 888/888/888 888/888/888 
f 888/888/888 890/890/890 888/888/888 
f 888/888/888 890/890/890 889/889/889 
f 890/890/890 891/891/891 889/889/889 
f 889/889/889 891/891/891 891/891/891 
f 891/891/891 890/890/890 891/891/891 
f 891/891/891 890/890/890 890/890/890 
f 890/890/890 892/892/892 890/890/890 
f 890/890/890 892/892/892 891/891/891 
f 892/892/892 893/893/893 891/891/891 
f 891/891/891 893/893/893 893/893/893 
f 893/893/893 892/892/892 893/893/893 
f 893/893/893 892/892/892 892/892/892 
f 892/892/892 894/894/894 892/892/892 
f 892/892/892 894/894/894 893/893/893 
f 894/894/894 895/895/895 893/893/893 
f 893/893/893 895/895/895 895/895/895 
f 895/895/895 894/894/894 895/895/895 
f 895/895/895 894/894/894 894/894/894 
f 894/894/894 896/896/896 894/894/894 
f 894/894/894 896/896/896 895/895/895 
f 896/896/896 897/897/897 895/895/895 
f 895/895/895 897/897/897 897/897/897 
f 897/897/897 896/896/896 897/897/897 
f 897/897/897 896/896/896 896/896/896 
f 896/896/896 898/898/898 896/896/896 
f 896/896/896 898/898/898 897/897/897 
f 898/898/898 899/899/899 897/897/897 
f 897/897/897 899/899/899 899/899/899 
f 899/899/899 898/898/898 899/899/899 
f 899/899/899 898/898/898 898/898/898 
f 898/898/898 900/900/900 898/898/898 
f 898/898/898 900/900/900 899/899/899 
f 900/900/900 901/901/901 899/899/899 
f 899/899/899 901/901/901 901/901/901 
f 901/901/901 900/900/900 901/901/901 
f 901/901/901 900/900/900 900/900/900 
f 900/900/900 902/902/902 900/900/900 
f 900/900/900 902/902/902 901/901/901 
f 902/902/902 903/903/903 901/901/901 
f 901/901/901 903/903/903 903/903/903 
f 903/903/903 902/902/902 903/903/903 
f 903/903/903 902/902/902 902/902/902 
f 902/902/902 904/904/904 902/902/902 
f 902/902/902 904/904/904 903/903/903 
f 904/904/904 905/905/905 903/903/903 
f 903/903/903 905/905/905 905/905/905 
f 905/905/905 904/904/904 905/905/905 
f 905/905/905 904/904/904 904/904/904 
f 904/904/904 906/906/906 904/904/904 
f 904/904/904 906/906/906 905/905/905 
f 906/906/906 907/907/907 905/905/905 
f 905/905/905 907/907/907 907/907/907 
f 907/907/907 906/906/906 907/907/907 
f 907/907/907 906/906/906 906/906/906 
f 906/906/906 908/908/908 906/906/906 
f 906/906/906 908/908/908 907/907/907 
f 908/908/908 909/909/909 907/907/907 
f 907/907/907 909/909/909 909/909/909 
f 909/909/909 908/908/908 909/909/909 
f 909/909/909 908/908/908 908/908/908 
f 908/908/908 910/910/910 908/908/908 
f 908/908/908 910/910/910 909/909/909 
f 910/910/910 911/911/911 909/909/909 
f 909/909/909 911/911/911 911/911/911 
f 911/911/911 910/910/910 911/911/911 
f 911/911/911 910/910/910 910/910/910 
f 910/910/910 912/912/912 910/910/910 
f 910/910/910 912/912/912 911/911/911 
f 912/912/912 913/913/913 911/911/911 
f 911/911/911 913/913/913 913/913/913 
f 913/913/913 912/912/912 913/913/913 
f 913/913/913 912/912/912 912/912/912 
f 912/912/912 914/914/914 912/912/912 
f 912/912/912 914/914/914 913/913/913 
f 914/914/914 915/915/915 913/913/913 
f 913/913/913 915/915/915 915/915/915 
f 915/915/915 916/916/916 915/915/915 
f 915/915/915 916/916/916 916/916/916 
f 916/916/916 917/917/917 916/916/916 
f 916/916/916 917/917/917 918/918/918 
f 917/917/917 919/919/919 918/918/918 
f 918/918/918 919/919/919 919/919/919 
f 919/919/919 920/920/920 919/919/919 
f 919/919/919 920/920/920 920/920/920 
f 920/920/920 921/921/921 920/920/920 
f 920/920/920 921/921/921 922/922/922 
f 921/921/921 923/923/923 922/922/922 
f 922/922/922 923/923/923 923/923/923 
f 923/923/923 921/921/921 923/923/923 
f 923/923/923 921/921/921 921/921/921 
f 921/921/921 924/924/924 921/921/921 
f 921/921/921 924/924/924 923/923/923 
f 924/924/924 925/925/925 923/923/923 
f 923/923/923 925/925/925 925/925/925 
f 925/925/925 926/926/926 925/925/925 
f 925/925/925 926/926/926 926/926/926 
f 926/926/926 927/927/927 926/926/926 
f 926/926/926 927/927/927 928/928/928 
f 927/927/927 929/929/929 928/928/928 
f 928/928/928 929/929/929 929/929/929 
f 929/929/929 927/927/927 929/929/929 
f 929/929/929 927/927/927 927/927/927 
f 927/927/927 930/930/930 927/927/927 
f 927/927/927 930/930/930 929/929/929 
f 930/930/930 931/931/931 929/929/929 
f 929/929/929 931/931/931 931/931/931 
f 931/931/931 930/930/930 931/931/931 
f 931/931/931 930/930/930 930/930/930 
f 930/930/930 932/932/932 930/930/930 
f 930/930/930 932/932/932 931/931/931 
f 932/932/932 933/933/933 931/931/931 
f 931/931/931 933/933/933 933/933/933 
f 933/933/933 932/932/932 933/933/933 
f 933/933/933 932/932/932 932/932/932 
f 932/932/932 934/934/934 932/932/932 
f 932/932/932 934/934/934 933/933/933 
f 934/934/934 935/935/935 933/933/933 
f 933/933/933 935/935/935 935/935/935 
f 935/935/935 934/934/934 935/935/935 
f 935/935/935 934/934/934 934/934/934 
f 934/934/934 936/936/936 934/934/934 
f 934/934/934 936/936/936 935/935/935 
f 936/936/936 937/937/937 935/935/935 
f 935/935/935 937/937/937 937/937/937 
f 937/937/937 936/936/936 937/937/937 
f 937/937/937 936/936/936 936/936/936 
f 936/936/936 938/938/938 936/936/936 
f 936/936/936 938/938/938 937/937/937 
f 938/938/938 939/939/939 937/937/937 
f 937/937/937 939/939/939 939/939/939 
f 939/939/939 938/938/938 939/939/939 
f 939/939/939 938/938/938 938/938/938 
f 938/938/938 940/940/940 938/938/938 
f 938/938/938 940/940/940 939/939/939 
f 940/940/940 941/941/941 939/939/939 
f 939/939/939 941/941/941 941/941/941 
f 941/941/941 940/940/940 941/941/941 
f 941/941/941 940/940/940 940/940/940 
f 940/940/940 942/942/942 940/940/940 
f 940/940/940 942/942/942 941/941/941 
f 942/942/942 943/943/943 941/941/941 
f 941/941/941 943/943/943 943/943/943 
f 943/943/943 942/942/942 943/943/943 
f 943/943/943 942/942/942 942/942/942 
f 942/942/942 944/944/944 942/942/942 
f 942/942/942 944/944/944 943/943/943 
f 944/944/944 945/945/945 943/943/943 
f 943/943/943 945/945/945 945/945/945 
f 945/945/945 944/944/944 945/945/945 
f 945/945/945 944/944/944 944/944/944 
f 944/944/944 946/946/946 944/944/944 
f 944/944/944 946/946/946 945/945/945 
f 946/946/946 947/947/947 945/945/945 
f 945/945/945 947/947/947 947/947/947 
f 947/947/947 946/946/946 947/947/947 
f 947/947/947 946/946/946 946/946/946 
f 946/946/946 948/948/948 946/946/946 
f 946/946/946 948/948/948 947/947/947 
f 948/948/948 949/949/949 947/947/947 
f 947/947/947 949/949/949 949/949/949 
f 949/949/949 948/948/948 949/949/949 
f 949/949/949 948/948/948 948/948/948 
f 948/948/948 950/950/950 948/948/948 
f 948/948/948 950/950/950 949/949/949 
f 950/950/950 951/951/951 949/949/949 
f 949/949/949 951/951/951 951/951/951 
f 951/951/951 950/950/950 951/951/951 
f 951/951/951 950/950/950 950/950/950 
f 950/950/950 952/952/952 950/950/950 
f 950/950/950 952/952/952 951/951/951 
f 952/952/952 953/953/953 951/951/951 
f 951/951/951 953/953/953 953/953/953 
f 953/953/953 952/952/952 953/953/953 
f 953/953/953 952/952/952 952/952/952 
f 952/952/952 954/954/954 952/952/952 
f 952/952/952 954/954/954 953/953/953 
f 954/954/954 955/955/955 953/953/953 
f 953/953/953 955/955/955 955/955/955 
f 955/955/955 954/954/954 955/955/955 
f 955/955/955 954/954/954 954/954/954 
f 954/954/954 956/956/956 954/954/954 
f 954/954/954 956/956/956 955/955/955 
f 956/956/956 957/957/957 955/955/955 
f 955/955/955 957/957/957 957/957/957 
f 957/957/957 956/956/956 957/957/957 
f 957/957/957 956/956/956 956/956/956 
f 956/956/956 958/958/958 956/956/956 
f 956/956/956 958/958/958 957/957/957 
f 958/958/958 959/959/959 957/957/957 
f 957/957/957 959/959/959 959/959/959 
f 959/959/959 958/958/958 959/959/959 
f 959/959/959 958/958/958 958/958/958 
f 958/958/958 960/960/960 958/958/958 
f 958/958/958 960/960/960 959/959/959 
f 960/960/960 961/961/961 959/959/959 
f 959/959/959 961/961/961 961/961/961 
f 961/961/961 962/962/962 961/961/961 
f 961/961/961 962/962/962 962/962/962 
f 962/962/962 963/963/963 962/962/962 
f 962/962/962 963/963/963 964/964/964 
f 963/963/963 965/965/965 964/964/964 
f 964/964/964 965/965/965 965/965/965 
f 965/965/965 963/963/963 965/965/965 
f 965/965/965 963/963/963 963/963/963 
f 963/963/963 966/966/966 963/963/963 
f 963/963/963 966/966/966 965/965/965 
f 966/966/966 967/967/967 965/965/965 
f 965/965/965 967/967/967 967/967/967 
f 967/967/967 968/968/968 967/967/967 
f 967/967/967 968/968/968 968/968/968 
f 968/968/968 969/969/969 968/968/968 
f 968/968/968 969/969/969 970/970/970 
f 969/969/969 971/971/971 970/970/970 
f 970/970/970 971/971/971 971/971/971 
f 971/971/971 969/969/969 971/971/971 
f 971/971/971 969/969/969 972/972/972 
f 969/969/969 973/973/973 972/972/972 
f 972/972/972 973/973/973 974/974/974 
f 973/973/973 974/974/974 974/974/974 
f 974/974/974 974/974/974 975/975/975 
f 974/974/974 975/975/975 975/975/975 
f 975/975/975 975/975/975 975/975/975 
f 975/975/975 976/976/976 975/975/975 
f 975/975/975 976/976/976 977/977/977 
f 976/976/976 978/978/978 977/977/977 
f 977/977/977 978/978/978 978/978/978 
f 978/978/978 976/976/976 978/978/978 
f 978/978/978 976/976/976 976/976/976 
f 976/976/976 979/979/979 976/976/976 
f 976/976/976 979/979/979 978/978/978 
f 979/979/979 980/980/980 978/978/978 
f 978/978/978 980/980/980 980/980/980 
f 980/980/980 981/981/981 980/980/980 
f 980/980/980 981/981/981 981/981/981 
f 981/981/981 982/982/982 981/981/981 
f 981/981/981 982/982/982 983/983/983 
f 982/982/982 984/984/984 983/983/983 
f 983/983/983 984/984/984 985/985/985 
f 984/984/984 986/986/986 985/985/985 
f 985/985/985 986/986/986 986/986/986 
f 986/986/986 984/984/984 986/986/986 
f 986/986/986 984/984/984 984/984/984 
f 984/984/984 987/987/987 984/984/984 
f 984/984/984 987/987/987 986/986/986 
f 987/987/987 988/988/988 986/986/986 
f 986/986/986 988/988/988 989/989/989 
f 988/988/988 990/990/990 989/989/989 
f 989/989/989 990/990/990 991/991/991 
f 990/990/990 992/992/992 991/991/991 
f 991/991/991 992/992/992 993/993/993 
f 992/992/992 994/994/994 993/993/993 
f 993/993/993 994/994/994 995/995/995 
f 994/994/994 996/996/996 995/995/995 
f 995/995/995 996/996/996 997/997/997 
f 996/996/996 998/998/998 997/997/997 
f 997/997/997 998/998/998 999/999/999 
f 998/998/998 1000/1000/1000 999/999/999 
f 999/999/999 1000/1000/1000 1001/1001/1001 
f 1000/1000/1000 1002/1002/1002 1001/1001/1001 
f 1001/1001/1001 1002/1002/1002 1003/1003/1003 
f 1002/1002/1002 1004/1004/1004 1003/1003/1003 
f 1003/1003/1003 1004/1004/1004 1005/1005/1005 
f 1004/1004/1004 1006/1006/1006 1005/1005/1005 
f 1005/1005/1005 1006/1006/1006 1007/1007/1007 
f 1006/1006/1006 1008/1008/1008 1007/1007/1007 
f 1007/1007/1007 1008/1008/1008 1009/1009/1009 
f 1008/1008/1008 1010/1010/1010 1009/1009/1009 
f 1009/1009/1009 1010/1010/1010 1011/1011/1011 
f 1010/1010/1010 1012/1012/1012 1011/1011/1011 
f 1011/1011/1011 1012/1012/1012 1013/1013/1013 
f 1012/1012/1012 1014/1014/1014 1013/1013/1013 
f 1013/1013/1013 1014/1014/1014 1015/1015/1015 
f 1014/1014/1014 1016/1016/1016 1015/1015/1015 
f 1015/1015/1015 1016/1016/1016 1017/1017/1017 
f 1016/1016/1016 1018/1018/1018 1017/1017/1017 
f 1017/1017/1017 1018/1018/1018 1019/1019/1019 
f 1018/1018/1018 1020/1020/1020 1019/1019/1019 
f 1019/1019/1019 1020/1020/1020 1021/1021/1021 
f 1020/1020/1020 1022/1022/1022 1021/1021/1021 
f 1021/1021/1021 1022/1022/1022 982/982/982 
f 1022/1022/1022 1023/1023/1023 982/982/982 
f 982/982/982 1023/1023/1023 984/984/984 
f 1023/1023/1023 987/987/987 984/984/984 
f 984/984/984 987/987/987 987/987/987 
f 987/987/987 1023/1023/1023 987/987/987 
f 987/987/987 1023/1023/1023 1023/1023/1023 
f 1023/1023/1023 1024/1024/1024 1023/1023/1023 
f 1023/1023/1023 1024/1024/1024 987/987/987 
f 1024/1024/1024 1025/1025/1025 987/987/987 
f 987/987/987 1025/1025/1025 988/988/988 
f 1025/1025/1025 1026/1026/1026 988/988/988 
f 988/988/988 1026/1026/1026 990/990/990 
f 1026/1026/1026 1027/1027/1027 990/990/990 
f 990/990/990 1027/1027/1027 992/992/992 
f 1027/1027/1027 1028/1028/1028 992/992/992 
f 992/992/992 1028/1028/1028 994/994/994 
f 1028/1028/1028 1029/1029/1029 994/994/994 
f 994/994/994 1029/1029/1029 996/996/996 
f 1029/1029/1029 1030/1030/1030 996/996/996 
f 996/996/996 1030/1030/1030 998/998/998 
f 1030/1030/1030 1031/1031/1031 998/998/998 
f 998/998/998 1031/1031/1031 1000/1000/1000 
f 1031/1031/1031 1032/1032/1032 1000/1000/1000 
f 1000/1000/1000 1032/1032/1032 1002/1002/1002 
f 1032/1032/1032 1033/1033/1033 1002/1002/1002 
f 1002/1002/1002 1033/1033/1033 1004/1004/1004 
f 1033/1033/1033 1034/1034/1034 1004/1004/1004 
f 1004/1004/1004 1034/1034/1034 1006/1006/1006 
f 1034/1034/1034 1035/1035/1035 1006/1006/1006 
f 1006/1006/1006 1035/1035/1035 1008/1008/1008 
f 1035/1035/1035 1036/1036/1036 1008/1008/1008 
f 1008/1008/1008 1036/1036/1036 1010/1010/1010 
f 1036/1036/1036 1037/1037/1037 1010/1010/1010 
f 1010/1010/1010 1037/1037/1037 1012/1012/1012 
f 1037/1037/1037 1038/1038/1038 1012/1012/1012 
f 1012/1012/1012 1038/1038/1038 1014/1014/1014 
f 1038/1038/1038 1039/1039/1039 1014/1014/1014 
f 1014/1014/1014 1039/1039/1039 1016/1016/1016 
f 1039/1039/1039 1040/1040/1040 1016/1016/1016 
f 1016/1016/1016 1040/1040/1040 1018/1018/1018 
f 1040/1040/1040 1041/1041/1041 1018/1018/1018 
f 1018/1018/1018 1041/1041/1041 1020/1020/1020 
f 1041/1041/1041 1042/1042/1042 1020/1020/1020 
f 1020/1020/1020 1042/1042/1042 1022/1022/1022 
f 1042/1042/1042 1043/1043/1043 1022/1022/1022 
f 1022/1022/1022 1043/1043/1043 1023/1023/1023 
f 1043/1043/1043 1024/1024/1024 1023/1023/1023 
f 1023/1023/1023 1024/1024/1024 1024/1024/1024 
f 1024/1024/1024 1044/1044/1044 1024/1024/1024 
f 1024/1024/1024 1044/1044/1044 1044/1044/1044 
f 1044/1044/1044 1045/1045/1045 1044/1044/1044 
f 1044/1044/1044 1045/1045/1045 1046/1046/1046 
f 1045/1045/1045 1047/1047/1047 1046/1046/1046 
f 1046/1046/1046 1047/1047/1047 1047/1047/1047 
f 1047/1047/1047 1048/1048/1048 1047/1047/1047 
f 1047/1047/1047 1048/1048/1048 1048/1048/1048 
f 1048/1048/1048 1049/1049/1049 1048/1048/1048 
f 1048/1048/1048 1049/1049/1049 1050/1050/1050 
f 1049/1049/1049 1051/1051/1051 1050/1050/1050 
f 1050/1050/1050 1051/1051/1051 1051/1051/1051 
f 1051/1051/1051 1049/1049/1049 1051/1051/1051 
f 1051/1051/1051 1049/1049/1049 1052/1052/1052 
f 1049/1049/1049 1053/1053/1053 1052/1052/1052 
f 1052/1052/1052 1053/1053/1053 1054/1054/1054 
f 1053/1053/1053 1055/1055/1055 1054/1054/1054 
f 1054/1054/1054 1055/1055/1055 1055/1055/1055 
f 1055/1055/1055 1056/1056/1056 1055/1055/1055 
f 1055/1055/1055 1056/1056/1056 1056/1056/1056 
f 1056/1056/1056 1057/1057/1057 1056/1056/1056 
f 1056/1056/1056 1057/1057/1057 1058/1058/1058 
f 1057/1057/1057 1059/1059/1059 1058/1058/1058 
f 1058/1058/1058 1059/1059/1059 1059/1059/1059 
f 1059/1059/1059 1060/1060/1060 1059/1059/1059 
f 1059/1059/1059 1060/1060/1060 1060/1060/1060 
f 1060/1060/1060 1061/1061/1061 1060/1060/1060 
f 1060/1060/1060 1061/1061/1061 1062/1062/1062 
f 1061/1061/1061 1063/1063/1063 1062/1062/1062 
f 1062/1062/1062 1063/1063/1063 1063/1063/1063 
f 1063/1063/1063 1061/1061/1061 1063/1063/1063 
f 1063/1063/1063 1061/1061/1061 1064/1064/1064 
f 1061/1061/1061 1065/1065/1065 1064/1064/1064 
f 1064/1064/1064 1065/1065/1065 1065/1065/1065 
f 1065/1065/1065 1066/1066/1066 1065/1065/1065 
f 1065/1065/1065 1066/1066/1066 1066/1066/1066 
f 1066/1066/1066 1067/1067/1067 1066/1066/1066 
f 1066/1066/1066 1067/1067/1067 1068/1068/1068 
f 1067/1067/1067 1069/1069/1069 1068/1068/1068 
f 1068/1068/1068 1069/1069/1069 1070/1070/1070 
f 1069/1069/1069 1071/1071/1071 1070/1070/1070 
f 1070/1070/1070 1071/1071/1071 1071/1071/1071 
f 1071/1071/1071 1072/1072/1072 1071/1071/1071 
f 1071/1071/1071 1072/1072/1072 1072/1072/1072 
f 1072/1072/1072 1073/1073/1073 1072/1072/1072 
f 1072/1072/1072 1073/1073/1073 1074/1074/1074 
f 1073/1073/1073 1075/1075/1075 1074/1074/1074 
f 1074/1074/1074 1075/1075/1075 1075/1075/1075 
f 1075/1075/1075 1076/1076/1076 1075/1075/1075 
f 1075/1075/1075 1076/1076/1076 1076/1076/1076 
f 1076/1076/1076 1077/1077/1077 1076/1076/1076 
f 1076/1076/1076 1077/1077/1077 1078/1078/1078 
f 1077/1077/1077 1079/1079/1079 1078/1078/1078 
f 1078/1078/1078 1079/1079/1079 1079/1079/1079 
f 1079/1079/1079 1080/1080/1080 1079/1079/1079 
f 1079/1079/1079 1080/1080/1080 1080/1080/1080 
f 1080/1080/1080 1081/1081/1081 1080/1080/1080 
f 1080/1080/1080 1081/1081/1081 1082/1082/1082 
f 1081/1081/1081 1083/1083/1083 1082/1082/1082 
f 1082/1082/1082 1083/1083/1083 1084/1084/1084 
f 1083/1083/1083 1085/1085/1085 1084/1084/1084 
f 1084/1084/1084 1085/1085/1085 1086/1086/1086 
f 1085/1085/1085 1087/1087/1087 1086/1086/1086 
f 1086/1086/1086 1087/1087/1087 1088/1088/1088 
f 1087/1087/1087 1089/1089/1089 1088/1088/1088 
f 1088/1088/1088 1089/1089/1089 1090/1090/1090 
f 1089/1089/1089 1091/1091/1091 1090/1090/1090 
f 1090/1090/1090 1091/1091/1091 1092/1092/1092 
f 1091/1091/1091 1093/1093/1093 1092/1092/1092 
f 1092/1092/1092 1093/1093/1093 1094/1094/1094 
f 1093/1093/1093 1095/1095/1095 1094/1094/1094 
f 1094/1094/1094 1095/1095/1095 1096/1096/1096 
f 1095/1095/1095 1097/1097/1097 1096/1096/1096 
f 1096/1096/1096 1097/1097/1097 1098/1098/1098 
f 1097/1097/1097 1099/1099/1099 1098/1098/1098 
f 1098/1098/1098 1099/1099/1099 1100/1100/1100 
f 1099/1099/1099 1101/1101/1101 1100/1100/1100 
f 1100/1100/1100 1101/1101/1101 1102/1102/1102 
f 1101/1101/1101 1103/1103/1103 1102/1102/1102 
f 1102/1102/1102 1103/1103/1103 1104/1104/1104 
f 1103/1103/1103 1105/1105/1105 1104/1104/1104 
f 1104/1104/1104 1105/1105/1105 1106/1106/1106 
f 1105/1105/1105 1107/1107/1107 1106/1106/1106 
f 1106/1106/1106 1107/1107/1107 1108/1108/1108 
f 1107/1107/1107 1109/1109/1109 1108/1108/1108 
f 1108/1108/1108 1109/1109/1109 1109/1109/1109 
f 1109/1109/1109 1110/1110/1110 1109/1109/1109 
f 1109/1109/1109 1110/1110/1110 1110/1110/1110 
f 1110/1110/1110 1111/1111/1111 1110/1110/1110 
f 1110/1110/1110 1111/1111/1111 1112/1112/1112 
f 1111/1111/1111 1113/1113/1113 1112/1112/1112 
f 1112/1112/1112 1113/1113/1113 1113/1113/1113 
f 1113/1113/1113 1114/1114/1114 1113/1113/1113 
f 1113/1113/1113 1114/1114/1114 1114/1114/1114 
f 1114/1114/1114 1115/1115/1115 1114/1114/1114 
f 1114/1114/1114 1115/1115/1115 1116/1116/1116 
f 1115/1115/1115 1117/1117/1117 1116/1116/1116 
f 1116/1116/1116 1117/1117/1117 1117/1117/1117 
f 1117/1117/1117 1118/1118/1118 1117/1117/1117 
f 1117/1117/1117 1118/1118/1118 1118/1118/1118 
f 1118/1118/1118 1119/1119/1119 1118/1118/1118 
f 1118/1118/1118 1119/1119/1119 1120/1120/1120 
f 1119/1119/1119 1121/1121/1121 1120/1120/1120 
f 1120/1120/1120 1121/1121/1121 1121/1121/1121 
f 1121/1121/1121 1122/1122/1122 1121/1121/1121 
f 1121/1121/1121 1122/1122/1122 1122/1122/1122 
f 1122/1122/1122 1123/1123/1123 1122/1122/1122 
f 1122/1122/1122 1123/1123/1123 1124/1124/1124 
f 1123/1123/1123 1125/1125/1125 1124/1124/1124 
f 1124/1124/1124 1125/1125/1125 1125/1125/1125 
f 1125/1125/1125 1126/1126/1126 1125/1125/1125 
f 1125/1125/1125 1126/1126/1126 1126/1126/1126 
f 1126/1126/1126 1127/1127/1127 1126/1126/1126 
f 1126/1126/1126 1127/1127/1127 1128/1128/1128 
f 1127/1127/1127 1129/1129/1129 1128/1128/1128 
f 1128/1128/1128 1129/1129/1129 1129/1129/1129 
f 1129/1129/1129 1130/1130/1130 1129/1129/1129 
f 1129/1129/1129 1130/1130/1130 1130/1130/1130 
f 1130/1130/1130 1131/1131/1131 1130/1130/1130 
f 1130/1130/1130 1131/1131/1131 1132/1132/1132 
f 1131/1131/1131 1133/1133/1133 1132/1132/1132 
f 1132/1132/1132 1133/1133/1133 1134/1134/1134 
f 1133/1133/1133 1135/1135/1135 1134/1134/1134 
f 1134/1134/1134 1135/1135/1135 1136/1136/1136 
f 1135/1135/1135 1137/1137/1137 1136/1136/1136 
f 1136/1136/1136 1137/1137/1137 1138/1138/1138 
f 1137/1137/1137 1139/1139/1139 1138/1138/1138 
f 1138/1138/1138 1139/1139/1139 1140/1140/1140 
f 1139/1139/1139 1141/1141/1141 1140/1140/1140 
f 1140/1140/1140 1141/1141/1141 1142/1142/1142 
f 1141/1141/1141 1143/1143/1143 1142/1142/1142 
f 1142/1142/1142 1143/1143/1143 1144/1144/1144 
f 1143/1143/1143 1145/1145/1145 1144/1144/1144 
f 1144/1144/1144 1145/1145/1145 1146/1146/1146 
f 1145/1145/1145 1147/1147/1147 1146/1146/1146 
f 1146/1146/1146 1147/1147/1147 1148/1148/1148 
f 1147/1147/1147 1149/1149/1149 1148/1148/1148 
f 1148/1148/1148 1149/1149/1149 1150/1150/1150 
f 1149/1149/1149 1151/1151/1151 1150/1150/1150 
f 1150/1150/1150 1151/1151/1151 1152/1152/1152 
f 1151/1151/1151 1153/1153/1153 1152/1152/1152 
f 1152/1152/1152 1153/1153/1153 1154/1154/1154 
f 1153/1153/1153 1155/1155/1155 1154/1154/1154 
f 1154/1154/1154 1155/1155/1155 1156/1156/1156 
f 1155/1155/1155 1157/1157/1157 1156/1156/1156 
f 1156/1156/1156 1157/1157/1157 1158/1158/1158 
f 1157/1157/1157 1159/1159/1159 1158/1158/1158 
f 1158/1158/1158 1159/1159/1159 1159/1159/1159 
f 1159/1159/1159 1160/1160/1160 1159/1159/1159 
f 1159/1159/1159 1160/1160/1160 1160/1160/1160 
f 1160/1160/1160 1161/1161/1161 1160/1160/1160 
f 1160/1160/1160 1161/1161/1161 1162/1162/1162 
f 1161/1161/1161 1163/1163/1163 1162/1162/1162 
f 1162/1162/1162 1163/1163/1163 1163/1163/1163 
f 1163/1163/1163 1161/1161/1161 1163/1163/1163 
f 1163/1163/1163 1161/1161/1161 1161/1161/1161 
f 1161/1161/1161 1164/1164/1164 1161/1161/1161 
f 1161/1161/1161 1164/1164/1164 1163/1163/1163 
f 1164/1164/1164 1165/1165/1165 1163/1163/1163 
f 1163/1163/1163 1165/1165/1165 1165/1165/1165 
f 1165/1165/1165 1164/1164/1164 1165/1165/1165 
f 1165/1165/1165 1164/1164/1164 1164/1164/1164 
f 1164/1164/1164 1166/1166/1166 1164/1164/1164 
f 1164/1164/1164 1166/1166/1166 1165/1165/1165 
f 1166/1166/1166 1167/1167/1167 1165/1165/1165 
f 1165/1165/1165 1167/1167/1167 1167/1167/1167 
f 1167/1167/1167 1166/1166/1166 1167/1167/1167 
f 1167/1167/1167 1166/1166/1166 1166/1166/1166 
f 1166/1166/1166 1168/1168/1168 1166/1166/1166 
f 1166/1166/1166 1168/1168/1168 1167/1167/1167 
f 1168/1168/1168 1169/1169/1169 1167/1167/1167 
f 1167/1167/1167 1169/1169/1169 1169/1169/1169 
f 1169/1169/1169 1168/1168/1168 1169/1169/1169 
f 1169/1169/1169 1168/1168/1168 1168/1168/1168 
f 1168/1168/1168 1170/1170/1170 1168/1168/1168 
f 1168/1168/1168 1170/1170/1170 1169/1169/1169 
f 1170/1170/1170 1171/1171/1171 1169/1169/1169 
f 1169/1169/1169 1171/1171/1171 1171/1171/1171 
f 1171/1171/1171 1170/1170/1170 1171/1171/1171 
f 1171/1171/1171 1170/1170/1170 1170/1170/1170 
f 1170/1170/1170 1172/1172/1172 1170/1170/1170 
f 1170/1170/1170 1172/1172/1172 1171/1171/1171 
f 1172/1172/1172 1173/1173/1173 1171/1171/1171 
f 1171/1171/1171 1173/1173/1173 1173/1173/1173 
f 1173/1173/1173 1172/1172/1172 1173/1173/1173 
f 1173/1173/1173 1172/1172/1172 1172/1172/1172 
f 1172/1172/1172 1174/1174/1174 1172/1172/1172 
f 1172/1172/1172 1174/1174/1174 1173/1173/1173 
f 1174/1174/1174 1175/1175/1175 1173/1173/1173 
f 1173/1173/1173 1175/1175/1175 1175/1175/1175 
f 1175/1175/1175 1174/1174/1174 1175/1175/1175 
f 1175/1175/1175 1174/1174/1174 1174/1174/1174 
f 1174/1174/1174 1176/1176/1176 1174/1174/1174 
f 1174/1174/1174 1176/1176/1176 1175/1175/1175 
f 1176/1176/1176 1177/1177/1177 1175/1175/1175 
f 1175/1175/1175 1177/1177/1177 1177/1177/1177 
f 1177/1177/1177 1176/1176/1176 1177/1177/1177 
f 1177/1177/1177 1176/1176/1176 1176/1176/1176 
f 1176/1176/1176 1178/1178/1178 1176/1176/1176 
f 1176/1176/1176 1178/1178/1178 1177/1177/1177 
f 1178/1178/1178 1179/1179/1179 1177/1177/1177 
f 1177/1177/1177 1179/1179/1179 1179/1179/1179 
f 1179/1179/1179 1178/1178/1178 1179/1179/1179 
f 1179/1179/1179 1178/1178/1178 1178/1178/1178 
f 1178/1178/1178 1180/1180/1180 1178/1178/1178 
f 1178/1178/1178 1180/1180/1180 1179/1179/1179 
f 1180/1180/1180 1181/1181/1181 1179/1179/1179 
f 1179/1179/1179 1181/1181/1181 1181/1181/1181 
f 1181/1181/1181 1180/1180/1180 1181/1181/1181 
f 1181/1181/1181 1180/1180/1180 1180/1180/1180 
f 1180/1180/1180 1182/1182/1182 1180/1180/1180 
f 1180/1180/1180 1182/1182/1182 1181/1181/1181 
f 1182/1182/1182 1183/1183/1183 1181/1181/1181 
f 1181/1181/1181 1183/1183/1183 1183/1183/1183 
f 1183/1183/1183 1182/1182/1182 1183/1183/1183 
f 1183/1183/1183 1182/1182/1182 1182/1182/1182 
f 1182/1182/1182 1184/1184/1184 1182/1182/1182 
f 1182/1182/1182 1184/1184/1184 1183/1183/1183 
f 1184/1184/1184 1185/1185/1185 1183/1183/1183 
f 1183/1183/1183 1185/1185/1185 1185/1185/1185 
f 1185/1185/1185 1184/1184/1184 1185/1185/1185 
f 1185/1185/1185 1184/1184/1184 1184/1184/1184 
f 1184/1184/1184 1186/1186/1186 1184/1184/1184 
f 1184/1184/1184 1186/1186/1186 1185/1185/1185 
f 1186/1186/1186 1187/1187/1187 1185/1185/1185 
f 1185/1185/1185 1187/1187/1187 1187/1187/1187 
f 1187/1187/1187 1186/1186/1186 1187/1187/1187 
f 1187/1187/1187 1186/1186/1186 1186/1186/1186 
f 1186/1186/1186 1188/1188/1188 1186/1186/1186 
f 1186/1186/1186 1188/1188/1188 1187/1187/1187 
f 1188/1188/1188 1189/1189/1189 1187/1187/1187 
f 1187/1187/1187 1189/1189/1189 1189/1189/1189 
f 1189/1189/1189 1190/1190/1190 1189/1189/1189 
f 1189/1189/1189 1190/1190/1190 1190/1190/1190 
f 1190/1190/1190 1191/1191/1191 1190/1190/1190 
f 1190/1190/1190 1191/1191/1191 1192/1192/1192 
f 1191/1191/1191 1193/1193/1193 1192/1192/1192 
f 1192/1192/1192 1193/1193/1193 1193/1193/1193 
f 1193/1193/1193 1194/1194/1194 1193/1193/1193 
f 1193/1193/1193 1194/1194/1194 1194/1194/1194 
f 1194/1194/1194 1195/1195/1195 1194/1194/1194 
f 1194/1194/1194 1195/1195/1195 1196/1196/1196 
f 1195/1195/1195 1197/1197/1197 1196/1196/1196 
f 1196/1196/1196 1197/1197/1197 1197/1197/1197 
f 1197/1197/1197 1198/1198/1198 1197/1197/1197 
f 1197/1197/1197 1198/1198/1198 1198/1198/1198 
f 1198/1198/1198 1199/1199/1199 1198/1198/1198 
f 1198/1198/1198 1199/1199/1199 1200/1200/1200 
f 1199/1199/1199 1201/1201/1201 1200/1200/1200 
f 1200/1200/1200 1201/1201/1201 1201/1201/1201 
f 1201/1201/1201 1202/1202/1202 1201/1201/1201 
f 1201/1201/1201 1202/1202/1202 1202/1202/1202 
f 1202/1202/1202 1203/1203/1203 1202/1202/1202 
f 1202/1202/1202 1203/1203/1203 1204/1204/1204 
f 1203/1203/1203 1205/1205/1205 1204/1204/1204 
f 1204/1204/1204 1205/1205/1205 1205/1205/1205 
f 1205/1205/1205 1203/1203/1203 1205/1205/1205 
f 1205/1205/1205 1203/1203/1203 1203/1203/1203 
f 1203/1203/1203 1206/1206/1206 1203/1203/1203 
f 1203/1203/1203 1206/1206/1206 1205/1205/1205 
f 1206/1206/1206 1207/1207/1207 1205/1205/1205 
f 1205/1205/1205 1207/1207/1207 1207/1207/1207 
f 1207/1207/1207 1208/1208/1208 1207/1207/1207 
f 1207/1207/1207 1208/1208/1208 1208/1208/1208 
f 1208/1208/1208 1209/1209/1209 1208/1208/1208 
f 1208/1208/1208 1209/1209/1209 1210/1210/1210 
f 1209/1209/1209 1211/1211/1211 1210/1210/1210 
f 1210/1210/1210 1211/1211/1211 1211/1211/1211 
f 1211/1211/1211 1212/1212/1212 1211/1211/1211 
f 1211/1211/1211 1212/1212/1212 1212/1212/1212 
f 1212/1212/1212 1213/1213/1213 1212/1212/1212 
f 1212/1212/1212 1213/1213/1213 1214/1214/1214 
f 1213/1213/1213 1215/1215/1215 1214/1214/1214 
f 1214/1214/1214 1215/1215/1215 1216/1216/1216 
f 1215/1215/1215 1217/1217/1217 1216/1216/1216 
f 1216/1216/1216 1217/1217/1217 1218/1218/1218 
f 1217/1217/1217 1219/1219/1219 1218/1218/1218 
f 1218/1218/1218 1219/1219/1219 1220/1220/1220 
f 1219/1219/1219 1221/1221/1221 1220/1220/1220 
f 1220/1220/1220 1221/1221/1221 1222/1222/1222 
f 1221/1221/1221 1223/1223/1223 1222/1222/1222 
f 1222/1222/1222 1223/1223/1223 1224/1224/1224 
f 1223/1223/1223 1225/1225/1225 1224/1224/1224 
f 1224/1224/1224 1225/1225/1225 1226/1226/1226 
f 1225/1225/1225 1227/1227/1227 1226/1226/1226 
f 1226/1226/1226 1227/1227/1227 1228/1228/1228 
f 1227/1227/1227 1229/1229/1229 1228/1228/1228 
f 1228/1228/1228 1229/1229/1229 1230/1230/1230 
f 1229/1229/1229 1231/1231/1231 1230/1230/1230 
f 1230/1230/1230 1231/1231/1231 1232/1232/1232 
f 1231/1231/1231 1233/1233/1233 1232/1232/1232 
f 1232/1232/1232 1233/1233/1233 1234/1234/1234 
f 1233/1233/1233 1235/1235/1235 1234/1234/1234 
f 1234/1234/1234 1235/1235/1235 1236/1236/1236 
f 1235/1235/1235 1237/1237/1237 1236/1236/1236 
f 1236/1236/1236 1237/1237/1237 1238/1238/1238 
f 1237/1237/1237 1239/1239/1239 1238/1238/1238 
f 1238/1238/1238 1239/1239/1239 1240/1240/1240 
f 1239/1239/1239 1241/1241/1241 1240/1240/1240 
f 1240/1240/1240 1241/1241/1241 1242/1242/1242 
f 1241/1241/1241 1243/1243/1243 1242/1242/1242 
f 1242/1242/1242 1243/1243/1243 1244/1244/1244 
f 1243/1243/1243 1245/1245/1245 1244/1244/1244 
f 1244/1244/1244 1245/1245/1245 1246/1246/1246 
f 1245/1245/1245 1247/1247/1247 1246/1246/1246 
f 1246/1246/1246 1247/1247/1247 1248/1248/1248 
f 1247/1247/1247 1249/1249/1249 1248/1248/1248 
f 1248/1248/1248 1249/1249/1249 1250/1250/1250 
f 1249/1249/1249 1251/1251/1251 1250/1250/1250 
f 1250/1250/1250 1251/1251/1251 1252/1252/1252 
f 1251/1251/1251 1253/1253/1253 1252/1252/1252 
f 1252/1252/1252 1253/1253/1253 1253/1253/1253 
f 1253/1253/1253 1254/1254/1254 1253/1253/1253 
f 1253/1253/1253 1254/1254/1254 1254/1254/1254 
f 1254/1254/1254 1255/1255/1255 1254/1254/1254 
f 1254/1254/1254 1255/1255/1255 1256/1256/1256 
f 1255/1255/1255 1257/1257/1257 1256/1256/1256 
f 1256/1256/1256 1257/1257/1257 1257/1257/1257 
f 1257/1257/1257 1255/1255/1255 1257/1257/1257 
f 1257/1257/1257 1255/1255/1255 1255/1255/1255 
f 1255/1255/1255 1258/1258/1258 1255/1255/1255 
f 1255/1255/1255 1258/1258/1258 1257/1257/1257 
f 1258/1258/1258 1259/1259/1259 1257/1257/1257 
f 1257/1257/1257 1259/1259/1259 1259/1259/1259 
f 1259/1259/1259 1260/1260/1260 1259/1259/1259 
f 1259/1259/1259 1260/1260/1260 1260/1260/1260 
f 1260/1260/1260 1261/1261/1261 1260/1260/1260 
f 1260/1260/1260 1261/1261/1261 1262/1262/1262 
f 1261/1261/1261 1263/1263/1263 1262/1262/1262 
f 1262/1262/1262 1263/1263/1263 1264/1264/1264 
f 1263/1263/1263 1265/1265/1265 1264/1264/1264 
f 1264/1264/1264 1265/1265/1265 1266/1266/1266 
f 1265/1265/1265 1267/1267/1267 1266/1266/1266 
f 1266/1266/1266 1267/1267/1267 1267/1267/1267 
f 1267/1267/1267 1261/1261/1261 1267/1267/1267 
f 1267/1267/1267 1261/1261/1261 1261/1261/1261 
f 1261/1261/1261 1268/1268/1268 1261/1261/1261 
f 1261/1261/1261 1268/1268/1268 1263/1263/1263 
f 1268/1268/1268 1269/1269/1269 1263/1263/1263 
f 1263/1263/1263 1269/1269/1269 1265/1265/1265 
f 1269/1269/1269 1270/1270/1270 1265/1265/1265 
f 1265/1265/1265 1270/1270/1270 1267/1267/1267 
f 1270/1270/1270 1271/1271/1271 1267/1267/1267 
f 1267/1267/1267 1271/1271/1271 1271/1271/1271 
f 1271/1271/1271 1269/1269/1269 1271/1271/1271 
f 1271/1271/1271 1269/1269/1269 1269/1269/1269 
f 1269/1269/1269 1272/1272/1272 1269/1269/1269 
f 1269/1269/1269 1272/1272/1272 1270/1270/1270 
f 1272/1272/1272 1273/1273/1273 1270/1270/1270 
f 1270/1270/1270 1273/1273/1273 1271/1271/1271 
f 1273/1273/1273 1274/1274/1274 1271/1271/1271 
f 1271/1271/1271 1274/1274/1274 1274/1274/1274 
f 1274/1274/1274 1272/1272/1272 1274/1274/1274 
f 1274/1274/1274 1272/1272/1272 1272/1272/1272 
f 1272/1272/1272 1275/1275/1275 1272/1272/1272 
f 1272/1272/1272 1275/1275/1275 1273/1273/1273 
f 1275/1275/1275 1276/1276/1276 1273/1273/1273 
f 1273/1273/1273 1276/1276/1276 1274/1274/1274 
f 1276/1276/1276 1277/1277/1277 1274/1274/1274 
f 1274/1274/1274 1277/1277/1277 1277/1277/1277 
f 1277/1277/1277 1275/1275/1275 1277/1277/1277 
f 1277/1277/1277 1275/1275/1275 1275/1275/1275 
f 1275/1275/1275 1278/1278/1278 1275/1275/1275 
f 1275/1275/1275 1278/1278/1278 1276/1276/1276 
f 1278/1278/1278 1279/1279/1279 1276/1276/1276 
f 1276/1276/1276 1279/1279/1279 1277/1277/1277 
f 1279/1279/1279 1280/1280/1280 1277/1277/1277 
f 1277/1277/1277 1280/1280/1280 1280/1280/1280 
f 1280/1280/1280 1278/1278/1278 1280/1280/1280 
f 1280/1280/1280 1278/1278/1278 1278/1278/1278 
f 1278/1278/1278 1281/1281/1281 1278/1278/1278 
f 1278/1278/1278 1281/1281/1281 1279/1279/1279 
f 1281/1281/1281 1282/1282/1282 1279/1279/1279 
f 1279/1279/1279 1282/1282/1282 1280/1280/1280 
f 1282/1282/1282 1283/1283/1283 1280/1280/1280 
f 1280/1280/1280 1283/1283/1283 1283/1283/1283 
f 1283/1283/1283 1281/1281/1281 1283/1283/1283 
f 1283/1283/1283 1281/1281/1281 1281/1281/1281 
f 1281/1281/1281 1284/1284/1284 1281/1281/1281 
f 1281/1281/1281 1284/1284/1284 1282/1282/1282 
f 1284/1284/1284 1285/1285/1285 1282/1282/1282 
f 1282/1282/1282 1285/1285/1285 1283/1283/1283 
f 1285/1285/1285 1286/1286/1286 1283/1283/1283 
f 1283/1283/1283 1286/1286/1286 1286/1286/1286 
f 1286/1286/1286 1284/1284/1284 1286/1286/1286 
f 1286/1286/1286 1284/1284/1284 1284/1284/1284 
f 1284/1284/1284 1287/1287/1287 1284/1284/1284 
f 1284/1284/1284 1287/1287/1287 1285/1285/1285 
f 1287/1287/1287 1288/1288/1288 1285/1285/1285 
f 1285/1285/1285 1288/1288/1288 1286/1286/1286 
f 1288/1288/1288 1289/1289/1289 1286/1286/1286 
f 1286/1286/1286 1289/1289/1289 1289/1289/1289 
f 1289/1289/1289 1287/1287/1287 1289/1289/1289 
f 1289/1289/1289 1287/1287/1287 1287/1287/1287 
f 1287/1287/1287 1290/1290/1290 1287/1287/1287 
f 1287/1287/1287 1290/1290/1290 1288/1288/1288 
f 1290/1290/1290 1291/1291/1291 1288/1288/1288 
f 1288/1288/1288 1291/1291/1291 1289/1289/1289 
f 1291/1291/1291 1292/1292/1292 1289/1289/1289 
f 1289/1289/1289 1292/1292/1292 1292/1292/1292 
f 1292/1292/1292 1290/1290/1290 1292/1292/1292 
f 1292/1292/1292 1290/1290/1290 1290/1290/1290 
f 1290/1290/1290 1293/1293/1293 1290/1290/1290 
f 1290/1290/1290 1293/1293/1293 1291/1291/1291 
f 1293/1293/1293 1294/1294/1294 1291/1291/1291 
f 1291/1291/1291 1294/1294/1294 1292/1292/1292 
f 1294/1294/1294 1295/1295/1295 1292/1292/1292 
f 1292/1292/1292 1295/1295/1295 1295/1295/1295 
f 1295/1295/1295 1293/1293/1293 1295/1295/1295 
f 1295/1295/1295 1293/1293/1293 1293/1293/1293 
f 1293/1293/1293 1296/1296/1296 1293/1293/1293 
f 1293/1293/1293 1296/1296/1296 1294/1294/1294 
f 1296/1296/1296 1297/1297/1297 1294/1294/1294 
f 1294/1294/1294 1297/1297/1297 1295/1295/1295 
f 1297/1297/1297 1298/1298/1298 1295/1295/1295 
f 1295/1295/1295 1298/1298/1298 1298/1298/1298 
f 1298/1298/1298 1296/1296/1296 1298/1298/1298 
f 1298/1298/1298 1296/1296/1296 1296/1296/1296 
f 1296/1296/1296 1299/1299/1299 1296/1296/1296 
f 1296/1296/1296 1299/1299/1299 1297/1297/1297 
f 1299/1299/1299 1300/1300/1300 1297/1297/1297 
f 1297/1297/1297 1300/1300/1300 1298/1298/1298 
f 1300/1300/1300 1301/1301/1301 1298/1298/1298 
f 1298/1298/1298 1301/1301/1301 1301/1301/1301 
f 1301/1301/1301 1299/1299/1299 1301/1301/1301 
f 1301/1301/1301 1299/1299/1299 1299/1299/1299 
f 1299/1299/1299 1302/1302/1302 1299/1299/1299 
f 1299/1299/1299 1302/1302/1302 1300/1300/1300 
f 1302/1302/1302 1303/1303/1303 1300/1300/1300 
f 1300/1300/1300 1303/1303/1303 1301/1301/1301 
f 1303/1303/1303 1304/1304/1304 1301/1301/1301 
f 1301/1301/1301 1304/1304/1304 1304/1304/1304 
f 1304/1304/1304 1302/1302/1302 1304/1304/1304 
f 1304/1304/1304 1302/1302/1302 1302/1302/1302 
f 1302/1302/1302 1305/1305/1305 1302/1302/1302 
f 1302/1302/1302 1305/1305/1305 1303/1303/1303 
f 1305/1305/1305 1306/1306/1306 1303/1303/1303 
f 1303/1303/1303 1306/1306/1306 1304/1304/1304 
f 1306/1306/1306 1307/1307/1307 1304/1304/1304 
f 1304/1304/1304 1307/1307/1307 1307/1307/1307 
f 1307/1307/1307 1305/1305/1305 1307/1307/1307 
f 1307/1307/1307 1305/1305/1305 1305/1305/1305 
f 1305/1305/1305 1308/1308/1308 1305/1305/1305 
f 1305/1305/1305 1308/1308/1308 1306/1306/1306 
f 1308/1308/1308 1309/1309/1309 1306/1306/1306 
f 1306/1306/1306 1309/1309/1309 1307/1307/1307 
f 1309/1309/1309 1310/1310/1310 1307/1307/1307 
f 1307/1307/1307 1310/1310/1310 1310/1310/1310 
f 1310/1310/1310 1308/1308/1308 1310/1310/1310 
f 1310/1310/1310 1308/1308/1308 1308/1308/1308 
f 1308/1308/1308 1311/1311/1311 1308/1308/1308 
f 1308/1308/1308 1311/1311/1311 1309/1309/1309 
f 1311/1311/1311 1312/1312/1312 1309/1309/1309 
f 1309/1309/1309 1312/1312/1312 1310/1310/1310 
f 1312/1312/1312 1313/1313/1313 1310/1310/1310 
f 1310/1310/1310 1313/1313/1313 1313/1313/1313 
f 1313/1313/1313 1311/1311/1311 1313/1313/1313 
f 1313/1313/1313 1311/1311/1311 1311/1311/1311 
f 1311/1311/1311 1314/1314/1314 1311/1311/1311 
f 1311/1311/1311 1314/1314/1314 1312/1312/1312 
f 1314/1314/1314 1315/1315/1315 1312/1312/1312 
f 1312/1312/1312 1315/1315/1315 1313/1313/1313 
f 1315/1315/1315 1316/1316/1316 1313/1313/1313 
f 1313/1313/1313 1316/1316/1316 1316/1316/1316 
f 1316/1316/1316 1314/1314/1314 1316/1316/1316 
f 1316/1316/1316 1314/1314/1314 1314/1314/1314 
f 1314/1314/1314 1317/1317/1317 1314/1314/1314 
f 1314/1314/1314 1317/1317/1317 1315/1315/1315 
f 1317/1317/1317 1318/1318/1318 1315/1315/1315 
f 1315/1315/1315 1318/1318/1318 1316/1316/1316 
f 1318/1318/1318 1319/1319/1319 1316/1316/1316 
f 1316/1316/1316 1319/1319/1319 1319/1319/1319 
f 1319/1319/1319 1317/1317/1317 1319/1319/1319 
f 1319/1319/1319 1317/1317/1317 1317/1317/1317 
f 1317/1317/1317 1320/1320/1320 1317/1317/1317 
f 1317/1317/1317 1320/1320/1320 1318/1318/1318 
f 1320/1320/1320 1321/1321/1321 1318/1318/1318 
f 1318/1318/1318 1321/1321/1321 1319/1319/1319 
f 1321/1321/1321 1322/1322/1322 1319/1319/1319 
f 1319/1319/1319 1322/1322/1322 1322/1322/1322 
f 1322/1322/1322 1320/1320/1320 1322/1322/1322 
f 1322/1322/1322 1320/1320/1320 1320/1320/1320 
f 1320/1320/1320 1262/1262/1262 1320/1320/1320 
f 1320/1320/1320 1262/1262/1262 1321/1321/1321 
f 1262/1262/1262 1264/1264/1264 1321/1321/1321 
f 1321/1321/1321 1264/1264/1264 1322/1322/1322 
f 1264/1264/1264 1266/1266/1266 1322/1322/1322 
f 1322/1322/1322 1266/1266/1266 1266/1266/1266 
f 1266/1266/1266 1323/1323/1323 1266/1266/1266 
f 1266/1266/1266 1323/1323/1323 1323/1323/1323 
f 1323/1323/1323 1324/1324/1324 1323/1323/1323 
f 1323/1323/1323 1324/1324/1324 1325/1325/1325 
f 1324/1324/1324 1326/1326/1326 1325/1325/1325 
f 1325/1325/1325 1326/1326/1326 1326/1326/1326 
f 1326/1326/1326 1324/1324/1324 1326/1326/1326 
f 1326/1326/1326 1324/1324/1324 1327/1327/1327 
f 1324/1324/1324 1328/1328/1328 1327/1327/1327 
f 1327/1327/1327 1328/1328/1328 1328/1328/1328 
f 1328/1328/1328 1329/1329/1329 1328/1328/1328 
f 1328/1328/1328 1329/1329/1329 1329/1329/1329 
f 1329/1329/1329 1330/1330/1330 1329/1329/1329 
f 1329/1329/1329 1330/1330/1330 1331/1331/1331 
f 1330/1330/1330 1332/1332/1332 1331/1331/1331 
f 1331/1331/1331 1332/1332/1332 1333/1333/1333 
f 1332/1332/1332 1333/1333/1333 1333/1333/1333 
f 1333/1333/1333 1333/1333/1333 1334/1334/1334 
f 1333/1333/1333 1334/1334/1334 1334/1334/1334 
f 1334/1334/1334 1334/1334/1334 1334/1334/1334 
f 1334/1334/1334 1335/1335/1335 1334/1334/1334 
f 1334/1334/1334 1335/1335/1335 1336/1336/1336 
f 1335/1335/1335 1337/1337/1337 1336/1336/1336 
f 1336/1336/1336 1337/1337/1337 1337/1337/1337 
f 1337/1337/1337 1338/1338/1338 1337/1337/1337 
f 1337/1337/1337 1338/1338/1338 1338/1338/1338 
f 1338/1338/1338 1339/1339/1339 1338/1338/1338 
f 1338/1338/1338 1339/1339/1339 1340/1340/1340 
f 1339/1339/1339 1341/1341/1341 1340/1340/1340 
f 1340/1340/1340 1341/1341/1341 1341/1341/1341 
f 1341/1341/1341 1342/1342/1342 1341/1341/1341 
f 1341/1341/1341 1342/1342/1342 1342/1342/1342 
f 1342/1342/1342 1343/1343/1343 1342/1342/1342 
f 1342/1342/1342 1343/1343/1343 1344/1344/1344 
f 1343/1343/1343 1345/1345/1345 1344/1344/1344 
f 1344/1344/1344 1345/1345/1345 1346/1346/1346 
f 1345/1345/1345 1347/1347/1347 1346/1346/1346 
f 1346/1346/1346 1347/1347/1347 1347/1347/1347 
f 1347/1347/1347 1343/1343/1343 1347/1347/1347 
f 1347/1347/1347 1343/1343/1343 1343/1343/1343 
f 1343/1343/1343 1348/1348/1348 1343/1343/1343 
f 1343/1343/1343 1348/1348/1348 1345/1345/1345 
f 1348/1348/1348 1349/1349/1349 1345/1345/1345 
f 1345/1345/1345 1349/1349/1349 1347/1347/1347 
f 1349/1349/1349 1350/1350/1350 1347/1347/1347 
f 1347/1347/1347 1350/1350/1350 1350/1350/1350 
f 1350/1350/1350 1346/1346/1346 1350/1350/1350 
f 1350/1350/1350 1346/1346/1346 1346/1346/1346 
f 1346/1346/1346 1351/1351/1351 1346/1346/1346 
f 1346/1346/1346 1351/1351/1351 1344/1344/1344 
f 1351/1351/1351 1352/1352/1352 1344/1344/1344 
f 1344/1344/1344 1352/1352/1352 1352/1352/1352 
f 1352/1352/1352 1353/1353/1353 1352/1352/1352 
f 1352/1352/1352 1353/1353/1353 1353/1353/1353 
f 1353/1353/1353 1354/1354/1354 1353/1353/1353 
f 1353/1353/1353 1354/1354/1354 1355/1355/1355 
f 1354/1354/1354 1356/1356/1356 1355/1355/1355 
f 1355/1355/1355 1356/1356/1356 1356/1356/1356 
f 1356/1356/1356 1357/1357/1357 1356/1356/1356 
f 1356/1356/1356 1357/1357/1357 1357/1357/1357 
f 1357/1357/1357 1358/1358/1358 1357/1357/1357 
f 1357/1357/1357 1358/1358/1358 1359/1359/1359 
f 1358/1358/1358 1360/1360/1360 1359/1359/1359 
f 1359/1359/1359 1360/1360/1360 1360/1360/1360 
f 1360/1360/1360 1361/1361/1361 1360/1360/1360 
f 1360/1360/1360 1361/1361/1361 1361/1361/1361 
f 1361/1361/1361 1362/1362/1362 1361/1361/1361 
f 1361/1361/1361 1362/1362/1362 1363/1363/1363 
f 1362/1362/1362 1364/1364/1364 1363/1363/1363 
f 1363/1363/1363 1364/1364/1364 1364/1364/1364 
f 1364/1364/1364 1362/1362/1362 1364/1364/1364 
f 1364/1364/1364 1362/1362/1362 1365/1365/1365 
f 1362/1362/1362 1366/1366/1366 1365/1365/1365 
f 1365/1365/1365 1366/1366/1366 1367/1367/1367 
f 1366/1366/1366 1368/1368/1368 1367/1367/1367 
f 1367/1367/1367 1368/1368/1368 1368/1368/1368 
f 1368/1368/1368 1369/1369/1369 1368/1368/1368 
f 1368/1368/1368 1369/1369/1369 1369/1369/1369 
f 1369/1369/1369 1370/1370/1370 1369/1369/1369 
f 1369/1369/1369 1370/1370/1370 1371/1371/1371 
f 1370/1370/1370 1372/1372/1372 1371/1371/1371 
f 1371/1371/1371 1372/1372/1372 1372/1372/1372 
f 1372/1372/1372 1373/1373/1373 1372/1372/1372 
f 1372/1372/1372 1373/1373/1373 1373/1373/1373 
f 1373/1373/1373 1374/1374/1374 1373/1373/1373 
f 1373/1373/1373 1374/1374/1374 1375/1375/1375 
f 1374/1374/1374 1376/1376/1376 1375/1375/1375 
f 1375/1375/1375 1376/1376/1376 1377/1377/1377 
f 1376/1376/1376 1377/1377/1377 1377/1377/1377 
f 1377/1377/1377 1377/1377/1377 1375/1375/1375 
f 1377/1377/1377 1375/1375/1375 1375/1375/1375 
f 1375/1375/1375 1375/1375/1375 1375/1375/1375 
f 1375/1375/1375 1377/1377/1377 1375/1375/1375 
f 1375/1375/1375 1377/1377/1377 1378/1378/1378 
f 1377/1377/1377 1379/1379/1379 1378/1378/1378 
f 1378/1378/1378 1379/1379/1379 1380/1380/1380 
f 1379/1379/1379 1381/1381/1381 1380/1380/1380 
f 1380/1380/1380 1381/1381/1381 1381/1381/1381 
f 1381/1381/1381 1382/1382/1382 1381/1381/1381 
f 1381/1381/1381 1382/1382/1382 1382/1382/1382 
f 1382/1382/1382 1383/1383/1383 1382/1382/1382 
f 1382/1382/1382 1383/1383/1383 1384/1384/1384 
f 1383/1383/1383 1385/1385/1385 1384/1384/1384 
f 1384/1384/1384 1385/1385/1385 1386/1386/1386 
f 1385/1385/1385 1387/1387/1387 1386/1386/1386 
f 1386/1386/1386 1387/1387/1387 1387/1387/1387 
f 1387/1387/1387 1388/1388/1388 1387/1387/1387 
f 1387/1387/1387 1388/1388/1388 1388/1388/1388 
f 1388/1388/1388 1389/1389/1389 1388/1388/1388 
f 1388/1388/1388 1389/1389/1389 1390/1390/1390 
f 1389/1389/1389 1391/1391/1391 1390/1390/1390 
f 1390/1390/1390 1391/1391/1391 1391/1391/1391 
f 1391/1391/1391 1392/1392/1392 1391/1391/1391 
f 1391/1391/1391 1392/1392/1392 1392/1392/1392 
f 1392/1392/1392 1393/1393/1393 1392/1392/1392 
f 1392/1392/1392 1393/1393/1393 1394/1394/1394 
f 1393/1393/1393 1395/1395/1395 1394/1394/1394 
f 1394/1394/1394 1395/1395/1395 1396/1396/1396 
f 1395/1395/1395 1397/1397/1397 1396/1396/1396 
f 1396/1396/1396 1397/1397/1397 1398/1398/1398 
f 1397/1397/1397 1399/1399/1399 1398/1398/1398 
f 1398/1398/1398 1399/1399/1399 1400/1400/1400 
f 1399/1399/1399 1401/1401/1401 1400/1400/1400 
f 1400/1400/1400 1401/1401/1401 1402/1402/1402 
f 1401/1401/1401 1403/1403/1403 1402/1402/1402 
f 1402/1402/1402 1403/1403/1403 1404/1404/1404 
f 1403/1403/1403 1405/1405/1405 1404/1404/1404 
f 1404/1404/1404 1405/1405/1405 1406/1406/1406 
f 1405/1405/1405 1407/1407/1407 1406/1406/1406 
f 1406/1406/1406 1407/1407/1407 1408/1408/1408 
f 1407/1407/1407 1409/1409/1409 1408/1408/1408 
f 1408/1408/1408 1409/1409/1409 1410/1410/1410 
f 1409/1409/1409 1411/1411/1411 1410/1410/1410 
f 1410/1410/1410 1411/1411/1411 1412/1412/1412 
f 1411/1411/1411 1413/1413/1413 1412/1412/1412 
f 1412/1412/1412 1413/1413/1413 1414/1414/1414 
f 1413/1413/1413 1415/1415/1415 1414/1414/1414 
f 1414/1414/1414 1415/1415/1415 1416/1416/1416 
f 1415/1415/1415 1417/1417/1417 1416/1416/1416 
f 1416/1416/1416 1417/1417/1417 1418/1418/1418 
f 1417/1417/1417 1419/1419/1419 1418/1418/1418 
f 1418/1418/1418 1419/1419/1419 1420/1420/1420 
f 1419/1419/1419 1421/1421/1421 1420/1420/1420 
f 1420/1420/1420 1421/1421/1421 1422/1422/1422 
f 1421/1421/1421 1423/1423/1423 1422/1422/1422 
f 1422/1422/1422 1423/1423/1423 1424/1424/1424 
f 1423/1423/1423 1425/1425/1425 1424/1424/1424 
f 1424/1424/1424 1425/1425/1425 1426/1426/1426 
f 1425/1425/1425 1427/1427/1427 1426/1426/1426 
f 1426/1426/1426 1427/1427/1427 1428/1428/1428 
f 1427/1427/1427 1429/1429/1429 1428/1428/1428 
f 1428/1428/1428 1429/1429/1429 1430/1430/1430 
f 1429/1429/1429 1431/1431/1431 1430/1430/1430 
f 1430/1430/1430 1431/1431/1431 1432/1432/1432 
f 1431/1431/1431 1433/1433/1433 1432/1432/1432 
f 1432/1432/1432 1433/1433/1433 1433/1433/1433 
f 1433/1433/1433 1393/1393/1393 1433/1433/1433 
f 1433/1433/1433 1393/1393/1393 1393/1393/1393 
f 1393/1393/1393 1434/1434/1434 1393/1393/1393 
f 1393/1393/1393 1434/1434/1434 1395/1395/1395 
f 1434/1434/1434 1435/1435/1435 1395/1395/1395 
f 1395/1395/1395 1435/1435/1435 1397/1397/1397 
f 1435/1435/1435 1436/1436/1436 1397/1397/1397 
f 1397/1397/1397 1436/1436/1436 1399/1399/1399 
f 1436/1436/1436 1437/1437/1437 1399/1399/1399 
f 1399/1399/1399 1437/1437/1437 1401/1401/1401 
f 1437/1437/1437 1438/1438/1438 1401/1401/1401 
f 1401/1401/1401 1438/1438/1438 1403/1403/1403 
f 1438/1438/1438 1439/1439/1439 1403/1403/1403 
f 1403/1403/1403 1439/1439/1439 1405/1405/1405 
f 1439/1439/1439 1440/1440/1440 1405/1405/1405 
f 1405/1405/1405 1440/1440/1440 1407/1407/1407 
f 1440/1440/1440 1441/1441/1441 1407/1407/1407 
f 1407/1407/1407 1441/1441/1441 1409/1409/1409 
f 1441/1441/1441 1442/1442/1442 1409/1409/1409 
f 1409/1409/1409 1442/1442/1442 1411/1411/1411 
f 1442/1442/1442 1443/1443/1443 1411/1411/1411 
f 1411/1411/1411 1443/1443/1443 1413/1413/1413 
f 1443/1443/1443 1444/1444/1444 1413/1413/1413 
f 1413/1413/1413 1444/1444/1444 1415/1415/1415 
f 1444/1444/1444 1445/1445/1445 1415/1415/1415 
f 1415/1415/1415 1445/1445/1445 1417/1417/1417 
f 1445/1445/1445 1446/1446/1446 1417/1417/1417 
f 1417/1417/1417 1446/1446/1446 1419/1419/1419 
f 1446/1446/1446 1447/1447/1447 1419/1419/1419 
f 1419/1419/1419 1447/1447/1447 1421/1421/1421 
f 1447/1447/1447 1448/1448/1448 1421/1421/1421 
f 1421/1421/1421 1448/1448/1448 1423/1423/1423 
f 1448/1448/1448 1449/1449/1449 1423/1423/1423 
f 1423/1423/1423 1449/1449/1449 1425/1425/1425 
f 1449/1449/1449 1450/1450/1450 1425/1425/1425 
f 1425/1425/1425 1450/1450/1450 1427/1427/1427 
f 1450/1450/1450 1451/1451/1451 1427/1427/1427 
f 1427/1427/1427 1451/1451/1451 1429/1429/1429 
f 1451/1451/1451 1452/1452/1452 1429/1429/1429 
f 1429/1429/1429 1452/1452/1452 1431/1431/1431 
f 1452/1452/1452 1453/1453/1453 1431/1431/1431 
f 1431/1431/1431 1453/1453/1453 1433/1433/1433 
f 1453/1453/1453 1433/1433/1433 1433/1433/1433 
f 1433/1433/1433 1433/1433/1433 1454/1454/1454 
f 1433/1433/1433 1454/1454/1454 1454/1454/1454 
f 1454/1454/1454 1454/1454/1454 1454/1454/1454 
f 1454/1454/1454 1455/1455/1455 1454/1454/1454 
f 1454/1454/1454 1455/1455/1455 1456/1456/1456 
f 1455/1455/1455 1457/1457/1457 1456/1456/1456 
f 1456/1456/1456 1457/1457/1457 1458/1458/1458 
f 1457/1457/1457 1458/1458/1458 1458/1458/1458 
f 1458/1458/1458 1458/1458/1458 1458/1458/1458 
f 1458/1458/1458 1459/1459/1459 1458/1458/1458 
f 1458/1458/1458 1459/1459/1459 1456/1456/1456 
f 1459/1459/1459 1460/1460/1460 1456/1456/1456 
f 1456/1456/1456 1460/1460/1460 1461/1461/1461 
f 1460/1460/1460 1461/1461/1461 1461/1461/1461 
f 1461/1461/1461 1461/1461/1461 1461/1461/1461 
f 1461/1461/1461 1462/1462/1462 1461/1461/1461 
f 1461/1461/1461 1462/1462/1462 1456/1456/1456 
f 1462/1462/1462 1463/1463/1463 1456/1456/1456 
f 1456/1456/1456 1463/1463/1463 1464/1464/1464 
f 1463/1463/1463 1464/1464/1464 1464/1464/1464 
f 1464/1464/1464 1464/1464/1464 1464/1464/1464 
f 1464/1464/1464 1465/1465/1465 1464/1464/1464 
f 1464/1464/1464 1465/1465/1465 1456/1456/1456 
f 1465/1465/1465 1466/1466/1466 1456/1456/1456 
f 1456/1456/1456 1466/1466/1466 1467/1467/1467 
f 1466/1466/1466 1467/1467/1467 1467/1467/1467 
f 1467/1467/1467 1467/1467/1467 1467/1467/1467 
f 1467/1467/1467 1468/1468/1468 1467/1467/1467 
f 1467/1467/1467 1468/1468/1468 1456/1456/1456 
f 1468/1468/1468 1454/1454/1454 1456/1456/1456 
f 1456/1456/1456 1454/1454/1454 1454/1454/1454 
f 1454/1454/1454 1469/1469/1469 1454/1454/1454 
f 1454/1454/1454 1469/1469/1469 1469/1469/1469 
f 1469/1469/1469 1470/1470/1470 1469/1469/1469 
f 1469/1469/1469 1470/1470/1470 1471/1471/1471 
f 1470/1470/1470 1472/1472/1472 1471/1471/1471 
f 1471/1471/1471 1472/1472/1472 1473/1473/1473 
f 1472/1472/1472 1474/1474/1474 1473/1473/1473 
f 1473/1473/1473 1474/1474/1474 1475/1475/1475 
f 1474/1474/1474 1476/1476/1476 1475/1475/1475 
f 1475/1475/1475 1476/1476/1476 1477/1477/1477 
f 1476/1476/1476 1478/1478/1478 1477/1477/1477 
f 1477/1477/1477 1478/1478/1478 1479/1479/1479 
f 1478/1478/1478 1480/1480/1480 1479/1479/1479 
f 1479/1479/1479 1480/1480/1480 1481/1481/1481 
f 1480/1480/1480 1482/1482/1482 1481/1481/1481 
f 1481/1481/1481 1482/1482/1482 1483/1483/1483 
f 1482/1482/1482 1484/1484/1484 1483/1483/1483 
f 1483/1483/1483 1484/1484/1484 1485/1485/1485 
f 1484/1484/1484 1486/1486/1486 1485/1485/1485 
f 1485/1485/1485 1486/1486/1486 1487/1487/1487 
f 1486/1486/1486 1488/1488/1488 1487/1487/1487 
f 1487/1487/1487 1488/1488/1488 1489/1489/1489 
f 1488/1488/1488 1490/1490/1490 1489/1489/1489 
f 1489/1489/1489 1490/1490/1490 1491/1491/1491 
f 1490/1490/1490 1492/1492/1492 1491/1491/1491 
f 1491/1491/1491 1492/1492/1492 1493/1493/1493 
f 1492/1492/1492 1494/1494/1494 1493/1493/1493 
f 1493/1493/1493 1494/1494/1494 1495/1495/1495 
f 1494/1494/1494 1496/1496/1496 1495/1495/1495 
f 1495/1495/1495 1496/1496/1496 1497/1497/1497 
f 1496/1496/1496 1498/1498/1498 1497/1497/1497 
f 1497/1497/1497 1498/1498/1498 1499/1499/1499 
f 1498/1498/1498 1500/1500/1500 1499/1499/1499 
f 1499/1499/1499 1500/1500/1500 1501/1501/1501 
f 1500/1500/1500 1502/1502/1502 1501/1501/1501 
f 1501/1501/1501 1502/1502/1502 1503/1503/1503 
f 1502/1502/1502 1504/1504/1504 1503/1503/1503 
f 1503/1503/1503 1504/1504/1504 1505/1505/1505 
f 1504/1504/1504 1506/1506/1506 1505/1505/1505 
f 1505/1505/1505 1506/1506/1506 1507/1507/1507 
f 1506/1506/1506 1508/1508/1508 1507/1507/1507 
f 1507/1507/1507 1508/1508/1508 1469/1469/1469 
f 1508/1508/1508 1470/1470/1470 1469/1469/1469 
f 1469/1469/1469 1470/1470/1470 1470/1470/1470 
f 1470/1470/1470 1509/1509/1509 1470/1470/1470 
f 1470/1470/1470 1509/1509/1509 1509/1509/1509 
f 1509/1509/1509 1510/1510/1510 1509/1509/1509 
f 1509/1509/1509 1510/1510/1510 1511/1511/1511 
f 1510/1510/1510 1512/1512/1512 1511/1511/1511 
f 1511/1511/1511 1512/1512/1512 1513/1513/1513 
f 1512/1512/1512 1513/1513/1513 1513/1513/1513 
f 1513/1513/1513 1513/1513/1513 1513/1513/1513 
f 1513/1513/1513 1514/1514/1514 1513/1513/1513 
f 1513/1513/1513 1514/1514/1514 1511/1511/1511 
f 1514/1514/1514 1515/1515/1515 1511/1511/1511 
f 1511/1511/1511 1515/1515/1515 1516/1516/1516 
f 1515/1515/1515 1516/1516/1516 1516/1516/1516 
f 1516/1516/1516 1516/1516/1516 1516/1516/1516 
f 1516/1516/1516 1517/1517/1517 1516/1516/1516 
f 1516/1516/1516 1517/1517/1517 1511/1511/1511 
f 1517/1517/1517 1518/1518/1518 1511/1511/1511 
f 1511/1511/1511 1518/1518/1518 1519/1519/1519 
f 1518/1518/1518 1519/1519/1519 1519/1519/1519 
f 1519/1519/1519 1519/1519/1519 1519/1519/1519 
f 1519/1519/1519 1520/1520/1520 1519/1519/1519 
f 1519/1519/1519 1520/1520/1520 1511/1511/1511 
f 1520/1520/1520 1521/1521/1521 1511/1511/1511 
f 1511/1511/1511 1521/1521/1521 1522/1522/1522 
f 1521/1521/1521 1522/1522/1522 1522/1522/1522 
f 1522/1522/1522 1522/1522/1522 1522/1522/1522 
f 1522/1522/1522 1523/1523/1523 1522/1522/1522 
f 1522/1522/1522 1523/1523/1523 1511/1511/1511 
f 1523/1523/1523 1524/1524/1524 1511/1511/1511 
f 1511/1511/1511 1524/1524/1524 1525/1525/1525 
f 1524/1524/1524 1525/1525/1525 1525/1525/1525 
f 1525/1525/1525 1525/1525/1525 1525/1525/1525 
f 1525/1525/1525 1526/1526/1526 1525/1525/1525 
f 1525/1525/1525 1526/1526/1526 1511/1511/1511 
f 1526/1526/1526 1527/1527/1527 1511/1511/1511 
f 1511/1511/1511 1527/1527/1527 1528/1528/1528 
f 1527/1527/1527 1528/1528/1528 1528/1528/1528 
f 1528/1528/1528 1528/1528/1528 1528/1528/1528 
f 1528/1528/1528 1529/1529/1529 1528/1528/1528 
f 1528/1528/1528 1529/1529/1529 1511/1511/1511 
f 1529/1529/1529 1509/1509/1509 1511/1511/1511 
f 1511/1511/1511 1509/1509/1509 1509/1509/1509 
f 1509/1509/1509 1530/1530/1530 1509/1509/1509 
f 1509/1509/1509 1530/1530/1530 1530/1530/1530 
f 1530/1530/1530 1531/1531/1531 1530/1530/1530 
f 1530/1530/1530 1531/1531/1531 1532/1532/1532 
f 1531/1531/1531 1533/1533/1533 1532/1532/1532 
f 1532/1532/1532 1533/1533/1533 1534/1534/1534 
f 1533/1533/1533 1535/1535/1535 1534/1534/1534 
f 1534/1534/1534 1535/1535/1535 1536/1536/1536 
f 1535/1535/1535 1537/1537/1537 1536/1536/1536 
f 1536/1536/1536 1537/1537/1537 1538/1538/1538 
f 1537/1537/1537 1539/1539/1539 1538/1538/1538 
f 1538/1538/1538 1539/1539/1539 1540/1540/1540 
f 1539/1539/1539 1541/1541/1541 1540/1540/1540 
f 1540/1540/1540 1541/1541/1541 1542/1542/1542 
f 1541/1541/1541 1543/1543/1543 1542/1542/1542 
f 1542/1542/1542 1543/1543/1543 1544/1544/1544 
f 1543/1543/1543 1545/1545/1545 1544/1544/1544 
f 1544/1544/1544 1545/1545/1545 1546/1546/1546 
f 1545/1545/1545 1547/1547/1547 1546/1546/1546 
f 1546/1546/1546 1547/1547/1547 1548/1548/1548 
f 1547/1547/1547 1549/1549/1549 1548/1548/1548 
f 1548/1548/1548 1549/1549/1549 1550/1550/1550 
f 1549/1549/1549 1551/1551/1551 1550/1550/1550 
f 1550/1550/1550 1551/1551/1551 1552/1552/1552 
f 1551/1551/1551 1553/1553/1553 1552/1552/1552 
f 1552/1552/1552 1553/1553/1553 1554/1554/1554 
f 1553/1553/1553 1555/1555/1555 1554/1554/1554 
f 1554/1554/1554 1555/1555/1555 1556/1556/1556 
f 1555/1555/1555 1557/1557/1557 1556/1556/1556 
f 1556/1556/1556 1557/1557/1557 1558/1558/1558 
f 1557/1557/1557 1559/1559/1559 1558/1558/1558 
f 1558/1558/1558 1559/1559/1559 1560/1560/1560 
f 1559/1559/1559 1561/1561/1561 1560/1560/1560 
f 1560/1560/1560 1561/1561/1561 1562/1562/1562 
f 1561/1561/1561 1563/1563/1563 1562/1562/1562 
f 1562/1562/1562 1563/1563/1563 1564/1564/1564 
f 1563/1563/1563 1565/1565/1565 1564/1564/1564 
f 1564/1564/1564 1565/1565/1565 1566/1566/1566 
f 1565/1565/1565 1567/1567/1567 1566/1566/1566 
f 1566/1566/1566 1567/1567/1567 1568/1568/1568 
f 1567/1567/1567 1569/1569/1569 1568/1568/1568 
f 1568/1568/1568 1569/1569/1569 1530/1530/1530 
f 1569/1569/1569 1531/1531/1531 1530/1530/1530 
f 1530/1530/1530 1531/1531/1531 1531/1531/1531 
f 1531/1531/1531 1570/1570/1570 1531/1531/1531 
f 1531/1531/1531 1570/1570/1570 1570/1570/1570 
f 1570/1570/1570 1571/1571/1571 1570/1570/1570 
f 1570/1570/1570 1571/1571/1571 1572/1572/1572 
f 1571/1571/1571 1573/1573/1573 1572/1572/1572 
f 1572/1572/1572 1573/1573/1573 1574/1574/1574 
f 1573/1573/1573 1575/1575/1575 1574/1574/1574 
f 1574/1574/1574 1575/1575/1575 1576/1576/1576 
f 1575/1575/1575 1577/1577/1577 1576/1576/1576 
f 1576/1576/1576 1577/1577/1577 1578/1578/1578 
f 1577/1577/1577 1579/1579/1579 1578/1578/1578 
f 1578/1578/1578 1579/1579/1579 1580/1580/1580 
f 1579/1579/1579 1581/1581/1581 1580/1580/1580 
f 1580/1580/1580 1581/1581/1581 1582/1582/1582 
f 1581/1581/1581 1583/1583/1583 1582/1582/1582 
f 1582/1582/1582 1583/1583/1583 1584/1584/1584 
f 1583/1583/1583 1585/1585/1585 1584/1584/1584 
f 1584/1584/1584 1585/1585/1585 1586/1586/1586 
f 1585/1585/1585 1587/1587/1587 1586/1586/1586 
f 1586/1586/1586 1587/1587/1587 1588/1588/1588 
f 1587/1587/1587 1589/1589/1589 1588/1588/1588 
f 1588/1588/1588 1589/1589/1589 1590/1590/1590 
f 1589/1589/1589 1591/1591/1591 1590/1590/1590 
f 1590/1590/1590 1591/1591/1591 1592/1592/1592 
f 1591/1591/1591 1593/1593/1593 1592/1592/1592 
f 1592/1592/1592 1593/1593/1593 1594/1594/1594 
f 1593/1593/1593 1595/1595/1595 1594/1594/1594 
f 1594/1594/1594 1595/1595/1595 1596/1596/1596 
f 1595/1595/1595 1597/1597/1597 1596/1596/1596 
f 1596/1596/1596 1597/1597/1597 1598/1598/1598 
f 1597/1597/1597 1599/1599/1599 1598/1598/1598 
f 1598/1598/1598 1599/1599/1599 1600/1600/1600 
f 1599/1599/1599 1601/1601/1601 1600/1600/1600 
f 1600/1600/1600 1601/1601/1601 1602/1602/1602 
f 1601/1601/1601 1603/1603/1603 1602/1602/1602 
f 1602/1602/1602 1603/1603/1603 1604/1604/1604 
f 1603/1603/1603 1605/1605/1605 1604/1604/1604 
f 1604/1604/1604 1605/1605/1605 1606/1606/1606 
f 1605/1605/1605 1607/1607/1607 1606/1606/1606 
f 1606/1606/1606 1607/1607/1607 1608/1608/1608 
f 1607/1607/1607 1609/1609/1609 1608/1608/1608 
f 1608/1608/1608 1609/1609/1609 1570/1570/1570 
f 1609/1609/1609 1571/1571/1571 1570/1570/1570 
f 1570/1570/1570 1571/1571/1571 1571/1571/1571 
f 1571/1571/1571 1610/1610/1610 1571/1571/1571 
f 1571/1571/1571 1610/1610/1610 1610/1610/1610 
f 1610/1610/1610 1611/1611/1611 1610/1610/1610 
f 1610/1610/1610 1611/1611/1611 1612/1612/1612 
f 1611/1611/1611 1613/1613/1613 1612/1612/1612 
f 1612/1612/1612 1613/1613/1613 1614/1614/1614 
f 1613/1613/1613 1614/1614/1614 1614/1614/1614 
f 1614/1614/1614 1614/1614/1614 1614/1614/1614 
f 1614/1614/1614 1615/1615/1615 1614/1614/1614 
f 1614/1614/1614 1615/1615/1615 1612/1612/1612 
f 1615/1615/1615 1616/1616/1616 1612/1612/1612 
f 1612/1612/1612 1616/1616/1616 1617/1617/1617 
f 1616/1616/1616 1617/1617/1617 1617/1617/1617 
f 1617/1617/1617 1617/1617/1617 1617/1617/1617 
f 1617/1617/1617 1618/1618/1618 1617/1617/1617 
f 1617/1617/1617 1618/1618/1618 1612/1612/1612 
f 1618/1618/1618 1619/1619/1619 1612/1612/1612 
f 1612/1612/1612 1619/1619/1619 1620/1620/1620 
f 1619/1619/1619 1620/1620/1620 1620/1620/1620 
f 1620/1620/1620 1620/1620/1620 1620/1620/1620 
f 1620/1620/1620 1621/1621/1621 1620/1620/1620 
f 1620/1620/1620 1621/1621/1621 1612/1612/1612 
f 1621/1621/1621 1622/1622/1622 1612/1612/1612 
f 1612/1612/1612 1622/1622/1622 1623/1623/1623 
f 1622/1622/1622 1623/1623/1623 1623/1623/1623 
f 1623/1623/1623 1623/1623/1623 1623/1623/1623 
f 1623/1623/1623 1624/1624/1624 1623/1623/1623 
f 1623/1623/1623 1624/1624/1624 1612/1612/1612 
f 1624/1624/1624 1625/1625/1625 1612/1612/1612 
f 1612/1612/1612 1625/1625/1625 1626/1626/1626 
f 1625/1625/1625 1626/1626/1626 1626/1626/1626 
f 1626/1626/1626 1626/1626/1626 1626/1626/1626 
f 1626/1626/1626 1627/1627/1627 1626/1626/1626 
f 1626/1626/1626 1627/1627/1627 1612/1612/1612 
f 1627/1627/1627 1628/1628/1628 1612/1612/1612 
f 1612/1612/1612 1628/1628/1628 1629/1629/1629 
f 1628/1628/1628 1629/1629/1629 1629/1629/1629 
f 1629/1629/1629 1629/1629/1629 1629/1629/1629 
f 1629/1629/1629 1630/1630/1630 1629/1629/1629 
f 1629/1629/1629 1630/1630/1630 1612/1612/1612 
f 1630/1630/1630 1610/1610/1610 1612/1612/1612 
f 1612/1612/1612 1610/1610/1610 1610/1610/1610 
f 1610/1610/1610 1631/1631/1631 1610/1610/1610 
f 1610/1610/1610 1631/1631/1631 1631/1631/1631 
f 1631/1631/1631 1632/1632/1632 1631/1631/1631 
f 1631/1631/1631 1632/1632/1632 1633/1633/1633 
f 1632/1632/1632 1634/1634/1634 1633/1633/1633 
f 1633/1633/1633 1634/1634/1634 1635/1635/1635 
f 1634/1634/1634 1635/1635/1635 1635/1635/1635 
f 1635/1635/1635 1635/1635/1635 1635/1635/1635 
f 1635/1635/1635 1636/1636/1636 1635/1635/1635 
f 1635/1635/1635 1636/1636/1636 1633/1633/1633 
f 1636/1636/1636 1637/1637/1637 1633/1633/1633 
f 1633/1633/1633 1637/1637/1637 1638/1638/1638 
f 1637/1637/1637 1638/1638/1638 1638/1638/1638 
f 1638/1638/1638 1638/1638/1638 1638/1638/1638 
f 1638/1638/1638 1639/1639/1639 1638/1638/1638 
f 1638/1638/1638 1639/1639/1639 1633/1633/1633 
f 1639/1639/1639 1640/1640/1640 1633/1633/1633 
f 1633/1633/1633 1640/1640/1640 1641/1641/1641 
f 1640/1640/1640 1641/1641/1641 1641/1641/1641 
f 1641/1641/1641 1641/1641/1641 1641/1641/1641 
f 1641/1641/1641 1642/1642/1642 1641/1641/1641 
f 1641/1641/1641 1642/1642/1642 1633/1633/1633 
f 1642/1642/1642 1643/1643/1643 1633/1633/1633 
f 1633/1633/1633 1643/1643/1643 1644/1644/1644 
f 1643/1643/1643 1644/1644/1644 1644/1644/1644 
f 1644/1644/1644 1644/1644/1644 1644/1644/1644 
f 1644/1644/1644 1645/1645/1645 1644/1644/1644 
f 1644/1644/1644 1645/1645/1645 1633/1633/1633 
f 1645/1645/1645 1631/1631/1631 1633/1633/1633 
f 1633/1633/1633 1631/1631/1631 1631/1631/1631 
f 1631/1631/1631 1646/1646/1646 1631/1631/1631 
f 1631/1631/1631 1646/1646/1646 1646/1646/1646 
f 1646/1646/1646 1647/1647/1647 1646/1646/1646 
f 1646/1646/1646 1647/1647/1647 1648/1648/1648 
f 1647/1647/1647 1649/1649/1649 1648/1648/1648 
f 1648/1648/1648 1649/1649/1649 1650/1650/1650 
f 1649/1649/1649 1651/1651/1651 1650/1650/1650 
f 1650/1650/1650 1651/1651/1651 1652/1652/1652 
f 1651/1651/1651 1653/1653/1653 1652/1652/1652 
f 1652/1652/1652 1653/1653/1653 1654/1654/1654 
f 1653/1653/1653 1655/1655/1655 1654/1654/1654 
f 1654/1654/1654 1655/1655/1655 1656/1656/1656 
f 1655/1655/1655 1657/1657/1657 1656/1656/1656 
f 1656/1656/1656 1657/1657/1657 1658/1658/1658 
f 1657/1657/1657 1659/1659/1659 1658/1658/1658 
f 1658/1658/1658 1659/1659/1659 1660/1660/1660 
f 1659/1659/1659 1661/1661/1661 1660/1660/1660 
f 1660/1660/1660 1661/1661/1661 1662/1662/1662 
f 1661/1661/1661 1663/1663/1663 1662/1662/1662 
f 1662/1662/1662 1663/1663/1663 1664/1664/1664 
f 1663/1663/1663 1665/1665/1665 1664/1664/1664 
f 1664/1664/1664 1665/1665/1665 1666/1666/1666 
f 1665/1665/1665 1667/1667/1667 1666/1666/1666 
f 1666/1666/1666 1667/1667/1667 1668/1668/1668 
f 1667/1667/1667 1669/1669/1669 1668/1668/1668 
f 1668/1668/1668 1669/1669/1669 1670/1670/1670 
f 1669/1669/1669 1671/1671/1671 1670/1670/1670 
f 1670/1670/1670 1671/1671/1671 1672/1672/1672 
f 1671/1671/1671 1673/1673/1673 1672/1672/1672 
f 1672/1672/1672 1673/1673/1673 1674/1674/1674 
f 1673/1673/1673 1675/1675/1675 1674/1674/1674 
f 1674/1674/1674 1675/1675/1675 1676/1676/1676 
f 1675/1675/1675 1677/1677/1677 1676/1676/1676 
f 1676/1676/1676 1677/1677/1677 1678/1678/1678 
f 1677/1677/1677 1679/1679/1679 1678/1678/1678 
f 1678/1678/1678 1679/1679/1679 1680/1680/1680 
f 1679/1679/1679 1681/1681/1681 1680/1680/1680 
f 1680/1680/1680 1681/1681/1681 1682/1682/1682 
f 1681/1681/1681 1683/1683/1683 1682/1682/1682 
f 1682/1682/1682 1683/1683/1683 1684/1684/1684 
f 1683/1683/1683 1685/1685/1685 1684/1684/1684 
f 1684/1684/1684 1685/1685/1685 1646/1646/1646 
f 1685/1685/1685 1647/1647/1647 1646/1646/1646 
f 1646/1646/1646 1647/1647/1647 1647/1647/1647 
f 1647/1647/1647 1686/1686/1686 1647/1647/1647 
f 1647/1647/1647 1686/1686/1686 1686/1686/1686 
f 1686/1686/1686 1687/1687/1687 1686/1686/1686 
f 1686/1686/1686 1687/1687/1687 1688/1688/1688 
f 1687/1687/1687 1689/1689/1689 1688/1688/1688 
f 1688/1688/1688 1689/1689/1689 1690/1690/1690 
f 1689/1689/1689 1691/1691/1691 1690/1690/1690 
f 1690/1690/1690 1691/1691/1691 1692/1692/1692 
f 1691/1691/1691 1693/1693/1693 1692/1692/1692 
f 1692/1692/1692 1693/1693/1693 1694/1694/1694 
f 1693/1693/1693 1695/1695/1695 1694/1694/1694 
f 1694/1694/1694 1695/1695/1695 1696/1696/1696 
f 1695/1695/1695 1697/1697/1697 1696/1696/1696 
f 1696/1696/1696 1697/1697/1697 1698/1698/1698 
f 1697/1697/1697 1699/1699/1699 1698/1698/1698 
f 1698/1698/1698 1699/1699/1699 1700/1700/1700 
f 1699/1699/1699 1701/1701/1701 1700/1700/1700 
f 1700/1700/1700 1701/1701/1701 1702/1702/1702 
f 1701/1701/1701 1703/1703/1703 1702/1702/1702 
f 1702/1702/1702 1703/1703/1703 1704/1704/1704 
f 1703/1703/1703 1705/1705/1705 1704/1704/1704 
f 1704/1704/1704 1705/1705/1705 1706/1706/1706 
f 1705/1705/1705 1707/1707/1707 1706/1706/1706 
f 1706/1706/1706 1707/1707/1707 1708/1708/1708 
f 1707/1707/1707 1709/1709/1709 1708/1708/1708 
f 1708/1708/1708 1709/1709/1709 1710/1710/1710 
f 1709/1709/1709 1711/1711/1711 1710/1710/1710 
f 1710/1710/1710 1711/1711/1711 1712/1712/1712 
f 1711/1711/1711 1713/1713/1713 1712/1712/1712 
f 1712/1712/1712 1713/1713/1713 1714/1714/1714 
f 1713/1713/1713 1715/1715/1715 1714/1714/1714 
f 1714/1714/1714 1715/1715/1715 1716/1716/1716 
f 1715/1715/1715 1717/1717/1717 1716/1716/1716 
f 1716/1716/1716 1717/1717/1717 1718/1718/1718 
f 1717/1717/1717 1719/1719/1719 1718/1718/1718 
f 1718/1718/1718 1719/1719/1719 1720/1720/1720 
f 1719/1719/1719 1721/1721/1721 1720/1720/1720 
f 1720/1720/1720 1721/1721/1721 1722/1722/1722 
f 1721/1721/1721 1723/1723/1723 1722/1722/1722 
f 1722/1722/1722 1723/1723/1723 1724/1724/1724 
f 1723/1723/1723 1725/1725/1725 1724/1724/1724 
f 1724/1724/1724 1725/1725/1725 1686/1686/1686 
f 1725/1725/1725 1687/1687/1687 1686/1686/1686 
f 1686/1686/1686 1687/1687/1687 1687/1687/1687 
f 1687/1687/1687 1726/1726/1726 1687/1687/1687 
f 1687/1687/1687 1726/1726/1726 1726/1726/1726 
f 1726/1726/1726 1727/1727/1727 1726/1726/1726 
f 1726/1726/1726 1727/1727/1727 1728/1728/1728 
f 1727/1727/1727 1729/1729/1729 1728/1728/1728 
f 1728/1728/1728 1729/1729/1729 1730/1730/1730 
f 1729/1729/1729 1731/1731/1731 1730/1730/1730 
f 1730/1730/1730 1731/1731/1731 1732/1732/1732 
f 1731/1731/1731 1733/1733/1733 1732/1732/1732 
f 1732/1732/1732 1733/1733/1733 1734/1734/1734 
f 1733/1733/1733 1735/1735/1735 1734/1734/1734 
f 1734/1734/1734 1735/1735/1735 1736/1736/1736 
f 1735/1735/1735 1737/1737/1737 1736/1736/1736 
f 1736/1736/1736 1737/1737/1737 1738/1738/1738 
f 1737/1737/1737 1739/1739/1739 1738/1738/1738 
f 1738/1738/1738 1739/1739/1739 1740/1740/1740 
f 1739/1739/1739 1741/1741/1741 1740/1740/1740 
f 1740/1740/1740 1741/1741/1741 1742/1742/1742 
f 1741/1741/1741 1743/1743/1743 1742/1742/1742 
f 1742/1742/1742 1743/1743/1743 1744/1744/1744 
f 1743/1743/1743 1745/1745/1745 1744/1744/1744 
f 1744/1744/1744 1745/1745/1745 1746/1746/1746 
f 1745/1745/1745 1747/1747/1747 1746/1746/1746 
f 1746/1746/1746 1747/1747/1747 1748/1748/1748 
f 1747/1747/1747 1749/1749/1749 1748/1748/1748 
f 1748/1748/1748 1749/1749/1749 1750/1750/1750 
f 1749/1749/1749 1751/1751/1751 1750/1750/1750 
f 1750/1750/1750 1751/1751/1751 1752/1752/1752 
f 1751/1751/1751 1753/1753/1753 1752/1752/1752 
f 1752/1752/1752 1753/1753/1753 1754/1754/1754 
f 1753/1753/1753 1755/1755/1755 1754/1754/1754 
f 1754/1754/1754 1755/1755/1755 1756/1756/1756 
f 1755/1755/1755 1757/1757/1757 1756/1756/1756 
f 1756/1756/1756 1757/1757/1757 1758/1758/1758 
f 1757/1757/1757 1759/1759/1759 1758/1758/1758 
f 1758/1758/1758 1759/1759/1759 1760/1760/1760 
f 1759/1759/1759 1761/1761/1761 1760/1760/1760 
f 1760/1760/1760 1761/1761/1761 1762/1762/1762 
f 1761/1761/1761 1763/1763/1763 1762/1762/1762 
f 1762/1762/1762 1763/1763/1763 1764/1764/1764 
f 1763/1763/1763 1765/1765/1765 1764/1764/1764 
f 1764/1764/1764 1765/1765/1765 1726/1726/1726 
f 1765/1765/1765 1727/1727/1727 1726/1726/1726 
f 1726/1726/1726 1727/1727/1727 1727/1727/1727 
f 1727/1727/1727 1766/1766/1766 1727/1727/1727 
f 1727/1727/1727 1766/1766/1766 1766/1766/1766 
f 1766/1766/1766 1767/1767/1767 1766/1766/1766 
f 1766/1766/1766 1767/1767/1767 1768/1768/1768 
f 1767/1767/1767 1769/1769/1769 1768/1768/1768 
f 1768/1768/1768 1769/1769/1769 1770/1770/1770 
f 1769/1769/1769 1770/1770/1770 1770/1770/1770 
f 1770/1770/1770 1770/1770/1770 1770/1770/1770 
f 1770/1770/1770 1771/1771/1771 1770/1770/1770 
f 1770/1770/1770 1771/1771/1771 1768/1768/1768 
f 1771/1771/1771 1772/1772/1772 1768/1768/1768 
f 1768/1768/1768 1772/1772/1772 1773/1773/1773 
f 1772/1772/1772 1773/1773/1773 1773/1773/1773 
f 1773/1773/1773 1773/1773/1773 1773/1773/1773 
f 1773/1773/1773 1774/1774/1774 1773/1773/1773 
f 1773/1773/1773 1774/1774/1774 1768/1768/1768 
f 1774/1774/1774 1775/1775/1775 1768/1768/1768 
f 1768/1768/1768 1775/1775/1775 1776/1776/1776 
f 1775/1775/1775 1776/1776/1776 1776/1776/1776 
f 1776/1776/1776 1776/1776/1776 1776/1776/1776 
f 1776/1776/1776 1777/1777/1777 1776/1776/1776 
f 1776/1776/1776 1777/1777/1777 1768/1768/1768 
f 1777/1777/1777 1778/1778/1778 1768/1768/1768 
f 1768/1768/1768 1778/1778/1778 1779/1779/1779 
f 1778/1778/1778 1779/1779/1779 1779/1779/1779 
f 1779/1779/1779 1779/1779/1779 1779/1779/1779 
f 1779/1779/1779 1780/1780/1780 1779/1779/1779 
f 1779/1779/1779 1780/1780/1780 1768/1768/1768 
f 1780/1780/1780 1781/1781/1781 1768/1768/1768 
f 1768/1768/1768 1781/1781/1781 1782/1782/1782 
f 1781/1781/1781 1782/1782/1782 1782/1782/1782 
f 1782/1782/1782 1782/1782/1782 1782/1782/1782 
f 1782/1782/1782 1783/1783/1783 1782/1782/1782 
f 1782/1782/1782 1783/1783/1783 1768/1768/1768 
f 1783/1783/1783 1784/1784/1784 1768/1768/1768 
f 1768/1768/1768 1784/1784/1784 1785/1785/1785 
f 1784/1784/1784 1785/1785/1785 1785/1785/1785 
f 1785/1785/1785 1785/1785/1785 1785/1785/1785 
f 1785/1785/1785 1786/1786/1786 1785/1785/1785 
f 1785/1785/1785 1786/1786/1786 1768/1768/1768 
f 1786/1786/1786 1766/1766/1766 1768/1768/1768 
f 1768/1768/1768 1766/1766/1766 1766/1766/1766 
f 1766/1766/1766 1787/1787/1787 1766/1766/1766 
f 1766/1766/1766 1787/1787/1787 1787/1787/1787 
f 1787/1787/1787 1788/1788/1788 1787/1787/1787 
f 1787/1787/1787 1788/1788/1788 1789/1789/1789 
f 1788/1788/1788 1790/1790/1790 1789/1789/1789 
f 1789/1789/1789 1790/1790/1790 1791/1791/1791 
f 1790/1790/1790 1791/1791/1791 1791/1791/1791 
f 1791/1791/1791 1791/1791/1791 1791/1791/1791 
f 1791/1791/1791 1792/1792/1792 1791/1791/1791 
f 1791/1791/1791 1792/1792/1792 1789/1789/1789 
f 1792/1792/1792 1793/1793/1793 1789/1789/1789 
f 1789/1789/1789 1793/1793/1793 1794/1794/1794 
f 1793/1793/1793 1794/1794/1794 1794/1794/1794 
f 1794/1794/1794 1794/1794/1794 1794/1794/1794 
f 1794/1794/1794 1795/1795/1795 1794/1794/1794 
f 1794/1794/1794 1795/1795/1795 1789/1789/1789 
f 1795/1795/1795 1796/1796/1796 1789/1789/1789 
f 1789/1789/1789 1796/1796/1796 1797/1797/1797 
f 1796/1796/1796 1797/1797/1797 1797/1797/1797 
f 1797/1797/1797 1797/1797/1797 1797/1797/1797 
f 1797/1797/1797 1798/1798/1798 1797/1797/1797 
f 1797/1797/1797 1798/1798/1798 1789/1789/1789 
f 1798/1798/1798 1799/1799/1799 1789/1789/1789 
f 1789/1789/1789 1799/1799/1799 1800/1800/1800 
f 1799/1799/1799 1800/1800/1800 1800/1800/1800 
f 1800/1800/1800 1800/1800/1800 1800/1800/1800 
f 1800/1800/1800 1801/1801/1801 1800/1800/1800 
f 1800/1800/1800 1801/1801/1801 1789/1789/1789 
f 1801/1801/1801 1802/1802/1802 1789/1789/1789 
f 1789/1789/1789 1802/1802/1802 1803/1803/1803 
f 1802/1802/1802 1803/1803/1803 1803/1803/1803 
f 1803/1803/1803 1803/1803/1803 1803/1803/1803 
f 1803/1803/1803 1804/1804/1804 1803/1803/1803 
f 1803/1803/1803 1804/1804/1804 1789/1789/1789 
f 1804/1804/1804 1805/1805/1805 1789/1789/1789 
f 1789/1789/1789 1805/1805/1805 1806/1806/1806 
f 1805/1805/1805 1806/1806/1806 1806/1806/1806 
f 1806/1806/1806 1806/1806/1806 1806/1806/1806 
f 1806/1806/1806 1807/1807/1807 1806/1806/1806 
f 1806/1806/1806 1807/1807/1807 1789/1789/1789 
f 1807/1807/1807 1787/1787/1787 1789/1789/1789 
f 1789/1789/1789 1787/1787/1787 1787/1787/1787 
f 1787/1787/1787 1808/1808/1808 1787/1787/1787 
f 1787/1787/1787 1808/1808/1808 1808/1808/1808 
f 1808/1808/1808 1809/1809/1809 1808/1808/1808 
f 1808/1808/1808 1809/1809/1809 1810/1810/1810 
f 1809/1809/1809 1811/1811/1811 1810/1810/1810 
f 1810/1810/1810 1811/1811/1811 1812/1812/1812 
f 1811/1811/1811 1812/1812/1812 1812/1812/1812 
f 1812/1812/1812 1812/1812/1812 1812/1812/1812 
f 1812/1812/1812 1813/1813/1813 1812/1812/1812 
f 1812/1812/1812 1813/1813/1813 1810/1810/1810 
f 1813/1813/1813 1814/1814/1814 1810/1810/1810 
f 1810/1810/1810 1814/1814/1814 1815/1815/1815 
f 1814/1814/1814 1815/1815/1815 1815/1815/1815 
f 1815/1815/1815 1815/1815/1815 1815/1815/1815 
f 1815/1815/1815 1816/1816/1816 1815/1815/1815 
f 1815/1815/1815 1816/1816/1816 1810/1810/1810 
f 1816/1816/1816 1817/1817/1817 1810/1810/1810 
f 1810/1810/1810 1817/1817/1817 1818/1818/1818 
f 1817/1817/1817 1818/1818/1818 1818/1818/1818 
f 1818/1818/1818 1818/1818/1818 1818/1818/1818 
f 1818/1818/1818 1819/1819/1819 1818/1818/1818 
f 1818/1818/1818 1819/1819/1819 1810/1810/1810 
f 1819/1819/1819 1820/1820/1820 1810/1810/1810 
f 1810/1810/1810 1820/1820/1820 1821/1821/1821 
f 1820/1820/1820 1821/1821/1821 1821/1821/1821 
f 1821/1821/1821 1821/1821/1821 1821/1821/1821 
f 1821/1821/1821 1822/1822/1822 1821/1821/1821 
f 1821/1821/1821 1822/1822/1822 1810/1810/1810 
f 1822/1822/1822 1808/1808/1808 1810/1810/1810 
f 1810/1810/1810 1808/1808/1808 1808/1808/1808 
f 1808/1808/1808 1823/1823/1823 1808/1808/1808 
f 1808/1808/1808 1823/1823/1823 1823/1823/1823 
f 1823/1823/1823 1824/1824/1824 1823/1823/1823 
f 1823/1823/1823 1824/1824/1824 1825/1825/1825 
f 1824/1824/1824 1826/1826/1826 1825/1825/1825 
f 1825/1825/1825 1826/1826/1826 1827/1827/1827 
f 1826/1826/1826 1827/1827/1827 1827/1827/1827 
f 1827/1827/1827 1827/1827/1827 1827/1827/1827 
f 1827/1827/1827 1828/1828/1828 1827/1827/1827 
f 1827/1827/1827 1828/1828/1828 1825/1825/1825 
f 1828/1828/1828 1829/1829/1829 1825/1825/1825 
f 1825/1825/1825 1829/1829/1829 1830/1830/1830 
f 1829/1829/1829 1830/1830/1830 1830/1830/1830 
f 1830/1830/1830 1830/1830/1830 1830/1830/1830 
f 1830/1830/1830 1831/1831/1831 1830/1830/1830 
f 1830/1830/1830 1831/1831/1831 1825/1825/1825 
f 1831/1831/1831 1832/1832/1832 1825/1825/1825 
f 1825/1825/1825 1832/1832/1832 1833/1833/1833 
f 1832/1832/1832 1833/1833/1833 1833/1833/1833 
f 1833/1833/1833 1833/1833/1833 1833/1833/1833 
f 1833/1833/1833 1834/1834/1834 1833/1833/1833 
f 1833/1833/1833 1834/1834/1834 1825/1825/1825 
f 1834/1834/1834 1835/1835/1835 1825/1825/1825 
f 1825/1825/1825 1835/1835/1835 1836/1836/1836 
f 1835/1835/1835 1836/1836/1836 1836/1836/1836 
f 1836/1836/1836 1836/1836/1836 1836/1836/1836 
f 1836/1836/1836 1837/1837/1837 1836/1836/1836 
f 1836/1836/1836 1837/1837/1837 1825/1825/1825 
f 1837/1837/1837 1823/1823/1823 1825/1825/1825 
f 1825/1825/1825 1823/1823/1823 1823/1823/1823 
f 1823/1823/1823 1838/1838/1838 1823/1823/1823 
f 1823/1823/1823 1838/1838/1838 1838/1838/1838 
f 1838/1838/1838 1839/1839/1839 1838/1838/1838 
f 1838/1838/1838 1839/1839/1839 1840/1840/1840 
f 1839/1839/1839 1841/1841/1841 1840/1840/1840 
f 1840/1840/1840 1841/1841/1841 1842/1842/1842 
f 1841/1841/1841 1842/1842/1842 1842/1842/1842 
f 1842/1842/1842 1842/1842/1842 1842/1842/1842 
f 1842/1842/1842 1843/1843/1843 1842/1842/1842 
f 1842/1842/1842 1843/1843/1843 1840/1840/1840 
f 1843/1843/1843 1844/1844/1844 1840/1840/1840 
f 1840/1840/1840 1844/1844/1844 1845/1845/1845 
f 1844/1844/1844 1845/1845/1845 1845/1845/1845 
f 1845/1845/1845 1845/1845/1845 1845/1845/1845 
f 1845/1845/1845 1846/1846/1846 1845/1845/1845 
f 1845/1845/1845 1846/1846/1846 1840/1840/1840 
f 1846/1846/1846 1847/1847/1847 1840/1840/1840 
f 1840/1840/1840 1847/1847/1847 1848/1848/1848 
f 1847/1847/1847 1848/1848/1848 1848/1848/1848 
f 1848/1848/1848 1848/1848/1848 1848/1848/1848 
f 1848/1848/1848 1849/1849/1849 1848/1848/1848 
f 1848/1848/1848 1849/1849/1849 1840/1840/1840 
f 1849/1849/1849 1850/1850/1850 1840/1840/1840 
f 1840/1840/1840 1850/1850/1850 1851/1851/1851 
f 1850/1850/1850 1851/1851/1851 1851/1851/1851 
f 1851/1851/1851 1851/1851/1851 1851/1851/1851 
f 1851/1851/1851 1852/1852/1852 1851/1851/1851 
f 1851/1851/1851 1852/1852/1852 1840/1840/1840 
f 1852/1852/1852 1853/1853/1853 1840/1840/1840 
f 1840/1840/1840 1853/1853/1853 1854/1854/1854 
f 1853/1853/1853 1854/1854/1854 1854/1854/1854 
f 1854/1854/1854 1854/1854/1854 1854/1854/1854 
f 1854/1854/1854 1855/1855/1855 1854/1854/1854 
f 1854/1854/1854 1855/1855/1855 1840/1840/1840 
f 1855/1855/1855 1856/1856/1856 1840/1840/1840 
f 1840/1840/1840 1856/1856/1856 1857/1857/1857 
f 1856/1856/1856 1857/1857/1857 1857/1857/1857 
f 1857/1857/1857 1857/1857/1857 1857/1857/1857 
f 1857/1857/1857 1858/1858/1858 1857/1857/1857 
f 1857/1857/1857 1858/1858/1858 1840/1840/1840 
f 1858/1858/1858 1838/1838/1838 1840/1840/1840 
f 1840/1840/1840 1838/1838/1838 1838/1838/1838 
f 1838/1838/1838 1859/1859/1859 1838/1838/1838 
f 1838/1838/1838 1859/1859/1859 1859/1859/1859 
f 1859/1859/1859 1860/1860/1860 1859/1859/1859 
f 1859/1859/1859 1860/1860/1860 1861/1861/1861 
f 1860/1860/1860 1862/1862/1862 1861/1861/1861 
f 1861/1861/1861 1862/1862/1862 1863/1863/1863 
f 1862/1862/1862 1863/1863/1863 1863/1863/1863 
f 1863/1863/1863 1863/1863/1863 1863/1863/1863 
f 1863/1863/1863 1864/1864/1864 1863/1863/1863 
f 1863/1863/1863 1864/1864/1864 1861/1861/1861 
f 1864/1864/1864 1865/1865/1865 1861/1861/1861 
f 1861/1861/1861 1865/1865/1865 1866/1866/1866 
f 1865/1865/1865 1866/1866/1866 1866/1866/1866 
f 1866/1866/1866 1866/1866/1866 1866/1866/1866 
f 1866/1866/1866 1867/1867/1867 1866/1866/1866 
f 1866/1866/1866 1867/1867/1867 1861/1861/1861 
f 1867/1867/1867 1868/1868/1868 1861/1861/1861 
f 1861/1861/1861 1868/1868/1868 1869/1869/1869 
f 1868/1868/1868 1869/1869/1869 1869/1869/1869 
f 1869/1869/1869 1869/1869/1869 1869/1869/1869 
f 1869/1869/1869 1870/1870/1870 1869/1869/1869 
f 1869/1869/1869 1870/1870/1870 1861/1861/1861 
f 1870/1870/1870 1871/1871/1871 1861/1861/1861 
f 1861/1861/1861 1871/1871/1871 1872/1872/1872 
f 1871/1871/1871 1872/1872/1872 1872/1872/1872 
f 1872/1872/1872 1872/1872/1872 1872/1872/1872 
f 1872/1872/1872 1873/1873/1873 1872/1872/1872 
f 1872/1872/1872 1873/1873/1873 1861/1861/1861 
f 1873/1873/1873 1859/1859/1859 1861/1861/1861 
f 1861/1861/1861 1859/1859/1859 1859/1859/1859 
f 1859/1859/1859 1874/1874/1874 1859/1859/1859 
f 1859/1859/1859 1874/1874/1874 1874/1874/1874 
f 1874/1874/1874 1875/1875/1875 1874/1874/1874 
f 1874/1874/1874 1875/1875/1875 1876/1876/1876 
f 1875/1875/1875 1877/1877/1877 1876/1876/1876 
f 1876/1876/1876 1877/1877/1877 1878/1878/1878 
f 1877/1877/1877 1879/1879/1879 1878/1878/1878 
f 1878/1878/1878 1879/1879/1879 1880/1880/1880 
f 1879/1879/1879 1881/1881/1881 1880/1880/1880 
f 1880/1880/1880 1881/1881/1881 1882/1882/1882 
f 1881/1881/1881 1883/1883/1883 1882/1882/1882 
f 1882/1882/1882 1883/1883/1883 1884/1884/1884 
f 1883/1883/1883 1885/1885/1885 1884/1884/1884 
f 1884/1884/1884 1885/1885/1885 1886/1886/1886 
f 1885/1885/1885 1887/1887/1887 1886/1886/1886 
f 1886/1886/1886 1887/1887/1887 1888/1888/1888 
f 1887/1887/1887 1889/1889/1889 1888/1888/1888 
f 1888/1888/1888 1889/1889/1889 1890/1890/1890 
f 1889/1889/1889 1891/1891/1891 1890/1890/1890 
f 1890/1890/1890 1891/1891/1891 1892/1892/1892 
f 1891/1891/1891 1893/1893/1893 1892/1892/1892 
f 1892/1892/1892 1893/1893/1893 1894/1894/1894 
f 1893/1893/1893 1895/1895/1895 1894/1894/1894 
f 1894/1894/1894 1895/1895/1895 1896/1896/1896 
f 1895/1895/1895 1897/1897/1897 1896/1896/1896 
f 1896/1896/1896 1897/1897/1897 1898/1898/1898 
f 1897/1897/1897 1899/1899/1899 1898/1898/1898 
f 1898/1898/1898 1899/1899/1899 1900/1900/1900 
f 1899/1899/1899 1901/1901/1901 1900/1900/1900 
f 1900/1900/1900 1901/1901/1901 1902/1902/1902 
f 1901/1901/1901 1903/1903/1903 1902/1902/1902 
f 1902/1902/1902 1903/1903/1903 1904/1904/1904 
f 1903/1903/1903 1905/1905/1905 1904/1904/1904 
f 1904/1904/1904 1905/1905/1905 1906/1906/1906 
f 1905/1905/1905 1907/1907/1907 1906/1906/1906 
f 1906/1906/1906 1907/1907/1907 1908/1908/1908 
f 1907/1907/1907 1909/1909/1909 1908/1908/1908 
f 1908/1908/1908 1909/1909/1909 1910/1910/1910 
f 1909/1909/1909 1911/1911/1911 1910/1910/1910 
f 1910/1910/1910 1911/1911/1911 1912/1912/1912 
f 1911/1911/1911 1913/1913/1913 1912/1912/1912 
f 1912/1912/1912 1913/1913/1913 1874/1874/1874 
f 1913/1913/1913 1875/1875/1875 1874/1874/1874 
f 1874/1874/1874 1875/1875/1875 1875/1875/1875 
f 1875/1875/1875 1914/1914/1914 1875/1875/1875 
f 1875/1875/1875 1914/1914/1914 1914/1914/1914 
f 1914/1914/1914 1915/1915/1915 1914/1914/1914 
f 1914/1914/1914 1915/1915/1915 1916/1916/1916 
f 1915/1915/1915 1917/1917/1917 1916/1916/1916 
f 1916/1916/1916 1917/1917/1917 1918/1918/1918 
f 1917/1917/1917 1919/1919/1919 1918/1918/1918 
f 1918/1918/1918 1919/1919/1919 1920/1920/1920 
f 1919/1919/1919 1921/1921/1921 1920/1920/1920 
f 1920/1920/1920 1921/1921/1921 1922/1922/1922 
f 1921/1921/1921 1923/1923/1923 1922/1922/1922 
f 1922/1922/1922 1923/1923/1923 1924/1924/1924 
f 1923/1923/1923 1925/1925/1925 1924/1924/1924 
f 1924/1924/1924 1925/1925/1925 1926/1926/1926 
f 1925/1925/1925 1927/1927/1927 1926/1926/1926 
f 1926/1926/1926 1927/1927/1927 1928/1928/1928 
f 1927/1927/1927 1929/1929/1929 1928/1928/1928 
f 1928/1928/1928 1929/1929/1929 1930/1930/1930 
f 1929/1929/1929 1931/1931/1931 1930/1930/1930 
f 1930/1930/1930 1931/1931/1931 1932/1932/1932 
f 1931/1931/1931 1933/1933/1933 1932/1932/1932 
f 1932/1932/1932 1933/1933/1933 1934/1934/1934 
f 1933/1933/1933 1935/1935/1935 1934/1934/1934 
f 1934/1934/1934 1935/1935/1935 1936/1936/1936 
f 1935/1935/1935 1937/1937/1937 1936/1936/1936 
f 1936/1936/1936 1937/1937/1937 1938/1938/1938 
f 1937/1937/1937 1939/1939/1939 1938/1938/1938 
f 1938/1938/1938 1939/1939/1939 1940/1940/1940 
f 1939/1939/1939 1941/1941/1941 1940/1940/1940 
f 1940/1940/1940 1941/1941/1941 1942/1942/1942 
f 1941/1941/1941 1943/1943/1943 1942/1942/1942 
f 1942/1942/1942 1943/1943/1943 1944/1944/1944 
f 1943/1943/1943 1945/1945/1945 1944/1944/1944 
f 1944/1944/1944 1945/1945/1945 1946/1946/1946 
f 1945/1945/1945 1947/1947/1947 1946/1946/1946 
f 1946/1946/1946 1947/1947/1947 1948/1948/1948 
f 1947/1947/1947 1949/1949/1949 1948/1948/1948 
f 1948/1948/1948 1949/1949/1949 1950/1950/1950 
f 1949/1949/1949 1951/1951/1951 1950/1950/1950 
f 1950/1950/1950 1951/1951/1951 1952/1952/1952 
f 1951/1951/1951 1953/1953/1953 1952/1952/1952 
f 1952/1952/1952 1953/1953/1953 1914/1914/1914 
f 1953/1953/1953 1915/1915/1915 1914/1914/1914 
f 1914/1914/1914 1915/1915/1915 1915/1915/1915 
f 1915/1915/1915 1954/1954/1954 1915/1915/1915 
f 1915/1915/1915 1954/1954/1954 1954/1954/1954 
f 1954/1954/1954 1955/1955/1955 1954/1954/1954 
f 1954/1954/1954 1955/1955/1955 1956/1956/1956 
f 1955/1955/1955 1957/1957/1957 1956/1956/1956 
f 1956/1956/1956 1957/1957/1957 1958/1958/1958 
f 1957/1957/1957 1958/1958/1958 1958/1958/1958 
f 1958/1958/1958 1958/1958/1958 1958/1958/1958 
f 1958/1958/1958 1959/1959/1959 1958/1958/1958 
f 1958/1958/1958 1959/1959/1959 1956/1956/1956 
f 1959/1959/1959 1960/1960/1960 1956/1956/1956 
f 1956/1956/1956 1960/1960/1960 1961/1961/1961 
f 1960/1960/1960 1961/1961/1961 1961/1961/1961 
f 1961/1961/1961 1961/1961/1961 1961/1961/1961 
f 1961/1961/1961 1962/1962/1962 1961/1961/1961 
f 1961/1961/1961 1962/1962/1962 1956/1956/1956 
f 1962/1962/1962 1963/1963/1963 1956/1956/1956 
f 1956/1956/1956 1963/1963/1963 1964/1964/1964 
f 1963/1963/1963 1964/1964/1964 1964/1964/1964 
f 1964/1964/1964 1964/1964/1964 1964/1964/1964 
f 1964/1964/1964 1965/1965/1965 1964/1964/1964 
f 1964/1964/1964 1965/1965/1965 1956/1956/1956 
f 1965/1965/1965 1966/1966/1966 1956/1956/1956 
f 1956/1956/1956 1966/1966/1966 1967/1967/1967 
f 1966/1966/1966 1967/1967/1967 1967/1967/1967 
f 1967/1967/1967 1967/1967/1967 1967/1967/1967 
f 1967/1967/1967 1968/1968/1968 1967/1967/1967 
f 1967/1967/1967 1968/1968/1968 1956/1956/1956 
f 1968/1968/1968 1969/1969/1969 1956/1956/1956 
f 1956/1956/1956 1969/1969/1969 1970/1970/1970 
f 1969/1969/1969 1970/1970/1970 1970/1970/1970 
f 1970/1970/1970 1970/1970/1970 1970/1970/1970 
f 1970/1970/1970 1971/1971/1971 1970/1970/1970 
f 1970/1970/1970 1971/1971/1971 1956/1956/1956 
f 1971/1971/1971 1972/1972/1972 1956/1956/1956 
f 1956/1956/1956 1972/1972/1972 1973/1973/1973 
f 1972/1972/1972 1973/1973/1973 1973/1973/1973 
f 1973/1973/1973 1973/1973/1973 1973/1973/1973 
f 1973/1973/1973 1974/1974/1974 1973/1973/1973 
f 1973/1973/1973 1974/1974/1974 1956/1956/1956 
f 1974/1974/1974 1954/1954/1954 1956/1956/1956 
f 1956/1956/1956 1954/1954/1954 1954/1954/1954 
f 1954/1954/1954 1975/1975/1975 1954/1954/1954 
f 1954/1954/1954 1975/1975/1975 1975/1975/1975 
f 1975/1975/1975 1976/1976/1976 1975/1975/1975 
f 1975/1975/1975 1976/1976/1976 1977/1977/1977 
f 1976/1976/1976 1978/1978/1978 1977/1977/1977 
f 1977/1977/1977 1978/1978/1978 1979/1979/1979 
f 1978/1978/1978 1979/1979/1979 1979/1979/1979 
f 1979/1979/1979 1979/1979/1979 1979/1979/1979 
f 1979/1979/1979 1980/1980/1980 1979/1979/1979 
f 1979/1979/1979 1980/1980/1980 1977/1977/1977 
f 1980/1980/1980 1981/1981/1981 1977/1977/1977 
f 1977/1977/1977 1981/1981/1981 1982/1982/1982 
f 1981/1981/1981 1982/1982/1982 1982/1982/1982 
f 1982/1982/1982 1982/1982/1982 1982/1982/1982 
f 1982/1982/1982 1983/1983/1983 1982/1982/1982 
f 1982/1982/1982 1983/1983/1983 1977/1977/1977 
f 1983/1983/1983 1984/1984/1984 1977/1977/1977 
f 1977/1977/1977 1984/1984/1984 1985/1985/1985 
f 1984/1984/1984 1985/1985/1985 1985/1985/1985 
f 1985/1985/1985 1985/1985/1985 1985/1985/1985 
f 1985/1985/1985 1986/1986/1986 1985/1985/1985 
f 1985/1985/1985 1986/1986/1986 1977/1977/1977 
f 1986/1986/1986 1987/1987/1987 1977/1977/1977 
f 1977/1977/1977 1987/1987/1987 1988/1988/1988 
f 1987/1987/1987 1988/1988/1988 1988/1988/1988 
f 1988/1988/1988 1988/1988/1988 1988/1988/1988 
f 1988/1988/1988 1989/1989/1989 1988/1988/1988 
f 1988/1988/1988 1989/1989/1989 1977/1977/1977 
f 1989/1989/1989 1990/1990/1990 1977/1977/1977 
f 1977/1977/1977 1990/1990/1990 1991/1991/1991 
f 1990/1990/1990 1991/1991/1991 1991/1991/1991 
f 1991/1991/1991 1991/1991/1991 1991/1991/1991 
f 1991/1991/1991 1992/1992/1992 1991/1991/1991 
f 1991/1991/1991 1992/1992/1992 1977/1977/1977 
f 1992/1992/1992 1993/1993/1993 1977/1977/1977 
f 1977/1977/1977 1993/1993/1993 1994/1994/1994 
f 1993/1993/1993 1994/1994/1994 1994/1994/1994 
f 1994/1994/1994 1994/1994/1994 1994/1994/1994 
f 1994/1994/1994 1995/1995/1995 1994/1994/1994 
f 1994/1994/1994 1995/1995/1995 1977/1977/1977 
f 1995/1995/1995 1975/1975/1975 1977/1977/1977 
f 1977/1977/1977 1975/1975/1975 1975/1975/1975 
f 1975/1975/1975 1996/1996/1996 1975/1975/1975 
f 1975/1975/1975 1996/1996/1996 1996/1996/1996 
f 1996/1996/1996 1997/1997/1997 1996/1996/1996 
f 1996/1996/1996 1997/1997/1997 1998/1998/1998 
f 1997/1997/1997 1999/1999/1999 1998/1998/1998 
f 1998/1998/1998 1999/1999/1999 2000/2000/2000 
f 1999/1999/1999 2000/2000/2000 2000/2000/2000 
f 2000/2000/2000 2000/2000/2000 1998/1998/1998 
f 2000/2000/2000 1998/1998/1998 1998/1998/1998 
f 1998/1998/1998 1998/1998/1998 1998/1998/1998 
f 1998/1998/1998 2000/2000/2000 1998/1998/1998 
f 1998/1998/1998 2000/2000/2000 2001/2001/2001 
f 2000/2000/2000 2002/2002/2002 2001/2001/2001 
f 2001/2001/2001 2002/2002/2002 2003/2003/2003 
f 2002/2002/2002 2004/2004/2004 2003/2003/2003 
f 2003/2003/2003 2004/2004/2004 2004/2004/2004 
f 2004/2004/2004 2002/2002/2002 2004/2004/2004 
f 2004/2004/2004 2002/2002/2002 2002/2002/2002 
f 2002/2002/2002 2005/2005/2005 2002/2002/2002 
f 2002/2002/2002 2005/2005/2005 2004/2004/2004 
f 2005/2005/2005 2006/2006/2006 2004/2004/2004 
f 2004/2004/2004 2006/2006/2006 2006/2006/2006 
f 2006/2006/2006 2005/2005/2005 2006/2006/2006 
f 2006/2006/2006 2005/2005/2005 2005/2005/2005 
f 2005/2005/2005 2007/2007/2007 2005/2005/2005 
f 2005/2005/2005 2007/2007/2007 2006/2006/2006 
f 2007/2007/2007 2008/2008/2008 2006/2006/2006 
f 2006/2006/2006 2008/2008/2008 2009/2009/2009 
f 2008/2008/2008 2010/2010/2010 2009/2009/2009 
f 2009/2009/2009 2010/2010/2010 2011/2011/2011 
f 2010/2010/2010 1996/1996/1996 2011/2011/2011 
f 2011/2011/2011 1996/1996/1996 1996/1996/1996 
f 1996/1996/1996 2008/2008/2008 1996/1996/1996 
f 1996/1996/1996 2008/2008/2008 2008/2008/2008 
f 2008/2008/2008 2012/2012/2012 2008/2008/2008 
f 2008/2008/2008 2012/2012/2012 2010/2010/2010 
f 2012/2012/2012 2013/2013/2013 2010/2010/2010 
f 2010/2010/2010 2013/2013/2013 2013/2013/2013 
f 2013/2013/2013 2012/2012/2012 2013/2013/2013 
f 2013/2013/2013 2012/2012/2012 2012/2012/2012 
f 2012/2012/2012 2002/2002/2002 2012/2012/2012 
f 2012/2012/2012 2002/2002/2002 2013/2013/2013 
f 2002/2002/2002 2000/2000/2000 2013/2013/2013 
f 2013/2013/2013 2000/2000/2000 2000/2000/2000 
f 2000/2000/2000 2014/2014/2014 2000/2000/2000 
f 2000/2000/2000 2014/2014/2014 2014/2014/2014 
f 2014/2014/2014 2015/2015/2015 2014/2014/2014 
f 2014/2014/2014 2015/2015/2015 2016/2016/2016 
f 2015/2015/2015 2017/2017/2017 2016/2016/2016 
f 2016/2016/2016 2017/2017/2017 2018/2018/2018 
f 2017/2017/2017 2018/2018/2018 2018/2018/2018 
f 2018/2018/2018 2018/2018/2018 2018/2018/2018 
f 2018/2018/2018 2019/2019/2019 2018/2018/2018 
f 2018/2018/2018 2019/2019/2019 2016/2016/2016 
f 2019/2019/2019 2020/2020/2020 2016/2016/2016 
f 2016/2016/2016 2020/2020/2020 2021/2021/2021 
f 2020/2020/2020 2021/2021/2021 2021/2021/2021 
f 2021/2021/2021 2021/2021/2021 2021/2021/2021 
f 2021/2021/2021 2022/2022/2022 2021/2021/2021 
f 2021/2021/2021 2022/2022/2022 2016/2016/2016 
f 2022/2022/2022 2023/2023/2023 2016/2016/2016 
f 2016/2016/2016 2023/2023/2023 2024/2024/2024 
f 2023/2023/2023 2024/2024/2024 2024/2024/2024 
f 2024/2024/2024 2024/2024/2024 2024/2024/2024 
f 2024/2024/2024 2025/2025/2025 2024/2024/2024 
f 2024/2024/2024 2025/2025/2025 2016/2016/2016 
f 2025/2025/2025 2026/2026/2026 2016/2016/2016 
f 2016/2016/2016 2026/2026/2026 2027/2027/2027 
f 2026/2026/2026 2027/2027/2027 2027/2027/2027 
f 2027/2027/2027 2027/2027/2027 2027/2027/2027 
f 2027/2027/2027 2028/2028/2028 2027/2027/2027 
f 2027/2027/2027 2028/2028/2028 2016/2016/2016 
f 2028/2028/2028 2014/2014/2014 2016/2016/2016 
f 2016/2016/2016 2014/2014/2014 2014/2014/2014 
f 2014/2014/2014 2029/2029/2029 2014/2014/2014 
f 2014/2014/2014 2029/2029/2029 2029/2029/2029 
f 2029/2029/2029 2030/2030/2030 2029/2029/2029 
f 2029/2029/2029 2030/2030/2030 2031/2031/2031 
f 2030/2030/2030 2032/2032/2032 2031/2031/2031 
f 2031/2031/2031 2032/2032/2032 2033/2033/2033 
f 2032/2032/2032 2033/2033/2033 2033/2033/2033 
f 2033/2033/2033 2033/2033/2033 2033/2033/2033 
f 2033/2033/2033 2034/2034/2034 2033/2033/2033 
f 2033/2033/2033 2034/2034/2034 2031/2031/2031 
f 2034/2034/2034 2035/2035/2035 2031/2031/2031 
f 2031/2031/2031 2035/2035/2035 2036/2036/2036 
f 2035/2035/2035 2036/2036/2036 2036/2036/2036 
f 2036/2036/2036 2036/2036/2036 2036/2036/2036 
f 2036/2036/2036 2037/2037/2037 2036/2036/2036 
f 2036/2036/2036 2037/2037/2037 2031/2031/2031 
f 2037/2037/2037 2038/2038/2038 2031/2031/2031 
f 2031/2031/2031 2038/2038/2038 2039/2039/2039 
f 2038/2038/2038 2039/2039/2039 2039/2039/2039 
f 2039/2039/2039 2039/2039/2039 2039/2039/2039 
f 2039/2039/2039 2040/2040/2040 2039/2039/2039 
f 2039/2039/2039 2040/2040/2040 2031/2031/2031 
f 2040/2040/2040 2041/2041/2041 2031/2031/2031 
f 2031/2031/2031 2041/2041/2041 2042/2042/2042 
f 2041/2041/2041 2042/2042/2042 2042/2042/2042 
f 2042/2042/2042 2042/2042/2042 2042/2042/2042 
f 2042/2042/2042 2043/2043/2043 2042/2042/2042 
f 2042/2042/2042 2043/2043/2043 2031/2031/2031 
f 2043/2043/2043 2044/2044/2044 2031/2031/2031 
f 2031/2031/2031 2044/2044/2044 2045/2045/2045 
f 2044/2044/2044 2045/2045/2045 2045/2045/2045 
f 2045/2045/2045 2045/2045/2045 2045/2045/2045 
f 2045/2045/2045 2046/2046/2046 2045/2045/2045 
f 2045/2045/2045 2046/2046/2046 2031/2031/2031 
f 2046/2046/2046 2047/2047/2047 2031/2031/2031 
f 2031/2031/2031 2047/2047/2047 2048/2048/2048 
f 2047/2047/2047 2048/2048/2048 2048/2048/2048 
f 2048/2048/2048 2048/2048/2048 2048/2048/2048 
f 2048/2048/2048 2049/2049/2049 2048/2048/2048 
f 2048/2048/2048 2049/2049/2049 2031/2031/2031 
f 2049/2049/2049 2029/2029/2029 2031/2031/2031 
f 2031/2031/2031 2029/2029/2029 2029/2029/2029 
f 2029/2029/2029 2050/2050/2050 2029/2029/2029 
f 2029/2029/2029 2050/2050/2050 2050/2050/2050 
f 2050/2050/2050 2051/2051/2051 2050/2050/2050 
f 2050/2050/2050 2051/2051/2051 2052/2052/2052 
f 2051/2051/2051 2053/2053/2053 2052/2052/2052 
f 2052/2052/2052 2053/2053/2053 2054/2054/2054 
f 2053/2053/2053 2054/2054/2054 2054/2054/2054 
f 2054/2054/2054 2054/2054/2054 2054/2054/2054 
f 2054/2054/2054 2055/2055/2055 2054/2054/2054 
f 2054/2054/2054 2055/2055/2055 2052/2052/2052 
f 2055/2055/2055 2056/2056/2056 2052/2052/2052 
f 2052/2052/2052 2056/2056/2056 2057/2057/2057 
f 2056/2056/2056 2057/2057/2057 2057/2057/2057 
f 2057/2057/2057 2057/2057/2057 2057/2057/2057 
f 2057/2057/2057 2058/2058/2058 2057/2057/2057 
f 2057/2057/2057 2058/2058/2058 2052/2052/2052 
f 2058/2058/2058 2059/2059/2059 2052/2052/2052 
f 2052/2052/2052 2059/2059/2059 2060/2060/2060 
f 2059/2059/2059 2060/2060/2060 2060/2060/2060 
f 2060/2060/2060 2060/2060/2060 2060/2060/2060 
f 2060/2060/2060 2061/2061/2061 2060/2060/2060 
f 2060/2060/2060 2061/2061/2061 2052/2052/2052 
f 2061/2061/2061 2062/2062/2062 2052/2052/2052 
f 2052/2052/2052 2062/2062/2062 2063/2063/2063 
f 2062/2062/2062 2063/2063/2063 2063/2063/2063 
f 2063/2063/2063 2063/2063/2063 2063/2063/2063 
f 2063/2063/2063 2064/2064/2064 2063/2063/2063 
f 2063/2063/2063 2064/2064/2064 2052/2052/2052 
f 2064/2064/2064 2050/2050/2050 2052/2052/2052 
f 2052/2052/2052 2050/2050/2050 2050/2050/2050 
f 2050/2050/2050 2065/2065/2065 2050/2050/2050 
f 2050/2050/2050 2065/2065/2065 2065/2065/2065 
f 2065/2065/2065 2066/2066/2066 2065/2065/2065 
f 2065/2065/2065 2066/2066/2066 2067/2067/2067 
f 2066/2066/2066 2068/2068/2068 2067/2067/2067 
f 2067/2067/2067 2068/2068/2068 2069/2069/2069 
f 2068/2068/2068 2069/2069/2069 2069/2069/2069 
f 2069/2069/2069 2069/2069/2069 2069/2069/2069 
f 2069/2069/2069 2070/2070/2070 2069/2069/2069 
f 2069/2069/2069 2070/2070/2070 2067/2067/2067 
f 2070/2070/2070 2071/2071/2071 2067/2067/2067 
f 2067/2067/2067 2071/2071/2071 2072/2072/2072 
f 2071/2071/2071 2072/2072/2072 2072/2072/2072 
f 2072/2072/2072 2072/2072/2072 2072/2072/2072 
f 2072/2072/2072 2073/2073/2073 2072/2072/2072 
f 2072/2072/2072 2073/2073/2073 2067/2067/2067 
f 2073/2073/2073 2074/2074/2074 2067/2067/2067 
f 2067/2067/2067 2074/2074/2074 2075/2075/2075 
f 2074/2074/2074 2075/2075/2075 2075/2075/2075 
f 2075/2075/2075 2075/2075/2075 2075/2075/2075 
f 2075/2075/2075 2076/2076/2076 2075/2075/2075 
f 2075/2075/2075 2076/2076/2076 2067/2067/2067 
f 2076/2076/2076 2077/2077/2077 2067/2067/2067 
f 2067/2067/2067 2077/2077/2077 2078/2078/2078 
f 2077/2077/2077 2078/2078/2078 2078/2078/2078 
f 2078/2078/2078 2078/2078/2078 2078/2078/2078 
f 2078/2078/2078 2079/2079/2079 2078/2078/2078 
f 2078/2078/2078 2079/2079/2079 2067/2067/2067 
f 2079/2079/2079 2065/2065/2065 2067/2067/2067 
f 199/199/199 188/188/188 186/186/186 
f 202/202/202 203/203/203 2080/2080/2080 
f 193/193/193 195/195/195 2081/2081/2081 
f 196/196/196 197/197/197 2082/2082/2082 
f 308/308/308 306/306/306 2083/2083/2083 
f 467/467/467 469/469/469 2084/2084/2084 
f 352/352/352 2085/2085/2085 393/393/393 
f 472/472/472 474/474/474 2086/2086/2086 
f 575/575/575 2087/2087/2087 616/616/616 
f 972/972/972 974/974/974 2088/2088/2088 
f 1393/1393/1393 2089/2089/2089 1434/1434/1434 
f 1331/1331/1331 1333/1333/1333 2090/2090/2090 
f 1996/1996/1996 2010/2010/2010 1997/1997/1997 
f 1379/1379/1379 2091/2091/2091 1381/1381/1381 
f 1352/1352/1352 1351/1351/1351 2092/2092/2092 
f 1349/1349/1349 2093/2093/2093 1350/1350/1350 
f 38/38/38 2094/2094/2094 45/45/45 
f 57/57/57 59/59/59 2095/2095/2095 
f 78/78/78 77/77/77 2096/2096/2096 

