mtllib model_4.mtl
o model_4
v -15.757475852966309 -52.594913482666016 -2.2713735103607178 
v -15.757475852966309 -53.72324752807617 -2.2713735103607178 
v -15.757475852966309 -52.594913482666016 -2.577817440032959 
v -15.757475852966309 -53.707576751708984 -2.577817440032959 
v -15.757475852966309 -53.98965835571289 -2.2713735103607178 
v -15.757475852966309 -53.98965835571289 -2.3248796463012695 
v -15.757475852966309 -53.98965835571289 -2.874533176422119 
v -15.757475852966309 -54.256072998046875 -2.577817440032959 
v -15.757475852966309 -54.256072998046875 -4.576999664306641 
v -15.757475852966309 -54.256072998046875 -2.2713735103607178 
v -21.701799392700195 -52.39118576049805 3.161926746368408 
v -21.701799392700195 -53.94264602661133 1.0605965852737427 
v -21.701799392700195 -52.688941955566406 3.161926746368408 
v -21.701799392700195 -54.256072998046875 1.0605965852737427 
v -21.701799392700195 -53.94264602661133 -0.6418699026107788 
v -21.701799392700195 -54.256072998046875 -0.9385855197906494 
v -21.701799392700195 -54.19338607788086 -0.9385855197906494 
v -21.701799392700195 -53.94264602661133 -1.1915234327316284 
v -21.701799392700195 -53.94264602661133 -1.2742146253585815 
v -21.701799392700195 -53.64488983154297 -0.9385855197906494 
v -21.701799392700195 -53.64488983154297 -1.2742146253585815 
v -21.701799392700195 -52.594913482666016 -0.9385855197906494 
v -21.701799392700195 -52.594913482666016 -1.2742146253585815 
v -21.701799392700195 -54.256072998046875 -1.2742146253585815 
v 6.335140228271484 -52.688941955566406 -6.678329944610596 
v 6.335140228271484 -52.438201904296875 -6.678329944610596 
v 6.335140228271484 -54.256072998046875 -4.576999664306641 
v 6.335140228271484 -53.98965835571289 -4.576999664306641 
v 6.335140228271484 -53.98965835571289 -2.874533176422119 
v 6.335140228271484 -54.256072998046875 -2.577817440032959 
v 6.335140228271484 -53.98965835571289 -2.3248796463012695 
v 6.335140228271484 -53.98965835571289 -2.2713735103607178 
v 6.335140228271484 -53.707576751708984 -2.2713735103607178 
v 6.335140228271484 -53.707576751708984 -2.577817440032959 
v 6.335140228271484 -52.594913482666016 -2.2713735103607178 
v 6.335140228271484 -52.594913482666016 -2.577817440032959 
v -0.9240577816963196 -22.27094841003418 -1.1526098251342773 
v -0.9240577816963196 -24.214189529418945 -1.1526098251342773 
v -0.9240577816963196 -22.27094841003418 -1.3520417213439941 
v -0.9240577816963196 -24.214189529418945 -1.3520417213439941 
v -0.9240577816963196 -25.060440063476562 -1.3520417213439941 
v -0.9240577816963196 -25.060440063476562 -1.1526098251342773 
v -0.9240577816963196 -24.214189529418945 -0.8461658954620361 
v -0.9240577816963196 -25.060440063476562 -0.8461658954620361 
v -0.9240577816963196 -24.214189529418945 0.15099303424358368 
v -0.9240577816963196 -22.27094841003418 -0.8461658954620361 
v -0.9240577816963196 -22.27094841003418 0.15099303424358368 
v -0.9240577816963196 -25.060440063476562 0.15099303424358368 
v -0.9240577816963196 -24.214189529418945 0.486622154712677 
v -0.9240577816963196 -25.060440063476562 0.486622154712677 
v -0.9240577816963196 -24.214189529418945 0.9146708846092224 
v -0.9240577816963196 -25.060440063476562 0.9146708846092224 
v -0.9240577816963196 -22.27094841003418 0.486622154712677 
v -0.9240577816963196 -22.27094841003418 0.9146708846092224 
v -17.674999237060547 -54.350101470947266 -1.2742146253585815 
v -17.674999237060547 -54.256072998046875 -1.2742146253585815 
v -17.483247756958008 -54.350101470947266 -1.2742146253585815 
v -17.483247756958008 -54.256072998046875 -1.2742146253585815 
v -17.483247756958008 -53.94264602661133 -1.2742146253585815 
v -17.674999237060547 -53.94264602661133 -1.2742146253585815 
v -17.483247756958008 -53.67623519897461 -1.2742146253585815 
v -17.674999237060547 -53.67623519897461 -1.2742146253585815 
v -17.483247756958008 -52.594913482666016 -1.2742146253585815 
v -17.674999237060547 -52.594913482666016 -1.2742146253585815 
v -15.757475852966309 -52.594913482666016 -1.2742146253585815 
v -15.757475852966309 -53.67623519897461 -1.2742146253585815 
v -15.757475852966309 -53.94264602661133 -1.2742146253585815 
v -15.757475852966309 -54.256072998046875 -1.2742146253585815 
v -14.442602157592773 -22.27094841003418 -0.8461658954620361 
v -15.757475852966309 -22.27094841003418 -0.8461658954620361 
v -14.442602157592773 -24.214189529418945 -0.8461658954620361 
v -15.757475852966309 -24.214189529418945 -0.8461658954620361 
v -16.250553131103516 -22.756759643554688 -0.8461658954620361 
v -16.250553131103516 -23.72838020324707 -0.8461658954620361 
v -3.4305355548858643 -22.27094841003418 0.9146708846092224 
v -3.4305355548858643 -22.27094841003418 0.486622154712677 
v -3.4305355548858643 -24.214189529418945 0.9146708846092224 
v -3.4305355548858643 -24.214189529418945 0.486622154712677 
v -3.4305355548858643 -25.060440063476562 0.486622154712677 
v -3.4305355548858643 -25.060440063476562 0.15099303424358368 
v -3.4305355548858643 -22.27094841003418 0.15099303424358368 
v -3.4305355548858643 -24.214189529418945 0.15099303424358368 
v -3.4305355548858643 -25.060440063476562 -0.8461658954620361 
v -3.4305355548858643 -22.27094841003418 -0.8461658954620361 
v -3.4305355548858643 -24.214189529418945 -0.8461658954620361 
v -3.4305355548858643 -25.060440063476562 -1.1526098251342773 
v -3.4305355548858643 -22.27094841003418 -1.1526098251342773 
v -3.4305355548858643 -24.214189529418945 -1.1526098251342773 
v -3.4305355548858643 -25.060440063476562 -1.3520417213439941 
v -3.4305355548858643 -22.27094841003418 -1.3520417213439941 
v -3.4305355548858643 -24.214189529418945 -1.3520417213439941 
v -16.250553131103516 -22.756759643554688 -1.1526098251342773 
v -15.757475852966309 -22.27094841003418 -1.1526098251342773 
v -16.250553131103516 -23.72838020324707 -1.1526098251342773 
v -15.757475852966309 -24.214189529418945 -1.1526098251342773 
v -14.442602157592773 -22.27094841003418 -1.1526098251342773 
v -14.442602157592773 -24.214189529418945 -1.1526098251342773 
v -17.483247756958008 -54.256072998046875 -1.2742146253585815 
v -15.757475852966309 -54.256072998046875 -1.2742146253585815 
v -17.483247756958008 -54.256072998046875 -0.9385855197906494 
v -15.757475852966309 -54.256072998046875 -0.9385855197906494 
v -17.483247756958008 -54.256072998046875 1.0605965852737427 
v -15.757475852966309 -54.256072998046875 1.0605965852737427 
v -16.250553131103516 -22.756759643554688 0.15099303424358368 
v -15.757475852966309 -22.27094841003418 0.15099303424358368 
v -16.250553131103516 -23.72838020324707 0.15099303424358368 
v -15.757475852966309 -24.214189529418945 0.15099303424358368 
v -14.442602157592773 -22.27094841003418 0.15099303424358368 
v -14.442602157592773 -24.214189529418945 0.15099303424358368 
v -17.483247756958008 -52.594913482666016 -2.577817440032959 
v -17.674999237060547 -52.594913482666016 -2.577817440032959 
v -17.483247756958008 -52.594913482666016 -2.7723851203918457 
v -17.674999237060547 -52.594913482666016 -2.7723851203918457 
v -19.839061737060547 -52.594913482666016 -2.577817440032959 
v -19.839061737060547 -52.594913482666016 -2.7723851203918457 
v -19.98972511291504 -52.594913482666016 -2.7723851203918457 
v -19.98972511291504 -52.594913482666016 -2.577817440032959 
v -19.839061737060547 -52.688941955566406 -6.678329944610596 
v -17.674999237060547 -52.688941955566406 -6.678329944610596 
v -19.839061737060547 -54.256072998046875 -4.576999664306641 
v -17.674999237060547 -54.256072998046875 -4.576999664306641 
v -19.839061737060547 -54.256072998046875 -2.577817440032959 
v -17.674999237060547 -54.256072998046875 -2.577817440032959 
v -19.839061737060547 -54.256072998046875 -2.2713735103607178 
v -17.674999237060547 -54.256072998046875 -2.2713735103607178 
v -17.483247756958008 -52.594913482666016 -1.2742146253585815 
v -17.674999237060547 -52.594913482666016 -1.2742146253585815 
v -17.483247756958008 -52.594913482666016 -2.2713735103607178 
v -17.674999237060547 -52.594913482666016 -2.2713735103607178 
v -19.839061737060547 -52.594913482666016 -1.2742146253585815 
v -19.839061737060547 -52.594913482666016 -2.2713735103607178 
v -19.98972511291504 -52.594913482666016 -2.2713735103607178 
v -19.98972511291504 -52.594913482666016 -1.2742146253585815 
v -16.250553131103516 -23.72838020324707 0.486622154712677 
v -15.757475852966309 -24.214189529418945 0.486622154712677 
v -16.250553131103516 -22.756759643554688 0.486622154712677 
v -15.757475852966309 -22.27094841003418 0.486622154712677 
v -14.442602157592773 -24.214189529418945 0.486622154712677 
v -14.442602157592773 -22.27094841003418 0.486622154712677 
v 4.623064994812012 -54.350101470947266 -1.2742146253585815 
v 4.472402572631836 -54.350101470947266 -1.2742146253585815 
v 4.623064994812012 -54.256072998046875 -1.2742146253585815 
v 4.472402572631836 -54.256072998046875 -1.2742146253585815 
v 4.623064994812012 -53.94264602661133 -1.2742146253585815 
v 4.472402572631836 -53.94264602661133 -1.2742146253585815 
v 4.623064994812012 -53.64488983154297 -1.2742146253585815 
v 4.472402572631836 -53.64488983154297 -1.2742146253585815 
v 4.623064994812012 -52.594913482666016 -1.2742146253585815 
v 4.472402572631836 -52.594913482666016 -1.2742146253585815 
v 6.335140228271484 -53.64488983154297 -1.2742146253585815 
v 6.335140228271484 -53.94264602661133 -1.2742146253585815 
v 6.335140228271484 -54.256072998046875 -1.2742146253585815 
v -19.839061737060547 -54.350101470947266 -2.2713735103607178 
v -19.839061737060547 -54.256072998046875 -2.2713735103607178 
v -19.98972511291504 -54.350101470947266 -2.2713735103607178 
v -19.98972511291504 -54.256072998046875 -2.2713735103607178 
v -19.98972511291504 -53.98965835571289 -2.2713735103607178 
v -19.839061737060547 -53.98965835571289 -2.2713735103607178 
v -19.98972511291504 -53.707576751708984 -2.2713735103607178 
v -19.839061737060547 -53.707576751708984 -2.2713735103607178 
v -19.98972511291504 -52.594913482666016 -2.2713735103607178 
v -19.839061737060547 -52.594913482666016 -2.2713735103607178 
v -17.674999237060547 -54.256072998046875 -2.2713735103607178 
v -17.674999237060547 -53.98965835571289 -2.2713735103607178 
v -17.674999237060547 -53.72324752807617 -2.2713735103607178 
v -17.674999237060547 -52.594913482666016 -2.2713735103607178 
v -17.483247756958008 -53.98965835571289 -2.2713735103607178 
v -17.483247756958008 -53.72324752807617 -2.2713735103607178 
v -17.483247756958008 -52.594913482666016 -2.2713735103607178 
v -15.757475852966309 -53.98965835571289 -2.2713735103607178 
v -15.757475852966309 -53.72324752807617 -2.2713735103607178 
v -15.757475852966309 -52.594913482666016 -2.2713735103607178 
v -15.757475852966309 -54.256072998046875 -2.2713735103607178 
v -17.483247756958008 -54.256072998046875 -2.2713735103607178 
v -17.674999237060547 -54.350101470947266 -2.2713735103607178 
v -17.483247756958008 -54.350101470947266 -2.2713735103607178 
v 2.308339834213257 -52.594913482666016 -1.2742146253585815 
v 2.308339834213257 -53.67623519897461 -1.2742146253585815 
v 2.1165874004364014 -52.594913482666016 -1.2742146253585815 
v 2.1165874004364014 -53.67623519897461 -1.2742146253585815 
v 0.390815794467926 -52.594913482666016 -1.2742146253585815 
v 0.390815794467926 -53.67623519897461 -1.2742146253585815 
v 2.308339834213257 -53.94264602661133 -1.2742146253585815 
v 2.1165874004364014 -53.94264602661133 -1.2742146253585815 
v 0.390815794467926 -53.94264602661133 -1.2742146253585815 
v 2.308339834213257 -54.256072998046875 -1.2742146253585815 
v 2.1165874004364014 -54.256072998046875 -1.2742146253585815 
v 0.390815794467926 -54.256072998046875 -1.2742146253585815 
v 2.1165874004364014 -54.350101470947266 -1.2742146253585815 
v 2.308339834213257 -54.350101470947266 -1.2742146253585815 
v 4.623064994812012 -52.7829704284668 -6.736700057983398 
v 4.472402572631836 -52.7829704284668 -6.736700057983398 
v 4.623064994812012 -52.688941955566406 -6.678329944610596 
v 4.472402572631836 -52.688941955566406 -6.678329944610596 
v -19.98972511291504 -52.594913482666016 -0.510536789894104 
v -14.442602157592773 -25.060440063476562 0.9146708846092224 
v -19.98972511291504 -52.594913482666016 -0.9385855197906494 
v -14.442602157592773 -25.060440063476562 0.486622154712677 
v -14.442602157592773 -25.060440063476562 0.15099303424358368 
v -19.98972511291504 -52.594913482666016 -1.2742146253585815 
v -14.442602157592773 -25.060440063476562 -0.8461658954620361 
v -19.98972511291504 -52.594913482666016 -2.2713735103607178 
v -14.442602157592773 -25.060440063476562 -1.1526098251342773 
v -19.98972511291504 -52.594913482666016 -2.577817440032959 
v -14.442602157592773 -25.060440063476562 -1.3520417213439941 
v -19.98972511291504 -52.594913482666016 -2.7723851203918457 
v -3.4305355548858643 -25.060440063476562 -1.3520417213439941 
v -3.4305355548858643 -24.214189529418945 -1.3520417213439941 
v -3.238783121109009 -25.060440063476562 -1.3520417213439941 
v -3.238783121109009 -24.214189529418945 -1.3520417213439941 
v -1.0747203826904297 -25.060440063476562 -1.3520417213439941 
v -1.0747203826904297 -24.214189529418945 -1.3520417213439941 
v -0.9240577816963196 -24.214189529418945 -1.3520417213439941 
v -0.9240577816963196 -22.27094841003418 -1.3520417213439941 
v -3.4305355548858643 -22.27094841003418 -1.3520417213439941 
v -3.238783121109009 -22.27094841003418 -1.3520417213439941 
v -1.0747203826904297 -22.27094841003418 -1.3520417213439941 
v 0.390815794467926 -52.594913482666016 -1.2742146253585815 
v 0.390815794467926 -52.594913482666016 -0.9385855197906494 
v 2.1165874004364014 -52.594913482666016 -1.2742146253585815 
v 2.1165874004364014 -52.594913482666016 -0.9385855197906494 
v -15.757475852966309 -53.98965835571289 -4.576999664306641 
v -15.757475852966309 -52.688941955566406 -6.678329944610596 
v -15.757475852966309 -52.438201904296875 -6.678329944610596 
v 6.335140228271484 -53.707576751708984 -2.577817440032959 
v 6.335140228271484 -53.98965835571289 -2.874533176422119 
v 4.623064994812012 -53.707576751708984 -2.577817440032959 
v 4.623064994812012 -53.98965835571289 -2.874533176422119 
v 6.335140228271484 -52.594913482666016 -2.577817440032959 
v 6.335140228271484 -53.707576751708984 -2.577817440032959 
v 4.623064994812012 -52.594913482666016 -2.577817440032959 
v 4.623064994812012 -53.707576751708984 -2.577817440032959 
v 4.472402572631836 -53.707576751708984 -2.577817440032959 
v 4.472402572631836 -52.594913482666016 -2.577817440032959 
v 2.308339834213257 -52.594913482666016 -2.577817440032959 
v 2.308339834213257 -53.707576751708984 -2.577817440032959 
v 2.1165874004364014 -52.594913482666016 -2.577817440032959 
v 2.1165874004364014 -53.707576751708984 -2.577817440032959 
v 0.390815794467926 -52.594913482666016 -2.577817440032959 
v -19.98972511291504 -52.594913482666016 -0.510536789894104 
v -19.839061737060547 -52.594913482666016 -0.510536789894104 
v -14.442602157592773 -25.060440063476562 0.9146708846092224 
v -14.291939735412598 -25.060440063476562 0.9146708846092224 
v -17.674999237060547 -52.594913482666016 -0.510536789894104 
v -12.127876281738281 -25.060440063476562 0.9146708846092224 
v -11.936123847961426 -25.060440063476562 0.9146708846092224 
v -17.483247756958008 -52.594913482666016 -0.510536789894104 
v 0.390815794467926 -22.27094841003418 0.486622154712677 
v 0.8838933706283569 -22.756759643554688 0.486622154712677 
v 0.390815794467926 -22.27094841003418 0.15099303424358368 
v 0.8838933706283569 -22.756759643554688 0.15099303424358368 
v -17.674999237060547 -52.688941955566406 3.161926746368408 
v -17.674999237060547 -52.7829704284668 3.220296859741211 
v -17.483247756958008 -52.688941955566406 3.161926746368408 
v -17.483247756958008 -52.7829704284668 3.220296859741211 
v 0.390815794467926 -24.214189529418945 -1.1526098251342773 
v 0.390815794467926 -24.214189529418945 -0.8461658954620361 
v -0.9240577816963196 -24.214189529418945 -1.1526098251342773 
v -0.9240577816963196 -24.214189529418945 -0.8461658954620361 
v -17.483247756958008 -52.688941955566406 -6.678329944610596 
v -15.757475852966309 -52.688941955566406 -6.678329944610596 
v -17.483247756958008 -54.256072998046875 -4.576999664306641 
v -15.757475852966309 -54.256072998046875 -4.576999664306641 
v -15.757475852966309 -52.594913482666016 -0.9385855197906494 
v -15.757475852966309 -53.64488983154297 -0.9385855197906494 
v -15.757475852966309 -52.594913482666016 -1.2742146253585815 
v -15.757475852966309 -53.67623519897461 -1.2742146253585815 
v -15.757475852966309 -53.94264602661133 -1.1915234327316284 
v -15.757475852966309 -53.94264602661133 -0.6418699026107788 
v -15.757475852966309 -54.19338607788086 -0.9385855197906494 
v -15.757475852966309 -54.256072998046875 -0.9385855197906494 
v -15.757475852966309 -54.256072998046875 -1.2742146253585815 
v -15.757475852966309 -53.94264602661133 -1.2742146253585815 
v 0.8838933706283569 -23.72838020324707 -0.8461658954620361 
v 0.8838933706283569 -22.756759643554688 -0.8461658954620361 
v 0.390815794467926 -24.214189529418945 -0.8461658954620361 
v 0.390815794467926 -22.27094841003418 -0.8461658954620361 
v -0.9240577816963196 -24.214189529418945 -0.8461658954620361 
v -0.9240577816963196 -22.27094841003418 -0.8461658954620361 
v -17.483247756958008 -54.350101470947266 -1.2742146253585815 
v -17.483247756958008 -54.256072998046875 -1.2742146253585815 
v -17.483247756958008 -54.350101470947266 -0.9385855197906494 
v -17.483247756958008 -54.256072998046875 -0.9385855197906494 
v -17.483247756958008 -54.350101470947266 1.0946458578109741 
v -17.483247756958008 -54.256072998046875 1.0605965852737427 
v -17.483247756958008 -52.7829704284668 3.220296859741211 
v -17.483247756958008 -52.688941955566406 3.161926746368408 
v -17.483247756958008 -52.594913482666016 -0.510536789894104 
v -17.483247756958008 -52.594913482666016 -0.9385855197906494 
v -11.936123847961426 -25.060440063476562 0.9146708846092224 
v -11.936123847961426 -25.060440063476562 0.486622154712677 
v -17.483247756958008 -52.594913482666016 -1.2742146253585815 
v -11.936123847961426 -25.060440063476562 0.15099303424358368 
v -17.483247756958008 -52.594913482666016 -2.2713735103607178 
v -11.936123847961426 -25.060440063476562 -0.8461658954620361 
v -17.483247756958008 -52.594913482666016 -2.577817440032959 
v -11.936123847961426 -25.060440063476562 -1.1526098251342773 
v -11.936123847961426 -25.060440063476562 -1.3520417213439941 
v -17.483247756958008 -52.594913482666016 -2.7723851203918457 
v -19.98972511291504 -52.594913482666016 -1.2742146253585815 
v -21.701799392700195 -52.594913482666016 -1.2742146253585815 
v -19.98972511291504 -52.594913482666016 -0.9385855197906494 
v -21.701799392700195 -52.594913482666016 -0.9385855197906494 
v -17.483247756958008 -52.594913482666016 -2.2713735103607178 
v -15.757475852966309 -52.594913482666016 -2.2713735103607178 
v -17.483247756958008 -52.594913482666016 -2.577817440032959 
v -15.757475852966309 -52.594913482666016 -2.577817440032959 
v -19.98972511291504 -53.94264602661133 1.0605965852737427 
v -21.701799392700195 -53.94264602661133 1.0605965852737427 
v -19.98972511291504 -52.39118576049805 3.161926746368408 
v -21.701799392700195 -52.39118576049805 3.161926746368408 
v -17.483247756958008 -52.594913482666016 -0.9385855197906494 
v -15.757475852966309 -52.594913482666016 -0.9385855197906494 
v -17.483247756958008 -52.594913482666016 -1.2742146253585815 
v -15.757475852966309 -52.594913482666016 -1.2742146253585815 
v -17.483247756958008 -52.594913482666016 -2.7723851203918457 
v -17.674999237060547 -52.594913482666016 -2.7723851203918457 
v -11.936123847961426 -25.060440063476562 -1.3520417213439941 
v -12.127876281738281 -25.060440063476562 -1.3520417213439941 
v -19.839061737060547 -52.594913482666016 -2.7723851203918457 
v -14.291939735412598 -25.060440063476562 -1.3520417213439941 
v -14.442602157592773 -25.060440063476562 -1.3520417213439941 
v -19.98972511291504 -52.594913482666016 -2.7723851203918457 
v 2.1165874004364014 -54.350101470947266 -1.2742146253585815 
v 2.1165874004364014 -54.350101470947266 -0.9385855197906494 
v 2.1165874004364014 -54.256072998046875 -1.2742146253585815 
v 2.1165874004364014 -54.256072998046875 -0.9385855197906494 
v 2.1165874004364014 -54.350101470947266 1.0946458578109741 
v 2.1165874004364014 -54.256072998046875 1.0605965852737427 
v 2.1165874004364014 -52.7829704284668 3.220296859741211 
v 2.1165874004364014 -52.688941955566406 3.161926746368408 
v -14.442602157592773 -22.27094841003418 0.15099303424358368 
v -14.442602157592773 -22.27094841003418 -0.8461658954620361 
v -14.442602157592773 -24.214189529418945 0.15099303424358368 
v -14.442602157592773 -24.214189529418945 -0.8461658954620361 
v -14.442602157592773 -25.060440063476562 -0.8461658954620361 
v -14.442602157592773 -25.060440063476562 -1.1526098251342773 
v -14.442602157592773 -24.214189529418945 -1.1526098251342773 
v -14.442602157592773 -25.060440063476562 -1.3520417213439941 
v -14.442602157592773 -24.214189529418945 -1.3520417213439941 
v -14.442602157592773 -22.27094841003418 -1.3520417213439941 
v -0.9240577816963196 -24.214189529418945 -1.1526098251342773 
v -0.9240577816963196 -22.27094841003418 -1.1526098251342773 
v 0.390815794467926 -24.214189529418945 -1.1526098251342773 
v 0.390815794467926 -22.27094841003418 -1.1526098251342773 
v 0.8838933706283569 -23.72838020324707 -1.1526098251342773 
v 0.8838933706283569 -22.756759643554688 -1.1526098251342773 
v -16.250553131103516 -22.756759643554688 -1.1526098251342773 
v -16.250553131103516 -22.756759643554688 -0.8461658954620361 
v -15.757475852966309 -22.27094841003418 -1.1526098251342773 
v -15.757475852966309 -22.27094841003418 -0.8461658954620361 
v -16.250553131103516 -22.756759643554688 0.15099303424358368 
v -16.250553131103516 -22.756759643554688 0.486622154712677 
v -15.757475852966309 -22.27094841003418 0.15099303424358368 
v -15.757475852966309 -22.27094841003418 0.486622154712677 
v -14.442602157592773 -24.214189529418945 -0.8461658954620361 
v -15.757475852966309 -24.214189529418945 -0.8461658954620361 
v -14.442602157592773 -24.214189529418945 -1.1526098251342773 
v -15.757475852966309 -24.214189529418945 -1.1526098251342773 
v -15.757475852966309 -53.707576751708984 -2.577817440032959 
v -17.483247756958008 -53.707576751708984 -2.577817440032959 
v -15.757475852966309 -52.594913482666016 -2.577817440032959 
v -17.483247756958008 -52.594913482666016 -2.577817440032959 
v -17.674999237060547 -53.707576751708984 -2.577817440032959 
v -17.674999237060547 -52.594913482666016 -2.577817440032959 
v -19.839061737060547 -53.707576751708984 -2.577817440032959 
v -19.839061737060547 -52.594913482666016 -2.577817440032959 
v -19.98972511291504 -52.594913482666016 -2.577817440032959 
v -19.98972511291504 -53.707576751708984 -2.577817440032959 
v -21.701799392700195 -53.707576751708984 -2.577817440032959 
v 0.390815794467926 -52.594913482666016 -2.2713735103607178 
v 0.390815794467926 -52.594913482666016 -2.577817440032959 
v 0.390815794467926 -53.72324752807617 -2.2713735103607178 
v 0.390815794467926 -53.707576751708984 -2.577817440032959 
v 0.390815794467926 -53.98965835571289 -2.2713735103607178 
v 0.390815794467926 -53.98965835571289 -2.3248796463012695 
v 0.390815794467926 -54.256072998046875 -2.577817440032959 
v 0.390815794467926 -53.98965835571289 -2.874533176422119 
v 0.390815794467926 -54.256072998046875 -4.576999664306641 
v 0.390815794467926 -53.98965835571289 -4.576999664306641 
v 0.390815794467926 -52.688941955566406 -6.678329944610596 
v 0.390815794467926 -52.438201904296875 -6.678329944610596 
v -14.442602157592773 -25.060440063476562 0.9146708846092224 
v -14.442602157592773 -24.214189529418945 0.9146708846092224 
v -14.442602157592773 -25.060440063476562 0.486622154712677 
v -14.442602157592773 -24.214189529418945 0.486622154712677 
v -14.442602157592773 -25.060440063476562 0.15099303424358368 
v -14.442602157592773 -22.27094841003418 0.486622154712677 
v -14.442602157592773 -22.27094841003418 0.9146708846092224 
v 2.1165874004364014 -54.256072998046875 -2.2713735103607178 
v 2.1165874004364014 -54.256072998046875 -2.577817440032959 
v 2.1165874004364014 -54.350101470947266 -2.2713735103607178 
v 2.1165874004364014 -54.350101470947266 -2.577817440032959 
v 2.1165874004364014 -54.256072998046875 -4.576999664306641 
v 2.1165874004364014 -54.350101470947266 -4.611049175262451 
v 2.1165874004364014 -52.688941955566406 -6.678329944610596 
v 2.1165874004364014 -52.7829704284668 -6.736700057983398 
v -11.936123847961426 -25.060440063476562 0.9146708846092224 
v -11.936123847961426 -25.060440063476562 0.486622154712677 
v -11.936123847961426 -24.214189529418945 0.9146708846092224 
v -11.936123847961426 -24.214189529418945 0.486622154712677 
v -11.936123847961426 -22.27094841003418 0.486622154712677 
v -11.936123847961426 -22.27094841003418 0.15099303424358368 
v -11.936123847961426 -25.060440063476562 0.15099303424358368 
v -11.936123847961426 -24.214189529418945 0.15099303424358368 
v -11.936123847961426 -22.27094841003418 -0.8461658954620361 
v -11.936123847961426 -25.060440063476562 -0.8461658954620361 
v -11.936123847961426 -24.214189529418945 -0.8461658954620361 
v -11.936123847961426 -22.27094841003418 -1.1526098251342773 
v -11.936123847961426 -25.060440063476562 -1.1526098251342773 
v -11.936123847961426 -24.214189529418945 -1.1526098251342773 
v -11.936123847961426 -22.27094841003418 -1.3520417213439941 
v -11.936123847961426 -25.060440063476562 -1.3520417213439941 
v -11.936123847961426 -24.214189529418945 -1.3520417213439941 
v -21.701799392700195 -52.594913482666016 -2.577817440032959 
v -21.701799392700195 -53.707576751708984 -2.577817440032959 
v -21.701799392700195 -52.594913482666016 -2.2713735103607178 
v -21.701799392700195 -53.707576751708984 -2.2713735103607178 
v -21.701799392700195 -53.98965835571289 -2.3248796463012695 
v -21.701799392700195 -53.98965835571289 -2.874533176422119 
v -21.701799392700195 -54.256072998046875 -2.577817440032959 
v -21.701799392700195 -54.256072998046875 -4.576999664306641 
v -21.701799392700195 -53.98965835571289 -2.2713735103607178 
v -21.701799392700195 -54.256072998046875 -2.2713735103607178 
v 2.308339834213257 -54.350101470947266 -2.2713735103607178 
v 2.308339834213257 -54.350101470947266 -2.577817440032959 
v 2.308339834213257 -54.256072998046875 -2.2713735103607178 
v 2.308339834213257 -54.256072998046875 -2.577817440032959 
v 2.308339834213257 -54.350101470947266 -4.611049175262451 
v 2.308339834213257 -54.256072998046875 -4.576999664306641 
v 2.308339834213257 -52.7829704284668 -6.736700057983398 
v 2.308339834213257 -52.688941955566406 -6.678329944610596 
v -14.442602157592773 -22.27094841003418 0.15099303424358368 
v -15.757475852966309 -22.27094841003418 0.15099303424358368 
v -14.442602157592773 -22.27094841003418 0.486622154712677 
v -15.757475852966309 -22.27094841003418 0.486622154712677 
v -21.701799392700195 -53.98965835571289 -4.576999664306641 
v -21.701799392700195 -52.438201904296875 -6.678329944610596 
v -21.701799392700195 -52.688941955566406 -6.678329944610596 
v -14.442602157592773 -22.27094841003418 -1.1526098251342773 
v -15.757475852966309 -22.27094841003418 -1.1526098251342773 
v -14.442602157592773 -22.27094841003418 -0.8461658954620361 
v -15.757475852966309 -22.27094841003418 -0.8461658954620361 
v 0.390815794467926 -22.27094841003418 -0.8461658954620361 
v 0.390815794467926 -22.27094841003418 -1.1526098251342773 
v -0.9240577816963196 -22.27094841003418 -0.8461658954620361 
v -0.9240577816963196 -22.27094841003418 -1.1526098251342773 
v 4.623064994812012 -52.688941955566406 -6.678329944610596 
v 4.623064994812012 -54.256072998046875 -4.576999664306641 
v 4.623064994812012 -52.7829704284668 -6.736700057983398 
v 4.623064994812012 -54.350101470947266 -4.611049175262451 
v 4.623064994812012 -54.256072998046875 -2.577817440032959 
v 4.623064994812012 -54.350101470947266 -2.577817440032959 
v 4.623064994812012 -54.256072998046875 -2.2713735103607178 
v 4.623064994812012 -54.350101470947266 -2.2713735103607178 
v 4.472402572631836 -54.256072998046875 -2.2713735103607178 
v 4.472402572631836 -54.256072998046875 -2.577817440032959 
v 4.472402572631836 -54.350101470947266 -2.2713735103607178 
v 4.472402572631836 -54.350101470947266 -2.577817440032959 
v 4.472402572631836 -54.256072998046875 -4.576999664306641 
v 4.472402572631836 -54.350101470947266 -4.611049175262451 
v 4.472402572631836 -52.688941955566406 -6.678329944610596 
v 4.472402572631836 -52.7829704284668 -6.736700057983398 
v -0.9240577816963196 -22.27094841003418 -1.3520417213439941 
v -1.0747203826904297 -22.27094841003418 -1.3520417213439941 
v -0.9240577816963196 -22.27094841003418 -1.1526098251342773 
v -1.0747203826904297 -22.27094841003418 -1.1526098251342773 
v -0.9240577816963196 -22.27094841003418 -0.8461658954620361 
v -1.0747203826904297 -22.27094841003418 -0.8461658954620361 
v -0.9240577816963196 -22.27094841003418 0.15099303424358368 
v -1.0747203826904297 -22.27094841003418 0.15099303424358368 
v -0.9240577816963196 -22.27094841003418 0.486622154712677 
v -1.0747203826904297 -22.27094841003418 0.486622154712677 
v -0.9240577816963196 -22.27094841003418 0.9146708846092224 
v -1.0747203826904297 -22.27094841003418 0.9146708846092224 
v -3.238783121109009 -22.27094841003418 -1.1526098251342773 
v -3.238783121109009 -22.27094841003418 -0.8461658954620361 
v -3.238783121109009 -22.27094841003418 0.15099303424358368 
v -3.238783121109009 -22.27094841003418 0.486622154712677 
v -3.238783121109009 -22.27094841003418 0.9146708846092224 
v -3.4305355548858643 -22.27094841003418 -0.8461658954620361 
v -3.4305355548858643 -22.27094841003418 0.15099303424358368 
v -3.4305355548858643 -22.27094841003418 0.486622154712677 
v -3.4305355548858643 -22.27094841003418 0.9146708846092224 
v -3.4305355548858643 -22.27094841003418 -1.1526098251342773 
v -3.238783121109009 -22.27094841003418 -1.3520417213439941 
v -3.4305355548858643 -22.27094841003418 -1.3520417213439941 
v -0.9240577816963196 -22.27094841003418 0.15099303424358368 
v -0.9240577816963196 -22.27094841003418 0.486622154712677 
v 0.390815794467926 -22.27094841003418 0.15099303424358368 
v 0.390815794467926 -22.27094841003418 0.486622154712677 
v -14.442602157592773 -25.060440063476562 -1.3520417213439941 
v -14.442602157592773 -24.214189529418945 -1.3520417213439941 
v -14.291939735412598 -25.060440063476562 -1.3520417213439941 
v -14.291939735412598 -24.214189529418945 -1.3520417213439941 
v -12.127876281738281 -24.214189529418945 -1.3520417213439941 
v -12.127876281738281 -22.27094841003418 -1.3520417213439941 
v -11.936123847961426 -22.27094841003418 -1.3520417213439941 
v -11.936123847961426 -24.214189529418945 -1.3520417213439941 
v -12.127876281738281 -25.060440063476562 -1.3520417213439941 
v 4.472402572631836 -52.688941955566406 3.161926746368408 
v 4.472402572631836 -54.256072998046875 1.0605965852737427 
v 4.472402572631836 -52.7829704284668 3.220296859741211 
v 4.472402572631836 -54.350101470947266 1.0946458578109741 
v 4.472402572631836 -54.256072998046875 -0.9385855197906494 
v 4.472402572631836 -54.350101470947266 -0.9385855197906494 
v 4.472402572631836 -54.256072998046875 -1.2742146253585815 
v 4.472402572631836 -54.350101470947266 -1.2742146253585815 
v -11.936123847961426 -22.27094841003418 0.9146708846092224 
v -12.127876281738281 -22.27094841003418 0.9146708846092224 
v -11.936123847961426 -24.214189529418945 0.9146708846092224 
v -12.127876281738281 -24.214189529418945 0.9146708846092224 
v -11.936123847961426 -25.060440063476562 0.9146708846092224 
v -12.127876281738281 -25.060440063476562 0.9146708846092224 
v -14.291939735412598 -22.27094841003418 0.9146708846092224 
v -14.291939735412598 -24.214189529418945 0.9146708846092224 
v -14.291939735412598 -25.060440063476562 0.9146708846092224 
v -14.442602157592773 -24.214189529418945 0.9146708846092224 
v -14.442602157592773 -25.060440063476562 0.9146708846092224 
v -14.442602157592773 -22.27094841003418 -1.3520417213439941 
v -14.291939735412598 -22.27094841003418 -1.3520417213439941 
v -19.98972511291504 -52.594913482666016 -0.510536789894104 
v -19.98972511291504 -52.594913482666016 -0.9385855197906494 
v -19.839061737060547 -52.594913482666016 -0.510536789894104 
v -19.839061737060547 -52.594913482666016 -0.9385855197906494 
v -17.674999237060547 -52.594913482666016 -0.9385855197906494 
v -17.674999237060547 -52.594913482666016 -0.510536789894104 
v -17.483247756958008 -52.594913482666016 -0.9385855197906494 
v -17.483247756958008 -52.594913482666016 -0.510536789894104 
v -17.483247756958008 -52.7829704284668 -6.736700057983398 
v -17.483247756958008 -54.350101470947266 -4.611049175262451 
v -17.674999237060547 -52.7829704284668 -6.736700057983398 
v -17.674999237060547 -54.350101470947266 -4.611049175262451 
v -17.483247756958008 -54.350101470947266 -2.577817440032959 
v -17.674999237060547 -54.350101470947266 -2.577817440032959 
v -17.674999237060547 -54.350101470947266 -2.2713735103607178 
v -17.483247756958008 -54.350101470947266 -2.2713735103607178 
v 2.308339834213257 -54.350101470947266 -1.2742146253585815 
v 2.308339834213257 -54.350101470947266 -0.9385855197906494 
v 2.1165874004364014 -54.350101470947266 -1.2742146253585815 
v 2.1165874004364014 -54.350101470947266 -0.9385855197906494 
v 2.308339834213257 -54.350101470947266 1.0946458578109741 
v 2.1165874004364014 -54.350101470947266 1.0946458578109741 
v 2.308339834213257 -52.7829704284668 3.220296859741211 
v 2.1165874004364014 -52.7829704284668 3.220296859741211 
v 4.623064994812012 -52.594913482666016 -0.510536789894104 
v 4.472402572631836 -52.594913482666016 -0.510536789894104 
v 4.623064994812012 -52.594913482666016 -0.9385855197906494 
v 4.472402572631836 -52.594913482666016 -0.9385855197906494 
v 2.308339834213257 -52.594913482666016 -0.9385855197906494 
v 2.308339834213257 -52.594913482666016 -0.510536789894104 
v 2.1165874004364014 -52.594913482666016 -0.9385855197906494 
v 2.1165874004364014 -52.594913482666016 -0.510536789894104 
v -11.936123847961426 -22.27094841003418 -1.3520417213439941 
v -12.127876281738281 -22.27094841003418 -1.3520417213439941 
v -11.936123847961426 -22.27094841003418 -1.1526098251342773 
v -12.127876281738281 -22.27094841003418 -1.1526098251342773 
v -11.936123847961426 -22.27094841003418 -0.8461658954620361 
v -12.127876281738281 -22.27094841003418 -0.8461658954620361 
v -11.936123847961426 -22.27094841003418 0.15099303424358368 
v -12.127876281738281 -22.27094841003418 0.15099303424358368 
v -11.936123847961426 -22.27094841003418 0.486622154712677 
v -12.127876281738281 -22.27094841003418 0.486622154712677 
v -11.936123847961426 -22.27094841003418 0.9146708846092224 
v -12.127876281738281 -22.27094841003418 0.9146708846092224 
v -14.291939735412598 -22.27094841003418 -1.3520417213439941 
v -14.291939735412598 -22.27094841003418 -1.1526098251342773 
v -14.291939735412598 -22.27094841003418 -0.8461658954620361 
v -14.291939735412598 -22.27094841003418 0.15099303424358368 
v -14.291939735412598 -22.27094841003418 0.486622154712677 
v -14.291939735412598 -22.27094841003418 0.9146708846092224 
v -14.442602157592773 -22.27094841003418 -1.1526098251342773 
v -14.442602157592773 -22.27094841003418 -0.8461658954620361 
v -14.442602157592773 -22.27094841003418 0.15099303424358368 
v -14.442602157592773 -22.27094841003418 0.486622154712677 
v -14.442602157592773 -22.27094841003418 0.9146708846092224 
v -16.250553131103516 -23.72838020324707 0.486622154712677 
v -16.250553131103516 -22.756759643554688 0.486622154712677 
v -16.250553131103516 -23.72838020324707 0.15099303424358368 
v -16.250553131103516 -22.756759643554688 0.15099303424358368 
v -16.250553131103516 -23.72838020324707 -0.8461658954620361 
v -16.250553131103516 -22.756759643554688 -0.8461658954620361 
v -16.250553131103516 -23.72838020324707 -1.1526098251342773 
v -16.250553131103516 -22.756759643554688 -1.1526098251342773 
v -15.757475852966309 -24.214189529418945 0.15099303424358368 
v -14.442602157592773 -24.214189529418945 0.15099303424358368 
v -15.757475852966309 -24.214189529418945 0.486622154712677 
v -14.442602157592773 -24.214189529418945 0.486622154712677 
v 2.1165874004364014 -52.7829704284668 -6.736700057983398 
v 2.308339834213257 -52.7829704284668 -6.736700057983398 
v 2.1165874004364014 -54.350101470947266 -4.611049175262451 
v 2.308339834213257 -54.350101470947266 -4.611049175262451 
v 2.1165874004364014 -54.350101470947266 -2.577817440032959 
v 2.308339834213257 -54.350101470947266 -2.577817440032959 
v 2.308339834213257 -54.350101470947266 -2.2713735103607178 
v -15.757475852966309 -24.214189529418945 0.15099303424358368 
v -15.757475852966309 -24.214189529418945 0.486622154712677 
v -16.250553131103516 -23.72838020324707 0.15099303424358368 
v -16.250553131103516 -23.72838020324707 0.486622154712677 
v -15.757475852966309 -24.214189529418945 -1.1526098251342773 
v -15.757475852966309 -24.214189529418945 -0.8461658954620361 
v -16.250553131103516 -23.72838020324707 -1.1526098251342773 
v -16.250553131103516 -23.72838020324707 -0.8461658954620361 
v 4.623064994812012 -54.256072998046875 -1.2742146253585815 
v 4.623064994812012 -54.256072998046875 -0.9385855197906494 
v 4.623064994812012 -54.350101470947266 -1.2742146253585815 
v 4.623064994812012 -54.350101470947266 -0.9385855197906494 
v 4.623064994812012 -54.256072998046875 1.0605965852737427 
v 4.623064994812012 -54.350101470947266 1.0946458578109741 
v 4.623064994812012 -52.688941955566406 3.161926746368408 
v 4.623064994812012 -52.7829704284668 3.220296859741211 
v -19.98972511291504 -54.256072998046875 -2.2713735103607178 
v -21.701799392700195 -54.256072998046875 -2.2713735103607178 
v -19.98972511291504 -54.256072998046875 -2.577817440032959 
v -21.701799392700195 -54.256072998046875 -2.577817440032959 
v -21.701799392700195 -54.256072998046875 -2.2713735103607178 
v -19.98972511291504 -54.256072998046875 -2.2713735103607178 
v -21.701799392700195 -53.98965835571289 -2.2713735103607178 
v -21.701799392700195 -53.707576751708984 -2.2713735103607178 
v -21.701799392700195 -52.594913482666016 -2.2713735103607178 
v -19.98972511291504 -52.594913482666016 -2.577817440032959 
v -21.701799392700195 -52.594913482666016 -2.577817440032959 
v -19.98972511291504 -52.594913482666016 -2.2713735103607178 
v -21.701799392700195 -52.594913482666016 -2.2713735103607178 
v -19.98972511291504 -52.39118576049805 3.161926746368408 
v -19.839061737060547 -52.39118576049805 3.161926746368408 
v -19.98972511291504 -53.94264602661133 1.0605965852737427 
v -19.839061737060547 -53.94264602661133 1.0605965852737427 
v -19.98972511291504 -53.94264602661133 -0.6418699026107788 
v -19.839061737060547 -53.94264602661133 -0.6418699026107788 
v -17.674999237060547 -52.39118576049805 3.161926746368408 
v -17.674999237060547 -53.94264602661133 1.0605965852737427 
v -17.674999237060547 -53.94264602661133 -0.6418699026107788 
v -17.483247756958008 -53.94264602661133 1.0605965852737427 
v -17.483247756958008 -53.94264602661133 -0.6418699026107788 
v -17.483247756958008 -52.39118576049805 3.161926746368408 
v -15.757475852966309 -52.39118576049805 3.161926746368408 
v -15.757475852966309 -53.94264602661133 1.0605965852737427 
v -19.98972511291504 -54.256072998046875 -2.577817440032959 
v -21.701799392700195 -54.256072998046875 -2.577817440032959 
v -19.98972511291504 -54.256072998046875 -4.576999664306641 
v -21.701799392700195 -54.256072998046875 -4.576999664306641 
v -19.839061737060547 -54.350101470947266 -1.2742146253585815 
v -19.839061737060547 -54.350101470947266 -0.9385855197906494 
v -19.98972511291504 -54.350101470947266 -1.2742146253585815 
v -19.98972511291504 -54.350101470947266 -0.9385855197906494 
v -19.839061737060547 -54.350101470947266 1.0946458578109741 
v -19.98972511291504 -54.350101470947266 1.0946458578109741 
v -19.839061737060547 -52.7829704284668 3.220296859741211 
v -19.98972511291504 -52.7829704284668 3.220296859741211 
v -15.757475852966309 -54.256072998046875 -2.2713735103607178 
v -17.483247756958008 -54.256072998046875 -2.2713735103607178 
v -15.757475852966309 -54.256072998046875 -2.577817440032959 
v -17.483247756958008 -54.256072998046875 -2.577817440032959 
v -15.757475852966309 -54.256072998046875 -4.576999664306641 
v -17.483247756958008 -54.256072998046875 -4.576999664306641 
v -21.701799392700195 -53.98965835571289 -4.576999664306641 
v -19.98972511291504 -53.98965835571289 -4.576999664306641 
v -21.701799392700195 -52.438201904296875 -6.678329944610596 
v -19.98972511291504 -52.438201904296875 -6.678329944610596 
v 2.308339834213257 -54.256072998046875 -1.2742146253585815 
v 2.308339834213257 -54.256072998046875 -0.9385855197906494 
v 2.308339834213257 -54.350101470947266 -1.2742146253585815 
v 2.308339834213257 -54.350101470947266 -0.9385855197906494 
v 2.308339834213257 -54.256072998046875 1.0605965852737427 
v 2.308339834213257 -54.350101470947266 1.0946458578109741 
v 2.308339834213257 -52.688941955566406 3.161926746368408 
v 2.308339834213257 -52.7829704284668 3.220296859741211 
v 4.623064994812012 -52.7829704284668 -6.736700057983398 
v 4.623064994812012 -54.350101470947266 -4.611049175262451 
v 4.472402572631836 -52.7829704284668 -6.736700057983398 
v 4.472402572631836 -54.350101470947266 -4.611049175262451 
v 4.623064994812012 -54.350101470947266 -2.577817440032959 
v 4.472402572631836 -54.350101470947266 -2.577817440032959 
v 4.472402572631836 -54.350101470947266 -2.2713735103607178 
v 4.623064994812012 -54.350101470947266 -2.2713735103607178 
v -15.757475852966309 -52.688941955566406 3.161926746368408 
v -15.757475852966309 -54.256072998046875 1.0605965852737427 
v -15.757475852966309 -52.39118576049805 3.161926746368408 
v -15.757475852966309 -53.94264602661133 1.0605965852737427 
v -19.98972511291504 -53.98965835571289 -4.576999664306641 
v -21.701799392700195 -53.98965835571289 -4.576999664306641 
v -19.98972511291504 -53.98965835571289 -2.874533176422119 
v -21.701799392700195 -53.98965835571289 -2.874533176422119 
v -19.98972511291504 -54.256072998046875 -1.2742146253585815 
v -19.98972511291504 -54.350101470947266 -1.2742146253585815 
v -19.98972511291504 -54.256072998046875 -0.9385855197906494 
v -19.98972511291504 -54.350101470947266 -0.9385855197906494 
v -19.98972511291504 -54.256072998046875 1.0605965852737427 
v -19.98972511291504 -54.350101470947266 1.0946458578109741 
v -19.98972511291504 -52.688941955566406 3.161926746368408 
v -19.98972511291504 -52.7829704284668 3.220296859741211 
v 4.623064994812012 -52.688941955566406 3.161926746368408 
v 4.472402572631836 -52.688941955566406 3.161926746368408 
v 4.623064994812012 -52.7829704284668 3.220296859741211 
v 4.472402572631836 -52.7829704284668 3.220296859741211 
v 2.1165874004364014 -52.594913482666016 -2.2713735103607178 
v 2.1165874004364014 -52.594913482666016 -2.577817440032959 
v 0.390815794467926 -52.594913482666016 -2.2713735103607178 
v 0.390815794467926 -52.594913482666016 -2.577817440032959 
v 2.1165874004364014 -54.256072998046875 1.0605965852737427 
v 2.1165874004364014 -52.688941955566406 3.161926746368408 
v 0.390815794467926 -54.256072998046875 1.0605965852737427 
v 0.390815794467926 -52.688941955566406 3.161926746368408 
v 6.335140228271484 -53.64488983154297 -0.9385855197906494 
v 6.335140228271484 -52.594913482666016 -0.9385855197906494 
v 4.623064994812012 -53.64488983154297 -0.9385855197906494 
v 4.623064994812012 -52.594913482666016 -0.9385855197906494 
v 4.472402572631836 -53.64488983154297 -0.9385855197906494 
v 4.472402572631836 -52.594913482666016 -0.9385855197906494 
v 2.308339834213257 -53.64488983154297 -0.9385855197906494 
v 2.308339834213257 -52.594913482666016 -0.9385855197906494 
v 2.1165874004364014 -52.594913482666016 -0.9385855197906494 
v 2.1165874004364014 -53.64488983154297 -0.9385855197906494 
v 0.390815794467926 -53.64488983154297 -0.9385855197906494 
v 4.623064994812012 -53.64488983154297 -0.9385855197906494 
v 4.623064994812012 -53.94264602661133 -0.6418699026107788 
v 6.335140228271484 -53.64488983154297 -0.9385855197906494 
v 6.335140228271484 -53.94264602661133 -0.6418699026107788 
v 6.335140228271484 -52.39118576049805 3.161926746368408 
v 6.335140228271484 -53.94264602661133 1.0605965852737427 
v 4.623064994812012 -52.39118576049805 3.161926746368408 
v 4.623064994812012 -53.94264602661133 1.0605965852737427 
v 4.623064994812012 -54.256072998046875 -4.576999664306641 
v 4.623064994812012 -52.688941955566406 -6.678329944610596 
v 6.335140228271484 -54.256072998046875 -4.576999664306641 
v 6.335140228271484 -52.688941955566406 -6.678329944610596 
v 6.335140228271484 -53.98965835571289 -4.576999664306641 
v 6.335140228271484 -52.438201904296875 -6.678329944610596 
v 4.623064994812012 -53.98965835571289 -4.576999664306641 
v 4.623064994812012 -52.438201904296875 -6.678329944610596 
v 4.623064994812012 -53.98965835571289 -4.576999664306641 
v 4.623064994812012 -53.98965835571289 -2.874533176422119 
v 6.335140228271484 -53.98965835571289 -4.576999664306641 
v 6.335140228271484 -53.98965835571289 -2.874533176422119 
v 4.623064994812012 -52.594913482666016 -2.577817440032959 
v 4.623064994812012 -52.594913482666016 -2.2713735103607178 
v 6.335140228271484 -52.594913482666016 -2.577817440032959 
v 6.335140228271484 -52.594913482666016 -2.2713735103607178 
v 6.335140228271484 -54.256072998046875 -2.577817440032959 
v 6.335140228271484 -54.256072998046875 -2.2713735103607178 
v 4.623064994812012 -54.256072998046875 -2.577817440032959 
v 4.623064994812012 -54.256072998046875 -2.2713735103607178 
v 0.390815794467926 -24.214189529418945 -1.1526098251342773 
v 0.8838933706283569 -23.72838020324707 -1.1526098251342773 
v 0.390815794467926 -24.214189529418945 -0.8461658954620361 
v 0.8838933706283569 -23.72838020324707 -0.8461658954620361 
v 0.8838933706283569 -23.72838020324707 0.486622154712677 
v 0.390815794467926 -24.214189529418945 0.486622154712677 
v 0.8838933706283569 -23.72838020324707 0.15099303424358368 
v 0.390815794467926 -24.214189529418945 0.15099303424358368 
v 0.390815794467926 -54.256072998046875 -2.2713735103607178 
v 0.390815794467926 -54.256072998046875 -2.577817440032959 
v 2.1165874004364014 -54.256072998046875 -2.2713735103607178 
v 2.1165874004364014 -54.256072998046875 -2.577817440032959 
v 0.390815794467926 -54.256072998046875 -4.576999664306641 
v 2.1165874004364014 -54.256072998046875 -4.576999664306641 
v 0.8838933706283569 -23.72838020324707 0.486622154712677 
v 0.8838933706283569 -23.72838020324707 0.15099303424358368 
v 0.8838933706283569 -22.756759643554688 0.486622154712677 
v 0.8838933706283569 -22.756759643554688 0.15099303424358368 
v -17.674999237060547 -52.7829704284668 -6.736700057983398 
v -17.674999237060547 -52.688941955566406 -6.678329944610596 
v -17.483247756958008 -52.7829704284668 -6.736700057983398 
v -17.483247756958008 -52.688941955566406 -6.678329944610596 
v 4.623064994812012 -52.7829704284668 3.220296859741211 
v 4.472402572631836 -52.7829704284668 3.220296859741211 
v 4.623064994812012 -54.350101470947266 1.0946458578109741 
v 4.472402572631836 -54.350101470947266 1.0946458578109741 
v 4.623064994812012 -54.350101470947266 -0.9385855197906494 
v 4.472402572631836 -54.350101470947266 -0.9385855197906494 
v 4.623064994812012 -54.350101470947266 -1.2742146253585815 
v 4.472402572631836 -54.350101470947266 -1.2742146253585815 
v -15.757475852966309 -52.688941955566406 3.161926746368408 
v -17.483247756958008 -52.688941955566406 3.161926746368408 
v -15.757475852966309 -54.256072998046875 1.0605965852737427 
v -17.483247756958008 -54.256072998046875 1.0605965852737427 
v -21.701799392700195 -53.94264602661133 1.0605965852737427 
v -19.98972511291504 -53.94264602661133 1.0605965852737427 
v -21.701799392700195 -53.94264602661133 -0.6418699026107788 
v -21.701799392700195 -52.594913482666016 -1.2742146253585815 
v -19.98972511291504 -52.594913482666016 -1.2742146253585815 
v -21.701799392700195 -53.64488983154297 -1.2742146253585815 
v -19.98972511291504 -53.64488983154297 -1.2742146253585815 
v -21.701799392700195 -53.94264602661133 -1.2742146253585815 
v -19.98972511291504 -53.94264602661133 -1.2742146253585815 
v -21.701799392700195 -54.256072998046875 -1.2742146253585815 
v -19.98972511291504 -54.256072998046875 -1.2742146253585815 
v -19.839061737060547 -53.64488983154297 -1.2742146253585815 
v -19.839061737060547 -53.94264602661133 -1.2742146253585815 
v -19.839061737060547 -54.256072998046875 -1.2742146253585815 
v -19.839061737060547 -54.350101470947266 -1.2742146253585815 
v -19.98972511291504 -54.350101470947266 -1.2742146253585815 
v -19.839061737060547 -52.594913482666016 -1.2742146253585815 
v -19.98972511291504 -54.256072998046875 1.0605965852737427 
v -21.701799392700195 -54.256072998046875 1.0605965852737427 
v -19.98972511291504 -54.256072998046875 -0.9385855197906494 
v -21.701799392700195 -54.256072998046875 -0.9385855197906494 
v -19.98972511291504 -54.256072998046875 -1.2742146253585815 
v -21.701799392700195 -54.256072998046875 -1.2742146253585815 
v -21.701799392700195 -53.94264602661133 -0.6418699026107788 
v -19.98972511291504 -53.94264602661133 -0.6418699026107788 
v -21.701799392700195 -53.64488983154297 -0.9385855197906494 
v -19.98972511291504 -53.64488983154297 -0.9385855197906494 
v -19.839061737060547 -53.94264602661133 -0.6418699026107788 
v -19.839061737060547 -53.64488983154297 -0.9385855197906494 
v -17.674999237060547 -53.94264602661133 -0.6418699026107788 
v -17.674999237060547 -53.64488983154297 -0.9385855197906494 
v -17.483247756958008 -53.94264602661133 -0.6418699026107788 
v -17.483247756958008 -53.64488983154297 -0.9385855197906494 
v -15.757475852966309 -53.94264602661133 -0.6418699026107788 
v -15.757475852966309 -53.64488983154297 -0.9385855197906494 
v 2.1165874004364014 -54.350101470947266 -2.2713735103607178 
v 2.308339834213257 -54.350101470947266 -2.2713735103607178 
v 2.1165874004364014 -54.256072998046875 -2.2713735103607178 
v 2.308339834213257 -54.256072998046875 -2.2713735103607178 
v 2.1165874004364014 -53.98965835571289 -2.2713735103607178 
v 2.308339834213257 -53.98965835571289 -2.2713735103607178 
v 2.1165874004364014 -53.72324752807617 -2.2713735103607178 
v 2.308339834213257 -53.72324752807617 -2.2713735103607178 
v 2.1165874004364014 -52.594913482666016 -2.2713735103607178 
v 2.308339834213257 -52.594913482666016 -2.2713735103607178 
v 0.390815794467926 -53.72324752807617 -2.2713735103607178 
v 0.390815794467926 -53.98965835571289 -2.2713735103607178 
v 0.390815794467926 -54.256072998046875 -2.2713735103607178 
v 4.472402572631836 -52.594913482666016 -2.2713735103607178 
v 4.472402572631836 -53.707576751708984 -2.2713735103607178 
v 4.623064994812012 -52.594913482666016 -2.2713735103607178 
v 4.623064994812012 -53.707576751708984 -2.2713735103607178 
v 6.335140228271484 -52.594913482666016 -2.2713735103607178 
v 6.335140228271484 -53.707576751708984 -2.2713735103607178 
v 4.472402572631836 -53.98965835571289 -2.2713735103607178 
v 4.623064994812012 -53.98965835571289 -2.2713735103607178 
v 6.335140228271484 -53.98965835571289 -2.2713735103607178 
v 4.472402572631836 -54.256072998046875 -2.2713735103607178 
v 4.623064994812012 -54.256072998046875 -2.2713735103607178 
v 4.623064994812012 -54.350101470947266 -2.2713735103607178 
v 4.472402572631836 -54.350101470947266 -2.2713735103607178 
v 4.623064994812012 -54.256072998046875 -2.2713735103607178 
v 6.335140228271484 -54.256072998046875 -2.2713735103607178 
v 2.1165874004364014 -52.688941955566406 -6.678329944610596 
v 2.308339834213257 -52.688941955566406 -6.678329944610596 
v 2.1165874004364014 -52.7829704284668 -6.736700057983398 
v 2.308339834213257 -52.7829704284668 -6.736700057983398 
v -21.701799392700195 -52.688941955566406 3.161926746368408 
v -19.98972511291504 -52.688941955566406 3.161926746368408 
v -21.701799392700195 -52.39118576049805 3.161926746368408 
v -19.98972511291504 -52.39118576049805 3.161926746368408 
v -19.839061737060547 -52.688941955566406 3.161926746368408 
v -19.839061737060547 -52.39118576049805 3.161926746368408 
v -17.674999237060547 -52.688941955566406 3.161926746368408 
v -17.674999237060547 -52.39118576049805 3.161926746368408 
v -17.483247756958008 -52.39118576049805 3.161926746368408 
v -17.483247756958008 -52.688941955566406 3.161926746368408 
v -15.757475852966309 -52.688941955566406 3.161926746368408 
v 0.8838933706283569 -22.756759643554688 0.15099303424358368 
v 0.8838933706283569 -23.72838020324707 0.15099303424358368 
v 0.390815794467926 -22.27094841003418 0.15099303424358368 
v 0.390815794467926 -24.214189529418945 0.15099303424358368 
v -0.9240577816963196 -22.27094841003418 0.15099303424358368 
v -0.9240577816963196 -24.214189529418945 0.15099303424358368 
v 0.8838933706283569 -23.72838020324707 -0.8461658954620361 
v 0.8838933706283569 -23.72838020324707 -1.1526098251342773 
v 0.8838933706283569 -22.756759643554688 -0.8461658954620361 
v 0.8838933706283569 -22.756759643554688 -1.1526098251342773 
v 6.335140228271484 -54.256072998046875 1.0605965852737427 
v 6.335140228271484 -52.688941955566406 3.161926746368408 
v 4.623064994812012 -54.256072998046875 1.0605965852737427 
v 4.623064994812012 -52.688941955566406 3.161926746368408 
v 0.390815794467926 -22.27094841003418 -0.8461658954620361 
v 0.8838933706283569 -22.756759643554688 -0.8461658954620361 
v 0.390815794467926 -22.27094841003418 -1.1526098251342773 
v 0.8838933706283569 -22.756759643554688 -1.1526098251342773 
v 2.1165874004364014 -52.594913482666016 -2.577817440032959 
v 2.1165874004364014 -52.594913482666016 -2.7723851203918457 
v 2.308339834213257 -52.594913482666016 -2.577817440032959 
v 2.308339834213257 -52.594913482666016 -2.7723851203918457 
v 4.472402572631836 -52.594913482666016 -2.577817440032959 
v 4.472402572631836 -52.594913482666016 -2.7723851203918457 
v 4.623064994812012 -52.594913482666016 -2.7723851203918457 
v -19.98972511291504 -52.7829704284668 -6.736700057983398 
v -19.98972511291504 -52.688941955566406 -6.678329944610596 
v -19.839061737060547 -52.7829704284668 -6.736700057983398 
v -19.839061737060547 -52.688941955566406 -6.678329944610596 
v -21.701799392700195 -54.256072998046875 1.0605965852737427 
v -19.98972511291504 -54.256072998046875 1.0605965852737427 
v -21.701799392700195 -52.688941955566406 3.161926746368408 
v -19.98972511291504 -52.688941955566406 3.161926746368408 
v -19.98972511291504 -52.688941955566406 -6.678329944610596 
v -19.98972511291504 -52.7829704284668 -6.736700057983398 
v -19.98972511291504 -54.256072998046875 -4.576999664306641 
v -19.98972511291504 -54.350101470947266 -4.611049175262451 
v -19.98972511291504 -54.256072998046875 -2.577817440032959 
v -19.98972511291504 -54.350101470947266 -2.577817440032959 
v -19.98972511291504 -54.256072998046875 -2.2713735103607178 
v -19.98972511291504 -54.350101470947266 -2.2713735103607178 
v 0.390815794467926 -54.256072998046875 1.0605965852737427 
v 0.390815794467926 -54.256072998046875 -0.9385855197906494 
v 2.1165874004364014 -54.256072998046875 1.0605965852737427 
v 2.1165874004364014 -54.256072998046875 -0.9385855197906494 
v 0.390815794467926 -54.256072998046875 -1.2742146253585815 
v 2.1165874004364014 -54.256072998046875 -1.2742146253585815 
v 4.623064994812012 -52.438201904296875 -6.678329944610596 
v 4.472402572631836 -52.438201904296875 -6.678329944610596 
v 4.623064994812012 -53.98965835571289 -4.576999664306641 
v 4.472402572631836 -53.98965835571289 -4.576999664306641 
v 4.472402572631836 -53.98965835571289 -2.874533176422119 
v 2.308339834213257 -53.98965835571289 -4.576999664306641 
v 2.308339834213257 -53.98965835571289 -2.874533176422119 
v 2.1165874004364014 -53.98965835571289 -2.874533176422119 
v 2.1165874004364014 -53.98965835571289 -4.576999664306641 
v 0.390815794467926 -53.98965835571289 -2.874533176422119 
v 0.390815794467926 -53.98965835571289 -4.576999664306641 
v 2.308339834213257 -52.438201904296875 -6.678329944610596 
v 2.1165874004364014 -52.438201904296875 -6.678329944610596 
v 0.390815794467926 -53.98965835571289 -4.576999664306641 
v -19.98972511291504 -52.688941955566406 3.161926746368408 
v -19.98972511291504 -52.7829704284668 3.220296859741211 
v -19.839061737060547 -52.688941955566406 3.161926746368408 
v -19.839061737060547 -52.7829704284668 3.220296859741211 
v 0.390815794467926 -53.98965835571289 -2.874533176422119 
v 0.390815794467926 -53.707576751708984 -2.577817440032959 
v 2.1165874004364014 -53.98965835571289 -2.874533176422119 
v 2.1165874004364014 -53.707576751708984 -2.577817440032959 
v 2.308339834213257 -53.98965835571289 -2.874533176422119 
v 2.308339834213257 -53.707576751708984 -2.577817440032959 
v 4.472402572631836 -53.98965835571289 -2.874533176422119 
v 4.472402572631836 -53.707576751708984 -2.577817440032959 
v 4.623064994812012 -53.98965835571289 -2.874533176422119 
v 4.623064994812012 -53.707576751708984 -2.577817440032959 
v -15.757475852966309 -53.94264602661133 -0.6418699026107788 
v -15.757475852966309 -53.94264602661133 1.0605965852737427 
v 4.623064994812012 -54.256072998046875 -2.577817440032959 
v 4.623064994812012 -54.256072998046875 -4.576999664306641 
v 6.335140228271484 -54.256072998046875 -2.577817440032959 
v 6.335140228271484 -54.256072998046875 -4.576999664306641 
v 2.1165874004364014 -52.594913482666016 -2.7723851203918457 
v -3.4305355548858643 -25.060440063476562 -1.3520417213439941 
v 2.308339834213257 -52.594913482666016 -2.7723851203918457 
v -3.238783121109009 -25.060440063476562 -1.3520417213439941 
v 4.472402572631836 -52.594913482666016 -2.7723851203918457 
v -1.0747203826904297 -25.060440063476562 -1.3520417213439941 
v -0.9240577816963196 -25.060440063476562 -1.3520417213439941 
v 6.335140228271484 -52.594913482666016 -1.2742146253585815 
v 6.335140228271484 -52.594913482666016 -0.9385855197906494 
v 6.335140228271484 -53.64488983154297 -1.2742146253585815 
v 6.335140228271484 -53.64488983154297 -0.9385855197906494 
v 6.335140228271484 -53.94264602661133 -1.2742146253585815 
v 6.335140228271484 -53.94264602661133 -1.1915234327316284 
v 6.335140228271484 -54.19338607788086 -0.9385855197906494 
v 6.335140228271484 -53.94264602661133 -0.6418699026107788 
v 6.335140228271484 -54.256072998046875 -0.9385855197906494 
v 6.335140228271484 -54.256072998046875 1.0605965852737427 
v 6.335140228271484 -54.256072998046875 -1.2742146253585815 
v 0.390815794467926 -54.256072998046875 -4.576999664306641 
v 0.390815794467926 -52.688941955566406 -6.678329944610596 
v 2.1165874004364014 -54.256072998046875 -4.576999664306641 
v 2.1165874004364014 -52.688941955566406 -6.678329944610596 
v -19.839061737060547 -52.688941955566406 3.161926746368408 
v -19.839061737060547 -52.7829704284668 3.220296859741211 
v -19.839061737060547 -54.256072998046875 1.0605965852737427 
v -19.839061737060547 -54.350101470947266 1.0946458578109741 
v -19.839061737060547 -54.256072998046875 -0.9385855197906494 
v -19.839061737060547 -54.350101470947266 -0.9385855197906494 
v -19.839061737060547 -54.256072998046875 -1.2742146253585815 
v -19.839061737060547 -54.350101470947266 -1.2742146253585815 
v -19.839061737060547 -52.7829704284668 -6.736700057983398 
v -19.839061737060547 -52.688941955566406 -6.678329944610596 
v -19.839061737060547 -54.350101470947266 -4.611049175262451 
v -19.839061737060547 -54.256072998046875 -4.576999664306641 
v -19.839061737060547 -54.350101470947266 -2.577817440032959 
v -19.839061737060547 -54.256072998046875 -2.577817440032959 
v -19.839061737060547 -54.350101470947266 -2.2713735103607178 
v -19.839061737060547 -54.256072998046875 -2.2713735103607178 
v -17.483247756958008 -52.7829704284668 -6.736700057983398 
v -17.483247756958008 -52.688941955566406 -6.678329944610596 
v -17.483247756958008 -54.350101470947266 -4.611049175262451 
v -17.483247756958008 -54.256072998046875 -4.576999664306641 
v -17.483247756958008 -54.350101470947266 -2.577817440032959 
v -17.483247756958008 -54.256072998046875 -2.577817440032959 
v -17.483247756958008 -54.350101470947266 -2.2713735103607178 
v -17.483247756958008 -54.256072998046875 -2.2713735103607178 
v -17.674999237060547 -54.256072998046875 -1.2742146253585815 
v -17.674999237060547 -54.350101470947266 -1.2742146253585815 
v -17.674999237060547 -54.256072998046875 -0.9385855197906494 
v -17.674999237060547 -54.350101470947266 -0.9385855197906494 
v -17.674999237060547 -54.256072998046875 1.0605965852737427 
v -17.674999237060547 -54.350101470947266 1.0946458578109741 
v -17.674999237060547 -52.688941955566406 3.161926746368408 
v -17.674999237060547 -52.7829704284668 3.220296859741211 
v 4.623064994812012 -52.594913482666016 -0.510536789894104 
v 4.623064994812012 -52.594913482666016 -0.9385855197906494 
v -0.9240577816963196 -25.060440063476562 0.9146708846092224 
v -0.9240577816963196 -25.060440063476562 0.486622154712677 
v -0.9240577816963196 -25.060440063476562 0.15099303424358368 
v 4.623064994812012 -52.594913482666016 -1.2742146253585815 
v -0.9240577816963196 -25.060440063476562 -0.8461658954620361 
v 4.623064994812012 -52.594913482666016 -2.2713735103607178 
v -0.9240577816963196 -25.060440063476562 -1.1526098251342773 
v 4.623064994812012 -52.594913482666016 -2.577817440032959 
v -0.9240577816963196 -25.060440063476562 -1.3520417213439941 
v 4.623064994812012 -52.594913482666016 -2.7723851203918457 
v 0.390815794467926 -52.688941955566406 -6.678329944610596 
v 0.390815794467926 -52.438201904296875 -6.678329944610596 
v 2.1165874004364014 -52.688941955566406 -6.678329944610596 
v 2.1165874004364014 -52.438201904296875 -6.678329944610596 
v 2.308339834213257 -52.688941955566406 -6.678329944610596 
v 2.308339834213257 -52.438201904296875 -6.678329944610596 
v 4.472402572631836 -52.688941955566406 -6.678329944610596 
v 4.472402572631836 -52.438201904296875 -6.678329944610596 
v 4.623064994812012 -52.438201904296875 -6.678329944610596 
v 4.623064994812012 -52.688941955566406 -6.678329944610596 
v 6.335140228271484 -52.688941955566406 -6.678329944610596 
v -0.9240577816963196 -22.27094841003418 0.486622154712677 
v -0.9240577816963196 -24.214189529418945 0.486622154712677 
v 0.390815794467926 -22.27094841003418 0.486622154712677 
v 0.390815794467926 -24.214189529418945 0.486622154712677 
v 0.8838933706283569 -22.756759643554688 0.486622154712677 
v 0.8838933706283569 -23.72838020324707 0.486622154712677 
v 2.308339834213257 -52.688941955566406 3.161926746368408 
v 2.308339834213257 -54.256072998046875 1.0605965852737427 
v 4.472402572631836 -52.688941955566406 3.161926746368408 
v 4.472402572631836 -54.256072998046875 1.0605965852737427 
v 2.308339834213257 -54.256072998046875 -0.9385855197906494 
v 4.472402572631836 -54.256072998046875 -0.9385855197906494 
v 2.308339834213257 -54.256072998046875 -1.2742146253585815 
v 4.472402572631836 -54.256072998046875 -1.2742146253585815 
v 0.390815794467926 -52.594913482666016 -0.9385855197906494 
v 0.390815794467926 -52.594913482666016 -1.2742146253585815 
v 0.390815794467926 -53.64488983154297 -0.9385855197906494 
v 0.390815794467926 -53.67623519897461 -1.2742146253585815 
v 0.390815794467926 -53.94264602661133 -1.1915234327316284 
v 0.390815794467926 -53.94264602661133 -1.2742146253585815 
v 0.390815794467926 -54.19338607788086 -0.9385855197906494 
v 0.390815794467926 -54.256072998046875 -1.2742146253585815 
v 0.390815794467926 -54.256072998046875 -0.9385855197906494 
v 0.390815794467926 -53.94264602661133 -0.6418699026107788 
v 0.390815794467926 -54.256072998046875 1.0605965852737427 
v 0.390815794467926 -53.94264602661133 1.0605965852737427 
v 0.390815794467926 -52.39118576049805 3.161926746368408 
v 0.390815794467926 -52.688941955566406 3.161926746368408 
v -19.98972511291504 -52.7829704284668 -6.736700057983398 
v -19.839061737060547 -52.7829704284668 -6.736700057983398 
v -19.98972511291504 -54.350101470947266 -4.611049175262451 
v -19.839061737060547 -54.350101470947266 -4.611049175262451 
v -19.98972511291504 -54.350101470947266 -2.577817440032959 
v -19.839061737060547 -54.350101470947266 -2.577817440032959 
v -19.839061737060547 -54.350101470947266 -2.2713735103607178 
v 4.623064994812012 -53.94264602661133 -0.6418699026107788 
v 4.623064994812012 -53.64488983154297 -0.9385855197906494 
v 4.472402572631836 -53.94264602661133 -0.6418699026107788 
v 4.472402572631836 -53.64488983154297 -0.9385855197906494 
v 2.308339834213257 -53.94264602661133 -0.6418699026107788 
v 2.308339834213257 -53.64488983154297 -0.9385855197906494 
v 2.1165874004364014 -53.94264602661133 -0.6418699026107788 
v 2.1165874004364014 -53.64488983154297 -0.9385855197906494 
v 0.390815794467926 -53.94264602661133 -0.6418699026107788 
v 0.390815794467926 -53.64488983154297 -0.9385855197906494 
v 6.335140228271484 -53.94264602661133 1.0605965852737427 
v 6.335140228271484 -52.688941955566406 3.161926746368408 
v -3.4305355548858643 -22.27094841003418 0.9146708846092224 
v -3.4305355548858643 -24.214189529418945 0.9146708846092224 
v -3.238783121109009 -22.27094841003418 0.9146708846092224 
v -3.238783121109009 -24.214189529418945 0.9146708846092224 
v -1.0747203826904297 -22.27094841003418 0.9146708846092224 
v -1.0747203826904297 -24.214189529418945 0.9146708846092224 
v -0.9240577816963196 -24.214189529418945 0.9146708846092224 
v -0.9240577816963196 -25.060440063476562 0.9146708846092224 
v -3.4305355548858643 -25.060440063476562 0.9146708846092224 
v -3.238783121109009 -25.060440063476562 0.9146708846092224 
v -1.0747203826904297 -25.060440063476562 0.9146708846092224 
v -17.674999237060547 -52.688941955566406 -6.678329944610596 
v -17.674999237060547 -52.7829704284668 -6.736700057983398 
v -17.674999237060547 -54.256072998046875 -4.576999664306641 
v -17.674999237060547 -54.350101470947266 -4.611049175262451 
v -17.674999237060547 -54.256072998046875 -2.577817440032959 
v -17.674999237060547 -54.350101470947266 -2.577817440032959 
v -17.674999237060547 -54.256072998046875 -2.2713735103607178 
v -17.674999237060547 -54.350101470947266 -2.2713735103607178 
v -19.839061737060547 -54.256072998046875 -1.2742146253585815 
v -17.674999237060547 -54.256072998046875 -1.2742146253585815 
v -19.839061737060547 -54.256072998046875 -0.9385855197906494 
v -17.674999237060547 -54.256072998046875 -0.9385855197906494 
v -19.839061737060547 -54.256072998046875 1.0605965852737427 
v -17.674999237060547 -54.256072998046875 1.0605965852737427 
v -19.839061737060547 -52.688941955566406 3.161926746368408 
v -17.674999237060547 -52.688941955566406 3.161926746368408 
v -15.757475852966309 -53.98965835571289 -4.576999664306641 
v -17.483247756958008 -53.98965835571289 -4.576999664306641 
v -15.757475852966309 -53.98965835571289 -2.874533176422119 
v -17.483247756958008 -53.98965835571289 -2.874533176422119 
v -17.674999237060547 -53.98965835571289 -4.576999664306641 
v -17.674999237060547 -52.438201904296875 -6.678329944610596 
v -19.839061737060547 -52.438201904296875 -6.678329944610596 
v -17.674999237060547 -53.98965835571289 -2.874533176422119 
v -19.839061737060547 -53.98965835571289 -4.576999664306641 
v -19.839061737060547 -53.98965835571289 -2.874533176422119 
v -19.98972511291504 -53.98965835571289 -4.576999664306641 
v -15.757475852966309 -52.438201904296875 -6.678329944610596 
v -17.483247756958008 -52.438201904296875 -6.678329944610596 
v -15.757475852966309 -53.98965835571289 -4.576999664306641 
v -21.701799392700195 -52.438201904296875 -6.678329944610596 
v -19.98972511291504 -52.438201904296875 -6.678329944610596 
v -21.701799392700195 -52.688941955566406 -6.678329944610596 
v -19.98972511291504 -52.688941955566406 -6.678329944610596 
v -19.839061737060547 -52.688941955566406 -6.678329944610596 
v -19.839061737060547 -52.438201904296875 -6.678329944610596 
v -17.674999237060547 -52.438201904296875 -6.678329944610596 
v -17.674999237060547 -52.688941955566406 -6.678329944610596 
v -17.483247756958008 -52.438201904296875 -6.678329944610596 
v -17.483247756958008 -52.688941955566406 -6.678329944610596 
v -15.757475852966309 -52.438201904296875 -6.678329944610596 
v -15.757475852966309 -52.688941955566406 -6.678329944610596 
v -15.757475852966309 -53.98965835571289 -2.874533176422119 
v -17.483247756958008 -53.98965835571289 -2.874533176422119 
v -15.757475852966309 -53.707576751708984 -2.577817440032959 
v -17.483247756958008 -53.707576751708984 -2.577817440032959 
v -17.674999237060547 -53.98965835571289 -2.874533176422119 
v -17.674999237060547 -53.707576751708984 -2.577817440032959 
v -19.839061737060547 -53.98965835571289 -2.874533176422119 
v -19.839061737060547 -53.707576751708984 -2.577817440032959 
v -19.98972511291504 -53.98965835571289 -2.874533176422119 
v -19.98972511291504 -53.707576751708984 -2.577817440032959 
v -21.701799392700195 -53.98965835571289 -2.874533176422119 
v -21.701799392700195 -53.707576751708984 -2.577817440032959 
v -0.9240577816963196 -24.214189529418945 0.486622154712677 
v -0.9240577816963196 -24.214189529418945 0.15099303424358368 
v 0.390815794467926 -24.214189529418945 0.486622154712677 
v 0.390815794467926 -24.214189529418945 0.15099303424358368 
v 0.390815794467926 -52.39118576049805 3.161926746368408 
v 0.390815794467926 -52.688941955566406 3.161926746368408 
v 2.1165874004364014 -52.39118576049805 3.161926746368408 
v 2.1165874004364014 -52.688941955566406 3.161926746368408 
v 2.308339834213257 -52.688941955566406 3.161926746368408 
v 2.308339834213257 -52.39118576049805 3.161926746368408 
v 4.472402572631836 -52.39118576049805 3.161926746368408 
v 4.472402572631836 -52.688941955566406 3.161926746368408 
v 4.623064994812012 -52.39118576049805 3.161926746368408 
v 4.623064994812012 -52.688941955566406 3.161926746368408 
v 6.335140228271484 -52.39118576049805 3.161926746368408 
v 2.1165874004364014 -52.594913482666016 -2.7723851203918457 
v 2.1165874004364014 -52.594913482666016 -2.577817440032959 
v -3.4305355548858643 -25.060440063476562 -1.3520417213439941 
v -3.4305355548858643 -25.060440063476562 -1.1526098251342773 
v -3.4305355548858643 -25.060440063476562 -0.8461658954620361 
v 2.1165874004364014 -52.594913482666016 -2.2713735103607178 
v -3.4305355548858643 -25.060440063476562 0.15099303424358368 
v 2.1165874004364014 -52.594913482666016 -1.2742146253585815 
v -3.4305355548858643 -25.060440063476562 0.486622154712677 
v 2.1165874004364014 -52.594913482666016 -0.9385855197906494 
v -3.4305355548858643 -25.060440063476562 0.9146708846092224 
v 2.1165874004364014 -52.594913482666016 -0.510536789894104 
v 0.390815794467926 -53.94264602661133 -0.6418699026107788 
v 0.390815794467926 -53.94264602661133 1.0605965852737427 
v 2.1165874004364014 -53.94264602661133 -0.6418699026107788 
v 2.1165874004364014 -53.94264602661133 1.0605965852737427 
v 2.308339834213257 -53.94264602661133 1.0605965852737427 
v 2.308339834213257 -52.39118576049805 3.161926746368408 
v 4.472402572631836 -53.94264602661133 1.0605965852737427 
v 4.472402572631836 -52.39118576049805 3.161926746368408 
v 4.623064994812012 -53.94264602661133 1.0605965852737427 
v 4.623064994812012 -53.94264602661133 -0.6418699026107788 
v 4.472402572631836 -53.94264602661133 -0.6418699026107788 
v 2.308339834213257 -53.94264602661133 -0.6418699026107788 
v -21.701799392700195 -53.64488983154297 -0.9385855197906494 
v -19.98972511291504 -53.64488983154297 -0.9385855197906494 
v -21.701799392700195 -52.594913482666016 -0.9385855197906494 
v -19.98972511291504 -52.594913482666016 -0.9385855197906494 
v -19.839061737060547 -53.64488983154297 -0.9385855197906494 
v -19.839061737060547 -52.594913482666016 -0.9385855197906494 
v -17.674999237060547 -53.64488983154297 -0.9385855197906494 
v -17.674999237060547 -52.594913482666016 -0.9385855197906494 
v -17.483247756958008 -52.594913482666016 -0.9385855197906494 
v -17.483247756958008 -53.64488983154297 -0.9385855197906494 
v -15.757475852966309 -53.64488983154297 -0.9385855197906494 
v -19.98972511291504 -54.256072998046875 -4.576999664306641 
v -21.701799392700195 -54.256072998046875 -4.576999664306641 
v -19.98972511291504 -52.688941955566406 -6.678329944610596 
v -21.701799392700195 -52.688941955566406 -6.678329944610596 
v 2.1165874004364014 -52.594913482666016 -0.510536789894104 
v 2.308339834213257 -52.594913482666016 -0.510536789894104 
v -3.4305355548858643 -25.060440063476562 0.9146708846092224 
v -3.238783121109009 -25.060440063476562 0.9146708846092224 
v -1.0747203826904297 -25.060440063476562 0.9146708846092224 
v 4.472402572631836 -52.594913482666016 -0.510536789894104 
v -0.9240577816963196 -25.060440063476562 0.9146708846092224 
v 4.623064994812012 -52.594913482666016 -0.510536789894104 
v 6.335140228271484 -54.256072998046875 -1.2742146253585815 
v 6.335140228271484 -54.256072998046875 -0.9385855197906494 
v 4.623064994812012 -54.256072998046875 -1.2742146253585815 
v 4.623064994812012 -54.256072998046875 -0.9385855197906494 
v 6.335140228271484 -54.256072998046875 1.0605965852737427 
v 4.623064994812012 -54.256072998046875 1.0605965852737427 
v -17.674999237060547 -54.350101470947266 -1.2742146253585815 
v -17.483247756958008 -54.350101470947266 -1.2742146253585815 
v -17.674999237060547 -54.350101470947266 -0.9385855197906494 
v -17.483247756958008 -54.350101470947266 -0.9385855197906494 
v -17.674999237060547 -54.350101470947266 1.0946458578109741 
v -17.483247756958008 -54.350101470947266 1.0946458578109741 
v -17.674999237060547 -52.7829704284668 3.220296859741211 
v -17.483247756958008 -52.7829704284668 3.220296859741211 
v 4.623064994812012 -52.594913482666016 -1.2742146253585815 
v 4.472402572631836 -52.594913482666016 -1.2742146253585815 
v 4.623064994812012 -52.594913482666016 -2.2713735103607178 
v 4.472402572631836 -52.594913482666016 -2.2713735103607178 
v 2.308339834213257 -52.594913482666016 -2.2713735103607178 
v 2.308339834213257 -52.594913482666016 -1.2742146253585815 
v 2.1165874004364014 -52.594913482666016 -2.2713735103607178 
v 2.1165874004364014 -52.594913482666016 -1.2742146253585815 
v 4.472402572631836 -52.688941955566406 -6.678329944610596 
v 4.472402572631836 -54.256072998046875 -4.576999664306641 
v 2.308339834213257 -52.688941955566406 -6.678329944610596 
v 2.308339834213257 -54.256072998046875 -4.576999664306641 
v 4.472402572631836 -54.256072998046875 -2.577817440032959 
v 2.308339834213257 -54.256072998046875 -2.577817440032959 
v 4.472402572631836 -54.256072998046875 -2.2713735103607178 
v 2.308339834213257 -54.256072998046875 -2.2713735103607178 
v 4.623064994812012 -52.594913482666016 -1.2742146253585815 
v 4.623064994812012 -52.594913482666016 -0.9385855197906494 
v 6.335140228271484 -52.594913482666016 -1.2742146253585815 
v 6.335140228271484 -52.594913482666016 -0.9385855197906494 
v 2.1165874004364014 -52.7829704284668 3.220296859741211 
v 2.308339834213257 -52.7829704284668 3.220296859741211 
v 2.1165874004364014 -52.688941955566406 3.161926746368408 
v 2.308339834213257 -52.688941955566406 3.161926746368408 
v 4.623064994812012 -53.94264602661133 1.0605965852737427 
v 6.335140228271484 -53.94264602661133 -0.6418699026107788 
v 6.335140228271484 -53.94264602661133 1.0605965852737427 
v 0.390815794467926 -53.94264602661133 1.0605965852737427 
v 0.390815794467926 -52.39118576049805 3.161926746368408 
v 2.1165874004364014 -52.39118576049805 3.161926746368408 
v 6.335140228271484 -54.256072998046875 -2.2713735103607178 
v 6.335140228271484 -52.39118576049805 3.161926746368408 
v 0.390815794467926 -54.256072998046875 -2.2713735103607178 
v 4.623064994812012 -52.594913482666016 -2.577817440032959 
v 4.623064994812012 -52.594913482666016 -2.7723851203918457 
v -3.4305355548858643 -25.060440063476562 0.9146708846092224 
v -0.9240577816963196 -25.060440063476562 -1.3520417213439941 
v 2.1165874004364014 -54.350101470947266 -2.2713735103607178 
v 0.390815794467926 -52.594913482666016 -2.2713735103607178 
v 0.390815794467926 -52.438201904296875 -6.678329944610596 
v 0.390815794467926 -53.707576751708984 -2.577817440032959 
v 0.390815794467926 -52.594913482666016 -0.9385855197906494 
v -15.757475852966309 -52.39118576049805 3.161926746368408 
v -14.442602157592773 -22.27094841003418 -1.1526098251342773 
v -11.936123847961426 -22.27094841003418 0.9146708846092224 
v -11.936123847961426 -25.060440063476562 -1.3520417213439941 
v -14.442602157592773 -22.27094841003418 -1.3520417213439941 
v -14.442602157592773 -22.27094841003418 0.9146708846092224 
v -21.701799392700195 -52.594913482666016 -2.577817440032959 
v 6.335140228271484 -52.438201904296875 -6.678329944610596 
v 6.335140228271484 -52.688941955566406 3.161926746368408 
v 6.335140228271484 -52.594913482666016 -1.2742146253585815 
v -0.9240577816963196 -22.27094841003418 0.9146708846092224 
v -19.98972511291504 -54.350101470947266 -2.2713735103607178 
v -19.98972511291504 -52.438201904296875 -6.678329944610596 
v -15.757475852966309 -52.594913482666016 -0.9385855197906494 
vn 0.999997615814209 0 0.002184694167226553 
vn 0.999997615814209 0 0.002184694167226553 
vn 0.999997615814209 0 0.002184694167226553 
vn 0.999997615814209 0 0.002184694167226553 
vn 0.999997615814209 0 -0.002184694167226553 
vn 0.999997615814209 0 -0.002184694167226553 
vn 0.999997615814209 0 0.002184694167226553 
vn 0.999997615814209 0 0.002184694167226553 
vn 0.999997615814209 0 0.002184694167226553 
vn 0.999997615814209 0 -0.002184694167226553 
vn -0.999997615814209 -2.0682260971124217e-13 0.002184694167226553 
vn -0.999997615814209 -2.0682260971124217e-13 0.002184694167226553 
vn -0.999997615814209 -2.0682260971124217e-13 0.002184694167226553 
vn -0.999997615814209 -2.0682260971124217e-13 0.002184694167226553 
vn -0.999997615814209 -2.0682260971124217e-13 0.002184694167226553 
vn -0.999997615814209 -2.0682260971124217e-13 0.002184694167226553 
vn -0.999997615814209 -2.0682260971124217e-13 0.002184694167226553 
vn -0.999997615814209 -2.0682260971124217e-13 -0.002184694167226553 
vn -0.999997615814209 -2.0682260971124217e-13 -0.002184694167226553 
vn -0.999997615814209 -2.0682260971124217e-13 0.002184694167226553 
vn -0.999997615814209 -2.0682260971124217e-13 0.002184694167226553 
vn -0.999997615814209 -2.0682260971124217e-13 0.002184694167226553 
vn -0.999997615814209 -2.0682260971124217e-13 0.002184694167226553 
vn -0.999997615814209 -2.0682260971124217e-13 -0.002184694167226553 
vn 0.999997615814209 0 -0.002184694167226553 
vn 0.999997615814209 0 -0.002184694167226553 
vn 0.999997615814209 0 -0.002184694167226553 
vn 0.999997615814209 0 -0.002184694167226553 
vn 0.999997615814209 0 0.002184694167226553 
vn 0.999997615814209 0 0.002184694167226553 
vn 0.999997615814209 0 0.002184694167226553 
vn 0.999997615814209 0 0.002184694167226553 
vn 0.999997615814209 0 0.002184694167226553 
vn 0.999997615814209 0 0.002184694167226553 
vn 0.999997615814209 0 0.002184694167226553 
vn 0.999997615814209 0 0.002184694167226553 
vn 0.999997615814209 0 0.002184694167226553 
vn 0.999997615814209 0 0.002184694167226553 
vn 0.999997615814209 0 0.002184694167226553 
vn 0.999997615814209 0 0.002184694167226553 
vn 0.999997615814209 0 0.002184694167226553 
vn 0.999997615814209 0 0.002184694167226553 
vn 0.999997615814209 0 0.002184694167226553 
vn 0.999997615814209 0 0.002184694167226553 
vn 0.999997615814209 0 0.002184694167226553 
vn 0.999997615814209 0 0.002184694167226553 
vn 0.999997615814209 0 0.002184694167226553 
vn 0.999997615814209 0 0.002184694167226553 
vn 0.999997615814209 0 0.002184694167226553 
vn 0.999997615814209 0 0.002184694167226553 
vn 0.999997615814209 0 0.002184694167226553 
vn 0.999997615814209 0 0.002184694167226553 
vn 0.999997615814209 0 0.002184694167226553 
vn 0.999997615814209 0 0.002184694167226553 
vn -2.0682311115474694e-13 0 -1 
vn -2.0682311115474694e-13 0 -1 
vn -2.0682311115474694e-13 0 -1 
vn -2.0682311115474694e-13 0 -1 
vn -2.0682311115474694e-13 0 -1 
vn -2.0682311115474694e-13 0 -1 
vn -2.0682311115474694e-13 0 -1 
vn -2.0682311115474694e-13 0 -1 
vn -2.0682311115474694e-13 0 -1 
vn -2.0682311115474694e-13 0 -1 
vn -2.0682311115474694e-13 0 -1 
vn -2.0682311115474694e-13 0 -1 
vn -2.0682311115474694e-13 0 -1 
vn -2.0682311115474694e-13 0 -1 
vn 0 0 1 
vn 0 0 1 
vn 0 0 1 
vn 0 0 1 
vn 0 0 1 
vn 0 0 1 
vn -0.999997615814209 -2.0682260971124217e-13 0.002184694167226553 
vn -0.999997615814209 -2.0682260971124217e-13 0.002184694167226553 
vn -0.999997615814209 -2.0682260971124217e-13 0.002184694167226553 
vn -0.999997615814209 -2.0682260971124217e-13 0.002184694167226553 
vn -0.999997615814209 -2.0682260971124217e-13 0.002184694167226553 
vn -0.999997615814209 -2.0682260971124217e-13 0.002184694167226553 
vn -0.999997615814209 -2.0682260971124217e-13 0.002184694167226553 
vn -0.999997615814209 -2.0682260971124217e-13 0.002184694167226553 
vn -0.999997615814209 -2.0682260971124217e-13 0.002184694167226553 
vn -0.999997615814209 -2.0682260971124217e-13 0.002184694167226553 
vn -0.999997615814209 -2.0682260971124217e-13 0.002184694167226553 
vn -0.999997615814209 -2.0682260971124217e-13 0.002184694167226553 
vn -0.999997615814209 -2.0682260971124217e-13 0.002184694167226553 
vn -0.999997615814209 -2.0682260971124217e-13 0.002184694167226553 
vn -0.999997615814209 -2.0682260971124217e-13 0.002184694167226553 
vn -0.999997615814209 -2.0682260971124217e-13 0.002184694167226553 
vn -0.999997615814209 -2.0682260971124217e-13 0.002184694167226553 
vn -2.0682311115474694e-13 0 -1 
vn -2.0682311115474694e-13 0 -1 
vn -2.0682311115474694e-13 0 -1 
vn -2.0682311115474694e-13 0 -1 
vn -2.0682311115474694e-13 0 -1 
vn -2.0682311115474694e-13 0 -1 
vn 3.097898456858039e-13 -0.999997615814209 0.002184694167226553 
vn 3.097898456858039e-13 -0.999997615814209 0.002184694167226553 
vn 3.097898456858039e-13 -0.999997615814209 0.002184694167226553 
vn 3.097898456858039e-13 -0.999997615814209 0.002184694167226553 
vn 3.097898456858039e-13 -0.999997615814209 0.002184694167226553 
vn 3.097898456858039e-13 -0.999997615814209 0.002184694167226553 
vn -2.0682311115474694e-13 0 -1 
vn -2.0682311115474694e-13 0 -1 
vn -2.0682311115474694e-13 0 -1 
vn -2.0682311115474694e-13 0 -1 
vn -2.0682311115474694e-13 0 -1 
vn -2.0682311115474694e-13 0 -1 
vn 3.097898456858039e-13 -0.999997615814209 0.002184694167226553 
vn 3.097898456858039e-13 -0.999997615814209 0.002184694167226553 
vn 3.097898456858039e-13 -0.999997615814209 0.002184694167226553 
vn 3.097898456858039e-13 -0.999997615814209 0.002184694167226553 
vn 3.097898456858039e-13 -0.999997615814209 0.002184694167226553 
vn 3.097898456858039e-13 -0.999997615814209 0.002184694167226553 
vn 3.097898456858039e-13 -0.999997615814209 0.002184694167226553 
vn 3.097898456858039e-13 -0.999997615814209 0.002184694167226553 
vn 0.0018892475636675954 -0.80462646484375 -0.5937783122062683 
vn 0.0018892475636675954 -0.80462646484375 -0.5937783122062683 
vn 0.003778499783948064 -0.9357218146324158 -0.3527185618877411 
vn 0.003778499783948064 -0.9357218146324158 -0.3527185618877411 
vn 3.097898456858039e-13 -0.999997615814209 0.002184694167226553 
vn 3.097898456858039e-13 -0.999997615814209 0.002184694167226553 
vn 3.097898456858039e-13 -0.999997615814209 -0.002184694167226553 
vn 3.097898456858039e-13 -0.999997615814209 -0.002184694167226553 
vn 3.097898456858039e-13 -0.999997615814209 0.002184694167226553 
vn 3.097898456858039e-13 -0.999997615814209 0.002184694167226553 
vn 3.097898456858039e-13 -0.999997615814209 0.002184694167226553 
vn 3.097898456858039e-13 -0.999997615814209 0.002184694167226553 
vn 3.097898456858039e-13 -0.999997615814209 0.002184694167226553 
vn 3.097898456858039e-13 -0.999997615814209 0.002184694167226553 
vn 3.097898456858039e-13 -0.999997615814209 0.002184694167226553 
vn 3.097898456858039e-13 -0.999997615814209 0.002184694167226553 
vn 0 0 1 
vn 0 0 1 
vn 0 0 1 
vn 0 0 1 
vn 0 0 1 
vn 0 0 1 
vn -2.0682311115474694e-13 0 -1 
vn -2.0682311115474694e-13 0 -1 
vn -2.0682311115474694e-13 0 -1 
vn -2.0682311115474694e-13 0 -1 
vn -2.0682311115474694e-13 0 -1 
vn -2.0682311115474694e-13 0 -1 
vn -2.0682311115474694e-13 0 -1 
vn -2.0682311115474694e-13 0 -1 
vn -2.0682311115474694e-13 0 -1 
vn -2.0682311115474694e-13 0 -1 
vn -2.0682311115474694e-13 0 -1 
vn -2.0682311115474694e-13 0 -1 
vn -2.0682311115474694e-13 0 -1 
vn 0 0 1 
vn 0 0 1 
vn 0 0 1 
vn 0 0 1 
vn 0 0 1 
vn 0 0 1 
vn 0 0 1 
vn 0 0 1 
vn 0 0 1 
vn 0 0 1 
vn 0 0 1 
vn 0 0 1 
vn 0 0 1 
vn 0 0 1 
vn 0 0 1 
vn 0 0 1 
vn 0 0 1 
vn 0 0 1 
vn 0 0 1 
vn 0 0 1 
vn 0 0 1 
vn 0 0 1 
vn 0 0 1 
vn 0 0 1 
vn -2.0682311115474694e-13 0 -1 
vn -2.0682311115474694e-13 0 -1 
vn -2.0682311115474694e-13 0 -1 
vn -2.0682311115474694e-13 0 -1 
vn -2.0682311115474694e-13 0 -1 
vn -2.0682311115474694e-13 0 -1 
vn -2.0682311115474694e-13 0 -1 
vn -2.0682311115474694e-13 0 -1 
vn -2.0682311115474694e-13 0 -1 
vn -2.0682311115474694e-13 0 -1 
vn -2.0682311115474694e-13 0 -1 
vn -2.0682311115474694e-13 0 -1 
vn -2.0682311115474694e-13 0 -1 
vn -2.0682311115474694e-13 0 -1 
vn -0.0018898227717727423 0.5955317616462708 -0.8033295273780823 
vn -0.0018898227717727423 0.5955317616462708 -0.8033295273780823 
vn -0.0018898227717727423 0.5955317616462708 -0.8033295273780823 
vn -0.0018898227717727423 0.5955317616462708 -0.8033295273780823 
vn -0.9807829260826111 0.19508986175060272 0.002184694167226553 
vn -0.9807829260826111 0.19508986175060272 0.002184694167226553 
vn -0.9807829260826111 0.19508986175060272 0.002184694167226553 
vn -0.9807829260826111 0.19508986175060272 0.002184694167226553 
vn -0.9807829260826111 0.19508986175060272 0.002184694167226553 
vn -0.9807829260826111 0.19508986175060272 0.002184694167226553 
vn -0.9807829260826111 0.19508986175060272 0.002184694167226553 
vn -0.9807829260826111 0.19508986175060272 0.002184694167226553 
vn -0.9807829260826111 0.19508986175060272 0.002184694167226553 
vn -0.9807829260826111 0.19508986175060272 0.002184694167226553 
vn -0.9807829260826111 0.19508986175060272 0.002184694167226553 
vn -0.9807829260826111 0.19508986175060272 0.002184694167226553 
vn -2.0682311115474694e-13 0 -1 
vn -2.0682311115474694e-13 0 -1 
vn -2.0682311115474694e-13 0 -1 
vn -2.0682311115474694e-13 0 -1 
vn -2.0682311115474694e-13 0 -1 
vn -2.0682311115474694e-13 0 -1 
vn -2.0682311115474694e-13 0 -1 
vn -2.0682311115474694e-13 0 -1 
vn -2.0682311115474694e-13 0 -1 
vn -2.0682311115474694e-13 0 -1 
vn -2.0682311115474694e-13 0 -1 
vn -1.0341130485562108e-13 0.999997615814209 0.002184694167226553 
vn -1.0341130485562108e-13 0.999997615814209 0.002184694167226553 
vn -1.0341130485562108e-13 0.999997615814209 0.002184694167226553 
vn -1.0341130485562108e-13 0.999997615814209 0.002184694167226553 
vn 0.999997615814209 0 0.002184694167226553 
vn 0.999997615814209 0 0.002184694167226553 
vn 0.999997615814209 0 0.002184694167226553 
vn 0.0018878303235396743 0.7078762650489807 -0.7063339352607727 
vn 0.0018878303235396743 0.7078762650489807 -0.7063339352607727 
vn 0.0018878303235396743 0.7078762650489807 -0.7063339352607727 
vn 0.0018878303235396743 0.7078762650489807 -0.7063339352607727 
vn -2.0682311115474694e-13 0 -1 
vn -2.0682311115474694e-13 0 -1 
vn -2.0682311115474694e-13 0 -1 
vn -2.0682311115474694e-13 0 -1 
vn -2.0682311115474694e-13 0 -1 
vn -2.0682311115474694e-13 0 -1 
vn -2.0682311115474694e-13 0 -1 
vn -2.0682311115474694e-13 0 -1 
vn -2.0682311115474694e-13 0 -1 
vn -2.0682311115474694e-13 0 -1 
vn -2.0682311115474694e-13 0 -1 
vn 0.0018290365114808083 -0.05237675458192825 0.9986256957054138 
vn 0.0018290365114808083 -0.05237675458192825 0.9986256957054138 
vn 0.0018290365114808083 -0.05237675458192825 0.9986256957054138 
vn 0.0018290365114808083 -0.05237675458192825 0.9986256957054138 
vn 0.0018290365114808083 -0.05237675458192825 0.9986256957054138 
vn 0.0018290365114808083 -0.05237675458192825 0.9986256957054138 
vn 0.0018290365114808083 -0.05237675458192825 0.9986256957054138 
vn 0.0018290365114808083 -0.05237675458192825 0.9986256957054138 
vn 0.7071051001548767 0.7071051001548767 0.002184694167226553 
vn 0.7071051001548767 0.7071051001548767 0.002184694167226553 
vn 0.7071051001548767 0.7071051001548767 0.002184694167226553 
vn 0.7071051001548767 0.7071051001548767 0.002184694167226553 
vn 0.0018822179408743978 0.5955318212509155 0.8033295273780823 
vn 0.0018822179408743978 0.5955318212509155 0.8033295273780823 
vn 0.0018822179408743978 0.5955318212509155 0.8033295273780823 
vn 0.0018822179408743978 0.5955318212509155 0.8033295273780823 
vn 3.097898456858039e-13 -0.999997615814209 0.002184694167226553 
vn 3.097898456858039e-13 -0.999997615814209 0.002184694167226553 
vn 3.097898456858039e-13 -0.999997615814209 0.002184694167226553 
vn 3.097898456858039e-13 -0.999997615814209 0.002184694167226553 
vn 0.0018892475636675954 -0.80462646484375 -0.5937783122062683 
vn 0.0018892475636675954 -0.80462646484375 -0.5937783122062683 
vn 0.0018892475636675954 -0.80462646484375 -0.5937783122062683 
vn 0.0018892475636675954 -0.80462646484375 -0.5937783122062683 
vn 0.999997615814209 0 0.002184694167226553 
vn 0.999997615814209 0 0.002184694167226553 
vn 0.999997615814209 0 0.002184694167226553 
vn 0.999997615814209 0 0.002184694167226553 
vn 0.999997615814209 0 0.002184694167226553 
vn 0.999997615814209 0 0.002184694167226553 
vn 0.999997615814209 0 0.002184694167226553 
vn 0.999997615814209 0 0.002184694167226553 
vn 0.999997615814209 0 0.002184694167226553 
vn 0.999997615814209 0 0.002184694167226553 
vn 0 0 1 
vn 0 0 1 
vn 0 0 1 
vn 0 0 1 
vn 0 0 1 
vn 0 0 1 
vn 0.999997615814209 0 0.002184694167226553 
vn 0.999997615814209 0 0.002184694167226553 
vn 0.999997615814209 0 0.002184694167226553 
vn 0.999997615814209 0 0.002184694167226553 
vn 0.999997615814209 0 -0.002184694167226553 
vn 0.999997615814209 0 -0.002184694167226553 
vn 0.999997615814209 0 -0.002184694167226553 
vn 0.999997615814209 0 -0.002184694167226553 
vn 0.9807829260826111 -0.19508986175060272 0.002184694167226553 
vn 0.9807829260826111 -0.19508986175060272 0.002184694167226553 
vn 0.9807829260826111 -0.19508986175060272 0.002184694167226553 
vn 0.9807829260826111 -0.19508986175060272 0.002184694167226553 
vn 0.9807829260826111 -0.19508986175060272 0.002184694167226553 
vn 0.9807829260826111 -0.19508986175060272 0.002184694167226553 
vn 0.9807829260826111 -0.19508986175060272 0.002184694167226553 
vn 0.9807829260826111 -0.19508986175060272 0.002184694167226553 
vn 0.9807829260826111 -0.19508986175060272 0.002184694167226553 
vn 0.9807829260826111 -0.19508986175060272 0.002184694167226553 
vn 0.9807829260826111 -0.19508986175060272 0.002184694167226553 
vn 0.9807829260826111 -0.19508986175060272 0.002184694167226553 
vn -1.0341130485562108e-13 0.999997615814209 0.002184694167226553 
vn -1.0341130485562108e-13 0.999997615814209 0.002184694167226553 
vn -1.0341130485562108e-13 0.999997615814209 0.002184694167226553 
vn -1.0341130485562108e-13 0.999997615814209 0.002184694167226553 
vn -1.0341130485562108e-13 0.999997615814209 0.002184694167226553 
vn -1.0341130485562108e-13 0.999997615814209 0.002184694167226553 
vn -1.0341130485562108e-13 0.999997615814209 0.002184694167226553 
vn -1.0341130485562108e-13 0.999997615814209 0.002184694167226553 
vn 0.0018892475636675954 0.80462646484375 -0.5937783122062683 
vn 0.0018892475636675954 0.80462646484375 -0.5937783122062683 
vn 0.0018892475636675954 0.80462646484375 -0.5937783122062683 
vn 0.0018892475636675954 0.80462646484375 -0.5937783122062683 
vn -1.0341130485562108e-13 0.999997615814209 0.002184694167226553 
vn -1.0341130485562108e-13 0.999997615814209 0.002184694167226553 
vn -1.0341130485562108e-13 0.999997615814209 0.002184694167226553 
vn -1.0341130485562108e-13 0.999997615814209 0.002184694167226553 
vn -0.0019140710355713964 0.05237371474504471 -0.9986256957054138 
vn -0.0019140710355713964 0.05237371474504471 -0.9986256957054138 
vn -0.0019140710355713964 0.05237371474504471 -0.9986256957054138 
vn -0.0019140710355713964 0.05237371474504471 -0.9986256957054138 
vn -0.0019140710355713964 0.05237371474504471 -0.9986256957054138 
vn -0.0019140710355713964 0.05237371474504471 -0.9986256957054138 
vn -0.0019140710355713964 0.05237371474504471 -0.9986256957054138 
vn -0.0019140710355713964 0.05237371474504471 -0.9986256957054138 
vn -0.999997615814209 -2.0682260971124217e-13 0.002184694167226553 
vn -0.999997615814209 -2.0682260971124217e-13 0.002184694167226553 
vn -0.999997615814209 -2.0682260971124217e-13 0.002184694167226553 
vn -0.999997615814209 -2.0682260971124217e-13 0.002184694167226553 
vn -0.999997615814209 -2.0682260971124217e-13 0.002184694167226553 
vn -0.999997615814209 -2.0682260971124217e-13 0.002184694167226553 
vn -0.999997615814209 -2.0682260971124217e-13 0.002184694167226553 
vn -0.999997615814209 -2.0682260971124217e-13 0.002184694167226553 
vn -0.999997615814209 -2.0682260971124217e-13 0.002184694167226553 
vn -0.999997615814209 -2.0682260971124217e-13 0.002184694167226553 
vn -0.999997615814209 -2.0682260971124217e-13 0.002184694167226553 
vn -0.999997615814209 -2.0682260971124217e-13 0.002184694167226553 
vn -0.999997615814209 -2.0682260971124217e-13 0.002184694167226553 
vn -0.999997615814209 -2.0682260971124217e-13 0.002184694167226553 
vn -0.999997615814209 -2.0682260971124217e-13 0.002184694167226553 
vn -0.999997615814209 -2.0682260971124217e-13 0.002184694167226553 
vn -0.999997615814209 -2.0682260971124217e-13 0.002184694167226553 
vn -0.999997615814209 -2.0682260971124217e-13 0.002184694167226553 
vn -2.0682311115474694e-13 0 -1 
vn -2.0682311115474694e-13 0 -1 
vn -2.0682311115474694e-13 0 -1 
vn -2.0682311115474694e-13 0 -1 
vn -2.0682311115474694e-13 0 -1 
vn -2.0682311115474694e-13 0 -1 
vn -0.7071051001548767 0.7071051001548767 0.002184694167226553 
vn -0.7071051001548767 0.7071051001548767 0.002184694167226553 
vn -0.7071051001548767 0.7071051001548767 0.002184694167226553 
vn -0.7071051001548767 0.7071051001548767 0.002184694167226553 
vn -0.7071051001548767 0.7071051001548767 0.002184694167226553 
vn -0.7071051001548767 0.7071051001548767 0.002184694167226553 
vn -0.7071051001548767 0.7071051001548767 0.002184694167226553 
vn -0.7071051001548767 0.7071051001548767 0.002184694167226553 
vn 3.097898456858039e-13 -0.999997615814209 0.002184694167226553 
vn 3.097898456858039e-13 -0.999997615814209 0.002184694167226553 
vn 3.097898456858039e-13 -0.999997615814209 0.002184694167226553 
vn 3.097898456858039e-13 -0.999997615814209 0.002184694167226553 
vn -2.0682311115474694e-13 0 -1 
vn -2.0682311115474694e-13 0 -1 
vn -2.0682311115474694e-13 0 -1 
vn -2.0682311115474694e-13 0 -1 
vn -2.0682311115474694e-13 0 -1 
vn -2.0682311115474694e-13 0 -1 
vn -2.0682311115474694e-13 0 -1 
vn -2.0682311115474694e-13 0 -1 
vn -2.0682311115474694e-13 0 -1 
vn -2.0682311115474694e-13 0 -1 
vn -2.0682311115474694e-13 0 -1 
vn -0.999997615814209 -2.0682260971124217e-13 0.002184694167226553 
vn -0.999997615814209 -2.0682260971124217e-13 0.002184694167226553 
vn -0.999997615814209 -2.0682260971124217e-13 0.002184694167226553 
vn -0.999997615814209 -2.0682260971124217e-13 0.002184694167226553 
vn -0.999997615814209 -2.0682260971124217e-13 0.002184694167226553 
vn -0.999997615814209 -2.0682260971124217e-13 0.002184694167226553 
vn -0.999997615814209 -2.0682260971124217e-13 0.002184694167226553 
vn -0.999997615814209 -2.0682260971124217e-13 0.002184694167226553 
vn -0.999997615814209 -2.0682260971124217e-13 0.002184694167226553 
vn -0.999997615814209 -2.0682260971124217e-13 0.002184694167226553 
vn -0.999997615814209 -2.0682260971124217e-13 0.002184694167226553 
vn -0.999997615814209 -2.0682260971124217e-13 0.002184694167226553 
vn -0.999997615814209 -2.0682260971124217e-13 0.002184694167226553 
vn -0.999997615814209 -2.0682260971124217e-13 0.002184694167226553 
vn -0.999997615814209 -2.0682260971124217e-13 0.002184694167226553 
vn -0.999997615814209 -2.0682260971124217e-13 0.002184694167226553 
vn -0.999997615814209 -2.0682260971124217e-13 0.002184694167226553 
vn -0.999997615814209 -2.0682260971124217e-13 0.002184694167226553 
vn -0.999997615814209 -2.0682260971124217e-13 0.002184694167226553 
vn -0.999997615814209 -2.0682260971124217e-13 0.002184694167226553 
vn -0.999997615814209 -2.0682260971124217e-13 0.002184694167226553 
vn -0.999997615814209 -2.0682260971124217e-13 0.002184694167226553 
vn -0.999997615814209 -2.0682260971124217e-13 0.002184694167226553 
vn -0.999997615814209 -2.0682260971124217e-13 0.002184694167226553 
vn -0.999997615814209 -2.0682260971124217e-13 0.002184694167226553 
vn -0.999997615814209 -2.0682260971124217e-13 0.002184694167226553 
vn -0.999997615814209 -2.0682260971124217e-13 0.002184694167226553 
vn 0.999997615814209 0 0.002184694167226553 
vn 0.999997615814209 0 0.002184694167226553 
vn 0.999997615814209 0 0.002184694167226553 
vn 0.999997615814209 0 0.002184694167226553 
vn 0.999997615814209 0 0.002184694167226553 
vn 0.999997615814209 0 0.002184694167226553 
vn 0.999997615814209 0 0.002184694167226553 
vn 0.999997615814209 0 0.002184694167226553 
vn 0.999997615814209 0 0.002184694167226553 
vn 0.999997615814209 0 0.002184694167226553 
vn 0.999997615814209 0 0.002184694167226553 
vn 0.999997615814209 0 0.002184694167226553 
vn 0.999997615814209 0 0.002184694167226553 
vn 0.999997615814209 0 0.002184694167226553 
vn 0.999997615814209 0 0.002184694167226553 
vn 0.999997615814209 0 0.002184694167226553 
vn 0.999997615814209 0 0.002184694167226553 
vn -0.999997615814209 -2.0682260971124217e-13 0.002184694167226553 
vn -0.999997615814209 -2.0682260971124217e-13 0.002184694167226553 
vn -0.999997615814209 -2.0682260971124217e-13 0.002184694167226553 
vn -0.999997615814209 -2.0682260971124217e-13 0.002184694167226553 
vn -0.999997615814209 -2.0682260971124217e-13 -0.002184694167226553 
vn -0.999997615814209 -2.0682260971124217e-13 0.002184694167226553 
vn -0.999997615814209 -2.0682260971124217e-13 0.002184694167226553 
vn -0.999997615814209 -2.0682260971124217e-13 0.002184694167226553 
vn -0.999997615814209 -2.0682260971124217e-13 -0.002184694167226553 
vn -0.999997615814209 -2.0682260971124217e-13 -0.002184694167226553 
vn 0.999997615814209 0 0.002184694167226553 
vn 0.999997615814209 0 0.002184694167226553 
vn 0.999997615814209 0 0.002184694167226553 
vn 0.999997615814209 0 0.002184694167226553 
vn 0.999997615814209 0 -0.002184694167226553 
vn 0.999997615814209 0 -0.002184694167226553 
vn 0.999997615814209 0 -0.002184694167226553 
vn 0.999997615814209 0 -0.002184694167226553 
vn -1.0341130485562108e-13 0.999997615814209 0.002184694167226553 
vn -1.0341130485562108e-13 0.999997615814209 0.002184694167226553 
vn -1.0341130485562108e-13 0.999997615814209 0.002184694167226553 
vn -1.0341130485562108e-13 0.999997615814209 0.002184694167226553 
vn -0.999997615814209 -2.0682260971124217e-13 0.002184694167226553 
vn -0.999997615814209 -2.0682260971124217e-13 0.002184694167226553 
vn -0.999997615814209 -2.0682260971124217e-13 0.002184694167226553 
vn -1.0341130485562108e-13 0.999997615814209 0.002184694167226553 
vn -1.0341130485562108e-13 0.999997615814209 0.002184694167226553 
vn -1.0341130485562108e-13 0.999997615814209 0.002184694167226553 
vn -1.0341130485562108e-13 0.999997615814209 0.002184694167226553 
vn -1.0341130485562108e-13 0.999997615814209 0.002184694167226553 
vn -1.0341130485562108e-13 0.999997615814209 0.002184694167226553 
vn -1.0341130485562108e-13 0.999997615814209 0.002184694167226553 
vn -1.0341130485562108e-13 0.999997615814209 0.002184694167226553 
vn 0.999997615814209 0 0.002184694167226553 
vn 0.999997615814209 0 0.002184694167226553 
vn 0.999997615814209 0 0.002184694167226553 
vn 0.999997615814209 0 0.002184694167226553 
vn 0.999997615814209 0 0.002184694167226553 
vn 0.999997615814209 0 0.002184694167226553 
vn 0.999997615814209 0 0.002184694167226553 
vn 0.999997615814209 0 0.002184694167226553 
vn -0.999997615814209 -2.0682260971124217e-13 0.002184694167226553 
vn -0.999997615814209 -2.0682260971124217e-13 0.002184694167226553 
vn -0.999997615814209 -2.0682260971124217e-13 0.002184694167226553 
vn -0.999997615814209 -2.0682260971124217e-13 0.002184694167226553 
vn -0.999997615814209 -2.0682260971124217e-13 0.002184694167226553 
vn -0.999997615814209 -2.0682260971124217e-13 0.002184694167226553 
vn -0.999997615814209 -2.0682260971124217e-13 0.002184694167226553 
vn -0.999997615814209 -2.0682260971124217e-13 0.002184694167226553 
vn -1.0341130485562108e-13 0.999997615814209 0.002184694167226553 
vn -1.0341130485562108e-13 0.999997615814209 0.002184694167226553 
vn -1.0341130485562108e-13 0.999997615814209 0.002184694167226553 
vn -1.0341130485562108e-13 0.999997615814209 0.002184694167226553 
vn -1.0341130485562108e-13 0.999997615814209 0.002184694167226553 
vn -1.0341130485562108e-13 0.999997615814209 0.002184694167226553 
vn -1.0341130485562108e-13 0.999997615814209 0.002184694167226553 
vn -1.0341130485562108e-13 0.999997615814209 0.002184694167226553 
vn -1.0341130485562108e-13 0.999997615814209 0.002184694167226553 
vn -1.0341130485562108e-13 0.999997615814209 0.002184694167226553 
vn -1.0341130485562108e-13 0.999997615814209 0.002184694167226553 
vn -1.0341130485562108e-13 0.999997615814209 0.002184694167226553 
vn -1.0341130485562108e-13 0.999997615814209 0.002184694167226553 
vn -1.0341130485562108e-13 0.999997615814209 0.002184694167226553 
vn -1.0341130485562108e-13 0.999997615814209 0.002184694167226553 
vn -1.0341130485562108e-13 0.999997615814209 0.002184694167226553 
vn -1.0341130485562108e-13 0.999997615814209 0.002184694167226553 
vn -1.0341130485562108e-13 0.999997615814209 0.002184694167226553 
vn -1.0341130485562108e-13 0.999997615814209 0.002184694167226553 
vn -1.0341130485562108e-13 0.999997615814209 0.002184694167226553 
vn -1.0341130485562108e-13 0.999997615814209 0.002184694167226553 
vn -1.0341130485562108e-13 0.999997615814209 0.002184694167226553 
vn -1.0341130485562108e-13 0.999997615814209 0.002184694167226553 
vn -1.0341130485562108e-13 0.999997615814209 0.002184694167226553 
vn -1.0341130485562108e-13 0.999997615814209 0.002184694167226553 
vn -1.0341130485562108e-13 0.999997615814209 0.002184694167226553 
vn -1.0341130485562108e-13 0.999997615814209 0.002184694167226553 
vn -1.0341130485562108e-13 0.999997615814209 0.002184694167226553 
vn -2.0682311115474694e-13 0 -1 
vn -2.0682311115474694e-13 0 -1 
vn -2.0682311115474694e-13 0 -1 
vn -2.0682311115474694e-13 0 -1 
vn -2.0682311115474694e-13 0 -1 
vn -2.0682311115474694e-13 0 -1 
vn -2.0682311115474694e-13 0 -1 
vn -2.0682311115474694e-13 0 -1 
vn -2.0682311115474694e-13 0 -1 
vn -0.999997615814209 -2.0682260971124217e-13 0.002184694167226553 
vn -0.999997615814209 -2.0682260971124217e-13 0.002184694167226553 
vn -0.999997615814209 -2.0682260971124217e-13 0.002184694167226553 
vn -0.999997615814209 -2.0682260971124217e-13 0.002184694167226553 
vn -0.999997615814209 -2.0682260971124217e-13 0.002184694167226553 
vn -0.999997615814209 -2.0682260971124217e-13 0.002184694167226553 
vn -0.999997615814209 -2.0682260971124217e-13 0.002184694167226553 
vn -0.999997615814209 -2.0682260971124217e-13 0.002184694167226553 
vn 0 0 1 
vn 0 0 1 
vn 0 0 1 
vn 0 0 1 
vn 0 0 1 
vn 0 0 1 
vn 0 0 1 
vn 0 0 1 
vn 0 0 1 
vn 0 0 1 
vn 0 0 1 
vn -2.0682311115474694e-13 0 -1 
vn -2.0682311115474694e-13 0 -1 
vn 3.097898456858039e-13 -0.999997615814209 0.002184694167226553 
vn 3.097898456858039e-13 -0.999997615814209 0.002184694167226553 
vn 3.097898456858039e-13 -0.999997615814209 0.002184694167226553 
vn 3.097898456858039e-13 -0.999997615814209 0.002184694167226553 
vn 3.097898456858039e-13 -0.999997615814209 0.002184694167226553 
vn 3.097898456858039e-13 -0.999997615814209 0.002184694167226553 
vn 3.097898456858039e-13 -0.999997615814209 0.002184694167226553 
vn 3.097898456858039e-13 -0.999997615814209 0.002184694167226553 
vn 0.0018892475636675954 -0.80462646484375 -0.5937783122062683 
vn 0.003778499783948064 -0.9357218146324158 -0.3527185618877411 
vn 0.0018892475636675954 -0.80462646484375 -0.5937783122062683 
vn 0.003778499783948064 -0.9357218146324158 -0.3527185618877411 
vn 3.097898456858039e-13 -0.999997615814209 0.002184694167226553 
vn 3.097898456858039e-13 -0.999997615814209 0.002184694167226553 
vn 3.097898456858039e-13 -0.999997615814209 -0.002184694167226553 
vn 3.097898456858039e-13 -0.999997615814209 -0.002184694167226553 
vn 3.097898456858039e-13 -0.999997615814209 0.002184694167226553 
vn 3.097898456858039e-13 -0.999997615814209 0.002184694167226553 
vn 3.097898456858039e-13 -0.999997615814209 0.002184694167226553 
vn 3.097898456858039e-13 -0.999997615814209 0.002184694167226553 
vn -0.0018868284532800317 -0.9357275366783142 0.3527185618877411 
vn -0.0018868284532800317 -0.9357275366783142 0.3527185618877411 
vn 0.003772845258936286 -0.8046198487281799 0.5937783122062683 
vn 0.003772845258936286 -0.8046198487281799 0.5937783122062683 
vn 3.097898456858039e-13 -0.999997615814209 0.002184694167226553 
vn 3.097898456858039e-13 -0.999997615814209 0.002184694167226553 
vn 3.097898456858039e-13 -0.999997615814209 0.002184694167226553 
vn 3.097898456858039e-13 -0.999997615814209 0.002184694167226553 
vn 3.097898456858039e-13 -0.999997615814209 0.002184694167226553 
vn 3.097898456858039e-13 -0.999997615814209 0.002184694167226553 
vn 3.097898456858039e-13 -0.999997615814209 0.002184694167226553 
vn 3.097898456858039e-13 -0.999997615814209 0.002184694167226553 
vn -1.0341130485562108e-13 0.999997615814209 0.002184694167226553 
vn -1.0341130485562108e-13 0.999997615814209 0.002184694167226553 
vn -1.0341130485562108e-13 0.999997615814209 0.002184694167226553 
vn -1.0341130485562108e-13 0.999997615814209 0.002184694167226553 
vn -1.0341130485562108e-13 0.999997615814209 0.002184694167226553 
vn -1.0341130485562108e-13 0.999997615814209 0.002184694167226553 
vn -1.0341130485562108e-13 0.999997615814209 0.002184694167226553 
vn -1.0341130485562108e-13 0.999997615814209 0.002184694167226553 
vn -1.0341130485562108e-13 0.999997615814209 0.002184694167226553 
vn -1.0341130485562108e-13 0.999997615814209 0.002184694167226553 
vn -1.0341130485562108e-13 0.999997615814209 0.002184694167226553 
vn -1.0341130485562108e-13 0.999997615814209 0.002184694167226553 
vn -1.0341130485562108e-13 0.999997615814209 0.002184694167226553 
vn -1.0341130485562108e-13 0.999997615814209 0.002184694167226553 
vn -1.0341130485562108e-13 0.999997615814209 0.002184694167226553 
vn -1.0341130485562108e-13 0.999997615814209 0.002184694167226553 
vn -1.0341130485562108e-13 0.999997615814209 0.002184694167226553 
vn -1.0341130485562108e-13 0.999997615814209 0.002184694167226553 
vn -1.0341130485562108e-13 0.999997615814209 0.002184694167226553 
vn -1.0341130485562108e-13 0.999997615814209 0.002184694167226553 
vn -1.0341130485562108e-13 0.999997615814209 0.002184694167226553 
vn -1.0341130485562108e-13 0.999997615814209 0.002184694167226553 
vn -1.0341130485562108e-13 0.999997615814209 0.002184694167226553 
vn -0.999997615814209 -2.0682260971124217e-13 0.002184694167226553 
vn -0.999997615814209 -2.0682260971124217e-13 0.002184694167226553 
vn -0.999997615814209 -2.0682260971124217e-13 0.002184694167226553 
vn -0.999997615814209 -2.0682260971124217e-13 0.002184694167226553 
vn -0.999997615814209 -2.0682260971124217e-13 0.002184694167226553 
vn -0.999997615814209 -2.0682260971124217e-13 0.002184694167226553 
vn -0.999997615814209 -2.0682260971124217e-13 0.002184694167226553 
vn -0.999997615814209 -2.0682260971124217e-13 0.002184694167226553 
vn 3.097898456858039e-13 -0.999997615814209 0.002184694167226553 
vn 3.097898456858039e-13 -0.999997615814209 0.002184694167226553 
vn 3.097898456858039e-13 -0.999997615814209 0.002184694167226553 
vn 3.097898456858039e-13 -0.999997615814209 0.002184694167226553 
vn 0.0018892475636675954 -0.80462646484375 -0.5937783122062683 
vn 0.0018892475636675954 -0.80462646484375 -0.5937783122062683 
vn 0.003778499783948064 -0.9357218146324158 -0.3527185618877411 
vn 0.003778499783948064 -0.9357218146324158 -0.3527185618877411 
vn 3.097898456858039e-13 -0.999997615814209 0.002184694167226553 
vn 3.097898456858039e-13 -0.999997615814209 0.002184694167226553 
vn 3.097898456858039e-13 -0.999997615814209 -0.002184694167226553 
vn -0.7071051001548767 -0.7071051001548767 0.002184694167226553 
vn -0.7071051001548767 -0.7071051001548767 0.002184694167226553 
vn -0.7071051001548767 -0.7071051001548767 0.002184694167226553 
vn -0.7071051001548767 -0.7071051001548767 0.002184694167226553 
vn -0.7071051001548767 -0.7071051001548767 0.002184694167226553 
vn -0.7071051001548767 -0.7071051001548767 0.002184694167226553 
vn -0.7071051001548767 -0.7071051001548767 0.002184694167226553 
vn -0.7071051001548767 -0.7071051001548767 0.002184694167226553 
vn 0.999997615814209 0 0.002184694167226553 
vn 0.999997615814209 0 0.002184694167226553 
vn 0.999997615814209 0 0.002184694167226553 
vn 0.999997615814209 0 0.002184694167226553 
vn 0.999997615814209 0 0.002184694167226553 
vn 0.999997615814209 0 0.002184694167226553 
vn 0.999997615814209 0 0.002184694167226553 
vn 0.999997615814209 0 0.002184694167226553 
vn 3.097898456858039e-13 -0.999997615814209 -0.002184694167226553 
vn 3.097898456858039e-13 -0.999997615814209 -0.002184694167226553 
vn 3.097898456858039e-13 -0.999997615814209 -0.002184694167226553 
vn 3.097898456858039e-13 -0.999997615814209 -0.002184694167226553 
vn 0 0 1 
vn 0 0 1 
vn 0 0 1 
vn 0 0 1 
vn 0 0 1 
vn -1.0341130485562108e-13 0.999997615814209 0.002184694167226553 
vn -1.0341130485562108e-13 0.999997615814209 0.002184694167226553 
vn -1.0341130485562108e-13 0.999997615814209 0.002184694167226553 
vn -1.0341130485562108e-13 0.999997615814209 0.002184694167226553 
vn 0.0018892475636675954 0.80462646484375 -0.5937783122062683 
vn 0.0018892475636675954 0.80462646484375 -0.5937783122062683 
vn -0.0018869141349568963 0.9261600375175476 -0.37712597846984863 
vn -0.0018869141349568963 0.9261600375175476 -0.37712597846984863 
vn -1.0341130485562108e-13 0.999997615814209 0.002184694167226553 
vn -1.0341130485562108e-13 0.999997615814209 0.002184694167226553 
vn 0.0018892475636675954 0.80462646484375 -0.5937783122062683 
vn -0.0018869141349568963 0.9261600375175476 -0.37712597846984863 
vn -1.0341130485562108e-13 0.999997615814209 0.002184694167226553 
vn -0.0018869141349568963 0.9261600375175476 -0.37712597846984863 
vn -1.0341130485562108e-13 0.999997615814209 0.002184694167226553 
vn 0.0018892475636675954 0.80462646484375 -0.5937783122062683 
vn 0.0018892475636675954 0.80462646484375 -0.5937783122062683 
vn 0.0018892475636675954 0.80462646484375 -0.5937783122062683 
vn 3.097898456858039e-13 -0.999997615814209 0.002184694167226553 
vn 3.097898456858039e-13 -0.999997615814209 0.002184694167226553 
vn 3.097898456858039e-13 -0.999997615814209 0.002184694167226553 
vn 3.097898456858039e-13 -0.999997615814209 0.002184694167226553 
vn 3.097898456858039e-13 -0.999997615814209 0.002184694167226553 
vn 3.097898456858039e-13 -0.999997615814209 0.002184694167226553 
vn 3.097898456858039e-13 -0.999997615814209 0.002184694167226553 
vn 3.097898456858039e-13 -0.999997615814209 0.002184694167226553 
vn -0.0018868284532800317 -0.9357275366783142 0.3527185618877411 
vn -0.0018868284532800317 -0.9357275366783142 0.3527185618877411 
vn -0.003772845258936286 -0.8046198487281799 0.5937783122062683 
vn -0.003772845258936286 -0.8046198487281799 0.5937783122062683 
vn 3.097898456858039e-13 -0.999997615814209 -0.002184694167226553 
vn 3.097898456858039e-13 -0.999997615814209 -0.002184694167226553 
vn 3.097898456858039e-13 -0.999997615814209 0.002184694167226553 
vn 3.097898456858039e-13 -0.999997615814209 0.002184694167226553 
vn 3.097898456858039e-13 -0.999997615814209 0.002184694167226553 
vn 3.097898456858039e-13 -0.999997615814209 0.002184694167226553 
vn 0.003772845258936286 0.8046198487281799 0.5937783122062683 
vn 0.003772845258936286 0.8046198487281799 0.5937783122062683 
vn 0.003772845258936286 0.8046198487281799 0.5937783122062683 
vn 0.003772845258936286 0.8046198487281799 0.5937783122062683 
vn 0.999997615814209 0 0.002184694167226553 
vn 0.999997615814209 0 0.002184694167226553 
vn 0.999997615814209 0 0.002184694167226553 
vn 0.999997615814209 0 0.002184694167226553 
vn 0.999997615814209 0 0.002184694167226553 
vn 0.999997615814209 0 0.002184694167226553 
vn 0.999997615814209 0 0.002184694167226553 
vn 0.999997615814209 0 0.002184694167226553 
vn 0.0018892475636675954 -0.80462646484375 -0.5937783122062683 
vn 0.003778499783948064 -0.9357218146324158 -0.3527185618877411 
vn 0.0018892475636675954 -0.80462646484375 -0.5937783122062683 
vn 0.003778499783948064 -0.9357218146324158 -0.3527185618877411 
vn 3.097898456858039e-13 -0.999997615814209 0.002184694167226553 
vn 3.097898456858039e-13 -0.999997615814209 0.002184694167226553 
vn 3.097898456858039e-13 -0.999997615814209 -0.002184694167226553 
vn 3.097898456858039e-13 -0.999997615814209 -0.002184694167226553 
vn 0.999997615814209 0 0.002184694167226553 
vn 0.999997615814209 0 0.002184694167226553 
vn 0.999997615814209 0 0.002184694167226553 
vn 0.999997615814209 0 0.002184694167226553 
vn -1.0341130485562108e-13 0.999997615814209 0.002184694167226553 
vn -1.0341130485562108e-13 0.999997615814209 0.002184694167226553 
vn -1.0341130485562108e-13 0.999997615814209 0.002184694167226553 
vn -1.0341130485562108e-13 0.999997615814209 0.002184694167226553 
vn -0.999997615814209 -2.0682260971124217e-13 0.002184694167226553 
vn -0.999997615814209 -2.0682260971124217e-13 0.002184694167226553 
vn -0.999997615814209 -2.0682260971124217e-13 0.002184694167226553 
vn -0.999997615814209 -2.0682260971124217e-13 0.002184694167226553 
vn -0.999997615814209 -2.0682260971124217e-13 -0.002184694167226553 
vn -0.999997615814209 -2.0682260971124217e-13 -0.002184694167226553 
vn -0.999997615814209 -2.0682260971124217e-13 -0.002184694167226553 
vn -0.999997615814209 -2.0682260971124217e-13 -0.002184694167226553 
vn 0.0018822179408743978 0.5955318212509155 0.8033295273780823 
vn 0.0018822179408743978 0.5955318212509155 0.8033295273780823 
vn 0.0018822179408743978 0.5955318212509155 0.8033295273780823 
vn 0.0018822179408743978 0.5955318212509155 0.8033295273780823 
vn -1.0341130485562108e-13 0.999997615814209 0.002184694167226553 
vn -1.0341130485562108e-13 0.999997615814209 0.002184694167226553 
vn -1.0341130485562108e-13 0.999997615814209 0.002184694167226553 
vn -1.0341130485562108e-13 0.999997615814209 0.002184694167226553 
vn 0.003772845258936286 -0.8046198487281799 0.5937783122062683 
vn 0.003772845258936286 -0.8046198487281799 0.5937783122062683 
vn 0.003772845258936286 -0.8046198487281799 0.5937783122062683 
vn 0.003772845258936286 -0.8046198487281799 0.5937783122062683 
vn 0 0 1 
vn 0 0 1 
vn 0 0 1 
vn 0 0 1 
vn 0 0 1 
vn 0 0 1 
vn 0 0 1 
vn 0 0 1 
vn 0 0 1 
vn 0 0 1 
vn 0 0 1 
vn 0.00376924779266119 0.707868754863739 0.7063339352607727 
vn 0.00376924779266119 0.707868754863739 0.7063339352607727 
vn 0.00376924779266119 0.707868754863739 0.7063339352607727 
vn 0.00376924779266119 0.707868754863739 0.7063339352607727 
vn 0.0018892475636675954 0.80462646484375 -0.5937783122062683 
vn 0.0018892475636675954 0.80462646484375 -0.5937783122062683 
vn 0.0018892475636675954 0.80462646484375 -0.5937783122062683 
vn 0.0018892475636675954 0.80462646484375 -0.5937783122062683 
vn 0.0018892475636675954 -0.80462646484375 -0.5937783122062683 
vn 0.0018892475636675954 -0.80462646484375 -0.5937783122062683 
vn 0.0018892475636675954 -0.80462646484375 -0.5937783122062683 
vn 0.0018892475636675954 -0.80462646484375 -0.5937783122062683 
vn 0.003772845258936286 0.8046198487281799 0.5937783122062683 
vn 0.003772845258936286 0.8046198487281799 0.5937783122062683 
vn 0.003772845258936286 0.8046198487281799 0.5937783122062683 
vn 0.003772845258936286 0.8046198487281799 0.5937783122062683 
vn -1.0341130485562108e-13 0.999997615814209 0.002184694167226553 
vn -1.0341130485562108e-13 0.999997615814209 0.002184694167226553 
vn -1.0341130485562108e-13 0.999997615814209 0.002184694167226553 
vn -1.0341130485562108e-13 0.999997615814209 0.002184694167226553 
vn -1.0341130485562108e-13 0.999997615814209 0.002184694167226553 
vn -1.0341130485562108e-13 0.999997615814209 0.002184694167226553 
vn -1.0341130485562108e-13 0.999997615814209 0.002184694167226553 
vn -1.0341130485562108e-13 0.999997615814209 0.002184694167226553 
vn 3.097898456858039e-13 -0.999997615814209 -0.002184694167226553 
vn 3.097898456858039e-13 -0.999997615814209 -0.002184694167226553 
vn 3.097898456858039e-13 -0.999997615814209 -0.002184694167226553 
vn 3.097898456858039e-13 -0.999997615814209 -0.002184694167226553 
vn 0.7071051001548767 -0.7071051001548767 0.002184694167226553 
vn 0.7071051001548767 -0.7071051001548767 0.002184694167226553 
vn 0.7071051001548767 -0.7071051001548767 0.002184694167226553 
vn 0.7071051001548767 -0.7071051001548767 0.002184694167226553 
vn 0.7071051001548767 -0.7071051001548767 0.002184694167226553 
vn 0.7071051001548767 -0.7071051001548767 0.002184694167226553 
vn 0.7071051001548767 -0.7071051001548767 0.002184694167226553 
vn 0.7071051001548767 -0.7071051001548767 0.002184694167226553 
vn 3.097898456858039e-13 -0.999997615814209 -0.002184694167226553 
vn 3.097898456858039e-13 -0.999997615814209 0.002184694167226553 
vn 3.097898456858039e-13 -0.999997615814209 -0.002184694167226553 
vn 3.097898456858039e-13 -0.999997615814209 0.002184694167226553 
vn 3.097898456858039e-13 -0.999997615814209 0.002184694167226553 
vn 3.097898456858039e-13 -0.999997615814209 0.002184694167226553 
vn 0.999997615814209 0 0.002184694167226553 
vn 0.999997615814209 0 0.002184694167226553 
vn 0.999997615814209 0 0.002184694167226553 
vn 0.999997615814209 0 0.002184694167226553 
vn -0.0018898227717727423 0.5955317616462708 -0.8033295273780823 
vn -0.0018898227717727423 0.5955317616462708 -0.8033295273780823 
vn -0.0018898227717727423 0.5955317616462708 -0.8033295273780823 
vn -0.0018898227717727423 0.5955317616462708 -0.8033295273780823 
vn 0.003772845258936286 -0.8046198487281799 0.5937783122062683 
vn 0.003772845258936286 -0.8046198487281799 0.5937783122062683 
vn -0.0018868284532800317 -0.9357275366783142 0.3527185618877411 
vn -0.0018868284532800317 -0.9357275366783142 0.3527185618877411 
vn 3.097898456858039e-13 -0.999997615814209 0.002184694167226553 
vn 3.097898456858039e-13 -0.999997615814209 0.002184694167226553 
vn 3.097898456858039e-13 -0.999997615814209 0.002184694167226553 
vn 3.097898456858039e-13 -0.999997615814209 0.002184694167226553 
vn -0.003772845258936286 -0.8046198487281799 0.5937783122062683 
vn -0.003772845258936286 -0.8046198487281799 0.5937783122062683 
vn -0.003772845258936286 -0.8046198487281799 0.5937783122062683 
vn -0.003772845258936286 -0.8046198487281799 0.5937783122062683 
vn -1.0341130485562108e-13 0.999997615814209 0.002184694167226553 
vn -1.0341130485562108e-13 0.999997615814209 0.002184694167226553 
vn -1.0341130485562108e-13 0.999997615814209 0.002184694167226553 
vn -2.0682311115474694e-13 0 -1 
vn -2.0682311115474694e-13 0 -1 
vn -2.0682311115474694e-13 0 -1 
vn -2.0682311115474694e-13 0 -1 
vn -2.0682311115474694e-13 0 -1 
vn -2.0682311115474694e-13 0 -1 
vn -2.0682311115474694e-13 0 -1 
vn -2.0682311115474694e-13 0 -1 
vn -2.0682311115474694e-13 0 -1 
vn -2.0682311115474694e-13 0 -1 
vn -2.0682311115474694e-13 0 -1 
vn -2.0682311115474694e-13 0 -1 
vn -2.0682311115474694e-13 0 -1 
vn -2.0682311115474694e-13 0 -1 
vn 3.097898456858039e-13 -0.999997615814209 0.002184694167226553 
vn 3.097898456858039e-13 -0.999997615814209 0.002184694167226553 
vn 3.097898456858039e-13 -0.999997615814209 0.002184694167226553 
vn 3.097898456858039e-13 -0.999997615814209 0.002184694167226553 
vn 3.097898456858039e-13 -0.999997615814209 0.002184694167226553 
vn 3.097898456858039e-13 -0.999997615814209 0.002184694167226553 
vn 0.00376924779266119 0.707868754863739 0.7063339352607727 
vn 0.00376924779266119 0.707868754863739 0.7063339352607727 
vn 0.00376924779266119 0.707868754863739 0.7063339352607727 
vn 0.00376924779266119 0.707868754863739 0.7063339352607727 
vn 0.00376924779266119 0.707868754863739 0.7063339352607727 
vn 0.00376924779266119 0.707868754863739 0.7063339352607727 
vn 0.00376924779266119 0.707868754863739 0.7063339352607727 
vn 0.00376924779266119 0.707868754863739 0.7063339352607727 
vn 0.00376924779266119 0.707868754863739 0.7063339352607727 
vn 0.00376924779266119 0.707868754863739 0.7063339352607727 
vn 0.00376924779266119 0.707868754863739 0.7063339352607727 
vn 0.00376924779266119 0.707868754863739 0.7063339352607727 
vn 0 0 1 
vn 0 0 1 
vn 0 0 1 
vn 0 0 1 
vn 0 0 1 
vn 0 0 1 
vn 0 0 1 
vn 0 0 1 
vn 0 0 1 
vn 0 0 1 
vn 0 0 1 
vn 0 0 1 
vn 0 0 1 
vn 0 0 1 
vn 0 0 1 
vn 0 0 1 
vn 0 0 1 
vn 0 0 1 
vn 0 0 1 
vn 0 0 1 
vn 0 0 1 
vn 0 0 1 
vn 0 0 1 
vn 0 0 1 
vn 0 0 1 
vn 0 0 1 
vn 0 0 1 
vn 0 0 1 
vn -0.0018898227717727423 0.5955317616462708 -0.8033295273780823 
vn -0.0018898227717727423 0.5955317616462708 -0.8033295273780823 
vn -0.0018898227717727423 0.5955317616462708 -0.8033295273780823 
vn -0.0018898227717727423 0.5955317616462708 -0.8033295273780823 
vn 0 0 1 
vn 0 0 1 
vn 0 0 1 
vn 0 0 1 
vn 0 0 1 
vn 0 0 1 
vn 0 0 1 
vn 0 0 1 
vn 0 0 1 
vn 0 0 1 
vn 0 0 1 
vn -2.0682311115474694e-13 0 -1 
vn -2.0682311115474694e-13 0 -1 
vn -2.0682311115474694e-13 0 -1 
vn -2.0682311115474694e-13 0 -1 
vn -2.0682311115474694e-13 0 -1 
vn -2.0682311115474694e-13 0 -1 
vn 0.999997615814209 0 0.002184694167226553 
vn 0.999997615814209 0 0.002184694167226553 
vn 0.999997615814209 0 0.002184694167226553 
vn 0.999997615814209 0 0.002184694167226553 
vn 0.003772845258936286 -0.8046198487281799 0.5937783122062683 
vn 0.003772845258936286 -0.8046198487281799 0.5937783122062683 
vn 0.003772845258936286 -0.8046198487281799 0.5937783122062683 
vn 0.003772845258936286 -0.8046198487281799 0.5937783122062683 
vn 0.7071051001548767 0.7071051001548767 0.002184694167226553 
vn 0.7071051001548767 0.7071051001548767 0.002184694167226553 
vn 0.7071051001548767 0.7071051001548767 0.002184694167226553 
vn 0.7071051001548767 0.7071051001548767 0.002184694167226553 
vn 3.097898456858039e-13 -0.999997615814209 0.002184694167226553 
vn 3.097898456858039e-13 -0.999997615814209 0.002184694167226553 
vn 3.097898456858039e-13 -0.999997615814209 0.002184694167226553 
vn 3.097898456858039e-13 -0.999997615814209 0.002184694167226553 
vn 3.097898456858039e-13 -0.999997615814209 0.002184694167226553 
vn 3.097898456858039e-13 -0.999997615814209 0.002184694167226553 
vn 3.097898456858039e-13 -0.999997615814209 0.002184694167226553 
vn -0.0018898227717727423 0.5955317616462708 -0.8033295273780823 
vn -0.0018898227717727423 0.5955317616462708 -0.8033295273780823 
vn -0.0018898227717727423 0.5955317616462708 -0.8033295273780823 
vn -0.0018898227717727423 0.5955317616462708 -0.8033295273780823 
vn 0.003772845258936286 -0.8046198487281799 0.5937783122062683 
vn 0.003772845258936286 -0.8046198487281799 0.5937783122062683 
vn 0.003772845258936286 -0.8046198487281799 0.5937783122062683 
vn 0.003772845258936286 -0.8046198487281799 0.5937783122062683 
vn -0.999997615814209 -2.0682260971124217e-13 -0.002184694167226553 
vn -0.999997615814209 -2.0682260971124217e-13 -0.002184694167226553 
vn -0.999997615814209 -2.0682260971124217e-13 -0.002184694167226553 
vn -0.999997615814209 -2.0682260971124217e-13 -0.002184694167226553 
vn -0.999997615814209 -2.0682260971124217e-13 0.002184694167226553 
vn -0.999997615814209 -2.0682260971124217e-13 0.002184694167226553 
vn -0.999997615814209 -2.0682260971124217e-13 0.002184694167226553 
vn -0.999997615814209 -2.0682260971124217e-13 0.002184694167226553 
vn 3.097898456858039e-13 -0.999997615814209 0.002184694167226553 
vn 3.097898456858039e-13 -0.999997615814209 0.002184694167226553 
vn 3.097898456858039e-13 -0.999997615814209 0.002184694167226553 
vn 3.097898456858039e-13 -0.999997615814209 0.002184694167226553 
vn 3.097898456858039e-13 -0.999997615814209 0.002184694167226553 
vn 3.097898456858039e-13 -0.999997615814209 0.002184694167226553 
vn 0.003772845258936286 0.8046198487281799 0.5937783122062683 
vn 0.003772845258936286 0.8046198487281799 0.5937783122062683 
vn -0.0018869141349568963 0.9261600375175476 0.37712597846984863 
vn -0.0018869141349568963 0.9261600375175476 0.37712597846984863 
vn -1.0341130485562108e-13 0.999997615814209 0.002184694167226553 
vn -0.0018869141349568963 0.9261600375175476 0.37712597846984863 
vn -1.0341130485562108e-13 0.999997615814209 0.002184694167226553 
vn -1.0341130485562108e-13 0.999997615814209 0.002184694167226553 
vn -0.0018869141349568963 0.9261600375175476 0.37712597846984863 
vn -1.0341130485562108e-13 0.999997615814209 0.002184694167226553 
vn -1.0341130485562108e-13 0.999997615814209 0.002184694167226553 
vn 0.003772845258936286 0.8046198487281799 0.5937783122062683 
vn 0.003772845258936286 0.8046198487281799 0.5937783122062683 
vn 0.003772845258936286 0.8046198487281799 0.5937783122062683 
vn 0.0018822179408743978 0.5955318212509155 0.8033295273780823 
vn 0.0018822179408743978 0.5955318212509155 0.8033295273780823 
vn 0.0018822179408743978 0.5955318212509155 0.8033295273780823 
vn 0.0018822179408743978 0.5955318212509155 0.8033295273780823 
vn 0.0018878303235396743 0.7078762650489807 -0.7063339352607727 
vn 0.0018878303235396743 0.7078762650489807 -0.7063339352607727 
vn 0.0018878303235396743 0.7078762650489807 -0.7063339352607727 
vn 0.0018878303235396743 0.7078762650489807 -0.7063339352607727 
vn 0.0018878303235396743 0.7078762650489807 -0.7063339352607727 
vn 0.0018878303235396743 0.7078762650489807 -0.7063339352607727 
vn 0.0018878303235396743 0.7078762650489807 -0.7063339352607727 
vn 0.0018878303235396743 0.7078762650489807 -0.7063339352607727 
vn 0.0018878303235396743 0.7078762650489807 -0.7063339352607727 
vn 0.0018878303235396743 0.7078762650489807 -0.7063339352607727 
vn -1.0341130485562108e-13 0.999997615814209 0.002184694167226553 
vn -1.0341130485562108e-13 0.999997615814209 0.002184694167226553 
vn 3.097898456858039e-13 -0.999997615814209 0.002184694167226553 
vn 3.097898456858039e-13 -0.999997615814209 0.002184694167226553 
vn 3.097898456858039e-13 -0.999997615814209 0.002184694167226553 
vn 3.097898456858039e-13 -0.999997615814209 0.002184694167226553 
vn -0.0019140710355713964 0.05237371474504471 -0.9986256957054138 
vn -0.0019140710355713964 0.05237371474504471 -0.9986256957054138 
vn -0.0019140710355713964 0.05237371474504471 -0.9986256957054138 
vn -0.0019140710355713964 0.05237371474504471 -0.9986256957054138 
vn -0.0019140710355713964 0.05237371474504471 -0.9986256957054138 
vn -0.0019140710355713964 0.05237371474504471 -0.9986256957054138 
vn -0.0019140710355713964 0.05237371474504471 -0.9986256957054138 
vn 0.999997615814209 0 0.002184694167226553 
vn 0.999997615814209 0 0.002184694167226553 
vn 0.999997615814209 0 0.002184694167226553 
vn 0.999997615814209 0 0.002184694167226553 
vn 0.999997615814209 0 -0.002184694167226553 
vn 0.999997615814209 0 0.002184694167226553 
vn 0.999997615814209 0 0.002184694167226553 
vn 0.999997615814209 0 0.002184694167226553 
vn 0.999997615814209 0 0.002184694167226553 
vn 0.999997615814209 0 0.002184694167226553 
vn 0.999997615814209 0 0.002184694167226553 
vn 0.0018892475636675954 -0.80462646484375 -0.5937783122062683 
vn 0.0018892475636675954 -0.80462646484375 -0.5937783122062683 
vn 0.0018892475636675954 -0.80462646484375 -0.5937783122062683 
vn 0.0018892475636675954 -0.80462646484375 -0.5937783122062683 
vn 0.999997615814209 0 0.002184694167226553 
vn 0.999997615814209 0 0.002184694167226553 
vn 0.999997615814209 0 0.002184694167226553 
vn 0.999997615814209 0 0.002184694167226553 
vn 0.999997615814209 0 0.002184694167226553 
vn 0.999997615814209 0 0.002184694167226553 
vn 0.999997615814209 0 0.002184694167226553 
vn 0.999997615814209 0 0.002184694167226553 
vn 0.999997615814209 0 -0.002184694167226553 
vn 0.999997615814209 0 -0.002184694167226553 
vn 0.999997615814209 0 -0.002184694167226553 
vn 0.999997615814209 0 -0.002184694167226553 
vn 0.999997615814209 0 0.002184694167226553 
vn 0.999997615814209 0 0.002184694167226553 
vn 0.999997615814209 0 0.002184694167226553 
vn 0.999997615814209 0 0.002184694167226553 
vn 0.999997615814209 0 0.002184694167226553 
vn 0.999997615814209 0 0.002184694167226553 
vn 0.999997615814209 0 0.002184694167226553 
vn 0.999997615814209 0 0.002184694167226553 
vn 0.999997615814209 0 0.002184694167226553 
vn 0.999997615814209 0 0.002184694167226553 
vn 0.999997615814209 0 0.002184694167226553 
vn 0.999997615814209 0 0.002184694167226553 
vn -0.999997615814209 -2.0682260971124217e-13 0.002184694167226553 
vn -0.999997615814209 -2.0682260971124217e-13 0.002184694167226553 
vn -0.999997615814209 -2.0682260971124217e-13 0.002184694167226553 
vn -0.999997615814209 -2.0682260971124217e-13 0.002184694167226553 
vn -0.999997615814209 -2.0682260971124217e-13 0.002184694167226553 
vn -0.999997615814209 -2.0682260971124217e-13 0.002184694167226553 
vn -0.999997615814209 -2.0682260971124217e-13 0.002184694167226553 
vn -0.999997615814209 -2.0682260971124217e-13 0.002184694167226553 
vn 0.9807829260826111 0.19508986175060272 0.002184694167226553 
vn 0.9807829260826111 0.19508986175060272 0.002184694167226553 
vn 0.9807829260826111 0.19508986175060272 0.002184694167226553 
vn 0.9807829260826111 0.19508986175060272 0.002184694167226553 
vn 0.9807829260826111 0.19508986175060272 0.002184694167226553 
vn 0.9807829260826111 0.19508986175060272 0.002184694167226553 
vn 0.9807829260826111 0.19508986175060272 0.002184694167226553 
vn 0.9807829260826111 0.19508986175060272 0.002184694167226553 
vn 0.9807829260826111 0.19508986175060272 0.002184694167226553 
vn 0.9807829260826111 0.19508986175060272 0.002184694167226553 
vn 0.9807829260826111 0.19508986175060272 0.002184694167226553 
vn 0.9807829260826111 0.19508986175060272 0.002184694167226553 
vn -2.0682311115474694e-13 0 -1 
vn -2.0682311115474694e-13 0 -1 
vn -2.0682311115474694e-13 0 -1 
vn -2.0682311115474694e-13 0 -1 
vn -2.0682311115474694e-13 0 -1 
vn -2.0682311115474694e-13 0 -1 
vn -2.0682311115474694e-13 0 -1 
vn -2.0682311115474694e-13 0 -1 
vn -2.0682311115474694e-13 0 -1 
vn -2.0682311115474694e-13 0 -1 
vn -2.0682311115474694e-13 0 -1 
vn 0 0 1 
vn 0 0 1 
vn 0 0 1 
vn 0 0 1 
vn 0 0 1 
vn 0 0 1 
vn 0.003772845258936286 -0.8046198487281799 0.5937783122062683 
vn -0.0018868284532800317 -0.9357275366783142 0.3527185618877411 
vn 0.003772845258936286 -0.8046198487281799 0.5937783122062683 
vn -0.0018868284532800317 -0.9357275366783142 0.3527185618877411 
vn 3.097898456858039e-13 -0.999997615814209 0.002184694167226553 
vn 3.097898456858039e-13 -0.999997615814209 0.002184694167226553 
vn 3.097898456858039e-13 -0.999997615814209 0.002184694167226553 
vn 3.097898456858039e-13 -0.999997615814209 0.002184694167226553 
vn -0.999997615814209 -2.0682260971124217e-13 0.002184694167226553 
vn -0.999997615814209 -2.0682260971124217e-13 0.002184694167226553 
vn -0.999997615814209 -2.0682260971124217e-13 0.002184694167226553 
vn -0.999997615814209 -2.0682260971124217e-13 0.002184694167226553 
vn -0.999997615814209 -2.0682260971124217e-13 0.002184694167226553 
vn -0.999997615814209 -2.0682260971124217e-13 0.002184694167226553 
vn -0.999997615814209 -2.0682260971124217e-13 0.002184694167226553 
vn -0.999997615814209 -2.0682260971124217e-13 0.002184694167226553 
vn -0.999997615814209 -2.0682260971124217e-13 0.002184694167226553 
vn -0.999997615814209 -2.0682260971124217e-13 0.002184694167226553 
vn -0.999997615814209 -2.0682260971124217e-13 0.002184694167226553 
vn -0.999997615814209 -2.0682260971124217e-13 0.002184694167226553 
vn -0.999997615814209 -2.0682260971124217e-13 0.002184694167226553 
vn -0.999997615814209 -2.0682260971124217e-13 0.002184694167226553 
vn 0.0018892475636675954 -0.80462646484375 -0.5937783122062683 
vn 0.0018892475636675954 -0.80462646484375 -0.5937783122062683 
vn 0.003778499783948064 -0.9357218146324158 -0.3527185618877411 
vn 0.003778499783948064 -0.9357218146324158 -0.3527185618877411 
vn 3.097898456858039e-13 -0.999997615814209 0.002184694167226553 
vn 3.097898456858039e-13 -0.999997615814209 0.002184694167226553 
vn 3.097898456858039e-13 -0.999997615814209 -0.002184694167226553 
vn 0.00376924779266119 0.707868754863739 0.7063339352607727 
vn 0.00376924779266119 0.707868754863739 0.7063339352607727 
vn 0.00376924779266119 0.707868754863739 0.7063339352607727 
vn 0.00376924779266119 0.707868754863739 0.7063339352607727 
vn 0.00376924779266119 0.707868754863739 0.7063339352607727 
vn 0.00376924779266119 0.707868754863739 0.7063339352607727 
vn 0.00376924779266119 0.707868754863739 0.7063339352607727 
vn 0.00376924779266119 0.707868754863739 0.7063339352607727 
vn 0.00376924779266119 0.707868754863739 0.7063339352607727 
vn 0.00376924779266119 0.707868754863739 0.7063339352607727 
vn 0.999997615814209 0 0.002184694167226553 
vn 0.999997615814209 0 0.002184694167226553 
vn 0 0 1 
vn 0 0 1 
vn 0 0 1 
vn 0 0 1 
vn 0 0 1 
vn 0 0 1 
vn 0 0 1 
vn 0 0 1 
vn 0 0 1 
vn 0 0 1 
vn 0 0 1 
vn -0.999997615814209 -2.0682260971124217e-13 -0.002184694167226553 
vn -0.999997615814209 -2.0682260971124217e-13 -0.002184694167226553 
vn -0.999997615814209 -2.0682260971124217e-13 -0.002184694167226553 
vn -0.999997615814209 -2.0682260971124217e-13 -0.002184694167226553 
vn -0.999997615814209 -2.0682260971124217e-13 0.002184694167226553 
vn -0.999997615814209 -2.0682260971124217e-13 0.002184694167226553 
vn -0.999997615814209 -2.0682260971124217e-13 0.002184694167226553 
vn -0.999997615814209 -2.0682260971124217e-13 0.002184694167226553 
vn 3.097898456858039e-13 -0.999997615814209 0.002184694167226553 
vn 3.097898456858039e-13 -0.999997615814209 0.002184694167226553 
vn 3.097898456858039e-13 -0.999997615814209 0.002184694167226553 
vn 3.097898456858039e-13 -0.999997615814209 0.002184694167226553 
vn -0.0018868284532800317 -0.9357275366783142 0.3527185618877411 
vn -0.0018868284532800317 -0.9357275366783142 0.3527185618877411 
vn 0.003772845258936286 -0.8046198487281799 0.5937783122062683 
vn 0.003772845258936286 -0.8046198487281799 0.5937783122062683 
vn -1.0341130485562108e-13 0.999997615814209 0.002184694167226553 
vn -0.0018869141349568963 0.9261600375175476 0.37712597846984863 
vn -1.0341130485562108e-13 0.999997615814209 0.002184694167226553 
vn -1.0341130485562108e-13 0.999997615814209 0.002184694167226553 
vn -0.0018869141349568963 0.9261600375175476 0.37712597846984863 
vn 0.003772845258936286 0.8046198487281799 0.5937783122062683 
vn 0.003772845258936286 0.8046198487281799 0.5937783122062683 
vn -1.0341130485562108e-13 0.999997615814209 0.002184694167226553 
vn -0.0018869141349568963 0.9261600375175476 0.37712597846984863 
vn -1.0341130485562108e-13 0.999997615814209 0.002184694167226553 
vn -0.0018869141349568963 0.9261600375175476 0.37712597846984863 
vn 0.003772845258936286 0.8046198487281799 0.5937783122062683 
vn 0.003772845258936286 0.8046198487281799 0.5937783122062683 
vn 0.003772845258936286 0.8046198487281799 0.5937783122062683 
vn -2.0682311115474694e-13 0 -1 
vn -2.0682311115474694e-13 0 -1 
vn -2.0682311115474694e-13 0 -1 
vn -2.0682311115474694e-13 0 -1 
vn -2.0682311115474694e-13 0 -1 
vn -2.0682311115474694e-13 0 -1 
vn -2.0682311115474694e-13 0 -1 
vn -2.0682311115474694e-13 0 -1 
vn -2.0682311115474694e-13 0 -1 
vn -2.0682311115474694e-13 0 -1 
vn -2.0682311115474694e-13 0 -1 
vn -2.0682311115474694e-13 0 -1 
vn 0.0018878303235396743 0.7078762650489807 -0.7063339352607727 
vn 0.0018878303235396743 0.7078762650489807 -0.7063339352607727 
vn 0.0018878303235396743 0.7078762650489807 -0.7063339352607727 
vn 0.0018878303235396743 0.7078762650489807 -0.7063339352607727 
vn 0.0018878303235396743 0.7078762650489807 -0.7063339352607727 
vn 0.0018878303235396743 0.7078762650489807 -0.7063339352607727 
vn 0.0018878303235396743 0.7078762650489807 -0.7063339352607727 
vn 0.0018878303235396743 0.7078762650489807 -0.7063339352607727 
vn 0.0018878303235396743 0.7078762650489807 -0.7063339352607727 
vn 0.0018878303235396743 0.7078762650489807 -0.7063339352607727 
vn 0.0018878303235396743 0.7078762650489807 -0.7063339352607727 
vn 0.0018878303235396743 0.7078762650489807 -0.7063339352607727 
vn 3.097898456858039e-13 -0.999997615814209 0.002184694167226553 
vn 3.097898456858039e-13 -0.999997615814209 0.002184694167226553 
vn 3.097898456858039e-13 -0.999997615814209 0.002184694167226553 
vn 3.097898456858039e-13 -0.999997615814209 0.002184694167226553 
vn 0 0 1 
vn 0 0 1 
vn 0 0 1 
vn 0 0 1 
vn 0 0 1 
vn 0 0 1 
vn 0 0 1 
vn 0 0 1 
vn 0 0 1 
vn 0 0 1 
vn 0 0 1 
vn -0.9807829260826111 -0.19508986175060272 0.002184694167226553 
vn -0.9807829260826111 -0.19508986175060272 0.002184694167226553 
vn -0.9807829260826111 -0.19508986175060272 0.002184694167226553 
vn -0.9807829260826111 -0.19508986175060272 0.002184694167226553 
vn -0.9807829260826111 -0.19508986175060272 0.002184694167226553 
vn -0.9807829260826111 -0.19508986175060272 0.002184694167226553 
vn -0.9807829260826111 -0.19508986175060272 0.002184694167226553 
vn -0.9807829260826111 -0.19508986175060272 0.002184694167226553 
vn -0.9807829260826111 -0.19508986175060272 0.002184694167226553 
vn -0.9807829260826111 -0.19508986175060272 0.002184694167226553 
vn -0.9807829260826111 -0.19508986175060272 0.002184694167226553 
vn -0.9807829260826111 -0.19508986175060272 0.002184694167226553 
vn -1.0341130485562108e-13 0.999997615814209 0.002184694167226553 
vn -1.0341130485562108e-13 0.999997615814209 0.002184694167226553 
vn -1.0341130485562108e-13 0.999997615814209 0.002184694167226553 
vn -0.0018869141349568963 0.9261600375175476 -0.37712597846984863 
vn -0.0018869141349568963 0.9261600375175476 -0.37712597846984863 
vn 0.0018892475636675954 0.80462646484375 -0.5937783122062683 
vn -0.0018869141349568963 0.9261600375175476 -0.37712597846984863 
vn 0.0018892475636675954 0.80462646484375 -0.5937783122062683 
vn -0.0018869141349568963 0.9261600375175476 -0.37712597846984863 
vn -1.0341130485562108e-13 0.999997615814209 0.002184694167226553 
vn -1.0341130485562108e-13 0.999997615814209 0.002184694167226553 
vn -1.0341130485562108e-13 0.999997615814209 0.002184694167226553 
vn 0 0 1 
vn 0 0 1 
vn 0 0 1 
vn 0 0 1 
vn 0 0 1 
vn 0 0 1 
vn 0 0 1 
vn 0 0 1 
vn 0 0 1 
vn 0 0 1 
vn 0 0 1 
vn 0.0018892475636675954 -0.80462646484375 -0.5937783122062683 
vn 0.0018892475636675954 -0.80462646484375 -0.5937783122062683 
vn 0.0018892475636675954 -0.80462646484375 -0.5937783122062683 
vn 0.0018892475636675954 -0.80462646484375 -0.5937783122062683 
vn 0.0018290365114808083 -0.05237675458192825 0.9986256957054138 
vn 0.0018290365114808083 -0.05237675458192825 0.9986256957054138 
vn 0.0018290365114808083 -0.05237675458192825 0.9986256957054138 
vn 0.0018290365114808083 -0.05237675458192825 0.9986256957054138 
vn 0.0018290365114808083 -0.05237675458192825 0.9986256957054138 
vn 0.0018290365114808083 -0.05237675458192825 0.9986256957054138 
vn 0.0018290365114808083 -0.05237675458192825 0.9986256957054138 
vn 0.0018290365114808083 -0.05237675458192825 0.9986256957054138 
vn 3.097898456858039e-13 -0.999997615814209 0.002184694167226553 
vn 3.097898456858039e-13 -0.999997615814209 0.002184694167226553 
vn 3.097898456858039e-13 -0.999997615814209 0.002184694167226553 
vn 3.097898456858039e-13 -0.999997615814209 0.002184694167226553 
vn 3.097898456858039e-13 -0.999997615814209 0.002184694167226553 
vn 3.097898456858039e-13 -0.999997615814209 0.002184694167226553 
vn 3.097898456858039e-13 -0.999997615814209 0.002184694167226553 
vn 3.097898456858039e-13 -0.999997615814209 0.002184694167226553 
vn 3.097898456858039e-13 -0.999997615814209 0.002184694167226553 
vn 3.097898456858039e-13 -0.999997615814209 0.002184694167226553 
vn -0.0018868284532800317 -0.9357275366783142 0.3527185618877411 
vn -0.0018868284532800317 -0.9357275366783142 0.3527185618877411 
vn 0.003772845258936286 -0.8046198487281799 0.5937783122062683 
vn 0.003772845258936286 -0.8046198487281799 0.5937783122062683 
vn 3.097898456858039e-13 -0.999997615814209 0.002184694167226553 
vn 3.097898456858039e-13 -0.999997615814209 0.002184694167226553 
vn 3.097898456858039e-13 -0.999997615814209 0.002184694167226553 
vn 3.097898456858039e-13 -0.999997615814209 0.002184694167226553 
vn 3.097898456858039e-13 -0.999997615814209 0.002184694167226553 
vn 3.097898456858039e-13 -0.999997615814209 0.002184694167226553 
vn 3.097898456858039e-13 -0.999997615814209 0.002184694167226553 
vn 3.097898456858039e-13 -0.999997615814209 0.002184694167226553 
vn 0.0018892475636675954 -0.80462646484375 -0.5937783122062683 
vn 0.003778499783948064 -0.9357218146324158 -0.3527185618877411 
vn 0.0018892475636675954 -0.80462646484375 -0.5937783122062683 
vn 0.003778499783948064 -0.9357218146324158 -0.3527185618877411 
vn 3.097898456858039e-13 -0.999997615814209 0.002184694167226553 
vn 3.097898456858039e-13 -0.999997615814209 0.002184694167226553 
vn 3.097898456858039e-13 -0.999997615814209 -0.002184694167226553 
vn 3.097898456858039e-13 -0.999997615814209 -0.002184694167226553 
vn -1.0341130485562108e-13 0.999997615814209 0.002184694167226553 
vn -1.0341130485562108e-13 0.999997615814209 0.002184694167226553 
vn -1.0341130485562108e-13 0.999997615814209 0.002184694167226553 
vn -1.0341130485562108e-13 0.999997615814209 0.002184694167226553 
vn 0.0018822179408743978 0.5955318212509155 0.8033295273780823 
vn 0.0018822179408743978 0.5955318212509155 0.8033295273780823 
vn 0.0018822179408743978 0.5955318212509155 0.8033295273780823 
vn 0.0018822179408743978 0.5955318212509155 0.8033295273780823 
vn -1.0341130485562108e-13 0.999997615814209 0.002184694167226553 
vn -1.0341130485562108e-13 0.999997615814209 0.002184694167226553 
vn -1.0341130485562108e-13 0.999997615814209 0.002184694167226553 
vn 0.0018892475636675954 0.80462646484375 -0.5937783122062683 
vn 0.0018892475636675954 0.80462646484375 -0.5937783122062683 
vn 0.0018892475636675954 0.80462646484375 -0.5937783122062683 
vn 0.999997615814209 0 0.002184694167226553 
vn 0.999997615814209 0 0.002184694167226553 
vn -0.999997615814209 -2.0682260971124217e-13 0.002184694167226553 
vn 3.097898456858039e-13 -0.999997615814209 0.002184694167226553 
vn -0.0019140710355713964 0.05237371474504471 -0.9986256957054138 
vn -0.999997615814209 -2.0682260971124217e-13 0.002184694167226553 
vn -2.0682311115474694e-13 0 -1 
vn 3.097898456858039e-13 -0.999997615814209 -0.002184694167226553 
vn 0 0 1 
vn 0.003772845258936286 0.8046198487281799 0.5937783122062683 
vn -2.0682311115474694e-13 0 -1 
vn 0 0 1 
vn 0 0 1 
vn -0.999997615814209 -2.0682260971124217e-13 0.002184694167226553 
vn 0.999997615814209 0 0.002184694167226553 
vn -2.0682311115474694e-13 0 -1 
vn -1.0341130485562108e-13 0.999997615814209 0.002184694167226553 
vn 0 0 1 
vn -2.0682311115474694e-13 0 -1 
vn -2.0682311115474694e-13 0 -1 
vn 0 0 1 
vn -2.0682311115474694e-13 0 -1 
vn 0 0 1 
vn 3.097898456858039e-13 -0.999997615814209 -0.002184694167226553 
vn 0.003772845258936286 0.8046198487281799 0.5937783122062683 
vn 0 0 1 
vt 0.6631119847297668 -0.0016029899707064033 
vt 0.724238395690918 -0.0016029899707064033 
vt 0.6631119847297668 0.015111695043742657 
vt 0.7232906818389893 0.015111695043742657 
vt 0.7394015192985535 -0.0016029899707064033 
vt 0.7394015192985535 0.0014471350004896522 
vt 0.7394015192985535 0.03121635504066944 
vt 0.7531431317329407 0.015111695043742657 
vt 0.7531431317329407 0.12394015491008759 
vt 0.7531431317329407 -0.0016029899707064033 
vt 0.548322319984436 0.23679478466510773 
vt 0.6318380236625671 0.12381815165281296 
vt 0.5649070143699646 0.23679478466510773 
vt 0.6485411524772644 0.12381815165281296 
vt 0.6318380236625671 0.03219239413738251 
vt 0.6485411524772644 0.016209740191698074 
vt 0.6454611420631409 0.016209740191698074 
vt 0.6318380236625671 0.002545180032029748 
vt 0.6318380236625671 -0.0018469999777153134 
vt 0.6159641146659851 0.016209740191698074 
vt 0.6160826086997986 -0.0018469999777153134 
vt 0.5594577789306641 0.016209740191698074 
vt 0.5594577789306641 -0.0018469999777153134 
vt 0.6485411524772644 -0.0018469999777153134 
vt 0.5234453082084656 0.22117814421653748 
vt 0.5357653498649597 0.22117814421653748 
vt 0.44703730940818787 0.11808391660451889 
vt 0.4594758152961731 0.11808391660451889 
vt 0.4594758152961731 0.03438848629593849 
vt 0.44703730940818787 0.019869890064001083 
vt 0.4594758152961731 0.007425379939377308 
vt 0.4594758152961731 0.00474127009510994 
vt 0.47380971908569336 0.00474127009510994 
vt 0.47404664754867554 0.019869890064001083 
vt 0.5284206867218018 0.00474127009510994 
vt 0.5284206867218018 0.019869890064001083 
vt 0.06357581913471222 0.9401535987854004 
vt 0.11498832702636719 0.9421057105064392 
vt 0.0638127401471138 0.9349073767662048 
vt 0.11510679125785828 0.9368594884872437 
vt 0.13737764954566956 0.9377135038375854 
vt 0.13714072108268738 0.942959725856781 
vt 0.11463294178247452 0.9502800107002258 
vt 0.1367853283882141 0.9510120749473572 
vt 0.113685242831707 0.9765111207962036 
vt 0.06333889067173004 0.9483279585838318 
vt 0.06227273494005203 0.9745590090751648 
vt 0.1358376443386078 0.9773651361465454 
vt 0.11332985758781433 0.9852954745292664 
vt 0.13548225164413452 0.9861494898796082 
vt 0.11285600811243057 0.9966419339179993 
vt 0.13500840961933136 0.9974959492683411 
vt 0.06203581020236015 0.9833433628082275 
vt 0.06156196445226669 0.9946898221969604 
vt 0.8056218028068542 0.4695803225040436 
vt 0.8056218028068542 0.47397249937057495 
vt 0.7973294258117676 0.4695803225040436 
vt 0.7973294258117676 0.47397249937057495 
vt 0.7973294258117676 0.4873930513858795 
vt 0.8056218028068542 0.4873930513858795 
vt 0.7973294258117676 0.4989835321903229 
vt 0.8056218028068542 0.4991055428981781 
vt 0.7973294258117676 0.5460774302482605 
vt 0.8056218028068542 0.5460774302482605 
vt 0.7221060991287231 0.5460774302482605 
vt 0.7221060991287231 0.4989835321903229 
vt 0.7221060991287231 0.4873930513858795 
vt 0.7221060991287231 0.47397249937057495 
vt 0.9050114154815674 0.46128398180007935 
vt 0.8162833452224731 0.46128398180007935 
vt 0.9050114154815674 0.33012861013412476 
vt 0.8162833452224731 0.33012861013412476 
vt 0.7834693789482117 0.4284646213054657 
vt 0.7834693789482117 0.3628259301185608 
vt 0.8636681437492371 0.9130684733390808 
vt 0.8628389239311218 0.9019660353660583 
vt 0.8132033348083496 0.9166066646575928 
vt 0.8124926090240479 0.9055041670799255 
vt 0.7905771136283875 0.9069682359695435 
vt 0.7899848222732544 0.8983058929443359 
vt 0.8622466325759888 0.8933036923408508 
vt 0.81190025806427 0.8967198133468628 
vt 0.7883263230323792 0.8724408149719238 
vt 0.8604696989059448 0.8674386143684387 
vt 0.8101233243942261 0.8709767460823059 
vt 0.7877340316772461 0.8643885254859924 
vt 0.8599958419799805 0.8595082759857178 
vt 0.809531033039093 0.8629244565963745 
vt 0.7873786091804504 0.8592643141746521 
vt 0.8596404790878296 0.8543840646743774 
vt 0.8091756701469421 0.8578002452850342 
vt 0.7834693789482117 0.3628259301185608 
vt 0.8162833452224731 0.33012861013412476 
vt 0.7834693789482117 0.4284646213054657 
vt 0.8162833452224731 0.46128398180007935 
vt 0.9050114154815674 0.33012861013412476 
vt 0.9050114154815674 0.46128398180007935 
vt 0.1797870397567749 0.3811267018318176 
vt 0.247191920876503 0.3811267018318176 
vt 0.1797870397567749 0.39430323243141174 
vt 0.247191920876503 0.39430323243141174 
vt 0.1797870397567749 0.4723864495754242 
vt 0.247191920876503 0.4723864495754242 
vt 0.7834693789482117 0.3628259301185608 
vt 0.8162833452224731 0.33012861013412476 
vt 0.7834693789482117 0.4284646213054657 
vt 0.8162833452224731 0.46128398180007935 
vt 0.9050114154815674 0.33012861013412476 
vt 0.9050114154815674 0.46128398180007935 
vt 0.1973194181919098 0.5762127041816711 
vt 0.18310397863388062 0.5762127041816711 
vt 0.1973194181919098 0.5615720748901367 
vt 0.18310397863388062 0.5615720748901367 
vt 0.022706428542733192 0.5762127041816711 
vt 0.022706428542733192 0.5615720748901367 
vt 0.011571000330150127 0.5615720748901367 
vt 0.011571000330150127 0.5762127041816711 
vt 0.08786052465438843 0.2031213939189911 
vt 0.17232392728328705 0.2031213939189911 
vt 0.08786052465438843 0.2851087749004364 
vt 0.17232392728328705 0.2851087749004364 
vt 0.08786052465438843 0.3633139729499817 
vt 0.17232392728328705 0.3633139729499817 
vt 0.08786052465438843 0.37527045607566833 
vt 0.17232392728328705 0.37527045607566833 
vt 0.1973194181919098 0.6517337560653687 
vt 0.18310397863388062 0.6517337560653687 
vt 0.1973194181919098 0.5779207348823547 
vt 0.18310397863388062 0.5779207348823547 
vt 0.022706428542733192 0.6517337560653687 
vt 0.022706428542733192 0.5779207348823547 
vt 0.011571000330150127 0.5779207348823547 
vt 0.011571000330150127 0.6517337560653687 
vt 0.7834693789482117 0.3628259301185608 
vt 0.8162833452224731 0.33012861013412476 
vt 0.7834693789482117 0.4284646213054657 
vt 0.8162833452224731 0.46128398180007935 
vt 0.9050114154815674 0.33012861013412476 
vt 0.9050114154815674 0.46128398180007935 
vt 0.9064329266548157 0.4695803225040436 
vt 0.8999175429344177 0.4695803225040436 
vt 0.9064329266548157 0.47397249937057495 
vt 0.8999175429344177 0.47397249937057495 
vt 0.9064329266548157 0.4873930513858795 
vt 0.8999175429344177 0.4873930513858795 
vt 0.9064329266548157 0.500203549861908 
vt 0.8999175429344177 0.500203549861908 
vt 0.9064329266548157 0.5460774302482605 
vt 0.8999175429344177 0.5460774302482605 
vt 0.9811824560165405 0.500203549861908 
vt 0.9811824560165405 0.4873930513858795 
vt 0.9811824560165405 0.47397249937057495 
vt 0.7889186143875122 0.5498595833778381 
vt 0.7889186143875122 0.5543738007545471 
vt 0.7821663022041321 0.5498595833778381 
vt 0.7821663022041321 0.5543738007545471 
vt 0.7821663022041321 0.56572026014328 
vt 0.7889186143875122 0.56572026014328 
vt 0.7821663022041321 0.5788968205451965 
vt 0.7889186143875122 0.5787748098373413 
vt 0.7821663022041321 0.6289188265800476 
vt 0.7889186143875122 0.6289188265800476 
vt 0.8864128589630127 0.5543738007545471 
vt 0.8864128589630127 0.56572026014328 
vt 0.8864128589630127 0.5782867670059204 
vt 0.8864128589630127 0.6289188265800476 
vt 0.8950605988502502 0.56572026014328 
vt 0.8950605988502502 0.5782867670059204 
vt 0.8950605988502502 0.6289188265800476 
vt 0.9727716445922852 0.56572026014328 
vt 0.9727716445922852 0.5782867670059204 
vt 0.9727716445922852 0.6289188265800476 
vt 0.9727716445922852 0.5543738007545471 
vt 0.8950605988502502 0.5543738007545471 
vt 0.8864128589630127 0.5498595833778381 
vt 0.8950605988502502 0.5498595833778381 
vt 0.8056218028068542 0.5460774302482605 
vt 0.8056218028068542 0.4991055428981781 
vt 0.7973294258117676 0.5460774302482605 
vt 0.7973294258117676 0.4989835321903229 
vt 0.7221060991287231 0.5460774302482605 
vt 0.7221060991287231 0.4989835321903229 
vt 0.8056218028068542 0.4873930513858795 
vt 0.7973294258117676 0.4873930513858795 
vt 0.7221060991287231 0.4873930513858795 
vt 0.8056218028068542 0.47397249937057495 
vt 0.7973294258117676 0.47397249937057495 
vt 0.7221060991287231 0.47397249937057495 
vt 0.7973294258117676 0.4695803225040436 
vt 0.8056218028068542 0.4695803225040436 
vt 0.6239010691642761 0.6279428005218506 
vt 0.6141871809959412 0.6279428005218506 
vt 0.6239010691642761 0.6331890225410461 
vt 0.6141871809959412 0.6331890225410461 
vt 0.8636681437492371 0.9876135587692261 
vt 0.13500840961933136 0.9974959492683411 
vt 0.8641420006752014 0.9762670993804932 
vt 0.13548225164413452 0.9861494898796082 
vt 0.1358376443386078 0.9773651361465454 
vt 0.8643789291381836 0.9673607349395752 
vt 0.1367853283882141 0.9510120749473572 
vt 0.865445077419281 0.9411296248435974 
vt 0.13714072108268738 0.942959725856781 
vt 0.8656820058822632 0.9329553246498108 
vt 0.13737764954566956 0.9377135038375854 
vt 0.8659189343452454 0.9278311133384705 
vt 0.13524532318115234 0.788257360458374 
vt 0.11498832702636719 0.7922835350036621 
vt 0.13619302213191986 0.7928935885429382 
vt 0.11593601852655411 0.7969197630882263 
vt 0.14661768078804016 0.8451117277145386 
vt 0.12624222040176392 0.8491379022598267 
vt 0.12695299088954926 0.8527980446815491 
vt 0.0800420343875885 0.8620703816413879 
vt 0.06807737052440643 0.8015559315681458 
vt 0.06890660524368286 0.8061921000480652 
vt 0.07933126389980316 0.8584102392196655 
vt 0.01820487156510353 0.1678619533777237 
vt 0.01820487156510353 0.19348300993442535 
vt 0.15017153322696686 0.1678619533777237 
vt 0.15017153322696686 0.19348300993442535 
vt 0.7394015192985535 0.12394015491008759 
vt 0.6685612797737122 0.23813682794570923 
vt 0.654819667339325 0.23813682794570923 
vt 0.4835236072540283 0.39113110303878784 
vt 0.4835236072540283 0.3796626329421997 
vt 0.417421817779541 0.39113110303878784 
vt 0.417421817779541 0.3796626329421997 
vt 0.9371145963668823 0.6701565384864807 
vt 0.9371145963668823 0.6339210271835327 
vt 0.8809636235237122 0.6701565384864807 
vt 0.8809636235237122 0.6339210271835327 
vt 0.8761066794395447 0.6339210271835327 
vt 0.8761066794395447 0.6701565384864807 
vt 0.8051479458808899 0.6701565384864807 
vt 0.8051479458808899 0.6339210271835327 
vt 0.7988694310188293 0.6701565384864807 
vt 0.7988694310188293 0.6339210271835327 
vt 0.7423630952835083 0.6701565384864807 
vt 0.09935133904218674 0.7802050709724426 
vt 0.10006211698055267 0.7765449285507202 
vt 0.7910509705543518 0.7794730067253113 
vt 0.7917617559432983 0.7758128643035889 
vt 0.11060523241758347 0.7243267893791199 
vt 0.8023048639297485 0.7237167358398438 
vt 0.8031340837478638 0.7190805673599243 
vt 0.1114344671368599 0.7196905612945557 
vt 0.877528190612793 0.26985812187194824 
vt 0.877528190612793 0.32195428013801575 
vt 0.9135406613349915 0.26985812187194824 
vt 0.9135406613349915 0.32195428013801575 
vt 0.6075533032417297 0.6671063899993896 
vt 0.6075533032417297 0.6619821786880493 
vt 0.6196364164352417 0.6671063899993896 
vt 0.6196364164352417 0.6619821786880493 
vt 0.914843738079071 0.26998013257980347 
vt 0.947776198387146 0.26998013257980347 
vt 0.914843738079071 0.1289423555135727 
vt 0.947776198387146 0.1289423555135727 
vt 0.1797870397567749 0.2031213939189911 
vt 0.247191920876503 0.2031213939189911 
vt 0.1797870397567749 0.2851087749004364 
vt 0.247191920876503 0.2851087749004364 
vt 0.4289126396179199 0.02157795988023281 
vt 0.3779739737510681 0.02157795988023281 
vt 0.4289126396179199 0.005351295229047537 
vt 0.37643396854400635 0.005351295229047537 
vt 0.36352160573005676 0.00937745999544859 
vt 0.36352160573005676 0.03597455099225044 
vt 0.3512015640735626 0.02157795988023281 
vt 0.34847691655158997 0.02157795988023281 
vt 0.34847691655158997 0.005351295229047537 
vt 0.36352160573005676 0.005351295229047537 
vt 0.7834693789482117 0.3628259301185608 
vt 0.7834693789482117 0.4284646213054657 
vt 0.8162833452224731 0.33012861013412476 
vt 0.8162833452224731 0.46128398180007935 
vt 0.9050114154815674 0.33012861013412476 
vt 0.9050114154815674 0.46128398180007935 
vt 0.22811953723430634 0.005351295229047537 
vt 0.23297648131847382 0.005351295229047537 
vt 0.22811953723430634 0.02157795988023281 
vt 0.23297648131847382 0.02157795988023281 
vt 0.22811953723430634 0.1204020082950592 
vt 0.23297648131847382 0.11881594359874725 
vt 0.30452752113342285 0.22361823916435242 
vt 0.308436781167984 0.220812126994133 
vt 0.07411893457174301 0.9299051761627197 
vt 0.07340816408395767 0.9188027381896973 
vt 0.7914063334465027 0.9180706739425659 
vt 0.7905771136283875 0.9069682359695435 
vt 0.07281585037708282 0.9101403951644897 
vt 0.7899848222732544 0.8983058929443359 
vt 0.07103892415761948 0.8842753171920776 
vt 0.7883263230323792 0.8724408149719238 
vt 0.07044661045074463 0.8763449788093567 
vt 0.7877340316772461 0.8643885254859924 
vt 0.7873786091804504 0.8592643141746521 
vt 0.07009122520685196 0.8712207674980164 
vt 0.01938949152827263 0.13540862500667572 
vt 0.15040846168994904 0.13540862500667572 
vt 0.01938949152827263 0.16102968156337738 
vt 0.15040846168994904 0.16102968156337738 
vt 0.15017153322696686 0.12869834899902344 
vt 0.01820487156510353 0.12869834899902344 
vt 0.15017153322696686 0.10527338832616806 
vt 0.01820487156510353 0.10527338832616806 
vt 0.417421817779541 0.4740945100784302 
vt 0.4835236072540283 0.4740945100784302 
vt 0.417421817779541 0.5552278161048889 
vt 0.4835236072540283 0.5552278161048889 
vt 0.15017153322696686 0.19348300993442535 
vt 0.01820487156510353 0.19348300993442535 
vt 0.15017153322696686 0.1678619533777237 
vt 0.01820487156510353 0.1678619533777237 
vt 0.8269449472427368 0.7898434400558472 
vt 0.8278926610946655 0.7944796085357666 
vt 0.13524532318115234 0.788257360458374 
vt 0.13619302213191986 0.7928935885429382 
vt 0.8381988406181335 0.8468197584152222 
vt 0.14661768078804016 0.8451117277145386 
vt 0.1473284512758255 0.848771870136261 
vt 0.8390280604362488 0.8503579497337341 
vt 0.21769487857818604 0.005351295229047537 
vt 0.21769487857818604 0.02157795988023281 
vt 0.22255182266235352 0.005351295229047537 
vt 0.22255182266235352 0.02157795988023281 
vt 0.21769487857818604 0.1204020082950592 
vt 0.22255182266235352 0.11881594359874725 
vt 0.29410287737846375 0.22361823916435242 
vt 0.2980121076107025 0.220812126994133 
vt 0.06227273494005203 0.9745590090751648 
vt 0.06333889067173004 0.9483279585838318 
vt 0.113685242831707 0.9765111207962036 
vt 0.11463294178247452 0.9502800107002258 
vt 0.1367853283882141 0.9510120749473572 
vt 0.13714072108268738 0.942959725856781 
vt 0.11498832702636719 0.9421057105064392 
vt 0.13737764954566956 0.9377135038375854 
vt 0.11510679125785828 0.9368594884872437 
vt 0.0638127401471138 0.9349073767662048 
vt 0.9050114154815674 0.46128398180007935 
vt 0.9050114154815674 0.33012861013412476 
vt 0.8162833452224731 0.46128398180007935 
vt 0.8162833452224731 0.33012861013412476 
vt 0.7834693789482117 0.4284646213054657 
vt 0.7834693789482117 0.3628259301185608 
vt 0.9818932414054871 0.3220762610435486 
vt 0.9488423466682434 0.3220762610435486 
vt 0.9818932414054871 0.26998013257980347 
vt 0.9488423466682434 0.26998013257980347 
vt 0.9135406613349915 0.32195428013801575 
vt 0.877528190612793 0.32195428013801575 
vt 0.9135406613349915 0.26985812187194824 
vt 0.877528190612793 0.26985812187194824 
vt 0.947776198387146 0.1289423555135727 
vt 0.947776198387146 0.26998013257980347 
vt 0.914843738079071 0.1289423555135727 
vt 0.914843738079071 0.26998013257980347 
vt 0.7423630952835083 0.6339210271835327 
vt 0.7988694310188293 0.6339210271835327 
vt 0.7423630952835083 0.6701565384864807 
vt 0.7988694310188293 0.6701565384864807 
vt 0.8051479458808899 0.6339210271835327 
vt 0.8051479458808899 0.6701565384864807 
vt 0.8761066794395447 0.6339210271835327 
vt 0.8761066794395447 0.6701565384864807 
vt 0.8809636235237122 0.6701565384864807 
vt 0.8809636235237122 0.6339210271835327 
vt 0.9371145963668823 0.6339210271835327 
vt 0.6631119847297668 -0.0016029899707064033 
vt 0.6631119847297668 0.015111695043742657 
vt 0.724238395690918 -0.0016029899707064033 
vt 0.7232906818389893 0.015111695043742657 
vt 0.7394015192985535 -0.0016029899707064033 
vt 0.7394015192985535 0.0014471350004896522 
vt 0.7531431317329407 0.015111695043742657 
vt 0.7394015192985535 0.03121635504066944 
vt 0.7531431317329407 0.12394015491008759 
vt 0.7394015192985535 0.12394015491008759 
vt 0.6685612797737122 0.23813682794570923 
vt 0.654819667339325 0.23813682794570923 
vt 0.13500840961933136 0.9974959492683411 
vt 0.11285600811243057 0.9966419339179993 
vt 0.13548225164413452 0.9861494898796082 
vt 0.11332985758781433 0.9852954745292664 
vt 0.1358376443386078 0.9773651361465454 
vt 0.06203581020236015 0.9833433628082275 
vt 0.06156196445226669 0.9946898221969604 
vt 0.7555123567581177 -0.0002609349903650582 
vt 0.7555123567581177 0.016575755551457405 
vt 0.7609615921974182 -0.0002609349903650582 
vt 0.7609615921974182 0.016575755551457405 
vt 0.7555123567581177 0.12528221309185028 
vt 0.7609615921974182 0.1271122843027115 
vt 0.6710489392280579 0.23960089683532715 
vt 0.675432026386261 0.24277302622795105 
vt 0.7914063334465027 0.9180706739425659 
vt 0.7905771136283875 0.9069682359695435 
vt 0.8132033348083496 0.9166066646575928 
vt 0.8124926090240479 0.9055041670799255 
vt 0.8628389239311218 0.9019660353660583 
vt 0.8622466325759888 0.8933036923408508 
vt 0.7899848222732544 0.8983058929443359 
vt 0.81190025806427 0.8967198133468628 
vt 0.8604696989059448 0.8674386143684387 
vt 0.7883263230323792 0.8724408149719238 
vt 0.8101233243942261 0.8709767460823059 
vt 0.8599958419799805 0.8595082759857178 
vt 0.7877340316772461 0.8643885254859924 
vt 0.809531033039093 0.8629244565963745 
vt 0.8596404790878296 0.8543840646743774 
vt 0.7873786091804504 0.8592643141746521 
vt 0.8091756701469421 0.8578002452850342 
vt 0.5284206867218018 0.019869890064001083 
vt 0.47404664754867554 0.019869890064001083 
vt 0.5284206867218018 0.00474127009510994 
vt 0.47380971908569336 0.00474127009510994 
vt 0.4594758152961731 0.007425379939377308 
vt 0.4594758152961731 0.03438848629593849 
vt 0.44703730940818787 0.019869890064001083 
vt 0.44703730940818787 0.11808391660451889 
vt 0.4594758152961731 0.00474127009510994 
vt 0.44703730940818787 0.00474127009510994 
vt 0.43329572677612305 0.00474127009510994 
vt 0.43329572677612305 0.019869890064001083 
vt 0.4381526708602905 0.00474127009510994 
vt 0.4381526708602905 0.019869890064001083 
vt 0.43329572677612305 0.11966998130083084 
vt 0.4381526708602905 0.11808391660451889 
vt 0.5105329155921936 0.22410626709461212 
vt 0.5144422054290771 0.22117814421653748 
vt 0.9135406613349915 0.12882035970687866 
vt 0.9135406613349915 0.26985812187194824 
vt 0.877528190612793 0.12882035970687866 
vt 0.877528190612793 0.26985812187194824 
vt 0.4594758152961731 0.11808391660451889 
vt 0.5357653498649597 0.22117814421653748 
vt 0.5234453082084656 0.22117814421653748 
vt 0.9818932414054871 0.1289423555135727 
vt 0.9818932414054871 0.26998013257980347 
vt 0.9488423466682434 0.1289423555135727 
vt 0.9488423466682434 0.26998013257980347 
vt 0.9488423466682434 0.26998013257980347 
vt 0.9818932414054871 0.26998013257980347 
vt 0.9488423466682434 0.1289423555135727 
vt 0.9818932414054871 0.1289423555135727 
vt 0.5144422054290771 0.22117814421653748 
vt 0.4381526708602905 0.11808391660451889 
vt 0.5105329155921936 0.22410626709461212 
vt 0.43329572677612305 0.11966998130083084 
vt 0.4381526708602905 0.019869890064001083 
vt 0.43329572677612305 0.019869890064001083 
vt 0.4381526708602905 0.00474127009510994 
vt 0.43329572677612305 0.00474127009510994 
vt 0.7555123567581177 -0.0002609349903650582 
vt 0.7555123567581177 0.016575755551457405 
vt 0.7609615921974182 -0.0002609349903650582 
vt 0.7609615921974182 0.016575755551457405 
vt 0.7555123567581177 0.12528221309185028 
vt 0.7609615921974182 0.1271122843027115 
vt 0.6710489392280579 0.23960089683532715 
vt 0.675432026386261 0.24277302622795105 
vt 0.3410138189792633 0.5607180595397949 
vt 0.33260300755500793 0.5607180595397949 
vt 0.3410138189792633 0.5718204975128174 
vt 0.33260300755500793 0.5718204975128174 
vt 0.3410138189792633 0.589023232460022 
vt 0.33260300755500793 0.589023232460022 
vt 0.3410138189792633 0.6447795033454895 
vt 0.33260300755500793 0.6447795033454895 
vt 0.3410138189792633 0.6635682582855225 
vt 0.33260300755500793 0.6635682582855225 
vt 0.3410138189792633 0.687603235244751 
vt 0.33260300755500793 0.687603235244751 
vt 0.21141639351844788 0.5718204975128174 
vt 0.21141639351844788 0.589023232460022 
vt 0.21141639351844788 0.6447795033454895 
vt 0.21141639351844788 0.6635682582855225 
vt 0.21141639351844788 0.687603235244751 
vt 0.2006363570690155 0.589023232460022 
vt 0.2006363570690155 0.6447795033454895 
vt 0.2006363570690155 0.6635682582855225 
vt 0.2006363570690155 0.687603235244751 
vt 0.2006363570690155 0.5718204975128174 
vt 0.21141639351844788 0.5607180595397949 
vt 0.2006363570690155 0.5607180595397949 
vt 0.9135406613349915 0.12882035970687866 
vt 0.877528190612793 0.12882035970687866 
vt 0.9135406613349915 0.26985812187194824 
vt 0.877528190612793 0.26985812187194824 
vt 0.1473284512758255 0.848771870136261 
vt 0.12695299088954926 0.8527980446815491 
vt 0.14661768078804016 0.8451117277145386 
vt 0.12624222040176392 0.8491379022598267 
vt 0.11593601852655411 0.7969197630882263 
vt 0.06890660524368286 0.8061921000480652 
vt 0.06807737052440643 0.8015559315681458 
vt 0.11498832702636719 0.7922835350036621 
vt 0.13619302213191986 0.7928935885429382 
vt 0.32999685406684875 0.220812126994133 
vt 0.25453656911849976 0.11881594359874725 
vt 0.32608762383461 0.22361823916435242 
vt 0.24967962503433228 0.1204020082950592 
vt 0.25453656911849976 0.02157795988023281 
vt 0.24967962503433228 0.02157795988023281 
vt 0.25453656911849976 0.005351295229047537 
vt 0.24967962503433228 0.005351295229047537 
vt 0.870420515537262 0.7325010895729065 
vt 0.8694728016853333 0.7371372580528259 
vt 0.8235095739364624 0.7231066823005676 
vt 0.8225618600845337 0.7277429103851318 
vt 0.8031340837478638 0.7190805673599243 
vt 0.8023048639297485 0.7237167358398438 
vt 0.8590481281280518 0.7893553972244263 
vt 0.8121371865272522 0.7799610495567322 
vt 0.7917617559432983 0.7758128643035889 
vt 0.811307966709137 0.7836211919784546 
vt 0.7910509705543518 0.7794730067253113 
vt 0.0800420343875885 0.8620703816413879 
vt 0.07933126389980316 0.8584102392196655 
vt 0.011571000330150127 0.6865051984786987 
vt 0.011571000330150127 0.6547839045524597 
vt 0.022706428542733192 0.6865051984786987 
vt 0.022706428542733192 0.6547839045524597 
vt 0.18310397863388062 0.6547839045524597 
vt 0.18310397863388062 0.6865051984786987 
vt 0.1973194181919098 0.6547839045524597 
vt 0.1973194181919098 0.6865051984786987 
vt 0.1797870397567749 0.20080330967903137 
vt 0.1797870397567749 0.28388869762420654 
vt 0.17232392728328705 0.20080330967903137 
vt 0.17232392728328705 0.28388869762420654 
vt 0.1797870397567749 0.3633139729499817 
vt 0.17232392728328705 0.3633139729499817 
vt 0.17232392728328705 0.37527045607566833 
vt 0.1797870397567749 0.37527045607566833 
vt 0.17232392728328705 0.3811267018318176 
vt 0.17232392728328705 0.39430323243141174 
vt 0.1797870397567749 0.3811267018318176 
vt 0.1797870397567749 0.39430323243141174 
vt 0.17232392728328705 0.4737284779548645 
vt 0.1797870397567749 0.4737284779548645 
vt 0.17232392728328705 0.5566918849945068 
vt 0.1797870397567749 0.5566918849945068 
vt 0.011571000330150127 0.6865051984786987 
vt 0.022706428542733192 0.6865051984786987 
vt 0.011571000330150127 0.6547839045524597 
vt 0.022706428542733192 0.6547839045524597 
vt 0.18310397863388062 0.6547839045524597 
vt 0.18310397863388062 0.6865051984786987 
vt 0.1973194181919098 0.6547839045524597 
vt 0.1973194181919098 0.6865051984786987 
vt 0.2006363570690155 0.5607180595397949 
vt 0.21141639351844788 0.5607180595397949 
vt 0.2006363570690155 0.5718204975128174 
vt 0.21141639351844788 0.5718204975128174 
vt 0.2006363570690155 0.589023232460022 
vt 0.21141639351844788 0.589023232460022 
vt 0.2006363570690155 0.6447795033454895 
vt 0.21141639351844788 0.6447795033454895 
vt 0.2006363570690155 0.6635682582855225 
vt 0.21141639351844788 0.6635682582855225 
vt 0.2006363570690155 0.687603235244751 
vt 0.21141639351844788 0.687603235244751 
vt 0.33260300755500793 0.5607180595397949 
vt 0.33260300755500793 0.5718204975128174 
vt 0.33260300755500793 0.589023232460022 
vt 0.33260300755500793 0.6447795033454895 
vt 0.33260300755500793 0.6635682582855225 
vt 0.33260300755500793 0.687603235244751 
vt 0.3410138189792633 0.5718204975128174 
vt 0.3410138189792633 0.589023232460022 
vt 0.3410138189792633 0.6447795033454895 
vt 0.3410138189792633 0.6635682582855225 
vt 0.3410138189792633 0.687603235244751 
vt 0.5807809233665466 0.606347918510437 
vt 0.5016483068466187 0.606347918510437 
vt 0.5807809233665466 0.5790188312530518 
vt 0.5016483068466187 0.5790188312530518 
vt 0.5807809233665466 0.5775547623634338 
vt 0.5016483068466187 0.5775547623634338 
vt 0.5807809233665466 0.5525436997413635 
vt 0.5016483068466187 0.5525436997413635 
vt 0.8403311371803284 0.26985812187194824 
vt 0.8403311371803284 0.12882035970687866 
vt 0.8763436079025269 0.26985812187194824 
vt 0.8763436079025269 0.12882035970687866 
vt 0.1797870397567749 0.20080330967903137 
vt 0.17232392728328705 0.20080330967903137 
vt 0.1797870397567749 0.28388869762420654 
vt 0.17232392728328705 0.28388869762420654 
vt 0.1797870397567749 0.3633139729499817 
vt 0.17232392728328705 0.3633139729499817 
vt 0.17232392728328705 0.37527045607566833 
vt 0.8403311371803284 0.26985812187194824 
vt 0.8763436079025269 0.26985812187194824 
vt 0.8403311371803284 0.32195428013801575 
vt 0.8763436079025269 0.32195428013801575 
vt 0.914843738079071 0.26998013257980347 
vt 0.947776198387146 0.26998013257980347 
vt 0.914843738079071 0.3220762610435486 
vt 0.947776198387146 0.3220762610435486 
vt 0.6531611680984497 -0.0008709600078873336 
vt 0.6531611680984497 0.01718577928841114 
vt 0.6584919691085815 -0.0008709600078873336 
vt 0.6584919691085815 0.01718577928841114 
vt 0.6531611680984497 0.12479419261217117 
vt 0.6584919691085815 0.12650226056575775 
vt 0.5695270299911499 0.23777082562446594 
vt 0.573910117149353 0.24094295501708984 
vt 0.08193742483854294 0.37527045607566833 
vt 0.015006397850811481 0.37527045607566833 
vt 0.08193742483854294 0.3633139729499817 
vt 0.015006397850811481 0.3633139729499817 
vt 0.7049291133880615 0.5543738007545471 
vt 0.7821663022041321 0.5543738007545471 
vt 0.7049291133880615 0.56572026014328 
vt 0.7049291133880615 0.5788968205451965 
vt 0.7049291133880615 0.6289188265800476 
vt 0.01938949152827263 0.07282005995512009 
vt 0.15040846168994904 0.07282005995512009 
vt 0.01938949152827263 0.09636702388525009 
vt 0.15040846168994904 0.09636702388525009 
vt 0.417421817779541 0.5552278161048889 
vt 0.4116171598434448 0.5552278161048889 
vt 0.417421817779541 0.4740945100784302 
vt 0.4116171598434448 0.4740945100784302 
vt 0.417421817779541 0.40833380818367004 
vt 0.4116171598434448 0.40833380818367004 
vt 0.3281014561653137 0.5552278161048889 
vt 0.3281014561653137 0.4740945100784302 
vt 0.3281014561653137 0.40833380818367004 
vt 0.32075682282447815 0.4740945100784302 
vt 0.32075682282447815 0.40833380818367004 
vt 0.32075682282447815 0.5552278161048889 
vt 0.2540627121925354 0.5552278161048889 
vt 0.2540627121925354 0.4740945100784302 
vt 0.08193742483854294 0.3633139729499817 
vt 0.015006397850811481 0.3633139729499817 
vt 0.08193742483854294 0.2851087749004364 
vt 0.015006397850811481 0.2851087749004364 
vt 0.08786052465438843 0.3811267018318176 
vt 0.08786052465438843 0.39430323243141174 
vt 0.08193742483854294 0.3811267018318176 
vt 0.08193742483854294 0.39430323243141174 
vt 0.08786052465438843 0.4737284779548645 
vt 0.08193742483854294 0.4737284779548645 
vt 0.08786052465438843 0.5566918849945068 
vt 0.08193742483854294 0.5566918849945068 
vt 0.247191920876503 0.37527045607566833 
vt 0.1797870397567749 0.37527045607566833 
vt 0.247191920876503 0.3633139729499817 
vt 0.1797870397567749 0.3633139729499817 
vt 0.247191920876503 0.2851087749004364 
vt 0.1797870397567749 0.2851087749004364 
vt 0.4835236072540283 0.3139019310474396 
vt 0.417421817779541 0.3139019310474396 
vt 0.4835236072540283 0.23276861011981964 
vt 0.417421817779541 0.23276861011981964 
vt 0.6531611680984497 -0.0008709600078873336 
vt 0.6531611680984497 0.01718577928841114 
vt 0.6584919691085815 -0.0008709600078873336 
vt 0.6584919691085815 0.01718577928841114 
vt 0.6531611680984497 0.12479419261217117 
vt 0.6584919691085815 0.12650226056575775 
vt 0.5695270299911499 0.23777082562446594 
vt 0.573910117149353 0.24094295501708984 
vt 0.08193742483854294 0.20080330967903137 
vt 0.08193742483854294 0.28388869762420654 
vt 0.08786052465438843 0.20080330967903137 
vt 0.08786052465438843 0.28388869762420654 
vt 0.08193742483854294 0.3633139729499817 
vt 0.08786052465438843 0.3633139729499817 
vt 0.08786052465438843 0.37527045607566833 
vt 0.08193742483854294 0.37527045607566833 
vt 0.42393723130226135 0.220812126994133 
vt 0.34847691655158997 0.11881594359874725 
vt 0.43898189067840576 0.220812126994133 
vt 0.36352160573005676 0.11881594359874725 
vt 0.417421817779541 0.3139019310474396 
vt 0.4835236072540283 0.3139019310474396 
vt 0.417421817779541 0.3796626329421997 
vt 0.4835236072540283 0.3796626329421997 
vt 0.6531611680984497 -0.0008709600078873336 
vt 0.6584919691085815 -0.0008709600078873336 
vt 0.6531611680984497 0.01718577928841114 
vt 0.6584919691085815 0.01718577928841114 
vt 0.6531611680984497 0.12479419261217117 
vt 0.6584919691085815 0.12650226056575775 
vt 0.5695270299911499 0.23777082562446594 
vt 0.573910117149353 0.24094295501708984 
vt 0.46113428473472595 0.6671063899993896 
vt 0.4707297086715698 0.6671063899993896 
vt 0.46113428473472595 0.6619821786880493 
vt 0.4707297086715698 0.6619821786880493 
vt 0.15017153322696686 0.12869834899902344 
vt 0.15017153322696686 0.10527338832616806 
vt 0.01820487156510353 0.12869834899902344 
vt 0.01820487156510353 0.10527338832616806 
vt 0.1797870397567749 0.4723864495754242 
vt 0.1797870397567749 0.5543738007545471 
vt 0.247191920876503 0.4723864495754242 
vt 0.247191920876503 0.5543738007545471 
vt 0.7423630952835083 0.6725966334342957 
vt 0.7423630952835083 0.7068800330162048 
vt 0.7985140681266785 0.6725966334342957 
vt 0.7985140681266785 0.7068800330162048 
vt 0.8034894466400146 0.6725966334342957 
vt 0.8034894466400146 0.7068800330162048 
vt 0.8743297457695007 0.6725966334342957 
vt 0.8743297457695007 0.7068800330162048 
vt 0.8806082606315613 0.7068800330162048 
vt 0.8806082606315613 0.6725966334342957 
vt 0.9371145963668823 0.6725966334342957 
vt 0.417421817779541 0.3968653380870819 
vt 0.417421817779541 0.40833380818367004 
vt 0.4835236072540283 0.3968653380870819 
vt 0.4835236072540283 0.40833380818367004 
vt 0.4835236072540283 0.5552278161048889 
vt 0.4835236072540283 0.4740945100784302 
vt 0.417421817779541 0.5552278161048889 
vt 0.417421817779541 0.4740945100784302 
vt 0.08193742483854294 0.2851087749004364 
vt 0.08193742483854294 0.2031213939189911 
vt 0.015006397850811481 0.2851087749004364 
vt 0.015006397850811481 0.2031213939189911 
vt 0.4835236072540283 0.3139019310474396 
vt 0.4835236072540283 0.23276861011981964 
vt 0.417421817779541 0.3139019310474396 
vt 0.417421817779541 0.23276861011981964 
vt 0.417421817779541 0.3139019310474396 
vt 0.417421817779541 0.3796626329421997 
vt 0.4835236072540283 0.3139019310474396 
vt 0.4835236072540283 0.3796626329421997 
vt 0.01938949152827263 0.07282005995512009 
vt 0.01938949152827263 0.09636702388525009 
vt 0.15040846168994904 0.07282005995512009 
vt 0.15040846168994904 0.09636702388525009 
vt 0.015006397850811481 0.3633139729499817 
vt 0.015006397850811481 0.37527045607566833 
vt 0.08193742483854294 0.3633139729499817 
vt 0.08193742483854294 0.37527045607566833 
vt 0.914843738079071 0.26998013257980347 
vt 0.914843738079071 0.3220762610435486 
vt 0.947776198387146 0.26998013257980347 
vt 0.947776198387146 0.3220762610435486 
vt 0.8763436079025269 0.32195428013801575 
vt 0.8763436079025269 0.26985812187194824 
vt 0.8403311371803284 0.32195428013801575 
vt 0.8403311371803284 0.26985812187194824 
vt 0.247191920876503 0.37527045607566833 
vt 0.247191920876503 0.3633139729499817 
vt 0.1797870397567749 0.37527045607566833 
vt 0.1797870397567749 0.3633139729499817 
vt 0.247191920876503 0.2851087749004364 
vt 0.1797870397567749 0.2851087749004364 
vt 0.5807809233665466 0.606347918510437 
vt 0.5807809233665466 0.5790188312530518 
vt 0.5016483068466187 0.606347918510437 
vt 0.5016483068466187 0.5790188312530518 
vt 0.47499433159828186 0.6279428005218506 
vt 0.47499433159828186 0.6331890225410461 
vt 0.4626742899417877 0.6279428005218506 
vt 0.4626742899417877 0.6331890225410461 
vt 0.08193742483854294 0.5566918849945068 
vt 0.08786052465438843 0.5566918849945068 
vt 0.08193742483854294 0.4737284779548645 
vt 0.08786052465438843 0.4737284779548645 
vt 0.08193742483854294 0.39430323243141174 
vt 0.08786052465438843 0.39430323243141174 
vt 0.08193742483854294 0.3811267018318176 
vt 0.08786052465438843 0.3811267018318176 
vt 0.247191920876503 0.5543738007545471 
vt 0.1797870397567749 0.5543738007545471 
vt 0.247191920876503 0.4723864495754242 
vt 0.1797870397567749 0.4723864495754242 
vt 0.4835236072540283 0.4740945100784302 
vt 0.417421817779541 0.4740945100784302 
vt 0.4835236072540283 0.40833380818367004 
vt 0.9811824560165405 0.5460774302482605 
vt 0.9064329266548157 0.5460774302482605 
vt 0.9811824560165405 0.500203549861908 
vt 0.9064329266548157 0.500203549861908 
vt 0.9811824560165405 0.4873930513858795 
vt 0.9064329266548157 0.4873930513858795 
vt 0.9811824560165405 0.47397249937057495 
vt 0.9064329266548157 0.47397249937057495 
vt 0.8999175429344177 0.500203549861908 
vt 0.8999175429344177 0.4873930513858795 
vt 0.8999175429344177 0.47397249937057495 
vt 0.8999175429344177 0.4695803225040436 
vt 0.9064329266548157 0.4695803225040436 
vt 0.8999175429344177 0.5460774302482605 
vt 0.08193742483854294 0.4723864495754242 
vt 0.015006397850811481 0.4723864495754242 
vt 0.08193742483854294 0.39430323243141174 
vt 0.015006397850811481 0.39430323243141174 
vt 0.08193742483854294 0.3811267018318176 
vt 0.015006397850811481 0.3811267018318176 
vt 0.4835236072540283 0.40833380818367004 
vt 0.417421817779541 0.40833380818367004 
vt 0.4835236072540283 0.3968653380870819 
vt 0.417421817779541 0.3968653380870819 
vt 0.4116171598434448 0.40833380818367004 
vt 0.4116171598434448 0.3968653380870819 
vt 0.3281014561653137 0.40833380818367004 
vt 0.3281014561653137 0.3968653380870819 
vt 0.32075682282447815 0.40833380818367004 
vt 0.32075682282447815 0.3968653380870819 
vt 0.2540627121925354 0.40833380818367004 
vt 0.2540627121925354 0.3968653380870819 
vt 0.8950605988502502 0.5498595833778381 
vt 0.8864128589630127 0.5498595833778381 
vt 0.8950605988502502 0.5543738007545471 
vt 0.8864128589630127 0.5543738007545471 
vt 0.8950605988502502 0.56572026014328 
vt 0.8864128589630127 0.56572026014328 
vt 0.8950605988502502 0.5782867670059204 
vt 0.8864128589630127 0.5782867670059204 
vt 0.8950605988502502 0.6289188265800476 
vt 0.8864128589630127 0.6289188265800476 
vt 0.9727716445922852 0.5782867670059204 
vt 0.9727716445922852 0.56572026014328 
vt 0.9727716445922852 0.5543738007545471 
vt 0.7889186143875122 0.6289188265800476 
vt 0.7889186143875122 0.5787748098373413 
vt 0.7821663022041321 0.6289188265800476 
vt 0.7821663022041321 0.5788968205451965 
vt 0.7049291133880615 0.6289188265800476 
vt 0.7049291133880615 0.5788968205451965 
vt 0.7889186143875122 0.56572026014328 
vt 0.7821663022041321 0.56572026014328 
vt 0.7049291133880615 0.56572026014328 
vt 0.7889186143875122 0.5543738007545471 
vt 0.7821663022041321 0.5543738007545471 
vt 0.7821663022041321 0.5498595833778381 
vt 0.7889186143875122 0.5498595833778381 
vt 0.7821663022041321 0.5543738007545471 
vt 0.7049291133880615 0.5543738007545471 
vt 0.4626742899417877 0.6331890225410461 
vt 0.47499433159828186 0.6331890225410461 
vt 0.4626742899417877 0.6279428005218506 
vt 0.47499433159828186 0.6279428005218506 
vt 0.3528600335121155 0.6671063899993896 
vt 0.46113428473472595 0.6671063899993896 
vt 0.3528600335121155 0.6867492198944092 
vt 0.46113428473472595 0.6867492198944092 
vt 0.4707297086715698 0.6671063899993896 
vt 0.4707297086715698 0.6867492198944092 
vt 0.6075533032417297 0.6671063899993896 
vt 0.6075533032417297 0.6867492198944092 
vt 0.6196364164352417 0.6867492198944092 
vt 0.6196364164352417 0.6671063899993896 
vt 0.7287399768829346 0.6671063899993896 
vt 0.7834693789482117 0.3628259301185608 
vt 0.7834693789482117 0.4284646213054657 
vt 0.8162833452224731 0.33012861013412476 
vt 0.8162833452224731 0.46128398180007935 
vt 0.9050114154815674 0.33012861013412476 
vt 0.9050114154815674 0.46128398180007935 
vt 0.5807809233665466 0.5775547623634338 
vt 0.5807809233665466 0.5525436997413635 
vt 0.5016483068466187 0.5775547623634338 
vt 0.5016483068466187 0.5525436997413635 
vt 0.015006397850811481 0.4723864495754242 
vt 0.015006397850811481 0.5543738007545471 
vt 0.08193742483854294 0.4723864495754242 
vt 0.08193742483854294 0.5543738007545471 
vt 0.9488423466682434 0.26998013257980347 
vt 0.9488423466682434 0.3220762610435486 
vt 0.9818932414054871 0.26998013257980347 
vt 0.9818932414054871 0.3220762610435486 
vt 0.1973194181919098 0.5762127041816711 
vt 0.1973194181919098 0.5615720748901367 
vt 0.18310397863388062 0.5762127041816711 
vt 0.18310397863388062 0.5615720748901367 
vt 0.022706428542733192 0.5762127041816711 
vt 0.022706428542733192 0.5615720748901367 
vt 0.011571000330150127 0.5615720748901367 
vt 0.6239010691642761 0.6279428005218506 
vt 0.6239010691642761 0.6331890225410461 
vt 0.6141871809959412 0.6279428005218506 
vt 0.6141871809959412 0.6331890225410461 
vt 0.015006397850811481 0.4723864495754242 
vt 0.08193742483854294 0.4723864495754242 
vt 0.015006397850811481 0.5543738007545471 
vt 0.08193742483854294 0.5543738007545471 
vt 0.5144422054290771 0.22117814421653748 
vt 0.5105329155921936 0.22410626709461212 
vt 0.4381526708602905 0.11808391660451889 
vt 0.43329572677612305 0.11966998130083084 
vt 0.4381526708602905 0.019869890064001083 
vt 0.43329572677612305 0.019869890064001083 
vt 0.4381526708602905 0.00474127009510994 
vt 0.43329572677612305 0.00474127009510994 
vt 0.247191920876503 0.4723864495754242 
vt 0.247191920876503 0.39430323243141174 
vt 0.1797870397567749 0.4723864495754242 
vt 0.1797870397567749 0.39430323243141174 
vt 0.247191920876503 0.3811267018318176 
vt 0.1797870397567749 0.3811267018318176 
vt 0.417421817779541 0.23276861011981964 
vt 0.4116171598434448 0.23276861011981964 
vt 0.417421817779541 0.3139019310474396 
vt 0.4116171598434448 0.3139019310474396 
vt 0.4116171598434448 0.3796626329421997 
vt 0.3281014561653137 0.3139019310474396 
vt 0.3281014561653137 0.3796626329421997 
vt 0.32075682282447815 0.3796626329421997 
vt 0.32075682282447815 0.3139019310474396 
vt 0.2540627121925354 0.3796626329421997 
vt 0.2540627121925354 0.3139019310474396 
vt 0.3281014561653137 0.23276861011981964 
vt 0.32075682282447815 0.23276861011981964 
vt 0.2540627121925354 0.3139019310474396 
vt 0.46113428473472595 0.6671063899993896 
vt 0.46113428473472595 0.6619821786880493 
vt 0.4707297086715698 0.6671063899993896 
vt 0.4707297086715698 0.6619821786880493 
vt 0.2540627121925354 0.3796626329421997 
vt 0.2540627121925354 0.39113110303878784 
vt 0.32075682282447815 0.3796626329421997 
vt 0.32075682282447815 0.39113110303878784 
vt 0.3281014561653137 0.3796626329421997 
vt 0.3281014561653137 0.39113110303878784 
vt 0.4116171598434448 0.3796626329421997 
vt 0.4116171598434448 0.39113110303878784 
vt 0.417421817779541 0.3796626329421997 
vt 0.417421817779541 0.39113110303878784 
vt 0.2540627121925354 0.40833380818367004 
vt 0.2540627121925354 0.4740945100784302 
vt 0.08193742483854294 0.3633139729499817 
vt 0.08193742483854294 0.2851087749004364 
vt 0.015006397850811481 0.3633139729499817 
vt 0.015006397850811481 0.2851087749004364 
vt 0.8269449472427368 0.7898434400558472 
vt 0.13524532318115234 0.788257360458374 
vt 0.8278926610946655 0.7944796085357666 
vt 0.13619302213191986 0.7928935885429382 
vt 0.8381988406181335 0.8468197584152222 
vt 0.14661768078804016 0.8451117277145386 
vt 0.1473284512758255 0.848771870136261 
vt 0.5594577789306641 -0.0018469999777153134 
vt 0.5594577789306641 0.016209740191698074 
vt 0.6160826086997986 -0.0018469999777153134 
vt 0.6159641146659851 0.016209740191698074 
vt 0.6318380236625671 -0.0018469999777153134 
vt 0.6318380236625671 0.002545180032029748 
vt 0.6454611420631409 0.016209740191698074 
vt 0.6318380236625671 0.03219239413738251 
vt 0.6485411524772644 0.016209740191698074 
vt 0.6485411524772644 0.12381815165281296 
vt 0.6485411524772644 -0.0018469999777153134 
vt 0.247191920876503 0.2851087749004364 
vt 0.247191920876503 0.2031213939189911 
vt 0.1797870397567749 0.2851087749004364 
vt 0.1797870397567749 0.2031213939189911 
vt 0.3192168176174164 0.220812126994133 
vt 0.3153075575828552 0.22361823916435242 
vt 0.2437565177679062 0.11881594359874725 
vt 0.2388995736837387 0.1204020082950592 
vt 0.2437565177679062 0.02157795988023281 
vt 0.2388995736837387 0.02157795988023281 
vt 0.2437565177679062 0.005351295229047537 
vt 0.2388995736837387 0.005351295229047537 
vt 0.675432026386261 0.24277302622795105 
vt 0.6710489392280579 0.23960089683532715 
vt 0.7609615921974182 0.1271122843027115 
vt 0.7555123567581177 0.12528221309185028 
vt 0.7609615921974182 0.016575755551457405 
vt 0.7555123567581177 0.016575755551457405 
vt 0.7609615921974182 -0.0002609349903650582 
vt 0.7555123567581177 -0.0002609349903650582 
vt 0.675432026386261 0.24277302622795105 
vt 0.6710489392280579 0.23960089683532715 
vt 0.7609615921974182 0.1271122843027115 
vt 0.7555123567581177 0.12528221309185028 
vt 0.7609615921974182 0.016575755551457405 
vt 0.7555123567581177 0.016575755551457405 
vt 0.7609615921974182 -0.0002609349903650582 
vt 0.7555123567581177 -0.0002609349903650582 
vt 0.6531611680984497 -0.0008709600078873336 
vt 0.6584919691085815 -0.0008709600078873336 
vt 0.6531611680984497 0.01718577928841114 
vt 0.6584919691085815 0.01718577928841114 
vt 0.6531611680984497 0.12479419261217117 
vt 0.6584919691085815 0.12650226056575775 
vt 0.5695270299911499 0.23777082562446594 
vt 0.573910117149353 0.24094295501708984 
vt 0.8636681437492371 0.9876135587692261 
vt 0.8641420006752014 0.9762670993804932 
vt 0.13500840961933136 0.9974959492683411 
vt 0.13548225164413452 0.9861494898796082 
vt 0.1358376443386078 0.9773651361465454 
vt 0.8643789291381836 0.9673607349395752 
vt 0.1367853283882141 0.9510120749473572 
vt 0.865445077419281 0.9411296248435974 
vt 0.13714072108268738 0.942959725856781 
vt 0.8656820058822632 0.9329553246498108 
vt 0.13737764954566956 0.9377135038375854 
vt 0.8659189343452454 0.9278311133384705 
vt 0.3515569269657135 0.6331890225410461 
vt 0.3515569269657135 0.6494156718254089 
vt 0.4626742899417877 0.6331890225410461 
vt 0.4626742899417877 0.6494156718254089 
vt 0.47499433159828186 0.6331890225410461 
vt 0.47499433159828186 0.6494156718254089 
vt 0.6141871809959412 0.6331890225410461 
vt 0.6141871809959412 0.6494156718254089 
vt 0.6239010691642761 0.6494156718254089 
vt 0.6239010691642761 0.6331890225410461 
vt 0.7341892123222351 0.6331890225410461 
vt 0.9050114154815674 0.46128398180007935 
vt 0.9050114154815674 0.33012861013412476 
vt 0.8162833452224731 0.46128398180007935 
vt 0.8162833452224731 0.33012861013412476 
vt 0.7834693789482117 0.4284646213054657 
vt 0.7834693789482117 0.3628259301185608 
vt 0.17232392728328705 0.5543738007545471 
vt 0.17232392728328705 0.4723864495754242 
vt 0.08786052465438843 0.5543738007545471 
vt 0.08786052465438843 0.4723864495754242 
vt 0.17232392728328705 0.39430323243141174 
vt 0.08786052465438843 0.39430323243141174 
vt 0.17232392728328705 0.3811267018318176 
vt 0.08786052465438843 0.3811267018318176 
vt 0.3395922780036926 0.02157795988023281 
vt 0.3395922780036926 0.005351295229047537 
vt 0.2886536121368408 0.02157795988023281 
vt 0.28723207116127014 0.005351295229047537 
vt 0.27431970834732056 0.00937745999544859 
vt 0.27431970834732056 0.005351295229047537 
vt 0.2619996666908264 0.02157795988023281 
vt 0.25927504897117615 0.005351295229047537 
vt 0.25927504897117615 0.02157795988023281 
vt 0.27431970834732056 0.03597455099225044 
vt 0.25927504897117615 0.11881594359874725 
vt 0.27431970834732056 0.11881594359874725 
vt 0.34978002309799194 0.220812126994133 
vt 0.33473533391952515 0.220812126994133 
vt 0.08193742483854294 0.20080330967903137 
vt 0.08786052465438843 0.20080330967903137 
vt 0.08193742483854294 0.28388869762420654 
vt 0.08786052465438843 0.28388869762420654 
vt 0.08193742483854294 0.3633139729499817 
vt 0.08786052465438843 0.3633139729499817 
vt 0.08786052465438843 0.37527045607566833 
vt 0.417421817779541 0.40833380818367004 
vt 0.417421817779541 0.3968653380870819 
vt 0.4116171598434448 0.40833380818367004 
vt 0.4116171598434448 0.3968653380870819 
vt 0.3281014561653137 0.40833380818367004 
vt 0.3281014561653137 0.3968653380870819 
vt 0.32075682282447815 0.40833380818367004 
vt 0.32075682282447815 0.3968653380870819 
vt 0.2540627121925354 0.40833380818367004 
vt 0.2540627121925354 0.3968653380870819 
vt 0.6318380236625671 0.12381815165281296 
vt 0.5649070143699646 0.23679478466510773 
vt 0.870420515537262 0.7325010895729065 
vt 0.8235095739364624 0.7231066823005676 
vt 0.8694728016853333 0.7371372580528259 
vt 0.8225618600845337 0.7277429103851318 
vt 0.8590481281280518 0.7893553972244263 
vt 0.8121371865272522 0.7799610495567322 
vt 0.811307966709137 0.7836211919784546 
vt 0.7910509705543518 0.7794730067253113 
vt 0.8031340837478638 0.7190805673599243 
vt 0.8023048639297485 0.7237167358398438 
vt 0.7917617559432983 0.7758128643035889 
vt 0.5144422054290771 0.22117814421653748 
vt 0.5105329155921936 0.22410626709461212 
vt 0.4381526708602905 0.11808391660451889 
vt 0.43329572677612305 0.11966998130083084 
vt 0.4381526708602905 0.019869890064001083 
vt 0.43329572677612305 0.019869890064001083 
vt 0.4381526708602905 0.00474127009510994 
vt 0.43329572677612305 0.00474127009510994 
vt 0.08786052465438843 0.3811267018318176 
vt 0.17232392728328705 0.3811267018318176 
vt 0.08786052465438843 0.39430323243141174 
vt 0.17232392728328705 0.39430323243141174 
vt 0.08786052465438843 0.4723864495754242 
vt 0.17232392728328705 0.4723864495754242 
vt 0.08786052465438843 0.5543738007545471 
vt 0.17232392728328705 0.5543738007545471 
vt 0.2540627121925354 0.3139019310474396 
vt 0.32075682282447815 0.3139019310474396 
vt 0.2540627121925354 0.3796626329421997 
vt 0.32075682282447815 0.3796626329421997 
vt 0.3281014561653137 0.3139019310474396 
vt 0.3281014561653137 0.23276861011981964 
vt 0.4116171598434448 0.23276861011981964 
vt 0.3281014561653137 0.3796626329421997 
vt 0.4116171598434448 0.3139019310474396 
vt 0.4116171598434448 0.3796626329421997 
vt 0.417421817779541 0.3139019310474396 
vt 0.2540627121925354 0.23276861011981964 
vt 0.32075682282447815 0.23276861011981964 
vt 0.2540627121925354 0.3139019310474396 
vt 0.7341892123222351 0.6494156718254089 
vt 0.6239010691642761 0.6494156718254089 
vt 0.7341892123222351 0.6331890225410461 
vt 0.6239010691642761 0.6331890225410461 
vt 0.6141871809959412 0.6331890225410461 
vt 0.6141871809959412 0.6494156718254089 
vt 0.47499433159828186 0.6494156718254089 
vt 0.47499433159828186 0.6331890225410461 
vt 0.4626742899417877 0.6494156718254089 
vt 0.4626742899417877 0.6331890225410461 
vt 0.3515569269657135 0.6494156718254089 
vt 0.3515569269657135 0.6331890225410461 
vt 0.2540627121925354 0.3796626329421997 
vt 0.32075682282447815 0.3796626329421997 
vt 0.2540627121925354 0.39113110303878784 
vt 0.32075682282447815 0.39113110303878784 
vt 0.3281014561653137 0.3796626329421997 
vt 0.3281014561653137 0.39113110303878784 
vt 0.4116171598434448 0.3796626329421997 
vt 0.4116171598434448 0.39113110303878784 
vt 0.417421817779541 0.3796626329421997 
vt 0.417421817779541 0.39113110303878784 
vt 0.4835236072540283 0.3796626329421997 
vt 0.4835236072540283 0.39113110303878784 
vt 0.8763436079025269 0.12882035970687866 
vt 0.8403311371803284 0.12882035970687866 
vt 0.8763436079025269 0.26985812187194824 
vt 0.8403311371803284 0.26985812187194824 
vt 0.7287399768829346 0.6867492198944092 
vt 0.7287399768829346 0.6671063899993896 
vt 0.6196364164352417 0.6867492198944092 
vt 0.6196364164352417 0.6671063899993896 
vt 0.6075533032417297 0.6671063899993896 
vt 0.6075533032417297 0.6867492198944092 
vt 0.4707297086715698 0.6867492198944092 
vt 0.4707297086715698 0.6671063899993896 
vt 0.46113428473472595 0.6867492198944092 
vt 0.46113428473472595 0.6671063899993896 
vt 0.3528600335121155 0.6867492198944092 
vt 0.07009122520685196 0.8712207674980164 
vt 0.07044661045074463 0.8763449788093567 
vt 0.7873786091804504 0.8592643141746521 
vt 0.7877340316772461 0.8643885254859924 
vt 0.7883263230323792 0.8724408149719238 
vt 0.07103892415761948 0.8842753171920776 
vt 0.7899848222732544 0.8983058929443359 
vt 0.07281585037708282 0.9101403951644897 
vt 0.7905771136283875 0.9069682359695435 
vt 0.07340816408395767 0.9188027381896973 
vt 0.7914063334465027 0.9180706739425659 
vt 0.07411893457174301 0.9299051761627197 
vt 0.2540627121925354 0.40833380818367004 
vt 0.2540627121925354 0.4740945100784302 
vt 0.32075682282447815 0.40833380818367004 
vt 0.32075682282447815 0.4740945100784302 
vt 0.3281014561653137 0.4740945100784302 
vt 0.3281014561653137 0.5552278161048889 
vt 0.4116171598434448 0.4740945100784302 
vt 0.4116171598434448 0.5552278161048889 
vt 0.417421817779541 0.4740945100784302 
vt 0.417421817779541 0.40833380818367004 
vt 0.4116171598434448 0.40833380818367004 
vt 0.3281014561653137 0.40833380818367004 
vt 0.7423630952835083 0.6725966334342957 
vt 0.7985140681266785 0.6725966334342957 
vt 0.7423630952835083 0.7068800330162048 
vt 0.7985140681266785 0.7068800330162048 
vt 0.8034894466400146 0.6725966334342957 
vt 0.8034894466400146 0.7068800330162048 
vt 0.8743297457695007 0.6725966334342957 
vt 0.8743297457695007 0.7068800330162048 
vt 0.8806082606315613 0.7068800330162048 
vt 0.8806082606315613 0.6725966334342957 
vt 0.9371145963668823 0.6725966334342957 
vt 0.08193742483854294 0.2851087749004364 
vt 0.015006397850811481 0.2851087749004364 
vt 0.08193742483854294 0.2031213939189911 
vt 0.015006397850811481 0.2031213939189911 
vt 0.1114344671368599 0.7196905612945557 
vt 0.11060523241758347 0.7243267893791199 
vt 0.8031340837478638 0.7190805673599243 
vt 0.8023048639297485 0.7237167358398438 
vt 0.7917617559432983 0.7758128643035889 
vt 0.10006211698055267 0.7765449285507202 
vt 0.7910509705543518 0.7794730067253113 
vt 0.09935133904218674 0.7802050709724426 
vt 0.015006397850811481 0.3811267018318176 
vt 0.015006397850811481 0.39430323243141174 
vt 0.08193742483854294 0.3811267018318176 
vt 0.08193742483854294 0.39430323243141174 
vt 0.015006397850811481 0.4723864495754242 
vt 0.08193742483854294 0.4723864495754242 
vt 0.17232392728328705 0.3811267018318176 
vt 0.1797870397567749 0.3811267018318176 
vt 0.17232392728328705 0.39430323243141174 
vt 0.1797870397567749 0.39430323243141174 
vt 0.17232392728328705 0.4737284779548645 
vt 0.1797870397567749 0.4737284779548645 
vt 0.17232392728328705 0.5566918849945068 
vt 0.1797870397567749 0.5566918849945068 
vt 0.011571000330150127 0.6517337560653687 
vt 0.022706428542733192 0.6517337560653687 
vt 0.011571000330150127 0.5779207348823547 
vt 0.022706428542733192 0.5779207348823547 
vt 0.18310397863388062 0.5779207348823547 
vt 0.18310397863388062 0.6517337560653687 
vt 0.1973194181919098 0.5779207348823547 
vt 0.1973194181919098 0.6517337560653687 
vt 0.08786052465438843 0.2031213939189911 
vt 0.08786052465438843 0.2851087749004364 
vt 0.17232392728328705 0.2031213939189911 
vt 0.17232392728328705 0.2851087749004364 
vt 0.08786052465438843 0.3633139729499817 
vt 0.17232392728328705 0.3633139729499817 
vt 0.08786052465438843 0.37527045607566833 
vt 0.17232392728328705 0.37527045607566833 
vt 0.01938949152827263 0.13540862500667572 
vt 0.01938949152827263 0.16102968156337738 
vt 0.15040846168994904 0.13540862500667572 
vt 0.15040846168994904 0.16102968156337738 
vt 0.6196364164352417 0.6619821786880493 
vt 0.6075533032417297 0.6619821786880493 
vt 0.6196364164352417 0.6671063899993896 
vt 0.6075533032417297 0.6671063899993896 
vt 0.417421817779541 0.4740945100784302 
vt 0.4835236072540283 0.40833380818367004 
vt 0.4835236072540283 0.4740945100784302 
vt 0.2540627121925354 0.4740945100784302 
vt 0.2540627121925354 0.5552278161048889 
vt 0.32075682282447815 0.5552278161048889 
vt 0.44703730940818787 0.00474127009510994 
vt 0.548322319984436 0.23679478466510773 
vt 0.7531431317329407 -0.0016029899707064033 
vt 0.011571000330150127 0.5762127041816711 
vt 0.8390280604362488 0.8503579497337341 
vt 0.7914063334465027 0.9180706739425659 
vt 0.1473284512758255 0.848771870136261 
vt 0.1797870397567749 0.37527045607566833 
vt 0.9727716445922852 0.6289188265800476 
vt 0.2540627121925354 0.23276861011981964 
vt 0.7423630952835083 0.6339210271835327 
vt 0.9371145963668823 0.7068800330162048 
vt 0.7287399768829346 0.6867492198944092 
vt 0.06357581913471222 0.9401535987854004 
vt 0.8636681437492371 0.9130684733390808 
vt 0.13524532318115234 0.788257360458374 
vt 0.3410138189792633 0.5607180595397949 
vt 0.8582189083099365 0.7930155992507935 
vt 0.9371145963668823 0.6701565384864807 
vt 0.7341892123222351 0.6494156718254089 
vt 0.3528600335121155 0.6671063899993896 
vt 0.9811824560165405 0.5460774302482605 
vt 0.8582189083099365 0.7930155992507935 
vt 0.08193742483854294 0.37527045607566833 
vt 0.417421817779541 0.23276861011981964 
vt 0.9371145963668823 0.7068800330162048 
s on 
f 1/1/1 2/2/2 3/3/3 
f 2/2/2 4/4/4 3/3/3 
f 3/3/3 4/4/4 4/4/4 
f 4/4/4 2/2/2 4/4/4 
f 4/4/4 2/2/2 2/2/2 
f 2/2/2 5/5/5 2/2/2 
f 2/2/2 5/5/5 4/4/4 
f 5/5/5 6/6/6 4/4/4 
f 4/4/4 6/6/6 7/7/7 
f 6/6/6 8/8/8 7/7/7 
f 7/7/7 8/8/8 9/9/9 
f 8/8/8 9/9/9 9/9/9 
f 9/9/9 9/9/9 6/6/6 
f 9/9/9 6/6/6 6/6/6 
f 6/6/6 6/6/6 6/6/6 
f 6/6/6 5/5/5 6/6/6 
f 6/6/6 5/5/5 8/8/8 
f 5/5/5 10/10/10 8/8/8 
f 8/8/8 10/10/10 10/10/10 
f 10/10/10 11/11/11 10/10/10 
f 10/10/10 11/11/11 11/11/11 
f 11/11/11 12/12/12 11/11/11 
f 11/11/11 12/12/12 13/13/13 
f 12/12/12 14/14/14 13/13/13 
f 13/13/13 14/14/14 14/14/14 
f 14/14/14 12/12/12 14/14/14 
f 14/14/14 12/12/12 12/12/12 
f 12/12/12 15/15/15 12/12/12 
f 12/12/12 15/15/15 14/14/14 
f 15/15/15 16/16/16 14/14/14 
f 14/14/14 16/16/16 16/16/16 
f 16/16/16 15/15/15 16/16/16 
f 16/16/16 15/15/15 17/17/17 
f 15/15/15 18/18/18 17/17/17 
f 17/17/17 18/18/18 19/19/19 
f 18/18/18 20/20/20 19/19/19 
f 19/19/19 20/20/20 21/21/21 
f 20/20/20 22/22/22 21/21/21 
f 21/21/21 22/22/22 23/23/23 
f 22/22/22 23/23/23 23/23/23 
f 23/23/23 23/23/23 19/19/19 
f 23/23/23 19/19/19 19/19/19 
f 19/19/19 19/19/19 19/19/19 
f 19/19/19 24/24/24 19/19/19 
f 19/19/19 24/24/24 17/17/17 
f 24/24/24 16/16/16 17/17/17 
f 17/17/17 16/16/16 16/16/16 
f 16/16/16 25/25/25 16/16/16 
f 16/16/16 25/25/25 25/25/25 
f 25/25/25 26/26/26 25/25/25 
f 25/25/25 26/26/26 27/27/27 
f 26/26/26 28/28/28 27/27/27 
f 27/27/27 28/28/28 29/29/29 
f 28/28/28 29/29/29 29/29/29 
f 29/29/29 29/29/29 27/27/27 
f 29/29/29 27/27/27 27/27/27 
f 27/27/27 27/27/27 27/27/27 
f 27/27/27 29/29/29 27/27/27 
f 27/27/27 29/29/29 30/30/30 
f 29/29/29 31/31/31 30/30/30 
f 30/30/30 31/31/31 32/32/32 
f 31/31/31 33/33/33 32/32/32 
f 32/32/32 33/33/33 33/33/33 
f 33/33/33 29/29/29 33/33/33 
f 33/33/33 29/29/29 29/29/29 
f 29/29/29 34/34/34 29/29/29 
f 29/29/29 34/34/34 31/31/31 
f 34/34/34 33/33/33 31/31/31 
f 31/31/31 33/33/33 33/33/33 
f 33/33/33 34/34/34 33/33/33 
f 33/33/33 34/34/34 35/35/35 
f 34/34/34 36/36/36 35/35/35 
f 35/35/35 36/36/36 36/36/36 
f 36/36/36 37/37/37 36/36/36 
f 36/36/36 37/37/37 37/37/37 
f 37/37/37 38/38/38 37/37/37 
f 37/37/37 38/38/38 39/39/39 
f 38/38/38 40/40/40 39/39/39 
f 39/39/39 40/40/40 40/40/40 
f 40/40/40 38/38/38 40/40/40 
f 40/40/40 38/38/38 41/41/41 
f 38/38/38 42/42/42 41/41/41 
f 41/41/41 42/42/42 42/42/42 
f 42/42/42 38/38/38 42/42/42 
f 42/42/42 38/38/38 38/38/38 
f 38/38/38 43/43/43 38/38/38 
f 38/38/38 43/43/43 42/42/42 
f 43/43/43 44/44/44 42/42/42 
f 42/42/42 44/44/44 44/44/44 
f 44/44/44 43/43/43 44/44/44 
f 44/44/44 43/43/43 45/45/45 
f 43/43/43 46/46/46 45/45/45 
f 45/45/45 46/46/46 47/47/47 
f 46/46/46 47/47/47 47/47/47 
f 47/47/47 47/47/47 44/44/44 
f 47/47/47 44/44/44 44/44/44 
f 44/44/44 44/44/44 44/44/44 
f 44/44/44 45/45/45 44/44/44 
f 44/44/44 45/45/45 48/48/48 
f 45/45/45 49/49/49 48/48/48 
f 48/48/48 49/49/49 50/50/50 
f 49/49/49 51/51/51 50/50/50 
f 50/50/50 51/51/51 52/52/52 
f 51/51/51 52/52/52 52/52/52 
f 52/52/52 52/52/52 49/49/49 
f 52/52/52 49/49/49 49/49/49 
f 49/49/49 49/49/49 49/49/49 
f 49/49/49 53/53/53 49/49/49 
f 49/49/49 53/53/53 51/51/51 
f 53/53/53 54/54/54 51/51/51 
f 51/51/51 54/54/54 54/54/54 
f 54/54/54 55/55/55 54/54/54 
f 54/54/54 55/55/55 55/55/55 
f 55/55/55 56/56/56 55/55/55 
f 55/55/55 56/56/56 57/57/57 
f 56/56/56 58/58/58 57/57/57 
f 57/57/57 58/58/58 58/58/58 
f 58/58/58 56/56/56 58/58/58 
f 58/58/58 56/56/56 59/59/59 
f 56/56/56 60/60/60 59/59/59 
f 59/59/59 60/60/60 61/61/61 
f 60/60/60 62/62/62 61/61/61 
f 61/61/61 62/62/62 63/63/63 
f 62/62/62 64/64/64 63/63/63 
f 63/63/63 64/64/64 64/64/64 
f 64/64/64 63/63/63 64/64/64 
f 64/64/64 63/63/63 63/63/63 
f 63/63/63 65/65/65 63/63/63 
f 63/63/63 65/65/65 61/61/61 
f 65/65/65 66/66/66 61/61/61 
f 61/61/61 66/66/66 59/59/59 
f 66/66/66 67/67/67 59/59/59 
f 59/59/59 67/67/67 58/58/58 
f 67/67/67 68/68/68 58/58/58 
f 58/58/58 68/68/68 68/68/68 
f 68/68/68 69/69/69 68/68/68 
f 68/68/68 69/69/69 69/69/69 
f 69/69/69 70/70/70 69/69/69 
f 69/69/69 70/70/70 71/71/71 
f 70/70/70 72/72/72 71/71/71 
f 71/71/71 72/72/72 72/72/72 
f 72/72/72 70/70/70 72/72/72 
f 72/72/72 70/70/70 70/70/70 
f 70/70/70 73/73/73 70/70/70 
f 70/70/70 73/73/73 72/72/72 
f 73/73/73 74/74/74 72/72/72 
f 72/72/72 74/74/74 74/74/74 
f 74/74/74 75/75/75 74/74/74 
f 74/74/74 75/75/75 75/75/75 
f 75/75/75 76/76/76 75/75/75 
f 75/75/75 76/76/76 77/77/77 
f 76/76/76 78/78/78 77/77/77 
f 77/77/77 78/78/78 79/79/79 
f 78/78/78 80/80/80 79/79/79 
f 79/79/79 80/80/80 80/80/80 
f 80/80/80 76/76/76 80/80/80 
f 80/80/80 76/76/76 76/76/76 
f 76/76/76 81/81/81 76/76/76 
f 76/76/76 81/81/81 78/78/78 
f 81/81/81 82/82/82 78/78/78 
f 78/78/78 82/82/82 80/80/80 
f 82/82/82 83/83/83 80/80/80 
f 80/80/80 83/83/83 83/83/83 
f 83/83/83 81/81/81 83/83/83 
f 83/83/83 81/81/81 81/81/81 
f 81/81/81 84/84/84 81/81/81 
f 81/81/81 84/84/84 82/82/82 
f 84/84/84 85/85/85 82/82/82 
f 82/82/82 85/85/85 83/83/83 
f 85/85/85 86/86/86 83/83/83 
f 83/83/83 86/86/86 86/86/86 
f 86/86/86 84/84/84 86/86/86 
f 86/86/86 84/84/84 84/84/84 
f 84/84/84 87/87/87 84/84/84 
f 84/84/84 87/87/87 85/85/85 
f 87/87/87 88/88/88 85/85/85 
f 85/85/85 88/88/88 86/86/86 
f 88/88/88 89/89/89 86/86/86 
f 86/86/86 89/89/89 89/89/89 
f 89/89/89 87/87/87 89/89/89 
f 89/89/89 87/87/87 87/87/87 
f 87/87/87 90/90/90 87/87/87 
f 87/87/87 90/90/90 88/88/88 
f 90/90/90 91/91/91 88/88/88 
f 88/88/88 91/91/91 89/89/89 
f 91/91/91 89/89/89 89/89/89 
f 89/89/89 89/89/89 92/92/92 
f 89/89/89 92/92/92 92/92/92 
f 92/92/92 92/92/92 92/92/92 
f 92/92/92 93/93/93 92/92/92 
f 92/92/92 93/93/93 94/94/94 
f 93/93/93 95/95/95 94/94/94 
f 94/94/94 95/95/95 95/95/95 
f 95/95/95 93/93/93 95/95/95 
f 95/95/95 93/93/93 93/93/93 
f 93/93/93 96/96/96 93/93/93 
f 93/93/93 96/96/96 95/95/95 
f 96/96/96 97/97/97 95/95/95 
f 95/95/95 97/97/97 97/97/97 
f 97/97/97 98/98/98 97/97/97 
f 97/97/97 98/98/98 98/98/98 
f 98/98/98 99/99/99 98/98/98 
f 98/98/98 99/99/99 100/100/100 
f 99/99/99 101/101/101 100/100/100 
f 100/100/100 101/101/101 102/102/102 
f 101/101/101 103/103/103 102/102/102 
f 102/102/102 103/103/103 103/103/103 
f 103/103/103 104/104/104 103/103/103 
f 103/103/103 104/104/104 104/104/104 
f 104/104/104 105/105/105 104/104/104 
f 104/104/104 105/105/105 106/106/106 
f 105/105/105 107/107/107 106/106/106 
f 106/106/106 107/107/107 107/107/107 
f 107/107/107 105/105/105 107/107/107 
f 107/107/107 105/105/105 105/105/105 
f 105/105/105 108/108/108 105/105/105 
f 105/105/105 108/108/108 107/107/107 
f 108/108/108 109/109/109 107/107/107 
f 107/107/107 109/109/109 109/109/109 
f 109/109/109 110/110/110 109/109/109 
f 109/109/109 110/110/110 110/110/110 
f 110/110/110 111/111/111 110/110/110 
f 110/110/110 111/111/111 112/112/112 
f 111/111/111 113/113/113 112/112/112 
f 112/112/112 113/113/113 113/113/113 
f 113/113/113 111/111/111 113/113/113 
f 113/113/113 111/111/111 111/111/111 
f 111/111/111 114/114/114 111/111/111 
f 111/111/111 114/114/114 113/113/113 
f 114/114/114 115/115/115 113/113/113 
f 113/113/113 115/115/115 115/115/115 
f 115/115/115 114/114/114 115/115/115 
f 115/115/115 114/114/114 116/116/116 
f 114/114/114 117/117/117 116/116/116 
f 116/116/116 117/117/117 117/117/117 
f 117/117/117 118/118/118 117/117/117 
f 117/117/117 118/118/118 118/118/118 
f 118/118/118 119/119/119 118/118/118 
f 118/118/118 119/119/119 120/120/120 
f 119/119/119 121/121/121 120/120/120 
f 120/120/120 121/121/121 122/122/122 
f 121/121/121 123/123/123 122/122/122 
f 122/122/122 123/123/123 124/124/124 
f 123/123/123 125/125/125 124/124/124 
f 124/124/124 125/125/125 125/125/125 
f 125/125/125 126/126/126 125/125/125 
f 125/125/125 126/126/126 126/126/126 
f 126/126/126 127/127/127 126/126/126 
f 126/126/126 127/127/127 128/128/128 
f 127/127/127 129/129/129 128/128/128 
f 128/128/128 129/129/129 129/129/129 
f 129/129/129 127/127/127 129/129/129 
f 129/129/129 127/127/127 127/127/127 
f 127/127/127 130/130/130 127/127/127 
f 127/127/127 130/130/130 129/129/129 
f 130/130/130 131/131/131 129/129/129 
f 129/129/129 131/131/131 131/131/131 
f 131/131/131 130/130/130 131/131/131 
f 131/131/131 130/130/130 132/132/132 
f 130/130/130 133/133/133 132/132/132 
f 132/132/132 133/133/133 133/133/133 
f 133/133/133 134/134/134 133/133/133 
f 133/133/133 134/134/134 134/134/134 
f 134/134/134 135/135/135 134/134/134 
f 134/134/134 135/135/135 136/136/136 
f 135/135/135 137/137/137 136/136/136 
f 136/136/136 137/137/137 137/137/137 
f 137/137/137 135/135/135 137/137/137 
f 137/137/137 135/135/135 135/135/135 
f 135/135/135 138/138/138 135/135/135 
f 135/135/135 138/138/138 137/137/137 
f 138/138/138 139/139/139 137/137/137 
f 137/137/137 139/139/139 139/139/139 
f 139/139/139 140/140/140 139/139/139 
f 139/139/139 140/140/140 140/140/140 
f 140/140/140 141/141/141 140/140/140 
f 140/140/140 141/141/141 142/142/142 
f 141/141/141 143/143/143 142/142/142 
f 142/142/142 143/143/143 144/144/144 
f 143/143/143 145/145/145 144/144/144 
f 144/144/144 145/145/145 146/146/146 
f 145/145/145 147/147/147 146/146/146 
f 146/146/146 147/147/147 148/148/148 
f 147/147/147 149/149/149 148/148/148 
f 148/148/148 149/149/149 149/149/149 
f 149/149/149 148/148/148 149/149/149 
f 149/149/149 148/148/148 148/148/148 
f 148/148/148 150/150/150 148/148/148 
f 148/148/148 150/150/150 146/146/146 
f 150/150/150 151/151/151 146/146/146 
f 146/146/146 151/151/151 144/144/144 
f 151/151/151 152/152/152 144/144/144 
f 144/144/144 152/152/152 142/142/142 
f 152/152/152 142/142/142 142/142/142 
f 142/142/142 142/142/142 153/153/153 
f 142/142/142 153/153/153 153/153/153 
f 153/153/153 153/153/153 153/153/153 
f 153/153/153 154/154/154 153/153/153 
f 153/153/153 154/154/154 155/155/155 
f 154/154/154 156/156/156 155/155/155 
f 155/155/155 156/156/156 156/156/156 
f 156/156/156 154/154/154 156/156/156 
f 156/156/156 154/154/154 157/157/157 
f 154/154/154 158/158/158 157/157/157 
f 157/157/157 158/158/158 159/159/159 
f 158/158/158 160/160/160 159/159/159 
f 159/159/159 160/160/160 161/161/161 
f 160/160/160 162/162/162 161/161/161 
f 161/161/161 162/162/162 162/162/162 
f 162/162/162 154/154/154 162/162/162 
f 162/162/162 154/154/154 154/154/154 
f 154/154/154 163/163/163 154/154/154 
f 154/154/154 163/163/163 158/158/158 
f 163/163/163 164/164/164 158/158/158 
f 158/158/158 164/164/164 160/160/160 
f 164/164/164 165/165/165 160/160/160 
f 160/160/160 165/165/165 162/162/162 
f 165/165/165 166/166/166 162/162/162 
f 162/162/162 166/166/166 166/166/166 
f 166/166/166 163/163/163 166/166/166 
f 166/166/166 163/163/163 163/163/163 
f 163/163/163 167/167/167 163/163/163 
f 163/163/163 167/167/167 164/164/164 
f 167/167/167 168/168/168 164/164/164 
f 164/164/164 168/168/168 165/165/165 
f 168/168/168 169/169/169 165/165/165 
f 165/165/165 169/169/169 166/166/166 
f 169/169/169 166/166/166 166/166/166 
f 166/166/166 166/166/166 167/167/167 
f 166/166/166 167/167/167 167/167/167 
f 167/167/167 167/167/167 167/167/167 
f 167/167/167 170/170/170 167/167/167 
f 167/167/167 170/170/170 168/168/168 
f 170/170/170 171/171/171 168/168/168 
f 168/168/168 171/171/171 169/169/169 
f 171/171/171 172/172/172 169/169/169 
f 169/169/169 172/172/172 172/172/172 
f 172/172/172 170/170/170 172/172/172 
f 172/172/172 170/170/170 170/170/170 
f 170/170/170 167/167/167 170/170/170 
f 170/170/170 167/167/167 173/173/173 
f 167/167/167 174/174/174 173/173/173 
f 173/173/173 174/174/174 174/174/174 
f 174/174/174 167/167/167 174/174/174 
f 174/174/174 167/167/167 167/167/167 
f 167/167/167 163/163/163 167/167/167 
f 167/167/167 163/163/163 174/174/174 
f 163/163/163 175/175/175 174/174/174 
f 174/174/174 175/175/175 176/176/176 
f 175/175/175 176/176/176 176/176/176 
f 176/176/176 176/176/176 149/149/149 
f 176/176/176 149/149/149 149/149/149 
f 149/149/149 149/149/149 149/149/149 
f 149/149/149 147/147/147 149/149/149 
f 149/149/149 147/147/147 177/177/177 
f 147/147/147 178/178/178 177/177/177 
f 177/177/177 178/178/178 179/179/179 
f 178/178/178 180/180/180 179/179/179 
f 179/179/179 180/180/180 181/181/181 
f 180/180/180 182/182/182 181/181/181 
f 181/181/181 182/182/182 182/182/182 
f 182/182/182 147/147/147 182/182/182 
f 182/182/182 147/147/147 147/147/147 
f 147/147/147 145/145/145 147/147/147 
f 147/147/147 145/145/145 178/178/178 
f 145/145/145 183/183/183 178/178/178 
f 178/178/178 183/183/183 180/180/180 
f 183/183/183 184/184/184 180/180/180 
f 180/180/180 184/184/184 182/182/182 
f 184/184/184 185/185/185 182/182/182 
f 182/182/182 185/185/185 185/185/185 
f 185/185/185 145/145/145 185/185/185 
f 185/185/185 145/145/145 145/145/145 
f 145/145/145 143/143/143 145/145/145 
f 145/145/145 143/143/143 183/183/183 
f 143/143/143 186/186/186 183/183/183 
f 183/183/183 186/186/186 184/184/184 
f 186/186/186 187/187/187 184/184/184 
f 184/184/184 187/187/187 185/185/185 
f 187/187/187 188/188/188 185/185/185 
f 185/185/185 188/188/188 188/188/188 
f 188/188/188 187/187/187 188/188/188 
f 188/188/188 187/187/187 187/187/187 
f 187/187/187 186/186/186 187/187/187 
f 187/187/187 186/186/186 189/189/189 
f 186/186/186 190/190/190 189/189/189 
f 189/189/189 190/190/190 190/190/190 
f 190/190/190 191/191/191 190/190/190 
f 190/190/190 191/191/191 191/191/191 
f 191/191/191 192/192/192 191/191/191 
f 191/191/191 192/192/192 193/193/193 
f 192/192/192 194/194/194 193/193/193 
f 193/193/193 194/194/194 194/194/194 
f 194/194/194 195/195/195 194/194/194 
f 194/194/194 195/195/195 195/195/195 
f 195/195/195 196/196/196 195/195/195 
f 195/195/195 196/196/196 197/197/197 
f 196/196/196 198/198/198 197/197/197 
f 197/197/197 198/198/198 199/199/199 
f 198/198/198 199/199/199 199/199/199 
f 199/199/199 199/199/199 197/197/197 
f 199/199/199 197/197/197 197/197/197 
f 197/197/197 197/197/197 197/197/197 
f 197/197/197 199/199/199 197/197/197 
f 197/197/197 199/199/199 200/200/200 
f 199/199/199 201/201/201 200/200/200 
f 200/200/200 201/201/201 202/202/202 
f 201/201/201 203/203/203 202/202/202 
f 202/202/202 203/203/203 204/204/204 
f 203/203/203 205/205/205 204/204/204 
f 204/204/204 205/205/205 206/206/206 
f 205/205/205 206/206/206 206/206/206 
f 206/206/206 206/206/206 207/207/207 
f 206/206/206 207/207/207 207/207/207 
f 207/207/207 207/207/207 207/207/207 
f 207/207/207 208/208/208 207/207/207 
f 207/207/207 208/208/208 209/209/209 
f 208/208/208 210/210/210 209/209/209 
f 209/209/209 210/210/210 211/211/211 
f 210/210/210 212/212/212 211/211/211 
f 211/211/211 212/212/212 213/213/213 
f 212/212/212 214/214/214 213/213/213 
f 213/213/213 214/214/214 214/214/214 
f 214/214/214 208/208/208 214/214/214 
f 214/214/214 208/208/208 208/208/208 
f 208/208/208 215/215/215 208/208/208 
f 208/208/208 215/215/215 210/210/210 
f 215/215/215 216/216/216 210/210/210 
f 210/210/210 216/216/216 212/212/212 
f 216/216/216 217/217/217 212/212/212 
f 212/212/212 217/217/217 214/214/214 
f 217/217/217 214/214/214 214/214/214 
f 214/214/214 214/214/214 218/218/218 
f 214/214/214 218/218/218 218/218/218 
f 218/218/218 218/218/218 218/218/218 
f 218/218/218 219/219/219 218/218/218 
f 218/218/218 219/219/219 220/220/220 
f 219/219/219 221/221/221 220/220/220 
f 220/220/220 221/221/221 221/221/221 
f 221/221/221 7/7/7 221/221/221 
f 221/221/221 7/7/7 7/7/7 
f 7/7/7 9/9/9 7/7/7 
f 7/7/7 9/9/9 222/222/222 
f 9/9/9 223/223/223 222/222/222 
f 222/222/222 223/223/223 224/224/224 
f 223/223/223 224/224/224 224/224/224 
f 224/224/224 224/224/224 225/225/225 
f 224/224/224 225/225/225 225/225/225 
f 225/225/225 225/225/225 225/225/225 
f 225/225/225 226/226/226 225/225/225 
f 225/225/225 226/226/226 227/227/227 
f 226/226/226 228/228/228 227/227/227 
f 227/227/227 228/228/228 228/228/228 
f 228/228/228 229/229/229 228/228/228 
f 228/228/228 229/229/229 229/229/229 
f 229/229/229 230/230/230 229/229/229 
f 229/229/229 230/230/230 231/231/231 
f 230/230/230 232/232/232 231/231/231 
f 231/231/231 232/232/232 233/233/233 
f 232/232/232 233/233/233 233/233/233 
f 233/233/233 233/233/233 231/231/231 
f 233/233/233 231/231/231 231/231/231 
f 231/231/231 231/231/231 231/231/231 
f 231/231/231 233/233/233 231/231/231 
f 231/231/231 233/233/233 234/234/234 
f 233/233/233 235/235/235 234/234/234 
f 234/234/234 235/235/235 235/235/235 
f 235/235/235 233/233/233 235/235/235 
f 235/235/235 233/233/233 233/233/233 
f 233/233/233 236/236/236 233/233/233 
f 233/233/233 236/236/236 235/235/235 
f 236/236/236 237/237/237 235/235/235 
f 235/235/235 237/237/237 237/237/237 
f 237/237/237 236/236/236 237/237/237 
f 237/237/237 236/236/236 236/236/236 
f 236/236/236 238/238/238 236/236/236 
f 236/236/236 238/238/238 237/237/237 
f 238/238/238 239/239/239 237/237/237 
f 237/237/237 239/239/239 239/239/239 
f 239/239/239 240/240/240 239/239/239 
f 239/239/239 240/240/240 240/240/240 
f 240/240/240 241/241/241 240/240/240 
f 240/240/240 241/241/241 242/242/242 
f 241/241/241 243/243/243 242/242/242 
f 242/242/242 243/243/243 243/243/243 
f 243/243/243 241/241/241 243/243/243 
f 243/243/243 241/241/241 241/241/241 
f 241/241/241 244/244/244 241/241/241 
f 241/241/241 244/244/244 243/243/243 
f 244/244/244 245/245/245 243/243/243 
f 243/243/243 245/245/245 245/245/245 
f 245/245/245 244/244/244 245/245/245 
f 245/245/245 244/244/244 246/246/246 
f 244/244/244 247/247/247 246/246/246 
f 246/246/246 247/247/247 247/247/247 
f 247/247/247 248/248/248 247/247/247 
f 247/247/247 248/248/248 248/248/248 
f 248/248/248 249/249/249 248/248/248 
f 248/248/248 249/249/249 250/250/250 
f 249/249/249 251/251/251 250/250/250 
f 250/250/250 251/251/251 251/251/251 
f 251/251/251 252/252/252 251/251/251 
f 251/251/251 252/252/252 252/252/252 
f 252/252/252 253/253/253 252/252/252 
f 252/252/252 253/253/253 254/254/254 
f 253/253/253 255/255/255 254/254/254 
f 254/254/254 255/255/255 255/255/255 
f 255/255/255 256/256/256 255/255/255 
f 255/255/255 256/256/256 256/256/256 
f 256/256/256 257/257/257 256/256/256 
f 256/256/256 257/257/257 258/258/258 
f 257/257/257 259/259/259 258/258/258 
f 258/258/258 259/259/259 259/259/259 
f 259/259/259 260/260/260 259/259/259 
f 259/259/259 260/260/260 260/260/260 
f 260/260/260 261/261/261 260/260/260 
f 260/260/260 261/261/261 262/262/262 
f 261/261/261 263/263/263 262/262/262 
f 262/262/262 263/263/263 263/263/263 
f 263/263/263 264/264/264 263/263/263 
f 263/263/263 264/264/264 264/264/264 
f 264/264/264 265/265/265 264/264/264 
f 264/264/264 265/265/265 266/266/266 
f 265/265/265 267/267/267 266/266/266 
f 266/266/266 267/267/267 267/267/267 
f 267/267/267 265/265/265 267/267/267 
f 267/267/267 265/265/265 268/268/268 
f 265/265/265 269/269/269 268/268/268 
f 268/268/268 269/269/269 270/270/270 
f 269/269/269 271/271/271 270/270/270 
f 270/270/270 271/271/271 272/272/272 
f 271/271/271 272/272/272 272/272/272 
f 272/272/272 272/272/272 267/267/267 
f 272/272/272 267/267/267 267/267/267 
f 267/267/267 267/267/267 267/267/267 
f 267/267/267 268/268/268 267/267/267 
f 267/267/267 268/268/268 273/273/273 
f 268/268/268 270/270/270 273/273/273 
f 273/273/273 270/270/270 272/272/272 
f 270/270/270 272/272/272 272/272/272 
f 272/272/272 272/272/272 274/274/274 
f 272/272/272 274/274/274 274/274/274 
f 274/274/274 274/274/274 274/274/274 
f 274/274/274 275/275/275 274/274/274 
f 274/274/274 275/275/275 276/276/276 
f 275/275/275 277/277/277 276/276/276 
f 276/276/276 277/277/277 278/278/278 
f 277/277/277 279/279/279 278/278/278 
f 278/278/278 279/279/279 279/279/279 
f 279/279/279 280/280/280 279/279/279 
f 279/279/279 280/280/280 280/280/280 
f 280/280/280 281/281/281 280/280/280 
f 280/280/280 281/281/281 282/282/282 
f 281/281/281 283/283/283 282/282/282 
f 282/282/282 283/283/283 284/284/284 
f 283/283/283 285/285/285 284/284/284 
f 284/284/284 285/285/285 286/286/286 
f 285/285/285 287/287/287 286/286/286 
f 286/286/286 287/287/287 287/287/287 
f 287/287/287 288/288/288 287/287/287 
f 287/287/287 288/288/288 288/288/288 
f 288/288/288 289/289/289 288/288/288 
f 288/288/288 289/289/289 290/290/290 
f 289/289/289 291/291/291 290/290/290 
f 290/290/290 291/291/291 291/291/291 
f 291/291/291 289/289/289 291/291/291 
f 291/291/291 289/289/289 289/289/289 
f 289/289/289 292/292/292 289/289/289 
f 289/289/289 292/292/292 291/291/291 
f 292/292/292 293/293/293 291/291/291 
f 291/291/291 293/293/293 293/293/293 
f 293/293/293 292/292/292 293/293/293 
f 293/293/293 292/292/292 292/292/292 
f 292/292/292 294/294/294 292/292/292 
f 292/292/292 294/294/294 293/293/293 
f 294/294/294 295/295/295 293/293/293 
f 293/293/293 295/295/295 295/295/295 
f 295/295/295 294/294/294 295/295/295 
f 295/295/295 294/294/294 294/294/294 
f 294/294/294 296/296/296 294/294/294 
f 294/294/294 296/296/296 295/295/295 
f 296/296/296 297/297/297 295/295/295 
f 295/295/295 297/297/297 297/297/297 
f 297/297/297 296/296/296 297/297/297 
f 297/297/297 296/296/296 298/298/298 
f 296/296/296 299/299/299 298/298/298 
f 298/298/298 299/299/299 299/299/299 
f 299/299/299 300/300/300 299/299/299 
f 299/299/299 300/300/300 300/300/300 
f 300/300/300 301/301/301 300/300/300 
f 300/300/300 301/301/301 302/302/302 
f 301/301/301 303/303/303 302/302/302 
f 302/302/302 303/303/303 303/303/303 
f 303/303/303 304/304/304 303/303/303 
f 303/303/303 304/304/304 304/304/304 
f 304/304/304 305/305/305 304/304/304 
f 304/304/304 305/305/305 306/306/306 
f 305/305/305 307/307/307 306/306/306 
f 306/306/306 307/307/307 307/307/307 
f 307/307/307 308/308/308 307/307/307 
f 307/307/307 308/308/308 308/308/308 
f 308/308/308 309/309/309 308/308/308 
f 308/308/308 309/309/309 310/310/310 
f 309/309/309 311/311/311 310/310/310 
f 310/310/310 311/311/311 311/311/311 
f 311/311/311 312/312/312 311/311/311 
f 311/311/311 312/312/312 312/312/312 
f 312/312/312 313/313/313 312/312/312 
f 312/312/312 313/313/313 314/314/314 
f 313/313/313 315/315/315 314/314/314 
f 314/314/314 315/315/315 315/315/315 
f 315/315/315 316/316/316 315/315/315 
f 315/315/315 316/316/316 316/316/316 
f 316/316/316 317/317/317 316/316/316 
f 316/316/316 317/317/317 318/318/318 
f 317/317/317 319/319/319 318/318/318 
f 318/318/318 319/319/319 319/319/319 
f 319/319/319 317/317/317 319/319/319 
f 319/319/319 317/317/317 317/317/317 
f 317/317/317 320/320/320 317/317/317 
f 317/317/317 320/320/320 319/319/319 
f 320/320/320 321/321/321 319/319/319 
f 319/319/319 321/321/321 321/321/321 
f 321/321/321 320/320/320 321/321/321 
f 321/321/321 320/320/320 322/322/322 
f 320/320/320 323/323/323 322/322/322 
f 322/322/322 323/323/323 323/323/323 
f 323/323/323 324/324/324 323/323/323 
f 323/323/323 324/324/324 324/324/324 
f 324/324/324 325/325/325 324/324/324 
f 324/324/324 325/325/325 326/326/326 
f 325/325/325 327/327/327 326/326/326 
f 326/326/326 327/327/327 327/327/327 
f 327/327/327 325/325/325 327/327/327 
f 327/327/327 325/325/325 325/325/325 
f 325/325/325 328/328/328 325/325/325 
f 325/325/325 328/328/328 327/327/327 
f 328/328/328 329/329/329 327/327/327 
f 327/327/327 329/329/329 329/329/329 
f 329/329/329 328/328/328 329/329/329 
f 329/329/329 328/328/328 328/328/328 
f 328/328/328 330/330/330 328/328/328 
f 328/328/328 330/330/330 329/329/329 
f 330/330/330 331/331/331 329/329/329 
f 329/329/329 331/331/331 331/331/331 
f 331/331/331 332/332/332 331/331/331 
f 331/331/331 332/332/332 332/332/332 
f 332/332/332 333/333/333 332/332/332 
f 332/332/332 333/333/333 334/334/334 
f 333/333/333 335/335/335 334/334/334 
f 334/334/334 335/335/335 336/336/336 
f 335/335/335 337/337/337 336/336/336 
f 336/336/336 337/337/337 337/337/337 
f 337/337/337 335/335/335 337/337/337 
f 337/337/337 335/335/335 335/335/335 
f 335/335/335 338/338/338 335/335/335 
f 335/335/335 338/338/338 337/337/337 
f 338/338/338 339/339/339 337/337/337 
f 337/337/337 339/339/339 339/339/339 
f 339/339/339 338/338/338 339/339/339 
f 339/339/339 338/338/338 340/340/340 
f 338/338/338 341/341/341 340/340/340 
f 340/340/340 341/341/341 341/341/341 
f 341/341/341 342/342/342 341/341/341 
f 341/341/341 342/342/342 342/342/342 
f 342/342/342 343/343/343 342/342/342 
f 342/342/342 343/343/343 344/344/344 
f 343/343/343 345/345/345 344/344/344 
f 344/344/344 345/345/345 346/346/346 
f 345/345/345 347/347/347 346/346/346 
f 346/346/346 347/347/347 347/347/347 
f 347/347/347 348/348/348 347/347/347 
f 347/347/347 348/348/348 348/348/348 
f 348/348/348 349/349/349 348/348/348 
f 348/348/348 349/349/349 350/350/350 
f 349/349/349 351/351/351 350/350/350 
f 350/350/350 351/351/351 351/351/351 
f 351/351/351 352/352/352 351/351/351 
f 351/351/351 352/352/352 352/352/352 
f 352/352/352 353/353/353 352/352/352 
f 352/352/352 353/353/353 354/354/354 
f 353/353/353 355/355/355 354/354/354 
f 354/354/354 355/355/355 355/355/355 
f 355/355/355 356/356/356 355/355/355 
f 355/355/355 356/356/356 356/356/356 
f 356/356/356 357/357/357 356/356/356 
f 356/356/356 357/357/357 358/358/358 
f 357/357/357 359/359/359 358/358/358 
f 358/358/358 359/359/359 359/359/359 
f 359/359/359 360/360/360 359/359/359 
f 359/359/359 360/360/360 360/360/360 
f 360/360/360 361/361/361 360/360/360 
f 360/360/360 361/361/361 362/362/362 
f 361/361/361 363/363/363 362/362/362 
f 362/362/362 363/363/363 363/363/363 
f 363/363/363 361/361/361 363/363/363 
f 363/363/363 361/361/361 361/361/361 
f 361/361/361 364/364/364 361/361/361 
f 361/361/361 364/364/364 363/363/363 
f 364/364/364 365/365/365 363/363/363 
f 363/363/363 365/365/365 365/365/365 
f 365/365/365 364/364/364 365/365/365 
f 365/365/365 364/364/364 364/364/364 
f 364/364/364 366/366/366 364/364/364 
f 364/364/364 366/366/366 365/365/365 
f 366/366/366 367/367/367 365/365/365 
f 365/365/365 367/367/367 367/367/367 
f 367/367/367 366/366/366 367/367/367 
f 367/367/367 366/366/366 368/368/368 
f 366/366/366 369/369/369 368/368/368 
f 368/368/368 369/369/369 370/370/370 
f 369/369/369 370/370/370 370/370/370 
f 370/370/370 370/370/370 371/371/371 
f 370/370/370 371/371/371 371/371/371 
f 371/371/371 371/371/371 371/371/371 
f 371/371/371 372/372/372 371/371/371 
f 371/371/371 372/372/372 373/373/373 
f 372/372/372 374/374/374 373/373/373 
f 373/373/373 374/374/374 375/375/375 
f 374/374/374 376/376/376 375/375/375 
f 375/375/375 376/376/376 377/377/377 
f 376/376/376 378/378/378 377/377/377 
f 377/377/377 378/378/378 379/379/379 
f 378/378/378 380/380/380 379/379/379 
f 379/379/379 380/380/380 381/381/381 
f 380/380/380 382/382/382 381/381/381 
f 381/381/381 382/382/382 382/382/382 
f 382/382/382 383/383/383 382/382/382 
f 382/382/382 383/383/383 383/383/383 
f 383/383/383 384/384/384 383/383/383 
f 383/383/383 384/384/384 385/385/385 
f 384/384/384 386/386/386 385/385/385 
f 385/385/385 386/386/386 387/387/387 
f 386/386/386 334/334/334 387/387/387 
f 387/387/387 334/334/334 336/336/336 
f 334/334/334 336/336/336 336/336/336 
f 336/336/336 336/336/336 386/386/386 
f 336/336/336 386/386/386 386/386/386 
f 386/386/386 386/386/386 386/386/386 
f 386/386/386 384/384/384 386/386/386 
f 386/386/386 384/384/384 388/388/388 
f 384/384/384 389/389/389 388/388/388 
f 388/388/388 389/389/389 389/389/389 
f 389/389/389 390/390/390 389/389/389 
f 389/389/389 390/390/390 390/390/390 
f 390/390/390 391/391/391 390/390/390 
f 390/390/390 391/391/391 392/392/392 
f 391/391/391 393/393/393 392/392/392 
f 392/392/392 393/393/393 393/393/393 
f 393/393/393 391/391/391 393/393/393 
f 393/393/393 391/391/391 391/391/391 
f 391/391/391 394/394/394 391/391/391 
f 391/391/391 394/394/394 393/393/393 
f 394/394/394 395/395/395 393/393/393 
f 393/393/393 395/395/395 395/395/395 
f 395/395/395 394/394/394 395/395/395 
f 395/395/395 394/394/394 394/394/394 
f 394/394/394 396/396/396 394/394/394 
f 394/394/394 396/396/396 395/395/395 
f 396/396/396 397/397/397 395/395/395 
f 395/395/395 397/397/397 397/397/397 
f 397/397/397 398/398/398 397/397/397 
f 397/397/397 398/398/398 398/398/398 
f 398/398/398 399/399/399 398/398/398 
f 398/398/398 399/399/399 400/400/400 
f 399/399/399 401/401/401 400/400/400 
f 400/400/400 401/401/401 402/402/402 
f 401/401/401 403/403/403 402/402/402 
f 402/402/402 403/403/403 403/403/403 
f 403/403/403 399/399/399 403/403/403 
f 403/403/403 399/399/399 399/399/399 
f 399/399/399 404/404/404 399/399/399 
f 399/399/399 404/404/404 401/401/401 
f 404/404/404 405/405/405 401/401/401 
f 401/401/401 405/405/405 403/403/403 
f 405/405/405 406/406/406 403/403/403 
f 403/403/403 406/406/406 406/406/406 
f 406/406/406 404/404/404 406/406/406 
f 406/406/406 404/404/404 404/404/404 
f 404/404/404 407/407/407 404/404/404 
f 404/404/404 407/407/407 405/405/405 
f 407/407/407 408/408/408 405/405/405 
f 405/405/405 408/408/408 406/406/406 
f 408/408/408 409/409/409 406/406/406 
f 406/406/406 409/409/409 409/409/409 
f 409/409/409 407/407/407 409/409/409 
f 409/409/409 407/407/407 407/407/407 
f 407/407/407 410/410/410 407/407/407 
f 407/407/407 410/410/410 408/408/408 
f 410/410/410 411/411/411 408/408/408 
f 408/408/408 411/411/411 409/409/409 
f 411/411/411 412/412/412 409/409/409 
f 409/409/409 412/412/412 412/412/412 
f 412/412/412 410/410/410 412/412/412 
f 412/412/412 410/410/410 410/410/410 
f 410/410/410 413/413/413 410/410/410 
f 410/410/410 413/413/413 411/411/411 
f 413/413/413 414/414/414 411/411/411 
f 411/411/411 414/414/414 412/412/412 
f 414/414/414 412/412/412 412/412/412 
f 412/412/412 412/412/412 415/415/415 
f 412/412/412 415/415/415 415/415/415 
f 415/415/415 415/415/415 415/415/415 
f 415/415/415 416/416/416 415/415/415 
f 415/415/415 416/416/416 417/417/417 
f 416/416/416 418/418/418 417/417/417 
f 417/417/417 418/418/418 418/418/418 
f 418/418/418 416/416/416 418/418/418 
f 418/418/418 416/416/416 419/419/419 
f 416/416/416 420/420/420 419/419/419 
f 419/419/419 420/420/420 421/421/421 
f 420/420/420 422/422/422 421/421/421 
f 421/421/421 422/422/422 422/422/422 
f 422/422/422 418/418/418 422/422/422 
f 422/422/422 418/418/418 418/418/418 
f 418/418/418 419/419/419 418/418/418 
f 418/418/418 419/419/419 423/423/423 
f 419/419/419 421/421/421 423/423/423 
f 423/423/423 421/421/421 424/424/424 
f 421/421/421 424/424/424 424/424/424 
f 424/424/424 424/424/424 425/425/425 
f 424/424/424 425/425/425 425/425/425 
f 425/425/425 425/425/425 425/425/425 
f 425/425/425 426/426/426 425/425/425 
f 425/425/425 426/426/426 427/427/427 
f 426/426/426 428/428/428 427/427/427 
f 427/427/427 428/428/428 428/428/428 
f 428/428/428 426/426/426 428/428/428 
f 428/428/428 426/426/426 426/426/426 
f 426/426/426 429/429/429 426/426/426 
f 426/426/426 429/429/429 428/428/428 
f 429/429/429 430/430/430 428/428/428 
f 428/428/428 430/430/430 430/430/430 
f 430/430/430 429/429/429 430/430/430 
f 430/430/430 429/429/429 429/429/429 
f 429/429/429 431/431/431 429/429/429 
f 429/429/429 431/431/431 430/430/430 
f 431/431/431 432/432/432 430/430/430 
f 430/430/430 432/432/432 432/432/432 
f 432/432/432 433/433/433 432/432/432 
f 432/432/432 433/433/433 433/433/433 
f 433/433/433 434/434/434 433/433/433 
f 433/433/433 434/434/434 435/435/435 
f 434/434/434 436/436/436 435/435/435 
f 435/435/435 436/436/436 436/436/436 
f 436/436/436 420/420/420 436/436/436 
f 436/436/436 420/420/420 420/420/420 
f 420/420/420 437/437/437 420/420/420 
f 420/420/420 437/437/437 422/422/422 
f 437/437/437 438/438/438 422/422/422 
f 422/422/422 438/438/438 439/439/439 
f 438/438/438 439/439/439 439/439/439 
f 439/439/439 439/439/439 440/440/440 
f 439/439/439 440/440/440 440/440/440 
f 440/440/440 440/440/440 440/440/440 
f 440/440/440 441/441/441 440/440/440 
f 440/440/440 441/441/441 442/442/442 
f 441/441/441 443/443/443 442/442/442 
f 442/442/442 443/443/443 443/443/443 
f 443/443/443 444/444/444 443/443/443 
f 443/443/443 444/444/444 444/444/444 
f 444/444/444 445/445/445 444/444/444 
f 444/444/444 445/445/445 446/446/446 
f 445/445/445 447/447/447 446/446/446 
f 446/446/446 447/447/447 447/447/447 
f 447/447/447 448/448/448 447/447/447 
f 447/447/447 448/448/448 448/448/448 
f 448/448/448 449/449/449 448/448/448 
f 448/448/448 449/449/449 450/450/450 
f 449/449/449 451/451/451 450/450/450 
f 450/450/450 451/451/451 451/451/451 
f 451/451/451 449/449/449 451/451/451 
f 451/451/451 449/449/449 449/449/449 
f 449/449/449 452/452/452 449/449/449 
f 449/449/449 452/452/452 451/451/451 
f 452/452/452 453/453/453 451/451/451 
f 451/451/451 453/453/453 453/453/453 
f 453/453/453 452/452/452 453/453/453 
f 453/453/453 452/452/452 452/452/452 
f 452/452/452 454/454/454 452/452/452 
f 452/452/452 454/454/454 453/453/453 
f 454/454/454 455/455/455 453/453/453 
f 453/453/453 455/455/455 455/455/455 
f 455/455/455 456/456/456 455/455/455 
f 455/455/455 456/456/456 456/456/456 
f 456/456/456 457/457/457 456/456/456 
f 456/456/456 457/457/457 458/458/458 
f 457/457/457 459/459/459 458/458/458 
f 458/458/458 459/459/459 459/459/459 
f 459/459/459 457/457/457 459/459/459 
f 459/459/459 457/457/457 457/457/457 
f 457/457/457 460/460/460 457/457/457 
f 457/457/457 460/460/460 459/459/459 
f 460/460/460 461/461/461 459/459/459 
f 459/459/459 461/461/461 461/461/461 
f 461/461/461 460/460/460 461/461/461 
f 461/461/461 460/460/460 460/460/460 
f 460/460/460 462/462/462 460/460/460 
f 460/460/460 462/462/462 461/461/461 
f 462/462/462 463/463/463 461/461/461 
f 461/461/461 463/463/463 463/463/463 
f 463/463/463 464/464/464 463/463/463 
f 463/463/463 464/464/464 464/464/464 
f 464/464/464 465/465/465 464/464/464 
f 464/464/464 465/465/465 466/466/466 
f 465/465/465 467/467/467 466/466/466 
f 466/466/466 467/467/467 468/468/468 
f 467/467/467 469/469/469 468/468/468 
f 468/468/468 469/469/469 470/470/470 
f 469/469/469 471/471/471 470/470/470 
f 470/470/470 471/471/471 472/472/472 
f 471/471/471 473/473/473 472/472/472 
f 472/472/472 473/473/473 474/474/474 
f 473/473/473 475/475/475 474/474/474 
f 474/474/474 475/475/475 475/475/475 
f 475/475/475 465/465/465 475/475/475 
f 475/475/475 465/465/465 465/465/465 
f 465/465/465 476/476/476 465/465/465 
f 465/465/465 476/476/476 467/467/467 
f 476/476/476 477/477/477 467/467/467 
f 467/467/467 477/477/477 469/469/469 
f 477/477/477 478/478/478 469/469/469 
f 469/469/469 478/478/478 471/471/471 
f 478/478/478 479/479/479 471/471/471 
f 471/471/471 479/479/479 473/473/473 
f 479/479/479 480/480/480 473/473/473 
f 473/473/473 480/480/480 475/475/475 
f 480/480/480 475/475/475 475/475/475 
f 475/475/475 475/475/475 476/476/476 
f 475/475/475 476/476/476 476/476/476 
f 476/476/476 476/476/476 476/476/476 
f 476/476/476 481/481/481 476/476/476 
f 476/476/476 481/481/481 477/477/477 
f 481/481/481 482/482/482 477/477/477 
f 477/477/477 482/482/482 478/478/478 
f 482/482/482 483/483/483 478/478/478 
f 478/478/478 483/483/483 479/479/479 
f 483/483/483 484/484/484 479/479/479 
f 479/479/479 484/484/484 480/480/480 
f 484/484/484 480/480/480 480/480/480 
f 480/480/480 480/480/480 481/481/481 
f 480/480/480 481/481/481 481/481/481 
f 481/481/481 481/481/481 481/481/481 
f 481/481/481 476/476/476 481/481/481 
f 481/481/481 476/476/476 485/485/485 
f 476/476/476 486/486/486 485/485/485 
f 485/485/485 486/486/486 487/487/487 
f 486/486/486 487/487/487 487/487/487 
f 487/487/487 487/487/487 488/488/488 
f 487/487/487 488/488/488 488/488/488 
f 488/488/488 488/488/488 488/488/488 
f 488/488/488 489/489/489 488/488/488 
f 488/488/488 489/489/489 490/490/490 
f 489/489/489 491/491/491 490/490/490 
f 490/490/490 491/491/491 491/491/491 
f 491/491/491 492/492/492 491/491/491 
f 491/491/491 492/492/492 492/492/492 
f 492/492/492 493/493/493 492/492/492 
f 492/492/492 493/493/493 494/494/494 
f 493/493/493 495/495/495 494/494/494 
f 494/494/494 495/495/495 496/496/496 
f 495/495/495 497/497/497 496/496/496 
f 496/496/496 497/497/497 498/498/498 
f 497/497/497 498/498/498 498/498/498 
f 498/498/498 498/498/498 498/498/498 
f 498/498/498 499/499/499 498/498/498 
f 498/498/498 499/499/499 496/496/496 
f 499/499/499 500/500/500 496/496/496 
f 496/496/496 500/500/500 494/494/494 
f 500/500/500 494/494/494 494/494/494 
f 494/494/494 494/494/494 501/501/501 
f 494/494/494 501/501/501 501/501/501 
f 501/501/501 501/501/501 501/501/501 
f 501/501/501 502/502/502 501/501/501 
f 501/501/501 502/502/502 503/503/503 
f 502/502/502 504/504/504 503/503/503 
f 503/503/503 504/504/504 504/504/504 
f 504/504/504 502/502/502 504/504/504 
f 504/504/504 502/502/502 502/502/502 
f 502/502/502 505/505/505 502/502/502 
f 502/502/502 505/505/505 504/504/504 
f 505/505/505 506/506/506 504/504/504 
f 504/504/504 506/506/506 506/506/506 
f 506/506/506 505/505/505 506/506/506 
f 506/506/506 505/505/505 505/505/505 
f 505/505/505 507/507/507 505/505/505 
f 505/505/505 507/507/507 506/506/506 
f 507/507/507 508/508/508 506/506/506 
f 506/506/506 508/508/508 508/508/508 
f 508/508/508 509/509/509 508/508/508 
f 508/508/508 509/509/509 509/509/509 
f 509/509/509 510/510/510 509/509/509 
f 509/509/509 510/510/510 511/511/511 
f 510/510/510 512/512/512 511/511/511 
f 511/511/511 512/512/512 513/513/513 
f 512/512/512 514/514/514 513/513/513 
f 513/513/513 514/514/514 514/514/514 
f 514/514/514 510/510/510 514/514/514 
f 514/514/514 510/510/510 510/510/510 
f 510/510/510 515/515/515 510/510/510 
f 510/510/510 515/515/515 512/512/512 
f 515/515/515 516/516/516 512/512/512 
f 512/512/512 516/516/516 514/514/514 
f 516/516/516 517/517/517 514/514/514 
f 514/514/514 517/517/517 517/517/517 
f 517/517/517 515/515/515 517/517/517 
f 517/517/517 515/515/515 515/515/515 
f 515/515/515 518/518/518 515/515/515 
f 515/515/515 518/518/518 516/516/516 
f 518/518/518 519/519/519 516/516/516 
f 516/516/516 519/519/519 517/517/517 
f 519/519/519 517/517/517 517/517/517 
f 517/517/517 517/517/517 493/493/493 
f 517/517/517 493/493/493 493/493/493 
f 493/493/493 493/493/493 493/493/493 
f 493/493/493 520/520/520 493/493/493 
f 493/493/493 520/520/520 495/495/495 
f 520/520/520 521/521/521 495/495/495 
f 495/495/495 521/521/521 497/497/497 
f 521/521/521 497/497/497 497/497/497 
f 497/497/497 497/497/497 522/522/522 
f 497/497/497 522/522/522 522/522/522 
f 522/522/522 522/522/522 522/522/522 
f 522/522/522 523/523/523 522/522/522 
f 522/522/522 523/523/523 524/524/524 
f 523/523/523 525/525/525 524/524/524 
f 524/524/524 525/525/525 526/526/526 
f 525/525/525 526/526/526 526/526/526 
f 526/526/526 526/526/526 524/524/524 
f 526/526/526 524/524/524 524/524/524 
f 524/524/524 524/524/524 524/524/524 
f 524/524/524 526/526/526 524/524/524 
f 524/524/524 526/526/526 527/527/527 
f 526/526/526 528/528/528 527/527/527 
f 527/527/527 528/528/528 529/529/529 
f 528/528/528 529/529/529 529/529/529 
f 529/529/529 529/529/529 530/530/530 
f 529/529/529 530/530/530 530/530/530 
f 530/530/530 530/530/530 530/530/530 
f 530/530/530 531/531/531 530/530/530 
f 530/530/530 531/531/531 532/532/532 
f 531/531/531 533/533/533 532/532/532 
f 532/532/532 533/533/533 533/533/533 
f 533/533/533 531/531/531 533/533/533 
f 533/533/533 531/531/531 531/531/531 
f 531/531/531 534/534/534 531/531/531 
f 531/531/531 534/534/534 533/533/533 
f 534/534/534 535/535/535 533/533/533 
f 533/533/533 535/535/535 535/535/535 
f 535/535/535 534/534/534 535/535/535 
f 535/535/535 534/534/534 536/536/536 
f 534/534/534 537/537/537 536/536/536 
f 536/536/536 537/537/537 537/537/537 
f 537/537/537 538/538/538 537/537/537 
f 537/537/537 538/538/538 538/538/538 
f 538/538/538 539/539/539 538/538/538 
f 538/538/538 539/539/539 540/540/540 
f 539/539/539 541/541/541 540/540/540 
f 540/540/540 541/541/541 541/541/541 
f 541/541/541 539/539/539 541/541/541 
f 541/541/541 539/539/539 539/539/539 
f 539/539/539 542/542/542 539/539/539 
f 539/539/539 542/542/542 541/541/541 
f 542/542/542 543/543/543 541/541/541 
f 541/541/541 543/543/543 543/543/543 
f 543/543/543 542/542/542 543/543/543 
f 543/543/543 542/542/542 542/542/542 
f 542/542/542 544/544/544 542/542/542 
f 542/542/542 544/544/544 543/543/543 
f 544/544/544 545/545/545 543/543/543 
f 543/543/543 545/545/545 545/545/545 
f 545/545/545 546/546/546 545/545/545 
f 545/545/545 546/546/546 546/546/546 
f 546/546/546 547/547/547 546/546/546 
f 546/546/546 547/547/547 548/548/548 
f 547/547/547 549/549/549 548/548/548 
f 548/548/548 549/549/549 549/549/549 
f 549/549/549 547/547/547 549/549/549 
f 549/549/549 547/547/547 550/550/550 
f 547/547/547 551/551/551 550/550/550 
f 550/550/550 551/551/551 552/552/552 
f 551/551/551 553/553/553 552/552/552 
f 552/552/552 553/553/553 553/553/553 
f 553/553/553 554/554/554 553/553/553 
f 553/553/553 554/554/554 554/554/554 
f 554/554/554 555/555/555 554/554/554 
f 554/554/554 555/555/555 556/556/556 
f 555/555/555 557/557/557 556/556/556 
f 556/556/556 557/557/557 558/558/558 
f 557/557/557 559/559/559 558/558/558 
f 558/558/558 559/559/559 560/560/560 
f 559/559/559 561/561/561 560/560/560 
f 560/560/560 561/561/561 562/562/562 
f 561/561/561 563/563/563 562/562/562 
f 562/562/562 563/563/563 564/564/564 
f 563/563/563 565/565/565 564/564/564 
f 564/564/564 565/565/565 565/565/565 
f 565/565/565 555/555/555 565/565/565 
f 565/565/565 555/555/555 555/555/555 
f 555/555/555 566/566/566 555/555/555 
f 555/555/555 566/566/566 557/557/557 
f 566/566/566 567/567/567 557/557/557 
f 557/557/557 567/567/567 559/559/559 
f 567/567/567 568/568/568 559/559/559 
f 559/559/559 568/568/568 561/561/561 
f 568/568/568 569/569/569 561/561/561 
f 561/561/561 569/569/569 563/563/563 
f 569/569/569 570/570/570 563/563/563 
f 563/563/563 570/570/570 565/565/565 
f 570/570/570 571/571/571 565/565/565 
f 565/565/565 571/571/571 571/571/571 
f 571/571/571 566/566/566 571/571/571 
f 571/571/571 566/566/566 566/566/566 
f 566/566/566 572/572/572 566/566/566 
f 566/566/566 572/572/572 567/567/567 
f 572/572/572 573/573/573 567/567/567 
f 567/567/567 573/573/573 568/568/568 
f 573/573/573 574/574/574 568/568/568 
f 568/568/568 574/574/574 569/569/569 
f 574/574/574 575/575/575 569/569/569 
f 569/569/569 575/575/575 570/570/570 
f 575/575/575 576/576/576 570/570/570 
f 570/570/570 576/576/576 571/571/571 
f 576/576/576 571/571/571 571/571/571 
f 571/571/571 571/571/571 577/577/577 
f 571/571/571 577/577/577 577/577/577 
f 577/577/577 577/577/577 577/577/577 
f 577/577/577 578/578/578 577/577/577 
f 577/577/577 578/578/578 579/579/579 
f 578/578/578 580/580/580 579/579/579 
f 579/579/579 580/580/580 580/580/580 
f 580/580/580 581/581/581 580/580/580 
f 580/580/580 581/581/581 581/581/581 
f 581/581/581 582/582/582 581/581/581 
f 581/581/581 582/582/582 583/583/583 
f 582/582/582 584/584/584 583/583/583 
f 583/583/583 584/584/584 584/584/584 
f 584/584/584 585/585/585 584/584/584 
f 584/584/584 585/585/585 585/585/585 
f 585/585/585 586/586/586 585/585/585 
f 585/585/585 586/586/586 587/587/587 
f 586/586/586 588/588/588 587/587/587 
f 587/587/587 588/588/588 588/588/588 
f 588/588/588 589/589/589 588/588/588 
f 588/588/588 589/589/589 589/589/589 
f 589/589/589 590/590/590 589/589/589 
f 589/589/589 590/590/590 591/591/591 
f 590/590/590 592/592/592 591/591/591 
f 591/591/591 592/592/592 593/593/593 
f 592/592/592 594/594/594 593/593/593 
f 593/593/593 594/594/594 595/595/595 
f 594/594/594 595/595/595 595/595/595 
f 595/595/595 595/595/595 596/596/596 
f 595/595/595 596/596/596 596/596/596 
f 596/596/596 596/596/596 596/596/596 
f 596/596/596 597/597/597 596/596/596 
f 596/596/596 597/597/597 598/598/598 
f 597/597/597 599/599/599 598/598/598 
f 598/598/598 599/599/599 599/599/599 
f 599/599/599 600/600/600 599/599/599 
f 599/599/599 600/600/600 600/600/600 
f 600/600/600 601/601/601 600/600/600 
f 600/600/600 601/601/601 602/602/602 
f 601/601/601 603/603/603 602/602/602 
f 602/602/602 603/603/603 603/603/603 
f 603/603/603 604/604/604 603/603/603 
f 603/603/603 604/604/604 604/604/604 
f 604/604/604 605/605/605 604/604/604 
f 604/604/604 605/605/605 606/606/606 
f 605/605/605 607/607/607 606/606/606 
f 606/606/606 607/607/607 607/607/607 
f 607/607/607 605/605/605 607/607/607 
f 607/607/607 605/605/605 605/605/605 
f 605/605/605 608/608/608 605/605/605 
f 605/605/605 608/608/608 607/607/607 
f 608/608/608 609/609/609 607/607/607 
f 607/607/607 609/609/609 609/609/609 
f 609/609/609 608/608/608 609/609/609 
f 609/609/609 608/608/608 608/608/608 
f 608/608/608 610/610/610 608/608/608 
f 608/608/608 610/610/610 609/609/609 
f 610/610/610 611/611/611 609/609/609 
f 609/609/609 611/611/611 611/611/611 
f 611/611/611 612/612/612 611/611/611 
f 611/611/611 612/612/612 612/612/612 
f 612/612/612 613/613/613 612/612/612 
f 612/612/612 613/613/613 614/614/614 
f 613/613/613 615/615/615 614/614/614 
f 614/614/614 615/615/615 615/615/615 
f 615/615/615 616/616/616 615/615/615 
f 615/615/615 616/616/616 616/616/616 
f 616/616/616 617/617/617 616/616/616 
f 616/616/616 617/617/617 618/618/618 
f 617/617/617 157/157/157 618/618/618 
f 618/618/618 157/157/157 619/619/619 
f 157/157/157 159/159/159 619/619/619 
f 619/619/619 159/159/159 620/620/620 
f 159/159/159 161/161/161 620/620/620 
f 620/620/620 161/161/161 161/161/161 
f 161/161/161 621/621/621 161/161/161 
f 161/161/161 621/621/621 621/621/621 
f 621/621/621 622/622/622 621/621/621 
f 621/621/621 622/622/622 623/623/623 
f 622/622/622 624/624/624 623/623/623 
f 623/623/623 624/624/624 624/624/624 
f 624/624/624 625/625/625 624/624/624 
f 624/624/624 625/625/625 625/625/625 
f 625/625/625 626/626/626 625/625/625 
f 625/625/625 626/626/626 627/627/627 
f 626/626/626 628/628/628 627/627/627 
f 627/627/627 628/628/628 629/629/629 
f 628/628/628 630/630/630 629/629/629 
f 629/629/629 630/630/630 630/630/630 
f 630/630/630 626/626/626 630/630/630 
f 630/630/630 626/626/626 626/626/626 
f 626/626/626 631/631/631 626/626/626 
f 626/626/626 631/631/631 628/628/628 
f 631/631/631 632/632/632 628/628/628 
f 628/628/628 632/632/632 630/630/630 
f 632/632/632 633/633/633 630/630/630 
f 630/630/630 633/633/633 633/633/633 
f 633/633/633 631/631/631 633/633/633 
f 633/633/633 631/631/631 631/631/631 
f 631/631/631 634/634/634 631/631/631 
f 631/631/631 634/634/634 632/632/632 
f 634/634/634 635/635/635 632/632/632 
f 632/632/632 635/635/635 633/633/633 
f 635/635/635 633/633/633 633/633/633 
f 633/633/633 633/633/633 631/631/631 
f 633/633/633 631/631/631 631/631/631 
f 631/631/631 631/631/631 631/631/631 
f 631/631/631 636/636/636 631/631/631 
f 631/631/631 636/636/636 634/634/634 
f 636/636/636 637/637/637 634/634/634 
f 634/634/634 637/637/637 638/638/638 
f 637/637/637 638/638/638 638/638/638 
f 638/638/638 638/638/638 639/639/639 
f 638/638/638 639/639/639 639/639/639 
f 639/639/639 639/639/639 639/639/639 
f 639/639/639 640/640/640 639/639/639 
f 639/639/639 640/640/640 641/641/641 
f 640/640/640 642/642/642 641/641/641 
f 641/641/641 642/642/642 642/642/642 
f 642/642/642 643/643/643 642/642/642 
f 642/642/642 643/643/643 643/643/643 
f 643/643/643 644/644/644 643/643/643 
f 643/643/643 644/644/644 645/645/645 
f 644/644/644 646/646/646 645/645/645 
f 645/645/645 646/646/646 646/646/646 
f 646/646/646 644/644/644 646/646/646 
f 646/646/646 644/644/644 644/644/644 
f 644/644/644 647/647/647 644/644/644 
f 644/644/644 647/647/647 646/646/646 
f 647/647/647 648/648/648 646/646/646 
f 646/646/646 648/648/648 648/648/648 
f 648/648/648 647/647/647 648/648/648 
f 648/648/648 647/647/647 647/647/647 
f 647/647/647 649/649/649 647/647/647 
f 647/647/647 649/649/649 648/648/648 
f 649/649/649 650/650/650 648/648/648 
f 648/648/648 650/650/650 650/650/650 
f 650/650/650 651/651/651 650/650/650 
f 650/650/650 651/651/651 651/651/651 
f 651/651/651 652/652/652 651/651/651 
f 651/651/651 652/652/652 653/653/653 
f 652/652/652 654/654/654 653/653/653 
f 653/653/653 654/654/654 655/655/655 
f 654/654/654 656/656/656 655/655/655 
f 655/655/655 656/656/656 656/656/656 
f 656/656/656 657/657/657 656/656/656 
f 656/656/656 657/657/657 657/657/657 
f 657/657/657 658/658/658 657/657/657 
f 657/657/657 658/658/658 659/659/659 
f 658/658/658 660/660/660 659/659/659 
f 659/659/659 660/660/660 660/660/660 
f 660/660/660 661/661/661 660/660/660 
f 660/660/660 661/661/661 661/661/661 
f 661/661/661 662/662/662 661/661/661 
f 661/661/661 662/662/662 663/663/663 
f 662/662/662 664/664/664 663/663/663 
f 663/663/663 664/664/664 664/664/664 
f 664/664/664 662/662/662 664/664/664 
f 664/664/664 662/662/662 662/662/662 
f 662/662/662 665/665/665 662/662/662 
f 662/662/662 665/665/665 664/664/664 
f 665/665/665 666/666/666 664/664/664 
f 664/664/664 666/666/666 666/666/666 
f 666/666/666 665/665/665 666/666/666 
f 666/666/666 665/665/665 665/665/665 
f 665/665/665 667/667/667 665/665/665 
f 665/665/665 667/667/667 666/666/666 
f 667/667/667 668/668/668 666/666/666 
f 666/666/666 668/668/668 668/668/668 
f 668/668/668 669/669/669 668/668/668 
f 668/668/668 669/669/669 669/669/669 
f 669/669/669 670/670/670 669/669/669 
f 669/669/669 670/670/670 671/671/671 
f 670/670/670 672/672/672 671/671/671 
f 671/671/671 672/672/672 672/672/672 
f 672/672/672 670/670/670 672/672/672 
f 672/672/672 670/670/670 670/670/670 
f 670/670/670 673/673/673 670/670/670 
f 670/670/670 673/673/673 672/672/672 
f 673/673/673 674/674/674 672/672/672 
f 672/672/672 674/674/674 674/674/674 
f 674/674/674 673/673/673 674/674/674 
f 674/674/674 673/673/673 675/675/675 
f 673/673/673 676/676/676 675/675/675 
f 675/675/675 676/676/676 676/676/676 
f 676/676/676 677/677/677 676/676/676 
f 676/676/676 677/677/677 677/677/677 
f 677/677/677 678/678/678 677/677/677 
f 677/677/677 678/678/678 679/679/679 
f 678/678/678 680/680/680 679/679/679 
f 679/679/679 680/680/680 680/680/680 
f 680/680/680 678/678/678 680/680/680 
f 680/680/680 678/678/678 269/269/269 
f 678/678/678 271/271/271 269/269/269 
f 269/269/269 271/271/271 271/271/271 
f 271/271/271 681/681/681 271/271/271 
f 271/271/271 681/681/681 681/681/681 
f 681/681/681 682/682/682 681/681/681 
f 681/681/681 682/682/682 683/683/683 
f 682/682/682 684/684/684 683/683/683 
f 683/683/683 684/684/684 684/684/684 
f 684/684/684 685/685/685 684/684/684 
f 684/684/684 685/685/685 685/685/685 
f 685/685/685 686/686/686 685/685/685 
f 685/685/685 686/686/686 687/687/687 
f 686/686/686 688/688/688 687/687/687 
f 687/687/687 688/688/688 689/689/689 
f 688/688/688 690/690/690 689/689/689 
f 689/689/689 690/690/690 691/691/691 
f 690/690/690 692/692/692 691/691/691 
f 691/691/691 692/692/692 692/692/692 
f 692/692/692 693/693/693 692/692/692 
f 692/692/692 693/693/693 693/693/693 
f 693/693/693 694/694/694 693/693/693 
f 693/693/693 694/694/694 695/695/695 
f 694/694/694 696/696/696 695/695/695 
f 695/695/695 696/696/696 696/696/696 
f 696/696/696 697/697/697 696/696/696 
f 696/696/696 697/697/697 697/697/697 
f 697/697/697 698/698/698 697/697/697 
f 697/697/697 698/698/698 699/699/699 
f 698/698/698 700/700/700 699/699/699 
f 699/699/699 700/700/700 700/700/700 
f 700/700/700 701/701/701 700/700/700 
f 700/700/700 701/701/701 701/701/701 
f 701/701/701 702/702/702 701/701/701 
f 701/701/701 702/702/702 703/703/703 
f 702/702/702 704/704/704 703/703/703 
f 703/703/703 704/704/704 704/704/704 
f 704/704/704 705/705/705 704/704/704 
f 704/704/704 705/705/705 705/705/705 
f 705/705/705 706/706/706 705/705/705 
f 705/705/705 706/706/706 707/707/707 
f 706/706/706 708/708/708 707/707/707 
f 707/707/707 708/708/708 709/709/709 
f 708/708/708 710/710/710 709/709/709 
f 709/709/709 710/710/710 711/711/711 
f 710/710/710 712/712/712 711/711/711 
f 711/711/711 712/712/712 713/713/713 
f 712/712/712 713/713/713 713/713/713 
f 713/713/713 713/713/713 711/711/711 
f 713/713/713 711/711/711 711/711/711 
f 711/711/711 711/711/711 711/711/711 
f 711/711/711 713/713/713 711/711/711 
f 711/711/711 713/713/713 714/714/714 
f 713/713/713 715/715/715 714/714/714 
f 714/714/714 715/715/715 715/715/715 
f 715/715/715 716/716/716 715/715/715 
f 715/715/715 716/716/716 716/716/716 
f 716/716/716 717/717/717 716/716/716 
f 716/716/716 717/717/717 718/718/718 
f 717/717/717 719/719/719 718/718/718 
f 718/718/718 719/719/719 719/719/719 
f 719/719/719 720/720/720 719/719/719 
f 719/719/719 720/720/720 720/720/720 
f 720/720/720 721/721/721 720/720/720 
f 720/720/720 721/721/721 722/722/722 
f 721/721/721 723/723/723 722/722/722 
f 722/722/722 723/723/723 723/723/723 
f 723/723/723 724/724/724 723/723/723 
f 723/723/723 724/724/724 724/724/724 
f 724/724/724 725/725/725 724/724/724 
f 724/724/724 725/725/725 726/726/726 
f 725/725/725 727/727/727 726/726/726 
f 726/726/726 727/727/727 727/727/727 
f 727/727/727 728/728/728 727/727/727 
f 727/727/727 728/728/728 728/728/728 
f 728/728/728 729/729/729 728/728/728 
f 728/728/728 729/729/729 730/730/730 
f 729/729/729 731/731/731 730/730/730 
f 730/730/730 731/731/731 731/731/731 
f 731/731/731 732/732/732 731/731/731 
f 731/731/731 732/732/732 732/732/732 
f 732/732/732 733/733/733 732/732/732 
f 732/732/732 733/733/733 734/734/734 
f 733/733/733 735/735/735 734/734/734 
f 734/734/734 735/735/735 735/735/735 
f 735/735/735 736/736/736 735/735/735 
f 735/735/735 736/736/736 736/736/736 
f 736/736/736 737/737/737 736/736/736 
f 736/736/736 737/737/737 738/738/738 
f 737/737/737 739/739/739 738/738/738 
f 738/738/738 739/739/739 739/739/739 
f 739/739/739 740/740/740 739/739/739 
f 739/739/739 740/740/740 740/740/740 
f 740/740/740 741/741/741 740/740/740 
f 740/740/740 741/741/741 742/742/742 
f 741/741/741 743/743/743 742/742/742 
f 742/742/742 743/743/743 743/743/743 
f 743/743/743 744/744/744 743/743/743 
f 743/743/743 744/744/744 744/744/744 
f 744/744/744 745/745/745 744/744/744 
f 744/744/744 745/745/745 746/746/746 
f 745/745/745 747/747/747 746/746/746 
f 746/746/746 747/747/747 747/747/747 
f 747/747/747 748/748/748 747/747/747 
f 747/747/747 748/748/748 748/748/748 
f 748/748/748 749/749/749 748/748/748 
f 748/748/748 749/749/749 750/750/750 
f 749/749/749 751/751/751 750/750/750 
f 750/750/750 751/751/751 751/751/751 
f 751/751/751 752/752/752 751/751/751 
f 751/751/751 752/752/752 752/752/752 
f 752/752/752 753/753/753 752/752/752 
f 752/752/752 753/753/753 754/754/754 
f 753/753/753 755/755/755 754/754/754 
f 754/754/754 755/755/755 755/755/755 
f 755/755/755 753/753/753 755/755/755 
f 755/755/755 753/753/753 753/753/753 
f 753/753/753 756/756/756 753/753/753 
f 753/753/753 756/756/756 755/755/755 
f 756/756/756 757/757/757 755/755/755 
f 755/755/755 757/757/757 757/757/757 
f 757/757/757 758/758/758 757/757/757 
f 757/757/757 758/758/758 758/758/758 
f 758/758/758 759/759/759 758/758/758 
f 758/758/758 759/759/759 760/760/760 
f 759/759/759 761/761/761 760/760/760 
f 760/760/760 761/761/761 761/761/761 
f 761/761/761 762/762/762 761/761/761 
f 761/761/761 762/762/762 762/762/762 
f 762/762/762 763/763/763 762/762/762 
f 762/762/762 763/763/763 764/764/764 
f 763/763/763 765/765/765 764/764/764 
f 764/764/764 765/765/765 765/765/765 
f 765/765/765 766/766/766 765/765/765 
f 765/765/765 766/766/766 766/766/766 
f 766/766/766 767/767/767 766/766/766 
f 766/766/766 767/767/767 768/768/768 
f 767/767/767 769/769/769 768/768/768 
f 768/768/768 769/769/769 770/770/770 
f 769/769/769 771/771/771 770/770/770 
f 770/770/770 771/771/771 772/772/772 
f 771/771/771 773/773/773 772/772/772 
f 772/772/772 773/773/773 773/773/773 
f 773/773/773 774/774/774 773/773/773 
f 773/773/773 774/774/774 774/774/774 
f 774/774/774 775/775/775 774/774/774 
f 774/774/774 775/775/775 776/776/776 
f 775/775/775 777/777/777 776/776/776 
f 776/776/776 777/777/777 777/777/777 
f 777/777/777 778/778/778 777/777/777 
f 777/777/777 778/778/778 778/778/778 
f 778/778/778 779/779/779 778/778/778 
f 778/778/778 779/779/779 780/780/780 
f 779/779/779 629/629/629 780/780/780 
f 780/780/780 629/629/629 629/629/629 
f 629/629/629 781/781/781 629/629/629 
f 629/629/629 781/781/781 781/781/781 
f 781/781/781 782/782/782 781/781/781 
f 781/781/781 782/782/782 783/783/783 
f 782/782/782 784/784/784 783/783/783 
f 783/783/783 784/784/784 785/785/785 
f 784/784/784 786/786/786 785/785/785 
f 785/785/785 786/786/786 787/787/787 
f 786/786/786 788/788/788 787/787/787 
f 787/787/787 788/788/788 788/788/788 
f 788/788/788 782/782/782 788/788/788 
f 788/788/788 782/782/782 782/782/782 
f 782/782/782 789/789/789 782/782/782 
f 782/782/782 789/789/789 784/784/784 
f 789/789/789 790/790/790 784/784/784 
f 784/784/784 790/790/790 786/786/786 
f 790/790/790 791/791/791 786/786/786 
f 786/786/786 791/791/791 788/788/788 
f 791/791/791 792/792/792 788/788/788 
f 788/788/788 792/792/792 793/793/793 
f 792/792/792 793/793/793 793/793/793 
f 793/793/793 793/793/793 789/789/789 
f 793/793/793 789/789/789 789/789/789 
f 789/789/789 789/789/789 789/789/789 
f 789/789/789 62/62/62 789/789/789 
f 789/789/789 62/62/62 790/790/790 
f 62/62/62 60/60/60 790/790/790 
f 790/790/790 60/60/60 791/791/791 
f 60/60/60 56/56/56 791/791/791 
f 791/791/791 56/56/56 56/56/56 
f 56/56/56 62/62/62 56/56/56 
f 56/56/56 62/62/62 62/62/62 
f 62/62/62 789/789/789 62/62/62 
f 62/62/62 789/789/789 64/64/64 
f 789/789/789 794/794/794 64/64/64 
f 64/64/64 794/794/794 794/794/794 
f 794/794/794 795/795/795 794/794/794 
f 794/794/794 795/795/795 795/795/795 
f 795/795/795 796/796/796 795/795/795 
f 795/795/795 796/796/796 797/797/797 
f 796/796/796 798/798/798 797/797/797 
f 797/797/797 798/798/798 799/799/799 
f 798/798/798 800/800/800 799/799/799 
f 799/799/799 800/800/800 800/800/800 
f 800/800/800 801/801/801 800/800/800 
f 800/800/800 801/801/801 801/801/801 
f 801/801/801 802/802/802 801/801/801 
f 801/801/801 802/802/802 803/803/803 
f 802/802/802 804/804/804 803/803/803 
f 803/803/803 804/804/804 804/804/804 
f 804/804/804 802/802/802 804/804/804 
f 804/804/804 802/802/802 802/802/802 
f 802/802/802 805/805/805 802/802/802 
f 802/802/802 805/805/805 804/804/804 
f 805/805/805 806/806/806 804/804/804 
f 804/804/804 806/806/806 806/806/806 
f 806/806/806 805/805/805 806/806/806 
f 806/806/806 805/805/805 805/805/805 
f 805/805/805 807/807/807 805/805/805 
f 805/805/805 807/807/807 806/806/806 
f 807/807/807 808/808/808 806/806/806 
f 806/806/806 808/808/808 808/808/808 
f 808/808/808 807/807/807 808/808/808 
f 808/808/808 807/807/807 807/807/807 
f 807/807/807 809/809/809 807/807/807 
f 807/807/807 809/809/809 808/808/808 
f 809/809/809 810/810/810 808/808/808 
f 808/808/808 810/810/810 810/810/810 
f 810/810/810 809/809/809 810/810/810 
f 810/810/810 809/809/809 809/809/809 
f 809/809/809 811/811/811 809/809/809 
f 809/809/809 811/811/811 810/810/810 
f 811/811/811 812/812/812 810/810/810 
f 810/810/810 812/812/812 812/812/812 
f 812/812/812 813/813/813 812/812/812 
f 812/812/812 813/813/813 813/813/813 
f 813/813/813 814/814/814 813/813/813 
f 813/813/813 814/814/814 815/815/815 
f 814/814/814 816/816/816 815/815/815 
f 815/815/815 816/816/816 817/817/817 
f 816/816/816 818/818/818 817/817/817 
f 817/817/817 818/818/818 819/819/819 
f 818/818/818 820/820/820 819/819/819 
f 819/819/819 820/820/820 821/821/821 
f 820/820/820 822/822/822 821/821/821 
f 821/821/821 822/822/822 822/822/822 
f 822/822/822 821/821/821 822/822/822 
f 822/822/822 821/821/821 821/821/821 
f 821/821/821 823/823/823 821/821/821 
f 821/821/821 823/823/823 819/819/819 
f 823/823/823 824/824/824 819/819/819 
f 819/819/819 824/824/824 817/817/817 
f 824/824/824 825/825/825 817/817/817 
f 817/817/817 825/825/825 815/815/815 
f 825/825/825 815/815/815 815/815/815 
f 815/815/815 815/815/815 822/822/822 
f 815/815/815 822/822/822 822/822/822 
f 822/822/822 822/822/822 822/822/822 
f 822/822/822 820/820/820 822/822/822 
f 822/822/822 820/820/820 826/826/826 
f 820/820/820 827/827/827 826/826/826 
f 826/826/826 827/827/827 828/828/828 
f 827/827/827 829/829/829 828/828/828 
f 828/828/828 829/829/829 830/830/830 
f 829/829/829 831/831/831 830/830/830 
f 830/830/830 831/831/831 831/831/831 
f 831/831/831 820/820/820 831/831/831 
f 831/831/831 820/820/820 820/820/820 
f 820/820/820 818/818/818 820/820/820 
f 820/820/820 818/818/818 827/827/827 
f 818/818/818 832/832/832 827/827/827 
f 827/827/827 832/832/832 829/829/829 
f 832/832/832 833/833/833 829/829/829 
f 829/829/829 833/833/833 831/831/831 
f 833/833/833 834/834/834 831/831/831 
f 831/831/831 834/834/834 834/834/834 
f 834/834/834 818/818/818 834/834/834 
f 834/834/834 818/818/818 818/818/818 
f 818/818/818 816/816/816 818/818/818 
f 818/818/818 816/816/816 832/832/832 
f 816/816/816 835/835/835 832/832/832 
f 832/832/832 835/835/835 833/833/833 
f 835/835/835 836/836/836 833/833/833 
f 833/833/833 836/836/836 836/836/836 
f 836/836/836 835/835/835 836/836/836 
f 836/836/836 835/835/835 837/837/837 
f 835/835/835 838/838/838 837/837/837 
f 837/837/837 838/838/838 838/838/838 
f 838/838/838 833/833/833 838/838/838 
f 838/838/838 833/833/833 833/833/833 
f 833/833/833 839/839/839 833/833/833 
f 833/833/833 839/839/839 834/834/834 
f 839/839/839 840/840/840 834/834/834 
f 834/834/834 840/840/840 840/840/840 
f 840/840/840 841/841/841 840/840/840 
f 840/840/840 841/841/841 841/841/841 
f 841/841/841 842/842/842 841/841/841 
f 841/841/841 842/842/842 843/843/843 
f 842/842/842 844/844/844 843/843/843 
f 843/843/843 844/844/844 844/844/844 
f 844/844/844 845/845/845 844/844/844 
f 844/844/844 845/845/845 845/845/845 
f 845/845/845 846/846/846 845/845/845 
f 845/845/845 846/846/846 847/847/847 
f 846/846/846 848/848/848 847/847/847 
f 847/847/847 848/848/848 848/848/848 
f 848/848/848 846/846/846 848/848/848 
f 848/848/848 846/846/846 846/846/846 
f 846/846/846 849/849/849 846/846/846 
f 846/846/846 849/849/849 848/848/848 
f 849/849/849 850/850/850 848/848/848 
f 848/848/848 850/850/850 850/850/850 
f 850/850/850 849/849/849 850/850/850 
f 850/850/850 849/849/849 849/849/849 
f 849/849/849 851/851/851 849/849/849 
f 849/849/849 851/851/851 850/850/850 
f 851/851/851 852/852/852 850/850/850 
f 850/850/850 852/852/852 852/852/852 
f 852/852/852 851/851/851 852/852/852 
f 852/852/852 851/851/851 853/853/853 
f 851/851/851 854/854/854 853/853/853 
f 853/853/853 854/854/854 855/855/855 
f 854/854/854 855/855/855 855/855/855 
f 855/855/855 855/855/855 856/856/856 
f 855/855/855 856/856/856 856/856/856 
f 856/856/856 856/856/856 856/856/856 
f 856/856/856 857/857/857 856/856/856 
f 856/856/856 857/857/857 858/858/858 
f 857/857/857 859/859/859 858/858/858 
f 858/858/858 859/859/859 860/860/860 
f 859/859/859 861/861/861 860/860/860 
f 860/860/860 861/861/861 861/861/861 
f 861/861/861 862/862/862 861/861/861 
f 861/861/861 862/862/862 862/862/862 
f 862/862/862 863/863/863 862/862/862 
f 862/862/862 863/863/863 864/864/864 
f 863/863/863 865/865/865 864/864/864 
f 864/864/864 865/865/865 865/865/865 
f 865/865/865 866/866/866 865/865/865 
f 865/865/865 866/866/866 866/866/866 
f 866/866/866 867/867/867 866/866/866 
f 866/866/866 867/867/867 868/868/868 
f 867/867/867 869/869/869 868/868/868 
f 868/868/868 869/869/869 869/869/869 
f 869/869/869 870/870/870 869/869/869 
f 869/869/869 870/870/870 870/870/870 
f 870/870/870 871/871/871 870/870/870 
f 870/870/870 871/871/871 872/872/872 
f 871/871/871 873/873/873 872/872/872 
f 872/872/872 873/873/873 873/873/873 
f 873/873/873 874/874/874 873/873/873 
f 873/873/873 874/874/874 874/874/874 
f 874/874/874 875/875/875 874/874/874 
f 874/874/874 875/875/875 876/876/876 
f 875/875/875 877/877/877 876/876/876 
f 876/876/876 877/877/877 878/878/878 
f 877/877/877 879/879/879 878/878/878 
f 878/878/878 879/879/879 880/880/880 
f 879/879/879 880/880/880 880/880/880 
f 880/880/880 880/880/880 881/881/881 
f 880/880/880 881/881/881 881/881/881 
f 881/881/881 881/881/881 881/881/881 
f 881/881/881 882/882/882 881/881/881 
f 881/881/881 882/882/882 883/883/883 
f 882/882/882 884/884/884 883/883/883 
f 883/883/883 884/884/884 884/884/884 
f 884/884/884 885/885/885 884/884/884 
f 884/884/884 885/885/885 885/885/885 
f 885/885/885 886/886/886 885/885/885 
f 885/885/885 886/886/886 887/887/887 
f 886/886/886 888/888/888 887/887/887 
f 887/887/887 888/888/888 888/888/888 
f 888/888/888 889/889/889 888/888/888 
f 888/888/888 889/889/889 889/889/889 
f 889/889/889 890/890/890 889/889/889 
f 889/889/889 890/890/890 891/891/891 
f 890/890/890 892/892/892 891/891/891 
f 891/891/891 892/892/892 893/893/893 
f 892/892/892 894/894/894 893/893/893 
f 893/893/893 894/894/894 895/895/895 
f 894/894/894 896/896/896 895/895/895 
f 895/895/895 896/896/896 896/896/896 
f 896/896/896 897/897/897 896/896/896 
f 896/896/896 897/897/897 897/897/897 
f 897/897/897 898/898/898 897/897/897 
f 897/897/897 898/898/898 899/899/899 
f 898/898/898 900/900/900 899/899/899 
f 899/899/899 900/900/900 900/900/900 
f 900/900/900 898/898/898 900/900/900 
f 900/900/900 898/898/898 898/898/898 
f 898/898/898 901/901/901 898/898/898 
f 898/898/898 901/901/901 900/900/900 
f 901/901/901 902/902/902 900/900/900 
f 900/900/900 902/902/902 902/902/902 
f 902/902/902 903/903/903 902/902/902 
f 902/902/902 903/903/903 903/903/903 
f 903/903/903 904/904/904 903/903/903 
f 903/903/903 904/904/904 905/905/905 
f 904/904/904 906/906/906 905/905/905 
f 905/905/905 906/906/906 733/733/733 
f 906/906/906 907/907/907 733/733/733 
f 733/733/733 907/907/907 907/907/907 
f 907/907/907 904/904/904 907/907/907 
f 907/907/907 904/904/904 904/904/904 
f 904/904/904 908/908/908 904/904/904 
f 904/904/904 908/908/908 906/906/906 
f 908/908/908 909/909/909 906/906/906 
f 906/906/906 909/909/909 907/907/907 
f 909/909/909 907/907/907 907/907/907 
f 907/907/907 907/907/907 909/909/909 
f 907/907/907 909/909/909 909/909/909 
f 909/909/909 909/909/909 909/909/909 
f 909/909/909 908/908/908 909/909/909 
f 909/909/909 908/908/908 910/910/910 
f 908/908/908 911/911/911 910/910/910 
f 910/910/910 911/911/911 912/912/912 
f 911/911/911 913/913/913 912/912/912 
f 912/912/912 913/913/913 913/913/913 
f 913/913/913 911/911/911 913/913/913 
f 913/913/913 911/911/911 911/911/911 
f 911/911/911 908/908/908 911/911/911 
f 911/911/911 908/908/908 914/914/914 
f 908/908/908 904/904/904 914/914/914 
f 914/914/914 904/904/904 904/904/904 
f 904/904/904 914/914/914 904/904/904 
f 904/904/904 914/914/914 914/914/914 
f 914/914/914 915/915/915 914/914/914 
f 914/914/914 915/915/915 911/911/911 
f 915/915/915 916/916/916 911/911/911 
f 911/911/911 916/916/916 916/916/916 
f 916/916/916 917/917/917 916/916/916 
f 916/916/916 917/917/917 917/917/917 
f 917/917/917 918/918/918 917/917/917 
f 917/917/917 918/918/918 919/919/919 
f 918/918/918 920/920/920 919/919/919 
f 919/919/919 920/920/920 920/920/920 
f 920/920/920 921/921/921 920/920/920 
f 920/920/920 921/921/921 921/921/921 
f 921/921/921 922/922/922 921/921/921 
f 921/921/921 922/922/922 923/923/923 
f 922/922/922 924/924/924 923/923/923 
f 923/923/923 924/924/924 925/925/925 
f 924/924/924 926/926/926 925/925/925 
f 925/925/925 926/926/926 927/927/927 
f 926/926/926 928/928/928 927/927/927 
f 927/927/927 928/928/928 929/929/929 
f 928/928/928 930/930/930 929/929/929 
f 929/929/929 930/930/930 930/930/930 
f 930/930/930 931/931/931 930/930/930 
f 930/930/930 931/931/931 931/931/931 
f 931/931/931 635/635/635 931/931/931 
f 931/931/931 635/635/635 932/932/932 
f 635/635/635 634/634/634 932/932/932 
f 932/932/932 634/634/634 634/634/634 
f 634/634/634 933/933/933 634/634/634 
f 634/634/634 933/933/933 933/933/933 
f 933/933/933 934/934/934 933/933/933 
f 933/933/933 934/934/934 935/935/935 
f 934/934/934 936/936/936 935/935/935 
f 935/935/935 936/936/936 936/936/936 
f 936/936/936 937/937/937 936/936/936 
f 936/936/936 937/937/937 937/937/937 
f 937/937/937 938/938/938 937/937/937 
f 937/937/937 938/938/938 939/939/939 
f 938/938/938 940/940/940 939/939/939 
f 939/939/939 940/940/940 941/941/941 
f 940/940/940 942/942/942 941/941/941 
f 941/941/941 942/942/942 943/943/943 
f 942/942/942 943/943/943 943/943/943 
f 943/943/943 943/943/943 944/944/944 
f 943/943/943 944/944/944 944/944/944 
f 944/944/944 944/944/944 944/944/944 
f 944/944/944 945/945/945 944/944/944 
f 944/944/944 945/945/945 946/946/946 
f 945/945/945 947/947/947 946/946/946 
f 946/946/946 947/947/947 948/948/948 
f 947/947/947 949/949/949 948/948/948 
f 948/948/948 949/949/949 950/950/950 
f 949/949/949 951/951/951 950/950/950 
f 950/950/950 951/951/951 952/952/952 
f 951/951/951 953/953/953 952/952/952 
f 952/952/952 953/953/953 953/953/953 
f 953/953/953 952/952/952 953/953/953 
f 953/953/953 952/952/952 952/952/952 
f 952/952/952 954/954/954 952/952/952 
f 952/952/952 954/954/954 950/950/950 
f 954/954/954 948/948/948 950/950/950 
f 950/950/950 948/948/948 948/948/948 
f 948/948/948 955/955/955 948/948/948 
f 948/948/948 955/955/955 955/955/955 
f 955/955/955 956/956/956 955/955/955 
f 955/955/955 956/956/956 957/957/957 
f 956/956/956 958/958/958 957/957/957 
f 957/957/957 958/958/958 958/958/958 
f 958/958/958 959/959/959 958/958/958 
f 958/958/958 959/959/959 959/959/959 
f 959/959/959 960/960/960 959/959/959 
f 959/959/959 960/960/960 961/961/961 
f 960/960/960 962/962/962 961/961/961 
f 961/961/961 962/962/962 963/963/963 
f 962/962/962 964/964/964 963/963/963 
f 963/963/963 964/964/964 965/965/965 
f 964/964/964 966/966/966 965/965/965 
f 965/965/965 966/966/966 966/966/966 
f 966/966/966 967/967/967 966/966/966 
f 966/966/966 967/967/967 967/967/967 
f 967/967/967 968/968/968 967/967/967 
f 967/967/967 968/968/968 969/969/969 
f 968/968/968 970/970/970 969/969/969 
f 969/969/969 970/970/970 971/971/971 
f 970/970/970 972/972/972 971/971/971 
f 971/971/971 972/972/972 973/973/973 
f 972/972/972 974/974/974 973/973/973 
f 973/973/973 974/974/974 974/974/974 
f 974/974/974 975/975/975 974/974/974 
f 974/974/974 975/975/975 975/975/975 
f 975/975/975 976/976/976 975/975/975 
f 975/975/975 976/976/976 977/977/977 
f 976/976/976 978/978/978 977/977/977 
f 977/977/977 978/978/978 979/979/979 
f 978/978/978 980/980/980 979/979/979 
f 979/979/979 980/980/980 981/981/981 
f 980/980/980 982/982/982 981/981/981 
f 981/981/981 982/982/982 982/982/982 
f 982/982/982 983/983/983 982/982/982 
f 982/982/982 983/983/983 983/983/983 
f 983/983/983 984/984/984 983/983/983 
f 983/983/983 984/984/984 985/985/985 
f 984/984/984 986/986/986 985/985/985 
f 985/985/985 986/986/986 987/987/987 
f 986/986/986 988/988/988 987/987/987 
f 987/987/987 988/988/988 989/989/989 
f 988/988/988 990/990/990 989/989/989 
f 989/989/989 990/990/990 990/990/990 
f 990/990/990 991/991/991 990/990/990 
f 990/990/990 991/991/991 991/991/991 
f 991/991/991 992/992/992 991/991/991 
f 991/991/991 992/992/992 993/993/993 
f 992/992/992 994/994/994 993/993/993 
f 993/993/993 994/994/994 994/994/994 
f 994/994/994 992/992/992 994/994/994 
f 994/994/994 992/992/992 995/995/995 
f 992/992/992 996/996/996 995/995/995 
f 995/995/995 996/996/996 997/997/997 
f 996/996/996 998/998/998 997/997/997 
f 997/997/997 998/998/998 999/999/999 
f 998/998/998 1000/1000/1000 999/999/999 
f 999/999/999 1000/1000/1000 1001/1001/1001 
f 1000/1000/1000 1002/1002/1002 1001/1001/1001 
f 1001/1001/1001 1002/1002/1002 1002/1002/1002 
f 1002/1002/1002 1003/1003/1003 1002/1002/1002 
f 1002/1002/1002 1003/1003/1003 1003/1003/1003 
f 1003/1003/1003 1004/1004/1004 1003/1003/1003 
f 1003/1003/1003 1004/1004/1004 1005/1005/1005 
f 1004/1004/1004 1006/1006/1006 1005/1005/1005 
f 1005/1005/1005 1006/1006/1006 1007/1007/1007 
f 1006/1006/1006 1008/1008/1008 1007/1007/1007 
f 1007/1007/1007 1008/1008/1008 1009/1009/1009 
f 1008/1008/1008 1010/1010/1010 1009/1009/1009 
f 1009/1009/1009 1010/1010/1010 1011/1011/1011 
f 1010/1010/1010 1011/1011/1011 1011/1011/1011 
f 1011/1011/1011 1011/1011/1011 1009/1009/1009 
f 1011/1011/1011 1009/1009/1009 1009/1009/1009 
f 1009/1009/1009 1009/1009/1009 1009/1009/1009 
f 1009/1009/1009 1011/1011/1011 1009/1009/1009 
f 1009/1009/1009 1011/1011/1011 1012/1012/1012 
f 1011/1011/1011 1013/1013/1013 1012/1012/1012 
f 1012/1012/1012 1013/1013/1013 1013/1013/1013 
f 1013/1013/1013 1014/1014/1014 1013/1013/1013 
f 1013/1013/1013 1014/1014/1014 1014/1014/1014 
f 1014/1014/1014 1015/1015/1015 1014/1014/1014 
f 1014/1014/1014 1015/1015/1015 1016/1016/1016 
f 1015/1015/1015 1017/1017/1017 1016/1016/1016 
f 1016/1016/1016 1017/1017/1017 1018/1018/1018 
f 1017/1017/1017 1019/1019/1019 1018/1018/1018 
f 1018/1018/1018 1019/1019/1019 1019/1019/1019 
f 1019/1019/1019 1020/1020/1020 1019/1019/1019 
f 1019/1019/1019 1020/1020/1020 1020/1020/1020 
f 1020/1020/1020 1021/1021/1021 1020/1020/1020 
f 1020/1020/1020 1021/1021/1021 1022/1022/1022 
f 1021/1021/1021 1023/1023/1023 1022/1022/1022 
f 1022/1022/1022 1023/1023/1023 1023/1023/1023 
f 1023/1023/1023 1021/1021/1021 1023/1023/1023 
f 1023/1023/1023 1021/1021/1021 1021/1021/1021 
f 1021/1021/1021 1024/1024/1024 1021/1021/1021 
f 1021/1021/1021 1024/1024/1024 1023/1023/1023 
f 1024/1024/1024 1025/1025/1025 1023/1023/1023 
f 1023/1023/1023 1025/1025/1025 1025/1025/1025 
f 1025/1025/1025 1024/1024/1024 1025/1025/1025 
f 1025/1025/1025 1024/1024/1024 1024/1024/1024 
f 1024/1024/1024 1026/1026/1026 1024/1024/1024 
f 1024/1024/1024 1026/1026/1026 1025/1025/1025 
f 1026/1026/1026 1027/1027/1027 1025/1025/1025 
f 1025/1025/1025 1027/1027/1027 1027/1027/1027 
f 1027/1027/1027 1028/1028/1028 1027/1027/1027 
f 1027/1027/1027 1028/1028/1028 1028/1028/1028 
f 1028/1028/1028 1029/1029/1029 1028/1028/1028 
f 1028/1028/1028 1029/1029/1029 1030/1030/1030 
f 1029/1029/1029 1031/1031/1031 1030/1030/1030 
f 1030/1030/1030 1031/1031/1031 1032/1032/1032 
f 1031/1031/1031 1033/1033/1033 1032/1032/1032 
f 1032/1032/1032 1033/1033/1033 1034/1034/1034 
f 1033/1033/1033 1035/1035/1035 1034/1034/1034 
f 1034/1034/1034 1035/1035/1035 1036/1036/1036 
f 1035/1035/1035 1036/1036/1036 1036/1036/1036 
f 1036/1036/1036 1036/1036/1036 1030/1030/1030 
f 1036/1036/1036 1030/1030/1030 1030/1030/1030 
f 1030/1030/1030 1030/1030/1030 1030/1030/1030 
f 1030/1030/1030 1032/1032/1032 1030/1030/1030 
f 1030/1030/1030 1032/1032/1032 1037/1037/1037 
f 1032/1032/1032 1034/1034/1034 1037/1037/1037 
f 1037/1037/1037 1034/1034/1034 1036/1036/1036 
f 1034/1034/1034 1036/1036/1036 1036/1036/1036 
f 1036/1036/1036 1036/1036/1036 1036/1036/1036 
f 1036/1036/1036 1038/1038/1038 1036/1036/1036 
f 1036/1036/1036 1038/1038/1038 1037/1037/1037 
f 1038/1038/1038 1039/1039/1039 1037/1037/1037 
f 1037/1037/1037 1039/1039/1039 1039/1039/1039 
f 1039/1039/1039 1038/1038/1038 1039/1039/1039 
f 1039/1039/1039 1038/1038/1038 1040/1040/1040 
f 1038/1038/1038 1041/1041/1041 1040/1040/1040 
f 1040/1040/1040 1041/1041/1041 1041/1041/1041 
f 1041/1041/1041 1042/1042/1042 1041/1041/1041 
f 1041/1041/1041 1042/1042/1042 1042/1042/1042 
f 1042/1042/1042 1043/1043/1043 1042/1042/1042 
f 1042/1042/1042 1043/1043/1043 1044/1044/1044 
f 1043/1043/1043 1045/1045/1045 1044/1044/1044 
f 1044/1044/1044 1045/1045/1045 1046/1046/1046 
f 1045/1045/1045 1047/1047/1047 1046/1046/1046 
f 1046/1046/1046 1047/1047/1047 1048/1048/1048 
f 1047/1047/1047 1048/1048/1048 1048/1048/1048 
f 1048/1048/1048 1048/1048/1048 1049/1049/1049 
f 1048/1048/1048 1049/1049/1049 1049/1049/1049 
f 1049/1049/1049 1049/1049/1049 1049/1049/1049 
f 1049/1049/1049 1050/1050/1050 1049/1049/1049 
f 1049/1049/1049 1050/1050/1050 1051/1051/1051 
f 1050/1050/1050 1052/1052/1052 1051/1051/1051 
f 1051/1051/1051 1052/1052/1052 1053/1053/1053 
f 1052/1052/1052 1054/1054/1054 1053/1053/1053 
f 1053/1053/1053 1054/1054/1054 1055/1055/1055 
f 1054/1054/1054 1056/1056/1056 1055/1055/1055 
f 1055/1055/1055 1056/1056/1056 1057/1057/1057 
f 1056/1056/1056 1058/1058/1058 1057/1057/1057 
f 1057/1057/1057 1058/1058/1058 1058/1058/1058 
f 1058/1058/1058 951/951/951 1058/1058/1058 
f 1058/1058/1058 951/951/951 951/951/951 
f 951/951/951 1059/1059/1059 951/951/951 
f 951/951/951 1059/1059/1059 953/953/953 
f 1059/1059/1059 1060/1060/1060 953/953/953 
f 953/953/953 1060/1060/1060 1060/1060/1060 
f 1060/1060/1060 1061/1061/1061 1060/1060/1060 
f 1060/1060/1060 1061/1061/1061 1061/1061/1061 
f 1061/1061/1061 1062/1062/1062 1061/1061/1061 
f 1061/1061/1061 1062/1062/1062 1063/1063/1063 
f 1062/1062/1062 1064/1064/1064 1063/1063/1063 
f 1063/1063/1063 1064/1064/1064 1065/1065/1065 
f 1064/1064/1064 1066/1066/1066 1065/1065/1065 
f 1065/1065/1065 1066/1066/1066 1067/1067/1067 
f 1066/1066/1066 1068/1068/1068 1067/1067/1067 
f 1067/1067/1067 1068/1068/1068 1068/1068/1068 
f 1068/1068/1068 1062/1062/1062 1068/1068/1068 
f 1068/1068/1068 1062/1062/1062 1062/1062/1062 
f 1062/1062/1062 1069/1069/1069 1062/1062/1062 
f 1062/1062/1062 1069/1069/1069 1064/1064/1064 
f 1069/1069/1069 1070/1070/1070 1064/1064/1064 
f 1064/1064/1064 1070/1070/1070 1066/1066/1066 
f 1070/1070/1070 1071/1071/1071 1066/1066/1066 
f 1066/1066/1066 1071/1071/1071 1068/1068/1068 
f 1071/1071/1071 1068/1068/1068 1068/1068/1068 
f 1068/1068/1068 1068/1068/1068 1072/1072/1072 
f 1068/1068/1068 1072/1072/1072 1072/1072/1072 
f 1072/1072/1072 1072/1072/1072 1072/1072/1072 
f 1072/1072/1072 1073/1073/1073 1072/1072/1072 
f 1072/1072/1072 1073/1073/1073 1074/1074/1074 
f 1073/1073/1073 1075/1075/1075 1074/1074/1074 
f 1074/1074/1074 1075/1075/1075 1076/1076/1076 
f 1075/1075/1075 1077/1077/1077 1076/1076/1076 
f 1076/1076/1076 1077/1077/1077 1078/1078/1078 
f 1077/1077/1077 1079/1079/1079 1078/1078/1078 
f 1078/1078/1078 1079/1079/1079 1079/1079/1079 
f 1079/1079/1079 1080/1080/1080 1079/1079/1079 
f 1079/1079/1079 1080/1080/1080 1080/1080/1080 
f 1080/1080/1080 1081/1081/1081 1080/1080/1080 
f 1080/1080/1080 1081/1081/1081 1082/1082/1082 
f 1081/1081/1081 1083/1083/1083 1082/1082/1082 
f 1082/1082/1082 1083/1083/1083 1084/1084/1084 
f 1083/1083/1083 1085/1085/1085 1084/1084/1084 
f 1084/1084/1084 1085/1085/1085 1086/1086/1086 
f 1085/1085/1085 1087/1087/1087 1086/1086/1086 
f 1086/1086/1086 1087/1087/1087 1087/1087/1087 
f 1087/1087/1087 1088/1088/1088 1087/1087/1087 
f 1087/1087/1087 1088/1088/1088 1088/1088/1088 
f 1088/1088/1088 1089/1089/1089 1088/1088/1088 
f 1088/1088/1088 1089/1089/1089 1090/1090/1090 
f 1089/1089/1089 1091/1091/1091 1090/1090/1090 
f 1090/1090/1090 1091/1091/1091 1091/1091/1091 
f 1091/1091/1091 1089/1089/1089 1091/1091/1091 
f 1091/1091/1091 1089/1089/1089 1092/1092/1092 
f 1089/1089/1089 1093/1093/1093 1092/1092/1092 
f 1092/1092/1092 1093/1093/1093 1094/1094/1094 
f 1093/1093/1093 1094/1094/1094 1094/1094/1094 
f 1094/1094/1094 1094/1094/1094 1091/1091/1091 
f 1094/1094/1094 1091/1091/1091 1091/1091/1091 
f 1091/1091/1091 1091/1091/1091 1091/1091/1091 
f 1091/1091/1091 1092/1092/1092 1091/1091/1091 
f 1091/1091/1091 1092/1092/1092 1095/1095/1095 
f 1092/1092/1092 1096/1096/1096 1095/1095/1095 
f 1095/1095/1095 1096/1096/1096 1097/1097/1097 
f 1096/1096/1096 683/683/683 1097/1097/1097 
f 1097/1097/1097 683/683/683 683/683/683 
f 683/683/683 1092/1092/1092 683/683/683 
f 683/683/683 1092/1092/1092 1092/1092/1092 
f 1092/1092/1092 1094/1094/1094 1092/1092/1092 
f 1092/1092/1092 1094/1094/1094 1096/1096/1096 
f 1094/1094/1094 1098/1098/1098 1096/1096/1096 
f 1096/1096/1096 1098/1098/1098 683/683/683 
f 1098/1098/1098 683/683/683 683/683/683 
f 683/683/683 683/683/683 1099/1099/1099 
f 683/683/683 1099/1099/1099 1099/1099/1099 
f 1099/1099/1099 1099/1099/1099 1099/1099/1099 
f 1099/1099/1099 1100/1100/1100 1099/1099/1099 
f 1099/1099/1099 1100/1100/1100 1101/1101/1101 
f 1100/1100/1100 1089/1089/1089 1101/1101/1101 
f 1101/1101/1101 1089/1089/1089 1089/1089/1089 
f 1089/1089/1089 1102/1102/1102 1089/1089/1089 
f 1089/1089/1089 1102/1102/1102 1102/1102/1102 
f 1102/1102/1102 1103/1103/1103 1102/1102/1102 
f 1102/1102/1102 1103/1103/1103 1104/1104/1104 
f 1103/1103/1103 1105/1105/1105 1104/1104/1104 
f 1104/1104/1104 1105/1105/1105 1105/1105/1105 
f 1105/1105/1105 1103/1103/1103 1105/1105/1105 
f 1105/1105/1105 1103/1103/1103 1106/1106/1106 
f 1103/1103/1103 1107/1107/1107 1106/1106/1106 
f 1106/1106/1106 1107/1107/1107 1108/1108/1108 
f 1107/1107/1107 1108/1108/1108 1108/1108/1108 
f 1108/1108/1108 1108/1108/1108 1106/1106/1106 
f 1108/1108/1108 1106/1106/1106 1106/1106/1106 
f 1106/1106/1106 1106/1106/1106 1106/1106/1106 
f 1106/1106/1106 1108/1108/1108 1106/1106/1106 
f 1106/1106/1106 1108/1108/1108 1109/1109/1109 
f 1108/1108/1108 1110/1110/1110 1109/1109/1109 
f 1109/1109/1109 1110/1110/1110 1111/1111/1111 
f 1110/1110/1110 1112/1112/1112 1111/1111/1111 
f 1111/1111/1111 1112/1112/1112 1113/1113/1113 
f 1112/1112/1112 1113/1113/1113 1113/1113/1113 
f 1113/1113/1113 1113/1113/1113 1114/1114/1114 
f 1113/1113/1113 1114/1114/1114 1114/1114/1114 
f 1114/1114/1114 1114/1114/1114 1114/1114/1114 
f 1114/1114/1114 1115/1115/1115 1114/1114/1114 
f 1114/1114/1114 1115/1115/1115 1116/1116/1116 
f 1115/1115/1115 1117/1117/1117 1116/1116/1116 
f 1116/1116/1116 1117/1117/1117 1117/1117/1117 
f 1117/1117/1117 1115/1115/1115 1117/1117/1117 
f 1117/1117/1117 1115/1115/1115 1115/1115/1115 
f 1115/1115/1115 1118/1118/1118 1115/1115/1115 
f 1115/1115/1115 1118/1118/1118 1117/1117/1117 
f 1118/1118/1118 1119/1119/1119 1117/1117/1117 
f 1117/1117/1117 1119/1119/1119 1119/1119/1119 
f 1119/1119/1119 1118/1118/1118 1119/1119/1119 
f 1119/1119/1119 1118/1118/1118 1118/1118/1118 
f 1118/1118/1118 1120/1120/1120 1118/1118/1118 
f 1118/1118/1118 1120/1120/1120 1119/1119/1119 
f 1120/1120/1120 1121/1121/1121 1119/1119/1119 
f 1119/1119/1119 1121/1121/1121 1121/1121/1121 
f 1121/1121/1121 1120/1120/1120 1121/1121/1121 
f 1121/1121/1121 1120/1120/1120 1120/1120/1120 
f 1120/1120/1120 1122/1122/1122 1120/1120/1120 
f 1120/1120/1120 1122/1122/1122 1121/1121/1121 
f 1122/1122/1122 1123/1123/1123 1121/1121/1121 
f 1121/1121/1121 1123/1123/1123 1123/1123/1123 
f 1123/1123/1123 1122/1122/1122 1123/1123/1123 
f 1123/1123/1123 1122/1122/1122 1122/1122/1122 
f 1122/1122/1122 1124/1124/1124 1122/1122/1122 
f 1122/1122/1122 1124/1124/1124 1123/1123/1123 
f 1124/1124/1124 1125/1125/1125 1123/1123/1123 
f 1123/1123/1123 1125/1125/1125 1125/1125/1125 
f 1125/1125/1125 1126/1126/1126 1125/1125/1125 
f 1125/1125/1125 1126/1126/1126 1126/1126/1126 
f 1126/1126/1126 1127/1127/1127 1126/1126/1126 
f 1126/1126/1126 1127/1127/1127 1128/1128/1128 
f 1127/1127/1127 1129/1129/1129 1128/1128/1128 
f 1128/1128/1128 1129/1129/1129 1129/1129/1129 
f 1129/1129/1129 1130/1130/1130 1129/1129/1129 
f 1129/1129/1129 1130/1130/1130 1130/1130/1130 
f 1130/1130/1130 1131/1131/1131 1130/1130/1130 
f 1130/1130/1130 1131/1131/1131 1132/1132/1132 
f 1131/1131/1131 1133/1133/1133 1132/1132/1132 
f 1132/1132/1132 1133/1133/1133 1134/1134/1134 
f 1133/1133/1133 1134/1134/1134 1134/1134/1134 
f 1134/1134/1134 1134/1134/1134 1132/1132/1132 
f 1134/1134/1134 1132/1132/1132 1132/1132/1132 
f 1132/1132/1132 1132/1132/1132 1132/1132/1132 
f 1132/1132/1132 1134/1134/1134 1132/1132/1132 
f 1132/1132/1132 1134/1134/1134 1135/1135/1135 
f 1134/1134/1134 1136/1136/1136 1135/1135/1135 
f 1135/1135/1135 1136/1136/1136 1136/1136/1136 
f 1136/1136/1136 1134/1134/1134 1136/1136/1136 
f 1136/1136/1136 1134/1134/1134 1134/1134/1134 
f 1134/1134/1134 1137/1137/1137 1134/1134/1134 
f 1134/1134/1134 1137/1137/1137 1136/1136/1136 
f 1137/1137/1137 1138/1138/1138 1136/1136/1136 
f 1136/1136/1136 1138/1138/1138 1138/1138/1138 
f 1138/1138/1138 1137/1137/1137 1138/1138/1138 
f 1138/1138/1138 1137/1137/1137 1137/1137/1137 
f 1137/1137/1137 1139/1139/1139 1137/1137/1137 
f 1137/1137/1137 1139/1139/1139 1138/1138/1138 
f 1139/1139/1139 1140/1140/1140 1138/1138/1138 
f 1138/1138/1138 1140/1140/1140 1140/1140/1140 
f 1140/1140/1140 1141/1141/1141 1140/1140/1140 
f 1140/1140/1140 1141/1141/1141 1141/1141/1141 
f 1141/1141/1141 1142/1142/1142 1141/1141/1141 
f 1141/1141/1141 1142/1142/1142 1143/1143/1143 
f 1142/1142/1142 1144/1144/1144 1143/1143/1143 
f 1143/1143/1143 1144/1144/1144 1144/1144/1144 
f 1144/1144/1144 1142/1142/1142 1144/1144/1144 
f 1144/1144/1144 1142/1142/1142 1145/1145/1145 
f 1142/1142/1142 1146/1146/1146 1145/1145/1145 
f 1145/1145/1145 1146/1146/1146 1147/1147/1147 
f 1146/1146/1146 1148/1148/1148 1147/1147/1147 
f 1147/1147/1147 1148/1148/1148 1149/1149/1149 
f 1148/1148/1148 1150/1150/1150 1149/1149/1149 
f 1149/1149/1149 1150/1150/1150 1151/1151/1151 
f 1150/1150/1150 1152/1152/1152 1151/1151/1151 
f 1151/1151/1151 1152/1152/1152 1152/1152/1152 
f 1152/1152/1152 1153/1153/1153 1152/1152/1152 
f 1152/1152/1152 1153/1153/1153 1153/1153/1153 
f 1153/1153/1153 1154/1154/1154 1153/1153/1153 
f 1153/1153/1153 1154/1154/1154 1155/1155/1155 
f 1154/1154/1154 1156/1156/1156 1155/1155/1155 
f 1155/1155/1155 1156/1156/1156 1157/1157/1157 
f 1156/1156/1156 1158/1158/1158 1157/1157/1157 
f 1157/1157/1157 1158/1158/1158 1159/1159/1159 
f 1158/1158/1158 1160/1160/1160 1159/1159/1159 
f 1159/1159/1159 1160/1160/1160 1161/1161/1161 
f 1160/1160/1160 722/722/722 1161/1161/1161 
f 1161/1161/1161 722/722/722 722/722/722 
f 722/722/722 1161/1161/1161 722/722/722 
f 722/722/722 1161/1161/1161 1161/1161/1161 
f 1161/1161/1161 1162/1162/1162 1161/1161/1161 
f 1161/1161/1161 1162/1162/1162 1159/1159/1159 
f 1162/1162/1162 1163/1163/1163 1159/1159/1159 
f 1159/1159/1159 1163/1163/1163 1157/1157/1157 
f 1163/1163/1163 1164/1164/1164 1157/1157/1157 
f 1157/1157/1157 1164/1164/1164 1155/1155/1155 
f 1164/1164/1164 1155/1155/1155 1155/1155/1155 
f 1155/1155/1155 1155/1155/1155 1165/1165/1165 
f 1155/1155/1155 1165/1165/1165 1165/1165/1165 
f 1165/1165/1165 1165/1165/1165 1165/1165/1165 
f 1165/1165/1165 1166/1166/1166 1165/1165/1165 
f 1165/1165/1165 1166/1166/1166 1167/1167/1167 
f 1166/1166/1166 1168/1168/1168 1167/1167/1167 
f 1167/1167/1167 1168/1168/1168 1168/1168/1168 
f 1168/1168/1168 1166/1166/1166 1168/1168/1168 
f 1168/1168/1168 1166/1166/1166 1166/1166/1166 
f 1166/1166/1166 1169/1169/1169 1166/1166/1166 
f 1166/1166/1166 1169/1169/1169 1168/1168/1168 
f 1169/1169/1169 1170/1170/1170 1168/1168/1168 
f 1168/1168/1168 1170/1170/1170 1170/1170/1170 
f 1170/1170/1170 1169/1169/1169 1170/1170/1170 
f 1170/1170/1170 1169/1169/1169 1169/1169/1169 
f 1169/1169/1169 1171/1171/1171 1169/1169/1169 
f 1169/1169/1169 1171/1171/1171 1170/1170/1170 
f 1171/1171/1171 1172/1172/1172 1170/1170/1170 
f 1170/1170/1170 1172/1172/1172 1172/1172/1172 
f 1172/1172/1172 1171/1171/1171 1172/1172/1172 
f 1172/1172/1172 1171/1171/1171 1173/1173/1173 
f 1171/1171/1171 1174/1174/1174 1173/1173/1173 
f 1173/1173/1173 1174/1174/1174 1175/1175/1175 
f 1174/1174/1174 1175/1175/1175 1175/1175/1175 
f 1175/1175/1175 1175/1175/1175 1176/1176/1176 
f 1175/1175/1175 1176/1176/1176 1176/1176/1176 
f 1176/1176/1176 1176/1176/1176 1176/1176/1176 
f 1176/1176/1176 1177/1177/1177 1176/1176/1176 
f 1176/1176/1176 1177/1177/1177 1178/1178/1178 
f 1177/1177/1177 1179/1179/1179 1178/1178/1178 
f 1178/1178/1178 1179/1179/1179 1179/1179/1179 
f 1179/1179/1179 1180/1180/1180 1179/1179/1179 
f 1179/1179/1179 1180/1180/1180 1180/1180/1180 
f 1180/1180/1180 1181/1181/1181 1180/1180/1180 
f 1180/1180/1180 1181/1181/1181 1182/1182/1182 
f 1181/1181/1181 1183/1183/1183 1182/1182/1182 
f 1182/1182/1182 1183/1183/1183 1183/1183/1183 
f 1183/1183/1183 1181/1181/1181 1183/1183/1183 
f 1183/1183/1183 1181/1181/1181 1184/1184/1184 
f 1181/1181/1181 1185/1185/1185 1184/1184/1184 
f 1184/1184/1184 1185/1185/1185 1186/1186/1186 
f 1185/1185/1185 1187/1187/1187 1186/1186/1186 
f 1186/1186/1186 1187/1187/1187 1187/1187/1187 
f 1187/1187/1187 1188/1188/1188 1187/1187/1187 
f 1187/1187/1187 1188/1188/1188 1188/1188/1188 
f 1188/1188/1188 1189/1189/1189 1188/1188/1188 
f 1188/1188/1188 1189/1189/1189 1190/1190/1190 
f 1189/1189/1189 1191/1191/1191 1190/1190/1190 
f 1190/1190/1190 1191/1191/1191 1191/1191/1191 
f 1191/1191/1191 1189/1189/1189 1191/1191/1191 
f 1191/1191/1191 1189/1189/1189 1189/1189/1189 
f 1189/1189/1189 1192/1192/1192 1189/1189/1189 
f 1189/1189/1189 1192/1192/1192 1191/1191/1191 
f 1192/1192/1192 1193/1193/1193 1191/1191/1191 
f 1191/1191/1191 1193/1193/1193 1193/1193/1193 
f 1193/1193/1193 1194/1194/1194 1193/1193/1193 
f 1193/1193/1193 1194/1194/1194 1194/1194/1194 
f 1194/1194/1194 1195/1195/1195 1194/1194/1194 
f 1194/1194/1194 1195/1195/1195 1196/1196/1196 
f 1195/1195/1195 1197/1197/1197 1196/1196/1196 
f 1196/1196/1196 1197/1197/1197 1198/1198/1198 
f 1197/1197/1197 1199/1199/1199 1198/1198/1198 
f 1198/1198/1198 1199/1199/1199 1200/1200/1200 
f 1199/1199/1199 1201/1201/1201 1200/1200/1200 
f 1200/1200/1200 1201/1201/1201 1201/1201/1201 
f 1201/1201/1201 1202/1202/1202 1201/1201/1201 
f 1201/1201/1201 1202/1202/1202 1202/1202/1202 
f 1202/1202/1202 1203/1203/1203 1202/1202/1202 
f 1202/1202/1202 1203/1203/1203 1204/1204/1204 
f 1203/1203/1203 1205/1205/1205 1204/1204/1204 
f 1204/1204/1204 1205/1205/1205 1205/1205/1205 
f 1205/1205/1205 1203/1203/1203 1205/1205/1205 
f 1205/1205/1205 1203/1203/1203 1206/1206/1206 
f 1203/1203/1203 1207/1207/1207 1206/1206/1206 
f 1206/1206/1206 1207/1207/1207 1208/1208/1208 
f 1207/1207/1207 1209/1209/1209 1208/1208/1208 
f 1208/1208/1208 1209/1209/1209 1209/1209/1209 
f 1209/1209/1209 1210/1210/1210 1209/1209/1209 
f 1209/1209/1209 1210/1210/1210 1210/1210/1210 
f 1210/1210/1210 1211/1211/1211 1210/1210/1210 
f 1210/1210/1210 1211/1211/1211 1212/1212/1212 
f 1211/1211/1211 1213/1213/1213 1212/1212/1212 
f 1212/1212/1212 1213/1213/1213 1213/1213/1213 
f 1213/1213/1213 1211/1211/1211 1213/1213/1213 
f 1213/1213/1213 1211/1211/1211 1211/1211/1211 
f 1211/1211/1211 1214/1214/1214 1211/1211/1211 
f 1211/1211/1211 1214/1214/1214 1213/1213/1213 
f 1214/1214/1214 1215/1215/1215 1213/1213/1213 
f 1213/1213/1213 1215/1215/1215 1215/1215/1215 
f 1215/1215/1215 1214/1214/1214 1215/1215/1215 
f 1215/1215/1215 1214/1214/1214 1214/1214/1214 
f 1214/1214/1214 1216/1216/1216 1214/1214/1214 
f 1214/1214/1214 1216/1216/1216 1215/1215/1215 
f 1216/1216/1216 1217/1217/1217 1215/1215/1215 
f 1215/1215/1215 1217/1217/1217 1217/1217/1217 
f 1217/1217/1217 1218/1218/1218 1217/1217/1217 
f 1217/1217/1217 1218/1218/1218 1218/1218/1218 
f 1218/1218/1218 1219/1219/1219 1218/1218/1218 
f 1218/1218/1218 1219/1219/1219 1220/1220/1220 
f 1219/1219/1219 1221/1221/1221 1220/1220/1220 
f 1220/1220/1220 1221/1221/1221 1221/1221/1221 
f 1221/1221/1221 1222/1222/1222 1221/1221/1221 
f 1221/1221/1221 1222/1222/1222 1222/1222/1222 
f 1222/1222/1222 1223/1223/1223 1222/1222/1222 
f 1222/1222/1222 1223/1223/1223 1224/1224/1224 
f 1223/1223/1223 1225/1225/1225 1224/1224/1224 
f 1224/1224/1224 1225/1225/1225 1225/1225/1225 
f 1225/1225/1225 1162/1162/1162 1225/1225/1225 
f 1225/1225/1225 1162/1162/1162 1162/1162/1162 
f 1162/1162/1162 1226/1226/1226 1162/1162/1162 
f 1162/1162/1162 1226/1226/1226 1227/1227/1227 
f 1226/1226/1226 1228/1228/1228 1227/1227/1227 
f 1227/1227/1227 1228/1228/1228 1228/1228/1228 
f 1228/1228/1228 1229/1229/1229 1228/1228/1228 
f 1228/1228/1228 1229/1229/1229 1229/1229/1229 
f 1229/1229/1229 1230/1230/1230 1229/1229/1229 
f 1229/1229/1229 1230/1230/1230 1156/1156/1156 
f 1230/1230/1230 1231/1231/1231 1156/1156/1156 
f 1156/1156/1156 1231/1231/1231 1158/1158/1158 
f 15/15/15 20/20/20 18/18/18 
f 32/32/32 1232/1232/1232 30/30/30 
f 1059/1059/1059 1233/1233/1233 1060/1060/1060 
f 951/951/951 949/949/949 947/947/947 
f 377/377/377 1234/1234/1234 375/375/375 
f 378/378/378 376/376/376 374/374/374 
f 465/465/465 486/486/486 476/476/476 
f 880/880/880 1235/1235/1235 878/878/878 
f 943/943/943 1236/1236/1236 941/941/941 
f 79/79/79 1237/1237/1237 77/77/77 
f 213/213/213 1238/1238/1238 211/211/211 
f 595/595/595 1239/1239/1239 593/593/593 
f 821/821/821 1240/1240/1240 823/823/823 
f 915/915/915 1241/1241/1241 916/916/916 
f 238/238/238 1242/1242/1242 239/239/239 
f 713/713/713 1243/1243/1243 715/715/715 
f 853/853/853 855/855/855 1244/1244/1244 
f 782/782/782 794/794/794 789/789/789 
f 341/341/341 338/338/338 1245/1245/1245 
f 400/400/400 402/402/402 1246/1246/1246 
f 500/500/500 499/499/499 1247/1247/1247 
f 572/572/572 566/566/566 1248/1248/1248 
f 518/518/518 515/515/515 1249/1249/1249 
f 368/368/368 370/370/370 1250/1250/1250 
f 1011/1011/1011 1251/1251/1251 1013/1013/1013 
f 1139/1139/1139 1252/1252/1252 1140/1140/1140 
f 148/148/148 1253/1253/1253 150/150/150 
f 1067/1067/1067 1254/1254/1254 1065/1065/1065 
f 1046/1046/1046 1048/1048/1048 1255/1255/1255 
f 1098/1098/1098 1094/1094/1094 1256/1256/1256 
f 1093/1093/1093 1089/1089/1089 1100/1100/1100 
f 1173/1173/1173 1175/1175/1175 1257/1257/1257 

