mtllib model_2.mtl
o model_2
v -6.401469707489014 4.991517066955566 3.8871610164642334 
v -6.400206089019775 4.907422065734863 3.888972759246826 
v -6.401108741760254 5.212210655212402 3.867398977279663 
v -6.405259609222412 5.162339687347412 3.870527982711792 
v -6.401469707489014 5.389589786529541 3.8873257637023926 
v -6.401469707489014 5.472194671630859 3.8850202560424805 
v -6.3971381187438965 4.608643531799316 3.882550001144409 
v -6.397318363189697 4.462210178375244 3.8830440044403076 
v -6.098630905151367 5.050825595855713 3.8591647148132324 
v -6.097006320953369 4.7390828132629395 3.8591647148132324 
v -6.400386810302734 5.274201393127441 3.8627877235412598 
v -6.400747776031494 5.341705799102783 3.864269971847534 
v -6.4030938148498535 5.14167594909668 3.8927605152130127 
v -6.402010917663574 5.267843246459961 3.8881492614746094 
v -6.398942947387695 4.824618339538574 3.8828792572021484 
v -7.823968410491943 5.49231481552124 0.525785505771637 
v -7.816749095916748 5.243308067321777 0.5292438864707947 
v -7.819275856018066 5.367637634277344 0.10139226168394089 
v -4.504834175109863 4.895155429840088 0.26574790477752686 
v -4.532988548278809 4.949795246124268 0.49186038970947266 
v -4.603734970092773 5.112769603729248 0.3159768283367157 
v -7.760440826416016 5.329588890075684 0.5557581782341003 
v -7.764772415161133 5.467230319976807 0.6514401435852051 
v -7.765313625335693 5.243308067321777 0.6404062509536743 
v -8.730499267578125 5.55450439453125 0.636289119720459 
v -8.501835823059082 5.493407726287842 0.6497933268547058 
v -8.77634048461914 5.414180278778076 0.6548985242843628 
v -4.535695552825928 4.871561527252197 0.6585215926170349 
v -4.545080184936523 4.905636310577393 0.6198206543922424 
v -4.520355224609375 4.951533794403076 0.6435352563858032 
v -4.531905651092529 5.566376209259033 0.5307260751724243 
v -4.502488136291504 5.564736843109131 0.6229496598243713 
v -4.571971416473389 5.561259746551514 0.6464996337890625 
v -5.0949907302856445 4.333363056182861 0.6525929570198059 
v -5.139207363128662 4.426051139831543 0.6547338366508484 
v -5.399453639984131 4.2892045974731445 0.648640513420105 
v -4.460076332092285 5.491569519042969 0.319270521402359 
v -4.92498254776001 5.5044846534729 0.07141958922147751 
v -4.741799354553223 5.499368190765381 0.08492375910282135 
v -4.842865943908691 5.564886093139648 0.6326660513877869 
v -4.571971416473389 5.561259746551514 0.6464996337890625 
v -4.531905651092529 5.566376209259033 0.5307260751724243 
v -4.4517741203308105 4.452725410461426 0.641888439655304 
v -4.397270679473877 4.54670524597168 0.47687405347824097 
v -4.415318012237549 4.4871978759765625 0.5618515014648438 
v -4.537680625915527 5.184893608093262 0.6471583247184753 
v -4.49021577835083 5.087833881378174 0.6665911674499512 
v -4.45123291015625 5.103729248046875 0.6507813930511475 
v -4.47216796875 5.030760765075684 0.5980822443962097 
v -4.45123291015625 5.103729248046875 0.6507813930511475 
v -4.5301008224487305 5.239532947540283 0.6292076706886292 
v -4.918846130371094 4.744450092315674 -0.04929451644420624 
v -4.8665080070495605 4.678435802459717 -0.05374101176857948 
v -4.937074184417725 4.730094909667969 -0.009934799745678902 
v -4.5301008224487305 5.239532947540283 0.6292076706886292 
v -4.45123291015625 5.103729248046875 0.6507813930511475 
v -4.537680625915527 5.184893608093262 0.6471583247184753 
v -4.566737651824951 5.065779685974121 0.10023946315050125 
v -4.588935852050781 5.066176891326904 0.14997433125972748 
v -4.544538974761963 4.991370677947998 0.17582988739013672 
v -4.49021577835083 5.087833881378174 0.6665911674499512 
v -4.45123291015625 5.103729248046875 0.6507813930511475 
v -4.520355224609375 4.951533794403076 0.6435352563858032 
v -4.440765380859375 4.2795186042785645 0.5348432064056396 
v -4.450150012969971 4.283442497253418 0.6456761956214905 
v -4.619075298309326 4.267149925231934 0.53336101770401 
v -4.958550930023193 5.561707019805908 0.6483111381530762 
v -4.9657697677612305 5.561905384063721 0.5358312726020813 
v -4.960896968841553 5.357255935668945 0.6555572748184204 
v -5.475975513458252 4.288111686706543 0.5307260751724243 
v -5.4451141357421875 4.348016262054443 0.5272676944732666 
v -4.958189964294434 4.279468536376953 0.5294085741043091 
v -4.960896968841553 5.357255935668945 0.6555572748184204 
v -5.190823554992676 5.555299282073975 0.6476523876190186 
v -4.958550930023193 5.561707019805908 0.6483111381530762 
v -5.1850481033325195 5.381495952606201 0.6537457704544067 
v -4.960896968841553 5.357255935668945 0.6555572748184204 
v -5.190823554992676 5.555299282073975 0.6476523876190186 
v -4.508804798126221 4.7412214279174805 0.31136563420295715 
v -4.431019306182861 4.650221824645996 0.2482912838459015 
v -4.449247360229492 4.582518577575684 0.3592889606952667 
v -4.934728145599365 5.499020576477051 0.5247973799705505 
v -4.927689552307129 5.3588457107543945 0.6512754559516907 
v -4.9192070960998535 5.554653644561768 0.637112557888031 
v -4.469641208648682 4.540595531463623 0.6392534971237183 
v -4.526130199432373 4.483870029449463 0.6883295774459839 
v -4.501946449279785 4.515759468078613 0.6758135557174683 
v -4.588033676147461 4.698602676391602 0.6586862802505493 
v -4.563488960266113 4.681068420410156 0.6217968463897705 
v -4.555908679962158 4.783442974090576 0.6432058811187744 
v -4.920470237731934 4.44169807434082 0.41775214672088623 
v -4.921372890472412 4.448503017425537 0.6522635817527771 
v -4.917582988739014 4.281405925750732 0.6501227021217346 
v -4.526130199432373 4.483870029449463 0.6883295774459839 
v -4.4517741203308105 4.452725410461426 0.641888439655304 
v -4.469641208648682 4.540595531463623 0.6392534971237183 
v -5.856780052185059 4.820994853973389 0.10205099731683731 
v -5.860750198364258 4.65399694442749 0.08838214725255966 
v -5.902440547943115 4.735857009887695 -0.04171900451183319 
v -4.699567794799805 4.348463535308838 0.5162338018417358 
v -4.913973331451416 4.3561625480651855 0.33013972640037537 
v -4.773021697998047 4.349158763885498 0.08673529326915741 
v -4.434989929199219 4.365103721618652 0.598905622959137 
v -4.450150012969971 4.283442497253418 0.6456761956214905 
v -4.4517741203308105 4.452725410461426 0.641888439655304 
v -4.510067939758301 4.804553508758545 0.41198816895484924 
v -4.484621047973633 4.6692962646484375 0.42730388045310974 
v -4.508804798126221 4.7412214279174805 0.31136563420295715 
v -4.917582988739014 4.281405925750732 0.6501227021217346 
v -4.921372890472412 4.448503017425537 0.6522635817527771 
v -4.740174770355225 4.477362632751465 0.6524282693862915 
v -4.917582988739014 4.281405925750732 0.6501227021217346 
v -4.618173122406006 4.286025524139404 0.6590156555175781 
v -4.740174770355225 4.477362632751465 0.6524282693862915 
v -4.773021697998047 4.349158763885498 0.08673529326915741 
v -4.776269912719727 4.2808098793029785 0.06433813273906708 
v -4.920289993286133 4.35094690322876 0.0740545466542244 
v -4.460076332092285 5.491569519042969 0.319270521402359 
v -4.92498254776001 5.5044846534729 0.07141958922147751 
v -4.92588472366333 5.4924139976501465 0.3961784243583679 
v -4.8666887283325195 4.452775001525879 0.6593450307846069 
v -4.740174770355225 4.477362632751465 0.6524282693862915 
v -4.921372890472412 4.448503017425537 0.6522635817527771 
v -4.915958404541016 4.280760288238525 0.5348432064056396 
v -4.618173122406006 4.286025524139404 0.6590156555175781 
v -4.917582988739014 4.281405925750732 0.6501227021217346 
v -4.921372890472412 4.348711967468262 0.5271030068397522 
v -4.917582988739014 4.281405925750732 0.6501227021217346 
v -4.915958404541016 4.280760288238525 0.5348432064056396 
v -4.543275356292725 5.390486717224121 0.6222909092903137 
v -4.5301008224487305 5.239532947540283 0.6292076706886292 
v -4.568181037902832 5.282201290130615 0.5630043148994446 
v -4.555367469787598 5.376826763153076 0.4940012991428375 
v -4.543275356292725 5.390486717224121 0.6222909092903137 
v -4.5524797439575195 5.494351387023926 0.5162338018417358 
v -4.568722724914551 5.069505214691162 0.2662419378757477 
v -4.603734970092773 5.112769603729248 0.3159768283367157 
v -4.504834175109863 4.895155429840088 0.26574790477752686 
v -4.460076332092285 5.491569519042969 0.319270521402359 
v -4.741799354553223 5.499368190765381 0.08492375910282135 
v -4.507902145385742 5.500858306884766 0.22918781638145447 
v -4.575039386749268 5.326757431030273 0.2736527621746063 
v -4.460076332092285 5.491569519042969 0.319270521402359 
v -4.541290283203125 5.3397216796875 0.3471022844314575 
v -4.5091657638549805 5.4398112297058105 0.46122899651527405 
v -4.555367469787598 5.376826763153076 0.4940012991428375 
v -4.5524797439575195 5.494351387023926 0.5162338018417358 
v -4.545080184936523 4.905636310577393 0.6198206543922424 
v -4.522521018981934 4.836790561676025 0.6585215926170349 
v -4.547967910766602 4.849308013916016 0.5816137194633484 
v -4.5301008224487305 5.239532947540283 0.6292076706886292 
v -4.568181037902832 5.282201290130615 0.5630043148994446 
v -4.47216796875 5.030760765075684 0.5980822443962097 
v -4.545080184936523 4.905636310577393 0.6198206543922424 
v -4.532988548278809 4.949795246124268 0.49186038970947266 
v -4.47216796875 5.030760765075684 0.5980822443962097 
v -4.484440326690674 5.40176248550415 -0.04863577336072922 
v -4.573054313659668 5.404444694519043 0.07141958922147751 
v -4.501405239105225 5.424065113067627 -0.05160010606050491 
v -4.603734970092773 5.112769603729248 0.3159768283367157 
v -4.592184543609619 5.274651050567627 0.18077042698860168 
v -4.575039386749268 5.326757431030273 0.2736527621746063 
v -4.603734970092773 5.112769603729248 0.3159768283367157 
v -4.541290283203125 5.3397216796875 0.3471022844314575 
v -4.575039386749268 5.326757431030273 0.2736527621746063 
v -4.504834175109863 4.895155429840088 0.26574790477752686 
v -4.515662670135498 4.953669548034668 0.23116403818130493 
v -4.568722724914551 5.069505214691162 0.2662419378757477 
v -4.842865943908691 5.564886093139648 0.6326660513877869 
v -4.923177719116211 5.562352657318115 0.5346785187721252 
v -4.531905651092529 5.566376209259033 0.5307260751724243 
v -4.450150012969971 4.283442497253418 0.6456761956214905 
v -4.526130199432373 4.483870029449463 0.6883295774459839 
v -4.618173122406006 4.286025524139404 0.6590156555175781 
v -4.47216796875 5.030760765075684 0.5980822443962097 
v -4.545080184936523 4.905636310577393 0.6198206543922424 
v -4.520355224609375 4.951533794403076 0.6435352563858032 
v -4.568181037902832 5.4167633056640625 0.21535427868366241 
v -4.460076332092285 5.491569519042969 0.319270521402359 
v -4.575039386749268 5.326757431030273 0.2736527621746063 
v -4.45123291015625 5.103729248046875 0.6507813930511475 
v -4.47216796875 5.030760765075684 0.5980822443962097 
v -4.520355224609375 4.951533794403076 0.6435352563858032 
v -4.521799087524414 5.5057759284973145 0.07471328973770142 
v -4.507902145385742 5.500858306884766 0.22918781638145447 
v -4.508624076843262 5.486652374267578 0.14322224259376526 
v -4.500322341918945 5.045960426330566 0.020202554762363434 
v -4.49346399307251 5.212312698364258 -0.05291758477687836 
v -4.515482425689697 5.077849864959717 -0.05456443503499031 
v -4.567459583282471 5.1770453453063965 0.19081620872020721 
v -4.603734970092773 5.112769603729248 0.3159768283367157 
v -4.568722724914551 5.069505214691162 0.2662419378757477 
v -4.460076332092285 5.491569519042969 0.319270521402359 
v -4.5524797439575195 5.494351387023926 0.5162338018417358 
v -4.934728145599365 5.499020576477051 0.5247973799705505 
v -4.470724105834961 5.575068473815918 -0.05094136670231819 
v -4.501405239105225 5.424065113067627 -0.05160010606050491 
v -4.919568061828613 5.571740627288818 -0.0512707345187664 
v -4.507902145385742 5.500858306884766 0.22918781638145447 
v -4.508624076843262 5.486652374267578 0.14322224259376526 
v -4.568181037902832 5.4167633056640625 0.21535427868366241 
v -4.568181037902832 5.4167633056640625 0.21535427868366241 
v -4.592184543609619 5.274651050567627 0.18077042698860168 
v -4.557533264160156 5.284486293792725 0.0834415927529335 
v -4.521799087524414 5.5057759284973145 0.07471328973770142 
v -4.501405239105225 5.424065113067627 -0.05160010606050491 
v -4.573054313659668 5.404444694519043 0.07141958922147751 
v -4.553382396697998 5.209382057189941 0.12477753311395645 
v -4.527213096618652 5.1851420402526855 0.05972695350646973 
v -4.557533264160156 5.284486293792725 0.0834415927529335 
v -4.482816219329834 5.573678016662598 0.0648321881890297 
v -4.521799087524414 5.5057759284973145 0.07471328973770142 
v -4.6636528968811035 5.567319869995117 0.0651615634560585 
v -4.482816219329834 5.573678016662598 0.0648321881890297 
v -4.470724105834961 5.575068473815918 -0.05094136670231819 
v -4.6636528968811035 5.567319869995117 0.0651615634560585 
v -4.588935852050781 5.066176891326904 0.14997433125972748 
v -4.568722724914551 5.069505214691162 0.2662419378757477 
v -4.567459583282471 5.1770453453063965 0.19081620872020721 
v -4.532988548278809 4.949795246124268 0.49186038970947266 
v -4.545080184936523 4.905636310577393 0.6198206543922424 
v -4.547967910766602 4.849308013916016 0.5816137194633484 
v -4.484440326690674 5.40176248550415 -0.04863577336072922 
v -4.501405239105225 5.424065113067627 -0.05160010606050491 
v -4.919568061828613 5.571740627288818 -0.0512707345187664 
v -4.521799087524414 5.5057759284973145 0.07471328973770142 
v -4.6636528968811035 5.567319869995117 0.0651615634560585 
v -4.741799354553223 5.499368190765381 0.08492375910282135 
v -4.898813247680664 5.336940288543701 -0.049129828810691833 
v -4.884194850921631 5.11525297164917 -0.05209416151046753 
v -4.484440326690674 5.40176248550415 -0.04863577336072922 
v -4.567459583282471 5.1770453453063965 0.19081620872020721 
v -4.588935852050781 5.066176891326904 0.14997433125972748 
v -4.5735955238342285 5.1144585609436035 0.14239881932735443 
v -4.567459583282471 5.1770453453063965 0.19081620872020721 
v -4.603734970092773 5.112769603729248 0.3159768283367157 
v -4.592184543609619 5.274651050567627 0.18077042698860168 
v -4.544538974761963 4.991370677947998 0.17582988739013672 
v -4.484801292419434 5.022813320159912 0.09991009533405304 
v -4.566737651824951 5.065779685974121 0.10023946315050125 
v -4.5781073570251465 5.164577484130859 0.13795232772827148 
v -4.553382396697998 5.209382057189941 0.12477753311395645 
v -4.527213096618652 5.1851420402526855 0.05972695350646973 
v -4.567459583282471 5.1770453453063965 0.19081620872020721 
v -4.553382396697998 5.209382057189941 0.12477753311395645 
v -4.592184543609619 5.274651050567627 0.18077042698860168 
v -4.5735955238342285 5.1144585609436035 0.14239881932735443 
v -4.567459583282471 5.1770453453063965 0.19081620872020721 
v -4.5781073570251465 5.164577484130859 0.13795232772827148 
v -4.544538974761963 4.991370677947998 0.17582988739013672 
v -4.496893405914307 4.944678783416748 0.14388099312782288 
v -4.479928493499756 4.979300498962402 0.13449394702911377 
v -4.508082866668701 5.044122695922852 0.054127663373947144 
v -4.49346399307251 5.212312698364258 -0.05291758477687836 
v -4.500322341918945 5.045960426330566 0.020202554762363434 
v -4.508082866668701 5.044122695922852 0.054127663373947144 
v -4.527213096618652 5.1851420402526855 0.05972695350646973 
v -4.529017925262451 5.069306373596191 0.0862412378191948 
v -4.944293022155762 5.375436305999756 0.46682828664779663 
v -4.92588472366333 5.4924139976501465 0.3961784243583679 
v -4.934728145599365 5.499020576477051 0.5247973799705505 
v -4.4611592292785645 4.944530010223389 -0.02030995488166809 
v -4.433004856109619 4.890039443969727 -0.05456443503499031 
v -4.479748249053955 5.019683837890625 -0.05291758477687836 
v -4.964686870574951 5.379857063293457 0.3732872009277344 
v -4.964686870574951 5.385072708129883 0.22770565748214722 
v -4.944293022155762 5.375436305999756 0.46682828664779663 
v -4.9657697677612305 5.561905384063721 0.5358312726020813 
v -5.190823554992676 5.555299282073975 0.6476523876190186 
v -4.958550930023193 5.561707019805908 0.6483111381530762 
v -4.964686870574951 5.379857063293457 0.3732872009277344 
v -4.960896968841553 5.357255935668945 0.6555572748184204 
v -4.970823287963867 5.498076915740967 0.5256208181381226 
v -4.515482425689697 5.077849864959717 -0.05456443503499031 
v -4.433004856109619 4.890039443969727 -0.05456443503499031 
v -4.884194850921631 5.11525297164917 -0.05209416151046753 
v -4.944293022155762 5.375436305999756 0.46682828664779663 
v -4.927689552307129 5.3588457107543945 0.6512754559516907 
v -4.960896968841553 5.357255935668945 0.6555572748184204 
v -4.92588472366333 5.4924139976501465 0.3961784243583679 
v -4.92750883102417 5.500212669372559 0.2270469218492508 
v -4.944293022155762 5.375436305999756 0.46682828664779663 
v -4.547967910766602 4.849308013916016 0.5816137194633484 
v -4.5842437744140625 4.760643482208252 0.5313847661018372 
v -4.522521018981934 4.836790561676025 0.6585215926170349 
v -5.18270206451416 5.499914646148682 0.33936208486557007 
v -4.970823287963867 5.498076915740967 0.5256208181381226 
v -4.972808361053467 5.494202136993408 0.26261886954307556 
v -4.972808361053467 5.494202136993408 0.26261886954307556 
v -4.954219341278076 5.411299228668213 0.0024165750946849585 
v -4.982734680175781 5.396447658538818 0.2723352909088135 
v -4.92588472366333 5.4924139976501465 0.3961784243583679 
v -4.92498254776001 5.5044846534729 0.07141958922147751 
v -4.92750883102417 5.500212669372559 0.2270469218492508 
v -5.18270206451416 5.499914646148682 0.33936208486557007 
v -4.970823287963867 5.498076915740967 0.5256208181381226 
v -5.396024703979492 5.501404762268066 0.5234799385070801 
v -4.970823287963867 5.498076915740967 0.5256208181381226 
v -4.964686870574951 5.379857063293457 0.3732872009277344 
v -4.972808361053467 5.494202136993408 0.26261886954307556 
v -4.964686870574951 5.379857063293457 0.3732872009277344 
v -4.972808361053467 5.494202136993408 0.26261886954307556 
v -4.982734680175781 5.396447658538818 0.2723352909088135 
v -4.92786979675293 5.405885219573975 -0.008123264648020267 
v -4.954219341278076 5.411299228668213 0.0024165750946849585 
v -4.943210601806641 5.405139923095703 0.11324957758188248 
v -4.940683841705322 5.323925971984863 -0.01108759455382824 
v -4.959994792938232 5.426548957824707 -0.050447311252355576 
v -4.949346542358398 5.2667036056518555 -0.04073089361190796 
v -4.963603973388672 5.568164348602295 -0.049459200352430344 
v -5.200569152832031 5.563941955566406 0.03255392983555794 
v -4.959814071655273 5.562650680541992 0.06730246543884277 
v -4.972808361053467 5.494202136993408 0.26261886954307556 
v -4.962160587310791 5.500907897949219 0.0743839219212532 
v -4.954219341278076 5.411299228668213 0.0024165750946849585 
v -4.982734680175781 5.396447658538818 0.2723352909088135 
v -4.964686870574951 5.385072708129883 0.22770565748214722 
v -4.954219341278076 5.411299228668213 0.0024165750946849585 
v -4.959994792938232 5.426548957824707 -0.050447311252355576 
v -4.954219341278076 5.411299228668213 0.0024165750946849585 
v -4.962160587310791 5.500907897949219 0.0743839219212532 
v -4.92786979675293 5.405885219573975 -0.008123264648020267 
v -4.943210601806641 5.405139923095703 0.11324957758188248 
v -4.92498254776001 5.5044846534729 0.07141958922147751 
v -4.917041301727295 5.571293830871582 0.05775073543190956 
v -4.92498254776001 5.5044846534729 0.07141958922147751 
v -4.919568061828613 5.571740627288818 -0.0512707345187664 
v -4.917582988739014 5.26183557510376 -0.012569759972393513 
v -4.92786979675293 5.405885219573975 -0.008123264648020267 
v -4.898813247680664 5.336940288543701 -0.049129828810691833 
v -4.92498254776001 5.5044846534729 0.07141958922147751 
v -4.92786979675293 5.405885219573975 -0.008123264648020267 
v -4.919568061828613 5.571740627288818 -0.0512707345187664 
v -4.913612365722656 4.953818321228027 -0.04863577336072922 
v -4.884194850921631 5.11525297164917 -0.05209416151046753 
v -4.433004856109619 4.890039443969727 -0.05456443503499031 
v -4.954219341278076 5.411299228668213 0.0024165750946849585 
v -4.959994792938232 5.426548957824707 -0.050447311252355576 
v -4.940683841705322 5.323925971984863 -0.01108759455382824 
v -4.917582988739014 5.26183557510376 -0.012569759972393513 
v -4.898813247680664 5.336940288543701 -0.049129828810691833 
v -4.884194850921631 5.11525297164917 -0.05209416151046753 
v -5.712218761444092 5.495593070983887 0.080312579870224 
v -4.959814071655273 5.562650680541992 0.06730246543884277 
v -4.962160587310791 5.500907897949219 0.0743839219212532 
v -5.712218761444092 5.495593070983887 0.080312579870224 
v -4.959814071655273 5.562650680541992 0.06730246543884277 
v -5.57686185836792 5.555050849914551 0.06598498672246933 
v -4.921733856201172 4.613017559051514 -0.007958579808473587 
v -4.8665080070495605 4.678435802459717 -0.05374101176857948 
v -4.937074184417725 4.730094909667969 -0.009934799745678902 
v -4.9298553466796875 4.954216003417969 -0.0031827150378376245 
v -4.974252223968506 5.019336223602295 -0.05077667906880379 
v -4.917582988739014 5.26183557510376 -0.012569759972393513 
v -4.974252223968506 5.019336223602295 -0.05077667906880379 
v -4.971545219421387 4.748175621032715 -0.05176478996872902 
v -4.954580307006836 4.817766189575195 -0.050447311252355576 
v -4.4517741203308105 4.452725410461426 0.641888439655304 
v -4.397270679473877 4.54670524597168 0.47687405347824097 
v -4.469641208648682 4.540595531463623 0.6392534971237183 
v -4.913612365722656 4.953818321228027 -0.04863577336072922 
v -4.884194850921631 5.11525297164917 -0.05209416151046753 
v -4.9298553466796875 4.954216003417969 -0.0031827150378376245 
v -4.484440326690674 5.40176248550415 -0.04863577336072922 
v -4.898813247680664 5.336940288543701 -0.049129828810691833 
v -4.919568061828613 5.571740627288818 -0.0512707345187664 
v -4.922996997833252 4.499715328216553 -0.011746334843337536 
v -4.881307125091553 4.527531623840332 -0.0512707345187664 
v -4.921733856201172 4.613017559051514 -0.007958579808473587 
v -4.397270679473877 4.54670524597168 0.47687405347824097 
v -4.484621047973633 4.6692962646484375 0.42730388045310974 
v -4.539666175842285 4.675604343414307 0.5033883452415466 
v -4.915958404541016 4.280760288238525 0.5348432064056396 
v -4.619075298309326 4.267149925231934 0.53336101770401 
v -4.699567794799805 4.348463535308838 0.5162338018417358 
v -4.484621047973633 4.6692962646484375 0.42730388045310974 
v -4.397270679473877 4.54670524597168 0.47687405347824097 
v -4.449247360229492 4.582518577575684 0.3592889606952667 
v -4.431019306182861 4.650221824645996 0.2482912838459015 
v -4.508804798126221 4.7412214279174805 0.31136563420295715 
v -4.4894938468933105 4.751305103302002 0.22556474804878235 
v -4.508804798126221 4.7412214279174805 0.31136563420295715 
v -4.484621047973633 4.6692962646484375 0.42730388045310974 
v -4.449247360229492 4.582518577575684 0.3592889606952667 
v -4.418025016784668 4.497430324554443 0.49235445261001587 
v -4.380666732788086 4.462162971496582 0.4538181722164154 
v -4.406113624572754 4.418550968170166 0.5462064743041992 
v -4.415318012237549 4.4871978759765625 0.5618515014648438 
v -4.434989929199219 4.365103721618652 0.598905622959137 
v -4.406113624572754 4.418550968170166 0.5462064743041992 
v -4.4458184242248535 4.335498809814453 0.5534526109695435 
v -4.619075298309326 4.267149925231934 0.53336101770401 
v -4.440765380859375 4.2795186042785645 0.5348432064056396 
v -4.415318012237549 4.4871978759765625 0.5618515014648438 
v -4.4517741203308105 4.452725410461426 0.641888439655304 
v -4.434989929199219 4.365103721618652 0.598905622959137 
v -4.404670238494873 4.345930099487305 0.5312201380729675 
v -4.440765380859375 4.2795186042785645 0.5348432064056396 
v -4.434989929199219 4.365103721618652 0.598905622959137 
v -4.4517741203308105 4.452725410461426 0.641888439655304 
v -4.526130199432373 4.483870029449463 0.6883295774459839 
v -4.450150012969971 4.283442497253418 0.6456761956214905 
v -4.415318012237549 4.4871978759765625 0.5618515014648438 
v -4.418025016784668 4.497430324554443 0.49235445261001587 
v -4.406113624572754 4.418550968170166 0.5462064743041992 
v -4.449247360229492 4.582518577575684 0.3592889606952667 
v -4.397270679473877 4.54670524597168 0.47687405347824097 
v -4.380666732788086 4.462162971496582 0.4538181722164154 
v -4.418025016784668 4.497430324554443 0.49235445261001587 
v -4.397270679473877 4.54670524597168 0.47687405347824097 
v -4.380666732788086 4.462162971496582 0.4538181722164154 
v -4.414776802062988 4.691251277923584 0.1656194031238556 
v -4.488230228424072 4.49420166015625 0.15145650506019592 
v -4.4519548416137695 4.590366840362549 0.09743981808423996 
v -4.913973331451416 4.3561625480651855 0.33013972640037537 
v -4.921372890472412 4.348711967468262 0.5271030068397522 
v -4.699567794799805 4.348463535308838 0.5162338018417358 
v -4.699567794799805 4.348463535308838 0.5162338018417358 
v -4.915958404541016 4.280760288238525 0.5348432064056396 
v -4.921372890472412 4.348711967468262 0.5271030068397522 
v -4.5030293464660645 4.43235969543457 0.2359399050474167 
v -4.488230228424072 4.49420166015625 0.15145650506019592 
v -4.501224517822266 4.3541259765625 0.07092553377151489 
v -4.8665080070495605 4.678435802459717 -0.05374101176857948 
v -4.918846130371094 4.744450092315674 -0.04929451644420624 
v -4.433004856109619 4.890039443969727 -0.05456443503499031 
v -4.419107913970947 4.703619480133057 -0.049459200352430344 
v -4.433004856109619 4.890039443969727 -0.05456443503499031 
v -4.8665080070495605 4.678435802459717 -0.05374101176857948 
v -4.401421546936035 4.786224365234375 0.11012056469917297 
v -4.430658340454102 4.871362686157227 0.08920557051897049 
v -4.4894938468933105 4.751305103302002 0.22556474804878235 
v -4.504834175109863 4.895155429840088 0.26574790477752686 
v -4.479928493499756 4.872008323669434 0.20366165041923523 
v -4.4894938468933105 4.751305103302002 0.22556474804878235 
v -4.389510154724121 4.726617813110352 -0.05604660138487816 
v -4.4084601402282715 4.818461894989014 0.0040634251199662685 
v -4.401421546936035 4.786224365234375 0.11012056469917297 
v -4.401060581207275 4.879558563232422 0.03568294644355774 
v -4.4084601402282715 4.818461894989014 0.0040634251199662685 
v -4.401421546936035 4.786224365234375 0.11012056469917297 
v -4.4611592292785645 4.944530010223389 -0.02030995488166809 
v -4.406113624572754 4.885867118835449 0.008345235139131546 
v -4.433004856109619 4.890039443969727 -0.05456443503499031 
v -4.389510154724121 4.726617813110352 -0.05604660138487816 
v -4.41134786605835 4.679727077484131 -0.0018652350408956409 
v -4.401421546936035 4.786224365234375 0.11012056469917297 
v -4.4775824546813965 4.469067573547363 0.276123046875 
v -4.488230228424072 4.49420166015625 0.15145650506019592 
v -4.414776802062988 4.691251277923584 0.1656194031238556 
v -4.433004856109619 4.890039443969727 -0.05456443503499031 
v -4.419107913970947 4.703619480133057 -0.049459200352430344 
v -4.389510154724121 4.726617813110352 -0.05604660138487816 
v -4.433004856109619 4.890039443969727 -0.05456443503499031 
v -4.406113624572754 4.885867118835449 0.008345235139131546 
v -4.4084601402282715 4.818461894989014 0.0040634251199662685 
v -4.426868438720703 4.6562323570251465 -0.015534089878201485 
v -4.41134786605835 4.679727077484131 -0.0018652350408956409 
v -4.419107913970947 4.703619480133057 -0.049459200352430344 
v -4.469460964202881 4.472296237945557 -0.014545979909598827 
v -4.419107913970947 4.703619480133057 -0.049459200352430344 
v -4.426868438720703 4.6562323570251465 -0.015534089878201485 
v -4.8665080070495605 4.678435802459717 -0.05374101176857948 
v -4.476860523223877 4.47939920425415 -0.05176478996872902 
v -4.419107913970947 4.703619480133057 -0.049459200352430344 
v -4.414776802062988 4.691251277923584 0.1656194031238556 
v -4.4519548416137695 4.590366840362549 0.09743981808423996 
v -4.438779830932617 4.617041110992432 0.024154994636774063 
v -4.501224517822266 4.3541259765625 0.07092553377151489 
v -4.5994038581848145 4.346128940582275 0.09002899378538132 
v -4.521618366241455 4.353033065795898 0.20712003111839294 
v -4.488230228424072 4.49420166015625 0.15145650506019592 
v -4.438779830932617 4.617041110992432 0.024154994636774063 
v -4.4519548416137695 4.590366840362549 0.09743981808423996 
v -4.493644714355469 4.2870683670043945 0.061867859214544296 
v -4.559157371520996 4.2777299880981445 0.06878463178873062 
v -4.501224517822266 4.3541259765625 0.07092553377151489 
v -4.469460964202881 4.472296237945557 -0.014545979909598827 
v -4.488230228424072 4.49420166015625 0.15145650506019592 
v -4.501224517822266 4.3541259765625 0.07092553377151489 
v -4.419107913970947 4.703619480133057 -0.049459200352430344 
v -4.476860523223877 4.47939920425415 -0.05176478996872902 
v -4.469460964202881 4.472296237945557 -0.014545979909598827 
v -4.501224517822266 4.3541259765625 0.07092553377151489 
v -4.482274532318115 4.281803131103516 -0.05061199516057968 
v -4.476860523223877 4.47939920425415 -0.05176478996872902 
v -4.426868438720703 4.6562323570251465 -0.015534089878201485 
v -4.469460964202881 4.472296237945557 -0.014545979909598827 
v -4.438779830932617 4.617041110992432 0.024154994636774063 
v -4.493644714355469 4.2870683670043945 0.061867859214544296 
v -4.465129375457764 4.281256675720215 -0.04748297855257988 
v -4.482274532318115 4.281803131103516 -0.05061199516057968 
v -4.469460964202881 4.472296237945557 -0.014545979909598827 
v -4.476860523223877 4.47939920425415 -0.05176478996872902 
v -4.501224517822266 4.3541259765625 0.07092553377151489 
v -4.559157371520996 4.2777299880981445 0.06878463178873062 
v -4.465129375457764 4.281256675720215 -0.04748297855257988 
v -4.493644714355469 4.2870683670043945 0.061867859214544296 
v -4.956385135650635 4.346973419189453 0.5264442563056946 
v -4.953858375549316 4.347718238830566 0.07570140063762665 
v -5.06575345993042 4.349158763885498 0.5157397389411926 
v -5.2121195793151855 4.352337837219238 0.3283281922340393 
v -4.921372890472412 4.348711967468262 0.5271030068397522 
v -4.913973331451416 4.3561625480651855 0.33013972640037537 
v -4.920470237731934 4.44169807434082 0.41775214672088623 
v -4.951512336730957 4.443833827972412 0.4526653587818146 
v -4.953858375549316 4.347718238830566 0.07570140063762665 
v -4.946639537811279 4.431366443634033 0.1847228705883026 
v -4.414776802062988 4.687227725982666 0.2056378722190857 
v -4.4775824546813965 4.469067573547363 0.276123046875 
v -4.431019306182861 4.650221824645996 0.2482912838459015 
v -4.958189964294434 4.279468536376953 0.5294085741043091 
v -4.956385135650635 4.346973419189453 0.5264442563056946 
v -4.959994792938232 4.2823991775512695 0.6428765654563904 
v -4.920470237731934 4.44169807434082 0.41775214672088623 
v -4.953858375549316 4.44502592086792 0.6524282693862915 
v -4.921372890472412 4.448503017425537 0.6522635817527771 
v -4.922996997833252 4.499715328216553 -0.011746334843337536 
v -4.953858375549316 4.567865371704102 -0.013887239620089531 
v -4.921733856201172 4.613017559051514 -0.007958579808473587 
v -4.920470237731934 4.44169807434082 0.41775214672088623 
v -4.917582988739014 4.281405925750732 0.6501227021217346 
v -4.921372890472412 4.348711967468262 0.5271030068397522 
v -4.937074184417725 4.730094909667969 -0.009934799745678902 
v -4.942849636077881 4.822385787963867 -0.004994249902665615 
v -4.918304920196533 4.829041957855225 -0.007299839984625578 
v -5.2121195793151855 4.352337837219238 0.3283281922340393 
v -5.4451141357421875 4.348016262054443 0.5272676944732666 
v -5.06575345993042 4.349158763885498 0.5157397389411926 
v -4.953858375549316 4.567865371704102 -0.013887239620089531 
v -4.952956199645996 4.2826972007751465 -0.05077667906880379 
v -4.9554829597473145 4.611676216125488 -0.05176478996872902 
v -4.953858375549316 4.347718238830566 0.07570140063762665 
v -4.956385135650635 4.346973419189453 0.5264442563056946 
v -4.951512336730957 4.443833827972412 0.4526653587818146 
v -4.9554829597473145 4.611676216125488 -0.05176478996872902 
v -4.952956199645996 4.2826972007751465 -0.05077667906880379 
v -4.971545219421387 4.748175621032715 -0.05176478996872902 
v -4.881307125091553 4.527531623840332 -0.0512707345187664 
v -4.922996997833252 4.499715328216553 -0.011746334843337536 
v -4.921914100646973 4.481038570404053 -0.05077667906880379 
v -4.954580307006836 4.817766189575195 -0.050447311252355576 
v -4.942849636077881 4.822385787963867 -0.004994249902665615 
v -4.937074184417725 4.730094909667969 -0.009934799745678902 
v -4.918846130371094 4.744450092315674 -0.04929451644420624 
v -4.913612365722656 4.953818321228027 -0.04863577336072922 
v -4.918304920196533 4.829041957855225 -0.007299839984625578 
v -4.918846130371094 4.744450092315674 -0.04929451644420624 
v -4.913612365722656 4.953818321228027 -0.04863577336072922 
v -4.433004856109619 4.890039443969727 -0.05456443503499031 
v -4.9298553466796875 4.954216003417969 -0.0031827150378376245 
v -4.918304920196533 4.829041957855225 -0.007299839984625578 
v -4.913612365722656 4.953818321228027 -0.04863577336072922 
v -4.913973331451416 4.3561625480651855 0.33013972640037537 
v -4.9192070960998535 4.432806968688965 0.16776031255722046 
v -4.920289993286133 4.35094690322876 0.0740545466542244 
v -4.942849636077881 4.822385787963867 -0.004994249902665615 
v -4.9298553466796875 4.954216003417969 -0.0031827150378376245 
v -4.954580307006836 4.817766189575195 -0.050447311252355576 
v -4.920470237731934 4.44169807434082 0.41775214672088623 
v -4.9192070960998535 4.432806968688965 0.16776031255722046 
v -4.913973331451416 4.3561625480651855 0.33013972640037537 
v -4.924440860748291 4.430968761444092 0.005216219928115606 
v -4.9192070960998535 4.432806968688965 0.16776031255722046 
v -4.920289993286133 4.35094690322876 0.0740545466542244 
v -4.773021697998047 4.349158763885498 0.08673529326915741 
v -4.913973331451416 4.3561625480651855 0.33013972640037537 
v -4.920289993286133 4.35094690322876 0.0740545466542244 
v -4.920470237731934 4.44169807434082 0.41775214672088623 
v -4.9192070960998535 4.432806968688965 0.16776031255722046 
v -4.946639537811279 4.431366443634033 0.1847228705883026 
v -4.501224517822266 4.3541259765625 0.07092553377151489 
v -4.5994038581848145 4.346128940582275 0.09002899378538132 
v -4.559157371520996 4.2777299880981445 0.06878463178873062 
v -5.399453639984131 4.2892045974731445 0.648640513420105 
v -4.959994792938232 4.2823991775512695 0.6428765654563904 
v -5.475975513458252 4.288111686706543 0.5307260751724243 
v -4.920289993286133 4.35094690322876 0.0740545466542244 
v -4.924440860748291 4.430968761444092 0.005216219928115606 
v -4.921914100646973 4.481038570404053 -0.05077667906880379 
v -5.418764591217041 4.350152015686035 0.21897734701633453 
v -5.148591995239258 4.350301265716553 0.07537203282117844 
v -5.5037689208984375 4.354275226593018 0.07537203282117844 
v -4.950249195098877 4.43747615814209 -0.0007124399999156594 
v -4.953858375549316 4.347718238830566 0.07570140063762665 
v -4.952956199645996 4.2826972007751465 -0.05077667906880379 
v -4.777894496917725 4.2817535400390625 -0.05176478996872902 
v -4.920650959014893 4.280760288238525 -0.04896514490246773 
v -4.915056228637695 4.280909061431885 0.06384407728910446 
v -4.921914100646973 4.481038570404053 -0.05077667906880379 
v -4.924440860748291 4.430968761444092 0.005216219928115606 
v -4.922996997833252 4.499715328216553 -0.011746334843337536 
v -4.921914100646973 4.481038570404053 -0.05077667906880379 
v -4.920289993286133 4.35094690322876 0.0740545466542244 
v -4.920650959014893 4.280760288238525 -0.04896514490246773 
v -4.953858375549316 4.347718238830566 0.07570140063762665 
v -5.2121195793151855 4.352337837219238 0.3283281922340393 
v -5.148591995239258 4.350301265716553 0.07537203282117844 
v -4.952956199645996 4.2826972007751465 -0.05077667906880379 
v -5.16375207901001 4.284733772277832 -0.04896514490246773 
v -4.957107067108154 4.282846450805664 0.06680840998888016 
v -5.47976541519165 5.5605149269104 0.623608410358429 
v -5.591119289398193 5.540745258331299 0.6499580144882202 
v -5.190823554992676 5.555299282073975 0.6476523876190186 
v -5.591119289398193 5.540745258331299 0.6499580144882202 
v -5.1850481033325195 5.381495952606201 0.6537457704544067 
v -5.464605331420898 5.398533821105957 0.6563807129859924 
v -5.1850481033325195 5.381495952606201 0.6537457704544067 
v -5.190823554992676 5.555299282073975 0.6476523876190186 
v -5.591119289398193 5.540745258331299 0.6499580144882202 
v -5.399453639984131 4.2892045974731445 0.648640513420105 
v -5.960192680358887 4.299834251403809 0.6479817628860474 
v -5.583178520202637 4.427044868469238 0.6557219624519348 
v -5.399453639984131 4.2892045974731445 0.648640513420105 
v -5.139207363128662 4.426051139831543 0.6547338366508484 
v -5.583178520202637 4.427044868469238 0.6557219624519348 
v -5.464605331420898 5.398533821105957 0.6563807129859924 
v -5.811299800872803 5.403997421264648 0.6516048312187195 
v -5.591119289398193 5.540745258331299 0.6499580144882202 
v -5.907313346862793 5.366743564605713 0.6537457704544067 
v -5.811299800872803 5.403997421264648 0.6516048312187195 
v -5.933121204376221 5.547252178192139 0.6530870199203491 
v -5.934384822845459 5.302914619445801 0.6525929570198059 
v -5.907313346862793 5.366743564605713 0.6537457704544067 
v -5.931136131286621 5.132390022277832 0.6530870199203491 
v -5.931136131286621 5.132390022277832 0.6530870199203491 
v -5.934384822845459 5.302914619445801 0.6525929570198059 
v -5.924638748168945 5.2610907554626465 0.5289145112037659 
v -5.907313346862793 5.366743564605713 0.6537457704544067 
v -5.934384822845459 5.302914619445801 0.6525929570198059 
v -5.933121204376221 5.547252178192139 0.6530870199203491 
v -5.895762920379639 4.813246250152588 0.6535810828208923 
v -5.905508518218994 4.985708236694336 0.6550632119178772 
v -5.931136131286621 5.132390022277832 0.6530870199203491 
v -5.583178520202637 4.427044868469238 0.6557219624519348 
v -5.960192680358887 4.299834251403809 0.6479817628860474 
v -5.71763277053833 4.43747615814209 0.6539104580879211 
v -5.895762920379639 4.813246250152588 0.6535810828208923 
v -5.95351505279541 4.298145294189453 0.5336903929710388 
v -5.960192680358887 4.299834251403809 0.6479817628860474 
v -5.65933895111084 4.292780876159668 0.5704151391983032 
v -5.660241603851318 4.349009990692139 0.5228211879730225 
v -5.69796085357666 4.289800643920898 0.5303966999053955 
v -5.399453639984131 4.2892045974731445 0.648640513420105 
v -5.65933895111084 4.292780876159668 0.5704151391983032 
v -5.475975513458252 4.288111686706543 0.5307260751724243 
v -5.47976541519165 5.5605149269104 0.623608410358429 
v -5.676845550537109 5.555398464202881 0.5694270133972168 
v -5.454679489135742 5.5599188804626465 0.5294085741043091 
v -5.71763277053833 4.43747615814209 0.6539104580879211 
v -5.849019527435303 4.4302239418029785 0.6547338366508484 
v -5.960192680358887 4.299834251403809 0.6479817628860474 
v -5.849019527435303 4.4302239418029785 0.6547338366508484 
v -5.960192680358887 4.299834251403809 0.6479817628860474 
v -5.8867387771606445 4.458586692810059 0.6548985242843628 
v -5.454679489135742 5.5599188804626465 0.5294085741043091 
v -5.47976541519165 5.5605149269104 0.623608410358429 
v -4.9657697677612305 5.561905384063721 0.5358312726020813 
v -5.69796085357666 4.289800643920898 0.5303966999053955 
v -5.660241603851318 4.349009990692139 0.5228211879730225 
v -5.95351505279541 4.298145294189453 0.5336903929710388 
v -5.934384822845459 5.302914619445801 0.6525929570198059 
v -5.908215522766113 5.549736022949219 0.5308907628059387 
v -5.924638748168945 5.2610907554626465 0.5289145112037659 
v -5.454679489135742 5.5599188804626465 0.5294085741043091 
v -5.554482460021973 5.519684314727783 0.5284204483032227 
v -5.396024703979492 5.501404762268066 0.5234799385070801 
v -4.959994792938232 5.426548957824707 -0.050447311252355576 
v -5.494203567504883 5.559123992919922 -0.051929473876953125 
v -4.963603973388672 5.568164348602295 -0.049459200352430344 
v -4.974252223968506 5.019336223602295 -0.05077667906880379 
v -4.954580307006836 4.817766189575195 -0.050447311252355576 
v -4.9298553466796875 4.954216003417969 -0.0031827150378376245 
v -5.57686185836792 5.555050849914551 0.06598498672246933 
v -4.959814071655273 5.562650680541992 0.06730246543884277 
v -5.200569152832031 5.563941955566406 0.03255392983555794 
v -5.904064655303955 5.335598945617676 0.07240770012140274 
v -5.888724327087402 5.497232437133789 0.07454860210418701 
v -5.880061149597168 5.4662370681762695 0.24055108428001404 
v -5.890348434448242 5.49777889251709 0.5228211879730225 
v -5.908215522766113 5.549736022949219 0.5308907628059387 
v -5.676845550537109 5.555398464202881 0.5694270133972168 
v -5.890348434448242 5.49777889251709 0.5228211879730225 
v -5.880061149597168 5.4662370681762695 0.24055108428001404 
v -5.829347610473633 5.496586799621582 0.48230865597724915 
v -5.933121204376221 5.547252178192139 0.6530870199203491 
v -5.908215522766113 5.549736022949219 0.5308907628059387 
v -5.934384822845459 5.302914619445801 0.6525929570198059 
v -5.962177753448486 4.428336143493652 0.068290576338768 
v -5.902440547943115 4.735857009887695 -0.04171900451183319 
v -5.860750198364258 4.65399694442749 0.08838214725255966 
v -5.57686185836792 5.555050849914551 0.06598498672246933 
v -4.963603973388672 5.568164348602295 -0.049459200352430344 
v -5.494203567504883 5.559123992919922 -0.051929473876953125 
v -5.890348434448242 5.49777889251709 0.5228211879730225 
v -5.924638748168945 5.2610907554626465 0.5289145112037659 
v -5.880061149597168 5.4662370681762695 0.24055108428001404 
v -5.47976541519165 5.5605149269104 0.623608410358429 
v -5.676845550537109 5.555398464202881 0.5694270133972168 
v -5.591119289398193 5.540745258331299 0.6499580144882202 
v -5.924638748168945 5.2610907554626465 0.5289145112037659 
v -5.931136131286621 5.132390022277832 0.6530870199203491 
v -5.891792297363281 4.973190784454346 0.4803324341773987 
v -5.920848846435547 5.111080646514893 -0.050117939710617065 
v -5.925902366638184 5.346874713897705 -0.050447311252355576 
v -5.494203567504883 5.559123992919922 -0.051929473876953125 
v -5.57686185836792 5.555050849914551 0.06598498672246933 
v -5.916697978973389 5.544371128082275 0.06927868723869324 
v -5.951710224151611 5.549984455108643 -0.05028262361884117 
v -5.494203567504883 5.559123992919922 -0.051929473876953125 
v -5.951710224151611 5.549984455108643 -0.05028262361884117 
v -5.57686185836792 5.555050849914551 0.06598498672246933 
v -5.916697978973389 5.544371128082275 0.06927868723869324 
v -5.904064655303955 5.335598945617676 0.07240770012140274 
v -5.925902366638184 5.346874713897705 -0.050447311252355576 
v -5.418764591217041 4.350152015686035 0.21897734701633453 
v -5.2121195793151855 4.352337837219238 0.3283281922340393 
v -5.4451141357421875 4.348016262054443 0.5272676944732666 
v -5.888724327087402 5.497232437133789 0.07454860210418701 
v -5.904064655303955 5.335598945617676 0.07240770012140274 
v -5.916697978973389 5.544371128082275 0.06927868723869324 
v -5.712218761444092 5.495593070983887 0.080312579870224 
v -5.888724327087402 5.497232437133789 0.07454860210418701 
v -5.840176105499268 5.493407726287842 0.20102667808532715 
v -5.888724327087402 5.497232437133789 0.07454860210418701 
v -5.840176105499268 5.493407726287842 0.20102667808532715 
v -5.880061149597168 5.4662370681762695 0.24055108428001404 
v -5.494203567504883 5.559123992919922 -0.051929473876953125 
v -4.971545219421387 4.748175621032715 -0.05176478996872902 
v -5.902440547943115 4.735857009887695 -0.04171900451183319 
v -5.856780052185059 4.820994853973389 0.10205099731683731 
v -5.920848846435547 5.111080646514893 -0.050117939710617065 
v -5.905147552490234 5.094291687011719 0.060879748314619064 
v -5.475975513458252 4.288111686706543 0.5307260751724243 
v -5.533547401428223 4.345085620880127 0.5162338018417358 
v -5.4451141357421875 4.348016262054443 0.5272676944732666 
v -5.901718616485596 4.358994007110596 0.27118250727653503 
v -5.920487880706787 4.354175567626953 0.5249620676040649 
v -5.660241603851318 4.349009990692139 0.5228211879730225 
v -5.660241603851318 4.349009990692139 0.5228211879730225 
v -5.418764591217041 4.350152015686035 0.21897734701633453 
v -5.533547401428223 4.345085620880127 0.5162338018417358 
v -5.5037689208984375 4.354275226593018 0.07537203282117844 
v -5.494564533233643 4.291886806488037 0.06466750800609589 
v -5.912727355957031 4.35377836227417 0.07850104570388794 
v -4.971545219421387 4.748175621032715 -0.05176478996872902 
v -4.952956199645996 4.2826972007751465 -0.05077667906880379 
v -5.16375207901001 4.284733772277832 -0.04896514490246773 
v -5.933121204376221 5.547252178192139 0.6530870199203491 
v -5.591119289398193 5.540745258331299 0.6499580144882202 
v -5.811299800872803 5.403997421264648 0.6516048312187195 
v -5.494564533233643 4.291886806488037 0.06466750800609589 
v -5.148591995239258 4.350301265716553 0.07537203282117844 
v -5.5037689208984375 4.354275226593018 0.07537203282117844 
v -5.418764591217041 4.350152015686035 0.21897734701633453 
v -5.5037689208984375 4.354275226593018 0.07537203282117844 
v -5.912727355957031 4.35377836227417 0.07850104570388794 
v -5.65933895111084 4.292780876159668 0.5704151391983032 
v -5.95351505279541 4.298145294189453 0.5336903929710388 
v -5.69796085357666 4.289800643920898 0.5303966999053955 
v -5.178009510040283 4.285826683044434 0.068290576338768 
v -5.494564533233643 4.291886806488037 0.06466750800609589 
v -5.148591995239258 4.350301265716553 0.07537203282117844 
v -5.856780052185059 4.820994853973389 0.10205099731683731 
v -5.848297595977783 4.614557266235352 0.3151533901691437 
v -5.891792297363281 4.973190784454346 0.4803324341773987 
v -5.931136131286621 5.132390022277832 0.6530870199203491 
v -5.87356424331665 4.687178134918213 0.5313847661018372 
v -5.891792297363281 4.973190784454346 0.4803324341773987 
v -5.895762920379639 4.813246250152588 0.6535810828208923 
v -5.931136131286621 5.132390022277832 0.6530870199203491 
v -5.87356424331665 4.687178134918213 0.5313847661018372 
v -5.418764591217041 4.350152015686035 0.21897734701633453 
v -5.901718616485596 4.358994007110596 0.27118250727653503 
v -5.660241603851318 4.349009990692139 0.5228211879730225 
v -5.962177753448486 4.428336143493652 0.068290576338768 
v -5.912727355957031 4.35377836227417 0.07850104570388794 
v -5.898650169372559 4.477958679199219 0.0896996259689331 
v -5.848297595977783 4.614557266235352 0.3151533901691437 
v -5.920487880706787 4.354175567626953 0.5249620676040649 
v -5.901718616485596 4.358994007110596 0.27118250727653503 
v -5.95351505279541 4.298145294189453 0.5336903929710388 
v -5.895762920379639 4.813246250152588 0.6535810828208923 
v -5.920487880706787 4.354175567626953 0.5249620676040649 
v -5.418764591217041 4.350152015686035 0.21897734701633453 
v -5.912727355957031 4.35377836227417 0.07850104570388794 
v -5.901718616485596 4.358994007110596 0.27118250727653503 
v -5.895762920379639 4.813246250152588 0.6535810828208923 
v -5.87356424331665 4.687178134918213 0.5313847661018372 
v -5.920487880706787 4.354175567626953 0.5249620676040649 
v -5.65933895111084 4.292780876159668 0.5704151391983032 
v -5.95351505279541 4.298145294189453 0.5336903929710388 
v -5.960192680358887 4.299834251403809 0.6479817628860474 
v -5.856780052185059 4.820994853973389 0.10205099731683731 
v -5.920848846435547 5.111080646514893 -0.050117939710617065 
v -5.902440547943115 4.735857009887695 -0.04171900451183319 
v -4.971545219421387 4.748175621032715 -0.05176478996872902 
v -5.902440547943115 4.735857009887695 -0.04171900451183319 
v -5.966689586639404 4.489482879638672 -0.044024594128131866 
v -5.964885234832764 4.299883842468262 -0.04896514490246773 
v -5.966689586639404 4.489482879638672 -0.044024594128131866 
v -4.971545219421387 4.748175621032715 -0.05176478996872902 
v -5.966689586639404 4.489482879638672 -0.044024594128131866 
v -5.964343547821045 4.298493385314941 0.07191364467144012 
v -5.964885234832764 4.299883842468262 -0.04896514490246773 
v -5.964343547821045 4.298493385314941 0.07191364467144012 
v -5.912727355957031 4.35377836227417 0.07850104570388794 
v -5.962177753448486 4.428336143493652 0.068290576338768 
v -7.823968410491943 5.49231481552124 0.525785505771637 
v -8.2257080078125 5.493556499481201 0.5307260751724243 
v -7.823065757751465 5.495543479919434 0.07685419172048569 
v -7.758816242218018 5.013921737670898 0.5340197682380676 
v -7.815485954284668 5.068660736083984 0.5287498235702515 
v -7.816749095916748 5.243308067321777 0.5292438864707947 
v -7.823968410491943 5.49231481552124 0.525785505771637 
v -7.760440826416016 5.329588890075684 0.5557581782341003 
v -7.765854835510254 5.546755313873291 0.5310554504394531 
v -7.764772415161133 5.467230319976807 0.6514401435852051 
v -7.767479419708252 4.9333038330078125 0.6474876999855042 
v -7.765313625335693 5.243308067321777 0.6404062509536743 
v -7.765313625335693 5.243308067321777 0.6404062509536743 
v -7.758816242218018 5.013921737670898 0.5340197682380676 
v -7.767479419708252 4.9333038330078125 0.6474876999855042 
v -7.764772415161133 5.467230319976807 0.6514401435852051 
v -7.857897758483887 5.15260648727417 0.6547338366508484 
v -7.767479419708252 4.9333038330078125 0.6474876999855042 
v -7.764772415161133 5.467230319976807 0.6514401435852051 
v -7.8642144203186035 5.552666664123535 0.6514401435852051 
v -7.763869762420654 5.549686431884766 0.6077986359596252 
v -7.9318928718566895 5.407623767852783 0.65423983335495 
v -7.764772415161133 5.467230319976807 0.6514401435852051 
v -7.8642144203186035 5.552666664123535 0.6514401435852051 
v -7.758816242218018 5.013921737670898 0.5340197682380676 
v -7.759899139404297 4.496188640594482 0.625584602355957 
v -7.767479419708252 4.9333038330078125 0.6474876999855042 
v -7.857897758483887 5.15260648727417 0.6547338366508484 
v -7.764772415161133 5.467230319976807 0.6514401435852051 
v -7.863673210144043 5.373598098754883 0.6547338366508484 
v -7.9318928718566895 5.407623767852783 0.65423983335495 
v -8.198997497558594 5.406530857086182 0.6548985242843628 
v -7.8642144203186035 5.552666664123535 0.6514401435852051 
v -8.777603149414062 5.468372821807861 0.34562012553215027 
v -8.77634048461914 5.496189117431641 0.5247973799705505 
v -8.599112510681152 5.499715805053711 0.5239739418029785 
v -9.200638771057129 5.56965446472168 -0.05077667906880379 
v -8.814600944519043 4.722941875457764 -0.047977034002542496 
v -8.83986759185791 5.56667423248291 -0.04929451644420624 
v -7.857536792755127 4.749715328216553 0.6588509678840637 
v -7.767479419708252 4.9333038330078125 0.6474876999855042 
v -7.857897758483887 5.15260648727417 0.6547338366508484 
v -9.624397277832031 5.5677666664123535 0.6109276413917542 
v -9.626201629638672 5.314786434173584 0.6539104580879211 
v -9.62511920928955 5.474184513092041 0.5185393691062927 
v -8.501835823059082 5.493407726287842 0.6497933268547058 
v -8.491007804870605 5.559670448303223 0.5598753094673157 
v -8.730499267578125 5.55450439453125 0.636289119720459 
v -7.758816242218018 5.013921737670898 0.5340197682380676 
v -7.815485954284668 5.068660736083984 0.5287498235702515 
v -7.816749095916748 4.763276100158691 0.5243033170700073 
v -8.387775421142578 5.414180278778076 0.6560513377189636 
v -8.095584869384766 5.5484938621521 0.6476523876190186 
v -8.501835823059082 5.493407726287842 0.6497933268547058 
v -7.767479419708252 4.9333038330078125 0.6474876999855042 
v -7.861868381500244 4.450539588928223 0.6548985242843628 
v -7.857536792755127 4.749715328216553 0.6588509678840637 
v -7.762425899505615 4.657672882080078 0.5313847661018372 
v -7.816749095916748 4.763276100158691 0.5243033170700073 
v -7.758816242218018 5.013921737670898 0.5340197682380676 
v -7.7725324630737305 4.302864074707031 0.6516048312187195 
v -7.767479419708252 4.9333038330078125 0.6474876999855042 
v -7.759899139404297 4.496188640594482 0.625584602355957 
v -7.7725324630737305 4.302864074707031 0.6516048312187195 
v -7.861868381500244 4.450539588928223 0.6548985242843628 
v -7.9226884841918945 4.314537048339844 0.650287389755249 
v -7.959325313568115 4.2942214012146 0.6110923290252686 
v -7.9226884841918945 4.314537048339844 0.650287389755249 
v -7.7725324630737305 4.302864074707031 0.6516048312187195 
v -7.818192958831787 4.355417728424072 0.5282557606697083 
v -7.899046421051025 4.295910358428955 0.5318788290023804 
v -7.820539474487305 4.35447359085083 0.5079995393753052 
v -7.861868381500244 4.450539588928223 0.6548985242843628 
v -7.9226884841918945 4.314537048339844 0.650287389755249 
v -8.084936141967773 4.441797256469727 0.6565454006195068 
v -8.155322074890137 4.291787624359131 0.6394181847572327 
v -7.959325313568115 4.2942214012146 0.6110923290252686 
v -7.9226884841918945 4.314537048339844 0.650287389755249 
v -8.218308448791504 4.545959949493408 0.6519342064857483 
v -8.241229057312012 4.608199119567871 0.618009090423584 
v -8.209826469421387 4.613315582275391 0.6822362542152405 
v -8.155322074890137 4.291787624359131 0.6394181847572327 
v -8.211811065673828 4.3078813552856445 0.6432058811187744 
v -8.198997497558594 4.2917375564575195 0.5323728919029236 
v -8.176257133483887 4.467130184173584 0.6540751457214355 
v -8.211811065673828 4.3078813552856445 0.6432058811187744 
v -8.218308448791504 4.545959949493408 0.6519342064857483 
v -8.241229057312012 4.608199119567871 0.618009090423584 
v -8.300244331359863 4.615699768066406 0.4744037985801697 
v -8.218308448791504 4.545959949493408 0.6519342064857483 
v -7.9226884841918945 4.314537048339844 0.650287389755249 
v -8.211811065673828 4.3078813552856445 0.6432058811187744 
v -8.176257133483887 4.467130184173584 0.6540751457214355 
v -8.084936141967773 4.441797256469727 0.6565454006195068 
v -8.176257133483887 4.467130184173584 0.6540751457214355 
v -7.9226884841918945 4.314537048339844 0.650287389755249 
v -8.77958869934082 4.457742214202881 0.6519342064857483 
v -8.715700149536133 4.469316005706787 0.6552278995513916 
v -8.72327995300293 4.292681694030762 0.6501227021217346 
v -7.764772415161133 5.467230319976807 0.6514401435852051 
v -7.760440826416016 5.329588890075684 0.5557581782341003 
v -7.765854835510254 5.546755313873291 0.5310554504394531 
v -8.715700149536133 4.469316005706787 0.6552278995513916 
v -8.701803207397461 4.517547607421875 0.6214674711227417 
v -8.70090103149414 4.353331089019775 0.5376428365707397 
v -7.763869762420654 5.549686431884766 0.6077986359596252 
v -7.764772415161133 5.467230319976807 0.6514401435852051 
v -7.765854835510254 5.546755313873291 0.5310554504394531 
v -7.819275856018066 5.367637634277344 0.10139226168394089 
v -7.823968410491943 5.49231481552124 0.525785505771637 
v -7.823065757751465 5.495543479919434 0.07685419172048569 
v -8.298258781433105 5.55519962310791 0.5310554504394531 
v -8.111827850341797 5.551374912261963 0.5415952801704407 
v -8.2257080078125 5.493556499481201 0.5307260751724243 
v -7.766396522521973 4.726965427398682 0.06466750800609589 
v -7.759718894958496 4.554652690887451 0.07092553377151489 
v -7.8162078857421875 4.567170143127441 0.08772340416908264 
v -8.791139602661133 5.02152156829834 -0.0005477549857459962 
v -8.76208209991455 5.096179008483887 -0.050447311252355576 
v -8.766594886779785 4.867885589599609 -0.04896514490246773 
v -7.760801792144775 5.243208885192871 0.07092553377151489 
v -7.818192958831787 5.243208885192871 0.18521691858768463 
v -7.819275856018066 5.367637634277344 0.10139226168394089 
v -7.760801792144775 5.243208885192871 0.07092553377151489 
v -7.7725324630737305 5.5481462478637695 0.06779652088880539 
v -7.819275856018066 5.367637634277344 0.10139226168394089 
v -8.223902702331543 5.554653644561768 0.06614966690540314 
v -8.303132057189941 5.497629642486572 0.07998321205377579 
v -8.451302528381348 5.558825969696045 0.06549093127250671 
v -7.7635087966918945 5.547152996063232 0.009827399626374245 
v -7.767118453979492 5.41124963760376 -0.04929451644420624 
v -7.787151336669922 5.547451019287109 -0.04781235009431839 
v -8.768037796020508 5.565134048461914 0.06400876492261887 
v -8.451302528381348 5.558825969696045 0.06549093127250671 
v -8.661918640136719 5.501057147979736 0.08904088288545609 
v -7.774878978729248 4.988837242126465 -0.0389193594455719 
v -7.758635997772217 4.984317302703857 0.043752510100603104 
v -7.808628082275391 4.90330171585083 -0.05176478996872902 
v -8.820196151733398 5.037714958190918 -0.047977034002542496 
v -8.83986759185791 5.56667423248291 -0.04929451644420624 
v -8.814600944519043 4.722941875457764 -0.047977034002542496 
v -7.766576766967773 4.297350883483887 0.0712549015879631 
v -7.764050483703613 4.4420952796936035 -0.03743719682097435 
v -7.759718894958496 4.554652690887451 0.07092553377151489 
v -8.415929794311523 5.559024810791016 -0.04880046099424362 
v -7.808628082275391 4.90330171585083 -0.05176478996872902 
v -7.767118453979492 5.41124963760376 -0.04929451644420624 
v -8.772911071777344 5.563941955566406 -0.0481417216360569 
v -8.768037796020508 5.565134048461914 0.06400876492261887 
v -8.451302528381348 5.558825969696045 0.06549093127250671 
v -7.764050483703613 4.4420952796936035 -0.03743719682097435 
v -7.77036714553833 4.3013739585876465 -0.04665955528616905 
v -7.766576766967773 4.297350883483887 0.0712549015879631 
v -8.095584869384766 5.5484938621521 0.6476523876190186 
v -8.298258781433105 5.55519962310791 0.5310554504394531 
v -8.491007804870605 5.559670448303223 0.5598753094673157 
v -8.777603149414062 5.468372821807861 0.34562012553215027 
v -8.781754493713379 5.41373348236084 0.49745967984199524 
v -8.787168502807617 5.4123921394348145 0.24615037441253662 
v -8.777603149414062 5.468372821807861 0.34562012553215027 
v -8.781754493713379 5.41373348236084 0.49745967984199524 
v -8.77634048461914 5.496189117431641 0.5247973799705505 
v -8.298258781433105 5.55519962310791 0.5310554504394531 
v -8.68303394317627 5.563296318054199 0.5407718420028687 
v -8.599112510681152 5.499715805053711 0.5239739418029785 
v -8.303132057189941 5.497629642486572 0.07998321205377579 
v -8.566085815429688 5.493109703063965 0.2731587290763855 
v -8.599112510681152 5.499715805053711 0.5239739418029785 
v -8.599112510681152 5.499715805053711 0.5239739418029785 
v -8.303132057189941 5.497629642486572 0.07998321205377579 
v -8.2257080078125 5.493556499481201 0.5307260751724243 
v -8.298258781433105 5.55519962310791 0.5310554504394531 
v -8.2257080078125 5.493556499481201 0.5307260751724243 
v -8.599112510681152 5.499715805053711 0.5239739418029785 
v -8.730499267578125 5.55450439453125 0.636289119720459 
v -8.775437355041504 5.565184116363525 0.532537579536438 
v -8.68303394317627 5.563296318054199 0.5407718420028687 
v -8.781754493713379 5.41373348236084 0.49745967984199524 
v -8.808825492858887 5.414677143096924 0.6529223322868347 
v -8.77634048461914 5.414180278778076 0.6548985242843628 
v -8.775437355041504 5.565184116363525 0.532537579536438 
v -8.77634048461914 5.496189117431641 0.5247973799705505 
v -8.68303394317627 5.563296318054199 0.5407718420028687 
v -8.76208209991455 5.096179008483887 -0.050447311252355576 
v -8.415929794311523 5.559024810791016 -0.04880046099424362 
v -7.808628082275391 4.90330171585083 -0.05176478996872902 
v -8.787168502807617 5.4123921394348145 0.24615037441253662 
v -8.781574249267578 5.419395923614502 0.00686307018622756 
v -8.774354934692383 5.4970831871032715 0.07520734518766403 
v -8.451302528381348 5.558825969696045 0.06549093127250671 
v -8.415929794311523 5.559024810791016 -0.04880046099424362 
v -8.772911071777344 5.563941955566406 -0.0481417216360569 
v -8.781574249267578 5.419395923614502 0.00686307018622756 
v -8.773994445800781 5.314239978790283 -0.04781235009431839 
v -8.772911071777344 5.563941955566406 -0.0481417216360569 
v -8.768037796020508 5.565134048461914 0.06400876492261887 
v -8.774354934692383 5.4970831871032715 0.07520734518766403 
v -8.661918640136719 5.501057147979736 0.08904088288545609 
v -8.793485641479492 5.152854919433594 -0.016522200778126717 
v -8.773994445800781 5.314239978790283 -0.04781235009431839 
v -8.793485641479492 5.28935432434082 -0.0008771250140853226 
v -8.787168502807617 5.4123921394348145 0.24615037441253662 
v -8.777603149414062 5.468372821807861 0.34562012553215027 
v -8.774354934692383 5.4970831871032715 0.07520734518766403 
v -9.154618263244629 4.351096153259277 0.11292020976543427 
v -8.988759994506836 4.3508477210998535 0.525785505771637 
v -8.931188583374023 4.349257946014404 0.08212411403656006 
v -7.7725324630737305 5.5481462478637695 0.06779652088880539 
v -7.823065757751465 5.495543479919434 0.07685419172048569 
v -7.819275856018066 5.367637634277344 0.10139226168394089 
v -7.96979284286499 4.351443767547607 0.5282557606697083 
v -7.899046421051025 4.295910358428955 0.5318788290023804 
v -7.820539474487305 4.35447359085083 0.5079995393753052 
v -7.8162078857421875 4.698205471038818 0.1723714917898178 
v -7.8162078857421875 4.567170143127441 0.08772340416908264 
v -7.766396522521973 4.726965427398682 0.06466750800609589 
v -7.899046421051025 4.295910358428955 0.5318788290023804 
v -7.763869762420654 4.3004302978515625 0.5338550806045532 
v -7.818192958831787 4.355417728424072 0.5282557606697083 
v -7.759899139404297 4.496188640594482 0.625584602355957 
v -7.763869762420654 4.3004302978515625 0.5338550806045532 
v -7.762425899505615 4.657672882080078 0.5313847661018372 
v -7.762425899505615 4.657672882080078 0.5313847661018372 
v -7.759899139404297 4.496188640594482 0.625584602355957 
v -7.758816242218018 5.013921737670898 0.5340197682380676 
v -7.959325313568115 4.2942214012146 0.6110923290252686 
v -7.899046421051025 4.295910358428955 0.5318788290023804 
v -7.763869762420654 4.3004302978515625 0.5338550806045532 
v -7.7725324630737305 4.302864074707031 0.6516048312187195 
v -7.759899139404297 4.496188640594482 0.625584602355957 
v -7.763869762420654 4.3004302978515625 0.5338550806045532 
v -8.300244331359863 4.615699768066406 0.4744037985801697 
v -8.26920223236084 4.352884292602539 0.5289145112037659 
v -8.218308448791504 4.545959949493408 0.6519342064857483 
v -7.96979284286499 4.351443767547607 0.5282557606697083 
v -7.820539474487305 4.35447359085083 0.5079995393753052 
v -8.018882751464844 4.349705219268799 0.07586608827114105 
v -8.300244331359863 4.615699768066406 0.4744037985801697 
v -8.335256576538086 4.596377372741699 0.32371699810028076 
v -8.320277214050293 4.362669467926025 0.38794416189193726 
v -8.26920223236084 4.352884292602539 0.5289145112037659 
v -8.260178565979004 4.293774127960205 0.5439008474349976 
v -8.198997497558594 4.2917375564575195 0.5323728919029236 
v -7.96979284286499 4.351443767547607 0.5282557606697083 
v -7.899046421051025 4.295910358428955 0.5318788290023804 
v -8.198997497558594 4.2917375564575195 0.5323728919029236 
v -8.260178565979004 4.293774127960205 0.5439008474349976 
v -8.26920223236084 4.352884292602539 0.5289145112037659 
v -8.211811065673828 4.3078813552856445 0.6432058811187744 
v -7.767118453979492 5.41124963760376 -0.04929451644420624 
v -7.760801792144775 5.243208885192871 0.07092553377151489 
v -7.758635997772217 4.984317302703857 0.043752510100603104 
v -7.803032875061035 4.4831743240356445 -0.05094136670231819 
v -7.808628082275391 4.90330171585083 -0.05176478996872902 
v -8.766594886779785 4.867885589599609 -0.04896514490246773 
v -7.808628082275391 4.90330171585083 -0.05176478996872902 
v -7.758635997772217 4.984317302703857 0.043752510100603104 
v -7.766396522521973 4.726965427398682 0.06466750800609589 
v -7.8162078857421875 4.567170143127441 0.08772340416908264 
v -7.766576766967773 4.297350883483887 0.0712549015879631 
v -7.819275856018066 4.3548712730407715 0.07257238775491714 
v -9.328055381774902 5.512233257293701 0.07257238775491714 
v -9.156062126159668 5.49777889251709 0.10863839834928513 
v -8.99814510345459 5.526092052459717 0.07306644320487976 
v -7.764050483703613 4.4420952796936035 -0.03743719682097435 
v -7.759718894958496 4.554652690887451 0.07092553377151489 
v -7.803032875061035 4.4831743240356445 -0.05094136670231819 
v -7.8162078857421875 4.567170143127441 0.08772340416908264 
v -7.8162078857421875 4.698205471038818 0.1723714917898178 
v -7.819275856018066 4.3548712730407715 0.07257238775491714 
v -7.820539474487305 4.35447359085083 0.5079995393753052 
v -7.819275856018066 4.3548712730407715 0.07257238775491714 
v -8.018882751464844 4.349705219268799 0.07586608827114105 
v -7.8162078857421875 4.567170143127441 0.08772340416908264 
v -7.766576766967773 4.297350883483887 0.0712549015879631 
v -7.759718894958496 4.554652690887451 0.07092553377151489 
v -8.3054780960083 4.352238655090332 0.07932446897029877 
v -8.358357429504395 4.358099937438965 0.19427460432052612 
v -8.018882751464844 4.349705219268799 0.07586608827114105 
v -8.073386192321777 4.291985988616943 -0.04682423919439316 
v -7.803032875061035 4.4831743240356445 -0.05094136670231819 
v -7.77036714553833 4.3013739585876465 -0.04665955528616905 
v -7.77036714553833 4.3013739585876465 -0.04665955528616905 
v -7.764050483703613 4.4420952796936035 -0.03743719682097435 
v -7.803032875061035 4.4831743240356445 -0.05094136670231819 
v -7.96979284286499 4.351443767547607 0.5282557606697083 
v -8.32298469543457 4.364656448364258 0.3225642144680023 
v -8.358357429504395 4.358099937438965 0.19427460432052612 
v -8.26920223236084 4.352884292602539 0.5289145112037659 
v -8.320277214050293 4.362669467926025 0.38794416189193726 
v -8.300244331359863 4.615699768066406 0.4744037985801697 
v -8.34626579284668 4.292085647583008 0.06977274268865585 
v -8.073386192321777 4.291985988616943 -0.04682423919439316 
v -7.766576766967773 4.297350883483887 0.0712549015879631 
v -8.018882751464844 4.349705219268799 0.07586608827114105 
v -8.34626579284668 4.292085647583008 0.06977274268865585 
v -8.3054780960083 4.352238655090332 0.07932446897029877 
v -8.358357429504395 4.358099937438965 0.19427460432052612 
v -8.335256576538086 4.596377372741699 0.32371699810028076 
v -8.359621047973633 4.60308313369751 0.19888578355312347 
v -8.77958869934082 4.457742214202881 0.6519342064857483 
v -8.775437355041504 4.354523181915283 0.3289869427680969 
v -8.78193473815918 4.433403015136719 0.2794167399406433 
v -8.689351081848145 4.604474067687988 0.4411374032497406 
v -8.72003173828125 4.561557292938232 0.49186038970947266 
v -8.713354110717773 4.496784687042236 0.3956843614578247 
v -8.72327995300293 4.292681694030762 0.6501227021217346 
v -8.698735237121582 4.290098667144775 0.5387955904006958 
v -8.775437355041504 4.28557825088501 0.6514401435852051 
v -8.698735237121582 4.290098667144775 0.5387955904006958 
v -8.775437355041504 4.28557825088501 0.6514401435852051 
v -8.772911071777344 4.291638374328613 0.5374781489372253 
v -8.775437355041504 4.28557825088501 0.6514401435852051 
v -8.777242660522461 4.355268478393555 0.5279263854026794 
v -8.77958869934082 4.457742214202881 0.6519342064857483 
v -8.772911071777344 4.291638374328613 0.5374781489372253 
v -8.70090103149414 4.353331089019775 0.5376428365707397 
v -8.698735237121582 4.290098667144775 0.5387955904006958 
v -8.772911071777344 4.291638374328613 0.5374781489372253 
v -8.70090103149414 4.353331089019775 0.5376428365707397 
v -8.777242660522461 4.355268478393555 0.5279263854026794 
v -8.775437355041504 4.354523181915283 0.3289869427680969 
v -8.737357139587402 4.360036849975586 0.3378799259662628 
v -8.695847511291504 4.364656448364258 0.4442664384841919 
v -8.695847511291504 4.364656448364258 0.4442664384841919 
v -8.777242660522461 4.355268478393555 0.5279263854026794 
v -8.70090103149414 4.353331089019775 0.5376428365707397 
v -8.775076866149902 4.715242862701416 -0.044024594128131866 
v -8.77706241607666 4.826955795288086 -0.004006139934062958 
v -8.766594886779785 4.867885589599609 -0.04896514490246773 
v -8.775076866149902 4.715242862701416 -0.044024594128131866 
v -8.774896621704102 4.287118434906006 -0.049129828810691833 
v -8.766594886779785 4.867885589599609 -0.04896514490246773 
v -8.537569999694824 4.556142807006836 0.2061319202184677 
v -8.358357429504395 4.358099937438965 0.19427460432052612 
v -8.359621047973633 4.60308313369751 0.19888578355312347 
v -8.396799087524414 4.3761305809021 0.18538160622119904 
v -8.537569999694824 4.556142807006836 0.2061319202184677 
v -8.358357429504395 4.358099937438965 0.19427460432052612 
v -8.396799087524414 4.3761305809021 0.18538160622119904 
v -8.44354248046875 4.349158763885498 0.0743839219212532 
v -8.358357429504395 4.358099937438965 0.19427460432052612 
v -8.018882751464844 4.349705219268799 0.07586608827114105 
v -8.358357429504395 4.358099937438965 0.19427460432052612 
v -7.96979284286499 4.351443767547607 0.5282557606697083 
v -8.500211715698242 4.356709003448486 0.2061319202184677 
v -8.396799087524414 4.3761305809021 0.18538160622119904 
v -8.537569999694824 4.556142807006836 0.2061319202184677 
v -8.3054780960083 4.352238655090332 0.07932446897029877 
v -8.34626579284668 4.292085647583008 0.06977274268865585 
v -8.44354248046875 4.349158763885498 0.0743839219212532 
v -8.775076866149902 4.715242862701416 -0.044024594128131866 
v -8.774896621704102 4.287118434906006 -0.049129828810691833 
v -8.778325080871582 4.4398603439331055 -0.00960543006658554 
v -8.778325080871582 4.4398603439331055 -0.00960543006658554 
v -8.773994445800781 4.353281497955322 0.17961762845516205 
v -8.774535179138184 4.351692199707031 0.07537203282117844 
v -8.647841453552246 4.367090702056885 0.16743095219135284 
v -8.500211715698242 4.356709003448486 0.2061319202184677 
v -8.607775688171387 4.44433069229126 0.20662596821784973 
v -8.647841453552246 4.367090702056885 0.16743095219135284 
v -8.44354248046875 4.349158763885498 0.0743839219212532 
v -8.773994445800781 4.353281497955322 0.17961762845516205 
v -8.607775688171387 4.44433069229126 0.20662596821784973 
v -8.755765914916992 4.486104965209961 0.21601301431655884 
v -8.764067649841309 4.352238655090332 0.21634238958358765 
v -8.537569999694824 4.556142807006836 0.2061319202184677 
v -8.607775688171387 4.44433069229126 0.20662596821784973 
v -8.755765914916992 4.486104965209961 0.21601301431655884 
v -8.764067649841309 4.352238655090332 0.21634238958358765 
v -8.768218994140625 4.415818691253662 0.25669020414352417 
v -8.737357139587402 4.360036849975586 0.3378799259662628 
v -8.764067649841309 4.352238655090332 0.21634238958358765 
v -8.773994445800781 4.353281497955322 0.17961762845516205 
v -8.775437355041504 4.354523181915283 0.3289869427680969 
v -8.775076866149902 4.715242862701416 -0.044024594128131866 
v -8.778325080871582 4.4398603439331055 -0.00960543006658554 
v -8.789695739746094 4.720706939697266 -0.0008771250140853226 
v -8.44354248046875 4.349158763885498 0.0743839219212532 
v -8.774535179138184 4.351692199707031 0.07537203282117844 
v -8.773994445800781 4.353281497955322 0.17961762845516205 
v -8.773633003234863 4.286571979522705 0.0710902214050293 
v -8.774535179138184 4.351692199707031 0.07537203282117844 
v -8.778325080871582 4.4398603439331055 -0.00960543006658554 
v -8.809547424316406 5.418799877166748 0.5327022671699524 
v -8.808825492858887 5.414677143096924 0.6529223322868347 
v -8.814781188964844 5.5668230056762695 0.6491345763206482 
v -8.814240455627441 5.56736946105957 0.5322082042694092 
v -9.033157348632812 5.572535514831543 0.5969294309616089 
v -8.814781188964844 5.5668230056762695 0.6491345763206482 
v -9.595881462097168 5.33619499206543 0.6618152856826782 
v -9.626201629638672 5.314786434173584 0.6539104580879211 
v -9.593535423278809 5.500411510467529 0.6529223322868347 
v -9.468465805053711 5.500361919403076 0.0773482471704483 
v -9.102821350097656 5.499517440795898 0.5219977498054504 
v -9.156062126159668 5.49777889251709 0.10863839834928513 
v -9.051024436950684 5.542781829833984 0.6489698886871338 
v -8.814781188964844 5.5668230056762695 0.6491345763206482 
v -8.808825492858887 5.414677143096924 0.6529223322868347 
v -9.507448196411133 5.503292560577393 0.5289145112037659 
v -9.474421501159668 5.493258476257324 0.4500304162502289 
v -9.62511920928955 5.474184513092041 0.5185393691062927 
v -9.595881462097168 5.33619499206543 0.6618152856826782 
v -9.051024436950684 5.542781829833984 0.6489698886871338 
v -9.342132568359375 5.350152969360352 0.6547338366508484 
v -9.033157348632812 5.572535514831543 0.5969294309616089 
v -8.814240455627441 5.56736946105957 0.5322082042694092 
v -9.17898178100586 5.5664753913879395 0.5294085741043091 
v -9.367399215698242 5.499318599700928 0.5259501934051514 
v -9.17898178100586 5.5664753913879395 0.5294085741043091 
v -9.417932510375977 5.5689592361450195 0.5335257053375244 
v -9.62511920928955 5.474184513092041 0.5185393691062927 
v -9.627284049987793 5.45212984085083 0.4101766347885132 
v -9.624757766723633 5.4404072761535645 0.5010827779769897 
v -9.621689796447754 5.564687252044678 0.5427480340003967 
v -9.322641372680664 5.568412780761719 0.6290429830551147 
v -9.624397277832031 5.5677666664123535 0.6109276413917542 
v -9.641722679138184 5.22661828994751 0.5952825546264648 
v -9.642083168029785 5.224035263061523 0.662968099117279 
v -9.626201629638672 5.314786434173584 0.6539104580879211 
v -8.969449043273926 4.432210922241211 0.6555572748184204 
v -8.813518524169922 4.441747665405273 0.6576982140541077 
v -9.061853408813477 4.283144474029541 0.649463951587677 
v -9.677637100219727 4.734316825866699 0.544065535068512 
v -9.648941993713379 4.602189064025879 0.6715317368507385 
v -9.62746524810791 4.748126029968262 0.6137272715568542 
v -8.813698768615723 4.287515640258789 0.5323728919029236 
v -8.813518524169922 4.441747665405273 0.6576982140541077 
v -8.811532974243164 4.350996494293213 0.5269383192062378 
v -9.592813491821289 4.78051233291626 0.6911292672157288 
v -9.62746524810791 4.748126029968262 0.6137272715568542 
v -9.648941993713379 4.602189064025879 0.6715317368507385 
v -9.061853408813477 4.283144474029541 0.649463951587677 
v -9.548235893249512 4.273905277252197 0.6208087205886841 
v -9.555274963378906 4.301671981811523 0.6516048312187195 
v -9.594077110290527 4.832221031188965 0.7039746642112732 
v -9.597686767578125 4.83177375793457 0.63036048412323 
v -9.592813491821289 4.78051233291626 0.6911292672157288 
v -9.604544639587402 4.934793949127197 0.6578629016876221 
v -9.601837158203125 4.884873390197754 0.6654384136199951 
v -9.611944198608398 4.909709453582764 0.6178444027900696 
v -9.648941993713379 4.602189064025879 0.6715317368507385 
v -9.608695030212402 4.6376051902771 0.6873415112495422 
v -9.592813491821289 4.78051233291626 0.6911292672157288 
v -9.592813491821289 4.78051233291626 0.6911292672157288 
v -9.62746524810791 4.748126029968262 0.6137272715568542 
v -9.597686767578125 4.83177375793457 0.63036048412323 
v -9.627645492553711 4.274402141571045 0.6517695188522339 
v -9.548235893249512 4.273905277252197 0.6208087205886841 
v -9.555274963378906 4.301671981811523 0.6516048312187195 
v -9.627284049987793 4.4507880210876465 0.6563807129859924 
v -9.325167655944824 4.428783416748047 0.6548985242843628 
v -9.555274963378906 4.301671981811523 0.6516048312187195 
v -9.627645492553711 4.274402141571045 0.6517695188522339 
v -9.555274963378906 4.301671981811523 0.6516048312187195 
v -9.627284049987793 4.4507880210876465 0.6563807129859924 
v -9.601656913757324 4.532052040100098 0.6881648898124695 
v -9.627284049987793 4.4507880210876465 0.6563807129859924 
v -9.68684196472168 4.536323547363281 0.5979175567626953 
v -9.648941993713379 4.602189064025879 0.6715317368507385 
v -9.68684196472168 4.536323547363281 0.5979175567626953 
v -9.601656913757324 4.532052040100098 0.6881648898124695 
v -8.809547424316406 5.418799877166748 0.5327022671699524 
v -8.818571090698242 5.496984004974365 0.5234799385070801 
v -8.808465003967285 5.4217305183410645 0.38497984409332275 
v -8.814240455627441 5.56736946105957 0.5322082042694092 
v -8.818571090698242 5.496984004974365 0.5234799385070801 
v -9.102821350097656 5.499517440795898 0.5219977498054504 
v -8.814781188964844 5.5668230056762695 0.6491345763206482 
v -8.814240455627441 5.56736946105957 0.5322082042694092 
v -8.809547424316406 5.418799877166748 0.5327022671699524 
v -8.809547424316406 5.418799877166748 0.5327022671699524 
v -8.818571090698242 5.496984004974365 0.5234799385070801 
v -8.814240455627441 5.56736946105957 0.5322082042694092 
v -8.771828651428223 5.539801597595215 0.6474876999855042 
v -8.781754493713379 5.41373348236084 0.49745967984199524 
v -8.77634048461914 5.496189117431641 0.5247973799705505 
v -9.322641372680664 5.568412780761719 0.6290429830551147 
v -9.051024436950684 5.542781829833984 0.6489698886871338 
v -9.033157348632812 5.572535514831543 0.5969294309616089 
v -9.417932510375977 5.5689592361450195 0.5335257053375244 
v -9.17898178100586 5.5664753913879395 0.5294085741043091 
v -9.322641372680664 5.568412780761719 0.6290429830551147 
v -9.621689796447754 5.564687252044678 0.5427480340003967 
v -9.322641372680664 5.568412780761719 0.6290429830551147 
v -9.417932510375977 5.5689592361450195 0.5335257053375244 
v -8.99814510345459 5.526092052459717 0.07306644320487976 
v -9.328055381774902 5.512233257293701 0.07257238775491714 
v -9.200458526611328 5.568661212921143 0.06713777780532837 
v -8.818571090698242 5.496984004974365 0.5234799385070801 
v -8.805937767028809 5.423121452331543 0.0957929715514183 
v -8.814059257507324 5.50130558013916 0.07356049865484238 
v -8.805937767028809 5.423121452331543 0.0957929715514183 
v -8.808465003967285 5.4217305183410645 0.38497984409332275 
v -8.818571090698242 5.496984004974365 0.5234799385070801 
v -8.814600944519043 5.300580024719238 -0.0450127050280571 
v -8.83986759185791 5.56667423248291 -0.04929451644420624 
v -8.814059257507324 5.5612101554870605 -0.012240390293300152 
v -8.774354934692383 5.4970831871032715 0.07520734518766403 
v -8.781574249267578 5.419395923614502 0.00686307018622756 
v -8.768037796020508 5.565134048461914 0.06400876492261887 
v -8.814059257507324 5.50130558013916 0.07356049865484238 
v -8.821640014648438 5.566922664642334 0.06680840998888016 
v -8.99814510345459 5.526092052459717 0.07306644320487976 
v -8.804313659667969 5.41090202331543 0.0006050399970263243 
v -8.814059257507324 5.50130558013916 0.07356049865484238 
v -8.814059257507324 5.5612101554870605 -0.012240390293300152 
v -9.806497573852539 5.302666187286377 0.0014284650096669793 
v -9.78736686706543 5.406282424926758 -0.05275290086865425 
v -9.805594444274902 5.041589260101318 -0.04385991021990776 
v -9.200458526611328 5.568661212921143 0.06713777780532837 
v -9.334733009338379 5.574621677398682 0.030083654448390007 
v -9.200638771057129 5.56965446472168 -0.05077667906880379 
v -9.66915512084961 4.4308695793151855 -0.047977034002542496 
v -9.74405288696289 4.8940629959106445 -0.04665955528616905 
v -8.814600944519043 4.722941875457764 -0.047977034002542496 
v -9.334733009338379 5.574621677398682 0.030083654448390007 
v -9.328055381774902 5.512233257293701 0.07257238775491714 
v -9.421902656555176 5.565084457397461 0.07092553377151489 
v -8.804313659667969 5.41090202331543 0.0006050399970263243 
v -8.814600944519043 5.300580024719238 -0.0450127050280571 
v -8.814059257507324 5.5612101554870605 -0.012240390293300152 
v -9.417932510375977 5.5689592361450195 0.5335257053375244 
v -9.507448196411133 5.503292560577393 0.5289145112037659 
v -9.367399215698242 5.499318599700928 0.5259501934051514 
v -9.367399215698242 5.499318599700928 0.5259501934051514 
v -9.102821350097656 5.499517440795898 0.5219977498054504 
v -9.468465805053711 5.500361919403076 0.0773482471704483 
v -9.367399215698242 5.499318599700928 0.5259501934051514 
v -9.102821350097656 5.499517440795898 0.5219977498054504 
v -9.17898178100586 5.5664753913879395 0.5294085741043091 
v -9.468465805053711 5.500361919403076 0.0773482471704483 
v -9.474421501159668 5.493258476257324 0.4500304162502289 
v -9.367399215698242 5.499318599700928 0.5259501934051514 
v -9.642986297607422 5.437228202819824 0.4098472595214844 
v -9.624757766723633 5.4404072761535645 0.5010827779769897 
v -9.646595001220703 5.297003746032715 0.4444311261177063 
v -9.627284049987793 5.45212984085083 0.4101766347885132 
v -9.642986297607422 5.437228202819824 0.4098472595214844 
v -9.624757766723633 5.4404072761535645 0.5010827779769897 
v -9.642986297607422 5.437228202819824 0.4098472595214844 
v -9.658145904541016 5.476419925689697 0.2820517122745514 
v -9.627284049987793 5.45212984085083 0.4101766347885132 
v -9.606710433959961 5.301176071166992 0.5447242856025696 
v -9.646595001220703 5.297003746032715 0.4444311261177063 
v -9.64515209197998 5.247679233551025 0.49828311800956726 
v -9.64515209197998 5.247679233551025 0.49828311800956726 
v -9.606710433959961 5.301176071166992 0.5447242856025696 
v -9.641722679138184 5.22661828994751 0.5952825546264648 
v -9.624757766723633 5.4404072761535645 0.5010827779769897 
v -9.646595001220703 5.297003746032715 0.4444311261177063 
v -9.606710433959961 5.301176071166992 0.5447242856025696 
v -9.606710433959961 5.301176071166992 0.5447242856025696 
v -9.626201629638672 5.314786434173584 0.6539104580879211 
v -9.641722679138184 5.22661828994751 0.5952825546264648 
v -9.627284049987793 5.45212984085083 0.4101766347885132 
v -9.659048080444336 5.492513656616211 0.25669020414352417 
v -9.658145904541016 5.476419925689697 0.2820517122745514 
v -9.200458526611328 5.568661212921143 0.06713777780532837 
v -9.328055381774902 5.512233257293701 0.07257238775491714 
v -9.334733009338379 5.574621677398682 0.030083654448390007 
v -9.662116050720215 5.3865132331848145 0.27497026324272156 
v -9.627825736999512 5.36088228225708 0.33030441403388977 
v -9.658145904541016 5.476419925689697 0.2820517122745514 
v -9.659048080444336 5.492513656616211 0.25669020414352417 
v -9.474421501159668 5.493258476257324 0.4500304162502289 
v -9.627284049987793 5.45212984085083 0.4101766347885132 
v -9.627825736999512 5.36088228225708 0.33030441403388977 
v -9.642986297607422 5.437228202819824 0.4098472595214844 
v -9.658145904541016 5.476419925689697 0.2820517122745514 
v -9.627825736999512 5.36088228225708 0.33030441403388977 
v -9.642444610595703 5.367985248565674 0.4049067199230194 
v -9.651468276977539 5.315084457397461 0.3306337893009186 
v -8.793485641479492 5.152854919433594 -0.016522200778126717 
v -8.820196151733398 5.037714958190918 -0.047977034002542496 
v -8.814600944519043 5.300580024719238 -0.0450127050280571 
v -9.421902656555176 5.565084457397461 0.07092553377151489 
v -9.328055381774902 5.512233257293701 0.07257238775491714 
v -9.468465805053711 5.500361919403076 0.0773482471704483 
v -9.663921356201172 5.574820518493652 0.0710902214050293 
v -9.200638771057129 5.56965446472168 -0.05077667906880379 
v -9.656702041625977 5.575118541717529 -0.051929473876953125 
v -9.688826560974121 5.573777198791504 -0.010593540035188198 
v -9.663921356201172 5.574820518493652 0.0710902214050293 
v -9.67330551147461 5.4954938888549805 0.07619545608758926 
v -9.688826560974121 5.573777198791504 -0.010593540035188198 
v -9.663921356201172 5.574820518493652 0.0710902214050293 
v -9.656702041625977 5.575118541717529 -0.051929473876953125 
v -9.800360679626465 5.556391716003418 -0.046165499836206436 
v -9.793502807617188 5.576062202453613 -0.006805785000324249 
v -9.779605865478516 5.466435432434082 -0.024097710847854614 
v -9.779605865478516 5.466435432434082 -0.024097710847854614 
v -9.6917142868042 5.427790641784668 -0.015369405038654804 
v -9.688826560974121 5.573777198791504 -0.010593540035188198 
v -9.78736686706543 5.406282424926758 -0.05275290086865425 
v -9.779605865478516 5.466435432434082 -0.024097710847854614 
v -9.74874496459961 5.418949127197266 -0.005323620047420263 
v -9.678178787231445 5.444281578063965 0.07043147832155228 
v -9.657604217529297 5.4674787521362305 0.1323530375957489 
v -9.6917142868042 5.427790641784668 -0.015369405038654804 
v -9.779605865478516 5.466435432434082 -0.024097710847854614 
v -9.6917142868042 5.427790641784668 -0.015369405038654804 
v -9.74874496459961 5.418949127197266 -0.005323620047420263 
v -9.200638771057129 5.56965446472168 -0.05077667906880379 
v -9.805594444274902 5.041589260101318 -0.04385991021990776 
v -9.78736686706543 5.406282424926758 -0.05275290086865425 
v -9.793502807617188 5.576062202453613 -0.006805785000324249 
v -9.688826560974121 5.573777198791504 -0.010593540035188198 
v -9.779605865478516 5.466435432434082 -0.024097710847854614 
v -9.688826560974121 5.573777198791504 -0.010593540035188198 
v -9.656702041625977 5.575118541717529 -0.051929473876953125 
v -9.793502807617188 5.576062202453613 -0.006805785000324249 
v -9.800360679626465 5.556391716003418 -0.046165499836206436 
v -9.779605865478516 5.466435432434082 -0.024097710847854614 
v -9.78736686706543 5.406282424926758 -0.05275290086865425 
v -9.656702041625977 5.575118541717529 -0.051929473876953125 
v -9.78736686706543 5.406282424926758 -0.05275290086865425 
v -9.800360679626465 5.556391716003418 -0.046165499836206436 
v -9.67330551147461 5.4954938888549805 0.07619545608758926 
v -9.6917142868042 5.427790641784668 -0.015369405038654804 
v -9.688826560974121 5.573777198791504 -0.010593540035188198 
v -9.421902656555176 5.565084457397461 0.07092553377151489 
v -9.334733009338379 5.574621677398682 0.030083654448390007 
v -9.663921356201172 5.574820518493652 0.0710902214050293 
v -9.806497573852539 5.302666187286377 0.0014284650096669793 
v -9.78736686706543 5.406282424926758 -0.05275290086865425 
v -9.74874496459961 5.418949127197266 -0.005323620047420263 
v -9.200638771057129 5.56965446472168 -0.05077667906880379 
v -9.74405288696289 4.8940629959106445 -0.04665955528616905 
v -9.805594444274902 5.041589260101318 -0.04385991021990776 
v -9.62511920928955 5.474184513092041 0.5185393691062927 
v -9.626201629638672 5.314786434173584 0.6539104580879211 
v -9.624757766723633 5.4404072761535645 0.5010827779769897 
v -9.805594444274902 5.041589260101318 -0.04385991021990776 
v -9.796029090881348 5.1944804191589355 0.0034046850632876158 
v -9.806497573852539 5.302666187286377 0.0014284650096669793 
v -9.773831367492676 5.0923542976379395 0.01674417033791542 
v -9.739359855651855 5.025296688079834 -0.003676770022138953 
v -9.805594444274902 5.041589260101318 -0.04385991021990776 
v -9.739359855651855 5.025296688079834 -0.003676770022138953 
v -9.805594444274902 5.041589260101318 -0.04385991021990776 
v -9.705791473388672 4.942691802978516 0.0043927947990596294 
v -9.805594444274902 5.041589260101318 -0.04385991021990776 
v -9.796029090881348 5.1944804191589355 0.0034046850632876158 
v -9.773831367492676 5.0923542976379395 0.01674417033791542 
v -9.74405288696289 4.8940629959106445 -0.04665955528616905 
v -9.705791473388672 4.942691802978516 0.0043927947990596294 
v -9.805594444274902 5.041589260101318 -0.04385991021990776 
v -8.810089111328125 4.4479570388793945 0.38399171829223633 
v -8.812615394592285 4.354920864105225 0.37559279799461365 
v -8.811532974243164 4.350996494293213 0.5269383192062378 
v -8.812615394592285 4.354920864105225 0.37559279799461365 
v -8.804494857788086 4.437873363494873 0.2542199492454529 
v -8.810089111328125 4.4479570388793945 0.38399171829223633 
v -8.810089111328125 4.4479570388793945 0.38399171829223633 
v -8.811532974243164 4.350996494293213 0.5269383192062378 
v -8.813518524169922 4.441747665405273 0.6576982140541077 
v -8.988759994506836 4.3508477210998535 0.525785505771637 
v -8.811532974243164 4.350996494293213 0.5269383192062378 
v -8.813698768615723 4.287515640258789 0.5323728919029236 
v -9.548235893249512 4.273905277252197 0.6208087205886841 
v -9.061853408813477 4.283144474029541 0.649463951587677 
v -9.089285850524902 4.2817535400390625 0.5355018973350525 
v -8.821640014648438 4.285677909851074 0.617185652256012 
v -8.813698768615723 4.287515640258789 0.5323728919029236 
v -8.813518524169922 4.441747665405273 0.6576982140541077 
v -9.089285850524902 4.2817535400390625 0.5355018973350525 
v -9.483625411987305 4.279319763183594 0.5353372097015381 
v -9.548235893249512 4.273905277252197 0.6208087205886841 
v -9.483625411987305 4.279319763183594 0.5353372097015381 
v -9.457456588745117 4.350698471069336 0.5241386294364929 
v -9.089285850524902 4.2817535400390625 0.5355018973350525 
v -8.988759994506836 4.3508477210998535 0.525785505771637 
v -9.457456588745117 4.350698471069336 0.5241386294364929 
v -9.089285850524902 4.2817535400390625 0.5355018973350525 
v -8.814600944519043 4.722941875457764 -0.047977034002542496 
v -8.805577278137207 4.687376976013184 -0.001206494984216988 
v -8.808825492858887 4.440555572509766 -0.0021946050692349672 
v -8.789695739746094 4.720706939697266 -0.0008771250140853226 
v -8.805577278137207 4.687376976013184 -0.001206494984216988 
v -8.778325080871582 4.4398603439331055 -0.00960543006658554 
v -8.812615394592285 4.354920864105225 0.37559279799461365 
v -8.811172485351562 4.3541259765625 0.07586608827114105 
v -8.804494857788086 4.437873363494873 0.2542199492454529 
v -8.805577278137207 4.687376976013184 -0.001206494984216988 
v -8.808825492858887 4.440555572509766 -0.0021946050692349672 
v -8.778325080871582 4.4398603439331055 -0.00960543006658554 
v -8.811172485351562 4.3541259765625 0.07586608827114105 
v -8.931188583374023 4.349257946014404 0.08212411403656006 
v -8.820196151733398 4.290595054626465 0.06598498672246933 
v -8.814600944519043 4.722941875457764 -0.047977034002542496 
v -8.811172485351562 4.2751970291137695 -0.04600081592798233 
v -8.808825492858887 4.440555572509766 -0.0021946050692349672 
v -8.811172485351562 4.2751970291137695 -0.04600081592798233 
v -8.808825492858887 4.440555572509766 -0.0021946050692349672 
v -8.811172485351562 4.3541259765625 0.07586608827114105 
v -8.931188583374023 4.349257946014404 0.08212411403656006 
v -8.820196151733398 4.290595054626465 0.06598498672246933 
v -8.99255084991455 4.312748908996582 0.07619545608758926 
v -9.185298919677734 4.348363876342773 0.07290175557136536 
v -9.13241958618164 4.280710697174072 0.06713777780532837 
v -9.154618263244629 4.351096153259277 0.11292020976543427 
v -8.99255084991455 4.312748908996582 0.07619545608758926 
v -9.028285026550293 4.2820515632629395 0.01608542911708355 
v -9.13241958618164 4.280710697174072 0.06713777780532837 
v -9.677637100219727 4.734316825866699 0.544065535068512 
v -9.62746524810791 4.748126029968262 0.6137272715568542 
v -9.751632690429688 4.776041507720947 0.48856669664382935 
v -9.601837158203125 4.884873390197754 0.6654384136199951 
v -9.597686767578125 4.83177375793457 0.63036048412323 
v -9.646234512329102 4.853132724761963 0.6066458225250244 
v -9.751632690429688 4.776041507720947 0.48856669664382935 
v -9.62746524810791 4.748126029968262 0.6137272715568542 
v -9.646234512329102 4.853132724761963 0.6066458225250244 
v -9.380393028259277 4.277482032775879 -0.04995325580239296 
v -9.13241958618164 4.280710697174072 0.06713777780532837 
v -9.142706871032715 4.284038543701172 -0.04715361073613167 
v -9.685216903686523 4.838181495666504 0.5435714721679688 
v -9.646234512329102 4.853132724761963 0.6066458225250244 
v -9.611944198608398 4.909709453582764 0.6178444027900696 
v -9.685216903686523 4.838181495666504 0.5435714721679688 
v -9.646234512329102 4.853132724761963 0.6066458225250244 
v -9.751632690429688 4.776041507720947 0.48856669664382935 
v -9.601837158203125 4.884873390197754 0.6654384136199951 
v -9.611944198608398 4.909709453582764 0.6178444027900696 
v -9.646234512329102 4.853132724761963 0.6066458225250244 
v -9.632879257202148 4.278972148895264 0.5305613875389099 
v -9.627645492553711 4.274402141571045 0.6517695188522339 
v -9.548235893249512 4.273905277252197 0.6208087205886841 
v -9.610320091247559 4.3732500076293945 0.3737812638282776 
v -9.457456588745117 4.350698471069336 0.5241386294364929 
v -9.631977081298828 4.350400447845459 0.5267736315727234 
v -9.610320091247559 4.3732500076293945 0.3737812638282776 
v -9.457456588745117 4.350698471069336 0.5241386294364929 
v -9.154618263244629 4.351096153259277 0.11292020976543427 
v -9.631977081298828 4.350400447845459 0.5267736315727234 
v -9.632879257202148 4.278972148895264 0.5305613875389099 
v -9.627645492553711 4.274402141571045 0.6517695188522339 
v -9.627645492553711 4.274402141571045 0.6517695188522339 
v -9.631977081298828 4.350400447845459 0.5267736315727234 
v -9.661033630371094 4.454761981964111 0.5779906511306763 
v -9.483625411987305 4.279319763183594 0.5353372097015381 
v -9.632879257202148 4.278972148895264 0.5305613875389099 
v -9.631977081298828 4.350400447845459 0.5267736315727234 
v -9.68684196472168 4.536323547363281 0.5979175567626953 
v -9.627284049987793 4.4507880210876465 0.6563807129859924 
v -9.661033630371094 4.454761981964111 0.5779906511306763 
v -9.626381874084473 4.552665710449219 0.46485206484794617 
v -9.684676170349121 4.689115524291992 0.5315494537353516 
v -9.636669158935547 4.620418548583984 0.4110000729560852 
v -9.601656913757324 4.434595108032227 0.34150299429893494 
v -9.610320091247559 4.3732500076293945 0.3737812638282776 
v -9.62926959991455 4.406778335571289 0.24417415261268616 
v -9.641542434692383 4.482975482940674 0.4686398208141327 
v -9.601656913757324 4.434595108032227 0.34150299429893494 
v -9.610320091247559 4.3732500076293945 0.3737812638282776 
v -9.631977081298828 4.350400447845459 0.5267736315727234 
v -9.610320091247559 4.3732500076293945 0.3737812638282776 
v -9.641542434692383 4.482975482940674 0.4686398208141327 
v -9.74405288696289 4.8940629959106445 -0.04665955528616905 
v -9.762822151184082 4.783840179443359 0.041940975934267044 
v -9.71120548248291 4.876925945281982 0.02283751592040062 
v -9.79079532623291 4.275693416595459 -0.01355786994099617 
v -9.681788444519043 4.275991439819336 -0.046165499836206436 
v -9.792961120605469 4.279617786407471 -0.047647666186094284 
v -9.778343200683594 4.474034786224365 -0.034802235662937164 
v -9.804872512817383 4.393913269042969 -0.03414349630475044 
v -9.820393562316895 4.474183559417725 -0.020145269110798836 
v -9.657063484191895 4.355169296264648 0.18620502948760986 
v -9.661575317382812 4.3508477210998535 0.07240770012140274 
v -9.62926959991455 4.406778335571289 0.24417415261268616 
v -9.67005729675293 4.481932640075684 0.1689131110906601 
v -9.659228324890137 4.371908664703369 0.04177628830075264 
v -9.62926959991455 4.406778335571289 0.24417415261268616 
v -9.601656913757324 4.434595108032227 0.34150299429893494 
v -9.62926959991455 4.406778335571289 0.24417415261268616 
v -9.6121244430542 4.5168023109436035 0.2996729910373688 
v -9.62926959991455 4.406778335571289 0.24417415261268616 
v -9.6121244430542 4.5168023109436035 0.2996729910373688 
v -9.67005729675293 4.481932640075684 0.1689131110906601 
v -9.833929061889648 4.692790985107422 -0.018827790394425392 
v -9.820393562316895 4.474183559417725 -0.020145269110798836 
v -9.778343200683594 4.474034786224365 -0.034802235662937164 
v -9.681788444519043 4.275991439819336 -0.046165499836206436 
v -9.7335844039917 4.3991289138793945 0.001922519993968308 
v -9.66915512084961 4.4308695793151855 -0.047977034002542496 
v -9.659228324890137 4.371908664703369 0.04177628830075264 
v -9.713552474975586 4.4508376121521 0.01822633482515812 
v -9.68684196472168 4.467925071716309 0.06104443594813347 
v -9.66915512084961 4.4308695793151855 -0.047977034002542496 
v -9.7335844039917 4.3991289138793945 0.001922519993968308 
v -9.778343200683594 4.474034786224365 -0.034802235662937164 
v -9.68612003326416 4.2754950523376465 -0.012405075132846832 
v -9.659228324890137 4.371908664703369 0.04177628830075264 
v -9.661575317382812 4.3508477210998535 0.07240770012140274 
v -9.67168140411377 4.277630805969238 0.06664372235536575 
v -9.380393028259277 4.277482032775879 -0.04995325580239296 
v -9.13241958618164 4.280710697174072 0.06713777780532837 
v -9.68612003326416 4.2754950523376465 -0.012405075132846832 
v -9.681788444519043 4.275991439819336 -0.046165499836206436 
v -9.79079532623291 4.275693416595459 -0.01355786994099617 
v -9.804872512817383 4.393913269042969 -0.03414349630475044 
v -9.7335844039917 4.3991289138793945 0.001922519993968308 
v -9.792961120605469 4.279617786407471 -0.047647666186094284 
v -9.7335844039917 4.3991289138793945 0.001922519993968308 
v -9.778343200683594 4.474034786224365 -0.034802235662937164 
v -9.804872512817383 4.393913269042969 -0.03414349630475044 
v -9.792961120605469 4.279617786407471 -0.047647666186094284 
v -9.79079532623291 4.275693416595459 -0.01355786994099617 
v -9.804872512817383 4.393913269042969 -0.03414349630475044 
v -9.659228324890137 4.371908664703369 0.04177628830075264 
v -9.68612003326416 4.2754950523376465 -0.012405075132846832 
v -9.79079532623291 4.275693416595459 -0.01355786994099617 
v -9.820393562316895 4.474183559417725 -0.020145269110798836 
v -9.804872512817383 4.393913269042969 -0.03414349630475044 
v -9.79079532623291 4.275693416595459 -0.01355786994099617 
v -7.818192958831787 5.243208885192871 0.18521691858768463 
v -7.8162078857421875 4.698205471038818 0.1723714917898178 
v -7.815485954284668 5.068660736083984 0.5287498235702515 
v -4.571971416473389 5.561259746551514 0.6464996337890625 
v -4.543275356292725 5.390486717224121 0.6222909092903137 
v -4.502488136291504 5.564736843109131 0.6229496598243713 
v -4.575219631195068 5.288062572479248 0.6483111381530762 
v -4.543275356292725 5.390486717224121 0.6222909092903137 
v -4.5301008224487305 5.239532947540283 0.6292076706886292 
v -4.502488136291504 5.564736843109131 0.6229496598243713 
v -4.543275356292725 5.390486717224121 0.6222909092903137 
v -4.5524797439575195 5.494351387023926 0.5162338018417358 
v -4.9192070960998535 5.554653644561768 0.637112557888031 
v -4.571971416473389 5.561259746551514 0.6464996337890625 
v -4.927689552307129 5.3588457107543945 0.6512754559516907 
v -4.537680625915527 5.184893608093262 0.6471583247184753 
v -4.5301008224487305 5.239532947540283 0.6292076706886292 
v -4.575219631195068 5.288062572479248 0.6483111381530762 
v -4.962160587310791 5.500907897949219 0.0743839219212532 
v -4.963603973388672 5.568164348602295 -0.049459200352430344 
v -4.959994792938232 5.426548957824707 -0.050447311252355576 
v -4.571971416473389 5.561259746551514 0.6464996337890625 
v -4.842865943908691 5.564886093139648 0.6326660513877869 
v -4.9192070960998535 5.554653644561768 0.637112557888031 
v -4.501946449279785 4.515759468078613 0.6758135557174683 
v -4.563488960266113 4.681068420410156 0.6217968463897705 
v -4.469641208648682 4.540595531463623 0.6392534971237183 
v -4.522521018981934 4.836790561676025 0.6585215926170349 
v -4.545080184936523 4.905636310577393 0.6198206543922424 
v -4.535695552825928 4.871561527252197 0.6585215926170349 
v -4.555908679962158 4.783442974090576 0.6432058811187744 
v -4.522521018981934 4.836790561676025 0.6585215926170349 
v -4.5842437744140625 4.760643482208252 0.5313847661018372 
v -4.618173122406006 4.286025524139404 0.6590156555175781 
v -4.526130199432373 4.483870029449463 0.6883295774459839 
v -4.740174770355225 4.477362632751465 0.6524282693862915 
v -4.953858375549316 4.44502592086792 0.6524282693862915 
v -4.956385135650635 4.346973419189453 0.5264442563056946 
v -4.959994792938232 4.2823991775512695 0.6428765654563904 
v -4.958189964294434 4.279468536376953 0.5294085741043091 
v -4.959994792938232 4.2823991775512695 0.6428765654563904 
v -5.475975513458252 4.288111686706543 0.5307260751724243 
v -4.917041301727295 5.571293830871582 0.05775073543190956 
v -4.6636528968811035 5.567319869995117 0.0651615634560585 
v -4.741799354553223 5.499368190765381 0.08492375910282135 
v -4.573054313659668 5.404444694519043 0.07141958922147751 
v -4.521799087524414 5.5057759284973145 0.07471328973770142 
v -4.508624076843262 5.486652374267578 0.14322224259376526 
v -4.6636528968811035 5.567319869995117 0.0651615634560585 
v -4.919568061828613 5.571740627288818 -0.0512707345187664 
v -4.470724105834961 5.575068473815918 -0.05094136670231819 
v -4.923177719116211 5.562352657318115 0.5346785187721252 
v -4.531905651092529 5.566376209259033 0.5307260751724243 
v -4.934728145599365 5.499020576477051 0.5247973799705505 
v -4.460076332092285 5.491569519042969 0.319270521402359 
v -4.507902145385742 5.500858306884766 0.22918781638145447 
v -4.568181037902832 5.4167633056640625 0.21535427868366241 
v -4.527213096618652 5.1851420402526855 0.05972695350646973 
v -4.49346399307251 5.212312698364258 -0.05291758477687836 
v -4.484440326690674 5.40176248550415 -0.04863577336072922 
v -4.484440326690674 5.40176248550415 -0.04863577336072922 
v -4.515482425689697 5.077849864959717 -0.05456443503499031 
v -4.49346399307251 5.212312698364258 -0.05291758477687836 
v -4.470724105834961 5.575068473815918 -0.05094136670231819 
v -4.482816219329834 5.573678016662598 0.0648321881890297 
v -4.521799087524414 5.5057759284973145 0.07471328973770142 
v -4.741799354553223 5.499368190765381 0.08492375910282135 
v -4.521799087524414 5.5057759284973145 0.07471328973770142 
v -4.507902145385742 5.500858306884766 0.22918781638145447 
v -4.917582988739014 5.26183557510376 -0.012569759972393513 
v -4.884194850921631 5.11525297164917 -0.05209416151046753 
v -4.9298553466796875 4.954216003417969 -0.0031827150378376245 
v -4.462783336639404 4.957891464233398 0.028107434511184692 
v -4.496893405914307 4.944678783416748 0.14388099312782288 
v -4.479928493499756 4.979300498962402 0.13449394702911377 
v -4.529017925262451 5.069306373596191 0.0862412378191948 
v -4.527213096618652 5.1851420402526855 0.05972695350646973 
v -4.566737651824951 5.065779685974121 0.10023946315050125 
v -4.515662670135498 4.953669548034668 0.23116403818130493 
v -4.511692047119141 4.915322303771973 0.18884000182151794 
v -4.504834175109863 4.895155429840088 0.26574790477752686 
v -4.515662670135498 4.953669548034668 0.23116403818130493 
v -4.511692047119141 4.915322303771973 0.18884000182151794 
v -4.544538974761963 4.991370677947998 0.17582988739013672 
v -4.544538974761963 4.991370677947998 0.17582988739013672 
v -4.515662670135498 4.953669548034668 0.23116403818130493 
v -4.588935852050781 5.066176891326904 0.14997433125972748 
v -4.544538974761963 4.991370677947998 0.17582988739013672 
v -4.479928493499756 4.979300498962402 0.13449394702911377 
v -4.484801292419434 5.022813320159912 0.09991009533405304 
v -4.5781073570251465 5.164577484130859 0.13795232772827148 
v -4.567459583282471 5.1770453453063965 0.19081620872020721 
v -4.553382396697998 5.209382057189941 0.12477753311395645 
v -4.479748249053955 5.019683837890625 -0.05291758477687836 
v -4.433004856109619 4.890039443969727 -0.05456443503499031 
v -4.515482425689697 5.077849864959717 -0.05456443503499031 
v -4.9192070960998535 5.554653644561768 0.637112557888031 
v -4.934728145599365 5.499020576477051 0.5247973799705505 
v -4.923177719116211 5.562352657318115 0.5346785187721252 
v -4.9657697677612305 5.561905384063721 0.5358312726020813 
v -4.960896968841553 5.357255935668945 0.6555572748184204 
v -4.970823287963867 5.498076915740967 0.5256208181381226 
v -4.842865943908691 5.564886093139648 0.6326660513877869 
v -4.9192070960998535 5.554653644561768 0.637112557888031 
v -4.923177719116211 5.562352657318115 0.5346785187721252 
v -4.927689552307129 5.3588457107543945 0.6512754559516907 
v -4.934728145599365 5.499020576477051 0.5247973799705505 
v -4.944293022155762 5.375436305999756 0.46682828664779663 
v -4.974252223968506 5.019336223602295 -0.05077667906880379 
v -5.494203567504883 5.559123992919922 -0.051929473876953125 
v -4.971545219421387 4.748175621032715 -0.05176478996872902 
v -4.944293022155762 5.375436305999756 0.46682828664779663 
v -4.92750883102417 5.500212669372559 0.2270469218492508 
v -4.964686870574951 5.385072708129883 0.22770565748214722 
v -4.917582988739014 5.26183557510376 -0.012569759972393513 
v -4.92786979675293 5.405885219573975 -0.008123264648020267 
v -4.940683841705322 5.323925971984863 -0.01108759455382824 
v -4.515482425689697 5.077849864959717 -0.05456443503499031 
v -4.884194850921631 5.11525297164917 -0.05209416151046753 
v -4.484440326690674 5.40176248550415 -0.04863577336072922 
v -4.917041301727295 5.571293830871582 0.05775073543190956 
v -4.741799354553223 5.499368190765381 0.08492375910282135 
v -4.92498254776001 5.5044846534729 0.07141958922147751 
v -4.959814071655273 5.562650680541992 0.06730246543884277 
v -4.962160587310791 5.500907897949219 0.0743839219212532 
v -4.963603973388672 5.568164348602295 -0.049459200352430344 
v -4.508804798126221 4.7412214279174805 0.31136563420295715 
v -4.504834175109863 4.895155429840088 0.26574790477752686 
v -4.4894938468933105 4.751305103302002 0.22556474804878235 
v -4.418025016784668 4.497430324554443 0.49235445261001587 
v -4.397270679473877 4.54670524597168 0.47687405347824097 
v -4.415318012237549 4.4871978759765625 0.5618515014648438 
v -4.440765380859375 4.2795186042785645 0.5348432064056396 
v -4.404670238494873 4.345930099487305 0.5312201380729675 
v -4.4458184242248535 4.335498809814453 0.5534526109695435 
v -4.380666732788086 4.462162971496582 0.4538181722164154 
v -4.406113624572754 4.418550968170166 0.5462064743041992 
v -4.404670238494873 4.345930099487305 0.5312201380729675 
v -4.404670238494873 4.345930099487305 0.5312201380729675 
v -4.457729816436768 4.359490394592285 0.2751349210739136 
v -4.4458184242248535 4.335498809814453 0.5534526109695435 
v -4.457729816436768 4.359490394592285 0.2751349210739136 
v -4.380666732788086 4.462162971496582 0.4538181722164154 
v -4.404670238494873 4.345930099487305 0.5312201380729675 
v -4.434989929199219 4.365103721618652 0.598905622959137 
v -4.440765380859375 4.2795186042785645 0.5348432064056396 
v -4.450150012969971 4.283442497253418 0.6456761956214905 
v -4.521618366241455 4.353033065795898 0.20712003111839294 
v -4.457729816436768 4.359490394592285 0.2751349210739136 
v -4.4458184242248535 4.335498809814453 0.5534526109695435 
v -4.4894938468933105 4.751305103302002 0.22556474804878235 
v -4.414776802062988 4.691251277923584 0.1656194031238556 
v -4.414776802062988 4.687227725982666 0.2056378722190857 
v -4.488230228424072 4.49420166015625 0.15145650506019592 
v -4.4775824546813965 4.469067573547363 0.276123046875 
v -4.5030293464660645 4.43235969543457 0.2359399050474167 
v -4.4084601402282715 4.818461894989014 0.0040634251199662685 
v -4.433004856109619 4.890039443969727 -0.05456443503499031 
v -4.389510154724121 4.726617813110352 -0.05604660138487816 
v -4.419107913970947 4.703619480133057 -0.049459200352430344 
v -4.389510154724121 4.726617813110352 -0.05604660138487816 
v -4.41134786605835 4.679727077484131 -0.0018652350408956409 
v -4.401421546936035 4.786224365234375 0.11012056469917297 
v -4.438779830932617 4.617041110992432 0.024154994636774063 
v -4.414776802062988 4.691251277923584 0.1656194031238556 
v -4.559157371520996 4.2777299880981445 0.06878463178873062 
v -4.5994038581848145 4.346128940582275 0.09002899378538132 
v -4.776269912719727 4.2808098793029785 0.06433813273906708 
v -4.521618366241455 4.353033065795898 0.20712003111839294 
v -4.457729816436768 4.359490394592285 0.2751349210739136 
v -4.5030293464660645 4.43235969543457 0.2359399050474167 
v -4.438779830932617 4.617041110992432 0.024154994636774063 
v -4.488230228424072 4.49420166015625 0.15145650506019592 
v -4.469460964202881 4.472296237945557 -0.014545979909598827 
v -4.493644714355469 4.2870683670043945 0.061867859214544296 
v -4.501224517822266 4.3541259765625 0.07092553377151489 
v -4.482274532318115 4.281803131103516 -0.05061199516057968 
v -4.501224517822266 4.3541259765625 0.07092553377151489 
v -4.5030293464660645 4.43235969543457 0.2359399050474167 
v -4.521618366241455 4.353033065795898 0.20712003111839294 
v -4.482274532318115 4.281803131103516 -0.05061199516057968 
v -4.777894496917725 4.2817535400390625 -0.05176478996872902 
v -4.559157371520996 4.2777299880981445 0.06878463178873062 
v -4.773021697998047 4.349158763885498 0.08673529326915741 
v -4.776269912719727 4.2808098793029785 0.06433813273906708 
v -4.5994038581848145 4.346128940582275 0.09002899378538132 
v -4.476860523223877 4.47939920425415 -0.05176478996872902 
v -4.8665080070495605 4.678435802459717 -0.05374101176857948 
v -4.482274532318115 4.281803131103516 -0.05061199516057968 
v -4.956385135650635 4.346973419189453 0.5264442563056946 
v -4.951512336730957 4.443833827972412 0.4526653587818146 
v -4.953858375549316 4.44502592086792 0.6524282693862915 
v -4.918846130371094 4.744450092315674 -0.04929451644420624 
v -4.918304920196533 4.829041957855225 -0.007299839984625578 
v -4.937074184417725 4.730094909667969 -0.009934799745678902 
v -4.921733856201172 4.613017559051514 -0.007958579808473587 
v -4.8665080070495605 4.678435802459717 -0.05374101176857948 
v -4.881307125091553 4.527531623840332 -0.0512707345187664 
v -4.9657697677612305 5.561905384063721 0.5358312726020813 
v -5.190823554992676 5.555299282073975 0.6476523876190186 
v -5.47976541519165 5.5605149269104 0.623608410358429 
v -5.916697978973389 5.544371128082275 0.06927868723869324 
v -5.888724327087402 5.497232437133789 0.07454860210418701 
v -5.712218761444092 5.495593070983887 0.080312579870224 
v -4.959994792938232 4.2823991775512695 0.6428765654563904 
v -5.399453639984131 4.2892045974731445 0.648640513420105 
v -5.0949907302856445 4.333363056182861 0.6525929570198059 
v -5.895762920379639 4.813246250152588 0.6535810828208923 
v -5.960192680358887 4.299834251403809 0.6479817628860474 
v -5.8867387771606445 4.458586692810059 0.6548985242843628 
v -5.829347610473633 5.496586799621582 0.48230865597724915 
v -5.396024703979492 5.501404762268066 0.5234799385070801 
v -5.554482460021973 5.519684314727783 0.5284204483032227 
v -5.200569152832031 5.563941955566406 0.03255392983555794 
v -4.963603973388672 5.568164348602295 -0.049459200352430344 
v -5.57686185836792 5.555050849914551 0.06598498672246933 
v -5.712218761444092 5.495593070983887 0.080312579870224 
v -4.962160587310791 5.500907897949219 0.0743839219212532 
v -5.18270206451416 5.499914646148682 0.33936208486557007 
v -5.840176105499268 5.493407726287842 0.20102667808532715 
v -5.829347610473633 5.496586799621582 0.48230865597724915 
v -5.712218761444092 5.495593070983887 0.080312579870224 
v -5.916697978973389 5.544371128082275 0.06927868723869324 
v -5.57686185836792 5.555050849914551 0.06598498672246933 
v -5.712218761444092 5.495593070983887 0.080312579870224 
v -5.880061149597168 5.4662370681762695 0.24055108428001404 
v -5.904064655303955 5.335598945617676 0.07240770012140274 
v -5.924638748168945 5.2610907554626465 0.5289145112037659 
v -5.925902366638184 5.346874713897705 -0.050447311252355576 
v -5.494203567504883 5.559123992919922 -0.051929473876953125 
v -5.951710224151611 5.549984455108643 -0.05028262361884117 
v -5.925902366638184 5.346874713897705 -0.050447311252355576 
v -5.905147552490234 5.094291687011719 0.060879748314619064 
v -5.904064655303955 5.335598945617676 0.07240770012140274 
v -5.925902366638184 5.346874713897705 -0.050447311252355576 
v -5.951710224151611 5.549984455108643 -0.05028262361884117 
v -5.916697978973389 5.544371128082275 0.06927868723869324 
v -5.920848846435547 5.111080646514893 -0.050117939710617065 
v -5.905147552490234 5.094291687011719 0.060879748314619064 
v -5.925902366638184 5.346874713897705 -0.050447311252355576 
v -5.920848846435547 5.111080646514893 -0.050117939710617065 
v -5.902440547943115 4.735857009887695 -0.04171900451183319 
v -5.494203567504883 5.559123992919922 -0.051929473876953125 
v -5.4451141357421875 4.348016262054443 0.5272676944732666 
v -5.533547401428223 4.345085620880127 0.5162338018417358 
v -5.418764591217041 4.350152015686035 0.21897734701633453 
v -5.2121195793151855 4.352337837219238 0.3283281922340393 
v -5.148591995239258 4.350301265716553 0.07537203282117844 
v -5.418764591217041 4.350152015686035 0.21897734701633453 
v -5.178009510040283 4.285826683044434 0.068290576338768 
v -5.494564533233643 4.291886806488037 0.06466750800609589 
v -5.16375207901001 4.284733772277832 -0.04896514490246773 
v -5.494564533233643 4.291886806488037 0.06466750800609589 
v -5.16375207901001 4.284733772277832 -0.04896514490246773 
v -5.964885234832764 4.299883842468262 -0.04896514490246773 
v -5.95351505279541 4.298145294189453 0.5336903929710388 
v -5.920487880706787 4.354175567626953 0.5249620676040649 
v -5.660241603851318 4.349009990692139 0.5228211879730225 
v -5.848297595977783 4.614557266235352 0.3151533901691437 
v -5.860750198364258 4.65399694442749 0.08838214725255966 
v -5.856780052185059 4.820994853973389 0.10205099731683731 
v -5.962177753448486 4.428336143493652 0.068290576338768 
v -5.902440547943115 4.735857009887695 -0.04171900451183319 
v -5.966689586639404 4.489482879638672 -0.044024594128131866 
v -4.971545219421387 4.748175621032715 -0.05176478996872902 
v -5.964885234832764 4.299883842468262 -0.04896514490246773 
v -5.16375207901001 4.284733772277832 -0.04896514490246773 
v -5.964343547821045 4.298493385314941 0.07191364467144012 
v -5.494564533233643 4.291886806488037 0.06466750800609589 
v -5.912727355957031 4.35377836227417 0.07850104570388794 
v -5.964885234832764 4.299883842468262 -0.04896514490246773 
v -5.964343547821045 4.298493385314941 0.07191364467144012 
v -5.494564533233643 4.291886806488037 0.06466750800609589 
v -5.898650169372559 4.477958679199219 0.0896996259689331 
v -5.912727355957031 4.35377836227417 0.07850104570388794 
v -5.901718616485596 4.358994007110596 0.27118250727653503 
v -5.860750198364258 4.65399694442749 0.08838214725255966 
v -5.898650169372559 4.477958679199219 0.0896996259689331 
v -5.962177753448486 4.428336143493652 0.068290576338768 
v -8.111827850341797 5.551374912261963 0.5415952801704407 
v -8.095584869384766 5.5484938621521 0.6476523876190186 
v -7.8642144203186035 5.552666664123535 0.6514401435852051 
v -7.863673210144043 5.373598098754883 0.6547338366508484 
v -7.9318928718566895 5.407623767852783 0.65423983335495 
v -7.764772415161133 5.467230319976807 0.6514401435852051 
v -8.730499267578125 5.55450439453125 0.636289119720459 
v -8.771828651428223 5.539801597595215 0.6474876999855042 
v -8.77634048461914 5.414180278778076 0.6548985242843628 
v -8.387775421142578 5.414180278778076 0.6560513377189636 
v -8.095584869384766 5.5484938621521 0.6476523876190186 
v -8.198997497558594 5.406530857086182 0.6548985242843628 
v -8.491007804870605 5.559670448303223 0.5598753094673157 
v -8.68303394317627 5.563296318054199 0.5407718420028687 
v -8.730499267578125 5.55450439453125 0.636289119720459 
v -7.8642144203186035 5.552666664123535 0.6514401435852051 
v -8.198997497558594 5.406530857086182 0.6548985242843628 
v -8.095584869384766 5.5484938621521 0.6476523876190186 
v -8.095584869384766 5.5484938621521 0.6476523876190186 
v -8.491007804870605 5.559670448303223 0.5598753094673157 
v -8.501835823059082 5.493407726287842 0.6497933268547058 
v -8.303132057189941 5.497629642486572 0.07998321205377579 
v -8.661918640136719 5.501057147979736 0.08904088288545609 
v -8.451302528381348 5.558825969696045 0.06549093127250671 
v -7.7725324630737305 4.302864074707031 0.6516048312187195 
v -7.959325313568115 4.2942214012146 0.6110923290252686 
v -7.763869762420654 4.3004302978515625 0.5338550806045532 
v -8.26920223236084 4.352884292602539 0.5289145112037659 
v -8.218308448791504 4.545959949493408 0.6519342064857483 
v -8.211811065673828 4.3078813552856445 0.6432058811187744 
v -7.9226884841918945 4.314537048339844 0.650287389755249 
v -8.211811065673828 4.3078813552856445 0.6432058811187744 
v -8.155322074890137 4.291787624359131 0.6394181847572327 
v -8.77958869934082 4.457742214202881 0.6519342064857483 
v -8.72327995300293 4.292681694030762 0.6501227021217346 
v -8.775437355041504 4.28557825088501 0.6514401435852051 
v -7.763869762420654 5.549686431884766 0.6077986359596252 
v -7.765854835510254 5.546755313873291 0.5310554504394531 
v -7.8642144203186035 5.552666664123535 0.6514401435852051 
v -8.774354934692383 5.4970831871032715 0.07520734518766403 
v -8.566085815429688 5.493109703063965 0.2731587290763855 
v -8.777603149414062 5.468372821807861 0.34562012553215027 
v -7.8162078857421875 4.698205471038818 0.1723714917898178 
v -7.815485954284668 5.068660736083984 0.5287498235702515 
v -7.816749095916748 4.763276100158691 0.5243033170700073 
v -8.095584869384766 5.5484938621521 0.6476523876190186 
v -8.298258781433105 5.55519962310791 0.5310554504394531 
v -8.111827850341797 5.551374912261963 0.5415952801704407 
v -7.823968410491943 5.49231481552124 0.525785505771637 
v -7.760440826416016 5.329588890075684 0.5557581782341003 
v -7.816749095916748 5.243308067321777 0.5292438864707947 
v -7.767118453979492 5.41124963760376 -0.04929451644420624 
v -7.787151336669922 5.547451019287109 -0.04781235009431839 
v -8.415929794311523 5.559024810791016 -0.04880046099424362 
v -7.787151336669922 5.547451019287109 -0.04781235009431839 
v -7.7725324630737305 5.5481462478637695 0.06779652088880539 
v -7.7635087966918945 5.547152996063232 0.009827399626374245 
v -7.767118453979492 5.41124963760376 -0.04929451644420624 
v -7.7725324630737305 5.5481462478637695 0.06779652088880539 
v -7.7635087966918945 5.547152996063232 0.009827399626374245 
v -7.767118453979492 5.41124963760376 -0.04929451644420624 
v -7.774878978729248 4.988837242126465 -0.0389193594455719 
v -7.808628082275391 4.90330171585083 -0.05176478996872902 
v -8.491007804870605 5.559670448303223 0.5598753094673157 
v -8.68303394317627 5.563296318054199 0.5407718420028687 
v -8.298258781433105 5.55519962310791 0.5310554504394531 
v -8.77634048461914 5.496189117431641 0.5247973799705505 
v -8.68303394317627 5.563296318054199 0.5407718420028687 
v -8.599112510681152 5.499715805053711 0.5239739418029785 
v -8.730499267578125 5.55450439453125 0.636289119720459 
v -8.771828651428223 5.539801597595215 0.6474876999855042 
v -8.775437355041504 5.565184116363525 0.532537579536438 
v -8.771828651428223 5.539801597595215 0.6474876999855042 
v -8.775437355041504 5.565184116363525 0.532537579536438 
v -8.77634048461914 5.496189117431641 0.5247973799705505 
v -8.223902702331543 5.554653644561768 0.06614966690540314 
v -8.451302528381348 5.558825969696045 0.06549093127250671 
v -8.415929794311523 5.559024810791016 -0.04880046099424362 
v -8.781574249267578 5.419395923614502 0.00686307018622756 
v -8.768037796020508 5.565134048461914 0.06400876492261887 
v -8.772911071777344 5.563941955566406 -0.0481417216360569 
v -8.773994445800781 5.314239978790283 -0.04781235009431839 
v -8.793485641479492 5.152854919433594 -0.016522200778126717 
v -8.76208209991455 5.096179008483887 -0.050447311252355576 
v -8.76208209991455 5.096179008483887 -0.050447311252355576 
v -8.772911071777344 5.563941955566406 -0.0481417216360569 
v -8.415929794311523 5.559024810791016 -0.04880046099424362 
v -9.156062126159668 5.49777889251709 0.10863839834928513 
v -9.468465805053711 5.500361919403076 0.0773482471704483 
v -9.328055381774902 5.512233257293701 0.07257238775491714 
v -7.758635997772217 4.984317302703857 0.043752510100603104 
v -7.8162078857421875 4.698205471038818 0.1723714917898178 
v -7.766396522521973 4.726965427398682 0.06466750800609589 
v -8.76208209991455 5.096179008483887 -0.050447311252355576 
v -8.766594886779785 4.867885589599609 -0.04896514490246773 
v -7.808628082275391 4.90330171585083 -0.05176478996872902 
v -7.816749095916748 4.763276100158691 0.5243033170700073 
v -7.762425899505615 4.657672882080078 0.5313847661018372 
v -7.818192958831787 4.355417728424072 0.5282557606697083 
v -7.763869762420654 4.3004302978515625 0.5338550806045532 
v -7.762425899505615 4.657672882080078 0.5313847661018372 
v -7.818192958831787 4.355417728424072 0.5282557606697083 
v -8.320277214050293 4.362669467926025 0.38794416189193726 
v -8.32298469543457 4.364656448364258 0.3225642144680023 
v -7.96979284286499 4.351443767547607 0.5282557606697083 
v -8.26920223236084 4.352884292602539 0.5289145112037659 
v -7.96979284286499 4.351443767547607 0.5282557606697083 
v -8.320277214050293 4.362669467926025 0.38794416189193726 
v -8.70090103149414 4.353331089019775 0.5376428365707397 
v -8.715700149536133 4.469316005706787 0.6552278995513916 
v -8.72327995300293 4.292681694030762 0.6501227021217346 
v -8.198997497558594 4.2917375564575195 0.5323728919029236 
v -8.260178565979004 4.293774127960205 0.5439008474349976 
v -8.211811065673828 4.3078813552856445 0.6432058811187744 
v -7.758635997772217 4.984317302703857 0.043752510100603104 
v -7.774878978729248 4.988837242126465 -0.0389193594455719 
v -7.767118453979492 5.41124963760376 -0.04929451644420624 
v -7.8162078857421875 4.698205471038818 0.1723714917898178 
v -7.819275856018066 4.3548712730407715 0.07257238775491714 
v -7.820539474487305 4.35447359085083 0.5079995393753052 
v -7.766576766967773 4.297350883483887 0.0712549015879631 
v -8.073386192321777 4.291985988616943 -0.04682423919439316 
v -7.77036714553833 4.3013739585876465 -0.04665955528616905 
v -7.766576766967773 4.297350883483887 0.0712549015879631 
v -8.34626579284668 4.292085647583008 0.06977274268865585 
v -8.018882751464844 4.349705219268799 0.07586608827114105 
v -8.34626579284668 4.292085647583008 0.06977274268865585 
v -8.34554386138916 4.294867038726807 -0.049788568168878555 
v -8.073386192321777 4.291985988616943 -0.04682423919439316 
v -8.073386192321777 4.291985988616943 -0.04682423919439316 
v -7.803032875061035 4.4831743240356445 -0.05094136670231819 
v -8.34554386138916 4.294867038726807 -0.049788568168878555 
v -8.695847511291504 4.364656448364258 0.4442664384841919 
v -8.701803207397461 4.517547607421875 0.6214674711227417 
v -8.70090103149414 4.353331089019775 0.5376428365707397 
v -8.777242660522461 4.355268478393555 0.5279263854026794 
v -8.775437355041504 4.354523181915283 0.3289869427680969 
v -8.77958869934082 4.457742214202881 0.6519342064857483 
v -8.777242660522461 4.355268478393555 0.5279263854026794 
v -8.772911071777344 4.291638374328613 0.5374781489372253 
v -8.775437355041504 4.28557825088501 0.6514401435852051 
v -8.695847511291504 4.364656448364258 0.4442664384841919 
v -8.775437355041504 4.354523181915283 0.3289869427680969 
v -8.777242660522461 4.355268478393555 0.5279263854026794 
v -8.72327995300293 4.292681694030762 0.6501227021217346 
v -8.698735237121582 4.290098667144775 0.5387955904006958 
v -8.70090103149414 4.353331089019775 0.5376428365707397 
v -8.78193473815918 4.433403015136719 0.2794167399406433 
v -8.775437355041504 4.354523181915283 0.3289869427680969 
v -8.773994445800781 4.353281497955322 0.17961762845516205 
v -8.335256576538086 4.596377372741699 0.32371699810028076 
v -8.32298469543457 4.364656448364258 0.3225642144680023 
v -8.320277214050293 4.362669467926025 0.38794416189193726 
v -8.647841453552246 4.367090702056885 0.16743095219135284 
v -8.500211715698242 4.356709003448486 0.2061319202184677 
v -8.44354248046875 4.349158763885498 0.0743839219212532 
v -8.358357429504395 4.358099937438965 0.19427460432052612 
v -8.32298469543457 4.364656448364258 0.3225642144680023 
v -8.335256576538086 4.596377372741699 0.32371699810028076 
v -8.359621047973633 4.60308313369751 0.19888578355312347 
v -8.537569999694824 4.556142807006836 0.2061319202184677 
v -8.455092430114746 4.575713634490967 0.22309447824954987 
v -8.537569999694824 4.556142807006836 0.2061319202184677 
v -8.607775688171387 4.44433069229126 0.20662596821784973 
v -8.500211715698242 4.356709003448486 0.2061319202184677 
v -7.803032875061035 4.4831743240356445 -0.05094136670231819 
v -8.766594886779785 4.867885589599609 -0.04896514490246773 
v -8.34554386138916 4.294867038726807 -0.049788568168878555 
v -8.34626579284668 4.292085647583008 0.06977274268865585 
v -8.774896621704102 4.287118434906006 -0.049129828810691833 
v -8.34554386138916 4.294867038726807 -0.049788568168878555 
v -8.396799087524414 4.3761305809021 0.18538160622119904 
v -8.44354248046875 4.349158763885498 0.0743839219212532 
v -8.500211715698242 4.356709003448486 0.2061319202184677 
v -8.775437355041504 4.354523181915283 0.3289869427680969 
v -8.764067649841309 4.352238655090332 0.21634238958358765 
v -8.737357139587402 4.360036849975586 0.3378799259662628 
v -8.764067649841309 4.352238655090332 0.21634238958358765 
v -8.647841453552246 4.367090702056885 0.16743095219135284 
v -8.773994445800781 4.353281497955322 0.17961762845516205 
v -8.774896621704102 4.287118434906006 -0.049129828810691833 
v -8.766594886779785 4.867885589599609 -0.04896514490246773 
v -8.34554386138916 4.294867038726807 -0.049788568168878555 
v -8.773633003234863 4.286571979522705 0.0710902214050293 
v -8.34626579284668 4.292085647583008 0.06977274268865585 
v -8.774896621704102 4.287118434906006 -0.049129828810691833 
v -8.44354248046875 4.349158763885498 0.0743839219212532 
v -8.773633003234863 4.286571979522705 0.0710902214050293 
v -8.34626579284668 4.292085647583008 0.06977274268865585 
v -8.781754493713379 5.41373348236084 0.49745967984199524 
v -8.771828651428223 5.539801597595215 0.6474876999855042 
v -8.77634048461914 5.414180278778076 0.6548985242843628 
v -9.342132568359375 5.350152969360352 0.6547338366508484 
v -9.094880104064941 5.3675384521484375 0.6604978442192078 
v -9.051024436950684 5.542781829833984 0.6489698886871338 
v -8.83986759185791 5.56667423248291 -0.04929451644420624 
v -8.820196151733398 5.037714958190918 -0.047977034002542496 
v -8.814600944519043 5.300580024719238 -0.0450127050280571 
v -9.061853408813477 4.283144474029541 0.649463951587677 
v -8.821640014648438 4.285677909851074 0.617185652256012 
v -8.813518524169922 4.441747665405273 0.6576982140541077 
v -9.593535423278809 5.500411510467529 0.6529223322868347 
v -9.626201629638672 5.314786434173584 0.6539104580879211 
v -9.624397277832031 5.5677666664123535 0.6109276413917542 
v -9.661033630371094 4.454761981964111 0.5779906511306763 
v -9.627645492553711 4.274402141571045 0.6517695188522339 
v -9.627284049987793 4.4507880210876465 0.6563807129859924 
v -9.102821350097656 5.499517440795898 0.5219977498054504 
v -8.814240455627441 5.56736946105957 0.5322082042694092 
v -9.17898178100586 5.5664753913879395 0.5294085741043091 
v -9.156062126159668 5.49777889251709 0.10863839834928513 
v -9.102821350097656 5.499517440795898 0.5219977498054504 
v -8.818571090698242 5.496984004974365 0.5234799385070801 
v -8.773994445800781 5.314239978790283 -0.04781235009431839 
v -8.76208209991455 5.096179008483887 -0.050447311252355576 
v -8.772911071777344 5.563941955566406 -0.0481417216360569 
v -8.821640014648438 5.566922664642334 0.06680840998888016 
v -8.814059257507324 5.5612101554870605 -0.012240390293300152 
v -8.83986759185791 5.56667423248291 -0.04929451644420624 
v -8.99814510345459 5.526092052459717 0.07306644320487976 
v -9.200458526611328 5.568661212921143 0.06713777780532837 
v -8.821640014648438 5.566922664642334 0.06680840998888016 
v -8.805937767028809 5.423121452331543 0.0957929715514183 
v -8.804313659667969 5.41090202331543 0.0006050399970263243 
v -8.814059257507324 5.50130558013916 0.07356049865484238 
v -8.814059257507324 5.5612101554870605 -0.012240390293300152 
v -8.814059257507324 5.50130558013916 0.07356049865484238 
v -8.821640014648438 5.566922664642334 0.06680840998888016 
v -8.814600944519043 4.722941875457764 -0.047977034002542496 
v -9.74405288696289 4.8940629959106445 -0.04665955528616905 
v -9.200638771057129 5.56965446472168 -0.05077667906880379 
v -9.417932510375977 5.5689592361450195 0.5335257053375244 
v -9.621689796447754 5.564687252044678 0.5427480340003967 
v -9.507448196411133 5.503292560577393 0.5289145112037659 
v -9.626201629638672 5.314786434173584 0.6539104580879211 
v -9.624757766723633 5.4404072761535645 0.5010827779769897 
v -9.606710433959961 5.301176071166992 0.5447242856025696 
v -9.367399215698242 5.499318599700928 0.5259501934051514 
v -9.507448196411133 5.503292560577393 0.5289145112037659 
v -9.474421501159668 5.493258476257324 0.4500304162502289 
v -9.642986297607422 5.437228202819824 0.4098472595214844 
v -9.642444610595703 5.367985248565674 0.4049067199230194 
v -9.646595001220703 5.297003746032715 0.4444311261177063 
v -9.621689796447754 5.564687252044678 0.5427480340003967 
v -9.624397277832031 5.5677666664123535 0.6109276413917542 
v -9.62511920928955 5.474184513092041 0.5185393691062927 
v -9.200638771057129 5.56965446472168 -0.05077667906880379 
v -9.663921356201172 5.574820518493652 0.0710902214050293 
v -9.334733009338379 5.574621677398682 0.030083654448390007 
v -9.671501159667969 5.437675476074219 0.2176598757505417 
v -9.692797660827637 5.440158843994141 0.177806094288826 
v -9.657604217529297 5.4674787521362305 0.1323530375957489 
v -9.671501159667969 5.437675476074219 0.2176598757505417 
v -9.659048080444336 5.492513656616211 0.25669020414352417 
v -9.657604217529297 5.4674787521362305 0.1323530375957489 
v -9.468465805053711 5.500361919403076 0.0773482471704483 
v -9.659048080444336 5.492513656616211 0.25669020414352417 
v -9.657604217529297 5.4674787521362305 0.1323530375957489 
v -9.671501159667969 5.437675476074219 0.2176598757505417 
v -9.706513404846191 5.36157751083374 0.2458209991455078 
v -9.662116050720215 5.3865132331848145 0.27497026324272156 
v -9.662116050720215 5.3865132331848145 0.27497026324272156 
v -9.671501159667969 5.437675476074219 0.2176598757505417 
v -9.658145904541016 5.476419925689697 0.2820517122745514 
v -9.659048080444336 5.492513656616211 0.25669020414352417 
v -9.671501159667969 5.437675476074219 0.2176598757505417 
v -9.658145904541016 5.476419925689697 0.2820517122745514 
v -9.692797660827637 5.440158843994141 0.177806094288826 
v -9.671501159667969 5.437675476074219 0.2176598757505417 
v -9.741887092590332 5.377671241760254 0.21897734701633453 
v -9.468465805053711 5.500361919403076 0.0773482471704483 
v -9.663921356201172 5.574820518493652 0.0710902214050293 
v -9.67330551147461 5.4954938888549805 0.07619545608758926 
v -9.657604217529297 5.4674787521362305 0.1323530375957489 
v -9.67330551147461 5.4954938888549805 0.07619545608758926 
v -9.468465805053711 5.500361919403076 0.0773482471704483 
v -9.720951080322266 5.407673358917236 0.033047985285520554 
v -9.678178787231445 5.444281578063965 0.07043147832155228 
v -9.6917142868042 5.427790641784668 -0.015369405038654804 
v -9.67330551147461 5.4954938888549805 0.07619545608758926 
v -9.657604217529297 5.4674787521362305 0.1323530375957489 
v -9.6917142868042 5.427790641784668 -0.015369405038654804 
v -9.657604217529297 5.4674787521362305 0.1323530375957489 
v -9.678178787231445 5.444281578063965 0.07043147832155228 
v -9.692797660827637 5.440158843994141 0.177806094288826 
v -9.793502807617188 5.576062202453613 -0.006805785000324249 
v -9.800360679626465 5.556391716003418 -0.046165499836206436 
v -9.656702041625977 5.575118541717529 -0.051929473876953125 
v -8.811532974243164 4.350996494293213 0.5269383192062378 
v -8.988759994506836 4.3508477210998535 0.525785505771637 
v -8.812615394592285 4.354920864105225 0.37559279799461365 
v -8.988759994506836 4.3508477210998535 0.525785505771637 
v -9.089285850524902 4.2817535400390625 0.5355018973350525 
v -8.813698768615723 4.287515640258789 0.5323728919029236 
v -8.931188583374023 4.349257946014404 0.08212411403656006 
v -8.811172485351562 4.3541259765625 0.07586608827114105 
v -8.812615394592285 4.354920864105225 0.37559279799461365 
v -8.820196151733398 4.290595054626465 0.06598498672246933 
v -8.811172485351562 4.3541259765625 0.07586608827114105 
v -8.811172485351562 4.2751970291137695 -0.04600081592798233 
v -8.811172485351562 4.2751970291137695 -0.04600081592798233 
v -9.66915512084961 4.4308695793151855 -0.047977034002542496 
v -8.814600944519043 4.722941875457764 -0.047977034002542496 
v -8.808825492858887 4.440555572509766 -0.0021946050692349672 
v -8.811172485351562 4.3541259765625 0.07586608827114105 
v -8.804675102233887 4.44100284576416 0.12560094892978668 
v -9.142706871032715 4.284038543701172 -0.04715361073613167 
v -9.66915512084961 4.4308695793151855 -0.047977034002542496 
v -8.811172485351562 4.2751970291137695 -0.04600081592798233 
v -9.028285026550293 4.2820515632629395 0.01608542911708355 
v -8.811172485351562 4.2751970291137695 -0.04600081592798233 
v -9.142706871032715 4.284038543701172 -0.04715361073613167 
v -9.67168140411377 4.277630805969238 0.06664372235536575 
v -9.13241958618164 4.280710697174072 0.06713777780532837 
v -9.661575317382812 4.3508477210998535 0.07240770012140274 
v -9.677637100219727 4.734316825866699 0.544065535068512 
v -9.68684196472168 4.536323547363281 0.5979175567626953 
v -9.675471305847168 4.56960391998291 0.5215036869049072 
v -8.988759994506836 4.3508477210998535 0.525785505771637 
v -9.457456588745117 4.350698471069336 0.5241386294364929 
v -9.154618263244629 4.351096153259277 0.11292020976543427 
v -9.457456588745117 4.350698471069336 0.5241386294364929 
v -9.631977081298828 4.350400447845459 0.5267736315727234 
v -9.483625411987305 4.279319763183594 0.5353372097015381 
v -9.483625411987305 4.279319763183594 0.5353372097015381 
v -9.548235893249512 4.273905277252197 0.6208087205886841 
v -9.632879257202148 4.278972148895264 0.5305613875389099 
v -9.636669158935547 4.620418548583984 0.4110000729560852 
v -9.626381874084473 4.552665710449219 0.46485206484794617 
v -9.603281021118164 4.550827980041504 0.3862973153591156 
v -9.79007339477539 4.836144924163818 -0.02607393078505993 
v -9.762822151184082 4.783840179443359 0.041940975934267044 
v -9.74405288696289 4.8940629959106445 -0.04665955528616905 
v -9.154618263244629 4.351096153259277 0.11292020976543427 
v -9.185298919677734 4.348363876342773 0.07290175557136536 
v -9.610320091247559 4.3732500076293945 0.3737812638282776 
v -9.778343200683594 4.474034786224365 -0.034802235662937164 
v -9.833929061889648 4.692790985107422 -0.018827790394425392 
v -9.74405288696289 4.8940629959106445 -0.04665955528616905 
v -9.66915512084961 4.4308695793151855 -0.047977034002542496 
v -9.74405288696289 4.8940629959106445 -0.04665955528616905 
v -9.778343200683594 4.474034786224365 -0.034802235662937164 
v -9.142706871032715 4.284038543701172 -0.04715361073613167 
v -9.380393028259277 4.277482032775879 -0.04995325580239296 
v -9.66915512084961 4.4308695793151855 -0.047977034002542496 
v -9.661575317382812 4.3508477210998535 0.07240770012140274 
v -9.657063484191895 4.355169296264648 0.18620502948760986 
v -9.185298919677734 4.348363876342773 0.07290175557136536 
v -9.62926959991455 4.406778335571289 0.24417415261268616 
v -9.659228324890137 4.371908664703369 0.04177628830075264 
v -9.661575317382812 4.3508477210998535 0.07240770012140274 
v -9.185298919677734 4.348363876342773 0.07290175557136536 
v -9.657063484191895 4.355169296264648 0.18620502948760986 
v -9.610320091247559 4.3732500076293945 0.3737812638282776 
v -9.713552474975586 4.4508376121521 0.01822633482515812 
v -9.820393562316895 4.474183559417725 -0.020145269110798836 
v -9.659228324890137 4.371908664703369 0.04177628830075264 
v -9.67168140411377 4.277630805969238 0.06664372235536575 
v -9.68612003326416 4.2754950523376465 -0.012405075132846832 
v -9.661575317382812 4.3508477210998535 0.07240770012140274 
v -9.380393028259277 4.277482032775879 -0.04995325580239296 
v -9.681788444519043 4.275991439819336 -0.046165499836206436 
v -9.66915512084961 4.4308695793151855 -0.047977034002542496 
v -9.380393028259277 4.277482032775879 -0.04995325580239296 
v -9.681788444519043 4.275991439819336 -0.046165499836206436 
v -9.68612003326416 4.2754950523376465 -0.012405075132846832 
v -9.68612003326416 4.2754950523376465 -0.012405075132846832 
v -9.380393028259277 4.277482032775879 -0.04995325580239296 
v -9.67168140411377 4.277630805969238 0.06664372235536575 
v -9.659228324890137 4.371908664703369 0.04177628830075264 
v -9.79079532623291 4.275693416595459 -0.01355786994099617 
v -9.820393562316895 4.474183559417725 -0.020145269110798836 
v -7.818192958831787 5.243208885192871 0.18521691858768463 
v -7.819275856018066 5.367637634277344 0.10139226168394089 
v -7.815485954284668 5.068660736083984 0.5287498235702515 
v -7.815485954284668 5.068660736083984 0.5287498235702515 
v -7.816749095916748 5.243308067321777 0.5292438864707947 
v -7.819275856018066 5.367637634277344 0.10139226168394089 
v -4.571971416473389 5.561259746551514 0.6464996337890625 
v -4.575219631195068 5.288062572479248 0.6483111381530762 
v -4.543275356292725 5.390486717224121 0.6222909092903137 
v -4.5524797439575195 5.494351387023926 0.5162338018417358 
v -4.502488136291504 5.564736843109131 0.6229496598243713 
v -4.531905651092529 5.566376209259033 0.5307260751724243 
v -4.92588472366333 5.4924139976501465 0.3961784243583679 
v -4.934728145599365 5.499020576477051 0.5247973799705505 
v -4.460076332092285 5.491569519042969 0.319270521402359 
v -4.555908679962158 4.783442974090576 0.6432058811187744 
v -4.5842437744140625 4.760643482208252 0.5313847661018372 
v -4.563488960266113 4.681068420410156 0.6217968463897705 
v -4.619075298309326 4.267149925231934 0.53336101770401 
v -4.450150012969971 4.283442497253418 0.6456761956214905 
v -4.618173122406006 4.286025524139404 0.6590156555175781 
v -4.553021430969238 5.183254241943359 0.44294893741607666 
v -4.47216796875 5.030760765075684 0.5980822443962097 
v -4.568181037902832 5.282201290130615 0.5630043148994446 
v -4.555367469787598 5.376826763153076 0.4940012991428375 
v -4.543275356292725 5.390486717224121 0.6222909092903137 
v -4.568181037902832 5.282201290130615 0.5630043148994446 
v -4.5091657638549805 5.4398112297058105 0.46122899651527405 
v -4.5524797439575195 5.494351387023926 0.5162338018417358 
v -4.460076332092285 5.491569519042969 0.319270521402359 
v -4.532988548278809 4.949795246124268 0.49186038970947266 
v -4.510067939758301 4.804553508758545 0.41198816895484924 
v -4.504834175109863 4.895155429840088 0.26574790477752686 
v -4.557533264160156 5.284486293792725 0.0834415927529335 
v -4.568181037902832 5.4167633056640625 0.21535427868366241 
v -4.573054313659668 5.404444694519043 0.07141958922147751 
v -4.603734970092773 5.112769603729248 0.3159768283367157 
v -4.541290283203125 5.3397216796875 0.3471022844314575 
v -4.553021430969238 5.183254241943359 0.44294893741607666 
v -4.575039386749268 5.326757431030273 0.2736527621746063 
v -4.568181037902832 5.4167633056640625 0.21535427868366241 
v -4.592184543609619 5.274651050567627 0.18077042698860168 
v -4.573054313659668 5.404444694519043 0.07141958922147751 
v -4.508624076843262 5.486652374267578 0.14322224259376526 
v -4.568181037902832 5.4167633056640625 0.21535427868366241 
v -4.776269912719727 4.2808098793029785 0.06433813273906708 
v -4.559157371520996 4.2777299880981445 0.06878463178873062 
v -4.777894496917725 4.2817535400390625 -0.05176478996872902 
v -4.527213096618652 5.1851420402526855 0.05972695350646973 
v -4.484440326690674 5.40176248550415 -0.04863577336072922 
v -4.557533264160156 5.284486293792725 0.0834415927529335 
v -4.484440326690674 5.40176248550415 -0.04863577336072922 
v -4.557533264160156 5.284486293792725 0.0834415927529335 
v -4.573054313659668 5.404444694519043 0.07141958922147751 
v -4.501405239105225 5.424065113067627 -0.05160010606050491 
v -4.470724105834961 5.575068473815918 -0.05094136670231819 
v -4.521799087524414 5.5057759284973145 0.07471328973770142 
v -4.919568061828613 5.571740627288818 -0.0512707345187664 
v -4.6636528968811035 5.567319869995117 0.0651615634560585 
v -4.917041301727295 5.571293830871582 0.05775073543190956 
v -4.588935852050781 5.066176891326904 0.14997433125972748 
v -4.568722724914551 5.069505214691162 0.2662419378757477 
v -4.515662670135498 4.953669548034668 0.23116403818130493 
v -4.919568061828613 5.571740627288818 -0.0512707345187664 
v -4.92786979675293 5.405885219573975 -0.008123264648020267 
v -4.898813247680664 5.336940288543701 -0.049129828810691833 
v -5.18270206451416 5.499914646148682 0.33936208486557007 
v -4.972808361053467 5.494202136993408 0.26261886954307556 
v -4.962160587310791 5.500907897949219 0.0743839219212532 
v -4.971545219421387 4.748175621032715 -0.05176478996872902 
v -4.937074184417725 4.730094909667969 -0.009934799745678902 
v -4.954580307006836 4.817766189575195 -0.050447311252355576 
v -4.563488960266113 4.681068420410156 0.6217968463897705 
v -4.539666175842285 4.675604343414307 0.5033883452415466 
v -4.5842437744140625 4.760643482208252 0.5313847661018372 
v -4.510067939758301 4.804553508758545 0.41198816895484924 
v -4.504834175109863 4.895155429840088 0.26574790477752686 
v -4.508804798126221 4.7412214279174805 0.31136563420295715 
v -4.699567794799805 4.348463535308838 0.5162338018417358 
v -4.4458184242248535 4.335498809814453 0.5534526109695435 
v -4.619075298309326 4.267149925231934 0.53336101770401 
v -4.773021697998047 4.349158763885498 0.08673529326915741 
v -4.521618366241455 4.353033065795898 0.20712003111839294 
v -4.5994038581848145 4.346128940582275 0.09002899378538132 
v -4.449247360229492 4.582518577575684 0.3592889606952667 
v -4.380666732788086 4.462162971496582 0.4538181722164154 
v -4.4775824546813965 4.469067573547363 0.276123046875 
v -4.406113624572754 4.418550968170166 0.5462064743041992 
v -4.404670238494873 4.345930099487305 0.5312201380729675 
v -4.434989929199219 4.365103721618652 0.598905622959137 
v -4.438779830932617 4.617041110992432 0.024154994636774063 
v -4.426868438720703 4.6562323570251465 -0.015534089878201485 
v -4.41134786605835 4.679727077484131 -0.0018652350408956409 
v -4.915958404541016 4.280760288238525 0.5348432064056396 
v -4.618173122406006 4.286025524139404 0.6590156555175781 
v -4.619075298309326 4.267149925231934 0.53336101770401 
v -4.777894496917725 4.2817535400390625 -0.05176478996872902 
v -4.8665080070495605 4.678435802459717 -0.05374101176857948 
v -4.482274532318115 4.281803131103516 -0.05061199516057968 
v -4.4894938468933105 4.751305103302002 0.22556474804878235 
v -4.414776802062988 4.687227725982666 0.2056378722190857 
v -4.431019306182861 4.650221824645996 0.2482912838459015 
v -4.414776802062988 4.691251277923584 0.1656194031238556 
v -4.401421546936035 4.786224365234375 0.11012056469917297 
v -4.4894938468933105 4.751305103302002 0.22556474804878235 
v -4.430658340454102 4.871362686157227 0.08920557051897049 
v -4.401060581207275 4.879558563232422 0.03568294644355774 
v -4.401421546936035 4.786224365234375 0.11012056469917297 
v -4.777894496917725 4.2817535400390625 -0.05176478996872902 
v -4.881307125091553 4.527531623840332 -0.0512707345187664 
v -4.8665080070495605 4.678435802459717 -0.05374101176857948 
v -4.414776802062988 4.691251277923584 0.1656194031238556 
v -4.4775824546813965 4.469067573547363 0.276123046875 
v -4.414776802062988 4.687227725982666 0.2056378722190857 
v -4.431019306182861 4.650221824645996 0.2482912838459015 
v -4.449247360229492 4.582518577575684 0.3592889606952667 
v -4.4775824546813965 4.469067573547363 0.276123046875 
v -4.465129375457764 4.281256675720215 -0.04748297855257988 
v -4.482274532318115 4.281803131103516 -0.05061199516057968 
v -4.559157371520996 4.2777299880981445 0.06878463178873062 
v -5.148591995239258 4.350301265716553 0.07537203282117844 
v -5.178009510040283 4.285826683044434 0.068290576338768 
v -4.957107067108154 4.282846450805664 0.06680840998888016 
v -4.953858375549316 4.347718238830566 0.07570140063762665 
v -4.957107067108154 4.282846450805664 0.06680840998888016 
v -5.148591995239258 4.350301265716553 0.07537203282117844 
v -4.920650959014893 4.280760288238525 -0.04896514490246773 
v -4.921914100646973 4.481038570404053 -0.05077667906880379 
v -4.777894496917725 4.2817535400390625 -0.05176478996872902 
v -4.776269912719727 4.2808098793029785 0.06433813273906708 
v -4.915056228637695 4.280909061431885 0.06384407728910446 
v -4.920289993286133 4.35094690322876 0.0740545466542244 
v -4.920650959014893 4.280760288238525 -0.04896514490246773 
v -4.915056228637695 4.280909061431885 0.06384407728910446 
v -4.920289993286133 4.35094690322876 0.0740545466542244 
v -4.952956199645996 4.2826972007751465 -0.05077667906880379 
v -4.957107067108154 4.282846450805664 0.06680840998888016 
v -4.953858375549316 4.347718238830566 0.07570140063762665 
v -5.908215522766113 5.549736022949219 0.5308907628059387 
v -5.890348434448242 5.49777889251709 0.5228211879730225 
v -5.924638748168945 5.2610907554626465 0.5289145112037659 
v -5.676845550537109 5.555398464202881 0.5694270133972168 
v -5.554482460021973 5.519684314727783 0.5284204483032227 
v -5.454679489135742 5.5599188804626465 0.5294085741043091 
v -5.65933895111084 4.292780876159668 0.5704151391983032 
v -5.399453639984131 4.2892045974731445 0.648640513420105 
v -5.960192680358887 4.299834251403809 0.6479817628860474 
v -5.396024703979492 5.501404762268066 0.5234799385070801 
v -5.418764591217041 5.498225688934326 0.3772396445274353 
v -5.18270206451416 5.499914646148682 0.33936208486557007 
v -5.418764591217041 5.498225688934326 0.3772396445274353 
v -5.18270206451416 5.499914646148682 0.33936208486557007 
v -5.712218761444092 5.495593070983887 0.080312579870224 
v -5.829347610473633 5.496586799621582 0.48230865597724915 
v -5.880061149597168 5.4662370681762695 0.24055108428001404 
v -5.840176105499268 5.493407726287842 0.20102667808532715 
v -5.962177753448486 4.428336143493652 0.068290576338768 
v -5.966689586639404 4.489482879638672 -0.044024594128131866 
v -5.964343547821045 4.298493385314941 0.07191364467144012 
v -8.77634048461914 5.414180278778076 0.6548985242843628 
v -8.501835823059082 5.493407726287842 0.6497933268547058 
v -8.387775421142578 5.414180278778076 0.6560513377189636 
v -7.7725324630737305 4.302864074707031 0.6516048312187195 
v -7.767479419708252 4.9333038330078125 0.6474876999855042 
v -7.861868381500244 4.450539588928223 0.6548985242843628 
v -8.111827850341797 5.551374912261963 0.5415952801704407 
v -7.765854835510254 5.546755313873291 0.5310554504394531 
v -7.8642144203186035 5.552666664123535 0.6514401435852051 
v -8.661918640136719 5.501057147979736 0.08904088288545609 
v -8.566085815429688 5.493109703063965 0.2731587290763855 
v -8.303132057189941 5.497629642486572 0.07998321205377579 
v -7.820539474487305 4.35447359085083 0.5079995393753052 
v -7.818192958831787 4.355417728424072 0.5282557606697083 
v -7.8162078857421875 4.698205471038818 0.1723714917898178 
v -7.823065757751465 5.495543479919434 0.07685419172048569 
v -8.303132057189941 5.497629642486572 0.07998321205377579 
v -8.2257080078125 5.493556499481201 0.5307260751724243 
v -8.198997497558594 4.2917375564575195 0.5323728919029236 
v -7.96979284286499 4.351443767547607 0.5282557606697083 
v -8.26920223236084 4.352884292602539 0.5289145112037659 
v -9.156062126159668 5.49777889251709 0.10863839834928513 
v -8.818571090698242 5.496984004974365 0.5234799385070801 
v -8.814059257507324 5.50130558013916 0.07356049865484238 
v -7.766576766967773 4.297350883483887 0.0712549015879631 
v -8.018882751464844 4.349705219268799 0.07586608827114105 
v -7.819275856018066 4.3548712730407715 0.07257238775491714 
v -8.701803207397461 4.517547607421875 0.6214674711227417 
v -8.695847511291504 4.364656448364258 0.4442664384841919 
v -8.713354110717773 4.496784687042236 0.3956843614578247 
v -8.737357139587402 4.360036849975586 0.3378799259662628 
v -8.695847511291504 4.364656448364258 0.4442664384841919 
v -8.713354110717773 4.496784687042236 0.3956843614578247 
v -8.775076866149902 4.715242862701416 -0.044024594128131866 
v -8.789695739746094 4.720706939697266 -0.0008771250140853226 
v -8.804675102233887 4.8376851081848145 0.001922519993968308 
v -9.595881462097168 5.33619499206543 0.6618152856826782 
v -9.593535423278809 5.500411510467529 0.6529223322868347 
v -9.051024436950684 5.542781829833984 0.6489698886871338 
v -8.773633003234863 4.286571979522705 0.0710902214050293 
v -8.778325080871582 4.4398603439331055 -0.00960543006658554 
v -8.774896621704102 4.287118434906006 -0.049129828810691833 
v -8.607775688171387 4.44433069229126 0.20662596821784973 
v -8.647841453552246 4.367090702056885 0.16743095219135284 
v -8.764067649841309 4.352238655090332 0.21634238958358765 
v -8.773633003234863 4.286571979522705 0.0710902214050293 
v -8.44354248046875 4.349158763885498 0.0743839219212532 
v -8.774535179138184 4.351692199707031 0.07537203282117844 
v -9.051024436950684 5.542781829833984 0.6489698886871338 
v -8.808825492858887 5.414677143096924 0.6529223322868347 
v -9.094880104064941 5.3675384521484375 0.6604978442192078 
v -9.051024436950684 5.542781829833984 0.6489698886871338 
v -8.814781188964844 5.5668230056762695 0.6491345763206482 
v -9.033157348632812 5.572535514831543 0.5969294309616089 
v -8.969449043273926 4.432210922241211 0.6555572748184204 
v -9.061853408813477 4.283144474029541 0.649463951587677 
v -9.555274963378906 4.301671981811523 0.6516048312187195 
v -8.969449043273926 4.432210922241211 0.6555572748184204 
v -9.325167655944824 4.428783416748047 0.6548985242843628 
v -9.555274963378906 4.301671981811523 0.6516048312187195 
v -9.61050033569336 4.848115921020508 0.6805893778800964 
v -9.597686767578125 4.83177375793457 0.63036048412323 
v -9.601837158203125 4.884873390197754 0.6654384136199951 
v -9.62746524810791 4.748126029968262 0.6137272715568542 
v -9.597686767578125 4.83177375793457 0.63036048412323 
v -9.646234512329102 4.853132724761963 0.6066458225250244 
v -8.99814510345459 5.526092052459717 0.07306644320487976 
v -8.814059257507324 5.50130558013916 0.07356049865484238 
v -9.156062126159668 5.49777889251709 0.10863839834928513 
v -9.322641372680664 5.568412780761719 0.6290429830551147 
v -9.033157348632812 5.572535514831543 0.5969294309616089 
v -9.17898178100586 5.5664753913879395 0.5294085741043091 
v -9.659048080444336 5.492513656616211 0.25669020414352417 
v -9.468465805053711 5.500361919403076 0.0773482471704483 
v -9.474421501159668 5.493258476257324 0.4500304162502289 
v -9.62511920928955 5.474184513092041 0.5185393691062927 
v -9.474421501159668 5.493258476257324 0.4500304162502289 
v -9.627284049987793 5.45212984085083 0.4101766347885132 
v -9.627825736999512 5.36088228225708 0.33030441403388977 
v -9.642986297607422 5.437228202819824 0.4098472595214844 
v -9.642444610595703 5.367985248565674 0.4049067199230194 
v -9.646595001220703 5.297003746032715 0.4444311261177063 
v -9.642444610595703 5.367985248565674 0.4049067199230194 
v -9.67258358001709 5.289552688598633 0.4200577437877655 
v -9.200638771057129 5.56965446472168 -0.05077667906880379 
v -9.656702041625977 5.575118541717529 -0.051929473876953125 
v -9.78736686706543 5.406282424926758 -0.05275290086865425 
v -8.814600944519043 4.722941875457764 -0.047977034002542496 
v -8.804675102233887 4.8376851081848145 0.001922519993968308 
v -8.789695739746094 4.720706939697266 -0.0008771250140853226 
v -8.812615394592285 4.354920864105225 0.37559279799461365 
v -8.931188583374023 4.349257946014404 0.08212411403656006 
v -8.988759994506836 4.3508477210998535 0.525785505771637 
v -8.804675102233887 4.44100284576416 0.12560094892978668 
v -8.804494857788086 4.437873363494873 0.2542199492454529 
v -8.811172485351562 4.3541259765625 0.07586608827114105 
v -9.142706871032715 4.284038543701172 -0.04715361073613167 
v -9.13241958618164 4.280710697174072 0.06713777780532837 
v -9.028285026550293 4.2820515632629395 0.01608542911708355 
v -9.762822151184082 4.783840179443359 0.041940975934267044 
v -9.79007339477539 4.836144924163818 -0.02607393078505993 
v -9.833929061889648 4.692790985107422 -0.018827790394425392 
v -9.661033630371094 4.454761981964111 0.5779906511306763 
v -9.631977081298828 4.350400447845459 0.5267736315727234 
v -9.641542434692383 4.482975482940674 0.4686398208141327 
v -9.62926959991455 4.406778335571289 0.24417415261268616 
v -9.657063484191895 4.355169296264648 0.18620502948760986 
v -9.610320091247559 4.3732500076293945 0.3737812638282776 
v -9.79007339477539 4.836144924163818 -0.02607393078505993 
v -9.833929061889648 4.692790985107422 -0.018827790394425392 
v -9.74405288696289 4.8940629959106445 -0.04665955528616905 
v -9.833208084106445 4.611875057220459 0.0034046850632876158 
v -9.833929061889648 4.692790985107422 -0.018827790394425392 
v -9.820393562316895 4.474183559417725 -0.020145269110798836 
v -9.792961120605469 4.279617786407471 -0.047647666186094284 
v -9.681788444519043 4.275991439819336 -0.046165499836206436 
v -9.7335844039917 4.3991289138793945 0.001922519993968308 
v -4.571971416473389 5.561259746551514 0.6464996337890625 
v -4.927689552307129 5.3588457107543945 0.6512754559516907 
v -4.575219631195068 5.288062572479248 0.6483111381530762 
v -4.5524797439575195 5.494351387023926 0.5162338018417358 
v -4.531905651092529 5.566376209259033 0.5307260751724243 
v -4.934728145599365 5.499020576477051 0.5247973799705505 
v -4.457729816436768 4.359490394592285 0.2751349210739136 
v -4.4775824546813965 4.469067573547363 0.276123046875 
v -4.380666732788086 4.462162971496582 0.4538181722164154 
v -4.457729816436768 4.359490394592285 0.2751349210739136 
v -4.4775824546813965 4.469067573547363 0.276123046875 
v -4.5030293464660645 4.43235969543457 0.2359399050474167 
v -4.401421546936035 4.786224365234375 0.11012056469917297 
v -4.438779830932617 4.617041110992432 0.024154994636774063 
v -4.41134786605835 4.679727077484131 -0.0018652350408956409 
v -4.777894496917725 4.2817535400390625 -0.05176478996872902 
v -4.881307125091553 4.527531623840332 -0.0512707345187664 
v -4.921914100646973 4.481038570404053 -0.05077667906880379 
v -4.915056228637695 4.280909061431885 0.06384407728910446 
v -4.777894496917725 4.2817535400390625 -0.05176478996872902 
v -4.776269912719727 4.2808098793029785 0.06433813273906708 
v -4.957107067108154 4.282846450805664 0.06680840998888016 
v -5.16375207901001 4.284733772277832 -0.04896514490246773 
v -5.178009510040283 4.285826683044434 0.068290576338768 
v -8.777603149414062 5.468372821807861 0.34562012553215027 
v -8.599112510681152 5.499715805053711 0.5239739418029785 
v -8.566085815429688 5.493109703063965 0.2731587290763855 
v -8.661918640136719 5.501057147979736 0.08904088288545609 
v -8.566085815429688 5.493109703063965 0.2731587290763855 
v -8.774354934692383 5.4970831871032715 0.07520734518766403 
v -7.767118453979492 5.41124963760376 -0.04929451644420624 
v -7.7725324630737305 5.5481462478637695 0.06779652088880539 
v -7.760801792144775 5.243208885192871 0.07092553377151489 
v -7.8162078857421875 4.698205471038818 0.1723714917898178 
v -7.818192958831787 4.355417728424072 0.5282557606697083 
v -7.816749095916748 4.763276100158691 0.5243033170700073 
v -8.358357429504395 4.358099937438965 0.19427460432052612 
v -8.44354248046875 4.349158763885498 0.0743839219212532 
v -8.3054780960083 4.352238655090332 0.07932446897029877 
v -9.648941993713379 4.602189064025879 0.6715317368507385 
v -9.68684196472168 4.536323547363281 0.5979175567626953 
v -9.677637100219727 4.734316825866699 0.544065535068512 
v -9.621689796447754 5.564687252044678 0.5427480340003967 
v -9.507448196411133 5.503292560577393 0.5289145112037659 
v -9.62511920928955 5.474184513092041 0.5185393691062927 
v -9.421902656555176 5.565084457397461 0.07092553377151489 
v -9.468465805053711 5.500361919403076 0.0773482471704483 
v -9.663921356201172 5.574820518493652 0.0710902214050293 
v -9.185298919677734 4.348363876342773 0.07290175557136536 
v -9.661575317382812 4.3508477210998535 0.07240770012140274 
v -9.13241958618164 4.280710697174072 0.06713777780532837 
v -7.760440826416016 5.329588890075684 0.5557581782341003 
v -7.816749095916748 5.243308067321777 0.5292438864707947 
v -7.765313625335693 5.243308067321777 0.6404062509536743 
v -7.758816242218018 5.013921737670898 0.5340197682380676 
v -4.603734970092773 5.112769603729248 0.3159768283367157 
v -4.532988548278809 4.949795246124268 0.49186038970947266 
v -4.553021430969238 5.183254241943359 0.44294893741607666 
v -4.47216796875 5.030760765075684 0.5980822443962097 
v -4.974252223968506 5.019336223602295 -0.05077667906880379 
v -4.949346542358398 5.2667036056518555 -0.04073089361190796 
v -5.494203567504883 5.559123992919922 -0.051929473876953125 
v -4.959994792938232 5.426548957824707 -0.050447311252355576 
v -4.959994792938232 4.2823991775512695 0.6428765654563904 
v -5.0949907302856445 4.333363056182861 0.6525929570198059 
v -4.953858375549316 4.44502592086792 0.6524282693862915 
v -5.139207363128662 4.426051139831543 0.6547338366508484 
v -4.460076332092285 5.491569519042969 0.319270521402359 
v -4.541290283203125 5.3397216796875 0.3471022844314575 
v -4.5091657638549805 5.4398112297058105 0.46122899651527405 
v -4.555367469787598 5.376826763153076 0.4940012991428375 
v -4.541290283203125 5.3397216796875 0.3471022844314575 
v -4.553021430969238 5.183254241943359 0.44294893741607666 
v -4.555367469787598 5.376826763153076 0.4940012991428375 
v -4.568181037902832 5.282201290130615 0.5630043148994446 
v -4.5735955238342285 5.1144585609436035 0.14239881932735443 
v -4.5781073570251465 5.164577484130859 0.13795232772827148 
v -4.566737651824951 5.065779685974121 0.10023946315050125 
v -4.527213096618652 5.1851420402526855 0.05972695350646973 
v -4.453939914703369 4.995841026306152 0.01032145507633686 
v -4.500322341918945 5.045960426330566 0.020202554762363434 
v -4.479748249053955 5.019683837890625 -0.05291758477687836 
v -4.515482425689697 5.077849864959717 -0.05456443503499031 
v -5.396024703979492 5.501404762268066 0.5234799385070801 
v -4.970823287963867 5.498076915740967 0.5256208181381226 
v -5.454679489135742 5.5599188804626465 0.5294085741043091 
v -4.9657697677612305 5.561905384063721 0.5358312726020813 
v -4.964686870574951 5.385072708129883 0.22770565748214722 
v -4.943210601806641 5.405139923095703 0.11324957758188248 
v -4.92750883102417 5.500212669372559 0.2270469218492508 
v -4.92498254776001 5.5044846534729 0.07141958922147751 
v -4.484621047973633 4.6692962646484375 0.42730388045310974 
v -4.539666175842285 4.675604343414307 0.5033883452415466 
v -4.510067939758301 4.804553508758545 0.41198816895484924 
v -4.5842437744140625 4.760643482208252 0.5313847661018372 
v -4.532988548278809 4.949795246124268 0.49186038970947266 
v -4.510067939758301 4.804553508758545 0.41198816895484924 
v -4.547967910766602 4.849308013916016 0.5816137194633484 
v -4.5842437744140625 4.760643482208252 0.5313847661018372 
v -4.563488960266113 4.681068420410156 0.6217968463897705 
v -4.539666175842285 4.675604343414307 0.5033883452415466 
v -4.469641208648682 4.540595531463623 0.6392534971237183 
v -4.397270679473877 4.54670524597168 0.47687405347824097 
v -4.4458184242248535 4.335498809814453 0.5534526109695435 
v -4.521618366241455 4.353033065795898 0.20712003111839294 
v -4.699567794799805 4.348463535308838 0.5162338018417358 
v -4.773021697998047 4.349158763885498 0.08673529326915741 
v -5.4451141357421875 4.348016262054443 0.5272676944732666 
v -4.958189964294434 4.279468536376953 0.5294085741043091 
v -5.06575345993042 4.349158763885498 0.5157397389411926 
v -4.956385135650635 4.346973419189453 0.5264442563056946 
v -4.921733856201172 4.613017559051514 -0.007958579808473587 
v -4.937074184417725 4.730094909667969 -0.009934799745678902 
v -4.9554829597473145 4.611676216125488 -0.05176478996872902 
v -4.971545219421387 4.748175621032715 -0.05176478996872902 
v -5.396024703979492 5.501404762268066 0.5234799385070801 
v -5.829347610473633 5.496586799621582 0.48230865597724915 
v -5.418764591217041 5.498225688934326 0.3772396445274353 
v -5.712218761444092 5.495593070983887 0.080312579870224 
v -5.908215522766113 5.549736022949219 0.5308907628059387 
v -5.676845550537109 5.555398464202881 0.5694270133972168 
v -5.933121204376221 5.547252178192139 0.6530870199203491 
v -5.591119289398193 5.540745258331299 0.6499580144882202 
v -5.890348434448242 5.49777889251709 0.5228211879730225 
v -5.829347610473633 5.496586799621582 0.48230865597724915 
v -5.676845550537109 5.555398464202881 0.5694270133972168 
v -5.554482460021973 5.519684314727783 0.5284204483032227 
v -5.660241603851318 4.349009990692139 0.5228211879730225 
v -5.65933895111084 4.292780876159668 0.5704151391983032 
v -5.533547401428223 4.345085620880127 0.5162338018417358 
v -5.475975513458252 4.288111686706543 0.5307260751724243 
v -5.860750198364258 4.65399694442749 0.08838214725255966 
v -5.848297595977783 4.614557266235352 0.3151533901691437 
v -5.898650169372559 4.477958679199219 0.0896996259689331 
v -5.901718616485596 4.358994007110596 0.27118250727653503 
v -7.760801792144775 5.243208885192871 0.07092553377151489 
v -7.758635997772217 4.984317302703857 0.043752510100603104 
v -7.818192958831787 5.243208885192871 0.18521691858768463 
v -7.8162078857421875 4.698205471038818 0.1723714917898178 
v -7.765854835510254 5.546755313873291 0.5310554504394531 
v -8.111827850341797 5.551374912261963 0.5415952801704407 
v -7.823968410491943 5.49231481552124 0.525785505771637 
v -8.2257080078125 5.493556499481201 0.5307260751724243 
v -7.823065757751465 5.495543479919434 0.07685419172048569 
v -8.303132057189941 5.497629642486572 0.07998321205377579 
v -7.7725324630737305 5.5481462478637695 0.06779652088880539 
v -8.223902702331543 5.554653644561768 0.06614966690540314 
v -7.787151336669922 5.547451019287109 -0.04781235009431839 
v -7.7725324630737305 5.5481462478637695 0.06779652088880539 
v -8.415929794311523 5.559024810791016 -0.04880046099424362 
v -8.223902702331543 5.554653644561768 0.06614966690540314 
v -7.899046421051025 4.295910358428955 0.5318788290023804 
v -8.198997497558594 4.2917375564575195 0.5323728919029236 
v -7.959325313568115 4.2942214012146 0.6110923290252686 
v -8.155322074890137 4.291787624359131 0.6394181847572327 
v -7.759718894958496 4.554652690887451 0.07092553377151489 
v -7.766396522521973 4.726965427398682 0.06466750800609589 
v -7.803032875061035 4.4831743240356445 -0.05094136670231819 
v -7.808628082275391 4.90330171585083 -0.05176478996872902 
v -9.051024436950684 5.542781829833984 0.6489698886871338 
v -9.593535423278809 5.500411510467529 0.6529223322868347 
v -9.322641372680664 5.568412780761719 0.6290429830551147 
v -9.624397277832031 5.5677666664123535 0.6109276413917542 
v -8.813698768615723 4.287515640258789 0.5323728919029236 
v -9.089285850524902 4.2817535400390625 0.5355018973350525 
v -8.821640014648438 4.285677909851074 0.617185652256012 
v -9.061853408813477 4.283144474029541 0.649463951587677 
v -9.200638771057129 5.56965446472168 -0.05077667906880379 
v -8.83986759185791 5.56667423248291 -0.04929451644420624 
v -9.200458526611328 5.568661212921143 0.06713777780532837 
v -8.821640014648438 5.566922664642334 0.06680840998888016 
v -9.028285026550293 4.2820515632629395 0.01608542911708355 
v -8.99255084991455 4.312748908996582 0.07619545608758926 
v -8.811172485351562 4.2751970291137695 -0.04600081592798233 
v -8.820196151733398 4.290595054626465 0.06598498672246933 
v -9.13241958618164 4.280710697174072 0.06713777780532837 
v -9.154618263244629 4.351096153259277 0.11292020976543427 
v -8.99255084991455 4.312748908996582 0.07619545608758926 
v -8.931188583374023 4.349257946014404 0.08212411403656006 
vn 0 0 0 
vn 0 0 0 
vn 0 0 0 
vn 0 0 0 
vn 0 0 0 
vn 0 0 0 
vn 0 0 0 
vn 0 0 0 
vn 0 0 0 
vn 0 0 0 
vn 0 0 0 
vn 0 0 0 
vn 0 0 0 
vn 0 0 0 
vn 0 0 0 
vn 0.9995414018630981 0.0302029550075531 0.002184694167226553 
vn 0.9995414018630981 0.0302029550075531 0.002184694167226553 
vn 0.9995414018630981 0.0302029550075531 0.002184694167226553 
vn 0.9117932319641113 0.4103648066520691 0.0152922747656703 
vn 0.9117932319641113 0.4103648066520691 0.0152922747656703 
vn 0.9117932319641113 0.4103648066520691 0.0152922747656703 
vn 0.9984803199768066 -0.0075496467761695385 0.05459024757146835 
vn 0.9984803199768066 -0.0075496467761695385 0.05459024757146835 
vn 0.9984803199768066 -0.0075496467761695385 0.05459024757146835 
vn -0.02050698734819889 0.1378483921289444 0.9902410507202148 
vn -0.02050698734819889 0.1378483921289444 0.9902410507202148 
vn -0.02050698734819889 0.1378483921289444 0.9902410507202148 
vn 0.8710263967514038 -0.24609625339508057 -0.42514660954475403 
vn 0.8710263967514038 -0.24609625339508057 -0.42514660954475403 
vn 0.8710263967514038 -0.24609625339508057 -0.42514660954475403 
vn -0.03773533180356026 0.9988842010498047 0.028397228568792343 
vn -0.03773533180356026 0.9988842010498047 0.028397228568792343 
vn -0.03773533180356026 0.9988842010498047 0.028397228568792343 
vn -0.008770721964538097 -0.029296252876520157 0.9995322823524475 
vn -0.008770721964538097 -0.029296252876520157 0.9995322823524475 
vn -0.008770721964538097 -0.029296252876520157 0.9995322823524475 
vn 0.0302029550075531 0.9995414018630981 0.002184694167226553 
vn 0.0302029550075531 0.9995414018630981 0.002184694167226553 
vn 0.0302029550075531 0.9995414018630981 0.002184694167226553 
vn 0.013217429630458355 0.9988602995872498 0.04586252197623253 
vn 0.013217429630458355 0.9988602995872498 0.04586252197623253 
vn 0.013217429630458355 0.9988602995872498 0.04586252197623253 
vn 0.6303139925003052 0.5649993419647217 0.5324283838272095 
vn 0.6303139925003052 0.5649993419647217 0.5324283838272095 
vn 0.6303139925003052 0.5649993419647217 0.5324283838272095 
vn 0.24728168547153473 0.3083570897579193 0.9185682535171509 
vn 0.24728168547153473 0.3083570897579193 0.9185682535171509 
vn 0.24728168547153473 0.3083570897579193 0.9185682535171509 
vn 0.6831368207931519 0.28705498576164246 -0.6715083718299866 
vn 0.6831368207931519 0.28705498576164246 -0.6715083718299866 
vn 0.6831368207931519 0.28705498576164246 -0.6715083718299866 
vn -0.6895830631256104 -0.5178244709968567 -0.5062933564186096 
vn -0.6895830631256104 -0.5178244709968567 -0.5062933564186096 
vn -0.6895830631256104 -0.5178244709968567 -0.5062933564186096 
vn 0.22286859154701233 0.27601754665374756 0.9349566102027893 
vn 0.22286859154701233 0.27601754665374756 0.9349566102027893 
vn 0.22286859154701233 0.27601754665374756 0.9349566102027893 
vn 0.7563629746437073 0.5635271072387695 0.33219319581985474 
vn 0.7563629746437073 0.5635271072387695 0.33219319581985474 
vn 0.7563629746437073 0.5635271072387695 0.33219319581985474 
vn 0.44919097423553467 -0.24556942284107208 0.8590245246887207 
vn 0.44919097423553467 -0.24556942284107208 0.8590245246887207 
vn 0.44919097423553467 -0.24556942284107208 0.8590245246887207 
vn 0.0678563341498375 -0.9968317151069641 0.04149730131030083 
vn 0.0678563341498375 -0.9968317151069641 0.04149730131030083 
vn 0.0678563341498375 -0.9968317151069641 0.04149730131030083 
vn 0.9978795647621155 -0.015091071836650372 -0.0633138045668602 
vn 0.9978795647621155 -0.015091071836650372 -0.0633138045668602 
vn 0.9978795647621155 -0.015091071836650372 -0.0633138045668602 
vn -0.0018970201490446925 -0.05673984810709953 -0.9983872175216675 
vn -0.0018970201490446925 -0.05673984810709953 -0.9983872175216675 
vn -0.0018970201490446925 -0.05673984810709953 -0.9983872175216675 
vn -0.0036530625075101852 0.03475656732916832 0.999389111995697 
vn -0.0036530625075101852 0.03475656732916832 0.999389111995697 
vn -0.0036530625075101852 0.03475656732916832 0.999389111995697 
vn -0.0036530625075101852 0.03475656732916832 0.999389111995697 
vn -0.0036530625075101852 0.03475656732916832 0.999389111995697 
vn -0.0036530625075101852 0.03475656732916832 0.999389111995697 
vn 0.8138447403907776 0.42779383063316345 0.3932546079158783 
vn 0.8138447403907776 0.42779383063316345 0.3932546079158783 
vn 0.8138447403907776 0.42779383063316345 0.3932546079158783 
vn -0.992587685585022 0.04905800148844719 0.1111890971660614 
vn -0.992587685585022 0.04905800148844719 0.1111890971660614 
vn -0.992587685585022 0.04905800148844719 0.1111890971660614 
vn 0.8009682297706604 -0.4479150176048279 0.3972681760787964 
vn 0.8009682297706604 -0.4479150176048279 0.3972681760787964 
vn 0.8009682297706604 -0.4479150176048279 0.3972681760787964 
vn 0.7772773504257202 -0.18680168688297272 0.6007870435714722 
vn 0.7772773504257202 -0.18680168688297272 0.6007870435714722 
vn 0.7772773504257202 -0.18680168688297272 0.6007870435714722 
vn -0.9997409582138062 -0.022653724998235703 -0.002184694167226553 
vn -0.9997409582138062 -0.022653724998235703 -0.002184694167226553 
vn -0.9997409582138062 -0.022653724998235703 -0.002184694167226553 
vn 0.5675376057624817 0.14167550206184387 0.8110666871070862 
vn 0.5675376057624817 0.14167550206184387 0.8110666871070862 
vn 0.5675376057624817 0.14167550206184387 0.8110666871070862 
vn -0.9529215097427368 -0.0037751663476228714 0.30319350957870483 
vn -0.9529215097427368 -0.0037751663476228714 0.30319350957870483 
vn -0.9529215097427368 -0.0037751663476228714 0.30319350957870483 
vn -0.037749744951725006 -0.999265730381012 0.006554040592163801 
vn -0.037749744951725006 -0.999265730381012 0.006554040592163801 
vn -0.037749744951725006 -0.999265730381012 0.006554040592163801 
vn 0.9416298866271973 0.015094240196049213 0.3363112509250641 
vn 0.9416298866271973 0.015094240196049213 0.3363112509250641 
vn 0.9416298866271973 0.015094240196049213 0.3363112509250641 
vn 0.9800524711608887 0.1728096902370453 -0.0981530249118805 
vn 0.9800524711608887 0.1728096902370453 -0.0981530249118805 
vn 0.9800524711608887 0.1728096902370453 -0.0981530249118805 
vn 4.0606729845218004e-15 -0.013107799924910069 0.9999141097068787 
vn 4.0606729845218004e-15 -0.013107799924910069 0.9999141097068787 
vn 4.0606729845218004e-15 -0.013107799924910069 0.9999141097068787 
vn -0.03192660212516785 0.014214638620615005 0.999389111995697 
vn -0.03192660212516785 0.014214638620615005 0.999389111995697 
vn -0.03192660212516785 0.014214638620615005 0.999389111995697 
vn -0.08525124937295914 -0.3060798645019531 0.9481810927391052 
vn -0.08525124937295914 -0.3060798645019531 0.9481810927391052 
vn -0.08525124937295914 -0.3060798645019531 0.9481810927391052 
vn 0.007546626031398773 0.9992818832397461 0.03713129088282585 
vn 0.007546626031398773 0.9992818832397461 0.03713129088282585 
vn 0.007546626031398773 0.9992818832397461 0.03713129088282585 
vn 0.13166126608848572 -0.838519811630249 -0.528724730014801 
vn 0.13166126608848572 -0.838519811630249 -0.528724730014801 
vn 0.13166126608848572 -0.838519811630249 -0.528724730014801 
vn 0.015102911740541458 -0.9998644590377808 0.006554040592163801 
vn 0.015102911740541458 -0.9998644590377808 0.006554040592163801 
vn 0.015102911740541458 -0.9998644590377808 0.006554040592163801 
vn -0.9964350461959839 -0.08296574652194977 -0.0152922747656703 
vn -0.9964350461959839 -0.08296574652194977 -0.0152922747656703 
vn -0.9964350461959839 -0.08296574652194977 -0.0152922747656703 
vn 0.8800126314163208 0.05286698043346405 -0.4719987213611603 
vn 0.8800126314163208 0.05286698043346405 -0.4719987213611603 
vn 0.8800126314163208 0.05286698043346405 -0.4719987213611603 
vn 0.9955620765686035 -0.007545743137598038 -0.09380380809307098 
vn 0.9955620765686035 -0.007545743137598038 -0.09380380809307098 
vn 0.9955620765686035 -0.007545743137598038 -0.09380380809307098 
vn 0.8822696208953857 0.32513460516929626 0.34042292833328247 
vn 0.8822696208953857 0.32513460516929626 0.34042292833328247 
vn 0.8822696208953857 0.32513460516929626 0.34042292833328247 
vn -0.10177125036716461 0.9827384352684021 0.15449213981628418 
vn -0.10177125036716461 0.9827384352684021 0.15449213981628418 
vn -0.10177125036716461 0.9827384352684021 0.15449213981628418 
vn 0.8197961449623108 -0.49583864212036133 -0.2864931523799896 
vn 0.8197961449623108 -0.49583864212036133 -0.2864931523799896 
vn 0.8197961449623108 -0.49583864212036133 -0.2864931523799896 
vn 0.7013019919395447 -0.14957985281944275 0.6969945430755615 
vn 0.7013019919395447 -0.14957985281944275 0.6969945430755615 
vn 0.7013019919395447 -0.14957985281944275 0.6969945430755615 
vn 0.9449228644371033 0.1504257470369339 -0.29067665338516235 
vn 0.9449228644371033 0.1504257470369339 -0.29067665338516235 
vn 0.9449228644371033 0.1504257470369339 -0.29067665338516235 
vn 0.8982446789741516 0.2970196008682251 -0.3239381015300751 
vn 0.8982446789741516 0.2970196008682251 -0.3239381015300751 
vn 0.8982446789741516 0.2970196008682251 -0.3239381015300751 
vn 0.8541929721832275 -0.510607898235321 -0.0981530249118805 
vn 0.8541929721832275 -0.510607898235321 -0.0981530249118805 
vn 0.8541929721832275 -0.510607898235321 -0.0981530249118805 
vn 0.6683732271194458 0.5684890747070312 0.4796847105026245 
vn 0.6683732271194458 0.5684890747070312 0.4796847105026245 
vn 0.6683732271194458 0.5684890747070312 0.4796847105026245 
vn 0.9837322235107422 -0.1504557877779007 -0.0981530249118805 
vn 0.9837322235107422 -0.1504557877779007 -0.0981530249118805 
vn 0.9837322235107422 -0.1504557877779007 -0.0981530249118805 
vn 0.905449628829956 -0.19477413594722748 -0.37712597846984863 
vn 0.905449628829956 -0.19477413594722748 -0.37712597846984863 
vn 0.905449628829956 -0.19477413594722748 -0.37712597846984863 
vn 0.9024572372436523 0.3324817419052124 0.27391019463539124 
vn 0.9024572372436523 0.3324817419052124 0.27391019463539124 
vn 0.9024572372436523 0.3324817419052124 0.27391019463539124 
vn -0.007550950627774 0.999854564666748 -0.0152922747656703 
vn -0.007550950627774 0.999854564666748 -0.0152922747656703 
vn -0.007550950627774 0.999854564666748 -0.0152922747656703 
vn 0.07302821427583694 -0.18119516968727112 0.9807319641113281 
vn 0.07302821427583694 -0.18119516968727112 0.9807319641113281 
vn 0.07302821427583694 -0.18119516968727112 0.9807319641113281 
vn 0.8656761646270752 -0.49761897325515747 0.05459024757146835 
vn 0.8656761646270752 -0.49761897325515747 0.05459024757146835 
vn 0.8656761646270752 -0.49761897325515747 0.05459024757146835 
vn 0.7628498077392578 -0.3925042450428009 -0.5138099193572998 
vn 0.7628498077392578 -0.3925042450428009 -0.5138099193572998 
vn 0.7628498077392578 -0.3925042450428009 -0.5138099193572998 
vn 0.885570764541626 -0.4097086489200592 0.21886809170246124 
vn 0.885570764541626 -0.4097086489200592 0.21886809170246124 
vn 0.885570764541626 -0.4097086489200592 0.21886809170246124 
vn 0.9239875674247742 0.37557727098464966 -0.07203252613544464 
vn 0.9239875674247742 0.37557727098464966 -0.07203252613544464 
vn 0.9239875674247742 0.37557727098464966 -0.07203252613544464 
vn 0.9546153545379639 -0.1504315733909607 -0.25706008076667786 
vn 0.9546153545379639 -0.1504315733909607 -0.25706008076667786 
vn 0.9546153545379639 -0.1504315733909607 -0.25706008076667786 
vn 0.8817989826202393 0.2603486478328705 0.3932546079158783 
vn 0.8817989826202393 0.2603486478328705 0.3932546079158783 
vn 0.8817989826202393 0.2603486478328705 0.3932546079158783 
vn 0.015102911740541458 0.9998644590377808 -0.006554040592163801 
vn 0.015102911740541458 0.9998644590377808 -0.006554040592163801 
vn 0.015102911740541458 0.9998644590377808 -0.006554040592163801 
vn -0.002184688812121749 0.0037839922588318586 -0.9999904632568359 
vn -0.002184688812121749 0.0037839922588318586 -0.9999904632568359 
vn -0.002184688812121749 0.0037839922588318586 -0.9999904632568359 
vn 0.8008649349212646 -0.5921263098716736 0.08945280313491821 
vn 0.8008649349212646 -0.5921263098716736 0.08945280313491821 
vn 0.8008649349212646 -0.5921263098716736 0.08945280313491821 
vn 0.9243279099464417 -0.23171451687812805 0.30319350957870483 
vn 0.9243279099464417 -0.23171451687812805 0.30319350957870483 
vn 0.9243279099464417 -0.23171451687812805 0.30319350957870483 
vn 0.8113610744476318 -0.4212450683116913 0.405272513628006 
vn 0.8113610744476318 -0.4212450683116913 0.405272513628006 
vn 0.8113610744476318 -0.4212450683116913 0.405272513628006 
vn 0.9306161403656006 0.2168278992176056 0.2948545813560486 
vn 0.9306161403656006 0.2168278992176056 0.2948545813560486 
vn 0.9306161403656006 0.2168278992176056 0.2948545813560486 
vn -0.005578654818236828 0.1479083001613617 0.9889853596687317 
vn -0.005578654818236828 0.1479083001613617 0.9889853596687317 
vn -0.005578654818236828 0.1479083001613617 0.9889853596687317 
vn -0.037749744951725006 0.999265730381012 0.006554040592163801 
vn -0.037749744951725006 0.999265730381012 0.006554040592163801 
vn -0.037749744951725006 0.999265730381012 0.006554040592163801 
vn 0.9775316715240479 -0.1280595362186432 -0.16742929816246033 
vn 0.9775316715240479 -0.1280595362186432 -0.16742929816246033 
vn 0.9775316715240479 -0.1280595362186432 -0.16742929816246033 
vn 0.9938886165618896 -0.09042569249868393 0.0633138045668602 
vn 0.9938886165618896 -0.09042569249868393 0.0633138045668602 
vn 0.9938886165618896 -0.09042569249868393 0.0633138045668602 
vn -0.061421867460012436 -0.17183871567249298 -0.983208417892456 
vn -0.061421867460012436 -0.17183871567249298 -0.983208417892456 
vn -0.061421867460012436 -0.17183871567249298 -0.983208417892456 
vn 0.03548775240778923 0.23963820934295654 0.9702134728431702 
vn 0.03548775240778923 0.23963820934295654 0.9702134728431702 
vn 0.03548775240778923 0.23963820934295654 0.9702134728431702 
vn -0.0040505328215658665 0.012466258369386196 -0.9999141097068787 
vn -0.0040505328215658665 0.012466258369386196 -0.9999141097068787 
vn -0.0040505328215658665 0.012466258369386196 -0.9999141097068787 
vn 0.9392577409744263 -0.2607836425304413 0.22312943637371063 
vn 0.9392577409744263 -0.2607836425304413 0.22312943637371063 
vn 0.9392577409744263 -0.2607836425304413 0.22312943637371063 
vn 0.8817989826202393 0.2603486478328705 0.3932546079158783 
vn 0.8817989826202393 0.2603486478328705 0.3932546079158783 
vn 0.8817989826202393 0.2603486478328705 0.3932546079158783 
vn 0.37718644738197327 0.7136715650558472 0.590256929397583 
vn 0.37718644738197327 0.7136715650558472 0.590256929397583 
vn 0.37718644738197327 0.7136715650558472 0.590256929397583 
vn 0.8306815028190613 -0.32418617606163025 0.45262736082077026 
vn 0.8306815028190613 -0.32418617606163025 0.45262736082077026 
vn 0.8306815028190613 -0.32418617606163025 0.45262736082077026 
vn 0.9094750285148621 0.2606133818626404 0.3239381015300751 
vn 0.9094750285148621 0.2606133818626404 0.3239381015300751 
vn 0.9094750285148621 0.2606133818626404 0.3239381015300751 
vn 0.9743397831916809 0.06788025051355362 -0.21460255980491638 
vn 0.9743397831916809 0.06788025051355362 -0.21460255980491638 
vn 0.9743397831916809 0.06788025051355362 -0.21460255980491638 
vn 0.5334283709526062 -0.030091313645243645 0.8453097939491272 
vn 0.5334283709526062 -0.030091313645243645 0.8453097939491272 
vn 0.5334283709526062 -0.030091313645243645 0.8453097939491272 
vn 0.9729217290878296 0.06030411645770073 0.22312943637371063 
vn 0.9729217290878296 0.06030411645770073 0.22312943637371063 
vn 0.9729217290878296 0.06030411645770073 0.22312943637371063 
vn 0.8677099347114563 0.0979030430316925 0.48733407258987427 
vn 0.8677099347114563 0.0979030430316925 0.48733407258987427 
vn 0.8677099347114563 0.0979030430316925 0.48733407258987427 
vn -0.9906567931175232 0.11297659575939178 -0.0763898640871048 
vn -0.9906567931175232 0.11297659575939178 -0.0763898640871048 
vn -0.9906567931175232 0.11297659575939178 -0.0763898640871048 
vn 0.9166880249977112 0.32561689615249634 0.23163928091526031 
vn 0.9166880249977112 0.32561689615249634 0.23163928091526031 
vn 0.9166880249977112 0.32561689615249634 0.23163928091526031 
vn 0.05280228331685066 0.9979144334793091 0.03713129088282585 
vn 0.05280228331685066 0.9979144334793091 0.03713129088282585 
vn 0.05280228331685066 0.9979144334793091 0.03713129088282585 
vn -0.0302029550075531 0.9995414018630981 0.002184694167226553 
vn -0.0302029550075531 0.9995414018630981 0.002184694167226553 
vn -0.0302029550075531 0.9995414018630981 0.002184694167226553 
vn 0.9981541037559509 0.060377199202775955 -0.006554040592163801 
vn 0.9981541037559509 0.060377199202775955 -0.006554040592163801 
vn 0.9981541037559509 0.060377199202775955 -0.006554040592163801 
vn -0.007873271591961384 -0.0037915678694844246 -0.999961793422699 
vn -0.007873271591961384 -0.0037915678694844246 -0.999961793422699 
vn -0.007873271591961384 -0.0037915678694844246 -0.999961793422699 
vn -0.03583487868309021 0.9949455857276917 0.09380380809307098 
vn -0.03583487868309021 0.9949455857276917 0.09380380809307098 
vn -0.03583487868309021 0.9949455857276917 0.09380380809307098 
vn -0.9861147999763489 0.1653592884540558 0.0152922747656703 
vn -0.9861147999763489 0.1653592884540558 0.0152922747656703 
vn -0.9861147999763489 0.1653592884540558 0.0152922747656703 
vn 0.9229117631912231 -0.18742620944976807 -0.3363112509250641 
vn 0.9229117631912231 -0.18742620944976807 -0.3363112509250641 
vn 0.9229117631912231 -0.18742620944976807 -0.3363112509250641 
vn 0.022651128470897675 0.9996264576911926 -0.0152922747656703 
vn 0.022651128470897675 0.9996264576911926 -0.0152922747656703 
vn 0.022651128470897675 0.9996264576911926 -0.0152922747656703 
vn 0.9910481572151184 -0.090495765209198 0.0981530249118805 
vn 0.9910481572151184 -0.090495765209198 0.0981530249118805 
vn 0.9910481572151184 -0.090495765209198 0.0981530249118805 
vn 0.5862477421760559 0.8094689846038818 0.03276457265019417 
vn 0.5862477421760559 0.8094689846038818 0.03276457265019417 
vn 0.5862477421760559 0.8094689846038818 0.03276457265019417 
vn 0.007551815826445818 0.9999691247940063 0.002184694167226553 
vn 0.007551815826445818 0.9999691247940063 0.002184694167226553 
vn 0.007551815826445818 0.9999691247940063 0.002184694167226553 
vn 0.9981160163879395 0.060374896973371506 -0.010923261754214764 
vn 0.9981160163879395 0.060374896973371506 -0.010923261754214764 
vn 0.9981160163879395 0.060374896973371506 -0.010923261754214764 
vn 0.9737197756767273 -0.12057263404130936 -0.19321508705615997 
vn 0.9737197756767273 -0.12057263404130936 -0.19321508705615997 
vn 0.9737197756767273 -0.12057263404130936 -0.19321508705615997 
vn 0.21714210510253906 0.9755899906158447 0.03276457265019417 
vn 0.21714210510253906 0.9755899906158447 0.03276457265019417 
vn 0.21714210510253906 0.9755899906158447 0.03276457265019417 
vn 0.9349666833877563 0.03777483105659485 -0.3527185618877411 
vn 0.9349666833877563 0.03777483105659485 -0.3527185618877411 
vn 0.9349666833877563 0.03777483105659485 -0.3527185618877411 
vn -0.0018882581498473883 0.998945951461792 0.04586252197623253 
vn -0.0018882581498473883 0.998945951461792 0.04586252197623253 
vn -0.0018882581498473883 0.998945951461792 0.04586252197623253 
vn 0.9972336888313293 0.04527152702212334 0.058952588587999344 
vn 0.9972336888313293 0.04527152702212334 0.058952588587999344 
vn 0.9972336888313293 0.04527152702212334 0.058952588587999344 
vn 0.7149306535720825 0.6895845532417297 0.11553031951189041 
vn 0.7149306535720825 0.6895845532417297 0.11553031951189041 
vn 0.7149306535720825 0.6895845532417297 0.11553031951189041 
vn 0.9874051809310913 0.14300794899463654 -0.06767380982637405 
vn 0.9874051809310913 0.14300794899463654 -0.06767380982637405 
vn 0.9874051809310913 0.14300794899463654 -0.06767380982637405 
vn -0.9839715957641602 0.12795627117156982 -0.1242060661315918 
vn -0.9839715957641602 0.12795627117156982 -0.1242060661315918 
vn -0.9839715957641602 0.12795627117156982 -0.1242060661315918 
vn -0.9924222230911255 0.12050187587738037 0.024029340595006943 
vn -0.9924222230911255 0.12050187587738037 0.024029340595006943 
vn -0.9924222230911255 0.12050187587738037 0.024029340595006943 
vn -0.8498891592025757 -0.04529714956879616 -0.5250110030174255 
vn -0.8498891592025757 -0.04529714956879616 -0.5250110030174255 
vn -0.8498891592025757 -0.04529714956879616 -0.5250110030174255 
vn -0.9987804889678955 0.04528717324137688 -0.01966099627315998 
vn -0.9987804889678955 0.04528717324137688 -0.01966099627315998 
vn -0.9987804889678955 0.04528717324137688 -0.01966099627315998 
vn -0.010922610759735107 -0.018918516114354134 -0.9997613430023193 
vn -0.010922610759735107 -0.018918516114354134 -0.9997613430023193 
vn -0.010922610759735107 -0.018918516114354134 -0.9997613430023193 
vn 0.9844818711280823 0.1652878373861313 -0.058952588587999344 
vn 0.9844818711280823 0.1652878373861313 -0.058952588587999344 
vn 0.9844818711280823 0.1652878373861313 -0.058952588587999344 
vn -0.8452616333961487 -0.0453069731593132 -0.5324283838272095 
vn -0.8452616333961487 -0.0453069731593132 -0.5324283838272095 
vn -0.8452616333961487 -0.0453069731593132 -0.5324283838272095 
vn 0.007414097432047129 0.1131172701716423 0.9935539960861206 
vn 0.007414097432047129 0.1131172701716423 0.9935539960861206 
vn 0.007414097432047129 0.1131172701716423 0.9935539960861206 
vn -0.0037589154671877623 0.24645988643169403 0.9691457152366638 
vn -0.0037589154671877623 0.24645988643169403 0.9691457152366638 
vn -0.0037589154671877623 0.24645988643169403 0.9691457152366638 
vn -0.5707295536994934 -0.09039467573165894 -0.8161473870277405 
vn -0.5707295536994934 -0.09039467573165894 -0.8161473870277405 
vn -0.5707295536994934 -0.09039467573165894 -0.8161473870277405 
vn 0.6965588331222534 -0.05283117666840553 -0.715552031993866 
vn 0.6965588331222534 -0.05283117666840553 -0.715552031993866 
vn 0.6965588331222534 -0.05283117666840553 -0.715552031993866 
vn 0.06065128743648529 0.007662039250135422 -0.9981296062469482 
vn 0.06065128743648529 0.007662039250135422 -0.9981296062469482 
vn 0.06065128743648529 0.007662039250135422 -0.9981296062469482 
vn 0.8932124376296997 0.19474536180496216 0.405272513628006 
vn 0.8932124376296997 0.19474536180496216 0.405272513628006 
vn 0.8932124376296997 0.19474536180496216 0.405272513628006 
vn -0.9284449219703674 0.15774913132190704 -0.3363112509250641 
vn -0.9284449219703674 0.15774913132190704 -0.3363112509250641 
vn -0.9284449219703674 0.15774913132190704 -0.3363112509250641 
vn 0.005448473151773214 -0.0068321689032018185 -0.999961793422699 
vn 0.005448473151773214 -0.0068321689032018185 -0.999961793422699 
vn 0.005448473151773214 -0.0068321689032018185 -0.999961793422699 
vn -0.6977324485778809 0.033981941640377045 -0.715552031993866 
vn -0.6977324485778809 0.033981941640377045 -0.715552031993866 
vn -0.6977324485778809 0.033981941640377045 -0.715552031993866 
vn 0.651231050491333 0.6338965892791748 0.417220801115036 
vn 0.651231050491333 0.6338965892791748 0.417220801115036 
vn 0.651231050491333 0.6338965892791748 0.417220801115036 
vn -0.017055721953511238 -0.22034016251564026 -0.9752739667892456 
vn -0.017055721953511238 -0.22034016251564026 -0.9752739667892456 
vn -0.017055721953511238 -0.22034016251564026 -0.9752739667892456 
vn 0.8333167433738708 0.5094398856163025 -0.21460255980491638 
vn 0.8333167433738708 0.5094398856163025 -0.21460255980491638 
vn 0.8333167433738708 0.5094398856163025 -0.21460255980491638 
vn 0.813140869140625 0.5282849073410034 0.24437066912651062 
vn 0.813140869140625 0.5282849073410034 0.24437066912651062 
vn 0.813140869140625 0.5282849073410034 0.24437066912651062 
vn 0.9319356679916382 0.3615100085735321 0.028397228568792343 
vn 0.9319356679916382 0.3615100085735321 0.028397228568792343 
vn 0.9319356679916382 0.3615100085735321 0.028397228568792343 
vn 0.81238853931427 0.4073716104030609 0.417220801115036 
vn 0.81238853931427 0.4073716104030609 0.417220801115036 
vn 0.81238853931427 0.4073716104030609 0.417220801115036 
vn 0.875304102897644 0.007544354069977999 0.4835140109062195 
vn 0.875304102897644 0.007544354069977999 0.4835140109062195 
vn 0.875304102897644 0.007544354069977999 0.4835140109062195 
vn -0.015150327235460281 0.31321829557418823 -0.949560284614563 
vn -0.015150327235460281 0.31321829557418823 -0.949560284614563 
vn -0.015150327235460281 0.31321829557418823 -0.949560284614563 
vn 0.9139155149459839 -0.022641820833086967 0.405272513628006 
vn 0.9139155149459839 -0.022641820833086967 0.405272513628006 
vn 0.9139155149459839 -0.022641820833086967 0.405272513628006 
vn 0.7903504371643066 -0.39974161982536316 0.4642767012119293 
vn 0.7903504371643066 -0.39974161982536316 0.4642767012119293 
vn 0.7903504371643066 -0.39974161982536316 0.4642767012119293 
vn 0.5374908447265625 0.022577771916985512 0.8429672718048096 
vn 0.5374908447265625 0.022577771916985512 0.8429672718048096 
vn 0.5374908447265625 0.022577771916985512 0.8429672718048096 
vn 0.9905836582183838 0.13548985123634338 -0.01966099627315998 
vn 0.9905836582183838 0.13548985123634338 -0.01966099627315998 
vn 0.9905836582183838 0.13548985123634338 -0.01966099627315998 
vn 0.9087169170379639 0.26825496554374695 -0.3198012113571167 
vn 0.9087169170379639 0.26825496554374695 -0.3198012113571167 
vn 0.9087169170379639 0.26825496554374695 -0.3198012113571167 
vn 0.6896545886993408 -0.060231857001781464 0.7216291427612305 
vn 0.6896545886993408 -0.060231857001781464 0.7216291427612305 
vn 0.6896545886993408 -0.060231857001781464 0.7216291427612305 
vn 0.9376473426818848 -0.3475262224674225 0.006554040592163801 
vn 0.9376473426818848 -0.3475262224674225 0.006554040592163801 
vn 0.9376473426818848 -0.3475262224674225 0.006554040592163801 
vn 3.095769354841821e-13 -0.9993103742599487 -0.03713129088282585 
vn 3.095769354841821e-13 -0.9993103742599487 -0.03713129088282585 
vn 3.095769354841821e-13 -0.9993103742599487 -0.03713129088282585 
vn -0.04966796934604645 -0.11620398610830307 -0.9919826984405518 
vn -0.04966796934604645 -0.11620398610830307 -0.9919826984405518 
vn -0.04966796934604645 -0.11620398610830307 -0.9919826984405518 
vn 0.9881570935249329 -0.13548769056797028 0.07203252613544464 
vn 0.9881570935249329 -0.13548769056797028 0.07203252613544464 
vn 0.9881570935249329 -0.13548769056797028 0.07203252613544464 
vn -0.02396346628665924 0.04660924896597862 -0.9986256957054138 
vn -0.02396346628665924 0.04660924896597862 -0.9986256957054138 
vn -0.02396346628665924 0.04660924896597862 -0.9986256957054138 
vn 0.009576811455190182 -0.024401316419243813 -0.9996563792228699 
vn 0.009576811455190182 -0.024401316419243813 -0.9996563792228699 
vn 0.009576811455190182 -0.024401316419243813 -0.9996563792228699 
vn 0.6744375824928284 0.3821318745613098 0.6317508816719055 
vn 0.6744375824928284 0.3821318745613098 0.6317508816719055 
vn 0.6744375824928284 0.3821318745613098 0.6317508816719055 
vn 0.9277703166007996 -0.007541372440755367 0.37307560443878174 
vn 0.9277703166007996 -0.007541372440755367 0.37307560443878174 
vn 0.9277703166007996 -0.007541372440755367 0.37307560443878174 
vn 0.9792816638946533 0.20249100029468536 -0.002184694167226553 
vn 0.9792816638946533 0.20249100029468536 -0.002184694167226553 
vn 0.9792816638946533 0.20249100029468536 -0.002184694167226553 
vn 0.993131697177887 -0.07541624456644058 -0.08945280313491821 
vn 0.993131697177887 -0.07541624456644058 -0.08945280313491821 
vn 0.993131697177887 -0.07541624456644058 -0.08945280313491821 
vn 0.7632920742034912 0.5769681334495544 -0.29067665338516235 
vn 0.7632920742034912 0.5769681334495544 -0.29067665338516235 
vn 0.7632920742034912 0.5769681334495544 -0.29067665338516235 
vn 0.9514238834381104 -0.26112163066864014 0.16312000155448914 
vn 0.9514238834381104 -0.26112163066864014 0.16312000155448914 
vn 0.9514238834381104 -0.26112163066864014 0.16312000155448914 
vn 0.9314953684806824 -0.33323171734809875 -0.1458524912595749 
vn 0.9314953684806824 -0.33323171734809875 -0.1458524912595749 
vn 0.9314953684806824 -0.33323171734809875 -0.1458524912595749 
vn -0.18215741217136383 -0.04129887744784355 -0.9824016690254211 
vn -0.18215741217136383 -0.04129887744784355 -0.9824016690254211 
vn -0.18215741217136383 -0.04129887744784355 -0.9824016690254211 
vn 0.9193986058235168 -0.0075514791533350945 -0.3932546079158783 
vn 0.9193986058235168 -0.0075514791533350945 -0.3932546079158783 
vn 0.9193986058235168 -0.0075514791533350945 -0.3932546079158783 
vn 0.8672301173210144 -0.3745434582233429 -0.3280687630176544 
vn 0.8672301173210144 -0.3745434582233429 -0.3280687630176544 
vn 0.8672301173210144 -0.3745434582233429 -0.3280687630176544 
vn 0.9699652194976807 -0.22442889213562012 -0.09380380809307098 
vn 0.9699652194976807 -0.22442889213562012 -0.09380380809307098 
vn 0.9699652194976807 -0.22442889213562012 -0.09380380809307098 
vn 0.0106044327840209 0.007704571355134249 -0.9999141097068787 
vn 0.0106044327840209 0.007704571355134249 -0.9999141097068787 
vn 0.0106044327840209 0.007704571355134249 -0.9999141097068787 
vn 0.929054856300354 -0.36848825216293335 0.03276457265019417 
vn 0.929054856300354 -0.36848825216293335 0.03276457265019417 
vn 0.929054856300354 -0.36848825216293335 0.03276457265019417 
vn 0.0829736664891243 -0.9965301752090454 0.006554040592163801 
vn 0.0829736664891243 -0.9965301752090454 0.006554040592163801 
vn 0.0829736664891243 -0.9965301752090454 0.006554040592163801 
vn 0.9439763426780701 -0.3261685371398926 0.05022686347365379 
vn 0.9439763426780701 -0.3261685371398926 0.05022686347365379 
vn 0.9439763426780701 -0.3261685371398926 0.05022686347365379 
vn 0.12382578104734421 -0.11586840450763702 0.9855159521102905 
vn 0.12382578104734421 -0.11586840450763702 0.9855159521102905 
vn 0.12382578104734421 -0.11586840450763702 0.9855159521102905 
vn 0.9772533774375916 -0.16529002785682678 0.1328723281621933 
vn 0.9772533774375916 -0.16529002785682678 0.1328723281621933 
vn 0.9772533774375916 -0.16529002785682678 0.1328723281621933 
vn 0.9429121017456055 -0.2392905354499817 -0.23163928091526031 
vn 0.9429121017456055 -0.2392905354499817 -0.23163928091526031 
vn 0.9429121017456055 -0.2392905354499817 -0.23163928091526031 
vn 0.9856242537498474 -0.022633183747529984 0.16742929816246033 
vn 0.9856242537498474 -0.022633183747529984 0.16742929816246033 
vn 0.9856242537498474 -0.022633183747529984 0.16742929816246033 
vn 0.9720891118049622 -0.22463977336883545 0.06767380982637405 
vn 0.9720891118049622 -0.22463977336883545 0.06767380982637405 
vn 0.9720891118049622 -0.22463977336883545 0.06767380982637405 
vn 0.04525691270828247 0.9981130957603455 -0.04149730131030083 
vn 0.04525691270828247 0.9981130957603455 -0.04149730131030083 
vn 0.04525691270828247 0.9981130957603455 -0.04149730131030083 
vn 0.8733274340629578 -0.4163815379142761 -0.25283506512641907 
vn 0.8733274340629578 -0.4163815379142761 -0.25283506512641907 
vn 0.8733274340629578 -0.4163815379142761 -0.25283506512641907 
vn 0.15220355987548828 -0.9838876724243164 0.09380380809307098 
vn 0.15220355987548828 -0.9838876724243164 0.09380380809307098 
vn 0.15220355987548828 -0.9838876724243164 0.09380380809307098 
vn -0.022653724998235703 -0.9997409582138062 -0.002184694167226553 
vn -0.022653724998235703 -0.9997409582138062 -0.002184694167226553 
vn -0.022653724998235703 -0.9997409582138062 -0.002184694167226553 
vn -0.022653724998235703 -0.9997409582138062 -0.002184694167226553 
vn -0.9985980987548828 -0.03772452101111412 -0.03713129088282585 
vn -0.9985980987548828 -0.03772452101111412 -0.03713129088282585 
vn -0.9985980987548828 -0.03772452101111412 -0.03713129088282585 
vn 0.9924222230911255 -0.12050187587738037 0.024029340595006943 
vn 0.9924222230911255 -0.12050187587738037 0.024029340595006943 
vn 0.9924222230911255 -0.12050187587738037 0.024029340595006943 
vn 0.9601211547851562 -0.21720483899116516 0.1760382205247879 
vn 0.9601211547851562 -0.21720483899116516 0.1760382205247879 
vn 0.9601211547851562 -0.21720483899116516 0.1760382205247879 
vn 0.9994269013404846 -0.03019949607551098 0.0152922747656703 
vn 0.9994269013404846 -0.03019949607551098 0.0152922747656703 
vn 0.9994269013404846 -0.03019949607551098 0.0152922747656703 
vn 0.10548725724220276 -0.994015097618103 0.028397228568792343 
vn 0.10548725724220276 -0.994015097618103 0.028397228568792343 
vn 0.10548725724220276 -0.994015097618103 0.028397228568792343 
vn 0.13610711693763733 0.02995944209396839 -0.9902410507202148 
vn 0.13610711693763733 0.02995944209396839 -0.9902410507202148 
vn 0.13610711693763733 0.02995944209396839 -0.9902410507202148 
vn -0.9869021773338318 0.1280239075422287 0.0981530249118805 
vn -0.9869021773338318 0.1280239075422287 0.0981530249118805 
vn -0.9869021773338318 0.1280239075422287 0.0981530249118805 
vn -0.10436485707759857 0.044254522770643234 -0.9935539960861206 
vn -0.10436485707759857 0.044254522770643234 -0.9935539960861206 
vn -0.10436485707759857 0.044254522770643234 -0.9935539960861206 
vn 3.0973070245729484e-13 -0.9998067021369934 -0.01966099627315998 
vn 3.0973070245729484e-13 -0.9998067021369934 -0.01966099627315998 
vn 3.0973070245729484e-13 -0.9998067021369934 -0.01966099627315998 
vn 0.9992818832397461 0.007546626031398773 -0.03713129088282585 
vn 0.9992818832397461 0.007546626031398773 -0.03713129088282585 
vn 0.9992818832397461 0.007546626031398773 -0.03713129088282585 
vn 0.9989521503448486 -0.045294955372810364 0.006554040592163801 
vn 0.9989521503448486 -0.045294955372810364 0.006554040592163801 
vn 0.9989521503448486 -0.045294955372810364 0.006554040592163801 
vn -0.0259205661714077 -0.0039068968035280704 -0.9996563792228699 
vn -0.0259205661714077 -0.0039068968035280704 -0.9996563792228699 
vn -0.0259205661714077 -0.0039068968035280704 -0.9996563792228699 
vn -0.7178969979286194 0.6204706430435181 -0.31565824151039124 
vn -0.7178969979286194 0.6204706430435181 -0.31565824151039124 
vn -0.7178969979286194 0.6204706430435181 -0.31565824151039124 
vn 0.96456378698349 0.07543938606977463 -0.25283506512641907 
vn 0.96456378698349 0.07543938606977463 -0.25283506512641907 
vn 0.96456378698349 0.07543938606977463 -0.25283506512641907 
vn -0.999053955078125 0.02263815514743328 -0.03713129088282585 
vn -0.999053955078125 0.02263815514743328 -0.03713129088282585 
vn -0.999053955078125 0.02263815514743328 -0.03713129088282585 
vn -0.013107799924910069 -2.7109958632902213e-15 -0.9999141097068787 
vn -0.013107799924910069 -2.7109958632902213e-15 -0.9999141097068787 
vn -0.013107799924910069 -2.7109958632902213e-15 -0.9999141097068787 
vn -0.9387281537055969 -0.0753936618566513 -0.3363112509250641 
vn -0.9387281537055969 -0.0753936618566513 -0.3363112509250641 
vn -0.9387281537055969 -0.0753936618566513 -0.3363112509250641 
vn -0.9995972514152527 -0.015098875388503075 0.024029340595006943 
vn -0.9995972514152527 -0.015098875388503075 0.024029340595006943 
vn -0.9995972514152527 -0.015098875388503075 0.024029340595006943 
vn 0.9665170311927795 -0.0904528796672821 -0.2401314377784729 
vn 0.9665170311927795 -0.0904528796672821 -0.2401314377784729 
vn 0.9665170311927795 -0.0904528796672821 -0.2401314377784729 
vn -0.9971474409103394 -0.07544711232185364 -0.002184694167226553 
vn -0.9971474409103394 -0.07544711232185364 -0.002184694167226553 
vn -0.9971474409103394 -0.07544711232185364 -0.002184694167226553 
vn -0.9992066025733948 -0.022641615942120552 0.03276457265019417 
vn -0.9992066025733948 -0.022641615942120552 0.03276457265019417 
vn -0.9992066025733948 -0.022641615942120552 0.03276457265019417 
vn -0.01510031707584858 -0.9996926784515381 0.01966099627315998 
vn -0.01510031707584858 -0.9996926784515381 0.01966099627315998 
vn -0.01510031707584858 -0.9996926784515381 0.01966099627315998 
vn 0.07539526373147964 -0.9964621663093567 0.03713129088282585 
vn 0.07539526373147964 -0.9964621663093567 0.03713129088282585 
vn 0.07539526373147964 -0.9964621663093567 0.03713129088282585 
vn 0.20440803468227386 -0.17915679514408112 0.962351381778717 
vn 0.20440803468227386 -0.17915679514408112 0.962351381778717 
vn 0.20440803468227386 -0.17915679514408112 0.962351381778717 
vn -0.01510031707584858 -0.9996926784515381 0.01966099627315998 
vn -0.01510031707584858 -0.9996926784515381 0.01966099627315998 
vn -0.01510031707584858 -0.9996926784515381 0.01966099627315998 
vn -0.8661088347434998 -0.35006648302078247 -0.3568037748336792 
vn -0.8661088347434998 -0.35006648302078247 -0.3568037748336792 
vn -0.8661088347434998 -0.35006648302078247 -0.3568037748336792 
vn -0.007549653295427561 -0.9996827244758606 -0.024029340595006943 
vn -0.007549653295427561 -0.9996827244758606 -0.024029340595006943 
vn -0.007549653295427561 -0.9996827244758606 -0.024029340595006943 
vn 0.9995501041412354 -0.022649399936199188 0.01966099627315998 
vn 0.9995501041412354 -0.022649399936199188 0.01966099627315998 
vn 0.9995501041412354 -0.022649399936199188 0.01966099627315998 
vn 0.007551815826445818 -0.9999691247940063 0.002184694167226553 
vn 0.007551815826445818 -0.9999691247940063 0.002184694167226553 
vn 0.007551815826445818 -0.9999691247940063 0.002184694167226553 
vn -0.9993491172790527 0.015095127746462822 -0.03276457265019417 
vn -0.9993491172790527 0.015095127746462822 -0.03276457265019417 
vn -0.9993491172790527 0.015095127746462822 -0.03276457265019417 
vn -0.9999499917030334 -0.0075516714714467525 0.006554040592163801 
vn -0.9999499917030334 -0.0075516714714467525 0.006554040592163801 
vn -0.9999499917030334 -0.0075516714714467525 0.006554040592163801 
vn -0.015102911740541458 -0.9998644590377808 0.006554040592163801 
vn -0.015102911740541458 -0.9998644590377808 0.006554040592163801 
vn -0.015102911740541458 -0.9998644590377808 0.006554040592163801 
vn -0.007551815826445818 -0.9999691247940063 0.002184694167226553 
vn -0.007551815826445818 -0.9999691247940063 0.002184694167226553 
vn -0.007551815826445818 -0.9999691247940063 0.002184694167226553 
vn -0.024506259709596634 0.8530293107032776 0.5212872624397278 
vn -0.024506259709596634 0.8530293107032776 0.5212872624397278 
vn -0.024506259709596634 0.8530293107032776 0.5212872624397278 
vn 0.009060733951628208 0.056043840944767 0.9983872175216675 
vn 0.009060733951628208 0.056043840944767 0.9983872175216675 
vn 0.009060733951628208 0.056043840944767 0.9983872175216675 
vn 0.0036530625075101852 0.03475656732916832 0.999389111995697 
vn 0.0036530625075101852 0.03475656732916832 0.999389111995697 
vn 0.0036530625075101852 0.03475656732916832 0.999389111995697 
vn -0.005478198640048504 -0.05212157964706421 0.9986256957054138 
vn -0.005478198640048504 -0.05212157964706421 0.9986256957054138 
vn -0.005478198640048504 -0.05212157964706421 0.9986256957054138 
vn 0.001840247423388064 -0.04800954833626747 0.9988451600074768 
vn 0.001840247423388064 -0.04800954833626747 0.9988451600074768 
vn 0.001840247423388064 -0.04800954833626747 0.9988451600074768 
vn -0.010799530893564224 0.03323753923177719 0.999389111995697 
vn -0.010799530893564224 0.03323753923177719 0.999389111995697 
vn -0.010799530893564224 0.03323753923177719 0.999389111995697 
vn 0.020776038989424706 0.006750544533133507 0.9997613430023193 
vn 0.020776038989424706 0.006750544533133507 0.9997613430023193 
vn 0.020776038989424706 0.006750544533133507 0.9997613430023193 
vn -0.04790383204817772 0.003677794011309743 0.9988451600074768 
vn -0.04790383204817772 0.003677794011309743 0.9988451600074768 
vn -0.04790383204817772 0.003677794011309743 0.9988451600074768 
vn -0.9972879886627197 -0.015100298449397087 -0.07203252613544464 
vn -0.9972879886627197 -0.015100298449397087 -0.07203252613544464 
vn -0.9972879886627197 -0.015100298449397087 -0.07203252613544464 
vn -0.034948017448186874 -7.22805739957269e-15 0.999389111995697 
vn -0.034948017448186874 -7.22805739957269e-15 0.999389111995697 
vn -0.034948017448186874 -7.22805739957269e-15 0.999389111995697 
vn -0.18152524530887604 -0.018702303990721703 0.983208417892456 
vn -0.18152524530887604 -0.018702303990721703 0.983208417892456 
vn -0.18152524530887604 -0.018702303990721703 0.983208417892456 
vn -0.012840298935770988 -0.017673155292868614 0.9997613430023193 
vn -0.012840298935770988 -0.017673155292868614 0.9997613430023193 
vn -0.012840298935770988 -0.017673155292868614 0.9997613430023193 
vn -0.9905022978782654 0.12421660125255585 -0.058952588587999344 
vn -0.9905022978782654 0.12421660125255585 -0.058952588587999344 
vn -0.9905022978782654 0.12421660125255585 -0.058952588587999344 
vn 0.6479591131210327 -0.4856990873813629 -0.5867242813110352 
vn 0.6479591131210327 -0.4856990873813629 -0.5867242813110352 
vn 0.6479591131210327 -0.4856990873813629 -0.5867242813110352 
vn -0.02264723740518093 -0.99945467710495 0.024029340595006943 
vn -0.02264723740518093 -0.99945467710495 0.024029340595006943 
vn -0.02264723740518093 -0.99945467710495 0.024029340595006943 
vn -0.02265242673456669 0.9996837377548218 -0.010923261754214764 
vn -0.02265242673456669 0.9996837377548218 -0.010923261754214764 
vn -0.02265242673456669 0.9996837377548218 -0.010923261754214764 
vn 0.007368810009211302 -0.060687609016895294 0.9981296062469482 
vn 0.007368810009211302 -0.060687609016895294 0.9981296062469482 
vn 0.007368810009211302 -0.060687609016895294 0.9981296062469482 
vn -0.017523931339383125 -0.03519279882311821 0.9992268681526184 
vn -0.017523931339383125 -0.03519279882311821 0.9992268681526184 
vn -0.017523931339383125 -0.03519279882311821 0.9992268681526184 
vn -0.0075516714714467525 0.9999499917030334 -0.006554040592163801 
vn -0.0075516714714467525 0.9999499917030334 -0.006554040592163801 
vn -0.0075516714714467525 0.9999499917030334 -0.006554040592163801 
vn -0.013313510455191135 -0.11694471538066864 -0.9930492043495178 
vn -0.013313510455191135 -0.11694471538066864 -0.9930492043495178 
vn -0.013313510455191135 -0.11694471538066864 -0.9930492043495178 
vn -0.9933381080627441 0.06037686765193939 -0.0981530249118805 
vn -0.9933381080627441 0.06037686765193939 -0.0981530249118805 
vn -0.9933381080627441 0.06037686765193939 -0.0981530249118805 
vn -0.02064039185643196 0.0758083388209343 -0.9969087839126587 
vn -0.02064039185643196 0.0758083388209343 -0.9969087839126587 
vn -0.02064039185643196 0.0758083388209343 -0.9969087839126587 
vn 0.005448473151773214 0.0068321689032018185 -0.999961793422699 
vn 0.005448473151773214 0.0068321689032018185 -0.999961793422699 
vn 0.005448473151773214 0.0068321689032018185 -0.999961793422699 
vn 0.7797510027885437 0.07537642866373062 -0.6215357780456543 
vn 0.7797510027885437 0.07537642866373062 -0.6215357780456543 
vn 0.7797510027885437 0.07537642866373062 -0.6215357780456543 
vn -0.011321541853249073 0.9921918511390686 0.1242060661315918 
vn -0.011321541853249073 0.9921918511390686 0.1242060661315918 
vn -0.011321541853249073 0.9921918511390686 0.1242060661315918 
vn -0.9935937523841858 0.09050837904214859 0.06767380982637405 
vn -0.9935937523841858 0.09050837904214859 0.06767380982637405 
vn -0.9935937523841858 0.09050837904214859 0.06767380982637405 
vn 0.1547025889158249 0.20264668762683868 -0.9669547080993652 
vn 0.1547025889158249 0.20264668762683868 -0.9669547080993652 
vn 0.1547025889158249 0.20264668762683868 -0.9669547080993652 
vn -0.054713111370801926 0.992292046546936 -0.1111890971660614 
vn -0.054713111370801926 0.992292046546936 -0.1111890971660614 
vn -0.054713111370801926 0.992292046546936 -0.1111890971660614 
vn -0.9794232249259949 0.003775416174903512 -0.2017817199230194 
vn -0.9794232249259949 0.003775416174903512 -0.2017817199230194 
vn -0.9794232249259949 0.003775416174903512 -0.2017817199230194 
vn -0.8220434784889221 0.32417190074920654 0.46814218163490295 
vn -0.8220434784889221 0.32417190074920654 0.46814218163490295 
vn -0.8220434784889221 0.32417190074920654 0.46814218163490295 
vn -0.015098875388503075 0.9995972514152527 0.024029340595006943 
vn -0.015098875388503075 0.9995972514152527 0.024029340595006943 
vn -0.015098875388503075 0.9995972514152527 0.024029340595006943 
vn -0.9889830946922302 0.13924670219421387 -0.05022686347365379 
vn -0.9889830946922302 0.13924670219421387 -0.05022686347365379 
vn -0.9889830946922302 0.13924670219421387 -0.05022686347365379 
vn -0.09977657347917557 0.9541221261024475 0.28230419754981995 
vn -0.09977657347917557 0.9541221261024475 0.28230419754981995 
vn -0.09977657347917557 0.9541221261024475 0.28230419754981995 
vn -0.9854958653450012 -0.0867462232708931 -0.1458524912595749 
vn -0.9854958653450012 -0.0867462232708931 -0.1458524912595749 
vn -0.9854958653450012 -0.0867462232708931 -0.1458524912595749 
vn -0.002184688812121749 -0.0037839922588318586 -0.9999904632568359 
vn -0.002184688812121749 -0.0037839922588318586 -0.9999904632568359 
vn -0.002184688812121749 -0.0037839922588318586 -0.9999904632568359 
vn -0.03208078071475029 0.9979933500289917 0.05459024757146835 
vn -0.03208078071475029 0.9979933500289917 0.05459024757146835 
vn -0.03208078071475029 0.9979933500289917 0.05459024757146835 
vn -0.022649399936199188 0.9995501041412354 0.01966099627315998 
vn -0.022649399936199188 0.9995501041412354 0.01966099627315998 
vn -0.022649399936199188 0.9995501041412354 0.01966099627315998 
vn -0.983292818069458 -0.06035083904862404 0.17173540592193604 
vn -0.983292818069458 -0.06035083904862404 0.17173540592193604 
vn -0.983292818069458 -0.06035083904862404 0.17173540592193604 
vn 0.015102911740541458 -0.9998644590377808 -0.006554040592163801 
vn 0.015102911740541458 -0.9998644590377808 -0.006554040592163801 
vn 0.015102911740541458 -0.9998644590377808 -0.006554040592163801 
vn -0.17803208529949188 0.007461755070835352 0.9839963912963867 
vn -0.17803208529949188 0.007461755070835352 0.9839963912963867 
vn -0.17803208529949188 0.007461755070835352 0.9839963912963867 
vn 0.007548788096755743 0.9995682239532471 0.028397228568792343 
vn 0.007548788096755743 0.9995682239532471 0.028397228568792343 
vn 0.007548788096755743 0.9995682239532471 0.028397228568792343 
vn -0.4219343066215515 0.8867233395576477 0.18892620503902435 
vn -0.4219343066215515 0.8867233395576477 0.18892620503902435 
vn -0.4219343066215515 0.8867233395576477 0.18892620503902435 
vn -0.0106044327840209 -0.007704571355134249 -0.9999141097068787 
vn -0.0106044327840209 -0.007704571355134249 -0.9999141097068787 
vn -0.0106044327840209 -0.007704571355134249 -0.9999141097068787 
vn -0.9812804460525513 -0.15408241748809814 0.11553031951189041 
vn -0.9812804460525513 -0.15408241748809814 0.11553031951189041 
vn -0.9812804460525513 -0.15408241748809814 0.11553031951189041 
vn 0.1286441832780838 -0.12329546362161636 -0.9839963912963867 
vn 0.1286441832780838 -0.12329546362161636 -0.9839963912963867 
vn 0.1286441832780838 -0.12329546362161636 -0.9839963912963867 
vn -0.022649399936199188 -0.9995501041412354 -0.01966099627315998 
vn -0.022649399936199188 -0.9995501041412354 -0.01966099627315998 
vn -0.022649399936199188 -0.9995501041412354 -0.01966099627315998 
vn -0.0301908478140831 -0.9991406798362732 -0.028397228568792343 
vn -0.0301908478140831 -0.9991406798362732 -0.028397228568792343 
vn -0.0301908478140831 -0.9991406798362732 -0.028397228568792343 
vn 0.00560209434479475 -0.16518007218837738 0.9862475395202637 
vn 0.00560209434479475 -0.16518007218837738 0.9862475395202637 
vn 0.00560209434479475 -0.16518007218837738 0.9862475395202637 
vn -0.007873271591961384 -0.0037915678694844246 -0.999961793422699 
vn -0.007873271591961384 -0.0037915678694844246 -0.999961793422699 
vn -0.007873271591961384 -0.0037915678694844246 -0.999961793422699 
vn 0.008738672360777855 0 0.999961793422699 
vn 0.008738672360777855 0 0.999961793422699 
vn 0.008738672360777855 0 0.999961793422699 
vn -0.003751524491235614 -0.16954125463962555 0.9855159521102905 
vn -0.003751524491235614 -0.16954125463962555 0.9855159521102905 
vn -0.003751524491235614 -0.16954125463962555 0.9855159521102905 
vn 3.096656503269457e-13 -0.9995967149734497 -0.028397228568792343 
vn 3.096656503269457e-13 -0.9995967149734497 -0.028397228568792343 
vn 3.096656503269457e-13 -0.9995967149734497 -0.028397228568792343 
vn -0.030189042910933495 -0.9942747354507446 0.10250037163496017 
vn -0.030189042910933495 -0.9942747354507446 0.10250037163496017 
vn -0.030189042910933495 -0.9942747354507446 0.10250037163496017 
vn -0.014896565116941929 -0.10360788553953171 0.9945066571235657 
vn -0.014896565116941929 -0.10360788553953171 0.9945066571235657 
vn -0.014896565116941929 -0.10360788553953171 0.9945066571235657 
vn -0.994052529335022 -0.09423104673624039 -0.05459024757146835 
vn -0.994052529335022 -0.09423104673624039 -0.05459024757146835 
vn -0.994052529335022 -0.09423104673624039 -0.05459024757146835 
vn -0.985792875289917 -0.0904553011059761 -0.1415284425020218 
vn -0.985792875289917 -0.0904553011059761 -0.1415284425020218 
vn -0.985792875289917 -0.0904553011059761 -0.1415284425020218 
vn -0.9912822246551514 -0.11304792016744614 -0.06767380982637405 
vn -0.9912822246551514 -0.11304792016744614 -0.06767380982637405 
vn -0.9912822246551514 -0.11304792016744614 -0.06767380982637405 
vn -0.022649399936199188 -0.9995501041412354 -0.01966099627315998 
vn -0.022649399936199188 -0.9995501041412354 -0.01966099627315998 
vn -0.022649399936199188 -0.9995501041412354 -0.01966099627315998 
vn -0.27955693006515503 -0.05225824564695358 0.9587059020996094 
vn -0.27955693006515503 -0.05225824564695358 0.9587059020996094 
vn -0.27955693006515503 -0.05225824564695358 0.9587059020996094 
vn -0.973761796951294 0.21727459132671356 -0.06767380982637405 
vn -0.973761796951294 0.21727459132671356 -0.06767380982637405 
vn -0.973761796951294 0.21727459132671356 -0.06767380982637405 
vn -0.6121739149093628 0.2469269186258316 -0.7511792182922363 
vn -0.6121739149093628 0.2469269186258316 -0.7511792182922363 
vn -0.6121739149093628 0.2469269186258316 -0.7511792182922363 
vn -0.015097145922482014 -0.9994826912879944 0.028397228568792343 
vn -0.015097145922482014 -0.9994826912879944 0.028397228568792343 
vn -0.015097145922482014 -0.9994826912879944 0.028397228568792343 
vn -0.9385941624641418 0.13928696513175964 -0.31565824151039124 
vn -0.9385941624641418 0.13928696513175964 -0.31565824151039124 
vn -0.9385941624641418 0.13928696513175964 -0.31565824151039124 
vn -0.022651128470897675 -0.9996264576911926 0.0152922747656703 
vn -0.022651128470897675 -0.9996264576911926 0.0152922747656703 
vn -0.022651128470897675 -0.9996264576911926 0.0152922747656703 
vn -0.9453265070915222 -0.03770818933844566 0.3239381015300751 
vn -0.9453265070915222 -0.03770818933844566 0.3239381015300751 
vn -0.9453265070915222 -0.03770818933844566 0.3239381015300751 
vn -0.010896530002355576 0.013663816265761852 -0.9998472929000854 
vn -0.010896530002355576 0.013663816265761852 -0.9998472929000854 
vn -0.010896530002355576 0.013663816265761852 -0.9998472929000854 
vn -0.013020745478570461 0.027670491486787796 -0.9995322823524475 
vn -0.013020745478570461 0.027670491486787796 -0.9995322823524475 
vn -0.013020745478570461 0.027670491486787796 -0.9995322823524475 
vn -0.9999499917030334 -0.0075516714714467525 0.006554040592163801 
vn -0.9999499917030334 -0.0075516714714467525 0.006554040592163801 
vn -0.9999499917030334 -0.0075516714714467525 0.006554040592163801 
vn -0.1574467271566391 0.03346633538603783 0.986960232257843 
vn -0.1574467271566391 0.03346633538603783 0.986960232257843 
vn -0.1574467271566391 0.03346633538603783 0.986960232257843 
vn -1.0340933296291988e-13 0.9999785423278809 0.006554040592163801 
vn -1.0340933296291988e-13 0.9999785423278809 0.006554040592163801 
vn -1.0340933296291988e-13 0.9999785423278809 0.006554040592163801 
vn 0.09597864747047424 0 -0.9953833818435669 
vn 0.09597864747047424 0 -0.9953833818435669 
vn 0.09597864747047424 0 -0.9953833818435669 
vn 0.18769875168800354 -0.108367919921875 -0.976230263710022 
vn 0.18769875168800354 -0.108367919921875 -0.976230263710022 
vn 0.18769875168800354 -0.108367919921875 -0.976230263710022 
vn 0.9979651570320129 -0.007545751519501209 0.0633138045668602 
vn 0.9979651570320129 -0.007545751519501209 0.0633138045668602 
vn 0.9979651570320129 -0.007545751519501209 0.0633138045668602 
vn 0.9973737001419067 -0.007550365757197142 0.07203252613544464 
vn 0.9973737001419067 -0.007550365757197142 0.07203252613544464 
vn 0.9973737001419067 -0.007550365757197142 0.07203252613544464 
vn 0.060687609016895294 -0.007368810009211302 0.9981296062469482 
vn 0.060687609016895294 -0.007368810009211302 0.9981296062469482 
vn 0.060687609016895294 -0.007368810009211302 0.9981296062469482 
vn 0.3685142993927002 0.43103983998298645 0.8236515522003174 
vn 0.3685142993927002 0.43103983998298645 0.8236515522003174 
vn 0.3685142993927002 0.43103983998298645 0.8236515522003174 
vn 0.012357876636087894 0.012357876636087894 0.9998472929000854 
vn 0.012357876636087894 0.012357876636087894 0.9998472929000854 
vn 0.012357876636087894 0.012357876636087894 0.9998472929000854 
vn 0.9962579607963562 0.015102901495993137 0.08510008454322815 
vn 0.9962579607963562 0.015102901495993137 0.08510008454322815 
vn 0.9962579607963562 0.015102901495993137 0.08510008454322815 
vn 0.030580973252654076 0 0.9995322823524475 
vn 0.030580973252654076 0 0.9995322823524475 
vn 0.030580973252654076 0 0.9995322823524475 
vn -1.8072902708757407e-15 0.017476677894592285 0.9998472929000854 
vn -1.8072902708757407e-15 0.017476677894592285 0.9998472929000854 
vn -1.8072902708757407e-15 0.017476677894592285 0.9998472929000854 
vn -0.018878867849707603 0.9878136515617371 -0.15449213981628418 
vn -0.018878867849707603 0.9878136515617371 -0.15449213981628418 
vn -0.018878867849707603 0.9878136515617371 -0.15449213981628418 
vn 0.004369377624243498 0 -0.9999904632568359 
vn 0.004369377624243498 0 -0.9999904632568359 
vn 0.004369377624243498 0 -0.9999904632568359 
vn 0.10440661758184433 0.007467308547347784 0.9945066571235657 
vn 0.10440661758184433 0.007467308547347784 0.9945066571235657 
vn 0.10440661758184433 0.007467308547347784 0.9945066571235657 
vn -0.9999691247940063 0.007551815826445818 0.002184694167226553 
vn -0.9999691247940063 0.007551815826445818 0.002184694167226553 
vn -0.9999691247940063 0.007551815826445818 0.002184694167226553 
vn 0.17215794324874878 0.7833315134048462 0.5972883701324463 
vn 0.17215794324874878 0.7833315134048462 0.5972883701324463 
vn 0.17215794324874878 0.7833315134048462 0.5972883701324463 
vn 0.10795673727989197 0.015172329731285572 -0.9940398335456848 
vn 0.10795673727989197 0.015172329731285572 -0.9940398335456848 
vn 0.10795673727989197 0.015172329731285572 -0.9940398335456848 
vn -0.0018501408630982041 0.07418830692768097 0.9972425103187561 
vn -0.0018501408630982041 0.07418830692768097 0.9972425103187561 
vn -0.0018501408630982041 0.07418830692768097 0.9972425103187561 
vn 0.1559409201145172 -0.014890552498400211 0.9876541495323181 
vn 0.1559409201145172 -0.014890552498400211 0.9876541495323181 
vn 0.1559409201145172 -0.014890552498400211 0.9876541495323181 
vn 0.13916100561618805 0.00754509074613452 -0.9902410507202148 
vn 0.13916100561618805 0.00754509074613452 -0.9902410507202148 
vn 0.13916100561618805 0.00754509074613452 -0.9902410507202148 
vn 0.9141647815704346 -0.007547959219664335 0.405272513628006 
vn 0.9141647815704346 -0.007547959219664335 0.405272513628006 
vn 0.9141647815704346 -0.007547959219664335 0.405272513628006 
vn -0.008770721964538097 -0.029296252876520157 0.9995322823524475 
vn -0.008770721964538097 -0.029296252876520157 0.9995322823524475 
vn -0.008770721964538097 -0.029296252876520157 0.9995322823524475 
vn -0.06786210834980011 -0.8574596643447876 0.5100564956665039 
vn -0.06786210834980011 -0.8574596643447876 0.5100564956665039 
vn -0.06786210834980011 -0.8574596643447876 0.5100564956665039 
vn 0.5923439860343933 -0.8050186634063721 -0.03276457265019417 
vn 0.5923439860343933 -0.8050186634063721 -0.03276457265019417 
vn 0.5923439860343933 -0.8050186634063721 -0.03276457265019417 
vn 0.010758893564343452 -0.037813588976860046 0.9992268681526184 
vn 0.010758893564343452 -0.037813588976860046 0.9992268681526184 
vn 0.010758893564343452 -0.037813588976860046 0.9992268681526184 
vn 0.0697515681385994 -0.9115310907363892 0.405272513628006 
vn 0.0697515681385994 -0.9115310907363892 0.405272513628006 
vn 0.0697515681385994 -0.9115310907363892 0.405272513628006 
vn -0.8910505175590515 -0.09036639332771301 0.44481781125068665 
vn -0.8910505175590515 -0.09036639332771301 0.44481781125068665 
vn -0.8910505175590515 -0.09036639332771301 0.44481781125068665 
vn -0.2629832625389099 -0.9583719372749329 0.1111890971660614 
vn -0.2629832625389099 -0.9583719372749329 0.1111890971660614 
vn -0.2629832625389099 -0.9583719372749329 0.1111890971660614 
vn -0.12541215121746063 -0.03682433068752289 0.991421103477478 
vn -0.12541215121746063 -0.03682433068752289 0.991421103477478 
vn -0.12541215121746063 -0.03682433068752289 0.991421103477478 
vn -0.9195176959037781 -0.13532495498657227 0.3690181374549866 
vn -0.9195176959037781 -0.13532495498657227 0.3690181374549866 
vn -0.9195176959037781 -0.13532495498657227 0.3690181374549866 
vn -0.021631285548210144 -0.06181865930557251 0.9978529810905457 
vn -0.021631285548210144 -0.06181865930557251 0.9978529810905457 
vn -0.021631285548210144 -0.06181865930557251 0.9978529810905457 
vn -0.0631038025021553 -0.124260313808918 0.9902410507202148 
vn -0.0631038025021553 -0.124260313808918 0.9902410507202148 
vn -0.0631038025021553 -0.124260313808918 0.9902410507202148 
vn -0.04627411812543869 -0.02460438385605812 0.9986256957054138 
vn -0.04627411812543869 -0.02460438385605812 0.9986256957054138 
vn -0.04627411812543869 -0.02460438385605812 0.9986256957054138 
vn 0.9996837377548218 0.02265242673456669 0.010923261754214764 
vn 0.9996837377548218 0.02265242673456669 0.010923261754214764 
vn 0.9996837377548218 0.02265242673456669 0.010923261754214764 
vn 0.9651932716369629 -0.11295562982559204 0.23588760197162628 
vn 0.9651932716369629 -0.11295562982559204 0.23588760197162628 
vn 0.9651932716369629 -0.11295562982559204 0.23588760197162628 
vn 0.99945467710495 -0.02264723740518093 -0.024029340595006943 
vn 0.99945467710495 -0.02264723740518093 -0.024029340595006943 
vn 0.99945467710495 -0.02264723740518093 -0.024029340595006943 
vn 0.9995414018630981 0.0302029550075531 0.002184694167226553 
vn 0.9995414018630981 0.0302029550075531 0.002184694167226553 
vn 0.9995414018630981 0.0302029550075531 0.002184694167226553 
vn 0.05627940595149994 0.0723077803850174 -0.9957932829856873 
vn 0.05627940595149994 0.0723077803850174 -0.9957932829856873 
vn 0.05627940595149994 0.0723077803850174 -0.9957932829856873 
vn 0.29351720213890076 0.04496518522500992 0.9548956751823425 
vn 0.29351720213890076 0.04496518522500992 0.9548956751823425 
vn 0.29351720213890076 0.04496518522500992 0.9548956751823425 
vn -0.8730847835540771 0.015113778412342072 -0.48733407258987427 
vn -0.8730847835540771 0.015113778412342072 -0.48733407258987427 
vn -0.8730847835540771 0.015113778412342072 -0.48733407258987427 
vn 0.8532801270484924 0.29629114270210266 0.42909738421440125 
vn 0.8532801270484924 0.29629114270210266 0.42909738421440125 
vn 0.8532801270484924 0.29629114270210266 0.42909738421440125 
vn 0.511047899723053 0.030114492401480675 0.8590245246887207 
vn 0.511047899723053 0.030114492401480675 0.8590245246887207 
vn 0.511047899723053 0.030114492401480675 0.8590245246887207 
vn -2.417389849223e-14 0.23376400768756866 0.9722933769226074 
vn -2.417389849223e-14 0.23376400768756866 0.9722933769226074 
vn -2.417389849223e-14 0.23376400768756866 0.9722933769226074 
vn 0.9178624749183655 0.13543637096881866 -0.37307560443878174 
vn 0.9178624749183655 0.13543637096881866 -0.37307560443878174 
vn 0.9178624749183655 0.13543637096881866 -0.37307560443878174 
vn 0.0056329527869820595 0.3669435381889343 0.9302261471748352 
vn 0.0056329527869820595 0.3669435381889343 0.9302261471748352 
vn 0.0056329527869820595 0.3669435381889343 0.9302261471748352 
vn 0.9210789203643799 -0.33301323652267456 -0.2017817199230194 
vn 0.9210789203643799 -0.33301323652267456 -0.2017817199230194 
vn 0.9210789203643799 -0.33301323652267456 -0.2017817199230194 
vn 0.12203799933195114 0 -0.9925254583358765 
vn 0.12203799933195114 0 -0.9925254583358765 
vn 0.12203799933195114 0 -0.9925254583358765 
vn 0.999484121799469 -0.030201226472854614 -0.010923261754214764 
vn 0.999484121799469 -0.030201226472854614 -0.010923261754214764 
vn 0.999484121799469 -0.030201226472854614 -0.010923261754214764 
vn -0.002184688812121749 0.0037839922588318586 -0.9999904632568359 
vn -0.002184688812121749 0.0037839922588318586 -0.9999904632568359 
vn -0.002184688812121749 0.0037839922588318586 -0.9999904632568359 
vn 0.02265242673456669 0.9996837377548218 -0.010923261754214764 
vn 0.02265242673456669 0.9996837377548218 -0.010923261754214764 
vn 0.02265242673456669 0.9996837377548218 -0.010923261754214764 
vn 0.9984372854232788 -0.0452716089785099 -0.03276457265019417 
vn 0.9984372854232788 -0.0452716089785099 -0.03276457265019417 
vn 0.9984372854232788 -0.0452716089785099 -0.03276457265019417 
vn 0.022651128470897675 0.9996264576911926 0.0152922747656703 
vn 0.022651128470897675 0.9996264576911926 0.0152922747656703 
vn 0.022651128470897675 0.9996264576911926 0.0152922747656703 
vn -0.9905836582183838 0.13548985123634338 0.01966099627315998 
vn -0.9905836582183838 0.13548985123634338 0.01966099627315998 
vn -0.9905836582183838 0.13548985123634338 0.01966099627315998 
vn -0.9976887702941895 0.06791467219591141 -0.002184694167226553 
vn -0.9976887702941895 0.06791467219591141 -0.002184694167226553 
vn -0.9976887702941895 0.06791467219591141 -0.002184694167226553 
vn -0.018906936049461365 0.23299814760684967 -0.9722933769226074 
vn -0.018906936049461365 0.23299814760684967 -0.9722933769226074 
vn -0.018906936049461365 0.23299814760684967 -0.9722933769226074 
vn -0.03773028776049614 0.9987506866455078 -0.03276457265019417 
vn -0.03773028776049614 0.9987506866455078 -0.03276457265019417 
vn -0.03773028776049614 0.9987506866455078 -0.03276457265019417 
vn 0.015102911740541458 0.9998644590377808 0.006554040592163801 
vn 0.015102911740541458 0.9998644590377808 0.006554040592163801 
vn 0.015102911740541458 0.9998644590377808 0.006554040592163801 
vn 0.01636994630098343 0.030876992270350456 -0.999389111995697 
vn 0.01636994630098343 0.030876992270350456 -0.999389111995697 
vn 0.01636994630098343 0.030876992270350456 -0.999389111995697 
vn 0.015102912671864033 0.9950567483901978 0.0981530249118805 
vn 0.015102912671864033 0.9950567483901978 0.0981530249118805 
vn 0.015102912671864033 0.9950567483901978 0.0981530249118805 
vn 0.015103200450539589 0.9998835325241089 -0.002184694167226553 
vn 0.015103200450539589 0.9998835325241089 -0.002184694167226553 
vn 0.015103200450539589 0.9998835325241089 -0.002184694167226553 
vn 0.08958975225687027 0.1123420000076294 -0.9896226525306702 
vn 0.08958975225687027 0.1123420000076294 -0.9896226525306702 
vn 0.08958975225687027 0.1123420000076294 -0.9896226525306702 
vn -0.002184688812121749 0.0037839922588318586 -0.9999904632568359 
vn -0.002184688812121749 0.0037839922588318586 -0.9999904632568359 
vn -0.002184688812121749 0.0037839922588318586 -0.9999904632568359 
vn -0.9933987855911255 0.11301462352275848 -0.01966099627315998 
vn -0.9933987855911255 0.11301462352275848 -0.01966099627315998 
vn -0.9933987855911255 0.11301462352275848 -0.01966099627315998 
vn 0.015102911740541458 0.9998644590377808 0.006554040592163801 
vn 0.015102911740541458 0.9998644590377808 0.006554040592163801 
vn 0.015102911740541458 0.9998644590377808 0.006554040592163801 
vn -0.9892991185188293 0.0037764154840260744 -0.1458524912595749 
vn -0.9892991185188293 0.0037764154840260744 -0.1458524912595749 
vn -0.9892991185188293 0.0037764154840260744 -0.1458524912595749 
vn -0.12305848300457001 0.1732032597064972 0.9771679639816284 
vn -0.12305848300457001 0.1732032597064972 0.9771679639816284 
vn -0.12305848300457001 0.1732032597064972 0.9771679639816284 
vn -0.9315111041069031 0.04528968408703804 -0.36088213324546814 
vn -0.9315111041069031 0.04528968408703804 -0.36088213324546814 
vn -0.9315111041069031 0.04528968408703804 -0.36088213324546814 
vn -0.9874297380447388 0.1579226851463318 0.006554040592163801 
vn -0.9874297380447388 0.1579226851463318 0.006554040592163801 
vn -0.9874297380447388 0.1579226851463318 0.006554040592163801 
vn -0.007551815826445818 -0.9999691247940063 0.002184694167226553 
vn -0.007551815826445818 -0.9999691247940063 0.002184694167226553 
vn -0.007551815826445818 -0.9999691247940063 0.002184694167226553 
vn -0.020514793694019318 0.18565037846565247 0.9824016690254211 
vn -0.020514793694019318 0.18565037846565247 0.9824016690254211 
vn -0.020514793694019318 0.18565037846565247 0.9824016690254211 
vn -0.1296490877866745 -0.21952150762081146 -0.9669547080993652 
vn -0.1296490877866745 -0.21952150762081146 -0.9669547080993652 
vn -0.1296490877866745 -0.21952150762081146 -0.9669547080993652 
vn 0.9050551056861877 -0.23144395649433136 0.3568037748336792 
vn 0.9050551056861877 -0.23144395649433136 0.3568037748336792 
vn 0.9050551056861877 -0.23144395649433136 0.3568037748336792 
vn 0.015155431814491749 -0.08595072478055954 -0.9961841106414795 
vn 0.015155431814491749 -0.08595072478055954 -0.9961841106414795 
vn 0.015155431814491749 -0.08595072478055954 -0.9961841106414795 
vn 0.9994345903396606 -0.007547779008746147 -0.03276457265019417 
vn 0.9994345903396606 -0.007547779008746147 -0.03276457265019417 
vn 0.9994345903396606 -0.007547779008746147 -0.03276457265019417 
vn 0.9991101026535034 -0.007545328699052334 -0.04149730131030083 
vn 0.9991101026535034 -0.007545328699052334 -0.04149730131030083 
vn 0.9991101026535034 -0.007545328699052334 -0.04149730131030083 
vn 0.030202379450201988 -0.99952232837677 0.006554040592163801 
vn 0.030202379450201988 -0.99952232837677 0.006554040592163801 
vn 0.030202379450201988 -0.99952232837677 0.006554040592163801 
vn 0.9960022568702698 -0.052828334271907806 0.07203252613544464 
vn 0.9960022568702698 -0.052828334271907806 0.07203252613544464 
vn 0.9960022568702698 -0.052828334271907806 0.07203252613544464 
vn -0.9103379249572754 -0.022642485797405243 0.41324591636657715 
vn -0.9103379249572754 -0.022642485797405243 0.41324591636657715 
vn -0.9103379249572754 -0.022642485797405243 0.41324591636657715 
vn 0.022653724998235703 -0.9997409582138062 0.002184694167226553 
vn 0.022653724998235703 -0.9997409582138062 0.002184694167226553 
vn 0.022653724998235703 -0.9997409582138062 0.002184694167226553 
vn -0.9737972617149353 -0.0037722436245530844 0.22738653421401978 
vn -0.9737972617149353 -0.0037722436245530844 0.22738653421401978 
vn -0.9737972617149353 -0.0037722436245530844 0.22738653421401978 
vn -0.188493549823761 -0.27102982997894287 -0.9439348578453064 
vn -0.188493549823761 -0.27102982997894287 -0.9439348578453064 
vn -0.188493549823761 -0.27102982997894287 -0.9439348578453064 
vn -0.0038081351667642593 -0.06538315862417221 -0.9978529810905457 
vn -0.0038081351667642593 -0.06538315862417221 -0.9978529810905457 
vn -0.0038081351667642593 -0.06538315862417221 -0.9978529810905457 
vn -0.8971672058105469 -0.02641959674656391 0.4409002661705017 
vn -0.8971672058105469 -0.02641959674656391 0.4409002661705017 
vn -0.8971672058105469 -0.02641959674656391 0.4409002661705017 
vn 0.9991964101791382 0.0150928208604455 -0.03713129088282585 
vn 0.9991964101791382 0.0150928208604455 -0.03713129088282585 
vn 0.9991964101791382 0.0150928208604455 -0.03713129088282585 
vn -0.002184688812121749 -0.0037839922588318586 -0.9999904632568359 
vn -0.002184688812121749 -0.0037839922588318586 -0.9999904632568359 
vn -0.002184688812121749 -0.0037839922588318586 -0.9999904632568359 
vn 0.9049641489982605 -0.06033879145979881 -0.42118772864341736 
vn 0.9049641489982605 -0.06033879145979881 -0.42118772864341736 
vn 0.9049641489982605 -0.06033879145979881 -0.42118772864341736 
vn -0.05189759284257889 -0.07017017900943756 0.9961841106414795 
vn -0.05189759284257889 -0.07017017900943756 0.9961841106414795 
vn -0.05189759284257889 -0.07017017900943756 0.9961841106414795 
vn -0.035805825144052505 0.8549013137817383 0.5175535082817078 
vn -0.035805825144052505 0.8549013137817383 0.5175535082817078 
vn -0.035805825144052505 0.8549013137817383 0.5175535082817078 
vn 0.6953122019767761 0.4827638864517212 -0.5324283838272095 
vn 0.6953122019767761 0.4827638864517212 -0.5324283838272095 
vn 0.6953122019767761 0.4827638864517212 -0.5324283838272095 
vn 0.9995972514152527 -0.015098875388503075 0.024029340595006943 
vn 0.9995972514152527 -0.015098875388503075 0.024029340595006943 
vn 0.9995972514152527 -0.015098875388503075 0.024029340595006943 
vn 0.022653724998235703 -0.9997409582138062 -0.002184694167226553 
vn 0.022653724998235703 -0.9997409582138062 -0.002184694167226553 
vn 0.022653724998235703 -0.9997409582138062 -0.002184694167226553 
vn 0.2843002676963806 -0.007507253438234329 0.9587059020996094 
vn 0.2843002676963806 -0.007507253438234329 0.9587059020996094 
vn 0.2843002676963806 -0.007507253438234329 0.9587059020996094 
vn -0.009441155940294266 -0.9989031553268433 0.04586252197623253 
vn -0.009441155940294266 -0.9989031553268433 0.04586252197623253 
vn -0.009441155940294266 -0.9989031553268433 0.04586252197623253 
vn 0.0037933827843517065 -0.02151334285736084 -0.9997613430023193 
vn 0.0037933827843517065 -0.02151334285736084 -0.9997613430023193 
vn 0.0037933827843517065 -0.02151334285736084 -0.9997613430023193 
vn 0.36827176809310913 0.045302823185920715 -0.9286137819290161 
vn 0.36827176809310913 0.045302823185920715 -0.9286137819290161 
vn 0.36827176809310913 0.045302823185920715 -0.9286137819290161 
vn -0.07919614017009735 -0.9942531585693359 0.07203252613544464 
vn -0.07919614017009735 -0.9942531585693359 0.07203252613544464 
vn -0.07919614017009735 -0.9942531585693359 0.07203252613544464 
vn -0.940994918346405 -0.03772711753845215 0.3363112509250641 
vn -0.940994918346405 -0.03772711753845215 0.3363112509250641 
vn -0.940994918346405 -0.03772711753845215 0.3363112509250641 
vn 0.007549653295427561 -0.9996827244758606 0.024029340595006943 
vn 0.007549653295427561 -0.9996827244758606 0.024029340595006943 
vn 0.007549653295427561 -0.9996827244758606 0.024029340595006943 
vn 0.013060426339507103 -0.16475820541381836 0.9862475395202637 
vn 0.013060426339507103 -0.16475820541381836 0.9862475395202637 
vn 0.013060426339507103 -0.16475820541381836 0.9862475395202637 
vn -0.9810911417007446 -0.011318208649754524 0.19321508705615997 
vn -0.9810911417007446 -0.011318208649754524 0.19321508705615997 
vn -0.9810911417007446 -0.011318208649754524 0.19321508705615997 
vn -0.9970902800559998 -0.07544279098510742 0.010923261754214764 
vn -0.9970902800559998 -0.07544279098510742 0.010923261754214764 
vn -0.9970902800559998 -0.07544279098510742 0.010923261754214764 
vn 0.9062899351119995 -0.318266361951828 0.2781098484992981 
vn 0.9062899351119995 -0.318266361951828 0.2781098484992981 
vn 0.9062899351119995 -0.318266361951828 0.2781098484992981 
vn 0.1336362212896347 -0.9897568225860596 0.05022686347365379 
vn 0.1336362212896347 -0.9897568225860596 0.05022686347365379 
vn 0.1336362212896347 -0.9897568225860596 0.05022686347365379 
vn -0.016986047849059105 -0.9983643293380737 -0.05459024757146835 
vn -0.016986047849059105 -0.9983643293380737 -0.05459024757146835 
vn -0.016986047849059105 -0.9983643293380737 -0.05459024757146835 
vn -0.9997409582138062 -0.022653724998235703 0.002184694167226553 
vn -0.9997409582138062 -0.022653724998235703 0.002184694167226553 
vn -0.9997409582138062 -0.022653724998235703 0.002184694167226553 
vn 0.021658483892679214 -0.014766504056751728 -0.9996563792228699 
vn 0.021658483892679214 -0.014766504056751728 -0.9996563792228699 
vn 0.021658483892679214 -0.014766504056751728 -0.9996563792228699 
vn 0.12309356778860092 -0.14048093557357788 -0.9824016690254211 
vn 0.12309356778860092 -0.14048093557357788 -0.9824016690254211 
vn 0.12309356778860092 -0.14048093557357788 -0.9824016690254211 
vn 0.14297764003276825 -0.9896077513694763 -0.0152922747656703 
vn 0.14297764003276825 -0.9896077513694763 -0.0152922747656703 
vn 0.14297764003276825 -0.9896077513694763 -0.0152922747656703 
vn -0.011327626183629036 -0.9927250742912292 -0.11986933648586273 
vn -0.011327626183629036 -0.9927250742912292 -0.11986933648586273 
vn -0.011327626183629036 -0.9927250742912292 -0.11986933648586273 
vn -0.9817638397216797 0.04527854546904564 -0.18463370203971863 
vn -0.9817638397216797 0.04527854546904564 -0.18463370203971863 
vn -0.9817638397216797 0.04527854546904564 -0.18463370203971863 
vn -0.6163417100906372 0.0075640301220119 -0.7874425053596497 
vn -0.6163417100906372 0.0075640301220119 -0.7874425053596497 
vn -0.6163417100906372 0.0075640301220119 -0.7874425053596497 
vn 0.04580574482679367 -0.014496107585728168 0.9988451600074768 
vn 0.04580574482679367 -0.014496107585728168 0.9988451600074768 
vn 0.04580574482679367 -0.014496107585728168 0.9988451600074768 
vn -0.3768438398838043 -0.39414775371551514 0.838234007358551 
vn -0.3768438398838043 -0.39414775371551514 0.838234007358551 
vn -0.3768438398838043 -0.39414775371551514 0.838234007358551 
vn -0.46274614334106445 -0.7964692711830139 0.3892335295677185 
vn -0.46274614334106445 -0.7964692711830139 0.3892335295677185 
vn -0.46274614334106445 -0.7964692711830139 0.3892335295677185 
vn -0.02265329100191593 -0.999721884727478 0.006554040592163801 
vn -0.02265329100191593 -0.999721884727478 0.006554040592163801 
vn -0.02265329100191593 -0.999721884727478 0.006554040592163801 
vn 0.19178472459316254 0.03719445690512657 0.9807319641113281 
vn 0.19178472459316254 0.03719445690512657 0.9807319641113281 
vn 0.19178472459316254 0.03719445690512657 0.9807319641113281 
vn -0.03516595810651779 -0.1348557472229004 0.9902410507202148 
vn -0.03516595810651779 -0.1348557472229004 0.9902410507202148 
vn -0.03516595810651779 -0.1348557472229004 0.9902410507202148 
vn -0.995983898639679 0.003774415934458375 -0.08945280313491821 
vn -0.995983898639679 0.003774415934458375 -0.08945280313491821 
vn -0.995983898639679 0.003774415934458375 -0.08945280313491821 
vn -0.999265730381012 -0.037749744951725006 0.006554040592163801 
vn -0.999265730381012 -0.037749744951725006 0.006554040592163801 
vn -0.999265730381012 -0.037749744951725006 0.006554040592163801 
vn -0.2613702118396759 -0.3277478814125061 0.9078915119171143 
vn -0.2613702118396759 -0.3277478814125061 0.9078915119171143 
vn -0.2613702118396759 -0.3277478814125061 0.9078915119171143 
vn 0.14280565083026886 -0.8678576350212097 0.4758462607860565 
vn 0.14280565083026886 -0.8678576350212097 0.4758462607860565 
vn 0.14280565083026886 -0.8678576350212097 0.4758462607860565 
vn 0.06549396365880966 0 0.9978529810905457 
vn 0.06549396365880966 0 0.9978529810905457 
vn 0.06549396365880966 0 0.9978529810905457 
vn 0.05413088575005531 -0.028410080820322037 0.9981296062469482 
vn 0.05413088575005531 -0.028410080820322037 0.9981296062469482 
vn 0.05413088575005531 -0.028410080820322037 0.9981296062469482 
vn 0.9535396695137024 0.20242375135421753 -0.22312943637371063 
vn 0.9535396695137024 0.20242375135421753 -0.22312943637371063 
vn 0.9535396695137024 0.20242375135421753 -0.22312943637371063 
vn -0.13551314175128937 -0.9907538890838623 0.006554040592163801 
vn -0.13551314175128937 -0.9907538890838623 0.006554040592163801 
vn -0.13551314175128937 -0.9907538890838623 0.006554040592163801 
vn -0.9485043883323669 -0.026443731039762497 -0.31565824151039124 
vn -0.9485043883323669 -0.026443731039762497 -0.31565824151039124 
vn -0.9485043883323669 -0.026443731039762497 -0.31565824151039124 
vn -0.007550950627774 -0.999854564666748 0.0152922747656703 
vn -0.007550950627774 -0.999854564666748 0.0152922747656703 
vn -0.007550950627774 -0.999854564666748 0.0152922747656703 
vn -0.9994826912879944 -0.015097145922482014 0.028397228568792343 
vn -0.9994826912879944 -0.015097145922482014 0.028397228568792343 
vn -0.9994826912879944 -0.015097145922482014 0.028397228568792343 
vn 0.999265730381012 0.037749744951725006 -0.006554040592163801 
vn 0.999265730381012 0.037749744951725006 -0.006554040592163801 
vn 0.999265730381012 0.037749744951725006 -0.006554040592163801 
vn 0.02265329100191593 0.999721884727478 0.006554040592163801 
vn 0.02265329100191593 0.999721884727478 0.006554040592163801 
vn 0.02265329100191593 0.999721884727478 0.006554040592163801 
vn -0.28736746311187744 0.05596480518579483 0.9561840295791626 
vn -0.28736746311187744 0.05596480518579483 0.9561840295791626 
vn -0.28736746311187744 0.05596480518579483 0.9561840295791626 
vn 0.0075516714714467525 0.9999499917030334 -0.006554040592163801 
vn 0.0075516714714467525 0.9999499917030334 -0.006554040592163801 
vn 0.0075516714714467525 0.9999499917030334 -0.006554040592163801 
vn -0.0017888620495796204 0.026152238249778748 0.9996563792228699 
vn -0.0017888620495796204 0.026152238249778748 0.9996563792228699 
vn -0.0017888620495796204 0.026152238249778748 0.9996563792228699 
vn -0.21543797850608826 0.9535966515541077 -0.2103329300880432 
vn -0.21543797850608826 0.9535966515541077 -0.2103329300880432 
vn -0.21543797850608826 0.9535966515541077 -0.2103329300880432 
vn 0.02732815593481064 -0.013724715448915958 0.9995322823524475 
vn 0.02732815593481064 -0.013724715448915958 0.9995322823524475 
vn 0.02732815593481064 -0.013724715448915958 0.9995322823524475 
vn 0.0018879338167607784 0.9963706135749817 -0.08510008454322815 
vn 0.0018879338167607784 0.9963706135749817 -0.08510008454322815 
vn 0.0018879338167607784 0.9963706135749817 -0.08510008454322815 
vn -0.017083996906876564 0.09444595128297806 -0.9953833818435669 
vn -0.017083996906876564 0.09444595128297806 -0.9953833818435669 
vn -0.017083996906876564 0.09444595128297806 -0.9953833818435669 
vn -0.99945467710495 -0.02264723740518093 0.024029340595006943 
vn -0.99945467710495 -0.02264723740518093 0.024029340595006943 
vn -0.99945467710495 -0.02264723740518093 0.024029340595006943 
vn -0.0018882581498473883 0.998945951461792 -0.04586252197623253 
vn -0.0018882581498473883 0.998945951461792 -0.04586252197623253 
vn -0.0018882581498473883 0.998945951461792 -0.04586252197623253 
vn -0.9849507808685303 0.17282135784626007 -0.002184694167226553 
vn -0.9849507808685303 0.17282135784626007 -0.002184694167226553 
vn -0.9849507808685303 0.17282135784626007 -0.002184694167226553 
vn -0.010799530893564224 -0.03323753923177719 0.999389111995697 
vn -0.010799530893564224 -0.03323753923177719 0.999389111995697 
vn -0.010799530893564224 -0.03323753923177719 0.999389111995697 
vn -0.7959827780723572 0.32001689076423645 0.5138099193572998 
vn -0.7959827780723572 0.32001689076423645 0.5138099193572998 
vn -0.7959827780723572 0.32001689076423645 0.5138099193572998 
vn 0.9988545179367065 -0.03018219955265522 0.03713129088282585 
vn 0.9988545179367065 -0.03018219955265522 0.03713129088282585 
vn 0.9988545179367065 -0.03018219955265522 0.03713129088282585 
vn -0.9175475239753723 0.2572552263736725 0.30319350957870483 
vn -0.9175475239753723 0.2572552263736725 0.30319350957870483 
vn -0.9175475239753723 0.2572552263736725 0.30319350957870483 
vn -0.026399319991469383 -0.7463700175285339 0.6650074124336243 
vn -0.026399319991469383 -0.7463700175285339 0.6650074124336243 
vn -0.026399319991469383 -0.7463700175285339 0.6650074124336243 
vn -0.9980841279029846 -0.041529733687639236 0.04586252197623253 
vn -0.9980841279029846 -0.041529733687639236 0.04586252197623253 
vn -0.9980841279029846 -0.041529733687639236 0.04586252197623253 
vn -0.980800986289978 -0.026406550779938698 0.19321508705615997 
vn -0.980800986289978 -0.026406550779938698 0.19321508705615997 
vn -0.980800986289978 -0.026406550779938698 0.19321508705615997 
vn -0.37868306040763855 0.018779851496219635 0.9253358840942383 
vn -0.37868306040763855 0.018779851496219635 0.9253358840942383 
vn -0.37868306040763855 0.018779851496219635 0.9253358840942383 
vn -0.9157842397689819 0.26818305253982544 0.2990269064903259 
vn -0.9157842397689819 0.26818305253982544 0.2990269064903259 
vn -0.9157842397689819 0.26818305253982544 0.2990269064903259 
vn 0.259857177734375 -0.6876388192176819 0.677958071231842 
vn 0.259857177734375 -0.6876388192176819 0.677958071231842 
vn 0.259857177734375 -0.6876388192176819 0.677958071231842 
vn 0.005310330539941788 -0.030116379261016846 0.9995322823524475 
vn 0.005310330539941788 -0.030116379261016846 0.9995322823524475 
vn 0.005310330539941788 -0.030116379261016846 0.9995322823524475 
vn 0.012112504802644253 -0.028079941868782043 0.9995322823524475 
vn 0.012112504802644253 -0.028079941868782043 0.9995322823524475 
vn 0.012112504802644253 -0.028079941868782043 0.9995322823524475 
vn -0.7281749248504639 -0.037658996880054474 0.6843559741973877 
vn -0.7281749248504639 -0.037658996880054474 0.6843559741973877 
vn -0.7281749248504639 -0.037658996880054474 0.6843559741973877 
vn -0.6977410912513733 -0.3180825114250183 0.641857385635376 
vn -0.6977410912513733 -0.3180825114250183 0.641857385635376 
vn -0.6977410912513733 -0.3180825114250183 0.641857385635376 
vn 0.9935315847396851 0.11302972584962845 0.010923261754214764 
vn 0.9935315847396851 0.11302972584962845 0.010923261754214764 
vn 0.9935315847396851 0.11302972584962845 0.010923261754214764 
vn 0.00948038138449192 0.12166920304298401 -0.9925254583358765 
vn 0.00948038138449192 0.12166920304298401 -0.9925254583358765 
vn 0.00948038138449192 0.12166920304298401 -0.9925254583358765 
vn 0.99952232837677 0.030202379450201988 0.006554040592163801 
vn 0.99952232837677 0.030202379450201988 0.006554040592163801 
vn 0.99952232837677 0.030202379450201988 0.006554040592163801 
vn 0.8043093085289001 0.022667990997433662 -0.5937783122062683 
vn 0.8043093085289001 0.022667990997433662 -0.5937783122062683 
vn 0.8043093085289001 0.022667990997433662 -0.5937783122062683 
vn -0.9980588555335999 0.060371436178684235 0.0152922747656703 
vn -0.9980588555335999 0.060371436178684235 0.0152922747656703 
vn -0.9980588555335999 0.060371436178684235 0.0152922747656703 
vn 0.04148964211344719 0.8613626956939697 0.5062933564186096 
vn 0.04148964211344719 0.8613626956939697 0.5062933564186096 
vn 0.04148964211344719 0.8613626956939697 0.5062933564186096 
vn 0.0075516714714467525 0.9999499917030334 -0.006554040592163801 
vn 0.0075516714714467525 0.9999499917030334 -0.006554040592163801 
vn 0.0075516714714467525 0.9999499917030334 -0.006554040592163801 
vn -0.02264723740518093 0.99945467710495 0.024029340595006943 
vn -0.02264723740518093 0.99945467710495 0.024029340595006943 
vn -0.02264723740518093 0.99945467710495 0.024029340595006943 
vn -0.007439630106091499 0.10876353830099106 0.9940398335456848 
vn -0.007439630106091499 0.10876353830099106 0.9940398335456848 
vn -0.007439630106091499 0.10876353830099106 0.9940398335456848 
vn 0.9943568110466003 0.10552351921796799 0.010923261754214764 
vn 0.9943568110466003 0.10552351921796799 0.010923261754214764 
vn 0.9943568110466003 0.10552351921796799 0.010923261754214764 
vn 0.9926496744155884 0.12052948772907257 0.010923261754214764 
vn 0.9926496744155884 0.12052948772907257 0.010923261754214764 
vn 0.9926496744155884 0.12052948772907257 0.010923261754214764 
vn 0.8220875263214111 0.06792061030864716 -0.5652954578399658 
vn 0.8220875263214111 0.06792061030864716 -0.5652954578399658 
vn 0.8220875263214111 0.06792061030864716 -0.5652954578399658 
vn -0.995894193649292 0.0904986634850502 -0.002184694167226553 
vn -0.995894193649292 0.0904986634850502 -0.002184694167226553 
vn -0.995894193649292 0.0904986634850502 -0.002184694167226553 
vn 0.007467308547347784 0.10440661758184433 0.9945066571235657 
vn 0.007467308547347784 0.10440661758184433 0.9945066571235657 
vn 0.007467308547347784 0.10440661758184433 0.9945066571235657 
vn 0.9964263439178467 0.06791061162948608 0.05022686347365379 
vn 0.9964263439178467 0.06791061162948608 0.05022686347365379 
vn 0.9964263439178467 0.06791061162948608 0.05022686347365379 
vn -0.9643692970275879 0.04152777045965195 -0.2612801790237427 
vn -0.9643692970275879 0.04152777045965195 -0.2612801790237427 
vn -0.9643692970275879 0.04152777045965195 -0.2612801790237427 
vn 0.045294955372810364 0.9989521503448486 0.006554040592163801 
vn 0.045294955372810364 0.9989521503448486 0.006554040592163801 
vn 0.045294955372810364 0.9989521503448486 0.006554040592163801 
vn -0.002184688812121749 0.0037839922588318586 -0.9999904632568359 
vn -0.002184688812121749 0.0037839922588318586 -0.9999904632568359 
vn -0.002184688812121749 0.0037839922588318586 -0.9999904632568359 
vn 0.30357685685157776 0.5559594631195068 0.7737894654273987 
vn 0.30357685685157776 0.5559594631195068 0.7737894654273987 
vn 0.30357685685157776 0.5559594631195068 0.7737894654273987 
vn 0.952181339263916 0.03774188831448555 -0.30319350957870483 
vn 0.952181339263916 0.03774188831448555 -0.30319350957870483 
vn 0.952181339263916 0.03774188831448555 -0.30319350957870483 
vn -0.017083996906876564 0.09444595128297806 -0.9953833818435669 
vn -0.017083996906876564 0.09444595128297806 -0.9953833818435669 
vn -0.017083996906876564 0.09444595128297806 -0.9953833818435669 
vn -1.0341130485562108e-13 0.999997615814209 0.002184694167226553 
vn -1.0341130485562108e-13 0.999997615814209 0.002184694167226553 
vn -1.0341130485562108e-13 0.999997615814209 0.002184694167226553 
vn -0.017083996906876564 0.09444595128297806 -0.9953833818435669 
vn -0.017083996906876564 0.09444595128297806 -0.9953833818435669 
vn -0.017083996906876564 0.09444595128297806 -0.9953833818435669 
vn -0.06790170073509216 0.9974982738494873 0.01966099627315998 
vn -0.06790170073509216 0.9974982738494873 0.01966099627315998 
vn -0.06790170073509216 0.9974982738494873 0.01966099627315998 
vn -0.978538990020752 0.07161982357501984 0.19321508705615997 
vn -0.978538990020752 0.07161982357501984 0.19321508705615997 
vn -0.978538990020752 0.07161982357501984 0.19321508705615997 
vn -0.68584144115448 0.7192068696022034 0.1111890971660614 
vn -0.68584144115448 0.7192068696022034 0.1111890971660614 
vn -0.68584144115448 0.7192068696022034 0.1111890971660614 
vn -0.6610677242279053 0.6917344927787781 0.29067665338516235 
vn -0.6610677242279053 0.6917344927787781 0.29067665338516235 
vn -0.6610677242279053 0.6917344927787781 0.29067665338516235 
vn -0.8784769177436829 0.33937153220176697 0.3363112509250641 
vn -0.8784769177436829 0.33937153220176697 0.3363112509250641 
vn -0.8784769177436829 0.33937153220176697 0.3363112509250641 
vn -0.8587769269943237 0.493637353181839 0.1372016966342926 
vn -0.8587769269943237 0.493637353181839 0.1372016966342926 
vn -0.8587769269943237 0.493637353181839 0.1372016966342926 
vn -0.9293915629386902 -0.007544790394604206 0.3690181374549866 
vn -0.9293915629386902 -0.007544790394604206 0.3690181374549866 
vn -0.9293915629386902 -0.007544790394604206 0.3690181374549866 
vn -0.9320753812789917 0.3008647859096527 -0.2017817199230194 
vn -0.9320753812789917 0.3008647859096527 -0.2017817199230194 
vn -0.9320753812789917 0.3008647859096527 -0.2017817199230194 
vn -0.869641125202179 0.40205222368240356 0.2864931523799896 
vn -0.869641125202179 0.40205222368240356 0.2864931523799896 
vn -0.869641125202179 0.40205222368240356 0.2864931523799896 
vn -0.20092815160751343 0.5379743576049805 0.8186644315719604 
vn -0.20092815160751343 0.5379743576049805 0.8186644315719604 
vn -0.20092815160751343 0.5379743576049805 0.8186644315719604 
vn -0.8510870933532715 -0.003771207993850112 0.5250110030174255 
vn -0.8510870933532715 -0.003771207993850112 0.5250110030174255 
vn -0.8510870933532715 -0.003771207993850112 0.5250110030174255 
vn -0.3237520456314087 0.8962467908859253 0.30319350957870483 
vn -0.3237520456314087 0.8962467908859253 0.30319350957870483 
vn -0.3237520456314087 0.8962467908859253 0.30319350957870483 
vn -0.9701054692268372 -0.23910951614379883 0.04149730131030083 
vn -0.9701054692268372 -0.23910951614379883 0.04149730131030083 
vn -0.9701054692268372 -0.23910951614379883 0.04149730131030083 
vn -0.8692665696144104 0.44736528396606445 -0.2103329300880432 
vn -0.8692665696144104 0.44736528396606445 -0.2103329300880432 
vn -0.8692665696144104 0.44736528396606445 -0.2103329300880432 
vn 0.7806259989738464 -0.0075577362440526485 -0.6249527335166931 
vn 0.7806259989738464 -0.0075577362440526485 -0.6249527335166931 
vn 0.7806259989738464 -0.0075577362440526485 -0.6249527335166931 
vn 0.025624651461839676 0.07886456698179245 0.9965559244155884 
vn 0.025624651461839676 0.07886456698179245 0.9965559244155884 
vn 0.025624651461839676 0.07886456698179245 0.9965559244155884 
vn 0.015103200450539589 0.9998835325241089 0.002184694167226553 
vn 0.015103200450539589 0.9998835325241089 0.002184694167226553 
vn 0.015103200450539589 0.9998835325241089 0.002184694167226553 
vn -0.9477299451828003 0.13158667087554932 0.29067665338516235 
vn -0.9477299451828003 0.13158667087554932 0.29067665338516235 
vn -0.9477299451828003 0.13158667087554932 0.29067665338516235 
vn -0.03775046393275261 0.9992848038673401 0.002184694167226553 
vn -0.03775046393275261 0.9992848038673401 0.002184694167226553 
vn -0.03775046393275261 0.9992848038673401 0.002184694167226553 
vn -0.9561277031898499 -0.16156375408172607 0.24437066912651062 
vn -0.9561277031898499 -0.16156375408172607 0.24437066912651062 
vn -0.9561277031898499 -0.16156375408172607 0.24437066912651062 
vn -0.11293242871761322 -0.033159952610731125 0.9930492043495178 
vn -0.11293242871761322 -0.033159952610731125 0.9930492043495178 
vn -0.11293242871761322 -0.033159952610731125 0.9930492043495178 
vn -0.7270445823669434 -0.21562251448631287 0.651853621006012 
vn -0.7270445823669434 -0.21562251448631287 0.651853621006012 
vn -0.7270445823669434 -0.21562251448631287 0.651853621006012 
vn -0.7175670266151428 0.6962119340896606 -0.01966099627315998 
vn -0.7175670266151428 0.6962119340896606 -0.01966099627315998 
vn -0.7175670266151428 0.6962119340896606 -0.01966099627315998 
vn 0.09137574583292007 0.4172344207763672 0.9041935205459595 
vn 0.09137574583292007 0.4172344207763672 0.9041935205459595 
vn 0.09137574583292007 0.4172344207763672 0.9041935205459595 
vn 0.009576811455190182 -0.024401316419243813 -0.9996563792228699 
vn 0.009576811455190182 -0.024401316419243813 -0.9996563792228699 
vn 0.009576811455190182 -0.024401316419243813 -0.9996563792228699 
vn 0.029718754813075066 -0.14940626919269562 0.9883291721343994 
vn 0.029718754813075066 -0.14940626919269562 0.9883291721343994 
vn 0.029718754813075066 -0.14940626919269562 0.9883291721343994 
vn 0.020764991641044617 0.9985219240188599 0.05022686347365379 
vn 0.020764991641044617 0.9985219240188599 0.05022686347365379 
vn 0.020764991641044617 0.9985219240188599 0.05022686347365379 
vn -0.8882886171340942 -0.09791611135005951 0.4487268626689911 
vn -0.8882886171340942 -0.09791611135005951 0.4487268626689911 
vn -0.8882886171340942 -0.09791611135005951 0.4487268626689911 
vn -0.04456428810954094 0.04184865206480026 -0.9981296062469482 
vn -0.04456428810954094 0.04184865206480026 -0.9981296062469482 
vn -0.04456428810954094 0.04184865206480026 -0.9981296062469482 
vn -0.9819259643554688 0.011327839456498623 0.18892620503902435 
vn -0.9819259643554688 0.011327839456498623 0.18892620503902435 
vn -0.9819259643554688 0.011327839456498623 0.18892620503902435 
vn 0.03962792083621025 0.9521046876907349 0.30319350957870483 
vn 0.03962792083621025 0.9521046876907349 0.30319350957870483 
vn 0.03962792083621025 0.9521046876907349 0.30319350957870483 
vn -0.7583540678024292 0.4058836102485657 0.5100564956665039 
vn -0.7583540678024292 0.4058836102485657 0.5100564956665039 
vn -0.7583540678024292 0.4058836102485657 0.5100564956665039 
vn -0.0205277930945158 0.007471505552530289 -0.9997613430023193 
vn -0.0205277930945158 0.007471505552530289 -0.9997613430023193 
vn -0.0205277930945158 0.007471505552530289 -0.9997613430023193 
vn -0.999854564666748 -0.007550950627774 -0.0152922747656703 
vn -0.999854564666748 -0.007550950627774 -0.0152922747656703 
vn -0.999854564666748 -0.007550950627774 -0.0152922747656703 
vn -0.8978989124298096 -0.07908167690038681 0.43303996324539185 
vn -0.8978989124298096 -0.07908167690038681 0.43303996324539185 
vn -0.8978989124298096 -0.07908167690038681 0.43303996324539185 
vn -0.5400555729866028 -0.4854225814342499 0.6875353455543518 
vn -0.5400555729866028 -0.4854225814342499 0.6875353455543518 
vn -0.5400555729866028 -0.4854225814342499 0.6875353455543518 
vn -0.5379418134689331 -0.14154170453548431 0.8310141563415527 
vn -0.5379418134689331 -0.14154170453548431 0.8310141563415527 
vn -0.5379418134689331 -0.14154170453548431 0.8310141563415527 
vn -0.838411271572113 -0.11656132340431213 0.5324283838272095 
vn -0.838411271572113 -0.11656132340431213 0.5324283838272095 
vn -0.838411271572113 -0.11656132340431213 0.5324283838272095 
vn -0.6250552535057068 -0.2747162878513336 0.7306414246559143 
vn -0.6250552535057068 -0.2747162878513336 0.7306414246559143 
vn -0.6250552535057068 -0.2747162878513336 0.7306414246559143 
vn 0.99952232837677 -0.030202379450201988 -0.006554040592163801 
vn 0.99952232837677 -0.030202379450201988 -0.006554040592163801 
vn 0.99952232837677 -0.030202379450201988 -0.006554040592163801 
vn 0.9984909296035767 -0.030207542702555656 0.04586252197623253 
vn 0.9984909296035767 -0.030207542702555656 0.04586252197623253 
vn 0.9984909296035767 -0.030207542702555656 0.04586252197623253 
vn 0.9999403357505798 0 0.010923261754214764 
vn 0.9999403357505798 0 0.010923261754214764 
vn 0.9999403357505798 0 0.010923261754214764 
vn 0.009418422356247902 -0.08238650858402252 -0.9965559244155884 
vn 0.009418422356247902 -0.08238650858402252 -0.9965559244155884 
vn 0.009418422356247902 -0.08238650858402252 -0.9965559244155884 
vn 0.015102911740541458 -0.9998644590377808 0.006554040592163801 
vn 0.015102911740541458 -0.9998644590377808 0.006554040592163801 
vn 0.015102911740541458 -0.9998644590377808 0.006554040592163801 
vn 0.993131697177887 -0.07541624456644058 0.08945280313491821 
vn 0.993131697177887 -0.07541624456644058 0.08945280313491821 
vn 0.993131697177887 -0.07541624456644058 0.08945280313491821 
vn 0.005660851951688528 -0.9982447624206543 -0.058952588587999344 
vn 0.005660851951688528 -0.9982447624206543 -0.058952588587999344 
vn 0.005660851951688528 -0.9982447624206543 -0.058952588587999344 
vn 0.003785256529226899 -0.15660449862480164 -0.9876541495323181 
vn 0.003785256529226899 -0.15660449862480164 -0.9876541495323181 
vn 0.003785256529226899 -0.15660449862480164 -0.9876541495323181 
vn 0.0056886556558310986 -0.1435781568288803 -0.9896226525306702 
vn 0.0056886556558310986 -0.1435781568288803 -0.9896226525306702 
vn 0.0056886556558310986 -0.1435781568288803 -0.9896226525306702 
vn 0.9801865816116333 -0.015096031129360199 -0.1975002884864807 
vn 0.9801865816116333 -0.015096031129360199 -0.1975002884864807 
vn 0.9801865816116333 -0.015096031129360199 -0.1975002884864807 
vn -0.04680482670664787 0.032129693776369095 -0.9983872175216675 
vn -0.04680482670664787 0.032129693776369095 -0.9983872175216675 
vn -0.04680482670664787 0.032129693776369095 -0.9983872175216675 
vn 0.9958751797676086 -0.09049693495035172 0.006554040592163801 
vn 0.9958751797676086 -0.09049693495035172 0.006554040592163801 
vn 0.9958751797676086 -0.09049693495035172 0.006554040592163801 
vn -0.23789025843143463 0.00755156809464097 -0.9712626934051514 
vn -0.23789025843143463 0.00755156809464097 -0.9712626934051514 
vn -0.23789025843143463 0.00755156809464097 -0.9712626934051514 
vn 0.06219915673136711 -0.1623823642730713 0.9847655892372131 
vn 0.06219915673136711 -0.1623823642730713 0.9847655892372131 
vn 0.06219915673136711 -0.1623823642730713 0.9847655892372131 
vn 0.9967061281204224 0.007554413750767708 -0.08074574917554855 
vn 0.9967061281204224 0.007554413750767708 -0.08074574917554855 
vn 0.9967061281204224 0.007554413750767708 -0.08074574917554855 
vn 0.9998263120651245 -0.015102335251867771 0.010923261754214764 
vn 0.9998263120651245 -0.015102335251867771 0.010923261754214764 
vn 0.9998263120651245 -0.015102335251867771 0.010923261754214764 
vn 0.03360768407583237 -0.20979343354701996 0.9771679639816284 
vn 0.03360768407583237 -0.20979343354701996 0.9771679639816284 
vn 0.03360768407583237 -0.20979343354701996 0.9771679639816284 
vn -0.6427451372146606 -0.5508164167404175 0.5324283838272095 
vn -0.6427451372146606 -0.5508164167404175 0.5324283838272095 
vn -0.6427451372146606 -0.5508164167404175 0.5324283838272095 
vn 0.18363656103610992 -0.9159523248672485 0.3568037748336792 
vn 0.18363656103610992 -0.9159523248672485 0.3568037748336792 
vn 0.18363656103610992 -0.9159523248672485 0.3568037748336792 
vn -0.6835713386535645 -0.4388972818851471 0.5831804275512695 
vn -0.6835713386535645 -0.4388972818851471 0.5831804275512695 
vn -0.6835713386535645 -0.4388972818851471 0.5831804275512695 
vn -0.5463702082633972 -0.4917849600315094 0.677958071231842 
vn -0.5463702082633972 -0.4917849600315094 0.677958071231842 
vn -0.5463702082633972 -0.4917849600315094 0.677958071231842 
vn -0.71534264087677 -0.08276797086000443 0.6938546895980835 
vn -0.71534264087677 -0.08276797086000443 0.6938546895980835 
vn -0.71534264087677 -0.08276797086000443 0.6938546895980835 
vn 0.030186811462044716 -0.9990071058273315 -0.03276457265019417 
vn 0.030186811462044716 -0.9990071058273315 -0.03276457265019417 
vn 0.030186811462044716 -0.9990071058273315 -0.03276457265019417 
vn -0.8130931258201599 0.4178919792175293 0.405272513628006 
vn -0.8130931258201599 0.4178919792175293 0.405272513628006 
vn -0.8130931258201599 0.4178919792175293 0.405272513628006 
vn -0.7768753170967102 0.5159736275672913 0.36088213324546814 
vn -0.7768753170967102 0.5159736275672913 0.36088213324546814 
vn -0.7768753170967102 0.5159736275672913 0.36088213324546814 
vn -0.8173263072967529 0.42110389471054077 0.3932546079158783 
vn -0.8173263072967529 0.42110389471054077 0.3932546079158783 
vn -0.8173263072967529 0.42110389471054077 0.3932546079158783 
vn -0.02263815514743328 -0.999053955078125 -0.03713129088282585 
vn -0.02263815514743328 -0.999053955078125 -0.03713129088282585 
vn -0.02263815514743328 -0.999053955078125 -0.03713129088282585 
vn -0.001888211234472692 -0.9893045425415039 -0.1458524912595749 
vn -0.001888211234472692 -0.9893045425415039 -0.1458524912595749 
vn -0.001888211234472692 -0.9893045425415039 -0.1458524912595749 
vn -0.08478818088769913 -0.9943854212760925 -0.0633138045668602 
vn -0.08478818088769913 -0.9943854212760925 -0.0633138045668602 
vn -0.08478818088769913 -0.9943854212760925 -0.0633138045668602 
vn -0.9990246295928955 0.015090227127075195 0.04149730131030083 
vn -0.9990246295928955 0.015090227127075195 0.04149730131030083 
vn -0.9990246295928955 0.015090227127075195 0.04149730131030083 
vn -0.9690679311752319 -0.22450165450572968 -0.10250037163496017 
vn -0.9690679311752319 -0.22450165450572968 -0.10250037163496017 
vn -0.9690679311752319 -0.22450165450572968 -0.10250037163496017 
vn 0.03275688365101814 -0.05161658674478531 -0.9981296062469482 
vn 0.03275688365101814 -0.05161658674478531 -0.9981296062469482 
vn 0.03275688365101814 -0.05161658674478531 -0.9981296062469482 
vn -0.8650418519973755 -0.35678035020828247 0.3527185618877411 
vn -0.8650418519973755 -0.35678035020828247 0.3527185618877411 
vn -0.8650418519973755 -0.35678035020828247 0.3527185618877411 
vn -0.9320753812789917 -0.3008647859096527 -0.2017817199230194 
vn -0.9320753812789917 -0.3008647859096527 -0.2017817199230194 
vn -0.9320753812789917 -0.3008647859096527 -0.2017817199230194 
vn -0.9488474130630493 0.24284303188323975 0.2017817199230194 
vn -0.9488474130630493 0.24284303188323975 0.2017817199230194 
vn -0.9488474130630493 0.24284303188323975 0.2017817199230194 
vn -0.9567021131515503 -0.01510461326688528 -0.29067665338516235 
vn -0.9567021131515503 -0.01510461326688528 -0.29067665338516235 
vn -0.9567021131515503 -0.01510461326688528 -0.29067665338516235 
vn -0.9769155383110046 -0.14288519322872162 -0.15880759060382843 
vn -0.9769155383110046 -0.14288519322872162 -0.15880759060382843 
vn -0.9769155383110046 -0.14288519322872162 -0.15880759060382843 
vn -0.7305129766464233 0.49718576669692993 0.46814218163490295 
vn -0.7305129766464233 0.49718576669692993 0.46814218163490295 
vn -0.7305129766464233 0.49718576669692993 0.46814218163490295 
vn -0.03208385035395622 -0.9932812452316284 -0.1111890971660614 
vn -0.03208385035395622 -0.9932812452316284 -0.1111890971660614 
vn -0.03208385035395622 -0.9932812452316284 -0.1111890971660614 
vn -0.32741960883140564 0.10043118894100189 -0.9395264387130737 
vn -0.32741960883140564 0.10043118894100189 -0.9395264387130737 
vn -0.32741960883140564 0.10043118894100189 -0.9395264387130737 
vn -0.8887684345245361 0.45793455839157104 0.01966099627315998 
vn -0.8887684345245361 0.45793455839157104 0.01966099627315998 
vn -0.8887684345245361 0.45793455839157104 0.01966099627315998 
vn -0.9292128086090088 -0.3150102198123932 0.19321508705615997 
vn -0.9292128086090088 -0.3150102198123932 0.19321508705615997 
vn -0.9292128086090088 -0.3150102198123932 0.19321508705615997 
vn -0.9628247022628784 0.015087533742189407 0.26970529556274414 
vn -0.9628247022628784 0.015087533742189407 0.26970529556274414 
vn -0.9628247022628784 0.015087533742189407 0.26970529556274414 
vn -0.9041404724121094 -0.07163059711456299 0.42118772864341736 
vn -0.9041404724121094 -0.07163059711456299 0.42118772864341736 
vn -0.9041404724121094 -0.07163059711456299 0.42118772864341736 
vn -0.329784631729126 -0.015135415829718113 -0.9439348578453064 
vn -0.329784631729126 -0.015135415829718113 -0.9439348578453064 
vn -0.329784631729126 -0.015135415829718113 -0.9439348578453064 
vn -0.6252787709236145 0.04153518006205559 -0.7792953848838806 
vn -0.6252787709236145 0.04153518006205559 -0.7792953848838806 
vn -0.6252787709236145 0.04153518006205559 -0.7792953848838806 
vn -0.7368127107620239 -0.3297024965286255 0.590256929397583 
vn -0.7368127107620239 -0.3297024965286255 0.590256929397583 
vn -0.7368127107620239 -0.3297024965286255 0.590256929397583 
vn -0.31467247009277344 -0.5651736259460449 -0.762600839138031 
vn -0.31467247009277344 -0.5651736259460449 -0.762600839138031 
vn -0.31467247009277344 -0.5651736259460449 -0.762600839138031 
vn -0.9711413383483887 0.22442074120044708 0.08074574917554855 
vn -0.9711413383483887 0.22442074120044708 0.08074574917554855 
vn -0.9711413383483887 0.22442074120044708 0.08074574917554855 
vn 0.007550950627774 -0.999854564666748 0.0152922747656703 
vn 0.007550950627774 -0.999854564666748 0.0152922747656703 
vn 0.007550950627774 -0.999854564666748 0.0152922747656703 
vn 3.09754338064655e-13 -0.9998830556869507 -0.0152922747656703 
vn 3.09754338064655e-13 -0.9998830556869507 -0.0152922747656703 
vn 3.09754338064655e-13 -0.9998830556869507 -0.0152922747656703 
vn 0.43780428171157837 0.1486145257949829 -0.8867024183273315 
vn 0.43780428171157837 0.1486145257949829 -0.8867024183273315 
vn 0.43780428171157837 0.1486145257949829 -0.8867024183273315 
vn 0.4556351900100708 -0.15599879622459412 -0.8763908743858337 
vn 0.4556351900100708 -0.15599879622459412 -0.8763908743858337 
vn 0.4556351900100708 -0.15599879622459412 -0.8763908743858337 
vn -0.9925139546394348 -0.10925175249576569 0.05459024757146835 
vn -0.9925139546394348 -0.10925175249576569 0.05459024757146835 
vn -0.9925139546394348 -0.10925175249576569 0.05459024757146835 
vn -0.013177464716136456 -0.48524630069732666 0.87427818775177 
vn -0.013177464716136456 -0.48524630069732666 0.87427818775177 
vn -0.013177464716136456 -0.48524630069732666 0.87427818775177 
vn -0.9687014222145081 -0.1503702700138092 -0.1975002884864807 
vn -0.9687014222145081 -0.1503702700138092 -0.1975002884864807 
vn -0.9687014222145081 -0.1503702700138092 -0.1975002884864807 
vn 0.9999785423278809 0 -0.006554040592163801 
vn 0.9999785423278809 0 -0.006554040592163801 
vn 0.9999785423278809 0 -0.006554040592163801 
vn 0.3240492641925812 -0.08195824921131134 0.9424833655357361 
vn 0.3240492641925812 -0.08195824921131134 0.9424833655357361 
vn 0.3240492641925812 -0.08195824921131134 0.9424833655357361 
vn 0.4588712453842163 0.0823981910943985 0.8846737742424011 
vn 0.4588712453842163 0.0823981910943985 0.8846737742424011 
vn 0.4588712453842163 0.0823981910943985 0.8846737742424011 
vn 0.930553674697876 -0.21709585189819336 -0.2948545813560486 
vn 0.930553674697876 -0.21709585189819336 -0.2948545813560486 
vn 0.930553674697876 -0.21709585189819336 -0.2948545813560486 
vn -0.030491597950458527 0.07240989059209824 0.9969087839126587 
vn -0.030491597950458527 0.07240989059209824 0.9969087839126587 
vn -0.030491597950458527 0.07240989059209824 0.9969087839126587 
vn 0.5487334132194519 0.19215261936187744 0.8136147856712341 
vn 0.5487334132194519 0.19215261936187744 0.8136147856712341 
vn 0.5487334132194519 0.19215261936187744 0.8136147856712341 
vn 0.9997409582138062 0.022653724998235703 0.002184694167226553 
vn 0.9997409582138062 0.022653724998235703 0.002184694167226553 
vn 0.9997409582138062 0.022653724998235703 0.002184694167226553 
vn -0.03386600688099861 0.5910496115684509 0.8059239983558655 
vn -0.03386600688099861 0.5910496115684509 0.8059239983558655 
vn -0.03386600688099861 0.5910496115684509 0.8059239983558655 
vn 0.5082828998565674 0.43634656071662903 0.7424622178077698 
vn 0.5082828998565674 0.43634656071662903 0.7424622178077698 
vn 0.5082828998565674 0.43634656071662903 0.7424622178077698 
vn 0.9311600923538208 0.35454031825065613 0.08510008454322815 
vn 0.9311600923538208 0.35454031825065613 0.08510008454322815 
vn 0.9311600923538208 0.35454031825065613 0.08510008454322815 
vn 0.8565364480018616 -0.5039665102958679 -0.1111890971660614 
vn 0.8565364480018616 -0.5039665102958679 -0.1111890971660614 
vn 0.8565364480018616 -0.5039665102958679 -0.1111890971660614 
vn -0.1627831906080246 -0.07247574627399445 0.9839963912963867 
vn -0.1627831906080246 -0.07247574627399445 0.9839963912963867 
vn -0.1627831906080246 -0.07247574627399445 0.9839963912963867 
vn 0.9992275834083557 -0.0377483032643795 0.010923261754214764 
vn 0.9992275834083557 -0.0377483032643795 0.010923261754214764 
vn 0.9992275834083557 -0.0377483032643795 0.010923261754214764 
vn -0.015098875388503075 -0.9995972514152527 0.024029340595006943 
vn -0.015098875388503075 -0.9995972514152527 0.024029340595006943 
vn -0.015098875388503075 -0.9995972514152527 0.024029340595006943 
vn -0.02442021481692791 0.3042963147163391 0.9522643685340881 
vn -0.02442021481692791 0.3042963147163391 0.9522643685340881 
vn -0.02442021481692791 0.3042963147163391 0.9522643685340881 
vn 0.8610178232192993 -0.423027902841568 -0.28230419754981995 
vn 0.8610178232192993 -0.423027902841568 -0.28230419754981995 
vn 0.8610178232192993 -0.423027902841568 -0.28230419754981995 
vn -0.009437007829546928 0.9984642267227173 0.05459024757146835 
vn -0.009437007829546928 0.9984642267227173 0.05459024757146835 
vn -0.009437007829546928 0.9984642267227173 0.05459024757146835 
vn -0.011346928775310516 0.15623874962329865 -0.9876541495323181 
vn -0.011346928775310516 0.15623874962329865 -0.9876541495323181 
vn -0.011346928775310516 0.15623874962329865 -0.9876541495323181 
vn 0.7600029706954956 -0.4663946032524109 -0.45262736082077026 
vn 0.7600029706954956 -0.4663946032524109 -0.45262736082077026 
vn 0.7600029706954956 -0.4663946032524109 -0.45262736082077026 
vn 0.9603058099746704 -0.05278271436691284 0.27391019463539124 
vn 0.9603058099746704 -0.05278271436691284 0.27391019463539124 
vn 0.9603058099746704 -0.05278271436691284 0.27391019463539124 
vn -0.08666383475065231 0.0297517329454422 -0.9957932829856873 
vn -0.08666383475065231 0.0297517329454422 -0.9957932829856873 
vn -0.08666383475065231 0.0297517329454422 -0.9957932829856873 
vn 0.8706423044204712 -0.48449966311454773 0.08510008454322815 
vn 0.8706423044204712 -0.48449966311454773 0.08510008454322815 
vn 0.8706423044204712 -0.48449966311454773 0.08510008454322815 
vn -0.030186811462044716 0.9990071058273315 0.03276457265019417 
vn -0.030186811462044716 0.9990071058273315 0.03276457265019417 
vn -0.030186811462044716 0.9990071058273315 0.03276457265019417 
vn -0.7467507719993591 0.011334138922393322 -0.6650074124336243 
vn -0.7467507719993591 0.011334138922393322 -0.6650074124336243 
vn -0.7467507719993591 0.011334138922393322 -0.6650074124336243 
vn 0.8969372510910034 -0.38172876834869385 0.22312943637371063 
vn 0.8969372510910034 -0.38172876834869385 0.22312943637371063 
vn 0.8969372510910034 -0.38172876834869385 0.22312943637371063 
vn 0.3227275013923645 0.20659132301807404 0.9236704111099243 
vn 0.3227275013923645 0.20659132301807404 0.9236704111099243 
vn 0.3227275013923645 0.20659132301807404 0.9236704111099243 
vn 0.9863817691802979 0.15794813632965088 -0.04586252197623253 
vn 0.9863817691802979 0.15794813632965088 -0.04586252197623253 
vn 0.9863817691802979 0.15794813632965088 -0.04586252197623253 
vn 0.9059821367263794 0.3543156683444977 -0.23163928091526031 
vn 0.9059821367263794 0.3543156683444977 -0.23163928091526031 
vn 0.9059821367263794 0.3543156683444977 -0.23163928091526031 
vn 0.8721478581428528 0.4708535075187683 -0.1328723281621933 
vn 0.8721478581428528 0.4708535075187683 -0.1328723281621933 
vn 0.8721478581428528 0.4708535075187683 -0.1328723281621933 
vn 0.5142251253128052 0.5688511729240417 0.641857385635376 
vn 0.5142251253128052 0.5688511729240417 0.641857385635376 
vn 0.5142251253128052 0.5688511729240417 0.641857385635376 
vn 0.8654611110687256 -0.4974953532218933 -0.058952588587999344 
vn 0.8654611110687256 -0.4974953532218933 -0.058952588587999344 
vn 0.8654611110687256 -0.4974953532218933 -0.058952588587999344 
vn 0.17164330184459686 0.07365794479846954 -0.9824016690254211 
vn 0.17164330184459686 0.07365794479846954 -0.9824016690254211 
vn 0.17164330184459686 0.07365794479846954 -0.9824016690254211 
vn -0.9843201041221619 0.16908924281597137 0.05022686347365379 
vn -0.9843201041221619 0.16908924281597137 0.05022686347365379 
vn -0.9843201041221619 0.16908924281597137 0.05022686347365379 
vn 0.9891324043273926 -0.052846696227788925 -0.1372016966342926 
vn 0.9891324043273926 -0.052846696227788925 -0.1372016966342926 
vn 0.9891324043273926 -0.052846696227788925 -0.1372016966342926 
vn -0.13165833055973053 0.9880011081695557 0.08074574917554855 
vn -0.13165833055973053 0.9880011081695557 0.08074574917554855 
vn -0.13165833055973053 0.9880011081695557 0.08074574917554855 
vn -0.9950116872787476 0.0339495874941349 0.09380380809307098 
vn -0.9950116872787476 0.0339495874941349 0.09380380809307098 
vn -0.9950116872787476 0.0339495874941349 0.09380380809307098 
vn 0.005448473151773214 0.0068321689032018185 -0.999961793422699 
vn 0.005448473151773214 0.0068321689032018185 -0.999961793422699 
vn 0.005448473151773214 0.0068321689032018185 -0.999961793422699 
vn -0.9467463493347168 0.30801326036453247 0.09380380809307098 
vn -0.9467463493347168 0.30801326036453247 0.09380380809307098 
vn -0.9467463493347168 0.30801326036453247 0.09380380809307098 
vn 0.021841906011104584 0.032688722014427185 -0.9992268681526184 
vn 0.021841906011104584 0.032688722014427185 -0.9992268681526184 
vn 0.021841906011104584 0.032688722014427185 -0.9992268681526184 
vn -0.0038889264687895775 0.01703849993646145 -0.9998472929000854 
vn -0.0038889264687895775 0.01703849993646145 -0.9998472929000854 
vn -0.0038889264687895775 0.01703849993646145 -0.9998472929000854 
vn -0.06269130110740662 0.20747102797031403 0.976230263710022 
vn -0.06269130110740662 0.20747102797031403 0.976230263710022 
vn -0.06269130110740662 0.20747102797031403 0.976230263710022 
vn 0.9982846975326538 -0.04526469111442566 -0.03713129088282585 
vn 0.9982846975326538 -0.04526469111442566 -0.03713129088282585 
vn 0.9982846975326538 -0.04526469111442566 -0.03713129088282585 
vn 0.9740593433380127 0.037704747170209885 0.22312943637371063 
vn 0.9740593433380127 0.037704747170209885 0.22312943637371063 
vn 0.9740593433380127 0.037704747170209885 0.22312943637371063 
vn 0.9072526097297668 -0.40999212861061096 -0.09380380809307098 
vn 0.9072526097297668 -0.40999212861061096 -0.09380380809307098 
vn 0.9072526097297668 -0.40999212861061096 -0.09380380809307098 
vn -0.5099228620529175 0.2311728149652481 -0.8285757899284363 
vn -0.5099228620529175 0.2311728149652481 -0.8285757899284363 
vn -0.5099228620529175 0.2311728149652481 -0.8285757899284363 
vn 0.9670379161834717 -0.030201507732272148 0.25283506512641907 
vn 0.9670379161834717 -0.030201507732272148 0.25283506512641907 
vn 0.9670379161834717 -0.030201507732272148 0.25283506512641907 
vn 0.1967734843492508 -0.9759513735771179 -0.09380380809307098 
vn 0.1967734843492508 -0.9759513735771179 -0.09380380809307098 
vn 0.1967734843492508 -0.9759513735771179 -0.09380380809307098 
vn 0.9216489791870117 -0.32607245445251465 -0.2103329300880432 
vn 0.9216489791870117 -0.32607245445251465 -0.2103329300880432 
vn 0.9216489791870117 -0.32607245445251465 -0.2103329300880432 
vn 0.9871144890785217 -0.13551005721092224 0.08510008454322815 
vn 0.9871144890785217 -0.13551005721092224 0.08510008454322815 
vn 0.9871144890785217 -0.13551005721092224 0.08510008454322815 
vn 0.1967734843492508 -0.9759513735771179 -0.09380380809307098 
vn 0.1967734843492508 -0.9759513735771179 -0.09380380809307098 
vn 0.1967734843492508 -0.9759513735771179 -0.09380380809307098 
vn 0.6598771214485168 0.7479127645492554 0.07203252613544464 
vn 0.6598771214485168 0.7479127645492554 0.07203252613544464 
vn 0.6598771214485168 0.7479127645492554 0.07203252613544464 
vn 0.8844075202941895 -0.4372815787792206 -0.16312000155448914 
vn 0.8844075202941895 -0.4372815787792206 -0.16312000155448914 
vn 0.8844075202941895 -0.4372815787792206 -0.16312000155448914 
vn 0.9631036520004272 0.2538296580314636 -0.08945280313491821 
vn 0.9631036520004272 0.2538296580314636 -0.08945280313491821 
vn 0.9631036520004272 0.2538296580314636 -0.08945280313491821 
vn 0.4823779761791229 -0.7499599456787109 -0.45262736082077026 
vn 0.4823779761791229 -0.7499599456787109 -0.45262736082077026 
vn 0.4823779761791229 -0.7499599456787109 -0.45262736082077026 
vn 0.9809861183166504 -0.1802152395248413 -0.07203252613544464 
vn 0.9809861183166504 -0.1802152395248413 -0.07203252613544464 
vn 0.9809861183166504 -0.1802152395248413 -0.07203252613544464 
vn -0.02437133900821209 -0.3084712624549866 0.9509214162826538 
vn -0.02437133900821209 -0.3084712624549866 0.9509214162826538 
vn -0.02437133900821209 -0.3084712624549866 0.9509214162826538 
vn 0.7214019894599915 0.0829114094376564 -0.6875353455543518 
vn 0.7214019894599915 0.0829114094376564 -0.6875353455543518 
vn 0.7214019894599915 0.0829114094376564 -0.6875353455543518 
vn 0.960610032081604 -0.23916122317314148 0.1415284425020218 
vn 0.960610032081604 -0.23916122317314148 0.1415284425020218 
vn 0.960610032081604 -0.23916122317314148 0.1415284425020218 
vn 0.990761935710907 0.0979369506239891 0.09380380809307098 
vn 0.990761935710907 0.0979369506239891 0.09380380809307098 
vn 0.990761935710907 0.0979369506239891 0.09380380809307098 
vn 0.9507958292961121 -0.27560287714004517 0.1415284425020218 
vn 0.9507958292961121 -0.27560287714004517 0.1415284425020218 
vn 0.9507958292961121 -0.27560287714004517 0.1415284425020218 
vn 3.0962423380395676e-13 -0.9994630813598633 -0.03276457265019417 
vn 3.0962423380395676e-13 -0.9994630813598633 -0.03276457265019417 
vn 3.0962423380395676e-13 -0.9994630813598633 -0.03276457265019417 
vn -0.02437133900821209 -0.3084712624549866 0.9509214162826538 
vn -0.02437133900821209 -0.3084712624549866 0.9509214162826538 
vn -0.02437133900821209 -0.3084712624549866 0.9509214162826538 
vn -0.002184688812121749 -0.0037839922588318586 -0.9999904632568359 
vn -0.002184688812121749 -0.0037839922588318586 -0.9999904632568359 
vn -0.002184688812121749 -0.0037839922588318586 -0.9999904632568359 
vn 0.9992275834083557 -0.0377483032643795 0.010923261754214764 
vn 0.9992275834083557 -0.0377483032643795 0.010923261754214764 
vn 0.9992275834083557 -0.0377483032643795 0.010923261754214764 
vn -0.9182074666023254 0.18023498356342316 -0.3527185618877411 
vn -0.9182074666023254 0.18023498356342316 -0.3527185618877411 
vn -0.9182074666023254 0.18023498356342316 -0.3527185618877411 
vn -0.6742802858352661 0.052877385169267654 -0.736579954624176 
vn -0.6742802858352661 0.052877385169267654 -0.736579954624176 
vn -0.6742802858352661 0.052877385169267654 -0.736579954624176 
vn 0.011317833326756954 0.9966704845428467 0.08074574917554855 
vn 0.011317833326756954 0.9966704845428467 0.08074574917554855 
vn 0.011317833326756954 0.9966704845428467 0.08074574917554855 
vn -0.03456937149167061 0.08953691273927689 0.9953833818435669 
vn -0.03456937149167061 0.08953691273927689 0.9953833818435669 
vn -0.03456937149167061 0.08953691273927689 0.9953833818435669 
vn 0.01309583242982626 -0.16043056547641754 0.986960232257843 
vn 0.01309583242982626 -0.16043056547641754 0.986960232257843 
vn 0.01309583242982626 -0.16043056547641754 0.986960232257843 
vn -0.09590646624565125 0.003721607616171241 0.9953833818435669 
vn -0.09590646624565125 0.003721607616171241 0.9953833818435669 
vn -0.09590646624565125 0.003721607616171241 0.9953833818435669 
vn 0.062218084931373596 0.70513916015625 -0.7063339352607727 
vn 0.062218084931373596 0.70513916015625 -0.7063339352607727 
vn 0.062218084931373596 0.70513916015625 -0.7063339352607727 
vn -0.02264723740518093 0.99945467710495 -0.024029340595006943 
vn -0.02264723740518093 0.99945467710495 -0.024029340595006943 
vn -0.02264723740518093 0.99945467710495 -0.024029340595006943 
vn -0.007551815826445818 0.9999691247940063 -0.002184694167226553 
vn -0.007551815826445818 0.9999691247940063 -0.002184694167226553 
vn -0.007551815826445818 0.9999691247940063 -0.002184694167226553 
vn -0.030201226472854614 0.999484121799469 -0.010923261754214764 
vn -0.030201226472854614 0.999484121799469 -0.010923261754214764 
vn -0.030201226472854614 0.999484121799469 -0.010923261754214764 
vn -2.3785305187018144e-14 0.22951345145702362 0.9733054637908936 
vn -2.3785305187018144e-14 0.22951345145702362 0.9733054637908936 
vn -2.3785305187018144e-14 0.22951345145702362 0.9733054637908936 
vn -0.9807267785072327 0.19507868587970734 -0.010923261754214764 
vn -0.9807267785072327 0.19507868587970734 -0.010923261754214764 
vn -0.9807267785072327 0.19507868587970734 -0.010923261754214764 
vn -0.002184688812121749 0.0037839922588318586 -0.9999904632568359 
vn -0.002184688812121749 0.0037839922588318586 -0.9999904632568359 
vn -0.002184688812121749 0.0037839922588318586 -0.9999904632568359 
vn -0.984376072883606 -0.0037759754341095686 0.1760382205247879 
vn -0.984376072883606 -0.0037759754341095686 0.1760382205247879 
vn -0.984376072883606 -0.0037759754341095686 0.1760382205247879 
vn -0.9537109136581421 -0.1241316869854927 0.27391019463539124 
vn -0.9537109136581421 -0.1241316869854927 0.27391019463539124 
vn -0.9537109136581421 -0.1241316869854927 0.27391019463539124 
vn -0.990363597869873 -0.018858756870031357 0.1372016966342926 
vn -0.990363597869873 -0.018858756870031357 0.1372016966342926 
vn -0.990363597869873 -0.018858756870031357 0.1372016966342926 
vn 0.016343755647540092 -0.02049442008137703 -0.9996563792228699 
vn 0.016343755647540092 -0.02049442008137703 -0.9996563792228699 
vn 0.016343755647540092 -0.02049442008137703 -0.9996563792228699 
vn 0.0302029550075531 -0.9995414018630981 -0.002184694167226553 
vn 0.0302029550075531 -0.9995414018630981 -0.002184694167226553 
vn 0.0302029550075531 -0.9995414018630981 -0.002184694167226553 
vn 0.007551383227109909 -0.9999118447303772 0.010923261754214764 
vn 0.007551383227109909 -0.9999118447303772 0.010923261754214764 
vn 0.007551383227109909 -0.9999118447303772 0.010923261754214764 
vn -0.02265329100191593 -0.999721884727478 0.006554040592163801 
vn -0.02265329100191593 -0.999721884727478 0.006554040592163801 
vn -0.02265329100191593 -0.999721884727478 0.006554040592163801 
vn -0.02265329100191593 -0.999721884727478 0.006554040592163801 
vn -0.02265329100191593 -0.999721884727478 0.006554040592163801 
vn -0.02265329100191593 -0.999721884727478 0.006554040592163801 
vn -0.009444758296012878 -0.1477118283510208 -0.9889853596687317 
vn -0.009444758296012878 -0.1477118283510208 -0.9889853596687317 
vn -0.009444758296012878 -0.1477118283510208 -0.9889853596687317 
vn -0.9980824589729309 0.01886848360300064 0.058952588587999344 
vn -0.9980824589729309 0.01886848360300064 0.058952588587999344 
vn -0.9980824589729309 0.01886848360300064 0.058952588587999344 
vn -0.9538164734840393 0.24645712971687317 0.17173540592193604 
vn -0.9538164734840393 0.24645712971687317 0.17173540592193604 
vn -0.9538164734840393 0.24645712971687317 0.17173540592193604 
vn -0.002184688812121749 -0.0037839922588318586 -0.9999904632568359 
vn -0.002184688812121749 -0.0037839922588318586 -0.9999904632568359 
vn -0.002184688812121749 -0.0037839922588318586 -0.9999904632568359 
vn 0.011185226030647755 -0.1302272230386734 0.991421103477478 
vn 0.011185226030647755 -0.1302272230386734 0.991421103477478 
vn 0.011185226030647755 -0.1302272230386734 0.991421103477478 
vn -0.015102335251867771 -0.9998263120651245 -0.010923261754214764 
vn -0.015102335251867771 -0.9998263120651245 -0.010923261754214764 
vn -0.015102335251867771 -0.9998263120651245 -0.010923261754214764 
vn -0.9925139546394348 0.10925175249576569 0.05459024757146835 
vn -0.9925139546394348 0.10925175249576569 0.05459024757146835 
vn -0.9925139546394348 0.10925175249576569 0.05459024757146835 
vn -0.38173213601112366 0.08575091511011124 0.9202865362167358 
vn -0.38173213601112366 0.08575091511011124 0.9202865362167358 
vn -0.38173213601112366 0.08575091511011124 0.9202865362167358 
vn -0.015097145922482014 0.9994826912879944 0.028397228568792343 
vn -0.015097145922482014 0.9994826912879944 0.028397228568792343 
vn -0.015097145922482014 0.9994826912879944 0.028397228568792343 
vn 0.005333262961357832 0.025665070861577988 0.9996563792228699 
vn 0.005333262961357832 0.025665070861577988 0.9996563792228699 
vn 0.005333262961357832 0.025665070861577988 0.9996563792228699 
vn 0.24669156968593597 0.044767919927835464 0.9680594801902771 
vn 0.24669156968593597 0.044767919927835464 0.9680594801902771 
vn 0.24669156968593597 0.044767919927835464 0.9680594801902771 
vn 0.009147304110229015 0.04716598615050316 0.9988451600074768 
vn 0.009147304110229015 0.04716598615050316 0.9988451600074768 
vn 0.009147304110229015 0.04716598615050316 0.9988451600074768 
vn 0.007551673799753189 0.9951426982879639 0.0981530249118805 
vn 0.007551673799753189 0.9951426982879639 0.0981530249118805 
vn 0.007551673799753189 0.9951426982879639 0.0981530249118805 
vn -0.01457377802580595 0.06385189294815063 0.9978529810905457 
vn -0.01457377802580595 0.06385189294815063 0.9978529810905457 
vn -0.01457377802580595 0.06385189294815063 0.9978529810905457 
vn -0.10714229196310043 0.8078086972236633 0.5796254277229309 
vn -0.10714229196310043 0.8078086972236633 0.5796254277229309 
vn -0.10714229196310043 0.8078086972236633 0.5796254277229309 
vn 0.024373354390263557 0.2917499840259552 0.9561840295791626 
vn 0.024373354390263557 0.2917499840259552 0.9561840295791626 
vn 0.024373354390263557 0.2917499840259552 0.9561840295791626 
vn 0.03773965314030647 -0.9989986419677734 0.024029340595006943 
vn 0.03773965314030647 -0.9989986419677734 0.024029340595006943 
vn 0.03773965314030647 -0.9989986419677734 0.024029340595006943 
vn -0.8985167741775513 -0.04148539900779724 0.43697428703308105 
vn -0.8985167741775513 -0.04148539900779724 0.43697428703308105 
vn -0.8985167741775513 -0.04148539900779724 0.43697428703308105 
vn -0.018756689503788948 -0.28378015756607056 0.9587059020996094 
vn -0.018756689503788948 -0.28378015756607056 0.9587059020996094 
vn -0.018756689503788948 -0.28378015756607056 0.9587059020996094 
vn 0.026213347911834717 0 0.9996563792228699 
vn 0.026213347911834717 0 0.9996563792228699 
vn 0.026213347911834717 0 0.9996563792228699 
vn 0.0150928208604455 0.9991964101791382 -0.03713129088282585 
vn 0.0150928208604455 0.9991964101791382 -0.03713129088282585 
vn 0.0150928208604455 0.9991964101791382 -0.03713129088282585 
vn -0.08293622732162476 0.9912695288658142 0.10250037163496017 
vn -0.08293622732162476 0.9912695288658142 0.10250037163496017 
vn -0.08293622732162476 0.9912695288658142 0.10250037163496017 
vn 0.9999691247940063 -0.007551815826445818 0.002184694167226553 
vn 0.9999691247940063 -0.007551815826445818 0.002184694167226553 
vn 0.9999691247940063 -0.007551815826445818 0.002184694167226553 
vn 0.02264723740518093 0.99945467710495 0.024029340595006943 
vn 0.02264723740518093 0.99945467710495 0.024029340595006943 
vn 0.02264723740518093 0.99945467710495 0.024029340595006943 
vn 0.4271230399608612 0 -0.9041935205459595 
vn 0.4271230399608612 0 -0.9041935205459595 
vn 0.4271230399608612 0 -0.9041935205459595 
vn 0.0040505328215658665 0.012466258369386196 -0.9999141097068787 
vn 0.0040505328215658665 0.012466258369386196 -0.9999141097068787 
vn 0.0040505328215658665 0.012466258369386196 -0.9999141097068787 
vn 0.0377483032643795 0.9992275834083557 -0.010923261754214764 
vn 0.0377483032643795 0.9992275834083557 -0.010923261754214764 
vn 0.0377483032643795 0.9992275834083557 -0.010923261754214764 
vn 0.9838406443595886 -0.09049705415964127 0.15449213981628418 
vn 0.9838406443595886 -0.09049705415964127 0.15449213981628418 
vn 0.9838406443595886 -0.09049705415964127 0.15449213981628418 
vn 0.42208999395370483 -0.03018847294151783 -0.9060511589050293 
vn 0.42208999395370483 -0.03018847294151783 -0.9060511589050293 
vn 0.42208999395370483 -0.03018847294151783 -0.9060511589050293 
vn 0.022651128470897675 0.9996264576911926 -0.0152922747656703 
vn 0.022651128470897675 0.9996264576911926 -0.0152922747656703 
vn 0.022651128470897675 0.9996264576911926 -0.0152922747656703 
vn -0.0056655979715287685 0.24642342329025269 -0.9691457152366638 
vn -0.0056655979715287685 0.24642342329025269 -0.9691457152366638 
vn -0.0056655979715287685 0.24642342329025269 -0.9691457152366638 
vn -0.27368682622909546 0.9375720024108887 0.21460255980491638 
vn -0.27368682622909546 0.9375720024108887 0.21460255980491638 
vn -0.27368682622909546 0.9375720024108887 0.21460255980491638 
vn -0.9994345903396606 0.007547779008746147 0.03276457265019417 
vn -0.9994345903396606 0.007547779008746147 0.03276457265019417 
vn -0.9994345903396606 0.007547779008746147 0.03276457265019417 
vn 0.015102911740541458 0.9998644590377808 0.006554040592163801 
vn 0.015102911740541458 0.9998644590377808 0.006554040592163801 
vn 0.015102911740541458 0.9998644590377808 0.006554040592163801 
vn -0.9962908625602722 0.075382299721241 0.04149730131030083 
vn -0.9962908625602722 0.075382299721241 0.04149730131030083 
vn -0.9962908625602722 0.075382299721241 0.04149730131030083 
vn -0.7604265809059143 -0.03398872911930084 -0.6485338807106018 
vn -0.7604265809059143 -0.03398872911930084 -0.6485338807106018 
vn -0.7604265809059143 -0.03398872911930084 -0.6485338807106018 
vn -0.002184688812121749 0.0037839922588318586 -0.9999904632568359 
vn -0.002184688812121749 0.0037839922588318586 -0.9999904632568359 
vn -0.002184688812121749 0.0037839922588318586 -0.9999904632568359 
vn -0.05088670179247856 0.8208348155021667 0.5688942670822144 
vn -0.05088670179247856 0.8208348155021667 0.5688942670822144 
vn -0.05088670179247856 0.8208348155021667 0.5688942670822144 
vn 0.9069420695304871 0.007547836750745773 0.42118772864341736 
vn 0.9069420695304871 0.007547836750745773 0.42118772864341736 
vn 0.9069420695304871 0.007547836750745773 0.42118772864341736 
vn -0.0019445375073701143 -0.00851957593113184 -0.999961793422699 
vn -0.0019445375073701143 -0.00851957593113184 -0.999961793422699 
vn -0.0019445375073701143 -0.00851957593113184 -0.999961793422699 
vn 0.10875212401151657 -0.007604689337313175 -0.9940398335456848 
vn 0.10875212401151657 -0.007604689337313175 -0.9940398335456848 
vn 0.10875212401151657 -0.007604689337313175 -0.9940398335456848 
vn 0.09567524492740631 -0.007625519298017025 -0.9953833818435669 
vn 0.09567524492740631 -0.007625519298017025 -0.9953833818435669 
vn 0.09567524492740631 -0.007625519298017025 -0.9953833818435669 
vn -0.022644642740488052 -0.9993401765823364 -0.028397228568792343 
vn -0.022644642740488052 -0.9993401765823364 -0.028397228568792343 
vn -0.022644642740488052 -0.9993401765823364 -0.028397228568792343 
vn -0.003776365192607045 -0.9977003335952759 -0.06767380982637405 
vn -0.003776365192607045 -0.9977003335952759 -0.06767380982637405 
vn -0.003776365192607045 -0.9977003335952759 -0.06767380982637405 
vn 0.984102189540863 -0.04527553543448448 0.17173540592193604 
vn 0.984102189540863 -0.04527553543448448 0.17173540592193604 
vn 0.984102189540863 -0.04527553543448448 0.17173540592193604 
vn -0.007548397872596979 -0.9899054169654846 0.1415284425020218 
vn -0.007548397872596979 -0.9899054169654846 0.1415284425020218 
vn -0.007548397872596979 -0.9899054169654846 0.1415284425020218 
vn 0.9808946847915649 -0.02266264520585537 -0.19321508705615997 
vn 0.9808946847915649 -0.02266264520585537 -0.19321508705615997 
vn 0.9808946847915649 -0.02266264520585537 -0.19321508705615997 
vn 0.9999691247940063 -0.007551815826445818 0.002184694167226553 
vn 0.9999691247940063 -0.007551815826445818 0.002184694167226553 
vn 0.9999691247940063 -0.007551815826445818 0.002184694167226553 
vn 0.030186811462044716 -0.9990071058273315 -0.03276457265019417 
vn 0.030186811462044716 -0.9990071058273315 -0.03276457265019417 
vn 0.030186811462044716 -0.9990071058273315 -0.03276457265019417 
vn -0.005580661818385124 -0.09581626206636429 0.9953833818435669 
vn -0.005580661818385124 -0.09581626206636429 0.9953833818435669 
vn -0.005580661818385124 -0.09581626206636429 0.9953833818435669 
vn -0.007549653295427561 -0.9996827244758606 -0.024029340595006943 
vn -0.007549653295427561 -0.9996827244758606 -0.024029340595006943 
vn -0.007549653295427561 -0.9996827244758606 -0.024029340595006943 
vn 0.007669857237488031 -0.038558974862098694 -0.9992268681526184 
vn 0.007669857237488031 -0.038558974862098694 -0.9992268681526184 
vn 0.007669857237488031 -0.038558974862098694 -0.9992268681526184 
vn 0.9984809160232544 -0.022652406245470047 0.05022686347365379 
vn 0.9984809160232544 -0.022652406245470047 0.05022686347365379 
vn 0.9984809160232544 -0.022652406245470047 0.05022686347365379 
vn -0.9999118447303772 -0.007551383227109909 -0.010923261754214764 
vn -0.9999118447303772 -0.007551383227109909 -0.010923261754214764 
vn -0.9999118447303772 -0.007551383227109909 -0.010923261754214764 
vn -0.9968618750572205 -0.07542550563812256 -0.024029340595006943 
vn -0.9968618750572205 -0.07542550563812256 -0.024029340595006943 
vn -0.9968618750572205 -0.07542550563812256 -0.024029340595006943 
vn 0.12053409218788147 -0.9926875233650208 0.006554040592163801 
vn 0.12053409218788147 -0.9926875233650208 0.006554040592163801 
vn 0.12053409218788147 -0.9926875233650208 0.006554040592163801 
vn 0.9759723544120789 0.03773228079080582 0.21460255980491638 
vn 0.9759723544120789 0.03773228079080582 0.21460255980491638 
vn 0.9759723544120789 0.03773228079080582 0.21460255980491638 
vn -0.9958371520042419 -0.09049347788095474 -0.010923261754214764 
vn -0.9958371520042419 -0.09049347788095474 -0.010923261754214764 
vn -0.9958371520042419 -0.09049347788095474 -0.010923261754214764 
vn -0.9977428913116455 -0.05279320478439331 0.04149730131030083 
vn -0.9977428913116455 -0.05279320478439331 0.04149730131030083 
vn -0.9977428913116455 -0.05279320478439331 0.04149730131030083 
vn -0.07542550563812256 -0.9968618750572205 0.024029340595006943 
vn -0.07542550563812256 -0.9968618750572205 0.024029340595006943 
vn -0.07542550563812256 -0.9968618750572205 0.024029340595006943 
vn -0.9628654718399048 -0.04901375621557236 0.26549527049064636 
vn -0.9628654718399048 -0.04901375621557236 0.26549527049064636 
vn -0.9628654718399048 -0.04901375621557236 0.26549527049064636 
vn 0.2465025782585144 -0.9637064933776855 -0.10250037163496017 
vn 0.2465025782585144 -0.9637064933776855 -0.10250037163496017 
vn 0.2465025782585144 -0.9637064933776855 -0.10250037163496017 
vn 0.004369377624243498 0 0.9999904632568359 
vn 0.004369377624243498 0 0.9999904632568359 
vn 0.004369377624243498 0 0.9999904632568359 
vn 2.0682311115474694e-13 4.2775797696334704e-26 -1 
vn 2.0682311115474694e-13 4.2775797696334704e-26 -1 
vn 2.0682311115474694e-13 4.2775797696334704e-26 -1 
vn 0.015098875388503075 -0.9995972514152527 -0.024029340595006943 
vn 0.015098875388503075 -0.9995972514152527 -0.024029340595006943 
vn 0.015098875388503075 -0.9995972514152527 -0.024029340595006943 
vn 0.20962202548980713 -0.9668431282043457 0.1458524912595749 
vn 0.20962202548980713 -0.9668431282043457 0.1458524912595749 
vn 0.20962202548980713 -0.9668431282043457 0.1458524912595749 
vn 0.1354432851076126 -0.9902431964874268 0.03276457265019417 
vn 0.1354432851076126 -0.9902431964874268 0.03276457265019417 
vn 0.1354432851076126 -0.9902431964874268 0.03276457265019417 
vn 0.10362172871828079 -0.9931175112724304 -0.05459024757146835 
vn 0.10362172871828079 -0.9931175112724304 -0.05459024757146835 
vn 0.10362172871828079 -0.9931175112724304 -0.05459024757146835 
vn 2.0682311115474694e-13 4.2775797696334704e-26 -1 
vn 2.0682311115474694e-13 4.2775797696334704e-26 -1 
vn 2.0682311115474694e-13 4.2775797696334704e-26 -1 
vn 0.015102911740541458 -0.9998644590377808 -0.006554040592163801 
vn 0.015102911740541458 -0.9998644590377808 -0.006554040592163801 
vn 0.015102911740541458 -0.9998644590377808 -0.006554040592163801 
vn 0.005545822903513908 -0.07400386035442352 0.9972425103187561 
vn 0.005545822903513908 -0.07400386035442352 0.9972425103187561 
vn 0.005545822903513908 -0.07400386035442352 0.9972425103187561 
vn -0.9987506866455078 0.03773028776049614 0.03276457265019417 
vn -0.9987506866455078 0.03773028776049614 0.03276457265019417 
vn -0.9987506866455078 0.03773028776049614 0.03276457265019417 
vn -0.030491597950458527 0.07240989059209824 0.9969087839126587 
vn -0.030491597950458527 0.07240989059209824 0.9969087839126587 
vn -0.030491597950458527 0.07240989059209824 0.9969087839126587 
vn 0.2293892800807953 0.0075487722642719746 -0.9733054637908936 
vn 0.2293892800807953 0.0075487722642719746 -0.9733054637908936 
vn 0.2293892800807953 0.0075487722642719746 -0.9733054637908936 
vn 0.1321869045495987 -0.2565312087535858 0.9574540853500366 
vn 0.1321869045495987 -0.2565312087535858 0.9574540853500366 
vn 0.1321869045495987 -0.2565312087535858 0.9574540853500366 
vn -0.6938222646713257 0.12382908910512924 0.7094202041625977 
vn -0.6938222646713257 0.12382908910512924 0.7094202041625977 
vn -0.6938222646713257 0.12382908910512924 0.7094202041625977 
vn -0.9176715016365051 -0.007547160144895315 0.3972681760787964 
vn -0.9176715016365051 -0.007547160144895315 0.3972681760787964 
vn -0.9176715016365051 -0.007547160144895315 0.3972681760787964 
vn 0.009519636631011963 0.11731450259685516 -0.9930492043495178 
vn 0.009519636631011963 0.11731450259685516 -0.9930492043495178 
vn 0.009519636631011963 0.11731450259685516 -0.9930492043495178 
vn 0.0075516714714467525 0.9999499917030334 -0.006554040592163801 
vn 0.0075516714714467525 0.9999499917030334 -0.006554040592163801 
vn 0.0075516714714467525 0.9999499917030334 -0.006554040592163801 
vn -0.2124682515859604 -4.394334424335025e-14 -0.9771679639816284 
vn -0.2124682515859604 -4.394334424335025e-14 -0.9771679639816284 
vn -0.2124682515859604 -4.394334424335025e-14 -0.9771679639816284 
vn 0.2667448818683624 0.9626753330230713 -0.04586252197623253 
vn 0.2667448818683624 0.9626753330230713 -0.04586252197623253 
vn 0.2667448818683624 0.9626753330230713 -0.04586252197623253 
vn 0.0018653111765161157 0.1436787098646164 0.9896226525306702 
vn 0.0018653111765161157 0.1436787098646164 0.9896226525306702 
vn 0.0018653111765161157 0.1436787098646164 0.9896226525306702 
vn 0.9943947792053223 0.10552754998207092 0.006554040592163801 
vn 0.9943947792053223 0.10552754998207092 0.006554040592163801 
vn 0.9943947792053223 0.10552754998207092 0.006554040592163801 
vn 0.9890550971031189 0.12053190916776657 0.08510008454322815 
vn 0.9890550971031189 0.12053190916776657 0.08510008454322815 
vn 0.9890550971031189 0.12053190916776657 0.08510008454322815 
vn -0.002184688812121749 -0.0037839922588318586 -0.9999904632568359 
vn -0.002184688812121749 -0.0037839922588318586 -0.9999904632568359 
vn -0.002184688812121749 -0.0037839922588318586 -0.9999904632568359 
vn -0.04656190052628517 0.1359376311302185 -0.9896226525306702 
vn -0.04656190052628517 0.1359376311302185 -0.9896226525306702 
vn -0.04656190052628517 0.1359376311302185 -0.9896226525306702 
vn -0.9727907180786133 -0.17642588913440704 -0.15017375349998474 
vn -0.9727907180786133 -0.17642588913440704 -0.15017375349998474 
vn -0.9727907180786133 -0.17642588913440704 -0.15017375349998474 
vn 0.02829626016318798 0.9929008483886719 -0.11553031951189041 
vn 0.02829626016318798 0.9929008483886719 -0.11553031951189041 
vn 0.02829626016318798 0.9929008483886719 -0.11553031951189041 
vn -0.9942684173583984 -0.003777027130126953 -0.10684575140476227 
vn -0.9942684173583984 -0.003777027130126953 -0.10684575140476227 
vn -0.9942684173583984 -0.003777027130126953 -0.10684575140476227 
vn -0.9977428913116455 0.05279320478439331 -0.04149730131030083 
vn -0.9977428913116455 0.05279320478439331 -0.04149730131030083 
vn -0.9977428913116455 0.05279320478439331 -0.04149730131030083 
vn -0.011321731843054295 0.9970137476921082 -0.0763898640871048 
vn -0.011321731843054295 0.9970137476921082 -0.0763898640871048 
vn -0.011321731843054295 0.9970137476921082 -0.0763898640871048 
vn -0.3663218319416046 0.8954790830612183 0.25283506512641907 
vn -0.3663218319416046 0.8954790830612183 0.25283506512641907 
vn -0.3663218319416046 0.8954790830612183 0.25283506512641907 
vn -0.9622579216957092 0.2646716833114624 -0.0633138045668602 
vn -0.9622579216957092 0.2646716833114624 -0.0633138045668602 
vn -0.9622579216957092 0.2646716833114624 -0.0633138045668602 
vn -0.22463630139827728 0.9550949931144714 -0.19321508705615997 
vn -0.22463630139827728 0.9550949931144714 -0.19321508705615997 
vn -0.22463630139827728 0.9550949931144714 -0.19321508705615997 
vn -0.6530178189277649 0.508012592792511 0.5616858005523682 
vn -0.6530178189277649 0.508012592792511 0.5616858005523682 
vn -0.6530178189277649 0.508012592792511 0.5616858005523682 
vn -0.981635570526123 0.02642901986837387 0.18892620503902435 
vn -0.981635570526123 0.02642901986837387 0.18892620503902435 
vn -0.981635570526123 0.02642901986837387 0.18892620503902435 
vn -0.9834980368614197 0.13551011681556702 0.11986933648586273 
vn -0.9834980368614197 0.13551011681556702 0.11986933648586273 
vn -0.9834980368614197 0.13551011681556702 0.11986933648586273 
vn -0.5992544889450073 0.7125327587127686 0.3649536371231079 
vn -0.5992544889450073 0.7125327587127686 0.3649536371231079 
vn -0.5992544889450073 0.7125327587127686 0.3649536371231079 
vn -0.0073329973965883255 0.06508214771747589 0.9978529810905457 
vn -0.0073329973965883255 0.06508214771747589 0.9978529810905457 
vn -0.0073329973965883255 0.06508214771747589 0.9978529810905457 
vn -0.024504078552126884 0.8913630247116089 0.45262736082077026 
vn -0.024504078552126884 0.8913630247116089 0.45262736082077026 
vn -0.024504078552126884 0.8913630247116089 0.45262736082077026 
vn -0.623967170715332 0.7798347473144531 -0.05022686347365379 
vn -0.623967170715332 0.7798347473144531 -0.05022686347365379 
vn -0.623967170715332 0.7798347473144531 -0.05022686347365379 
vn -0.9688625931739807 -0.060350578278303146 0.2401314377784729 
vn -0.9688625931739807 -0.060350578278303146 0.2401314377784729 
vn -0.9688625931739807 -0.060350578278303146 0.2401314377784729 
vn -0.6583763957023621 0.7503766417503357 -0.058952588587999344 
vn -0.6583763957023621 0.7503766417503357 -0.058952588587999344 
vn -0.6583763957023621 0.7503766417503357 -0.058952588587999344 
vn -0.13356804847717285 0.8952150344848633 -0.42514660954475403 
vn -0.13356804847717285 0.8952150344848633 -0.42514660954475403 
vn -0.13356804847717285 0.8952150344848633 -0.42514660954475403 
vn 3.097011308430403e-13 -0.999711275100708 -0.024029340595006943 
vn 3.097011308430403e-13 -0.999711275100708 -0.024029340595006943 
vn 3.097011308430403e-13 -0.999711275100708 -0.024029340595006943 
vn -0.005669727921485901 -0.12624630331993103 -0.9919826984405518 
vn -0.005669727921485901 -0.12624630331993103 -0.9919826984405518 
vn -0.005669727921485901 -0.12624630331993103 -0.9919826984405518 
vn 0.03775046393275261 -0.9992848038673401 0.002184694167226553 
vn 0.03775046393275261 -0.9992848038673401 0.002184694167226553 
vn 0.03775046393275261 -0.9992848038673401 0.002184694167226553 
vn 0.9825621843338013 -0.15791632235050201 0.0981530249118805 
vn 0.9825621843338013 -0.15791632235050201 0.0981530249118805 
vn 0.9825621843338013 -0.15791632235050201 0.0981530249118805 
vn -0.002184688812121749 -0.0037839922588318586 -0.9999904632568359 
vn -0.002184688812121749 -0.0037839922588318586 -0.9999904632568359 
vn -0.002184688812121749 -0.0037839922588318586 -0.9999904632568359 
vn 0.9980669021606445 -0.05281035229563713 -0.03276457265019417 
vn 0.9980669021606445 -0.05281035229563713 -0.03276457265019417 
vn 0.9980669021606445 -0.05281035229563713 -0.03276457265019417 
vn 0.005448473151773214 0.0068321689032018185 -0.999961793422699 
vn 0.005448473151773214 0.0068321689032018185 -0.999961793422699 
vn 0.005448473151773214 0.0068321689032018185 -0.999961793422699 
vn -0.03019949607551098 -0.9994269013404846 0.0152922747656703 
vn -0.03019949607551098 -0.9994269013404846 0.0152922747656703 
vn -0.03019949607551098 -0.9994269013404846 0.0152922747656703 
vn -0.0018418359104543924 -0.07854640483856201 0.9969087839126587 
vn -0.0018418359104543924 -0.07854640483856201 0.9969087839126587 
vn -0.0018418359104543924 -0.07854640483856201 0.9969087839126587 
vn -0.9892991185188293 0.0037764154840260744 -0.1458524912595749 
vn -0.9892991185188293 0.0037764154840260744 -0.1458524912595749 
vn -0.9892991185188293 0.0037764154840260744 -0.1458524912595749 
vn 3.097898456858039e-13 -0.999997615814209 -0.002184694167226553 
vn 3.097898456858039e-13 -0.999997615814209 -0.002184694167226553 
vn 3.097898456858039e-13 -0.999997615814209 -0.002184694167226553 
vn -0.016974691301584244 -0.14703689515590668 -0.9889853596687317 
vn -0.016974691301584244 -0.14703689515590668 -0.9889853596687317 
vn -0.016974691301584244 -0.14703689515590668 -0.9889853596687317 
vn 0.005660851951688528 -0.9982447624206543 -0.058952588587999344 
vn 0.005660851951688528 -0.9982447624206543 -0.058952588587999344 
vn 0.005660851951688528 -0.9982447624206543 -0.058952588587999344 
vn -0.9046213626861572 -0.33997103571891785 -0.25706008076667786 
vn -0.9046213626861572 -0.33997103571891785 -0.25706008076667786 
vn -0.9046213626861572 -0.33997103571891785 -0.25706008076667786 
vn -0.46611878275871277 0.6017782688140869 0.6485338807106018 
vn -0.46611878275871277 0.6017782688140869 0.6485338807106018 
vn -0.46611878275871277 0.6017782688140869 0.6485338807106018 
vn -0.0037752098869532347 -0.9973951578140259 0.07203252613544464 
vn -0.0037752098869532347 -0.9973951578140259 0.07203252613544464 
vn -0.0037752098869532347 -0.9973951578140259 0.07203252613544464 
vn -0.2885856032371521 -5.96861698520107e-14 -0.9574540853500366 
vn -0.2885856032371521 -5.96861698520107e-14 -0.9574540853500366 
vn -0.2885856032371521 -5.96861698520107e-14 -0.9574540853500366 
vn -0.12496206164360046 -0.018835000693798065 -0.9919826984405518 
vn -0.12496206164360046 -0.018835000693798065 -0.9919826984405518 
vn -0.12496206164360046 -0.018835000693798065 -0.9919826984405518 
vn 0.009349584579467773 0.03367416188120842 -0.999389111995697 
vn 0.009349584579467773 0.03367416188120842 -0.999389111995697 
vn 0.009349584579467773 0.03367416188120842 -0.999389111995697 
vn -0.007546626031398773 -0.9992818832397461 0.03713129088282585 
vn -0.007546626031398773 -0.9992818832397461 0.03713129088282585 
vn -0.007546626031398773 -0.9992818832397461 0.03713129088282585 
vn -0.9622320532798767 0.25392022728919983 0.0981530249118805 
vn -0.9622320532798767 0.25392022728919983 0.0981530249118805 
vn -0.9622320532798767 0.25392022728919983 0.0981530249118805 
vn 0.009432127699255943 -0.9955460429191589 0.09380380809307098 
vn 0.009432127699255943 -0.9955460429191589 0.09380380809307098 
vn 0.009432127699255943 -0.9955460429191589 0.09380380809307098 
vn -0.32594889402389526 0.052386149764060974 0.9439348578453064 
vn -0.32594889402389526 0.052386149764060974 0.9439348578453064 
vn -0.32594889402389526 0.052386149764060974 0.9439348578453064 
vn -0.9765071868896484 0.12427498400211334 0.1760382205247879 
vn -0.9765071868896484 0.12427498400211334 0.1760382205247879 
vn -0.9765071868896484 0.12427498400211334 0.1760382205247879 
vn -0.010896530002355576 -0.013663816265761852 -0.9998472929000854 
vn -0.010896530002355576 -0.013663816265761852 -0.9998472929000854 
vn -0.010896530002355576 -0.013663816265761852 -0.9998472929000854 
vn 0.007550950627774 -0.999854564666748 -0.0152922747656703 
vn 0.007550950627774 -0.999854564666748 -0.0152922747656703 
vn 0.007550950627774 -0.999854564666748 -0.0152922747656703 
vn 0.007549653295427561 -0.9996827244758606 0.024029340595006943 
vn 0.007549653295427561 -0.9996827244758606 0.024029340595006943 
vn 0.007549653295427561 -0.9996827244758606 0.024029340595006943 
vn -0.3703620433807373 -0.022547665983438492 0.9286137819290161 
vn -0.3703620433807373 -0.022547665983438492 0.9286137819290161 
vn -0.3703620433807373 -0.022547665983438492 0.9286137819290161 
vn 0.9999499917030334 0.0075516714714467525 -0.006554040592163801 
vn 0.9999499917030334 0.0075516714714467525 -0.006554040592163801 
vn 0.9999499917030334 0.0075516714714467525 -0.006554040592163801 
vn 0.9999691247940063 0.007551815826445818 -0.002184694167226553 
vn 0.9999691247940063 0.007551815826445818 -0.002184694167226553 
vn 0.9999691247940063 0.007551815826445818 -0.002184694167226553 
vn 0.6368178129196167 0 0.7710143327713013 
vn 0.6368178129196167 0 0.7710143327713013 
vn 0.6368178129196167 0 0.7710143327713013 
vn 0.9312062859535217 -0.20230810344219208 -0.30319350957870483 
vn 0.9312062859535217 -0.20230810344219208 -0.30319350957870483 
vn 0.9312062859535217 -0.20230810344219208 -0.30319350957870483 
vn -0.009439172223210335 0.9986932277679443 -0.05022686347365379 
vn -0.009439172223210335 0.9986932277679443 -0.05022686347365379 
vn -0.009439172223210335 0.9986932277679443 -0.05022686347365379 
vn 0.9704762697219849 -0.02264401689171791 -0.2401314377784729 
vn 0.9704762697219849 -0.02264401689171791 -0.2401314377784729 
vn 0.9704762697219849 -0.02264401689171791 -0.2401314377784729 
vn -0.001886976882815361 -0.9886578321456909 0.15017375349998474 
vn -0.001886976882815361 -0.9886578321456909 0.15017375349998474 
vn -0.001886976882815361 -0.9886578321456909 0.15017375349998474 
vn 0.9294762015342712 0.33294761180877686 -0.15880759060382843 
vn 0.9294762015342712 0.33294761180877686 -0.15880759060382843 
vn 0.9294762015342712 0.33294761180877686 -0.15880759060382843 
vn 0.979593813419342 -0.18763616681098938 -0.07203252613544464 
vn 0.979593813419342 -0.18763616681098938 -0.07203252613544464 
vn 0.979593813419342 -0.18763616681098938 -0.07203252613544464 
vn 0.8695685267448425 0.28214311599731445 0.405272513628006 
vn 0.8695685267448425 0.28214311599731445 0.405272513628006 
vn 0.8695685267448425 0.28214311599731445 0.405272513628006 
vn 0.9895606637001038 0.10552568733692169 0.0981530249118805 
vn 0.9895606637001038 0.10552568733692169 0.0981530249118805 
vn 0.9895606637001038 0.10552568733692169 0.0981530249118805 
vn 0.9916467666625977 0.12055403739213943 -0.04586252197623253 
vn 0.9916467666625977 0.12055403739213943 -0.04586252197623253 
vn 0.9916467666625977 0.12055403739213943 -0.04586252197623253 
vn 0.9411065578460693 -0.22448353469371796 -0.25283506512641907 
vn 0.9411065578460693 -0.22448353469371796 -0.25283506512641907 
vn 0.9411065578460693 -0.22448353469371796 -0.25283506512641907 
vn 0.9844117760658264 -0.14292359352111816 -0.10250037163496017 
vn 0.9844117760658264 -0.14292359352111816 -0.10250037163496017 
vn 0.9844117760658264 -0.14292359352111816 -0.10250037163496017 
vn 0.772698700428009 -0.6341374516487122 0.028397228568792343 
vn 0.772698700428009 -0.6341374516487122 0.028397228568792343 
vn 0.772698700428009 -0.6341374516487122 0.028397228568792343 
vn -0.015102911740541458 -0.9998644590377808 -0.006554040592163801 
vn -0.015102911740541458 -0.9998644590377808 -0.006554040592163801 
vn -0.015102911740541458 -0.9998644590377808 -0.006554040592163801 
vn 0.8210306167602539 0.12029857933521271 0.5580654144287109 
vn 0.8210306167602539 0.12029857933521271 0.5580654144287109 
vn 0.8210306167602539 0.12029857933521271 0.5580654144287109 
vn 0.7969627380371094 0.1573246419429779 0.5831804275512695 
vn 0.7969627380371094 0.1573246419429779 0.5831804275512695 
vn 0.7969627380371094 0.1573246419429779 0.5831804275512695 
vn 0.9405917525291443 -0.1947871893644333 0.2781098484992981 
vn 0.9405917525291443 -0.1947871893644333 0.2781098484992981 
vn 0.9405917525291443 -0.1947871893644333 0.2781098484992981 
vn 0.015103200450539589 0.9998835325241089 0.002184694167226553 
vn 0.015103200450539589 0.9998835325241089 0.002184694167226553 
vn 0.015103200450539589 0.9998835325241089 0.002184694167226553 
vn 0.8776111006736755 0.4507667124271393 -0.16312000155448914 
vn 0.8776111006736755 0.4507667124271393 -0.16312000155448914 
vn 0.8776111006736755 0.4507667124271393 -0.16312000155448914 
vn -0.8735111951828003 -0.0829504132270813 -0.4796847105026245 
vn -0.8735111951828003 -0.0829504132270813 -0.4796847105026245 
vn -0.8735111951828003 -0.0829504132270813 -0.4796847105026245 
vn 0.03772452101111412 0.9985980987548828 0.03713129088282585 
vn 0.03772452101111412 0.9985980987548828 0.03713129088282585 
vn 0.03772452101111412 0.9985980987548828 0.03713129088282585 
vn 0.7224186062812805 -0.16488733887672424 -0.6715083718299866 
vn 0.7224186062812805 -0.16488733887672424 -0.6715083718299866 
vn 0.7224186062812805 -0.16488733887672424 -0.6715083718299866 
vn 0.8942131996154785 0.41686275601387024 0.16312000155448914 
vn 0.8942131996154785 0.41686275601387024 0.16312000155448914 
vn 0.8942131996154785 0.41686275601387024 0.16312000155448914 
vn 0.99945467710495 -0.02264723740518093 0.024029340595006943 
vn 0.99945467710495 -0.02264723740518093 0.024029340595006943 
vn 0.99945467710495 -0.02264723740518093 0.024029340595006943 
vn 0.14206208288669586 -0.06601258367300034 -0.9876541495323181 
vn 0.14206208288669586 -0.06601258367300034 -0.9876541495323181 
vn 0.14206208288669586 -0.06601258367300034 -0.9876541495323181 
vn -0.018874967470765114 -0.9972236752510071 0.07203252613544464 
vn -0.018874967470765114 -0.9972236752510071 0.07203252613544464 
vn -0.018874967470765114 -0.9972236752510071 0.07203252613544464 
vn 0.8722554445266724 0.12801413238048553 -0.4719987213611603 
vn 0.8722554445266724 0.12801413238048553 -0.4719987213611603 
vn 0.8722554445266724 0.12801413238048553 -0.4719987213611603 
vn 0.9025801420211792 -0.06781911849975586 0.42514660954475403 
vn 0.9025801420211792 -0.06781911849975586 0.42514660954475403 
vn 0.9025801420211792 -0.06781911849975586 0.42514660954475403 
vn 0.8679592609405518 -0.4575091302394867 -0.19321508705615997 
vn 0.8679592609405518 -0.4575091302394867 -0.19321508705615997 
vn 0.8679592609405518 -0.4575091302394867 -0.19321508705615997 
vn -0.047156549990177155 -0.9875343441963196 0.15017375349998474 
vn -0.047156549990177155 -0.9875343441963196 0.15017375349998474 
vn -0.047156549990177155 -0.9875343441963196 0.15017375349998474 
vn 0.004369377624243498 0 -0.9999904632568359 
vn 0.004369377624243498 0 -0.9999904632568359 
vn 0.004369377624243498 0 -0.9999904632568359 
vn 0.5890176296234131 0.4865931272506714 0.6452018022537231 
vn 0.5890176296234131 0.4865931272506714 0.6452018022537231 
vn 0.5890176296234131 0.4865931272506714 0.6452018022537231 
vn 0.7252476215362549 0.2657506763935089 0.6351318359375 
vn 0.7252476215362549 0.2657506763935089 0.6351318359375 
vn 0.7252476215362549 0.2657506763935089 0.6351318359375 
vn 0.7807933688163757 0.3861845135688782 0.4911448359489441 
vn 0.7807933688163757 0.3861845135688782 0.4911448359489441 
vn 0.7807933688163757 0.3861845135688782 0.4911448359489441 
vn -0.03632176294922829 -0.015044965781271458 -0.9992268681526184 
vn -0.03632176294922829 -0.015044965781271458 -0.9992268681526184 
vn -0.03632176294922829 -0.015044965781271458 -0.9992268681526184 
vn 0.9585902690887451 -0.2828977704048157 -0.03276457265019417 
vn 0.9585902690887451 -0.2828977704048157 -0.03276457265019417 
vn 0.9585902690887451 -0.2828977704048157 -0.03276457265019417 
vn 0.9690860509872437 -0.24663592875003815 0.006554040592163801 
vn 0.9690860509872437 -0.24663592875003815 0.006554040592163801 
vn 0.9690860509872437 -0.24663592875003815 0.006554040592163801 
vn -0.02453974261879921 -0.9984363317489624 -0.05022686347365379 
vn -0.02453974261879921 -0.9984363317489624 -0.05022686347365379 
vn -0.02453974261879921 -0.9984363317489624 -0.05022686347365379 
vn 0.007414097432047129 -0.1131172701716423 0.9935539960861206 
vn 0.007414097432047129 -0.1131172701716423 0.9935539960861206 
vn 0.007414097432047129 -0.1131172701716423 0.9935539960861206 
vn -0.005611679051071405 -0.13925237953662872 0.9902410507202148 
vn -0.005611679051071405 -0.13925237953662872 0.9902410507202148 
vn -0.005611679051071405 -0.13925237953662872 0.9902410507202148 
vn -0.0205277930945158 -0.007471505552530289 -0.9997613430023193 
vn -0.0205277930945158 -0.007471505552530289 -0.9997613430023193 
vn -0.0205277930945158 -0.007471505552530289 -0.9997613430023193 
vn -0.005594676360487938 -0.14358185231685638 0.9896226525306702 
vn -0.005594676360487938 -0.14358185231685638 0.9896226525306702 
vn -0.005594676360487938 -0.14358185231685638 0.9896226525306702 
vn -0.9955920577049255 -0.07920695841312408 0.05022686347365379 
vn -0.9955920577049255 -0.07920695841312408 0.05022686347365379 
vn -0.9955920577049255 -0.07920695841312408 0.05022686347365379 
vn 0.9980669021606445 -0.05281035229563713 0.03276457265019417 
vn 0.9980669021606445 -0.05281035229563713 0.03276457265019417 
vn 0.9980669021606445 -0.05281035229563713 0.03276457265019417 
vn -0.3496725857257843 0.026475511491298676 -0.9364978075027466 
vn -0.3496725857257843 0.026475511491298676 -0.9364978075027466 
vn -0.3496725857257843 0.026475511491298676 -0.9364978075027466 
vn -0.17156900465488434 0.4376429617404938 -0.882628321647644 
vn -0.17156900465488434 0.4376429617404938 -0.882628321647644 
vn -0.17156900465488434 0.4376429617404938 -0.882628321647644 
vn -0.022649399936199188 -0.9995501041412354 0.01966099627315998 
vn -0.022649399936199188 -0.9995501041412354 0.01966099627315998 
vn -0.022649399936199188 -0.9995501041412354 0.01966099627315998 
vn -0.007550373673439026 0.9997782111167908 -0.01966099627315998 
vn -0.007550373673439026 0.9997782111167908 -0.01966099627315998 
vn -0.007550373673439026 0.9997782111167908 -0.01966099627315998 
vn -0.007551815826445818 0.9999691247940063 -0.002184694167226553 
vn -0.007551815826445818 0.9999691247940063 -0.002184694167226553 
vn -0.007551815826445818 0.9999691247940063 -0.002184694167226553 
vn -0.5555371046066284 0.8314200043678284 0.010923261754214764 
vn -0.5555371046066284 0.8314200043678284 0.010923261754214764 
vn -0.5555371046066284 0.8314200043678284 0.010923261754214764 
vn -0.9985594153404236 0.018877500668168068 0.05022686347365379 
vn -0.9985594153404236 0.018877500668168068 0.05022686347365379 
vn -0.9985594153404236 0.018877500668168068 0.05022686347365379 
vn -0.0018501408630982041 0.07418830692768097 0.9972425103187561 
vn -0.0018501408630982041 0.07418830692768097 0.9972425103187561 
vn -0.0018501408630982041 0.07418830692768097 0.9972425103187561 
vn 0.04748174175620079 0.0073340050876140594 0.9988451600074768 
vn 0.04748174175620079 0.0073340050876140594 0.9988451600074768 
vn 0.04748174175620079 0.0073340050876140594 0.9988451600074768 
vn 0.0150928208604455 0.9991964101791382 -0.03713129088282585 
vn 0.0150928208604455 0.9991964101791382 -0.03713129088282585 
vn 0.0150928208604455 0.9991964101791382 -0.03713129088282585 
vn 0.007546626031398773 0.9992818832397461 0.03713129088282585 
vn 0.007546626031398773 0.9992818832397461 0.03713129088282585 
vn 0.007546626031398773 0.9992818832397461 0.03713129088282585 
vn 0.986465573310852 -0.12050994485616684 -0.1111890971660614 
vn 0.986465573310852 -0.12050994485616684 -0.1111890971660614 
vn 0.986465573310852 -0.12050994485616684 -0.1111890971660614 
vn 0.0075516714714467525 0.9999499917030334 0.006554040592163801 
vn 0.0075516714714467525 0.9999499917030334 0.006554040592163801 
vn 0.0075516714714467525 0.9999499917030334 0.006554040592163801 
vn -0.0038385943043977022 -0.06101270765066147 -0.9981296062469482 
vn -0.0038385943043977022 -0.06101270765066147 -0.9981296062469482 
vn -0.0038385943043977022 -0.06101270765066147 -0.9981296062469482 
vn -0.007551383227109909 0.9999118447303772 0.010923261754214764 
vn -0.007551383227109909 0.9999118447303772 0.010923261754214764 
vn -0.007551383227109909 0.9999118447303772 0.010923261754214764 
vn 0.016146345064044 -0.006688034627586603 0.9998472929000854 
vn 0.016146345064044 -0.006688034627586603 0.9998472929000854 
vn 0.016146345064044 -0.006688034627586603 0.9998472929000854 
vn 0.9926732182502747 0.10547257214784622 -0.058952588587999344 
vn 0.9926732182502747 0.10547257214784622 -0.058952588587999344 
vn 0.9926732182502747 0.10547257214784622 -0.058952588587999344 
vn 0.9325808882713318 -0.007551168091595173 -0.36088213324546814 
vn 0.9325808882713318 -0.007551168091595173 -0.36088213324546814 
vn 0.9325808882713318 -0.007551168091595173 -0.36088213324546814 
vn -0.9457517266273499 -0.116736501455307 -0.30319350957870483 
vn -0.9457517266273499 -0.116736501455307 -0.30319350957870483 
vn -0.9457517266273499 -0.116736501455307 -0.30319350957870483 
vn 0.0018290365114808083 0.05237675458192825 0.9986256957054138 
vn 0.0018290365114808083 0.05237675458192825 0.9986256957054138 
vn 0.0018290365114808083 0.05237675458192825 0.9986256957054138 
vn -0.9996837377548218 -0.02265242673456669 0.010923261754214764 
vn -0.9996837377548218 -0.02265242673456669 0.010923261754214764 
vn -0.9996837377548218 -0.02265242673456669 0.010923261754214764 
vn 0.3787339925765991 -0.5680876970291138 0.7306414246559143 
vn 0.3787339925765991 -0.5680876970291138 0.7306414246559143 
vn 0.3787339925765991 -0.5680876970291138 0.7306414246559143 
vn 2.0347583007070992e-14 -0.06549396365880966 0.9978529810905457 
vn 2.0347583007070992e-14 -0.06549396365880966 0.9978529810905457 
vn 2.0347583007070992e-14 -0.06549396365880966 0.9978529810905457 
vn 0.014630165882408619 0.059356916695833206 0.9981296062469482 
vn 0.014630165882408619 0.059356916695833206 0.9981296062469482 
vn 0.014630165882408619 0.059356916695833206 0.9981296062469482 
vn -0.08664652705192566 0.8773309588432312 0.4719987213611603 
vn -0.08664652705192566 0.8773309588432312 0.4719987213611603 
vn -0.08664652705192566 0.8773309588432312 0.4719987213611603 
vn 0.003607067046687007 -0.04353082552552223 0.9990455508232117 
vn 0.003607067046687007 -0.04353082552552223 0.9990455508232117 
vn 0.003607067046687007 -0.04353082552552223 0.9990455508232117 
vn 6.767443423954644e-15 -0.021845221519470215 0.9997613430023193 
vn 6.767443423954644e-15 -0.021845221519470215 0.9997613430023193 
vn 6.767443423954644e-15 -0.021845221519470215 0.9997613430023193 
vn -0.9543116092681885 0.10928969830274582 -0.2781098484992981 
vn -0.9543116092681885 0.10928969830274582 -0.2781098484992981 
vn -0.9543116092681885 0.10928969830274582 -0.2781098484992981 
vn -0.4422855079174042 -0.022551637142896652 0.8965907096862793 
vn -0.4422855079174042 -0.022551637142896652 0.8965907096862793 
vn -0.4422855079174042 -0.022551637142896652 0.8965907096862793 
vn 0.07882902771234512 0.586747407913208 0.8059239983558655 
vn 0.07882902771234512 0.586747407913208 0.8059239983558655 
vn 0.07882902771234512 0.586747407913208 0.8059239983558655 
vn -0.016993513330817223 0.9988031983375549 -0.04586252197623253 
vn -0.016993513330817223 0.9988031983375549 -0.04586252197623253 
vn -0.016993513330817223 0.9988031983375549 -0.04586252197623253 
vn -0.022649399936199188 0.9995501041412354 0.01966099627315998 
vn -0.022649399936199188 0.9995501041412354 0.01966099627315998 
vn -0.022649399936199188 0.9995501041412354 0.01966099627315998 
vn -0.209901824593544 0.9584410190582275 -0.19321508705615997 
vn -0.209901824593544 0.9584410190582275 -0.19321508705615997 
vn -0.209901824593544 0.9584410190582275 -0.19321508705615997 
vn -0.9811273217201233 0.007554812356829643 -0.19321508705615997 
vn -0.9811273217201233 0.007554812356829643 -0.19321508705615997 
vn -0.9811273217201233 0.007554812356829643 -0.19321508705615997 
vn -0.6877756118774414 0.3861995339393616 0.6146662831306458 
vn -0.6877756118774414 0.3861995339393616 0.6146662831306458 
vn -0.6877756118774414 0.3861995339393616 0.6146662831306458 
vn 0.004369377624243498 0 -0.9999904632568359 
vn 0.004369377624243498 0 -0.9999904632568359 
vn 0.004369377624243498 0 -0.9999904632568359 
vn 0.8794868588447571 0.12055099755525589 -0.46040233969688416 
vn 0.8794868588447571 0.12055099755525589 -0.46040233969688416 
vn 0.8794868588447571 0.12055099755525589 -0.46040233969688416 
vn 0.030202379450201988 -0.99952232837677 0.006554040592163801 
vn 0.030202379450201988 -0.99952232837677 0.006554040592163801 
vn 0.030202379450201988 -0.99952232837677 0.006554040592163801 
vn 0.9971474409103394 -0.07544711232185364 -0.002184694167226553 
vn 0.9971474409103394 -0.07544711232185364 -0.002184694167226553 
vn 0.9971474409103394 -0.07544711232185364 -0.002184694167226553 
vn 3.096656503269457e-13 -0.9995967149734497 -0.028397228568792343 
vn 3.096656503269457e-13 -0.9995967149734497 -0.028397228568792343 
vn 3.096656503269457e-13 -0.9995967149734497 -0.028397228568792343 
vn -0.8020816445350647 0.27052727341651917 0.5324283838272095 
vn -0.8020816445350647 0.27052727341651917 0.5324283838272095 
vn -0.8020816445350647 0.27052727341651917 0.5324283838272095 
vn -0.9632494449615479 -0.16154344379901886 -0.21460255980491638 
vn -0.9632494449615479 -0.16154344379901886 -0.21460255980491638 
vn -0.9632494449615479 -0.16154344379901886 -0.21460255980491638 
vn -0.9400528073310852 0.2717357873916626 0.2060592919588089 
vn -0.9400528073310852 0.2717357873916626 0.2060592919588089 
vn -0.9400528073310852 0.2717357873916626 0.2060592919588089 
vn -0.5252469778060913 0.11628308892250061 -0.8429672718048096 
vn -0.5252469778060913 0.11628308892250061 -0.8429672718048096 
vn -0.5252469778060913 0.11628308892250061 -0.8429672718048096 
vn -0.9803582429885864 -0.05660904943943024 -0.18892620503902435 
vn -0.9803582429885864 -0.05660904943943024 -0.18892620503902435 
vn -0.9803582429885864 -0.05660904943943024 -0.18892620503902435 
vn 0.022648075595498085 0.37441733479499817 -0.926983654499054 
vn 0.022648075595498085 0.37441733479499817 -0.926983654499054 
vn 0.022648075595498085 0.37441733479499817 -0.926983654499054 
vn 0.011351687833666801 0.006553899962455034 0.9999141097068787 
vn 0.011351687833666801 0.006553899962455034 0.9999141097068787 
vn 0.011351687833666801 0.006553899962455034 0.9999141097068787 
vn -0.02081281878054142 0.20285609364509583 -0.9789873361587524 
vn -0.02081281878054142 0.20285609364509583 -0.9789873361587524 
vn -0.02081281878054142 0.20285609364509583 -0.9789873361587524 
vn 0.8680719137191772 0.1652090698480606 -0.46814218163490295 
vn 0.8680719137191772 0.1652090698480606 -0.46814218163490295 
vn 0.8680719137191772 0.1652090698480606 -0.46814218163490295 
vn 0.7702908515930176 0.1426369994878769 -0.6215357780456543 
vn 0.7702908515930176 0.1426369994878769 -0.6215357780456543 
vn 0.7702908515930176 0.1426369994878769 -0.6215357780456543 
vn 0.9256988167762756 -0.31149226427078247 0.21460255980491638 
vn 0.9256988167762756 -0.31149226427078247 0.21460255980491638 
vn 0.9256988167762756 -0.31149226427078247 0.21460255980491638 
vn -0.007873271591961384 -0.0037915678694844246 -0.999961793422699 
vn -0.007873271591961384 -0.0037915678694844246 -0.999961793422699 
vn -0.007873271591961384 -0.0037915678694844246 -0.999961793422699 
vn 3.0978390967890956e-13 -0.9999785423278809 -0.006554040592163801 
vn 3.0978390967890956e-13 -0.9999785423278809 -0.006554040592163801 
vn 3.0978390967890956e-13 -0.9999785423278809 -0.006554040592163801 
vn -0.015102911740541458 -0.9998644590377808 0.006554040592163801 
vn -0.015102911740541458 -0.9998644590377808 0.006554040592163801 
vn -0.015102911740541458 -0.9998644590377808 0.006554040592163801 
vn -0.1279197335243225 0.9909160137176514 -0.04149730131030083 
vn -0.1279197335243225 0.9909160137176514 -0.04149730131030083 
vn -0.1279197335243225 0.9909160137176514 -0.04149730131030083 
vn -0.041528113186359406 0.9968428611755371 0.06767380982637405 
vn -0.041528113186359406 0.9968428611755371 0.06767380982637405 
vn -0.041528113186359406 0.9968428611755371 0.06767380982637405 
vn 0.9992848038673401 0.03775046393275261 0.002184694167226553 
vn 0.9992848038673401 0.03775046393275261 0.002184694167226553 
vn 0.9992848038673401 0.03775046393275261 0.002184694167226553 
vn 0.999997615814209 0 0.002184694167226553 
vn 0.999997615814209 0 0.002184694167226553 
vn 0.999997615814209 0 0.002184694167226553 
vn 0.020755073055624962 -0.998045027256012 0.058952588587999344 
vn 0.020755073055624962 -0.998045027256012 0.058952588587999344 
vn 0.020755073055624962 -0.998045027256012 0.058952588587999344 
vn -0.9253316521644592 0.1391078531742096 0.3527185618877411 
vn -0.9253316521644592 0.1391078531742096 0.3527185618877411 
vn -0.9253316521644592 0.1391078531742096 0.3527185618877411 
vn 0.02080618590116501 0.258334219455719 -0.9658315181732178 
vn 0.02080618590116501 0.258334219455719 -0.9658315181732178 
vn 0.02080618590116501 0.258334219455719 -0.9658315181732178 
vn 0.0018611537525430322 0.0959606021642685 0.9953833818435669 
vn 0.0018611537525430322 0.0959606021642685 0.9953833818435669 
vn 0.0018611537525430322 0.0959606021642685 0.9953833818435669 
vn -0.003704126225784421 -0.08719801157712936 0.9961841106414795 
vn -0.003704126225784421 -0.08719801157712936 0.9961841106414795 
vn -0.003704126225784421 -0.08719801157712936 0.9961841106414795 
vn 0.9064710140228271 0.030186118558049202 -0.42118772864341736 
vn 0.9064710140228271 0.030186118558049202 -0.42118772864341736 
vn 0.9064710140228271 0.030186118558049202 -0.42118772864341736 
vn 0.9064710140228271 0.030186118558049202 -0.42118772864341736 
vn 0.9049984812736511 -0.0151043850928545 -0.42514660954475403 
vn 0.9049984812736511 -0.0151043850928545 -0.42514660954475403 
vn 0.9049984812736511 -0.0151043850928545 -0.42514660954475403 
vn 0.9049984812736511 -0.0151043850928545 -0.42514660954475403 
vn 0.021845221519470215 0 -0.9997613430023193 
vn 0.021845221519470215 0 -0.9997613430023193 
vn 0.021845221519470215 0 -0.9997613430023193 
vn 0.021845221519470215 0 -0.9997613430023193 
vn 0.03506825119256973 -0.03894723951816559 0.9986256957054138 
vn 0.03506825119256973 -0.03894723951816559 0.9986256957054138 
vn 0.03506825119256973 -0.03894723951816559 0.9986256957054138 
vn 0.03506825119256973 -0.03894723951816559 0.9986256957054138 
vn 0.8663967847824097 -0.47045084834098816 0.16742929816246033 
vn 0.8663967847824097 -0.47045084834098816 0.16742929816246033 
vn 0.8663967847824097 -0.47045084834098816 0.16742929816246033 
vn 0.8663967847824097 -0.47045084834098816 0.16742929816246033 
vn 0.9925311803817749 -0.02265377715229988 0.11986933648586273 
vn 0.9925311803817749 -0.02265377715229988 0.11986933648586273 
vn 0.9925311803817749 -0.02265377715229988 0.11986933648586273 
vn 0.9925311803817749 -0.02265377715229988 0.11986933648586273 
vn 0.8930491805076599 -0.0678253248333931 0.44481781125068665 
vn 0.8930491805076599 -0.0678253248333931 0.44481781125068665 
vn 0.8930491805076599 -0.0678253248333931 0.44481781125068665 
vn 0.8930491805076599 -0.0678253248333931 0.44481781125068665 
vn 0.7963910102844238 0.6047465205192566 0.006554040592163801 
vn 0.7963910102844238 0.6047465205192566 0.006554040592163801 
vn 0.7963910102844238 0.6047465205192566 0.006554040592163801 
vn 0.7963910102844238 0.6047465205192566 0.006554040592163801 
vn 0.007571603637188673 0.13482490181922913 -0.990840494632721 
vn 0.007571603637188673 0.13482490181922913 -0.990840494632721 
vn 0.007571603637188673 0.13482490181922913 -0.990840494632721 
vn 0.007571603637188673 0.13482490181922913 -0.990840494632721 
vn -0.9698213338851929 0.2354525774717331 -0.0633138045668602 
vn -0.9698213338851929 0.2354525774717331 -0.0633138045668602 
vn -0.9698213338851929 0.2354525774717331 -0.0633138045668602 
vn -0.9698213338851929 0.2354525774717331 -0.0633138045668602 
vn 0.7940333485603333 0.22349964082241058 0.5652954578399658 
vn 0.7940333485603333 0.22349964082241058 0.5652954578399658 
vn 0.7940333485603333 0.22349964082241058 0.5652954578399658 
vn 0.7940333485603333 0.22349964082241058 0.5652954578399658 
vn 0.9426764845848083 -0.20217162370681763 0.26549527049064636 
vn 0.9426764845848083 -0.20217162370681763 0.26549527049064636 
vn 0.9426764845848083 -0.20217162370681763 0.26549527049064636 
vn 0.9426764845848083 -0.20217162370681763 0.26549527049064636 
vn 0.733549952507019 0.6308556795120239 0.25283506512641907 
vn 0.733549952507019 0.6308556795120239 0.25283506512641907 
vn 0.733549952507019 0.6308556795120239 0.25283506512641907 
vn 0.733549952507019 0.6308556795120239 0.25283506512641907 
vn -0.007550373673439026 -0.9997782111167908 -0.01966099627315998 
vn -0.007550373673439026 -0.9997782111167908 -0.01966099627315998 
vn -0.007550373673439026 -0.9997782111167908 -0.01966099627315998 
vn -0.007550373673439026 -0.9997782111167908 -0.01966099627315998 
vn -0.00378825468942523 -0.19532142579555511 -0.9807319641113281 
vn -0.00378825468942523 -0.19532142579555511 -0.9807319641113281 
vn -0.00378825468942523 -0.19532142579555511 -0.9807319641113281 
vn -0.00378825468942523 -0.19532142579555511 -0.9807319641113281 
vn 0.7862750887870789 0.09049328416585922 -0.6112139225006104 
vn 0.7862750887870789 0.09049328416585922 -0.6112139225006104 
vn 0.7862750887870789 0.09049328416585922 -0.6112139225006104 
vn 0.7862750887870789 0.09049328416585922 -0.6112139225006104 
vn -0.007551383227109909 0.9999118447303772 -0.010923261754214764 
vn -0.007551383227109909 0.9999118447303772 -0.010923261754214764 
vn -0.007551383227109909 0.9999118447303772 -0.010923261754214764 
vn -0.007551383227109909 0.9999118447303772 -0.010923261754214764 
vn -0.005663774441927671 0.9963563084602356 0.08510008454322815 
vn -0.005663774441927671 0.9963563084602356 0.08510008454322815 
vn -0.005663774441927671 0.9963563084602356 0.08510008454322815 
vn -0.005663774441927671 0.9963563084602356 0.08510008454322815 
vn -0.05095573887228966 0.8652535676956177 -0.4987381398677826 
vn -0.05095573887228966 0.8652535676956177 -0.4987381398677826 
vn -0.05095573887228966 0.8652535676956177 -0.4987381398677826 
vn -0.05095573887228966 0.8652535676956177 -0.4987381398677826 
vn -0.14208337664604187 -0.5302624106407166 -0.8358433246612549 
vn -0.14208337664604187 -0.5302624106407166 -0.8358433246612549 
vn -0.14208337664604187 -0.5302624106407166 -0.8358433246612549 
vn -0.14208337664604187 -0.5302624106407166 -0.8358433246612549 
vn -0.9758647680282593 0.19507403671741486 0.0981530249118805 
vn -0.9758647680282593 0.19507403671741486 0.0981530249118805 
vn -0.9758647680282593 0.19507403671741486 0.0981530249118805 
vn -0.9758647680282593 0.19507403671741486 0.0981530249118805 
vn 0.910494327545166 -0.015095854178071022 0.41324591636657715 
vn 0.910494327545166 -0.015095854178071022 0.41324591636657715 
vn 0.910494327545166 -0.015095854178071022 0.41324591636657715 
vn 0.910494327545166 -0.015095854178071022 0.41324591636657715 
vn -0.020729443058371544 0.16831102967262268 -0.9855159521102905 
vn -0.020729443058371544 0.16831102967262268 -0.9855159521102905 
vn -0.020729443058371544 0.16831102967262268 -0.9855159521102905 
vn -0.020729443058371544 0.16831102967262268 -0.9855159521102905 
vn 0.0056327152997255325 0.19956199824810028 0.97986900806427 
vn 0.0056327152997255325 0.19956199824810028 0.97986900806427 
vn 0.0056327152997255325 0.19956199824810028 0.97986900806427 
vn 0.0056327152997255325 0.19956199824810028 0.97986900806427 
vn 0.015103200450539589 0.9998835325241089 0.002184694167226553 
vn 0.015103200450539589 0.9998835325241089 0.002184694167226553 
vn 0.015103200450539589 0.9998835325241089 0.002184694167226553 
vn 0.015103200450539589 0.9998835325241089 0.002184694167226553 
vn 0.015102911740541458 -0.9998644590377808 -0.006554040592163801 
vn 0.015102911740541458 -0.9998644590377808 -0.006554040592163801 
vn 0.015102911740541458 -0.9998644590377808 -0.006554040592163801 
vn 0.015102911740541458 -0.9998644590377808 -0.006554040592163801 
vn 0.9430904984474182 0.01509839203208685 -0.33219319581985474 
vn 0.9430904984474182 0.01509839203208685 -0.33219319581985474 
vn 0.9430904984474182 0.01509839203208685 -0.33219319581985474 
vn 0.9430904984474182 0.01509839203208685 -0.33219319581985474 
vn -0.03573385253548622 0.46483907103538513 0.8846737742424011 
vn -0.03573385253548622 0.46483907103538513 0.8846737742424011 
vn -0.03573385253548622 0.46483907103538513 0.8846737742424011 
vn -0.03573385253548622 0.46483907103538513 0.8846737742424011 
vn 0.015103200450539589 -0.9998835325241089 -0.002184694167226553 
vn 0.015103200450539589 -0.9998835325241089 -0.002184694167226553 
vn 0.015103200450539589 -0.9998835325241089 -0.002184694167226553 
vn 0.015103200450539589 -0.9998835325241089 -0.002184694167226553 
vn 0.007551815826445818 0.9999691247940063 0.002184694167226553 
vn 0.007551815826445818 0.9999691247940063 0.002184694167226553 
vn 0.007551815826445818 0.9999691247940063 0.002184694167226553 
vn 0.007551815826445818 0.9999691247940063 0.002184694167226553 
vn -0.02262824960052967 -0.9649977684020996 0.2612801790237427 
vn -0.02262824960052967 -0.9649977684020996 0.2612801790237427 
vn -0.02262824960052967 -0.9649977684020996 0.2612801790237427 
vn -0.02262824960052967 -0.9649977684020996 0.2612801790237427 
vn 0.08985824137926102 -0.4614030718803406 0.882628321647644 
vn 0.08985824137926102 -0.4614030718803406 0.882628321647644 
vn 0.08985824137926102 -0.4614030718803406 0.882628321647644 
vn 0.08985824137926102 -0.4614030718803406 0.882628321647644 
vt 0 0 
vt 0 0 
vt 0 0 
vt 0 0 
vt 0 0 
vt 0 0 
vt 0 0 
vt 0 0 
vt 0 0 
vt 0 0 
vt 0 0 
vt 0 0 
vt 0 0 
vt 0 0 
vt 0 0 
vt 0.5854867696762085 0.2092164307832718 
vt 0.5857264995574951 0.2246692180633545 
vt 0.5617557168006897 0.21694283187389374 
vt 0.19476275146007538 0.3964608907699585 
vt 0.19116713106632233 0.38378477096557617 
vt 0.18121924996376038 0.3936842381954193 
vt 0.49056240916252136 0.46491196751594543 
vt 0.485168993473053 0.47348344326019287 
vt 0.48588812351226807 0.45947936177253723 
vt 0.30910345911979675 0.5093387961387634 
vt 0.29627910256385803 0.5132019519805908 
vt 0.31162041425704956 0.5181517004966736 
vt 0.19608114659786224 0.3744889497756958 
vt 0.19392377138137817 0.3766619861125946 
vt 0.1910472810268402 0.3753340244293213 
vt 0.8462890982627869 0.9152162075042725 
vt 0.851442813873291 0.9167856574058533 
vt 0.8526413440704346 0.9129224419593811 
vt 0.591839075088501 0.007847124710679054 
vt 0.5973523259162903 0.01098597515374422 
vt 0.5872846245765686 0.024507174268364906 
vt 0.1295621693134308 0.7488572001457214 
vt 0.1432255357503891 0.7750545144081116 
vt 0.142506405711174 0.7646721601486206 
vt 0.8518023490905762 0.8977110981941223 
vt 0.8526413440704346 0.9129224419593811 
vt 0.8462890982627869 0.9152162075042725 
vt 0.2220894694328308 0.3753340244293213 
vt 0.2163364738225937 0.38462984561920166 
vt 0.21993209421634674 0.37980085611343384 
vt 0.48480942845344543 0.6783537864685059 
vt 0.4869667887687683 0.6720760464668274 
vt 0.4891241788864136 0.6728004217147827 
vt 0.5166906118392944 0.965075671672821 
vt 0.5144133567810059 0.9691802859306335 
vt 0.5166906118392944 0.9783554077148438 
vt 0.5936368703842163 0.4037044048309326 
vt 0.5938765406608582 0.4078090488910675 
vt 0.591479480266571 0.40467020869255066 
vt 0.48564839363098145 0.6817340850830078 
vt 0.4891241788864136 0.6728004217147827 
vt 0.48480942845344543 0.6783537864685059 
vt 0.18421560525894165 0.40575671195983887 
vt 0.18409574031829834 0.4029800593852997 
vt 0.18877005577087402 0.4015313386917114 
vt 0.4869667887687683 0.6720760464668274 
vt 0.4891241788864136 0.6728004217147827 
vt 0.48433002829551697 0.6637460589408875 
vt 0.9027402997016907 0.796302080154419 
vt 0.9089727401733398 0.796664297580719 
vt 0.9027402997016907 0.8062015771865845 
vt 0.7365028262138367 0.2655949890613556 
vt 0.73626309633255 0.27187269926071167 
vt 0.7492073774337769 0.2655949890613556 
vt 0.31162041425704956 0.673524796962738 
vt 0.3077850639820099 0.6719553470611572 
vt 0.31162041425704956 0.6445508003234863 
vt 0.35704505443573 0.5952949523925781 
vt 0.36962974071502686 0.6079710721969604 
vt 0.3697495758533478 0.5949327945709229 
vt 0.3587230145931244 0.6078503727912903 
vt 0.35704505443573 0.5952949523925781 
vt 0.36962974071502686 0.6079710721969604 
vt 0.20423121750354767 0.39392566680908203 
vt 0.2099842131137848 0.39742669463157654 
vt 0.21417909860610962 0.39114901423454285 
vt 0.5616358518600464 0.356621652841568 
vt 0.5544446110725403 0.36543458700180054 
vt 0.5552836060523987 0.3531206250190735 
vt 0.9810050129890442 0.8687371015548706 
vt 0.9810050129890442 0.8641495704650879 
vt 0.9802858829498291 0.8662018775939941 
vt 0.2068680077791214 0.37436822056770325 
vt 0.20794668793678284 0.3764205574989319 
vt 0.20159442722797394 0.37521329522132874 
vt 0.6450542211532593 0.7043096423149109 
vt 0.6455336213111877 0.6911506056785583 
vt 0.6351063251495361 0.6912713646888733 
vt 0.8495251536369324 0.7057583332061768 
vt 0.8474876284599304 0.7017744183540344 
vt 0.8530009388923645 0.7026194930076599 
vt 0.5444967150688171 0.11324004828929901 
vt 0.543777585029602 0.10285770148038864 
vt 0.5364664793014526 0.10780742764472961 
vt 0.5990303158760071 0.7262815833091736 
vt 0.588722825050354 0.7382333874702454 
vt 0.5750594735145569 0.7303862571716309 
vt 0.2276027500629425 0.3777485191822052 
vt 0.23263661563396454 0.37497183680534363 
vt 0.2220894694328308 0.3753340244293213 
vt 0.20027603209018707 0.3882516026496887 
vt 0.20866581797599792 0.38740652799606323 
vt 0.20423121750354767 0.39392566680908203 
vt 0.8370603322982788 0.7278510332107544 
vt 0.8474876284599304 0.7279717326164246 
vt 0.8491656184196472 0.7178308367729187 
vt 0.8370603322982788 0.7278510332107544 
vt 0.8371801972389221 0.7110702395439148 
vt 0.8491656184196472 0.7178308367729187 
vt 0.20890551805496216 0.9386368989944458 
vt 0.2045907825231552 0.9388782978057861 
vt 0.20902538299560547 0.9468461871147156 
vt 0.1295621693134308 0.7488572001457214 
vt 0.1432255357503891 0.7750545144081116 
vt 0.1250077188014984 0.7748130559921265 
vt 0.4573628604412079 0.2666815221309662 
vt 0.4576025605201721 0.27380430698394775 
vt 0.45784229040145874 0.2636634111404419 
vt 0.9029800295829773 0.8228616118431091 
vt 0.9098117351531982 0.8060808181762695 
vt 0.9094521403312683 0.8228616118431091 
vt 0.6393012404441833 0.6982734203338623 
vt 0.6351063251495361 0.6912713646888733 
vt 0.6349865198135376 0.6977905035018921 
vt 0.16372056305408478 0.37678271532058716 
vt 0.17306917905807495 0.37629982829093933 
vt 0.17043238878250122 0.3799215853214264 
vt 0.16455954313278198 0.3839055001735687 
vt 0.16372056305408478 0.37678271532058716 
vt 0.15724845230579376 0.3826982378959656 
vt 0.1838560402393341 0.3964608907699585 
vt 0.18121924996376038 0.3936842381954193 
vt 0.19476275146007538 0.3964608907699585 
vt 0.1295621693134308 0.7488572001457214 
vt 0.142506405711174 0.7646721601486206 
vt 0.13459603488445282 0.7515131235122681 
vt 0.1677955985069275 0.3962194621562958 
vt 0.157488152384758 0.3938049376010895 
vt 0.16695661842823029 0.3921147882938385 
vt 0.1607242077589035 0.3858371078968048 
vt 0.16455954313278198 0.3839055001735687 
vt 0.15724845230579376 0.3826982378959656 
vt 0.19392377138137817 0.3766619861125946 
vt 0.1982385218143463 0.3744889497756958 
vt 0.1973995417356491 0.37871432304382324 
vt 0.17306917905807495 0.37629982829093933 
vt 0.17043238878250122 0.3799215853214264 
vt 0.1861332654953003 0.3779899775981903 
vt 0.19392377138137817 0.3766619861125946 
vt 0.19116713106632233 0.38378477096557617 
vt 0.1861332654953003 0.3779899775981903 
vt 0.16324114799499512 0.4143281877040863 
vt 0.163121297955513 0.4075675904750824 
vt 0.16180290281772614 0.4145696461200714 
vt 0.18121924996376038 0.3936842381954193 
vt 0.1711515188217163 0.4012899100780487 
vt 0.1677955985069275 0.3962194621562958 
vt 0.18121924996376038 0.3936842381954193 
vt 0.16695661842823029 0.3921147882938385 
vt 0.1677955985069275 0.3962194621562958 
vt 0.19476275146007538 0.3964608907699585 
vt 0.1910472810268402 0.39851322770118713 
vt 0.1838560402393341 0.3964608907699585 
vt 0.8518023490905762 0.8977110981941223 
vt 0.8462890982627869 0.8932442665100098 
vt 0.8462890982627869 0.9152162075042725 
vt 0.8369404673576355 0.7017744183540344 
vt 0.8495251536369324 0.7057583332061768 
vt 0.8371801972389221 0.7110702395439148 
vt 0.1861332654953003 0.3779899775981903 
vt 0.19392377138137817 0.3766619861125946 
vt 0.1910472810268402 0.3753340244293213 
vt 0.1622823178768158 0.3994790315628052 
vt 0.157488152384758 0.3938049376010895 
vt 0.1677955985069275 0.3962194621562958 
vt 0.1814589500427246 0.3750925660133362 
vt 0.1861332654953003 0.3779899775981903 
vt 0.1910472810268402 0.3753340244293213 
vt 0.1567690372467041 0.40744686126708984 
vt 0.15700873732566833 0.3988753855228424 
vt 0.15784771740436554 0.40358367562294006 
vt 0.1854141354560852 0.41034427285194397 
vt 0.1751066893339157 0.4145696461200714 
vt 0.18349647521972656 0.4145696461200714 
vt 0.17714421451091766 0.4008069932460785 
vt 0.18121924996376038 0.3936842381954193 
vt 0.1838560402393341 0.3964608907699585 
vt 0.1295621693134308 0.7488572001457214 
vt 0.11841575056314468 0.7539276480674744 
vt 0.1178164854645729 0.7752959728240967 
vt 0.0636424720287323 0.4926787316799164 
vt 0.06544028222560883 0.483382910490036 
vt 0.08881181478500366 0.4926787316799164 
vt 0.15700873732566833 0.3988753855228424 
vt 0.15784771740436554 0.40358367562294006 
vt 0.1622823178768158 0.3994790315628052 
vt 0.1622823178768158 0.3994790315628052 
vt 0.1711515188217163 0.4012899100780487 
vt 0.17055223882198334 0.40684324502944946 
vt 0.1567690372467041 0.40744686126708984 
vt 0.16180290281772614 0.4145696461200714 
vt 0.163121297955513 0.4075675904750824 
vt 0.17522655427455902 0.4045494794845581 
vt 0.176664799451828 0.40817123651504517 
vt 0.17055223882198334 0.40684324502944946 
vt 0.21357983350753784 0.923063337802887 
vt 0.20938493311405182 0.9252364039421082 
vt 0.2132202684879303 0.9332042336463928 
vt 0.20303267240524292 0.8821375966072083 
vt 0.20950479805469513 0.8815339207649231 
vt 0.20303267240524292 0.8922784924507141 
vt 0.18409574031829834 0.4029800593852997 
vt 0.1838560402393341 0.3964608907699585 
vt 0.17714421451091766 0.4008069932460785 
vt 0.19116713106632233 0.38378477096557617 
vt 0.19392377138137817 0.3766619861125946 
vt 0.1973995417356491 0.37871432304382324 
vt 0.0644814521074295 0.48193418979644775 
vt 0.06544028222560883 0.483382910490036 
vt 0.08881181478500366 0.4926787316799164 
vt 0.20938493311405182 0.9252364039421082 
vt 0.2132202684879303 0.9332042336463928 
vt 0.20902538299560547 0.9375503659248352 
vt 0.08773312717676163 0.478071004152298 
vt 0.08701400458812714 0.4641876220703125 
vt 0.0644814521074295 0.48193418979644775 
vt 0.17714421451091766 0.4008069932460785 
vt 0.18409574031829834 0.4029800593852997 
vt 0.18109939992427826 0.4034629464149475 
vt 0.17714421451091766 0.4008069932460785 
vt 0.18121924996376038 0.3936842381954193 
vt 0.1711515188217163 0.4012899100780487 
vt 0.970337986946106 0.5455562472343445 
vt 0.9674614667892456 0.550023078918457 
vt 0.9660232663154602 0.5455562472343445 
vt 0.17798319458961487 0.4037044048309326 
vt 0.17522655427455902 0.4045494794845581 
vt 0.176664799451828 0.40817123651504517 
vt 0.17714421451091766 0.4008069932460785 
vt 0.17522655427455902 0.4045494794845581 
vt 0.1711515188217163 0.4012899100780487 
vt 0.18109939992427826 0.4034629464149475 
vt 0.17714421451091766 0.4008069932460785 
vt 0.17798319458961487 0.4037044048309326 
vt 0.970337986946106 0.4961797595024109 
vt 0.971057116985321 0.4923165440559387 
vt 0.9729747772216797 0.493765264749527 
vt 0.18553398549556732 0.4084126651287079 
vt 0.1751066893339157 0.4145696461200714 
vt 0.1854141354560852 0.41034427285194397 
vt 0.18553398549556732 0.4084126651287079 
vt 0.176664799451828 0.40817123651504517 
vt 0.18397589027881622 0.40660178661346436 
vt 0.5648719072341919 0.36434805393218994 
vt 0.5688270926475525 0.3571045398712158 
vt 0.5616358518600464 0.356621652841568 
vt 0.1917663961648941 0.4126380383968353 
vt 0.19512231647968292 0.4145696461200714 
vt 0.18709209561347961 0.41444891691207886 
vt 0.0011985399760305882 0.9807698726654053 
vt 0.001917663961648941 0.9888584613800049 
vt 0.0017978099640458822 0.975458025932312 
vt 0.05297546833753586 0.5876892805099487 
vt 0.05920787528157234 0.5750131607055664 
vt 0.05932772904634476 0.5880514979362488 
vt 0.7472897171974182 0.28140997886657715 
vt 0.7492073774337769 0.2655949890613556 
vt 0.7402182817459106 0.2725970447063446 
vt 0.06639911234378815 0.4617731273174286 
vt 0.06184466555714607 0.44994208216667175 
vt 0.08701400458812714 0.4641876220703125 
vt 0.0017978099640458822 0.975458025932312 
vt 0.001917663961648941 0.965075671672821 
vt 0 0.965075671672821 
vt 0.5688270926475525 0.3571045398712158 
vt 0.5782955288887024 0.356621652841568 
vt 0.5648719072341919 0.36434805393218994 
vt 0.1973995417356491 0.37871432304382324 
vt 0.20303267240524292 0.3814910054206848 
vt 0.1982385218143463 0.3744889497756958 
vt 0.039911381900310516 0.6007276177406311 
vt 0.029484083876013756 0.5888965725898743 
vt 0.04422612488269806 0.5890172719955444 
vt 0.7399786114692688 0.28732550144195557 
vt 0.7446529269218445 0.30205395817756653 
vt 0.7460911273956299 0.2869633138179779 
vt 0.1250077188014984 0.7748130559921265 
vt 0.1432255357503891 0.7750545144081116 
vt 0.1344761848449707 0.7750545144081116 
vt 0.039911381900310516 0.6007276177406311 
vt 0.029484083876013756 0.5888965725898743 
vt 0.02960393764078617 0.6126793622970581 
vt 0.7402182817459106 0.2725970447063446 
vt 0.7472897171974182 0.28140997886657715 
vt 0.7399786114692688 0.28732550144195557 
vt 0.7472897171974182 0.28140997886657715 
vt 0.7399786114692688 0.28732550144195557 
vt 0.7460911273956299 0.2869633138179779 
vt 0.9674614667892456 0.6507077217102051 
vt 0.9660232663154602 0.6499834060668945 
vt 0.9674614667892456 0.6439471244812012 
vt 0.7501661777496338 0.30301976203918457 
vt 0.7436940670013428 0.30495133996009827 
vt 0.7536419630050659 0.3048306107521057 
vt 0.8546788692474365 0.08197227865457535 
vt 0.8592333197593689 0.06869252771139145 
vt 0.8612708449363708 0.08221372216939926 
vt 0.7399786114692688 0.28732550144195557 
vt 0.7392594814300537 0.2978285849094391 
vt 0.7446529269218445 0.30205395817756653 
vt 0.7460911273956299 0.2869633138179779 
vt 0.7466903924942017 0.28949853777885437 
vt 0.7446529269218445 0.30205395817756653 
vt 0.7436940670013428 0.30495133996009827 
vt 0.7446529269218445 0.30205395817756653 
vt 0.7392594814300537 0.2978285849094391 
vt 0.591479480266571 0.3625371754169464 
vt 0.5846478343009949 0.3625371754169464 
vt 0.5869250297546387 0.3563801944255829 
vt 0.5877640247344971 0.35215482115745544 
vt 0.5869250297546387 0.3563801944255829 
vt 0.5938765406608582 0.35215482115745544 
vt 0.5915993452072144 0.3714708387851715 
vt 0.591479480266571 0.3625371754169464 
vt 0.5937567353248596 0.36676254868507385 
vt 0.5869250297546387 0.3563801944255829 
vt 0.591479480266571 0.3625371754169464 
vt 0.5938765406608582 0.35215482115745544 
vt 0.08881181478500366 0.4541674554347992 
vt 0.08701400458812714 0.4641876220703125 
vt 0.06184466555714607 0.44994208216667175 
vt 0.7446529269218445 0.30205395817756653 
vt 0.7436940670013428 0.30495133996009827 
vt 0.7501661777496338 0.30301976203918457 
vt 0.5915993452072144 0.3714708387851715 
vt 0.5937567353248596 0.36676254868507385 
vt 0.5938765406608582 0.3806459307670593 
vt 0.7575971484184265 0.7564628720283508 
vt 0.7595148086547852 0.7140883803367615 
vt 0.7556794881820679 0.7144505381584167 
vt 0.7575971484184265 0.7564628720283508 
vt 0.7595148086547852 0.7140883803367615 
vt 0.760833203792572 0.7487364411354065 
vt 0.08929122984409332 0.43291985988616943 
vt 0.08629488199949265 0.4370245039463043 
vt 0.09013020992279053 0.4402840733528137 
vt 0.092287577688694 0.5054755806922913 
vt 0.09492436796426773 0.5095802545547485 
vt 0.09192802011966705 0.5246708393096924 
vt 0.09492436796426773 0.5095802545547485 
vt 0.09456480294466019 0.4926787316799164 
vt 0.09360597282648087 0.4970248341560364 
vt 0.2220894694328308 0.3753340244293213 
vt 0.2163364738225937 0.38462984561920166 
vt 0.21669603884220123 0.37545475363731384 
vt 0.5936368703842163 0.39066609740257263 
vt 0.5938765406608582 0.3806459307670593 
vt 0.5911199450492859 0.39066609740257263 
vt 0.0644814521074295 0.48193418979644775 
vt 0.08773312717676163 0.478071004152298 
vt 0.08881181478500366 0.4926787316799164 
vt 0.6486498713493347 0.7284546494483948 
vt 0.65044766664505 0.730627715587616 
vt 0.6557212471961975 0.7282131910324097 
vt 0.2163364738225937 0.38462984561920166 
vt 0.20866581797599792 0.38740652799606323 
vt 0.20830625295639038 0.38306042551994324 
vt 0.9171227812767029 0.18953825533390045 
vt 0.9177221059799194 0.1728782057762146 
vt 0.9126881957054138 0.1774657517671585 
vt 0.20866581797599792 0.38740652799606323 
vt 0.2163364738225937 0.38462984561920166 
vt 0.21417909860610962 0.39114901423454285 
vt 0.2099842131137848 0.39742669463157654 
vt 0.20423121750354767 0.39392566680908203 
vt 0.2036319524049759 0.39875468611717224 
vt 0.20423121750354767 0.39392566680908203 
vt 0.20866581797599792 0.38740652799606323 
vt 0.21417909860610962 0.39114901423454285 
vt 0.21933281421661377 0.38378477096557617 
vt 0.22161003947257996 0.38595783710479736 
vt 0.2242468297481537 0.3807666599750519 
vt 0.21993209421634674 0.37980085611343384 
vt 0.2276027500629425 0.3777485191822052 
vt 0.2242468297481537 0.3807666599750519 
vt 0.9134073257446289 0.16322019696235657 
vt 0.9177221059799194 0.1728782057762146 
vt 0.916883111000061 0.16297875344753265 
vt 0.21993209421634674 0.37980085611343384 
vt 0.2220894694328308 0.3753340244293213 
vt 0.2276027500629425 0.3777485191822052 
vt 0.22880128026008606 0.3814910054206848 
vt 0.23299618065357208 0.3812495470046997 
vt 0.2276027500629425 0.3777485191822052 
vt 0.8474876284599304 0.7017744183540344 
vt 0.8495251536369324 0.7057583332061768 
vt 0.8369404673576355 0.7017744183540344 
vt 0.21993209421634674 0.37980085611343384 
vt 0.21933281421661377 0.38378477096557617 
vt 0.2242468297481537 0.3807666599750519 
vt 0.21417909860610962 0.39114901423454285 
vt 0.2163364738225937 0.38462984561920166 
vt 0.22161003947257996 0.38595783710479736 
vt 0.9775292277336121 0.056620024144649506 
vt 0.9792071580886841 0.05939669907093048 
vt 0.9792071580886841 0.05408480018377304 
vt 0.20746727287769318 0.4021349847316742 
vt 0.2196923792362213 0.4027386009693146 
vt 0.21369968354701996 0.4058774411678314 
vt 0.588722825050354 0.7382333874702454 
vt 0.5997493863105774 0.7387163043022156 
vt 0.5990303158760071 0.7262815833091736 
vt 0.9126881957054138 0.1774657517671585 
vt 0.9171227812767029 0.18953825533390045 
vt 0.9128080606460571 0.18990042805671692 
vt 0.2235277146100998 0.3980303108692169 
vt 0.2196923792362213 0.4027386009693146 
vt 0.22856158018112183 0.4072054326534271 
vt 0.08629488199949265 0.4370245039463043 
vt 0.08917137235403061 0.4411291480064392 
vt 0.06184466555714607 0.44994208216667175 
vt 0.0612453930079937 0.43835246562957764 
vt 0.06184466555714607 0.44994208216667175 
vt 0.08629488199949265 0.4370245039463043 
vt 0.20147457718849182 0.40527382493019104 
vt 0.19620099663734436 0.4064810872077942 
vt 0.2036319524049759 0.39875468611717224 
vt 0.19476275146007538 0.3964608907699585 
vt 0.19620099663734436 0.399961918592453 
vt 0.2036319524049759 0.39875468611717224 
vt 0.2053098976612091 0.4145696461200714 
vt 0.19955691695213318 0.411310076713562 
vt 0.20147457718849182 0.40527382493019104 
vt 0.1957215815782547 0.4094991981983185 
vt 0.19955691695213318 0.411310076713562 
vt 0.20147457718849182 0.40527382493019104 
vt 0.1917663961648941 0.4126380383968353 
vt 0.19536201655864716 0.4110686182975769 
vt 0.19512231647968292 0.4145696461200714 
vt 0.2053098976612091 0.4145696461200714 
vt 0.20818640291690826 0.4115515351295471 
vt 0.20147457718849182 0.40527382493019104 
vt 0.2212504893541336 0.39573654532432556 
vt 0.2196923792362213 0.4027386009693146 
vt 0.20746727287769318 0.4021349847316742 
vt 0.06184466555714607 0.44994208216667175 
vt 0.0612453930079937 0.43835246562957764 
vt 0.05956743657588959 0.4398011863231659 
vt 0.19512231647968292 0.4145696461200714 
vt 0.19536201655864716 0.4110686182975769 
vt 0.19955691695213318 0.411310076713562 
vt 0.20974449813365936 0.41227588057518005 
vt 0.20818640291690826 0.4115515351295471 
vt 0.2067481428384781 0.41420748829841614 
vt 0.2211306244134903 0.41203442215919495 
vt 0.2067481428384781 0.41420748829841614 
vt 0.20974449813365936 0.41227588057518005 
vt 0.08629488199949265 0.4370245039463043 
vt 0.06460130959749222 0.42446911334991455 
vt 0.0612453930079937 0.43835246562957764 
vt 0.20746727287769318 0.4021349847316742 
vt 0.21369968354701996 0.4058774411678314 
vt 0.21214157342910767 0.4099820852279663 
vt 0.5741006731987 0.7151749134063721 
vt 0.5751793384552002 0.7207282781600952 
vt 0.5817713141441345 0.7162614464759827 
vt 0.2196923792362213 0.4027386009693146 
vt 0.21214157342910767 0.4099820852279663 
vt 0.21369968354701996 0.4058774411678314 
vt 0.20483048260211945 0.923063337802887 
vt 0.20435106754302979 0.926685094833374 
vt 0.20902538299560547 0.9234254956245422 
vt 0.2211306244134903 0.41203442215919495 
vt 0.2196923792362213 0.4027386009693146 
vt 0.22856158018112183 0.4072054326534271 
vt 0.2067481428384781 0.41420748829841614 
vt 0.22077107429504395 0.41420748829841614 
vt 0.2211306244134903 0.41203442215919495 
vt 0.22856158018112183 0.4072054326534271 
vt 0.2331160306930542 0.41396602988243103 
vt 0.22077107429504395 0.41420748829841614 
vt 0.20974449813365936 0.41227588057518005 
vt 0.2211306244134903 0.41203442215919495 
vt 0.21214157342910767 0.4099820852279663 
vt 0.9780086278915405 0.7836259603500366 
vt 0.9786078929901123 0.7899037003517151 
vt 0.9775292277336121 0.7899037003517151 
vt 0.2211306244134903 0.41203442215919495 
vt 0.22077107429504395 0.41420748829841614 
vt 0.22856158018112183 0.4072054326534271 
vt 0.5077015161514282 0.8901054263114929 
vt 0.5012294054031372 0.8849142789840698 
vt 0.5073419809341431 0.8864836692810059 
vt 0.6544028520584106 0.4032214879989624 
vt 0.6292334794998169 0.40310078859329224 
vt 0.6538035869598389 0.4093784689903259 
vt 0.6433762907981873 0.4175877869129181 
vt 0.6393012404441833 0.6982734203338623 
vt 0.6397806406021118 0.7092593908309937 
vt 0.6450542211532593 0.7043096423149109 
vt 0.23850946128368378 0.6007276177406311 
vt 0.21741515398025513 0.6067638397216797 
vt 0.2235277146100998 0.6015726923942566 
vt 0.2077069878578186 0.39984118938446045 
vt 0.2212504893541336 0.39573654532432556 
vt 0.2099842131137848 0.39742669463157654 
vt 0.24282419681549072 0.6109892129898071 
vt 0.2427043467760086 0.6067638397216797 
vt 0.24917647242546082 0.610747754573822 
vt 0.471026211977005 0.2639048397541046 
vt 0.45796212553977966 0.2617318034172058 
vt 0.45784229040145874 0.2636634111404419 
vt 0.9660232663154602 0.3208870589733124 
vt 0.9678210616111755 0.3251124322414398 
vt 0.9660232663154602 0.32800981402397156 
vt 0.6450542211532593 0.7043096423149109 
vt 0.6351063251495361 0.6912713646888733 
vt 0.6393012404441833 0.6982734203338623 
vt 0.9665026664733887 0.6621766090393066 
vt 0.9673416614532471 0.6678506731987 
vt 0.9660232663154602 0.6683335900306702 
vt 0.6433762907981873 0.4175877869129181 
vt 0.654522716999054 0.4306260645389557 
vt 0.6538035869598389 0.4093784689903259 
vt 0.2123812884092331 0.5930011868476868 
vt 0.21034376323223114 0.610868513584137 
vt 0.21022391319274902 0.5903452634811401 
vt 0.21741515398025513 0.6067638397216797 
vt 0.2427043467760086 0.6067638397216797 
vt 0.23850946128368378 0.6007276177406311 
vt 0.09360597282648087 0.48410725593566895 
vt 0.0931265577673912 0.4635840058326721 
vt 0.09456480294466019 0.4926787316799164 
vt 0.65044766664505 0.730627715587616 
vt 0.6486498713493347 0.7284546494483948 
vt 0.6475711464881897 0.730627715587616 
vt 0.21022391319274902 0.5774276852607727 
vt 0.21274085342884064 0.5771862268447876 
vt 0.2125011384487152 0.5829810500144958 
vt 0.5936368703842163 0.4037044048309326 
vt 0.5936368703842163 0.39066609740257263 
vt 0.5913596153259277 0.39851322770118713 
vt 0.08917137235403061 0.4411291480064392 
vt 0.08881181478500366 0.4541674554347992 
vt 0.06184466555714607 0.44994208216667175 
vt 0.5911199450492859 0.39066609740257263 
vt 0.5913596153259277 0.39851322770118713 
vt 0.5936368703842163 0.39066609740257263 
vt 0.6397806406021118 0.7092593908309937 
vt 0.6445748209953308 0.7183137536048889 
vt 0.6394211053848267 0.723625659942627 
vt 0.21274085342884064 0.5771862268447876 
vt 0.21286070346832275 0.5689769387245178 
vt 0.21022391319274902 0.5774276852607727 
vt 0.6450542211532593 0.7043096423149109 
vt 0.6445748209953308 0.7183137536048889 
vt 0.6397806406021118 0.7092593908309937 
vt 0.6444549560546875 0.7274888753890991 
vt 0.6445748209953308 0.7183137536048889 
vt 0.6394211053848267 0.723625659942627 
vt 0.5750594735145569 0.7303862571716309 
vt 0.588722825050354 0.7382333874702454 
vt 0.5743403434753418 0.7387163043022156 
vt 0.471026211977005 0.2639048397541046 
vt 0.48504912853240967 0.26438775658607483 
vt 0.48409029841423035 0.2628183364868164 
vt 0.20902538299560547 0.9234254956245422 
vt 0.20854595303535461 0.9288581609725952 
vt 0.20435106754302979 0.926685094833374 
vt 0.1432255357503891 0.7378712296485901 
vt 0.14358508586883545 0.7624990940093994 
vt 0.14993734657764435 0.7336457967758179 
vt 0.6394211053848267 0.723625659942627 
vt 0.6444549560546875 0.7274888753890991 
vt 0.6475711464881897 0.730627715587616 
vt 0.6372637152671814 0.42905664443969727 
vt 0.6292334794998169 0.41396602988243103 
vt 0.6292334794998169 0.4338856637477875 
vt 0.21310041844844818 0.6012104749679565 
vt 0.21741515398025513 0.6067638397216797 
vt 0.21034376323223114 0.610868513584137 
vt 0.5009897351264954 0.90241938829422 
vt 0.5012294054031372 0.9103872179985046 
vt 0.5075817108154297 0.9100250601768494 
vt 0.6475711464881897 0.730627715587616 
vt 0.6444549560546875 0.7274888753890991 
vt 0.6486498713493347 0.7284546494483948 
vt 0.6475711464881897 0.730627715587616 
vt 0.6394211053848267 0.723625659942627 
vt 0.6349865198135376 0.730506956577301 
vt 0.6292334794998169 0.40310078859329224 
vt 0.6433762907981873 0.4175877869129181 
vt 0.6292334794998169 0.41396602988243103 
vt 0.20986434817314148 0.6925992965698242 
vt 0.20986434817314148 0.6808890104293823 
vt 0.20327238738536835 0.6923578977584839 
vt 0.05776962637901306 0.558836042881012 
vt 0.05920787528157234 0.5525583028793335 
vt 0.05920787528157234 0.5750131607055664 
vt 0.3690304756164551 0.6304259300231934 
vt 0.3587230145931244 0.6078503727912903 
vt 0.36004140973091125 0.6235446333885193 
vt 0.3587230145931244 0.6078503727912903 
vt 0.36962974071502686 0.6079710721969604 
vt 0.3690304756164551 0.6304259300231934 
vt 0.5872846245765686 0.024507174268364906 
vt 0.5844081044197083 0.05577494949102402 
vt 0.5945956707000732 0.03573460131883621 
vt 0.5872846245765686 0.024507174268364906 
vt 0.5973523259162903 0.01098597515374422 
vt 0.5945956707000732 0.03573460131883621 
vt 0.36004140973091125 0.6235446333885193 
vt 0.36076053977012634 0.6428606510162354 
vt 0.3690304756164551 0.6304259300231934 
vt 0.35848331451416016 0.6482932567596436 
vt 0.36076053977012634 0.6428606510162354 
vt 0.3697495758533478 0.6496212482452393 
vt 0.35452812910079956 0.6498626470565796 
vt 0.35848331451416016 0.6482932567596436 
vt 0.3438611328601837 0.6498626470565796 
vt 0.5754190683364868 0.13255605101585388 
vt 0.5752992033958435 0.14317984879016876 
vt 0.5684674978256226 0.14052389562129974 
vt 0.35848331451416016 0.6482932567596436 
vt 0.35452812910079956 0.6498626470565796 
vt 0.3697495758533478 0.6496212482452393 
vt 0.9742931723594666 0.41287949681282043 
vt 0.9748924374580383 0.42362403869628906 
vt 0.9742931723594666 0.4327991306781769 
vt 0.5945956707000732 0.03573460131883621 
vt 0.5844081044197083 0.05577494949102402 
vt 0.5944758653640747 0.04321955144405365 
vt 0.9047778248786926 0.7279717326164246 
vt 0.9047778248786926 0.7609297037124634 
vt 0.8985454440116882 0.7594809532165527 
vt 0.9775292277336121 0.21984022855758667 
vt 0.9775292277336121 0.22418633103370667 
vt 0.9794468879699707 0.22092674672603607 
vt 0.1432255357503891 0.7378712296485901 
vt 0.14766012132167816 0.7233842015266418 
vt 0.14993734657764435 0.7336457967758179 
vt 0.05776962637901306 0.558836042881012 
vt 0.054773278534412384 0.5478500723838806 
vt 0.0524960532784462 0.5602847337722778 
vt 0.5944758653640747 0.04321955144405365 
vt 0.5931574702262878 0.05046305060386658 
vt 0.5844081044197083 0.05577494949102402 
vt 0.5931574702262878 0.05046305060386658 
vt 0.5844081044197083 0.05577494949102402 
vt 0.5947155356407166 0.05275682359933853 
vt 0.0524960532784462 0.5602847337722778 
vt 0.05776962637901306 0.558836042881012 
vt 0.05297546833753586 0.5876892805099487 
vt 0.8247153759002686 0.17493052780628204 
vt 0.8263933062553406 0.17094659805297852 
vt 0.8104527592658997 0.17589633166790009 
vt 0.5752992033958435 0.14317984879016876 
vt 0.5685873627662659 0.1585119217634201 
vt 0.5684674978256226 0.14052389562129974 
vt 0.5701454877853394 0.6369451284408569 
vt 0.5726624131202698 0.6424984335899353 
vt 0.5738609433174133 0.6336855292320251 
vt 0.09444495290517807 0.5349324941635132 
vt 0.12452830374240875 0.5427796244621277 
vt 0.09480451047420502 0.5437453985214233 
vt 0.21022391319274902 0.5648722648620605 
vt 0.21022391319274902 0.5774276852607727 
vt 0.21286070346832275 0.5689769387245178 
vt 0.8611509799957275 0.04756565019488335 
vt 0.8612708449363708 0.08221372216939926 
vt 0.8592333197593689 0.06869252771139145 
vt 0.5428187847137451 0.1452321708202362 
vt 0.5429386496543884 0.15537308156490326 
vt 0.552287220954895 0.15344147384166718 
vt 0.12057312577962875 0.8876909017562866 
vt 0.1178164854645729 0.8857593536376953 
vt 0.1280040740966797 0.8775500059127808 
vt 0.029723791405558586 0.640446126461029 
vt 0.045544520020484924 0.6398425102233887 
vt 0.03188116475939751 0.6369451284408569 
vt 0.5754190683364868 0.15839119255542755 
vt 0.5685873627662659 0.1585119217634201 
vt 0.5752992033958435 0.14317984879016876 
vt 0.5425790548324585 0.0886121466755867 
vt 0.5364664793014526 0.10780742764472961 
vt 0.543777585029602 0.10285770148038864 
vt 0.8611509799957275 0.04756565019488335 
vt 0.8546788692474365 0.08197227865457535 
vt 0.8545590043067932 0.05227392539381981 
vt 0.5681079626083374 0.15537308156490326 
vt 0.5684674978256226 0.14052389562129974 
vt 0.552287220954895 0.15344147384166718 
vt 0.05776962637901306 0.558836042881012 
vt 0.054773278534412384 0.5478500723838806 
vt 0.05920787528157234 0.5525583028793335 
vt 0.5684674978256226 0.14052389562129974 
vt 0.5754190683364868 0.13255605101585388 
vt 0.5657109022140503 0.12265659868717194 
vt 0.1480196863412857 0.5145299434661865 
vt 0.14849910140037537 0.5292583703994751 
vt 0.12452830374240875 0.5427796244621277 
vt 0.8611509799957275 0.04756565019488335 
vt 0.8612708449363708 0.02861182577908039 
vt 0.8545590043067932 0.026680225506424904 
vt 0.8545590043067932 0.05227392539381981 
vt 0.8545590043067932 0.026680225506424904 
vt 0.8611509799957275 0.04756565019488335 
vt 0.5426989197731018 0.1582704782485962 
vt 0.5428187847137451 0.1452321708202362 
vt 0.5359870791435242 0.14595653116703033 
vt 0.6372637152671814 0.42905664443969727 
vt 0.6433762907981873 0.4175877869129181 
vt 0.654522716999054 0.4306260645389557 
vt 0.7581964135169983 0.7663623094558716 
vt 0.7482485175132751 0.7676903009414673 
vt 0.7613126039505005 0.7676903009414673 
vt 0.05441371724009514 0.6304259300231934 
vt 0.054773278534412384 0.6403254270553589 
vt 0.047701891511678696 0.6375487446784973 
vt 0.054773278534412384 0.6403254270553589 
vt 0.047701891511678696 0.6375487446784973 
vt 0.045544520020484924 0.6398425102233887 
vt 0.12452830374240875 0.5427796244621277 
vt 0.09456480294466019 0.4926787316799164 
vt 0.14670129120349884 0.4912300109863281 
vt 0.5444967150688171 0.11324004828929901 
vt 0.5359870791435242 0.13122807443141937 
vt 0.5422195196151733 0.13014155626296997 
vt 0.31162041425704956 0.673524796962738 
vt 0.30814462900161743 0.67690509557724 
vt 0.3077850639820099 0.6719553470611572 
vt 0.6401402354240417 0.45621976256370544 
vt 0.6544028520584106 0.4571855664253235 
vt 0.6542829871177673 0.4425778388977051 
vt 0.6542829871177673 0.4425778388977051 
vt 0.6372637152671814 0.42905664443969727 
vt 0.6539234519004822 0.43557581305503845 
vt 0.6585977077484131 0.4848316013813019 
vt 0.6546425223350525 0.48434871435165405 
vt 0.6581183075904846 0.5077693462371826 
vt 0.09456480294466019 0.4926787316799164 
vt 0.0931265577673912 0.4635840058326721 
vt 0.1049921065568924 0.4635840058326721 
vt 0.3697495758533478 0.6496212482452393 
vt 0.3690304756164551 0.6304259300231934 
vt 0.36076053977012634 0.6428606510162354 
vt 0.6546425223350525 0.48434871435165405 
vt 0.6587175726890564 0.46491196751594543 
vt 0.6585977077484131 0.4848316013813019 
vt 0.6372637152671814 0.42905664443969727 
vt 0.6292334794998169 0.4338856637477875 
vt 0.6293533444404602 0.4568234086036682 
vt 0.14766012132167816 0.7233842015266418 
vt 0.14969764649868011 0.7068448662757874 
vt 0.14993734657764435 0.7212111353874207 
vt 0.6546425223350525 0.4666021168231964 
vt 0.6546425223350525 0.48434871435165405 
vt 0.6587175726890564 0.46491196751594543 
vt 0.5444967150688171 0.11324004828929901 
vt 0.5564821362495422 0.10032247751951218 
vt 0.5657109022140503 0.12265659868717194 
vt 0.5754190683364868 0.13255605101585388 
vt 0.5685873627662659 0.10478930175304413 
vt 0.5657109022140503 0.12265659868717194 
vt 0.5754190683364868 0.11263642460107803 
vt 0.5754190683364868 0.13255605101585388 
vt 0.5685873627662659 0.10478930175304413 
vt 0.6372637152671814 0.42905664443969727 
vt 0.6401402354240417 0.45621976256370544 
vt 0.6542829871177673 0.4425778388977051 
vt 0.6627926230430603 0.5106667280197144 
vt 0.6581183075904846 0.5077693462371826 
vt 0.6659088134765625 0.5070449709892273 
vt 0.5564821362495422 0.10032247751951218 
vt 0.5681079626083374 0.08402460068464279 
vt 0.5539652109146118 0.08438677340745926 
vt 0.8104527592658997 0.17589633166790009 
vt 0.8104527592658997 0.14366275072097778 
vt 0.8118910193443298 0.17227457463741302 
vt 0.6372637152671814 0.42905664443969727 
vt 0.6293533444404602 0.4568234086036682 
vt 0.6401402354240417 0.45621976256370544 
vt 0.5754190683364868 0.11263642460107803 
vt 0.5685873627662659 0.10478930175304413 
vt 0.5681079626083374 0.08402460068464279 
vt 0.14766012132167816 0.7233842015266418 
vt 0.14969764649868011 0.7068448662757874 
vt 0.14334538578987122 0.7064827084541321 
vt 0.5444967150688171 0.11324004828929901 
vt 0.5359870791435242 0.13122807443141937 
vt 0.5364664793014526 0.10780742764472961 
vt 0.09456480294466019 0.4926787316799164 
vt 0.14670129120349884 0.4912300109863281 
vt 0.15005721151828766 0.4757772386074066 
vt 0.14981749653816223 0.4639461636543274 
vt 0.15005721151828766 0.4757772386074066 
vt 0.09456480294466019 0.4926787316799164 
vt 0.5362268090248108 0.09247534722089767 
vt 0.5426989197731018 0.08052357286214828 
vt 0.5359870791435242 0.08064430207014084 
vt 0.6546425223350525 0.5105460286140442 
vt 0.6581183075904846 0.5077693462371826 
vt 0.6627926230430603 0.5106667280197144 
vt 0.6294732093811035 0.4571855664253235 
vt 0.6292334794998169 0.47976115345954895 
vt 0.6546425223350525 0.4571855664253235 
vt 0.600348711013794 0.8109098076820374 
vt 0.6038244366645813 0.8140486478805542 
vt 0.6046634316444397 0.8249139189720154 
vt 0.680411159992218 0.4579099118709564 
vt 0.6904789209365845 0.45404672622680664 
vt 0.6769353747367859 0.454650342464447 
vt 0.485168993473053 0.47348344326019287 
vt 0.4854086935520172 0.44016334414482117 
vt 0.48588812351226807 0.45947936177253723 
vt 0.48588812351226807 0.45947936177253723 
vt 0.4917609691619873 0.4452337920665741 
vt 0.4854086935520172 0.44016334414482117 
vt 0.25492945313453674 0.5146507024765015 
vt 0.2602030336856842 0.5343288779258728 
vt 0.25504931807518005 0.5479707717895508 
vt 0.25492945313453674 0.5146507024765015 
vt 0.26056259870529175 0.5093387961387634 
vt 0.25504931807518005 0.5095802545547485 
vt 0.2642780840396881 0.5183931589126587 
vt 0.25492945313453674 0.5146507024765015 
vt 0.26056259870529175 0.5093387961387634 
vt 0.4917609691619873 0.4452337920665741 
vt 0.4867270886898041 0.41287949681282043 
vt 0.4854086935520172 0.44016334414482117 
vt 0.2602030336856842 0.5343288779258728 
vt 0.25492945313453674 0.5146507024765015 
vt 0.26044273376464844 0.5205662250518799 
vt 0.2642780840396881 0.5183931589126587 
vt 0.2792598307132721 0.5185138583183289 
vt 0.26056259870529175 0.5093387961387634 
vt 0.63954097032547 0.5106667280197144 
vt 0.6294732093811035 0.5105460286140442 
vt 0.6294732093811035 0.5006465911865234 
vt 0.36579442024230957 0.5448319315910339 
vt 0.34410083293914795 0.4920750856399536 
vt 0.3455390930175781 0.544711172580719 
vt 0.2600831687450409 0.5594396591186523 
vt 0.25504931807518005 0.5479707717895508 
vt 0.2602030336856842 0.5343288779258728 
vt 0.48492929339408875 0.4742077887058258 
vt 0.46910855174064636 0.4717932939529419 
vt 0.4790564477443695 0.4793989658355713 
vt 0.8574355244636536 0.10116755217313766 
vt 0.8525214791297913 0.10165044665336609 
vt 0.8568362593650818 0.08824997395277023 
vt 0.600348711013794 0.8109098076820374 
vt 0.6038244366645813 0.8140486478805542 
vt 0.6023861765861511 0.7950948476791382 
vt 0.28980696201324463 0.5180310010910034 
vt 0.2735068202018738 0.5097009539604187 
vt 0.29627910256385803 0.5132019519805908 
vt 0.25504931807518005 0.5479707717895508 
vt 0.2602030336856842 0.5781520009040833 
vt 0.2600831687450409 0.5594396591186523 
vt 0.5987905859947205 0.7888171672821045 
vt 0.6023861765861511 0.7950948476791382 
vt 0.600348711013794 0.8109098076820374 
vt 0.485168993473053 0.40092772245407104 
vt 0.4854086935520172 0.44016334414482117 
vt 0.4867270886898041 0.41287949681282043 
vt 0.2552890181541443 0.5873271226882935 
vt 0.2602030336856842 0.5781520009040833 
vt 0.26367878913879395 0.5866027474403381 
vt 0.9082536101341248 0.775537371635437 
vt 0.91041100025177 0.7734850645065308 
vt 0.91041100025177 0.7650343179702759 
vt 0.9802858829498291 0.10478930175304413 
vt 0.9806454181671143 0.10032247751951218 
vt 0.9814844131469727 0.10478930175304413 
vt 0.2602030336856842 0.5781520009040833 
vt 0.26367878913879395 0.5866027474403381 
vt 0.2727876901626587 0.5786349177360535 
vt 0.9099315404891968 0.7864026427268982 
vt 0.9082536101341248 0.775537371635437 
vt 0.91041100025177 0.7734850645065308 
vt 0.2284417301416397 0.48410725593566895 
vt 0.232277050614357 0.48603886365890503 
vt 0.23263661563396454 0.48241710662841797 
vt 0.9099315404891968 0.7864026427268982 
vt 0.9101712703704834 0.78966224193573 
vt 0.903938889503479 0.7889378666877747 
vt 0.2778215706348419 0.5770655274391174 
vt 0.27985909581184387 0.5870856642723083 
vt 0.2802186608314514 0.5722364783287048 
vt 0.232277050614357 0.48603886365890503 
vt 0.23263661563396454 0.49412742257118225 
vt 0.2284417301416397 0.48410725593566895 
vt 0.26367878913879395 0.5866027474403381 
vt 0.27985909581184387 0.5870856642723083 
vt 0.2778215706348419 0.5770655274391174 
vt 0.2727876901626587 0.5786349177360535 
vt 0.2778215706348419 0.5770655274391174 
vt 0.26367878913879395 0.5866027474403381 
vt 0.10750903934240341 0.9756994247436523 
vt 0.11110465973615646 0.9764237999916077 
vt 0.11050538718700409 0.9654378294944763 
vt 0.485168993473053 0.47348344326019287 
vt 0.49056240916252136 0.46491196751594543 
vt 0.49200066924095154 0.47843316197395325 
vt 0.03511722385883331 0.7821772694587708 
vt 0.03224072605371475 0.784229576587677 
vt 0.04278787970542908 0.7882135510444641 
vt 0.4876859188079834 0.47867462038993835 
vt 0.485168993473053 0.47348344326019287 
vt 0.49200066924095154 0.47843316197395325 
vt 0.5617557168006897 0.21694283187389374 
vt 0.5854867696762085 0.2092164307832718 
vt 0.5603174567222595 0.20897497236728668 
vt 0.6769353747367859 0.4844694137573242 
vt 0.6770552396774292 0.47408708930015564 
vt 0.6807706952095032 0.48036476969718933 
vt 0.2092650830745697 0.5792385339736938 
vt 0.19847822189331055 0.5789970755577087 
vt 0.19931720197200775 0.5821359753608704 
vt 0.9620680809020996 0.8204470872879028 
vt 0.9593114256858826 0.8251553773880005 
vt 0.9593114256858826 0.8109098076820374 
vt 0.5599578619003296 0.2246692180633545 
vt 0.5664300322532654 0.2246692180633545 
vt 0.5617557168006897 0.21694283187389374 
vt 0.678733229637146 0.053722623735666275 
vt 0.6968311667442322 0.05939669907093048 
vt 0.6853251457214355 0.05891380086541176 
vt 0.6904789209365845 0.08390387147665024 
vt 0.6858046054840088 0.08716344833374023 
vt 0.687242865562439 0.09621782600879669 
vt 0.5564821362495422 0.20571540296077728 
vt 0.5532460808753967 0.21428687870502472 
vt 0.5532460808753967 0.20571540296077728 
vt 0.6829280853271484 0.11348149925470352 
vt 0.687242865562439 0.09621782600879669 
vt 0.6806508898735046 0.10660017281770706 
vt 0.5538453459739685 0.2406049221754074 
vt 0.5583997964859009 0.24084638059139252 
vt 0.5531262159347534 0.24591682851314545 
vt 0.3444603979587555 0.5116325616836548 
vt 0.3455390930175781 0.544711172580719 
vt 0.34410083293914795 0.4920750856399536 
vt 0.5600777268409729 0.2837037444114685 
vt 0.5539652109146118 0.27464938163757324 
vt 0.5599578619003296 0.26764732599258423 
vt 0.18888990581035614 0.5786349177360535 
vt 0.15497122704982758 0.5377091765403748 
vt 0.15257413685321808 0.5694597959518433 
vt 0.7209218144416809 0.5680111050605774 
vt 0.7146893739700317 0.5676489472389221 
vt 0.7145695686340332 0.5499023795127869 
vt 0.5539652109146118 0.27464938163757324 
vt 0.55336594581604 0.2834622859954834 
vt 0.5600777268409729 0.2837037444114685 
vt 0.8575553894042969 0.12374312430620193 
vt 0.8509634137153625 0.11239497363567352 
vt 0.8525214791297913 0.10165044665336609 
vt 0.5803330540657043 0.4890569746494293 
vt 0.576857328414917 0.4804854989051819 
vt 0.576857328414917 0.49461033940315247 
vt 0.5803330540657043 0.4890569746494293 
vt 0.576857328414917 0.4804854989051819 
vt 0.5820110440254211 0.479036808013916 
vt 0.6769353747367859 0.4844694137573242 
vt 0.6769353747367859 0.5060791969299316 
vt 0.6807706952095032 0.5012502074241638 
vt 0.6544028520584106 0.48410725593566895 
vt 0.6436159610748291 0.4988357126712799 
vt 0.6294732093811035 0.5006465911865234 
vt 0.6294732093811035 0.5006465911865234 
vt 0.6544028520584106 0.48410725593566895 
vt 0.6292334794998169 0.47976115345954895 
vt 0.6769353747367859 0.4844694137573242 
vt 0.6807706952095032 0.48036476969718933 
vt 0.6807706952095032 0.5012502074241638 
vt 0.8568362593650818 0.08824997395277023 
vt 0.8510832786560059 0.08571474999189377 
vt 0.8515626788139343 0.09090592712163925 
vt 0.22712333500385284 0.25134944915771484 
vt 0.21849384903907776 0.25291886925697327 
vt 0.21837398409843445 0.25110799074172974 
vt 0.6769353747367859 0.5112704038619995 
vt 0.6812501549720764 0.5111496448516846 
vt 0.6769353747367859 0.5060791969299316 
vt 0.20830625295639038 0.5497816205024719 
vt 0.18888990581035614 0.5786349177360535 
vt 0.15497122704982758 0.5377091765403748 
vt 0.576857328414917 0.49461033940315247 
vt 0.5772168636322021 0.5080108046531677 
vt 0.5821308493614197 0.5041475892066956 
vt 0.7145695686340332 0.5499023795127869 
vt 0.7210416793823242 0.5479707717895508 
vt 0.7209218144416809 0.5680111050605774 
vt 0.5772168636322021 0.5080108046531677 
vt 0.5707447528839111 0.5110289454460144 
vt 0.5863257646560669 0.5110289454460144 
vt 0.6829280853271484 0.11348149925470352 
vt 0.678733229637146 0.11263642460107803 
vt 0.6806508898735046 0.10660017281770706 
vt 0.5606769919395447 0.5093387961387634 
vt 0.5707447528839111 0.5110289454460144 
vt 0.5691866278648376 0.5084937214851379 
vt 0.576857328414917 0.49461033940315247 
vt 0.5803330540657043 0.4890569746494293 
vt 0.5821308493614197 0.5041475892066956 
vt 0.25720667839050293 0.654088020324707 
vt 0.28033849596977234 0.6447921991348267 
vt 0.2555287182331085 0.6415326595306396 
vt 0.6968311667442322 0.05939669907093048 
vt 0.6928759813308716 0.06120757386088371 
vt 0.6853251457214355 0.05891380086541176 
vt 0.6104164123535156 0.9313933849334717 
vt 0.6138921976089478 0.9274094700813293 
vt 0.6102965474128723 0.923063337802887 
vt 0.5657109022140503 0.25871366262435913 
vt 0.5610365867614746 0.2669229805469513 
vt 0.5595983266830444 0.256902813911438 
vt 0.6046634316444397 0.7656379342079163 
vt 0.597232460975647 0.7666037678718567 
vt 0.6004685163497925 0.7697426080703735 
vt 0.4867270886898041 0.41287949681282043 
vt 0.4918808043003082 0.40068626403808594 
vt 0.49200066924095154 0.4230203926563263 
vt 0.49200066924095154 0.4230203926563263 
vt 0.4867270886898041 0.41287949681282043 
vt 0.4917609691619873 0.4452337920665741 
vt 0.9082536101341248 0.775537371635437 
vt 0.9038190245628357 0.7721570730209351 
vt 0.9038190245628357 0.7645514011383057 
vt 0.485168993473053 0.40092772245407104 
vt 0.4867270886898041 0.41287949681282043 
vt 0.4918808043003082 0.40068626403808594 
vt 0.23263661563396454 0.49412742257118225 
vt 0.2163364738225937 0.4909885823726654 
vt 0.2284417301416397 0.48410725593566895 
vt 0.092287577688694 0.6437057256698608 
vt 0.09336626529693604 0.6520357131958008 
vt 0.11757677048444748 0.6410497426986694 
vt 0.23263661563396454 0.49412742257118225 
vt 0.2314380705356598 0.5025781989097595 
vt 0.21681588888168335 0.4988357126712799 
vt 0.6102965474128723 0.9481741786003113 
vt 0.6138921976089478 0.9475705027580261 
vt 0.6141318678855896 0.9441902041435242 
vt 0.6104164123535156 0.9313933849334717 
vt 0.6138921976089478 0.9274094700813293 
vt 0.6141318678855896 0.9441902041435242 
vt 0.21262100338935852 0.4901435077190399 
vt 0.2163364738225937 0.4909885823726654 
vt 0.21357983350753784 0.4844694137573242 
vt 0.5532460808753967 0.21428687870502472 
vt 0.5599578619003296 0.2246692180633545 
vt 0.5583997964859009 0.24084638059139252 
vt 0.15461166203022003 0.5115118026733398 
vt 0.15497122704982758 0.5377091765403748 
vt 0.20854595303535461 0.5355361104011536 
vt 0.5531262159347534 0.24591682851314545 
vt 0.5583997964859009 0.24084638059139252 
vt 0.5595983266830444 0.256902813911438 
vt 0.19931720197200775 0.5821359753608704 
vt 0.18241779506206512 0.579479992389679 
vt 0.18601340055465698 0.5824981331825256 
vt 0.6546425223350525 0.4251934587955475 
vt 0.6566800475120544 0.43485143780708313 
vt 0.6548822522163391 0.4436643719673157 
vt 0.5539652109146118 0.27464938163757324 
vt 0.5599578619003296 0.26764732599258423 
vt 0.5532460808753967 0.2721141576766968 
vt 0.5610365867614746 0.2669229805469513 
vt 0.5657109022140503 0.25871366262435913 
vt 0.5601975917816162 0.28008198738098145 
vt 0.09336626529693604 0.6520357131958008 
vt 0.1178164854645729 0.6521564722061157 
vt 0.11757677048444748 0.6410497426986694 
vt 0.19931720197200775 0.5821359753608704 
vt 0.18241779506206512 0.579479992389679 
vt 0.19847822189331055 0.5789970755577087 
vt 0.11745692044496536 0.6249933242797852 
vt 0.11110465973615646 0.6219751834869385 
vt 0.11757677048444748 0.6410497426986694 
vt 0.16983312368392944 0.4996807873249054 
vt 0.15461166203022003 0.5115118026733398 
vt 0.1528138518333435 0.5002843737602234 
vt 0.1528138518333435 0.5002843737602234 
vt 0.15245428681373596 0.5089765787124634 
vt 0.15461166203022003 0.5115118026733398 
vt 0.092287577688694 0.6437057256698608 
vt 0.10391341894865036 0.6239067912101746 
vt 0.11110465973615646 0.6219751834869385 
vt 0.2163364738225937 0.4909885823726654 
vt 0.21681588888168335 0.4988357126712799 
vt 0.23263661563396454 0.49412742257118225 
vt 0.2815370559692383 0.8316745162010193 
vt 0.27494508028030396 0.8164631724357605 
vt 0.2816568911075592 0.7991995215415955 
vt 0.18589355051517487 0.5936048030853271 
vt 0.18253764510154724 0.6119550466537476 
vt 0.1862531155347824 0.6096612215042114 
vt 0.2164563238620758 0.5097009539604187 
vt 0.2314380705356598 0.5025781989097595 
vt 0.23179763555526733 0.5095802545547485 
vt 0.38065630197525024 0.6086954474449158 
vt 0.37418419122695923 0.6266834735870361 
vt 0.37909820675849915 0.6295808553695679 
vt 0.027566419914364815 0.7947326898574829 
vt 0.03008335456252098 0.7917145490646362 
vt 0.03451795130968094 0.7967849969863892 
vt 0.7639493942260742 0.9651963710784912 
vt 0.7627508640289307 0.9714740514755249 
vt 0.7669457197189331 0.965075671672821 
vt 0.7627508640289307 0.9714740514755249 
vt 0.7669457197189331 0.965075671672821 
vt 0.7669457197189331 0.9713533520698547 
vt 0.3699893057346344 0.6086954474449158 
vt 0.37430405616760254 0.6155768036842346 
vt 0.38065630197525024 0.6086954474449158 
vt 0.9699784517288208 0.8014932870864868 
vt 0.9660232663154602 0.7975093722343445 
vt 0.9699784517288208 0.7972679138183594 
vt 0.9699784517288208 0.8014932870864868 
vt 0.9660232663154602 0.7975093722343445 
vt 0.9660232663154602 0.8018554449081421 
vt 0.10355385392904282 0.5985545516014099 
vt 0.10307443886995316 0.6007276177406311 
vt 0.0970817431807518 0.6030213832855225 
vt 0.0970817431807518 0.6030213832855225 
vt 0.09240743517875671 0.5984338521957397 
vt 0.09192802011966705 0.6026592254638672 
vt 0.8787695169448853 0.965075671672821 
vt 0.8812864422798157 0.9719569683074951 
vt 0.8787695169448853 0.9744921922683716 
vt 0.20902538299560547 0.5259988307952881 
vt 0.20902538299560547 0.49931859970092773 
vt 0.20854595303535461 0.5355361104011536 
vt 0.22220931947231293 0.8596827387809753 
vt 0.20962464809417725 0.8497833013534546 
vt 0.22496595978736877 0.8496625423431396 
vt 0.210823193192482 0.851956307888031 
vt 0.22220931947231293 0.8596827387809753 
vt 0.20962464809417725 0.8497833013534546 
vt 0.11158407479524612 0.6198021769523621 
vt 0.1178164854645729 0.6172669529914856 
vt 0.11110465973615646 0.6219751834869385 
vt 0.11757677048444748 0.6410497426986694 
vt 0.11110465973615646 0.6219751834869385 
vt 0.092287577688694 0.6437057256698608 
vt 0.20974449813365936 0.8577511310577393 
vt 0.210823193192482 0.851956307888031 
vt 0.22220931947231293 0.8596827387809753 
vt 0.1862531155347824 0.6096612215042114 
vt 0.18253764510154724 0.6119550466537476 
vt 0.1861332654953003 0.6173876523971558 
vt 0.3964770436286926 0.6476896405220032 
vt 0.3698694407939911 0.6479310989379883 
vt 0.3793379068374634 0.6457580327987671 
vt 0.3793379068374634 0.6457580327987671 
vt 0.3740643262863159 0.635134220123291 
vt 0.373944491147995 0.6409290432929993 
vt 0.21046362817287445 0.866081178188324 
vt 0.20974449813365936 0.8577511310577393 
vt 0.21525777876377106 0.8636666536331177 
vt 0.11266276240348816 0.605798065662384 
vt 0.1178164854645729 0.6172669529914856 
vt 0.11194363236427307 0.5986752510070801 
vt 0.21525777876377106 0.8636666536331177 
vt 0.2180144190788269 0.8718759417533875 
vt 0.20962464809417725 0.8724795579910278 
vt 0.22220931947231293 0.8596827387809753 
vt 0.21525777876377106 0.8636666536331177 
vt 0.2180144190788269 0.8718759417533875 
vt 0.04422612488269806 0.8059601187705994 
vt 0.04015108942985535 0.8040285110473633 
vt 0.04326729476451874 0.7993202209472656 
vt 0.10990611463785172 0.5992789268493652 
vt 0.11194363236427307 0.5986752510070801 
vt 0.10355385392904282 0.5985545516014099 
vt 0.3964770436286926 0.6476896405220032 
vt 0.3793379068374634 0.6457580327987671 
vt 0.39683660864830017 0.6453958749771118 
vt 0.1178164854645729 0.6172669529914856 
vt 0.1178164854645729 0.5986752510070801 
vt 0.11194363236427307 0.5986752510070801 
vt 0.3698694407939911 0.6411705017089844 
vt 0.373944491147995 0.6409290432929993 
vt 0.3793379068374634 0.6457580327987671 
vt 0.5426989197731018 0.07122775167226791 
vt 0.5359870791435242 0.07086557149887085 
vt 0.5362268090248108 0.08040285110473633 
vt 0.884162962436676 0.3928391635417938 
vt 0.880447506904602 0.40503236651420593 
vt 0.8775709867477417 0.3928391635417938 
vt 0.6871230006217957 0.4500628113746643 
vt 0.6858046054840088 0.4517529606819153 
vt 0.6973105669021606 0.4498213529586792 
vt 0.6547623872756958 0.417346328496933 
vt 0.6799317598342896 0.43774884939193726 
vt 0.6566800475120544 0.43485143780708313 
vt 0.6999473571777344 0.4195193648338318 
vt 0.7013856172561646 0.4062396287918091 
vt 0.6919171214103699 0.4058774411678314 
vt 0.6800516247749329 0.4150525629520416 
vt 0.6757368445396423 0.4169841408729553 
vt 0.6794523000717163 0.40853339433670044 
vt 0.6871230006217957 0.4500628113746643 
vt 0.6999473571777344 0.4195193648338318 
vt 0.6879619359970093 0.43581724166870117 
vt 0.880447506904602 0.40503236651420593 
vt 0.884162962436676 0.3928391635417938 
vt 0.884162962436676 0.4132416844367981 
vt 0.40294915437698364 0.7243499755859375 
vt 0.39899396896362305 0.7137262225151062 
vt 0.3985145390033722 0.7271266579627991 
vt 0.4790564477443695 0.4793989658355713 
vt 0.47773805260658264 0.48543521761894226 
vt 0.47701892256736755 0.48036476969718933 
vt 0.8832041025161743 0.43799030780792236 
vt 0.8785298466682434 0.42120951414108276 
vt 0.879368782043457 0.4382317364215851 
vt 0.46359527111053467 0.4750528633594513 
vt 0.46347540616989136 0.47131040692329407 
vt 0.46910855174064636 0.4717932939529419 
vt 0.8256741762161255 0.49352380633354187 
vt 0.8263933062553406 0.4848316013813019 
vt 0.8163256049156189 0.4985942542552948 
vt 0.4329126477241516 0.4779502749443054 
vt 0.4246427118778229 0.47082749009132385 
vt 0.4337516129016876 0.4739663600921631 
vt 0.543058454990387 0.0006036250269971788 
vt 0.5359870791435242 0.010261625051498413 
vt 0.5432981848716736 0.0045875501818954945 
vt 0.4359090030193329 0.4696202576160431 
vt 0.4337516129016876 0.4739663600921631 
vt 0.4246427118778229 0.47082749009132385 
vt 0.877690851688385 0.30012235045433044 
vt 0.8761327266693115 0.3274061977863312 
vt 0.8779305219650269 0.32776838541030884 
vt 0.4391450583934784 0.46889591217041016 
vt 0.4390251934528351 0.4731212854385376 
vt 0.4359090030193329 0.4696202576160431 
vt 0.4454973042011261 0.4715518355369568 
vt 0.4423811137676239 0.47106894850730896 
vt 0.443939208984375 0.47384563088417053 
vt 0.951640784740448 0.6755771040916443 
vt 0.9540378451347351 0.6777501702308655 
vt 0.955356240272522 0.6865630745887756 
vt 0.4359090030193329 0.4696202576160431 
vt 0.4337516129016876 0.4739663600921631 
vt 0.4390251934528351 0.4731212854385376 
vt 0.8153667449951172 0.5303449034690857 
vt 0.8153667449951172 0.5258780717849731 
vt 0.8171645998954773 0.5262402892112732 
vt 0.8263933062553406 0.5304656624794006 
vt 0.825194776058197 0.5134434103965759 
vt 0.8171645998954773 0.5262402892112732 
vt 0.8153667449951172 0.5303449034690857 
vt 0.8171645998954773 0.5262402892112732 
vt 0.8263933062553406 0.5304656624794006 
vt 0.4203279912471771 0.4698616862297058 
vt 0.4152941107749939 0.47167256474494934 
vt 0.42056769132614136 0.47493216395378113 
vt 0.4246427118778229 0.47082749009132385 
vt 0.42056769132614136 0.47493216395378113 
vt 0.4203279912471771 0.4698616862297058 
vt 0.5426989197731018 0.07122775167226791 
vt 0.5431783199310303 0.07605674862861633 
vt 0.5509688258171082 0.07134847342967987 
vt 0.3994733691215515 0.6933236718177795 
vt 0.40378811955451965 0.6936858296394348 
vt 0.4033087193965912 0.7096215486526489 
vt 0.5362268090248108 0.08040285110473633 
vt 0.5426989197731018 0.08040285110473633 
vt 0.5426989197731018 0.07122775167226791 
vt 0.5426989197731018 0.07122775167226791 
vt 0.5431783199310303 0.07605674862861633 
vt 0.5426989197731018 0.08040285110473633 
vt 0.5847676396369934 0.47215548157691956 
vt 0.576857328414917 0.4804854989051819 
vt 0.5820110440254211 0.479036808013916 
vt 0.8785298466682434 0.42120951414108276 
vt 0.8775709867477417 0.405998170375824 
vt 0.880447506904602 0.40503236651420593 
vt 0.8838033676147461 0.42664214968681335 
vt 0.884162962436676 0.4132416844367981 
vt 0.8785298466682434 0.42120951414108276 
vt 0.8832041025161743 0.43799030780792236 
vt 0.8785298466682434 0.42120951414108276 
vt 0.8838033676147461 0.42664214968681335 
vt 0.055732108652591705 0.7336457967758179 
vt 0.0548931322991848 0.7521167397499084 
vt 0.05848875269293785 0.7448732256889343 
vt 0.5431783199310303 0.07605674862861633 
vt 0.567268967628479 0.07158992439508438 
vt 0.5684674978256226 0.0764189213514328 
vt 0.567268967628479 0.07158992439508438 
vt 0.5509688258171082 0.07134847342967987 
vt 0.5431783199310303 0.07605674862861633 
vt 0.5751793384552002 0.06398425251245499 
vt 0.5752992033958435 0.08052357286214828 
vt 0.5732616782188416 0.08016140013933182 
vt 0.5821308493614197 0.5041475892066956 
vt 0.5772168636322021 0.5080108046531677 
vt 0.5863257646560669 0.5047512054443359 
vt 0.05417400971055031 0.7232635021209717 
vt 0.05824904516339302 0.7237463593482971 
vt 0.055732108652591705 0.7336457967758179 
vt 0.5725425481796265 0.07086557149887085 
vt 0.5684674978256226 0.0764189213514328 
vt 0.5732616782188416 0.08016140013933182 
vt 0.46814972162246704 0.508372962474823 
vt 0.47462183237075806 0.5113911032676697 
vt 0.4518495798110962 0.5109081864356995 
vt 0.8583943247795105 0.8099440336227417 
vt 0.8563568592071533 0.8024590611457825 
vt 0.8518023490905762 0.8099440336227417 
vt 0.39192259311676025 0.47384563088417053 
vt 0.396237313747406 0.5026988983154297 
vt 0.34410083293914795 0.4920750856399536 
vt 0.058848313987255096 0.7524788975715637 
vt 0.0548931322991848 0.7521167397499084 
vt 0.05824904516339302 0.7573079466819763 
vt 0.5725425481796265 0.07086557149887085 
vt 0.5751793384552002 0.06398425251245499 
vt 0.5732616782188416 0.08016140013933182 
vt 0.3985145390033722 0.7271266579627991 
vt 0.4024697244167328 0.732197105884552 
vt 0.40294915437698364 0.7243499755859375 
vt 0.6799317598342896 0.42289966344833374 
vt 0.6799317598342896 0.43774884939193726 
vt 0.6547623872756958 0.417346328496933 
vt 0.40294915437698364 0.7243499755859375 
vt 0.4033087193965912 0.7096215486526489 
vt 0.39899396896362305 0.7137262225151062 
vt 0.6547623872756958 0.417346328496933 
vt 0.6757368445396423 0.4169841408729553 
vt 0.6799317598342896 0.42289966344833374 
vt 0.4767792224884033 0.48543521761894226 
vt 0.47701892256736755 0.48036476969718933 
vt 0.46802985668182373 0.48350363969802856 
vt 0.47773805260658264 0.48543521761894226 
vt 0.4767792224884033 0.48543521761894226 
vt 0.47701892256736755 0.48036476969718933 
vt 0.4767792224884033 0.48543521761894226 
vt 0.47917628288269043 0.49255800247192383 
vt 0.47773805260658264 0.48543521761894226 
vt 0.46826958656311035 0.47782954573631287 
vt 0.46802985668182373 0.48350363969802856 
vt 0.46491366624832153 0.4804854989051819 
vt 0.46491366624832153 0.4804854989051819 
vt 0.46826958656311035 0.47782954573631287 
vt 0.46359527111053467 0.4750528633594513 
vt 0.47701892256736755 0.48036476969718933 
vt 0.46802985668182373 0.48350363969802856 
vt 0.46826958656311035 0.47782954573631287 
vt 0.46826958656311035 0.47782954573631287 
vt 0.46910855174064636 0.4717932939529419 
vt 0.46359527111053467 0.4750528633594513 
vt 0.47773805260658264 0.48543521761894226 
vt 0.48013511300086975 0.4940066933631897 
vt 0.47917628288269043 0.49255800247192383 
vt 0.05848875269293785 0.7448732256889343 
vt 0.0548931322991848 0.7521167397499084 
vt 0.058848313987255096 0.7524788975715637 
vt 0.4735431671142578 0.49304088950157166 
vt 0.4719850420951843 0.4899020493030548 
vt 0.47917628288269043 0.49255800247192383 
vt 0.664710283279419 0.4067225158214569 
vt 0.6757368445396423 0.4169841408729553 
vt 0.6733397841453552 0.4084126651287079 
vt 0.4719850420951843 0.4899020493030548 
vt 0.4767792224884033 0.48543521761894226 
vt 0.47917628288269043 0.49255800247192383 
vt 0.4719850420951843 0.4899020493030548 
vt 0.4724644720554352 0.48567667603492737 
vt 0.46910855174064636 0.4899020493030548 
vt 0.5736212730407715 0.05468842387199402 
vt 0.5752992033958435 0.04756565019488335 
vt 0.5751793384552002 0.06398425251245499 
vt 0.05824904516339302 0.7573079466819763 
vt 0.0548931322991848 0.7521167397499084 
vt 0.05429386347532272 0.759963870048523 
vt 0.8586340546607971 0.7839881777763367 
vt 0.8518023490905762 0.8099440336227417 
vt 0.8516825437545776 0.7843503355979919 
vt 0.5599578619003296 0.9329627752304077 
vt 0.5597181916236877 0.928375244140625 
vt 0.5548041462898254 0.9284960031509399 
vt 0.8539597392082214 0.782539427280426 
vt 0.8586340546607971 0.7839881777763367 
vt 0.8516825437545776 0.7843503355979919 
vt 0.4839704632759094 0.5110289454460144 
vt 0.485168993473053 0.5088558793067932 
vt 0.47845718264579773 0.5098216533660889 
vt 0.9566746354103088 0.7498229742050171 
vt 0.951640784740448 0.7521167397499084 
vt 0.951640784740448 0.742941677570343 
vt 0.47462183237075806 0.5113911032676697 
vt 0.47845718264579773 0.5098216533660889 
vt 0.47546082735061646 0.5087351202964783 
vt 0.5516879558563232 0.9289788603782654 
vt 0.5528864860534668 0.9254778623580933 
vt 0.5509688258171082 0.9339286088943481 
vt 0.9566746354103088 0.7498229742050171 
vt 0.951640784740448 0.7521167397499084 
vt 0.9548768401145935 0.7527203559875488 
vt 0.36579442024230957 0.5448319315910339 
vt 0.3995932340621948 0.5118740200996399 
vt 0.3986344039440155 0.5345702767372131 
vt 0.9575136303901672 0.742941677570343 
vt 0.951640784740448 0.742941677570343 
vt 0.9566746354103088 0.7498229742050171 
vt 0.8539597392082214 0.782539427280426 
vt 0.8516825437545776 0.7843503355979919 
vt 0.8541994690895081 0.7767446637153625 
vt 0.4839704632759094 0.5110289454460144 
vt 0.47845718264579773 0.5098216533660889 
vt 0.47462183237075806 0.5113911032676697 
vt 0.3913232982158661 0.5451940894126892 
vt 0.3986344039440155 0.5345702767372131 
vt 0.3993535339832306 0.5439868569374084 
vt 0.5548041462898254 0.9284960031509399 
vt 0.5509688258171082 0.9339286088943481 
vt 0.5599578619003296 0.9329627752304077 
vt 0.8586340546607971 0.7975093722343445 
vt 0.8563568592071533 0.8024590611457825 
vt 0.8586340546607971 0.7839881777763367 
vt 0.46814972162246704 0.508372962474823 
vt 0.47462183237075806 0.5113911032676697 
vt 0.47546082735061646 0.5087351202964783 
vt 0.36579442024230957 0.5448319315910339 
vt 0.396237313747406 0.5026988983154297 
vt 0.3995932340621948 0.5118740200996399 
vt 0.4790564477443695 0.4793989658355713 
vt 0.46910855174064636 0.4717932939529419 
vt 0.47701892256736755 0.48036476969718933 
vt 0.4518495798110962 0.5109081864356995 
vt 0.4614379107952118 0.5082522630691528 
vt 0.46814972162246704 0.508372962474823 
vt 0.23743078112602234 0.977148175239563 
vt 0.2377903312444687 0.9725605845451355 
vt 0.23455427587032318 0.9748543500900269 
vt 0.2377903312444687 0.9725605845451355 
vt 0.23455427587032318 0.9748543500900269 
vt 0.23767048120498657 0.9671279788017273 
vt 0.4518495798110962 0.5109081864356995 
vt 0.4614379107952118 0.5082522630691528 
vt 0.4550856351852417 0.5075278878211975 
vt 0.23455427587032318 0.965075671672821 
vt 0.23767048120498657 0.9671279788017273 
vt 0.23455427587032318 0.9748543500900269 
vt 0.5513284206390381 0.01062379963696003 
vt 0.5518078207969666 0.00482900021597743 
vt 0.5432981848716736 0.0045875501818954945 
vt 0.5518078207969666 0.00482900021597743 
vt 0.5586394667625427 0.010140899568796158 
vt 0.5513284206390381 0.01062379963696003 
vt 0.5513284206390381 0.01062379963696003 
vt 0.5432981848716736 0.0045875501818954945 
vt 0.5359870791435242 0.010261625051498413 
vt 0.0548931322991848 0.5979509353637695 
vt 0.0548931322991848 0.5880514979362488 
vt 0.058848313987255096 0.588172197341919 
vt 0.8761327266693115 0.3274061977863312 
vt 0.877690851688385 0.30012235045433044 
vt 0.8713386058807373 0.30169177055358887 
vt 0.5382643342018127 0.00048290000995621085 
vt 0.543058454990387 0.0006036250269971788 
vt 0.5359870791435242 0.010261625051498413 
vt 0.8713386058807373 0.30169177055358887 
vt 0.8713386058807373 0.3237844407558441 
vt 0.8761327266693115 0.3274061977863312 
vt 0.05932772904634476 0.6255969405174255 
vt 0.0548931322991848 0.6241482496261597 
vt 0.05920787528157234 0.6035043001174927 
vt 0.0548931322991848 0.5979509353637695 
vt 0.0548931322991848 0.6241482496261597 
vt 0.05920787528157234 0.6035043001174927 
vt 0.5754190683364868 0.02788747474551201 
vt 0.5727822780609131 0.02571442537009716 
vt 0.5729021430015564 0.010261625051498413 
vt 0.5811720490455627 0.9825807809829712 
vt 0.5821308493614197 0.9805284738540649 
vt 0.5811720490455627 0.965075671672821 
vt 0.5518078207969666 0.00482900021597743 
vt 0.5685873627662659 0.004949724767357111 
vt 0.5586394667625427 0.010140899568796158 
vt 0.5821308493614197 0.9805284738540649 
vt 0.5828499794006348 0.965075671672821 
vt 0.5811720490455627 0.965075671672821 
vt 0.9388163685798645 0.011227425187826157 
vt 0.9385766983032227 0.017867300659418106 
vt 0.9348611831665039 0.011710325255990028 
vt 0.5754190683364868 0.02788747474551201 
vt 0.5754190683364868 0 
vt 0.5729021430015564 0.010261625051498413 
vt 0.5754190683364868 0 
vt 0.5729021430015564 0.010261625051498413 
vt 0.5685873627662659 0.004949724767357111 
vt 0.9385766983032227 0.017867300659418106 
vt 0.9348611831665039 0.011710325255990028 
vt 0.9362994432449341 0.021368324756622314 
vt 0.9762108325958252 0.9202866554260254 
vt 0.9742931723594666 0.9240291714668274 
vt 0.9742931723594666 0.9189587235450745 
vt 0.6318702697753906 0.8130828738212585 
vt 0.6283945441246033 0.8150144815444946 
vt 0.6313908696174622 0.8208093047142029 
vt 0.4329126477241516 0.4779502749443054 
vt 0.4337516129016876 0.4739663600921631 
vt 0.43542957305908203 0.48108911514282227 
vt 0.9022608995437622 0.973405659198761 
vt 0.9022608995437622 0.970146119594574 
vt 0.8995042443275452 0.9715948104858398 
vt 0.43542957305908203 0.48108911514282227 
vt 0.4337516129016876 0.4739663600921631 
vt 0.44034358859062195 0.4744492471218109 
vt 0.6249187588691711 0.8348133563995361 
vt 0.6313908696174622 0.8208093047142029 
vt 0.6249187588691711 0.8215336203575134 
vt 0.4393847584724426 0.4779502749443054 
vt 0.44034358859062195 0.4744492471218109 
vt 0.443939208984375 0.47384563088417053 
vt 0.4393847584724426 0.4779502749443054 
vt 0.44034358859062195 0.4744492471218109 
vt 0.43542957305908203 0.48108911514282227 
vt 0.4423811137676239 0.47106894850730896 
vt 0.443939208984375 0.47384563088417053 
vt 0.44034358859062195 0.4744492471218109 
vt 0.8710988759994507 0.33211448788642883 
vt 0.8779305219650269 0.3318730294704437 
vt 0.8761327266693115 0.3274061977863312 
vt 0.27182886004447937 0.6795610189437866 
vt 0.28033849596977234 0.6709895730018616 
vt 0.28045836091041565 0.6807682514190674 
vt 0.27182886004447937 0.6795610189437866 
vt 0.28033849596977234 0.6709895730018616 
vt 0.25720667839050293 0.654088020324707 
vt 0.4090617001056671 0.47891607880592346 
vt 0.40450724959373474 0.47867462038993835 
vt 0.4042675495147705 0.47191402316093445 
vt 0.4042675495147705 0.47191402316093445 
vt 0.4090617001056671 0.47891607880592346 
vt 0.41553381085395813 0.47601866722106934 
vt 0.05932772904634476 0.6255969405174255 
vt 0.05932772904634476 0.6340476870536804 
vt 0.0548931322991848 0.6339269876480103 
vt 0.42056769132614136 0.47493216395378113 
vt 0.4152941107749939 0.47167256474494934 
vt 0.41553381085395813 0.47601866722106934 
vt 0.421646386384964 0.48241710662841797 
vt 0.43003615736961365 0.47867462038993835 
vt 0.4258412718772888 0.48543521761894226 
vt 0.4143352806568146 0.48929843306541443 
vt 0.4104999601840973 0.4874875545501709 
vt 0.41253745555877686 0.49473103880882263 
vt 0.41721177101135254 0.48217564821243286 
vt 0.4143352806568146 0.48929843306541443 
vt 0.4104999601840973 0.4874875545501709 
vt 0.4090617001056671 0.47891607880592346 
vt 0.4104999601840973 0.4874875545501709 
vt 0.41721177101135254 0.48217564821243286 
vt 0.44274067878723145 0.5110289454460144 
vt 0.4359090030193329 0.5060791969299316 
vt 0.4417818486690521 0.5071657299995422 
vt 0.6270761489868164 0.8577511310577393 
vt 0.6251584887504578 0.8517148494720459 
vt 0.6251584887504578 0.8578718304634094 
vt 0.3980351388454437 0.47650158405303955 
vt 0.3995932340621948 0.4714311361312866 
vt 0.40043219923973083 0.47650158405303955 
vt 0.40930140018463135 0.4979906380176544 
vt 0.4090617001056671 0.5043890476226807 
vt 0.41253745555877686 0.49473103880882263 
vt 0.41721177101135254 0.4989564120769501 
vt 0.410380095243454 0.5060791969299316 
vt 0.41253745555877686 0.49473103880882263 
vt 0.4143352806568146 0.48929843306541443 
vt 0.41253745555877686 0.49473103880882263 
vt 0.4193691313266754 0.4915921986103058 
vt 0.41253745555877686 0.49473103880882263 
vt 0.4193691313266754 0.4915921986103058 
vt 0.41721177101135254 0.4989564120769501 
vt 0.4011513292789459 0.4901435077190399 
vt 0.40043219923973083 0.47650158405303955 
vt 0.3980351388454437 0.47650158405303955 
vt 0.39264169335365295 0.4641876220703125 
vt 0.3955182135105133 0.4717932939529419 
vt 0.39192259311676025 0.47384563088417053 
vt 0.410380095243454 0.5060791969299316 
vt 0.4151742458343506 0.5074071884155273 
vt 0.4162529408931732 0.504992663860321 
vt 0.39192259311676025 0.47384563088417053 
vt 0.3955182135105133 0.4717932939529419 
vt 0.3980351388454437 0.47650158405303955 
vt 0.4042675495147705 0.5090973377227783 
vt 0.410380095243454 0.5060791969299316 
vt 0.4090617001056671 0.5043890476226807 
vt 0.6315107345581055 0.8511112332344055 
vt 0.6249187588691711 0.8348133563995361 
vt 0.6313908696174622 0.8208093047142029 
vt 0.6270761489868164 0.851956307888031 
vt 0.6251584887504578 0.8517148494720459 
vt 0.6270761489868164 0.8577511310577393 
vt 0.3995932340621948 0.4714311361312866 
vt 0.3955182135105133 0.4717932939529419 
vt 0.39887410402297974 0.46430835127830505 
vt 0.3955182135105133 0.4717932939529419 
vt 0.3980351388454437 0.47650158405303955 
vt 0.3995932340621948 0.4714311361312866 
vt 0.8696606159210205 0.9653170704841614 
vt 0.8715782761573792 0.965075671672821 
vt 0.8707392811775208 0.9724398851394653 
vt 0.2942415773868561 0.9287374019622803 
vt 0.2919643521308899 0.923063337802887 
vt 0.28609150648117065 0.9237877130508423 
vt 0.8715782761573792 0.9773895740509033 
vt 0.8707392811775208 0.9724398851394653 
vt 0.8715782761573792 0.965075671672821 
vt 0.5664300322532654 0.2246692180633545 
vt 0.5657109022140503 0.25871366262435913 
vt 0.5856066346168518 0.23553447425365448 
vt 0.4852888584136963 0.7018951773643494 
vt 0.48576825857162476 0.6911506056785583 
vt 0.4891241788864136 0.7016537189483643 
vt 0.48337116837501526 0.6849936246871948 
vt 0.48576825857162476 0.6911506056785583 
vt 0.48564839363098145 0.6817340850830078 
vt 0.1528138518333435 0.37678271532058716 
vt 0.16372056305408478 0.37678271532058716 
vt 0.15724845230579376 0.3826982378959656 
vt 0.46587249636650085 0.7034645676612854 
vt 0.4852888584136963 0.7018951773643494 
vt 0.46419453620910645 0.6912713646888733 
vt 0.48480942845344543 0.6783537864685059 
vt 0.48564839363098145 0.6817340850830078 
vt 0.48337116837501526 0.6849936246871948 
vt 0.7392594814300537 0.2978285849094391 
vt 0.7348248958587646 0.30470991134643555 
vt 0.7436940670013428 0.30495133996009827 
vt 0.4852888584136963 0.7018951773643494 
vt 0.470187246799469 0.7035853266716003 
vt 0.46587249636650085 0.7034645676612854 
vt 0.8715782761573792 0.965075671672821 
vt 0.8715782761573792 0.9759408831596375 
vt 0.8737356662750244 0.9659207463264465 
vt 0.1982385218143463 0.3744889497756958 
vt 0.19392377138137817 0.3766619861125946 
vt 0.19608114659786224 0.3744889497756958 
vt 0.20159442722797394 0.37521329522132874 
vt 0.1982385218143463 0.3744889497756958 
vt 0.20303267240524292 0.3814910054206848 
vt 0.8371801972389221 0.7110702395439148 
vt 0.8495251536369324 0.7057583332061768 
vt 0.8491656184196472 0.7178308367729187 
vt 0.24965588748455048 0.6006068587303162 
vt 0.2427043467760086 0.6067638397216797 
vt 0.24917647242546082 0.610747754573822 
vt 0.14993734657764435 0.7626198530197144 
vt 0.14358508586883545 0.7624990940093994 
vt 0.14993734657764435 0.7336457967758179 
vt 0.21357983350753784 0.9473291039466858 
vt 0.2132202684879303 0.9332042336463928 
vt 0.20902538299560547 0.9375503659248352 
vt 0.163121297955513 0.4075675904750824 
vt 0.1567690372467041 0.40744686126708984 
vt 0.15784771740436554 0.40358367562294006 
vt 0.20303267240524292 0.8922784924507141 
vt 0.20950479805469513 0.9066447615623474 
vt 0.20950479805469513 0.8815339207649231 
vt 0.47941601276397705 0.9449145793914795 
vt 0.47941601276397705 0.923063337802887 
vt 0.48337116837501526 0.9456389546394348 
vt 0.157488152384758 0.3938049376010895 
vt 0.15700873732566833 0.3988753855228424 
vt 0.1622823178768158 0.3994790315628052 
vt 0.176664799451828 0.40817123651504517 
vt 0.1751066893339157 0.4145696461200714 
vt 0.16324114799499512 0.4143281877040863 
vt 0.0644814521074295 0.48193418979644775 
vt 0.06639911234378815 0.4617731273174286 
vt 0.06508072465658188 0.4701031446456909 
vt 0.15245428681373596 0.4145696461200714 
vt 0.15245428681373596 0.4080505073070526 
vt 0.1567690372467041 0.40744686126708984 
vt 0.142506405711174 0.7646721601486206 
vt 0.1432255357503891 0.7523581981658936 
vt 0.13459603488445282 0.7515131235122681 
vt 0.5915993452072144 0.3714708387851715 
vt 0.5938765406608582 0.3806459307670593 
vt 0.5911199450492859 0.39066609740257263 
vt 0.1909274160861969 0.40986138582229614 
vt 0.191646546125412 0.40334221720695496 
vt 0.18948917090892792 0.4039458632469177 
vt 0.16827501356601715 0.968455970287323 
vt 0.17007282376289368 0.975458025932312 
vt 0.1662375032901764 0.9686974287033081 
vt 0.1910472810268402 0.39851322770118713 
vt 0.1934443563222885 0.4008069932460785 
vt 0.19476275146007538 0.3964608907699585 
vt 0.1910472810268402 0.39851322770118713 
vt 0.1934443563222885 0.4008069932460785 
vt 0.18877005577087402 0.4015313386917114 
vt 0.18877005577087402 0.4015313386917114 
vt 0.1910472810268402 0.39851322770118713 
vt 0.18409574031829834 0.4029800593852997 
vt 0.970337986946106 0.4961797595024109 
vt 0.9729747772216797 0.493765264749527 
vt 0.9741733074188232 0.4961797595024109 
vt 0.17798319458961487 0.4037044048309326 
vt 0.17714421451091766 0.4008069932460785 
vt 0.17522655427455902 0.4045494794845581 
vt 0.0644814521074295 0.45815137028694153 
vt 0.06184466555714607 0.44994208216667175 
vt 0.06639911234378815 0.4617731273174286 
vt 0.5552836060523987 0.3531206250190735 
vt 0.5616358518600464 0.356621652841568 
vt 0.5610365867614746 0.3527584373950958 
vt 0.73626309633255 0.27187269926071167 
vt 0.7492073774337769 0.2655949890613556 
vt 0.7402182817459106 0.2725970447063446 
vt 0.8518023490905762 0.8977110981941223 
vt 0.8519222140312195 0.8934857249259949 
vt 0.8462890982627869 0.8932442665100098 
vt 0.5544446110725403 0.36543458700180054 
vt 0.5616358518600464 0.356621652841568 
vt 0.5648719072341919 0.36434805393218994 
vt 0.09492436796426773 0.5095802545547485 
vt 0.12452830374240875 0.5427796244621277 
vt 0.09456480294466019 0.4926787316799164 
vt 0.5648719072341919 0.36434805393218994 
vt 0.5782955288887024 0.356621652841568 
vt 0.5781757235527039 0.3638651371002197 
vt 0.09192802011966705 0.5246708393096924 
vt 0.09252728521823883 0.5336045026779175 
vt 0.09324641525745392 0.5285340547561646 
vt 0.06639911234378815 0.4617731273174286 
vt 0.08701400458812714 0.4641876220703125 
vt 0.0644814521074295 0.48193418979644775 
vt 0.21357983350753784 0.9473291039466858 
vt 0.20902538299560547 0.9375503659248352 
vt 0.20938493311405182 0.9478119611740112 
vt 0.7354241609573364 0.29819074273109436 
vt 0.7392594814300537 0.2978285849094391 
vt 0.7348248958587646 0.30470991134643555 
vt 0.20423121750354767 0.39392566680908203 
vt 0.19476275146007538 0.3964608907699585 
vt 0.2036319524049759 0.39875468611717224 
vt 0.21933281421661377 0.38378477096557617 
vt 0.2163364738225937 0.38462984561920166 
vt 0.21993209421634674 0.37980085611343384 
vt 0.916883111000061 0.16297875344753265 
vt 0.9126881957054138 0.1609264314174652 
vt 0.9134073257446289 0.16322019696235657 
vt 0.22161003947257996 0.38595783710479736 
vt 0.2242468297481537 0.3807666599750519 
vt 0.22880128026008606 0.3814910054206848 
vt 0.5998692512512207 0.7097422480583191 
vt 0.5854867696762085 0.7127603888511658 
vt 0.6010677814483643 0.7120360732078552 
vt 0.22808216512203217 0.3958572745323181 
vt 0.22161003947257996 0.38595783710479736 
vt 0.22880128026008606 0.3814910054206848 
vt 0.2276027500629425 0.3777485191822052 
vt 0.23299618065357208 0.3812495470046997 
vt 0.23263661563396454 0.37497183680534363 
vt 0.5817713141441345 0.7162614464759827 
vt 0.5854867696762085 0.7127603888511658 
vt 0.6010677814483643 0.7120360732078552 
vt 0.9742931723594666 0.8128414154052734 
vt 0.9742931723594666 0.8183947801589966 
vt 0.9760909676551819 0.8169460892677307 
vt 0.2196923792362213 0.4027386009693146 
vt 0.2212504893541336 0.39573654532432556 
vt 0.2235277146100998 0.3980303108692169 
vt 0.19955691695213318 0.411310076713562 
vt 0.19512231647968292 0.4145696461200714 
vt 0.2053098976612091 0.4145696461200714 
vt 0.9817241430282593 0.35299989581108093 
vt 0.9802858829498291 0.353965699672699 
vt 0.9802858829498291 0.3507061302661896 
vt 0.20147457718849182 0.40527382493019104 
vt 0.21214157342910767 0.4099820852279663 
vt 0.20746727287769318 0.4021349847316742 
vt 0.20435106754302979 0.926685094833374 
vt 0.20854595303535461 0.9288581609725952 
vt 0.2045907825231552 0.9388782978057861 
vt 0.9660232663154602 0.7972679138183594 
vt 0.9696188569068909 0.7960606217384338 
vt 0.9660232663154602 0.7921974658966064 
vt 0.21214157342910767 0.4099820852279663 
vt 0.2196923792362213 0.4027386009693146 
vt 0.2211306244134903 0.41203442215919495 
vt 0.23275646567344666 0.40768831968307495 
vt 0.22856158018112183 0.4072054326534271 
vt 0.2331160306930542 0.41396602988243103 
vt 0.22856158018112183 0.4072054326534271 
vt 0.2235277146100998 0.3980303108692169 
vt 0.22856158018112183 0.39959976077079773 
vt 0.5009897351264954 0.8858800530433655 
vt 0.5009897351264954 0.90241938829422 
vt 0.5077015161514282 0.8901054263114929 
vt 0.20890551805496216 0.9386368989944458 
vt 0.2045907825231552 0.9388782978057861 
vt 0.20854595303535461 0.9288581609725952 
vt 0.06460130959749222 0.42446911334991455 
vt 0.08629488199949265 0.4370245039463043 
vt 0.06496086716651917 0.41203442215919495 
vt 0.2427043467760086 0.6067638397216797 
vt 0.23850946128368378 0.6007276177406311 
vt 0.24965588748455048 0.6006068587303162 
vt 0.5936368703842163 0.4037044048309326 
vt 0.5913596153259277 0.39851322770118713 
vt 0.591479480266571 0.40467020869255066 
vt 0.08929122984409332 0.43291985988616943 
vt 0.08629488199949265 0.4370245039463043 
vt 0.08713385462760925 0.4276079535484314 
vt 0.05297546833753586 0.5876892805099487 
vt 0.05920787528157234 0.5750131607055664 
vt 0.05776962637901306 0.558836042881012 
vt 0.7613126039505005 0.7676903009414673 
vt 0.7581964135169983 0.7663623094558716 
vt 0.7575971484184265 0.7564628720283508 
vt 0.5895618200302124 0 
vt 0.5872846245765686 0.024507174268364906 
vt 0.591839075088501 0.007847124710679054 
vt 0.6165289878845215 0.05577494949102402 
vt 0.5844081044197083 0.05577494949102402 
vt 0.5947155356407166 0.05275682359933853 
vt 0.5741006731987 0.6579512357711792 
vt 0.5738609433174133 0.6336855292320251 
vt 0.5726624131202698 0.6424984335899353 
vt 0.8592333197593689 0.06869252771139145 
vt 0.8546788692474365 0.08197227865457535 
vt 0.8611509799957275 0.04756565019488335 
vt 0.05441371724009514 0.6304259300231934 
vt 0.054773278534412384 0.588413655757904 
vt 0.039911381900310516 0.6007276177406311 
vt 0.047701891511678696 0.6375487446784973 
vt 0.03188116475939751 0.6369451284408569 
vt 0.05441371724009514 0.6304259300231934 
vt 0.7613126039505005 0.7676903009414673 
vt 0.760833203792572 0.7487364411354065 
vt 0.7575971484184265 0.7564628720283508 
vt 0.552287220954895 0.15344147384166718 
vt 0.5428187847137451 0.1452321708202362 
vt 0.5684674978256226 0.14052389562129974 
vt 0.14849910140037537 0.5292583703994751 
vt 0.12452830374240875 0.5427796244621277 
vt 0.15005721151828766 0.5419345498085022 
vt 0.5359870791435242 0.14595653116703033 
vt 0.5422195196151733 0.13014155626296997 
vt 0.5428187847137451 0.1452321708202362 
vt 0.5359870791435242 0.14595653116703033 
vt 0.5359870791435242 0.1585119217634201 
vt 0.5426989197731018 0.1582704782485962 
vt 0.5359870791435242 0.13122807443141937 
vt 0.5422195196151733 0.13014155626296997 
vt 0.5359870791435242 0.14595653116703033 
vt 0.1480196863412857 0.5145299434661865 
vt 0.14670129120349884 0.4912300109863281 
vt 0.12452830374240875 0.5427796244621277 
vt 0.654522716999054 0.4306260645389557 
vt 0.6539234519004822 0.43557581305503845 
vt 0.6372637152671814 0.42905664443969727 
vt 0.6433762907981873 0.4175877869129181 
vt 0.6292334794998169 0.41396602988243103 
vt 0.6372637152671814 0.42905664443969727 
vt 0.20327238738536835 0.6800439357757568 
vt 0.20351208746433258 0.6622973680496216 
vt 0.20986434817314148 0.6808890104293823 
vt 0.20351208746433258 0.6622973680496216 
vt 0.20986434817314148 0.6808890104293823 
vt 0.2099842131137848 0.6359792947769165 
vt 0.8104527592658997 0.17589633166790009 
vt 0.8118910193443298 0.17227457463741302 
vt 0.8263933062553406 0.17094659805297852 
vt 0.5564821362495422 0.10032247751951218 
vt 0.543777585029602 0.10285770148038864 
vt 0.5444967150688171 0.11324004828929901 
vt 0.5425790548324585 0.0886121466755867 
vt 0.5364664793014526 0.10780742764472961 
vt 0.5362268090248108 0.09247534722089767 
vt 0.09456480294466019 0.4926787316799164 
vt 0.14981749653816223 0.4639461636543274 
vt 0.1049921065568924 0.4635840058326721 
vt 0.6546425223350525 0.5105460286140442 
vt 0.6546425223350525 0.48434871435165405 
vt 0.6581183075904846 0.5077693462371826 
vt 0.2099842131137848 0.6359792947769165 
vt 0.20327238738536835 0.6359792947769165 
vt 0.20351208746433258 0.6622973680496216 
vt 0.543777585029602 0.09175100177526474 
vt 0.5431783199310303 0.08402460068464279 
vt 0.5539652109146118 0.08438677340745926 
vt 0.6769353747367859 0.5052341222763062 
vt 0.6659088134765625 0.5070449709892273 
vt 0.6627926230430603 0.5106667280197144 
vt 0.8515626788139343 0.12289804965257645 
vt 0.8575553894042969 0.12374312430620193 
vt 0.8576751947402954 0.13678142428398132 
vt 0.26044273376464844 0.5205662250518799 
vt 0.2642780840396881 0.5183931589126587 
vt 0.25492945313453674 0.5146507024765015 
vt 0.30910345911979675 0.5093387961387634 
vt 0.31138068437576294 0.5103045701980591 
vt 0.31162041425704956 0.5181517004966736 
vt 0.28980696201324463 0.5180310010910034 
vt 0.2735068202018738 0.5097009539604187 
vt 0.2792598307132721 0.5185138583183289 
vt 0.8525214791297913 0.10165044665336609 
vt 0.8515626788139343 0.09090592712163925 
vt 0.8568362593650818 0.08824997395277023 
vt 0.26056259870529175 0.5093387961387634 
vt 0.2792598307132721 0.5185138583183289 
vt 0.2735068202018738 0.5097009539604187 
vt 0.8575553894042969 0.12374312430620193 
vt 0.8525214791297913 0.10165044665336609 
vt 0.8574355244636536 0.10116755217313766 
vt 0.6858046054840088 0.08716344833374023 
vt 0.6806508898735046 0.10660017281770706 
vt 0.687242865562439 0.09621782600879669 
vt 0.91041100025177 0.7650343179702759 
vt 0.9082536101341248 0.775537371635437 
vt 0.9038190245628357 0.7645514011383057 
vt 0.2163364738225937 0.4909885823726654 
vt 0.2284417301416397 0.48410725593566895 
vt 0.21357983350753784 0.4844694137573242 
vt 0.26367878913879395 0.5866027474403381 
vt 0.27985909581184387 0.5870856642723083 
vt 0.2767428755760193 0.5880514979362488 
vt 0.10750903934240341 0.9756994247436523 
vt 0.11050538718700409 0.9654378294944763 
vt 0.10750903934240341 0.965075671672821 
vt 0.8552781343460083 0.14233477413654327 
vt 0.8509634137153625 0.14221404492855072 
vt 0.8576751947402954 0.13678142428398132 
vt 0.6546425223350525 0.5105460286140442 
vt 0.6436159610748291 0.4988357126712799 
vt 0.63954097032547 0.5106667280197144 
vt 0.5657109022140503 0.25871366262435913 
vt 0.5856066346168518 0.23553447425365448 
vt 0.5854867696762085 0.25460901856422424 
vt 0.8575553894042969 0.12374312430620193 
vt 0.8509634137153625 0.11239497363567352 
vt 0.8515626788139343 0.12289804965257645 
vt 0.680411159992218 0.4579099118709564 
vt 0.6904789209365845 0.45404672622680664 
vt 0.6958723068237305 0.4571855664253235 
vt 0.15257413685321808 0.5694597959518433 
vt 0.15377268195152283 0.5779106020927429 
vt 0.18888990581035614 0.5786349177360535 
vt 0.7210416793823242 0.5127190947532654 
vt 0.7145695686340332 0.5118740200996399 
vt 0.7178056240081787 0.5113911032676697 
vt 0.5532460808753967 0.21428687870502472 
vt 0.5597181916236877 0.20571540296077728 
vt 0.5564821362495422 0.20571540296077728 
vt 0.15257413685321808 0.5694597959518433 
vt 0.15305355191230774 0.543141782283783 
vt 0.15497122704982758 0.5377091765403748 
vt 0.8525214791297913 0.10165044665336609 
vt 0.8515626788139343 0.09090592712163925 
vt 0.8509634137153625 0.11239497363567352 
vt 0.6812501549720764 0.5111496448516846 
vt 0.6769353747367859 0.5060791969299316 
vt 0.6807706952095032 0.5012502074241638 
vt 0.8568362593650818 0.08824997395277023 
vt 0.8574355244636536 0.08595620095729828 
vt 0.8510832786560059 0.08571474999189377 
vt 0.5847676396369934 0.47215548157691956 
vt 0.5863257646560669 0.4785538911819458 
vt 0.5820110440254211 0.479036808013916 
vt 0.7145695686340332 0.5372262597084045 
vt 0.7145695686340332 0.5499023795127869 
vt 0.7210416793823242 0.5479707717895508 
vt 0.5772168636322021 0.5080108046531677 
vt 0.5863257646560669 0.5047512054443359 
vt 0.5863257646560669 0.5110289454460144 
vt 0.5707447528839111 0.5110289454460144 
vt 0.5606769919395447 0.5093387961387634 
vt 0.557081401348114 0.5111496448516846 
vt 0.20830625295639038 0.5497816205024719 
vt 0.20890551805496216 0.5789970755577087 
vt 0.18888990581035614 0.5786349177360535 
vt 0.6566800475120544 0.43485143780708313 
vt 0.6547623872756958 0.417346328496933 
vt 0.6546425223350525 0.4251934587955475 
vt 0.5583997964859009 0.24084638059139252 
vt 0.5657109022140503 0.25871366262435913 
vt 0.5595983266830444 0.256902813911438 
vt 0.20830625295639038 0.5497816205024719 
vt 0.20854595303535461 0.5355361104011536 
vt 0.15497122704982758 0.5377091765403748 
vt 0.6023861765861511 0.7950948476791382 
vt 0.5987905859947205 0.7888171672821045 
vt 0.6004685163497925 0.7697426080703735 
vt 0.597232460975647 0.7666037678718567 
vt 0.5987905859947205 0.7888171672821045 
vt 0.6004685163497925 0.7697426080703735 
vt 0.1001979410648346 0.6240275502204895 
vt 0.10391341894865036 0.6239067912101746 
vt 0.092287577688694 0.6437057256698608 
vt 0.092287577688694 0.6269249320030212 
vt 0.092287577688694 0.6437057256698608 
vt 0.1001979410648346 0.6240275502204895 
vt 0.04278787970542908 0.7882135510444641 
vt 0.03511722385883331 0.7821772694587708 
vt 0.046143788844347 0.7815736532211304 
vt 0.903938889503479 0.7889378666877747 
vt 0.9046580195426941 0.7923181653022766 
vt 0.9101712703704834 0.78966224193573 
vt 0.5583997964859009 0.24084638059139252 
vt 0.5538453459739685 0.2406049221754074 
vt 0.5532460808753967 0.21428687870502472 
vt 0.5657109022140503 0.25871366262435913 
vt 0.5601975917816162 0.28008198738098145 
vt 0.5845279693603516 0.28008198738098145 
vt 0.2816568911075592 0.7991995215415955 
vt 0.27494508028030396 0.8164631724357605 
vt 0.27494508028030396 0.7994409203529358 
vt 0.18241779506206512 0.579479992389679 
vt 0.18253764510154724 0.6119550466537476 
vt 0.18589355051517487 0.5936048030853271 
vt 0.2815370559692383 0.8316745162010193 
vt 0.27482521533966064 0.8316745162010193 
vt 0.27494508028030396 0.8164631724357605 
vt 0.16983312368392944 0.4996807873249054 
vt 0.15461166203022003 0.5115118026733398 
vt 0.18505457043647766 0.49980148673057556 
vt 0.04254816845059395 0.7934046983718872 
vt 0.03224072605371475 0.784229576587677 
vt 0.04278787970542908 0.7882135510444641 
vt 0.37430405616760254 0.6155768036842346 
vt 0.37418419122695923 0.6266834735870361 
vt 0.38065630197525024 0.6086954474449158 
vt 0.37430405616760254 0.6155768036842346 
vt 0.37022900581359863 0.6150938868522644 
vt 0.3699893057346344 0.6086954474449158 
vt 0.0970817431807518 0.6030213832855225 
vt 0.10355385392904282 0.5985545516014099 
vt 0.09240743517875671 0.5984338521957397 
vt 0.046143788844347 0.7815736532211304 
vt 0.046743061393499374 0.7878513336181641 
vt 0.04278787970542908 0.7882135510444641 
vt 0.37909820675849915 0.6295808553695679 
vt 0.37418419122695923 0.6266834735870361 
vt 0.3740643262863159 0.635134220123291 
vt 0.2314380705356598 0.5025781989097595 
vt 0.21693573892116547 0.5025781989097595 
vt 0.21681588888168335 0.4988357126712799 
vt 0.11266276240348816 0.605798065662384 
vt 0.11038553714752197 0.6140073537826538 
vt 0.1178164854645729 0.6172669529914856 
vt 0.2164563238620758 0.5097009539604187 
vt 0.21693573892116547 0.5025781989097595 
vt 0.2314380705356598 0.5025781989097595 
vt 0.5919588804244995 0.2948104441165924 
vt 0.6019067764282227 0.29553478956222534 
vt 0.5973523259162903 0.2940860986709595 
vt 0.22220931947231293 0.8596827387809753 
vt 0.21525777876377106 0.8636666536331177 
vt 0.20974449813365936 0.8577511310577393 
vt 0.15461166203022003 0.5115118026733398 
vt 0.20854595303535461 0.5355361104011536 
vt 0.18505457043647766 0.49980148673057556 
vt 0.2815370559692383 0.8316745162010193 
vt 0.27482521533966064 0.855698823928833 
vt 0.27482521533966064 0.8316745162010193 
vt 0.11158407479524612 0.6198021769523621 
vt 0.1178164854645729 0.6172669529914856 
vt 0.11038553714752197 0.6140073537826538 
vt 0.10355385392904282 0.5985545516014099 
vt 0.10990611463785172 0.5992789268493652 
vt 0.10307443886995316 0.6007276177406311 
vt 0.10990611463785172 0.5992789268493652 
vt 0.11266276240348816 0.605798065662384 
vt 0.11194363236427307 0.5986752510070801 
vt 0.20902538299560547 0.49931859970092773 
vt 0.20854595303535461 0.5355361104011536 
vt 0.18505457043647766 0.49980148673057556 
vt 0.2816568911075592 0.855698823928833 
vt 0.2815370559692383 0.8316745162010193 
vt 0.27482521533966064 0.855698823928833 
vt 0.1861332654953003 0.6173876523971558 
vt 0.18241779506206512 0.6359792947769165 
vt 0.18253764510154724 0.6119550466537476 
vt 0.576857328414917 0.4804854989051819 
vt 0.5847676396369934 0.47215548157691956 
vt 0.5769771337509155 0.47167256474494934 
vt 0.6879619359970093 0.43581724166870117 
vt 0.688920795917511 0.4219338893890381 
vt 0.6999473571777344 0.4195193648338318 
vt 0.3455390930175781 0.544711172580719 
vt 0.3444603979587555 0.5116325616836548 
vt 0.34410083293914795 0.5280511379241943 
vt 0.8163256049156189 0.4985942542552948 
vt 0.816685140132904 0.48519378900527954 
vt 0.8263933062553406 0.4848316013813019 
vt 0.6973105669021606 0.4498213529586792 
vt 0.6858046054840088 0.4517529606819153 
vt 0.7015054821968079 0.45163223147392273 
vt 0.41553381085395813 0.47601866722106934 
vt 0.4042675495147705 0.47191402316093445 
vt 0.4152941107749939 0.47167256474494934 
vt 0.4033087193965912 0.7096215486526489 
vt 0.3994733691215515 0.6933236718177795 
vt 0.39899396896362305 0.7137262225151062 
vt 0.6566800475120544 0.43485143780708313 
vt 0.6799317598342896 0.43774884939193726 
vt 0.6800516247749329 0.4535638391971588 
vt 0.20902538299560547 0.5634235739707947 
vt 0.20830625295639038 0.5497816205024719 
vt 0.20890551805496216 0.5789970755577087 
vt 0.8583943247795105 0.8311915993690491 
vt 0.8539597392082214 0.8315538167953491 
vt 0.8519222140312195 0.8301051259040833 
vt 0.055732108652591705 0.7336457967758179 
vt 0.05848875269293785 0.7448732256889343 
vt 0.05824904516339302 0.7237463593482971 
vt 0.567268967628479 0.07158992439508438 
vt 0.5725425481796265 0.07086557149887085 
vt 0.5684674978256226 0.0764189213514328 
vt 0.5732616782188416 0.08016140013933182 
vt 0.5684674978256226 0.0764189213514328 
vt 0.5688270926475525 0.08052357286214828 
vt 0.34410083293914795 0.4920750856399536 
vt 0.396237313747406 0.5026988983154297 
vt 0.36579442024230957 0.5448319315910339 
vt 0.3985145390033722 0.7271266579627991 
vt 0.3985145390033722 0.7384748458862305 
vt 0.4024697244167328 0.732197105884552 
vt 0.46910855174064636 0.4717932939529419 
vt 0.47701892256736755 0.48036476969718933 
vt 0.46826958656311035 0.47782954573631287 
vt 0.6799317598342896 0.42289966344833374 
vt 0.6800516247749329 0.4150525629520416 
vt 0.6757368445396423 0.4169841408729553 
vt 0.4767792224884033 0.48543521761894226 
vt 0.4724644720554352 0.48567667603492737 
vt 0.46802985668182373 0.48350363969802856 
vt 0.4846895635128021 0.4779502749443054 
vt 0.48492929339408875 0.4742077887058258 
vt 0.4790564477443695 0.4793989658355713 
vt 0.8518023490905762 0.8099440336227417 
vt 0.8586340546607971 0.7839881777763367 
vt 0.8563568592071533 0.8024590611457825 
vt 0.9790873527526855 0.472034752368927 
vt 0.9775292277336121 0.47408708930015564 
vt 0.9790873527526855 0.4768637418746948 
vt 0.4767792224884033 0.4961797595024109 
vt 0.48013511300086975 0.4940066933631897 
vt 0.47857701778411865 0.5010087490081787 
vt 0.6547623872756958 0.417346328496933 
vt 0.664710283279419 0.4067225158214569 
vt 0.6577587723731995 0.40684324502944946 
vt 0.4767792224884033 0.4961797595024109 
vt 0.4719850420951843 0.49461033940315247 
vt 0.4735431671142578 0.49304088950157166 
vt 0.4735431671142578 0.49304088950157166 
vt 0.4767792224884033 0.4961797595024109 
vt 0.47917628288269043 0.49255800247192383 
vt 0.48013511300086975 0.4940066933631897 
vt 0.4767792224884033 0.4961797595024109 
vt 0.47917628288269043 0.49255800247192383 
vt 0.9775292277336121 0.1295379251241684 
vt 0.9794468879699707 0.12833067774772644 
vt 0.9775292277336121 0.12495037168264389 
vt 0.05429386347532272 0.759963870048523 
vt 0.05896816775202751 0.7708291411399841 
vt 0.054054152220487595 0.7714327573776245 
vt 0.6577587723731995 0.40684324502944946 
vt 0.6546425223350525 0.4058774411678314 
vt 0.6547623872756958 0.417346328496933 
vt 0.9466068744659424 0.766965925693512 
vt 0.9486443996429443 0.7645514011383057 
vt 0.9486443996429443 0.7693804502487183 
vt 0.5548041462898254 0.9284960031509399 
vt 0.5528864860534668 0.9254778623580933 
vt 0.5509688258171082 0.9339286088943481 
vt 0.5528864860534668 0.9254778623580933 
vt 0.5516879558563232 0.9289788603782654 
vt 0.5509688258171082 0.923063337802887 
vt 0.8541994690895081 0.7767446637153625 
vt 0.8519222140312195 0.7763824462890625 
vt 0.8516825437545776 0.7843503355979919 
vt 0.28045836091041565 0.6347720623016357 
vt 0.28033849596977234 0.6447921991348267 
vt 0.2719487249851227 0.6348927617073059 
vt 0.0548931322991848 0.5979509353637695 
vt 0.05920787528157234 0.6035043001174927 
vt 0.058848313987255096 0.588172197341919 
vt 0.2555287182331085 0.6415326595306396 
vt 0.255169153213501 0.6347720623016357 
vt 0.2719487249851227 0.6348927617073059 
vt 0.5691866278648376 0.0009658000199124217 
vt 0.5685873627662659 0.004949724767357111 
vt 0.5754190683364868 0 
vt 0.3438611328601837 0.4641876220703125 
vt 0.39192259311676025 0.47384563088417053 
vt 0.34410083293914795 0.4920750856399536 
vt 0.5729021430015564 0.010261625051498413 
vt 0.5685873627662659 0.004949724767357111 
vt 0.5658307075500488 0.010261625051498413 
vt 0.36243849992752075 0.4646705389022827 
vt 0.39192259311676025 0.47384563088417053 
vt 0.3438611328601837 0.4641876220703125 
vt 0.6283945441246033 0.8150144815444946 
vt 0.6249187588691711 0.8029419779777527 
vt 0.6249187588691711 0.8215336203575134 
vt 0.4759402275085449 0.9142504334449768 
vt 0.4759402275085449 0.8840692043304443 
vt 0.4804946780204773 0.9136468172073364 
vt 0.4329126477241516 0.4779502749443054 
vt 0.42056769132614136 0.47493216395378113 
vt 0.4226052165031433 0.47915753722190857 
vt 0.28033849596977234 0.6447921991348267 
vt 0.28033849596977234 0.6709895730018616 
vt 0.25720667839050293 0.654088020324707 
vt 0.0548931322991848 0.6241482496261597 
vt 0.0548931322991848 0.6339269876480103 
vt 0.05932772904634476 0.6255969405174255 
vt 0.8713386058807373 0.3237844407558441 
vt 0.8761327266693115 0.3274061977863312 
vt 0.8710988759994507 0.33211448788642883 
vt 0.4258412718772888 0.48543521761894226 
vt 0.421646386384964 0.48241710662841797 
vt 0.4215265214443207 0.48676320910453796 
vt 0.9723755121231079 0.5640271902084351 
vt 0.970337986946106 0.5670453310012817 
vt 0.970337986946106 0.5600432753562927 
vt 0.25720667839050293 0.654088020324707 
vt 0.25492945313453674 0.6557782292366028 
vt 0.27182886004447937 0.6795610189437866 
vt 0.3980351388454437 0.47650158405303955 
vt 0.4011513292789459 0.4901435077190399 
vt 0.396237313747406 0.5026988983154297 
vt 0.39192259311676025 0.47384563088417053 
vt 0.396237313747406 0.5026988983154297 
vt 0.3980351388454437 0.47650158405303955 
vt 0.36243849992752075 0.4646705389022827 
vt 0.3757422864437103 0.46430835127830505 
vt 0.39192259311676025 0.47384563088417053 
vt 0.25492945313453674 0.6824584007263184 
vt 0.26140156388282776 0.682217001914978 
vt 0.25492945313453674 0.6557782292366028 
vt 0.41253745555877686 0.49473103880882263 
vt 0.410380095243454 0.5060791969299316 
vt 0.4090617001056671 0.5043890476226807 
vt 0.25492945313453674 0.6557782292366028 
vt 0.26140156388282776 0.682217001914978 
vt 0.27182886004447937 0.6795610189437866 
vt 0.2918444871902466 0.9340493083000183 
vt 0.28609150648117065 0.9363430738449097 
vt 0.2942415773868561 0.9287374019622803 
vt 0.40438738465309143 0.5047512054443359 
vt 0.4042675495147705 0.5090973377227783 
vt 0.4090617001056671 0.5043890476226807 
vt 0.3757422864437103 0.46430835127830505 
vt 0.39264169335365295 0.4641876220703125 
vt 0.39192259311676025 0.47384563088417053 
vt 0.6249187588691711 0.8348133563995361 
vt 0.6251584887504578 0.8517148494720459 
vt 0.6270761489868164 0.851956307888031 
vt 0.6270761489868164 0.851956307888031 
vt 0.6249187588691711 0.8348133563995361 
vt 0.6315107345581055 0.8511112332344055 
vt 0.2942415773868561 0.9287374019622803 
vt 0.28609150648117065 0.9237877130508423 
vt 0.28609150648117065 0.9363430738449097 
vt 0.5664300322532654 0.2246692180633545 
vt 0.5617557168006897 0.21694283187389374 
vt 0.5856066346168518 0.23553447425365448 
vt 0.5856066346168518 0.23553447425365448 
vt 0.5857264995574951 0.2246692180633545 
vt 0.5617557168006897 0.21694283187389374 
vt 0.4852888584136963 0.7018951773643494 
vt 0.48337116837501526 0.6849936246871948 
vt 0.48576825857162476 0.6911506056785583 
vt 0.15724845230579376 0.3826982378959656 
vt 0.1528138518333435 0.37678271532058716 
vt 0.1528138518333435 0.38197389245033264 
vt 0.1250077188014984 0.7748130559921265 
vt 0.1178164854645729 0.7752959728240967 
vt 0.1295621693134308 0.7488572001457214 
vt 0.20159442722797394 0.37521329522132874 
vt 0.20303267240524292 0.3814910054206848 
vt 0.20794668793678284 0.3764205574989319 
vt 0.9027402997016907 0.8062015771865845 
vt 0.9089727401733398 0.796664297580719 
vt 0.9098117351531982 0.8060808181762695 
vt 0.176664799451828 0.3866821825504303 
vt 0.1861332654953003 0.3779899775981903 
vt 0.17043238878250122 0.3799215853214264 
vt 0.16455954313278198 0.3839055001735687 
vt 0.16372056305408478 0.37678271532058716 
vt 0.17043238878250122 0.3799215853214264 
vt 0.1607242077589035 0.3858371078968048 
vt 0.15724845230579376 0.3826982378959656 
vt 0.157488152384758 0.3938049376010895 
vt 0.19116713106632233 0.38378477096557617 
vt 0.20027603209018707 0.3882516026496887 
vt 0.19476275146007538 0.3964608907699585 
vt 0.17055223882198334 0.40684324502944946 
vt 0.1622823178768158 0.3994790315628052 
vt 0.163121297955513 0.4075675904750824 
vt 0.18121924996376038 0.3936842381954193 
vt 0.16695661842823029 0.3921147882938385 
vt 0.176664799451828 0.3866821825504303 
vt 0.1677955985069275 0.3962194621562958 
vt 0.1622823178768158 0.3994790315628052 
vt 0.1711515188217163 0.4012899100780487 
vt 0.163121297955513 0.4075675904750824 
vt 0.15784771740436554 0.40358367562294006 
vt 0.1622823178768158 0.3994790315628052 
vt 0.5075817108154297 0.902298629283905 
vt 0.5077015161514282 0.8901054263114929 
vt 0.5009897351264954 0.90241938829422 
vt 0.176664799451828 0.40817123651504517 
vt 0.16324114799499512 0.4143281877040863 
vt 0.17055223882198334 0.40684324502944946 
vt 0.16324114799499512 0.4143281877040863 
vt 0.17055223882198334 0.40684324502944946 
vt 0.163121297955513 0.4075675904750824 
vt 0.16180290281772614 0.4145696461200714 
vt 0.15245428681373596 0.4145696461200714 
vt 0.1567690372467041 0.40744686126708984 
vt 0.20950479805469513 0.9066447615623474 
vt 0.20303267240524292 0.8922784924507141 
vt 0.20339223742485046 0.9065240025520325 
vt 0.18409574031829834 0.4029800593852997 
vt 0.1838560402393341 0.3964608907699585 
vt 0.1910472810268402 0.39851322770118713 
vt 0.5938765406608582 0.35215482115745544 
vt 0.591479480266571 0.3625371754169464 
vt 0.5937567353248596 0.36676254868507385 
vt 0.039911381900310516 0.6007276177406311 
vt 0.04422612488269806 0.5890172719955444 
vt 0.054773278534412384 0.588413655757904 
vt 0.21022391319274902 0.5817737579345703 
vt 0.2125011384487152 0.5829810500144958 
vt 0.21022391319274902 0.5774276852607727 
vt 0.20794668793678284 0.3764205574989319 
vt 0.20830625295639038 0.38306042551994324 
vt 0.20303267240524292 0.3814910054206848 
vt 0.20027603209018707 0.3882516026496887 
vt 0.19476275146007538 0.3964608907699585 
vt 0.20423121750354767 0.39392566680908203 
vt 0.9126881957054138 0.1774657517671585 
vt 0.9134073257446289 0.16322019696235657 
vt 0.9177221059799194 0.1728782057762146 
vt 0.5750594735145569 0.7303862571716309 
vt 0.5817713141441345 0.7162614464759827 
vt 0.5751793384552002 0.7207282781600952 
vt 0.21417909860610962 0.39114901423454285 
vt 0.22161003947257996 0.38595783710479736 
vt 0.2212504893541336 0.39573654532432556 
vt 0.2242468297481537 0.3807666599750519 
vt 0.22880128026008606 0.3814910054206848 
vt 0.2276027500629425 0.3777485191822052 
vt 0.21214157342910767 0.4099820852279663 
vt 0.20974449813365936 0.41227588057518005 
vt 0.20818640291690826 0.4115515351295471 
vt 0.9029800295829773 0.8228616118431091 
vt 0.9098117351531982 0.8060808181762695 
vt 0.9027402997016907 0.8062015771865845 
vt 0.08150071650743484 0.41227588057518005 
vt 0.08629488199949265 0.4370245039463043 
vt 0.06496086716651917 0.41203442215919495 
vt 0.970337986946106 0.7815736532211304 
vt 0.9722556471824646 0.7760202884674072 
vt 0.970337986946106 0.7744508981704712 
vt 0.20746727287769318 0.4021349847316742 
vt 0.20147457718849182 0.40527382493019104 
vt 0.2036319524049759 0.39875468611717224 
vt 0.19620099663734436 0.4064810872077942 
vt 0.1957215815782547 0.4094991981983185 
vt 0.20147457718849182 0.40527382493019104 
vt 0.08150071650743484 0.41227588057518005 
vt 0.08713385462760925 0.4276079535484314 
vt 0.08629488199949265 0.4370245039463043 
vt 0.20746727287769318 0.4021349847316742 
vt 0.2212504893541336 0.39573654532432556 
vt 0.2077069878578186 0.39984118938446045 
vt 0.2099842131137848 0.39742669463157654 
vt 0.21417909860610962 0.39114901423454285 
vt 0.2212504893541336 0.39573654532432556 
vt 0.5012294054031372 0.8849142789840698 
vt 0.5009897351264954 0.8858800530433655 
vt 0.5077015161514282 0.8901054263114929 
vt 0.6587175726890564 0.46491196751594543 
vt 0.6546425223350525 0.4666021168231964 
vt 0.6546425223350525 0.4541674554347992 
vt 0.6587175726890564 0.45404672622680664 
vt 0.6546425223350525 0.4541674554347992 
vt 0.6587175726890564 0.46491196751594543 
vt 0.08953093737363815 0.41227588057518005 
vt 0.08953093737363815 0.42471054196357727 
vt 0.08150071650743484 0.41227588057518005 
vt 0.2045907825231552 0.9388782978057861 
vt 0.20471063256263733 0.9466047286987305 
vt 0.20902538299560547 0.9468461871147156 
vt 0.6349865198135376 0.730506956577301 
vt 0.6351063251495361 0.7242292761802673 
vt 0.6394211053848267 0.723625659942627 
vt 0.21034376323223114 0.610868513584137 
vt 0.21693573892116547 0.610868513584137 
vt 0.21741515398025513 0.6067638397216797 
vt 0.1178164854645729 0.8857593536376953 
vt 0.12057312577962875 0.8876909017562866 
vt 0.1280040740966797 0.900608479976654 
vt 0.5703851580619812 0.6492590308189392 
vt 0.5726624131202698 0.6424984335899353 
vt 0.5701454877853394 0.6369451284408569 
vt 0.14766012132167816 0.7233842015266418 
vt 0.1432255357503891 0.7378712296485901 
vt 0.14334538578987122 0.7064827084541321 
vt 0.02960393764078617 0.6126793622970581 
vt 0.03787386417388916 0.6140073537826538 
vt 0.039911381900310516 0.6007276177406311 
vt 0.03787386417388916 0.6140073537826538 
vt 0.039911381900310516 0.6007276177406311 
vt 0.05441371724009514 0.6304259300231934 
vt 0.03188116475939751 0.6369451284408569 
vt 0.045544520020484924 0.6398425102233887 
vt 0.047701891511678696 0.6375487446784973 
vt 0.5425790548324585 0.0886121466755867 
vt 0.5362268090248108 0.09247534722089767 
vt 0.5426989197731018 0.08052357286214828 
vt 0.31162041425704956 0.5181517004966736 
vt 0.29627910256385803 0.5132019519805908 
vt 0.28980696201324463 0.5180310010910034 
vt 0.2552890181541443 0.5873271226882935 
vt 0.25504931807518005 0.5479707717895508 
vt 0.2602030336856842 0.5781520009040833 
vt 0.8515626788139343 0.12289804965257645 
vt 0.8509634137153625 0.14221404492855072 
vt 0.8576751947402954 0.13678142428398132 
vt 0.6539234519004822 0.5042683482170105 
vt 0.6436159610748291 0.4988357126712799 
vt 0.6544028520584106 0.48410725593566895 
vt 0.5845279693603516 0.28008198738098145 
vt 0.5857264995574951 0.28008198738098145 
vt 0.5657109022140503 0.25871366262435913 
vt 0.6546425223350525 0.4571855664253235 
vt 0.6544028520584106 0.48410725593566895 
vt 0.6292334794998169 0.47976115345954895 
vt 0.6141318678855896 0.9441902041435242 
vt 0.6104164123535156 0.9313933849334717 
vt 0.6102965474128723 0.9481741786003113 
vt 0.6566800475120544 0.43485143780708313 
vt 0.6800516247749329 0.4535638391971588 
vt 0.6548822522163391 0.45404672622680664 
vt 0.18241779506206512 0.579479992389679 
vt 0.18589355051517487 0.5936048030853271 
vt 0.18601340055465698 0.5824981331825256 
vt 0.03224072605371475 0.784229576587677 
vt 0.04254816845059395 0.7934046983718872 
vt 0.03451795130968094 0.7967849969863892 
vt 0.04326729476451874 0.7993202209472656 
vt 0.04254816845059395 0.7934046983718872 
vt 0.03451795130968094 0.7967849969863892 
vt 0.3964770436286926 0.6476896405220032 
vt 0.39683660864830017 0.6453958749771118 
vt 0.4041476845741272 0.6452751159667969 
vt 0.6871230006217957 0.4500628113746643 
vt 0.6973105669021606 0.4498213529586792 
vt 0.6999473571777344 0.4195193648338318 
vt 0.3698694407939911 0.6411705017089844 
vt 0.3793379068374634 0.6457580327987671 
vt 0.3698694407939911 0.6479310989379883 
vt 0.21525777876377106 0.8636666536331177 
vt 0.21046362817287445 0.866081178188324 
vt 0.20962464809417725 0.8724795579910278 
vt 0.18241779506206512 0.6359792947769165 
vt 0.1861332654953003 0.6173876523971558 
vt 0.18649283051490784 0.6359792947769165 
vt 0.6999473571777344 0.4195193648338318 
vt 0.6919171214103699 0.4058774411678314 
vt 0.688920795917511 0.4219338893890381 
vt 0.8775709867477417 0.405998170375824 
vt 0.8775709867477417 0.3928391635417938 
vt 0.880447506904602 0.40503236651420593 
vt 0.8256741762161255 0.49352380633354187 
vt 0.8163256049156189 0.4985942542552948 
vt 0.8171645998954773 0.5262402892112732 
vt 0.8256741762161255 0.49352380633354187 
vt 0.825194776058197 0.5134434103965759 
vt 0.8171645998954773 0.5262402892112732 
vt 0.4401038885116577 0.47022387385368347 
vt 0.4390251934528351 0.4731212854385376 
vt 0.4423811137676239 0.47106894850730896 
vt 0.9002233743667603 0.965075671672821 
vt 0.9022608995437622 0.970146119594574 
vt 0.8995042443275452 0.9715948104858398 
vt 0.055732108652591705 0.7336457967758179 
vt 0.05417400971055031 0.7232635021209717 
vt 0.054054152220487595 0.7424587607383728 
vt 0.8785298466682434 0.42120951414108276 
vt 0.880447506904602 0.40503236651420593 
vt 0.884162962436676 0.4132416844367981 
vt 0.664710283279419 0.4067225158214569 
vt 0.6547623872756958 0.417346328496933 
vt 0.6757368445396423 0.4169841408729553 
vt 0.6794523000717163 0.40853339433670044 
vt 0.6757368445396423 0.4169841408729553 
vt 0.6733397841453552 0.4084126651287079 
vt 0.4719850420951843 0.4899020493030548 
vt 0.4767792224884033 0.48543521761894226 
vt 0.4724644720554352 0.48567667603492737 
vt 0.46802985668182373 0.48350363969802856 
vt 0.4724644720554352 0.48567667603492737 
vt 0.46755045652389526 0.4848316013813019 
vt 0.36579442024230957 0.5448319315910339 
vt 0.3913232982158661 0.5451940894126892 
vt 0.3986344039440155 0.5345702767372131 
vt 0.5754190683364868 0.02788747474551201 
vt 0.5726624131202698 0.03501024842262268 
vt 0.5727822780609131 0.027766749262809753 
vt 0.2719487249851227 0.6348927617073059 
vt 0.2555287182331085 0.6415326595306396 
vt 0.28033849596977234 0.6447921991348267 
vt 0.5658307075500488 0.010261625051498413 
vt 0.5586394667625427 0.010140899568796158 
vt 0.5685873627662659 0.004949724767357111 
vt 0.6249187588691711 0.8215336203575134 
vt 0.6313908696174622 0.8208093047142029 
vt 0.6283945441246033 0.8150144815444946 
vt 0.4359090030193329 0.5060791969299316 
vt 0.4391450583934784 0.5099424123764038 
vt 0.43015599250793457 0.5095802545547485 
vt 0.41553381085395813 0.47601866722106934 
vt 0.4090617001056671 0.47891607880592346 
vt 0.41721177101135254 0.48217564821243286 
vt 0.41253745555877686 0.49473103880882263 
vt 0.40930140018463135 0.4979906380176544 
vt 0.4104999601840973 0.4874875545501709 
vt 0.3987542688846588 0.4990771412849426 
vt 0.4011513292789459 0.4901435077190399 
vt 0.396237313747406 0.5026988983154297 
vt 0.4250022768974304 0.5082522630691528 
vt 0.43015599250793457 0.5095802545547485 
vt 0.41649264097213745 0.5095802545547485 
vt 0.39887410402297974 0.46430835127830505 
vt 0.39264169335365295 0.4641876220703125 
vt 0.3955182135105133 0.4717932939529419 
vt 0.4852888584136963 0.7018951773643494 
vt 0.46419453620910645 0.6912713646888733 
vt 0.48337116837501526 0.6849936246871948 
vt 0.4838505983352661 0.9242705702781677 
vt 0.47941601276397705 0.923063337802887 
vt 0.48337116837501526 0.9456389546394348 
vt 0.22808216512203217 0.3958572745323181 
vt 0.2212504893541336 0.39573654532432556 
vt 0.22161003947257996 0.38595783710479736 
vt 0.22808216512203217 0.3958572745323181 
vt 0.2212504893541336 0.39573654532432556 
vt 0.2235277146100998 0.3980303108692169 
vt 0.20147457718849182 0.40527382493019104 
vt 0.21214157342910767 0.4099820852279663 
vt 0.20818640291690826 0.4115515351295471 
vt 0.08150071650743484 0.41227588057518005 
vt 0.08713385462760925 0.4276079535484314 
vt 0.08953093737363815 0.42471054196357727 
vt 0.5075817108154297 0.9100250601768494 
vt 0.5009897351264954 0.90241938829422 
vt 0.5075817108154297 0.902298629283905 
vt 0.20327238738536835 0.6923578977584839 
vt 0.20986434817314148 0.6808890104293823 
vt 0.20327238738536835 0.6800439357757568 
vt 0.63954097032547 0.5106667280197144 
vt 0.6294732093811035 0.5006465911865234 
vt 0.6436159610748291 0.4988357126712799 
vt 0.6539234519004822 0.5042683482170105 
vt 0.6436159610748291 0.4988357126712799 
vt 0.6546425223350525 0.5105460286140442 
vt 0.5532460808753967 0.21428687870502472 
vt 0.5597181916236877 0.20571540296077728 
vt 0.5599578619003296 0.2246692180633545 
vt 0.5657109022140503 0.25871366262435913 
vt 0.5857264995574951 0.28008198738098145 
vt 0.5854867696762085 0.25460901856422424 
vt 0.11110465973615646 0.6219751834869385 
vt 0.1178164854645729 0.6172669529914856 
vt 0.11745692044496536 0.6249933242797852 
vt 0.4246427118778229 0.47082749009132385 
vt 0.42056769132614136 0.47493216395378113 
vt 0.4329126477241516 0.4779502749443054 
vt 0.3985145390033722 0.7384748458862305 
vt 0.4024697244167328 0.732197105884552 
vt 0.4041476845741272 0.7388370037078857 
vt 0.05824904516339302 0.7573079466819763 
vt 0.05429386347532272 0.759963870048523 
vt 0.05896816775202751 0.7708291411399841 
vt 0.48025497794151306 0.8869665861129761 
vt 0.4804946780204773 0.9136468172073364 
vt 0.4759402275085449 0.8840692043304443 
vt 0.49056240916252136 0.46491196751594543 
vt 0.49200066924095154 0.45947936177253723 
vt 0.48588812351226807 0.45947936177253723 
vt 0.4917609691619873 0.4452337920665741 
vt 0.18121924996376038 0.3936842381954193 
vt 0.19116713106632233 0.38378477096557617 
vt 0.176664799451828 0.3866821825504303 
vt 0.1861332654953003 0.3779899775981903 
vt 0.09492436796426773 0.5095802545547485 
vt 0.09372583031654358 0.5250329971313477 
vt 0.12452830374240875 0.5427796244621277 
vt 0.09444495290517807 0.5349324941635132 
vt 0.5895618200302124 0 
vt 0.591839075088501 0.007847124710679054 
vt 0.5997493863105774 0.0007243499858304858 
vt 0.5973523259162903 0.01098597515374422 
vt 0.157488152384758 0.3938049376010895 
vt 0.16695661842823029 0.3921147882938385 
vt 0.1607242077589035 0.3858371078968048 
vt 0.16455954313278198 0.3839055001735687 
vt 0.16695661842823029 0.3921147882938385 
vt 0.176664799451828 0.3866821825504303 
vt 0.16455954313278198 0.3839055001735687 
vt 0.17043238878250122 0.3799215853214264 
vt 0.18109939992427826 0.4034629464149475 
vt 0.17798319458961487 0.4037044048309326 
vt 0.18421560525894165 0.40575671195983887 
vt 0.176664799451828 0.40817123651504517 
vt 0.1885303407907486 0.41094788908958435 
vt 0.1854141354560852 0.41034427285194397 
vt 0.18709209561347961 0.41444891691207886 
vt 0.18349647521972656 0.4145696461200714 
vt 0.5738609433174133 0.6336855292320251 
vt 0.5741006731987 0.6097819805145264 
vt 0.5701454877853394 0.6369451284408569 
vt 0.5701454877853394 0.6095405220985413 
vt 0.5781757235527039 0.3638651371002197 
vt 0.5846478343009949 0.3625371754169464 
vt 0.5782955288887024 0.356621652841568 
vt 0.5869250297546387 0.3563801944255829 
vt 0.20866581797599792 0.38740652799606323 
vt 0.20830625295639038 0.38306042551994324 
vt 0.20027603209018707 0.3882516026496887 
vt 0.20303267240524292 0.3814910054206848 
vt 0.19116713106632233 0.38378477096557617 
vt 0.20027603209018707 0.3882516026496887 
vt 0.1973995417356491 0.37871432304382324 
vt 0.20303267240524292 0.3814910054206848 
vt 0.20794668793678284 0.3764205574989319 
vt 0.20830625295639038 0.38306042551994324 
vt 0.21669603884220123 0.37545475363731384 
vt 0.2163364738225937 0.38462984561920166 
vt 0.6010677814483643 0.7120360732078552 
vt 0.5817713141441345 0.7162614464759827 
vt 0.5990303158760071 0.7262815833091736 
vt 0.5750594735145569 0.7303862571716309 
vt 0.3077850639820099 0.6719553470611572 
vt 0.31162041425704956 0.6445508003234863 
vt 0.3073056638240814 0.6507077217102051 
vt 0.30742549896240234 0.6445508003234863 
vt 0.21262100338935852 0.5902245044708252 
vt 0.2125011384487152 0.5829810500144958 
vt 0.21022391319274902 0.5903452634811401 
vt 0.21022391319274902 0.5817737579345703 
vt 0.02960393764078617 0.6126793622970581 
vt 0.03188116475939751 0.6369451284408569 
vt 0.03787386417388916 0.6140073537826538 
vt 0.05441371724009514 0.6304259300231934 
vt 0.0524960532784462 0.5348117351531982 
vt 0.054773278534412384 0.5478500723838806 
vt 0.05932772904634476 0.5334838032722473 
vt 0.05920787528157234 0.5525583028793335 
vt 0.029723791405558586 0.640446126461029 
vt 0.03188116475939751 0.6369451284408569 
vt 0.02696714922785759 0.6284943222999573 
vt 0.02936423011124134 0.6216130256652832 
vt 0.3080247938632965 0.6840278506278992 
vt 0.31150054931640625 0.6837863922119141 
vt 0.30814462900161743 0.67690509557724 
vt 0.31162041425704956 0.673524796962738 
vt 0.543777585029602 0.10285770148038864 
vt 0.5564821362495422 0.10032247751951218 
vt 0.543777585029602 0.09175100177526474 
vt 0.5539652109146118 0.08438677340745926 
vt 0.5599578619003296 0.2246692180633545 
vt 0.5583997964859009 0.24084638059139252 
vt 0.5664300322532654 0.2246692180633545 
vt 0.5657109022140503 0.25871366262435913 
vt 0.6769353747367859 0.454650342464447 
vt 0.6770552396774292 0.47408708930015564 
vt 0.680411159992218 0.4579099118709564 
vt 0.6807706952095032 0.48036476969718933 
vt 0.6928759813308716 0.06120757386088371 
vt 0.6858046054840088 0.08716344833374023 
vt 0.6968311667442322 0.05939669907093048 
vt 0.6904789209365845 0.08390387147665024 
vt 0.7210416793823242 0.5127190947532654 
vt 0.7145695686340332 0.5118740200996399 
vt 0.7210416793823242 0.5479707717895508 
vt 0.7145695686340332 0.5372262597084045 
vt 0.9038190245628357 0.7721570730209351 
vt 0.903938889503479 0.7889378666877747 
vt 0.9082536101341248 0.775537371635437 
vt 0.9099315404891968 0.7864026427268982 
vt 0.5599578619003296 0.26764732599258423 
vt 0.5595983266830444 0.256902813911438 
vt 0.5532460808753967 0.2721141576766968 
vt 0.5531262159347534 0.24591682851314545 
vt 0.6999473571777344 0.4195193648338318 
vt 0.6973105669021606 0.4498213529586792 
vt 0.7015054821968079 0.43473073840141296 
vt 0.7015054821968079 0.45163223147392273 
vt 0.8710988759994507 0.28623896837234497 
vt 0.8713386058807373 0.30169177055358887 
vt 0.8757731914520264 0.2867218852043152 
vt 0.877690851688385 0.30012235045433044 
vt 0.8518023490905762 0.8099440336227417 
vt 0.8519222140312195 0.8301051259040833 
vt 0.8583943247795105 0.8099440336227417 
vt 0.8583943247795105 0.8311915993690491 
vt 0.6283945441246033 0.8150144815444946 
vt 0.6318702697753906 0.8130828738212585 
vt 0.6249187588691711 0.8029419779777527 
vt 0.6311511397361755 0.8034248948097229 
vt 0.9343817830085754 0.02921544946730137 
vt 0.9388163685798645 0.030422700569033623 
vt 0.9362994432449341 0.021368324756622314 
vt 0.9385766983032227 0.017867300659418106 
s on 
f 16/16/16 17/17/17 18/18/18 
f 17/17/17 18/18/18 18/18/18 
f 18/18/18 18/18/18 19/19/19 
f 18/18/18 19/19/19 19/19/19 
f 19/19/19 19/19/19 20/20/20 
f 19/19/19 21/21/21 20/20/20 
f 20/20/20 21/21/21 21/21/21 
f 21/21/21 22/22/22 21/21/21 
f 21/21/21 22/22/22 22/22/22 
f 22/22/22 23/23/23 22/22/22 
f 22/22/22 23/23/23 24/24/24 
f 23/23/23 24/24/24 24/24/24 
f 24/24/24 24/24/24 25/25/25 
f 24/24/24 25/25/25 25/25/25 
f 25/25/25 25/25/25 26/26/26 
f 25/25/25 27/27/27 26/26/26 
f 26/26/26 27/27/27 27/27/27 
f 27/27/27 28/28/28 27/27/27 
f 27/27/27 28/28/28 28/28/28 
f 28/28/28 29/29/29 28/28/28 
f 28/28/28 29/29/29 30/30/30 
f 29/29/29 30/30/30 30/30/30 
f 30/30/30 30/30/30 31/31/31 
f 30/30/30 31/31/31 31/31/31 
f 31/31/31 31/31/31 32/32/32 
f 31/31/31 33/33/33 32/32/32 
f 32/32/32 33/33/33 33/33/33 
f 33/33/33 34/34/34 33/33/33 
f 33/33/33 34/34/34 34/34/34 
f 34/34/34 35/35/35 34/34/34 
f 34/34/34 35/35/35 36/36/36 
f 35/35/35 36/36/36 36/36/36 
f 36/36/36 36/36/36 37/37/37 
f 36/36/36 37/37/37 37/37/37 
f 37/37/37 37/37/37 38/38/38 
f 37/37/37 39/39/39 38/38/38 
f 38/38/38 39/39/39 39/39/39 
f 39/39/39 40/40/40 39/39/39 
f 39/39/39 40/40/40 40/40/40 
f 40/40/40 41/41/41 40/40/40 
f 40/40/40 41/41/41 42/42/42 
f 41/41/41 42/42/42 42/42/42 
f 42/42/42 42/42/42 43/43/43 
f 42/42/42 43/43/43 43/43/43 
f 43/43/43 43/43/43 44/44/44 
f 43/43/43 45/45/45 44/44/44 
f 44/44/44 45/45/45 45/45/45 
f 45/45/45 46/46/46 45/45/45 
f 45/45/45 46/46/46 46/46/46 
f 46/46/46 47/47/47 46/46/46 
f 46/46/46 47/47/47 48/48/48 
f 47/47/47 48/48/48 48/48/48 
f 48/48/48 48/48/48 49/49/49 
f 48/48/48 49/49/49 49/49/49 
f 49/49/49 49/49/49 50/50/50 
f 49/49/49 51/51/51 50/50/50 
f 50/50/50 51/51/51 51/51/51 
f 51/51/51 52/52/52 51/51/51 
f 51/51/51 52/52/52 52/52/52 
f 52/52/52 53/53/53 52/52/52 
f 52/52/52 53/53/53 54/54/54 
f 53/53/53 54/54/54 54/54/54 
f 54/54/54 54/54/54 55/55/55 
f 54/54/54 55/55/55 55/55/55 
f 55/55/55 55/55/55 56/56/56 
f 55/55/55 57/57/57 56/56/56 
f 56/56/56 57/57/57 57/57/57 
f 57/57/57 58/58/58 57/57/57 
f 57/57/57 58/58/58 58/58/58 
f 58/58/58 59/59/59 58/58/58 
f 58/58/58 59/59/59 60/60/60 
f 59/59/59 60/60/60 60/60/60 
f 60/60/60 60/60/60 61/61/61 
f 60/60/60 61/61/61 61/61/61 
f 61/61/61 61/61/61 62/62/62 
f 61/61/61 63/63/63 62/62/62 
f 62/62/62 63/63/63 63/63/63 
f 63/63/63 64/64/64 63/63/63 
f 63/63/63 64/64/64 64/64/64 
f 64/64/64 65/65/65 64/64/64 
f 64/64/64 65/65/65 66/66/66 
f 65/65/65 66/66/66 66/66/66 
f 66/66/66 66/66/66 67/67/67 
f 66/66/66 67/67/67 67/67/67 
f 67/67/67 67/67/67 68/68/68 
f 67/67/67 69/69/69 68/68/68 
f 68/68/68 69/69/69 69/69/69 
f 69/69/69 70/70/70 69/69/69 
f 69/69/69 70/70/70 70/70/70 
f 70/70/70 71/71/71 70/70/70 
f 70/70/70 71/71/71 72/72/72 
f 71/71/71 72/72/72 72/72/72 
f 72/72/72 72/72/72 73/73/73 
f 72/72/72 73/73/73 73/73/73 
f 73/73/73 73/73/73 74/74/74 
f 73/73/73 75/75/75 74/74/74 
f 74/74/74 75/75/75 75/75/75 
f 75/75/75 76/76/76 75/75/75 
f 75/75/75 76/76/76 76/76/76 
f 76/76/76 77/77/77 76/76/76 
f 76/76/76 77/77/77 78/78/78 
f 77/77/77 78/78/78 78/78/78 
f 78/78/78 78/78/78 79/79/79 
f 78/78/78 79/79/79 79/79/79 
f 79/79/79 79/79/79 80/80/80 
f 79/79/79 81/81/81 80/80/80 
f 80/80/80 81/81/81 81/81/81 
f 81/81/81 82/82/82 81/81/81 
f 81/81/81 82/82/82 82/82/82 
f 82/82/82 83/83/83 82/82/82 
f 82/82/82 83/83/83 84/84/84 
f 83/83/83 84/84/84 84/84/84 
f 84/84/84 84/84/84 85/85/85 
f 84/84/84 85/85/85 85/85/85 
f 85/85/85 85/85/85 86/86/86 
f 85/85/85 87/87/87 86/86/86 
f 86/86/86 87/87/87 87/87/87 
f 87/87/87 88/88/88 87/87/87 
f 87/87/87 88/88/88 88/88/88 
f 88/88/88 89/89/89 88/88/88 
f 88/88/88 89/89/89 90/90/90 
f 89/89/89 90/90/90 90/90/90 
f 90/90/90 90/90/90 91/91/91 
f 90/90/90 91/91/91 91/91/91 
f 91/91/91 91/91/91 92/92/92 
f 91/91/91 93/93/93 92/92/92 
f 92/92/92 93/93/93 93/93/93 
f 93/93/93 94/94/94 93/93/93 
f 93/93/93 94/94/94 94/94/94 
f 94/94/94 95/95/95 94/94/94 
f 94/94/94 95/95/95 96/96/96 
f 95/95/95 96/96/96 96/96/96 
f 96/96/96 96/96/96 97/97/97 
f 96/96/96 97/97/97 97/97/97 
f 97/97/97 97/97/97 98/98/98 
f 97/97/97 99/99/99 98/98/98 
f 98/98/98 99/99/99 99/99/99 
f 99/99/99 100/100/100 99/99/99 
f 99/99/99 100/100/100 100/100/100 
f 100/100/100 101/101/101 100/100/100 
f 100/100/100 101/101/101 102/102/102 
f 101/101/101 102/102/102 102/102/102 
f 102/102/102 102/102/102 103/103/103 
f 102/102/102 103/103/103 103/103/103 
f 103/103/103 103/103/103 104/104/104 
f 103/103/103 105/105/105 104/104/104 
f 104/104/104 105/105/105 105/105/105 
f 105/105/105 106/106/106 105/105/105 
f 105/105/105 106/106/106 106/106/106 
f 106/106/106 107/107/107 106/106/106 
f 106/106/106 107/107/107 108/108/108 
f 107/107/107 108/108/108 108/108/108 
f 108/108/108 108/108/108 109/109/109 
f 108/108/108 109/109/109 109/109/109 
f 109/109/109 109/109/109 110/110/110 
f 109/109/109 111/111/111 110/110/110 
f 110/110/110 111/111/111 111/111/111 
f 111/111/111 112/112/112 111/111/111 
f 111/111/111 112/112/112 112/112/112 
f 112/112/112 113/113/113 112/112/112 
f 112/112/112 113/113/113 114/114/114 
f 113/113/113 114/114/114 114/114/114 
f 114/114/114 114/114/114 115/115/115 
f 114/114/114 115/115/115 115/115/115 
f 115/115/115 115/115/115 116/116/116 
f 115/115/115 117/117/117 116/116/116 
f 116/116/116 117/117/117 117/117/117 
f 117/117/117 118/118/118 117/117/117 
f 117/117/117 118/118/118 118/118/118 
f 118/118/118 119/119/119 118/118/118 
f 118/118/118 119/119/119 120/120/120 
f 119/119/119 120/120/120 120/120/120 
f 120/120/120 120/120/120 121/121/121 
f 120/120/120 121/121/121 121/121/121 
f 121/121/121 121/121/121 122/122/122 
f 121/121/121 123/123/123 122/122/122 
f 122/122/122 123/123/123 123/123/123 
f 123/123/123 124/124/124 123/123/123 
f 123/123/123 124/124/124 124/124/124 
f 124/124/124 125/125/125 124/124/124 
f 124/124/124 125/125/125 126/126/126 
f 125/125/125 126/126/126 126/126/126 
f 126/126/126 126/126/126 127/127/127 
f 126/126/126 127/127/127 127/127/127 
f 127/127/127 127/127/127 128/128/128 
f 127/127/127 129/129/129 128/128/128 
f 128/128/128 129/129/129 129/129/129 
f 129/129/129 130/130/130 129/129/129 
f 129/129/129 130/130/130 130/130/130 
f 130/130/130 131/131/131 130/130/130 
f 130/130/130 131/131/131 132/132/132 
f 131/131/131 132/132/132 132/132/132 
f 132/132/132 132/132/132 133/133/133 
f 132/132/132 133/133/133 133/133/133 
f 133/133/133 133/133/133 134/134/134 
f 133/133/133 135/135/135 134/134/134 
f 134/134/134 135/135/135 135/135/135 
f 135/135/135 136/136/136 135/135/135 
f 135/135/135 136/136/136 136/136/136 
f 136/136/136 137/137/137 136/136/136 
f 136/136/136 137/137/137 138/138/138 
f 137/137/137 138/138/138 138/138/138 
f 138/138/138 138/138/138 139/139/139 
f 138/138/138 139/139/139 139/139/139 
f 139/139/139 139/139/139 140/140/140 
f 139/139/139 141/141/141 140/140/140 
f 140/140/140 141/141/141 141/141/141 
f 141/141/141 142/142/142 141/141/141 
f 141/141/141 142/142/142 142/142/142 
f 142/142/142 143/143/143 142/142/142 
f 142/142/142 143/143/143 144/144/144 
f 143/143/143 144/144/144 144/144/144 
f 144/144/144 144/144/144 145/145/145 
f 144/144/144 145/145/145 145/145/145 
f 145/145/145 145/145/145 146/146/146 
f 145/145/145 147/147/147 146/146/146 
f 146/146/146 147/147/147 147/147/147 
f 147/147/147 148/148/148 147/147/147 
f 147/147/147 148/148/148 148/148/148 
f 148/148/148 149/149/149 148/148/148 
f 148/148/148 149/149/149 150/150/150 
f 149/149/149 150/150/150 150/150/150 
f 150/150/150 150/150/150 151/151/151 
f 150/150/150 151/151/151 151/151/151 
f 151/151/151 151/151/151 152/152/152 
f 151/151/151 153/153/153 152/152/152 
f 152/152/152 153/153/153 153/153/153 
f 153/153/153 154/154/154 153/153/153 
f 153/153/153 154/154/154 154/154/154 
f 154/154/154 155/155/155 154/154/154 
f 154/154/154 155/155/155 156/156/156 
f 155/155/155 156/156/156 156/156/156 
f 156/156/156 156/156/156 157/157/157 
f 156/156/156 157/157/157 157/157/157 
f 157/157/157 157/157/157 158/158/158 
f 157/157/157 159/159/159 158/158/158 
f 158/158/158 159/159/159 159/159/159 
f 159/159/159 160/160/160 159/159/159 
f 159/159/159 160/160/160 160/160/160 
f 160/160/160 161/161/161 160/160/160 
f 160/160/160 161/161/161 162/162/162 
f 161/161/161 162/162/162 162/162/162 
f 162/162/162 162/162/162 163/163/163 
f 162/162/162 163/163/163 163/163/163 
f 163/163/163 163/163/163 164/164/164 
f 163/163/163 165/165/165 164/164/164 
f 164/164/164 165/165/165 165/165/165 
f 165/165/165 166/166/166 165/165/165 
f 165/165/165 166/166/166 166/166/166 
f 166/166/166 167/167/167 166/166/166 
f 166/166/166 167/167/167 168/168/168 
f 167/167/167 168/168/168 168/168/168 
f 168/168/168 168/168/168 169/169/169 
f 168/168/168 169/169/169 169/169/169 
f 169/169/169 169/169/169 170/170/170 
f 169/169/169 171/171/171 170/170/170 
f 170/170/170 171/171/171 171/171/171 
f 171/171/171 172/172/172 171/171/171 
f 171/171/171 172/172/172 172/172/172 
f 172/172/172 173/173/173 172/172/172 
f 172/172/172 173/173/173 174/174/174 
f 173/173/173 174/174/174 174/174/174 
f 174/174/174 174/174/174 175/175/175 
f 174/174/174 175/175/175 175/175/175 
f 175/175/175 175/175/175 176/176/176 
f 175/175/175 177/177/177 176/176/176 
f 176/176/176 177/177/177 177/177/177 
f 177/177/177 178/178/178 177/177/177 
f 177/177/177 178/178/178 178/178/178 
f 178/178/178 179/179/179 178/178/178 
f 178/178/178 179/179/179 180/180/180 
f 179/179/179 180/180/180 180/180/180 
f 180/180/180 180/180/180 181/181/181 
f 180/180/180 181/181/181 181/181/181 
f 181/181/181 181/181/181 182/182/182 
f 181/181/181 183/183/183 182/182/182 
f 182/182/182 183/183/183 183/183/183 
f 183/183/183 184/184/184 183/183/183 
f 183/183/183 184/184/184 184/184/184 
f 184/184/184 185/185/185 184/184/184 
f 184/184/184 185/185/185 186/186/186 
f 185/185/185 186/186/186 186/186/186 
f 186/186/186 186/186/186 187/187/187 
f 186/186/186 187/187/187 187/187/187 
f 187/187/187 187/187/187 188/188/188 
f 187/187/187 189/189/189 188/188/188 
f 188/188/188 189/189/189 189/189/189 
f 189/189/189 190/190/190 189/189/189 
f 189/189/189 190/190/190 190/190/190 
f 190/190/190 191/191/191 190/190/190 
f 190/190/190 191/191/191 192/192/192 
f 191/191/191 192/192/192 192/192/192 
f 192/192/192 192/192/192 193/193/193 
f 192/192/192 193/193/193 193/193/193 
f 193/193/193 193/193/193 194/194/194 
f 193/193/193 195/195/195 194/194/194 
f 194/194/194 195/195/195 195/195/195 
f 195/195/195 196/196/196 195/195/195 
f 195/195/195 196/196/196 196/196/196 
f 196/196/196 197/197/197 196/196/196 
f 196/196/196 197/197/197 198/198/198 
f 197/197/197 198/198/198 198/198/198 
f 198/198/198 198/198/198 199/199/199 
f 198/198/198 199/199/199 199/199/199 
f 199/199/199 199/199/199 200/200/200 
f 199/199/199 201/201/201 200/200/200 
f 200/200/200 201/201/201 201/201/201 
f 201/201/201 202/202/202 201/201/201 
f 201/201/201 202/202/202 202/202/202 
f 202/202/202 203/203/203 202/202/202 
f 202/202/202 203/203/203 204/204/204 
f 203/203/203 204/204/204 204/204/204 
f 204/204/204 204/204/204 205/205/205 
f 204/204/204 205/205/205 205/205/205 
f 205/205/205 205/205/205 206/206/206 
f 205/205/205 207/207/207 206/206/206 
f 206/206/206 207/207/207 207/207/207 
f 207/207/207 208/208/208 207/207/207 
f 207/207/207 208/208/208 208/208/208 
f 208/208/208 209/209/209 208/208/208 
f 208/208/208 209/209/209 210/210/210 
f 209/209/209 210/210/210 210/210/210 
f 210/210/210 210/210/210 211/211/211 
f 210/210/210 211/211/211 211/211/211 
f 211/211/211 211/211/211 212/212/212 
f 211/211/211 213/213/213 212/212/212 
f 212/212/212 213/213/213 213/213/213 
f 213/213/213 214/214/214 213/213/213 
f 213/213/213 214/214/214 214/214/214 
f 214/214/214 215/215/215 214/214/214 
f 214/214/214 215/215/215 216/216/216 
f 215/215/215 216/216/216 216/216/216 
f 216/216/216 216/216/216 217/217/217 
f 216/216/216 217/217/217 217/217/217 
f 217/217/217 217/217/217 218/218/218 
f 217/217/217 219/219/219 218/218/218 
f 218/218/218 219/219/219 219/219/219 
f 219/219/219 220/220/220 219/219/219 
f 219/219/219 220/220/220 220/220/220 
f 220/220/220 221/221/221 220/220/220 
f 220/220/220 221/221/221 222/222/222 
f 221/221/221 222/222/222 222/222/222 
f 222/222/222 222/222/222 223/223/223 
f 222/222/222 223/223/223 223/223/223 
f 223/223/223 223/223/223 224/224/224 
f 223/223/223 225/225/225 224/224/224 
f 224/224/224 225/225/225 225/225/225 
f 225/225/225 226/226/226 225/225/225 
f 225/225/225 226/226/226 226/226/226 
f 226/226/226 227/227/227 226/226/226 
f 226/226/226 227/227/227 228/228/228 
f 227/227/227 228/228/228 228/228/228 
f 228/228/228 228/228/228 229/229/229 
f 228/228/228 229/229/229 229/229/229 
f 229/229/229 229/229/229 230/230/230 
f 229/229/229 231/231/231 230/230/230 
f 230/230/230 231/231/231 231/231/231 
f 231/231/231 232/232/232 231/231/231 
f 231/231/231 232/232/232 232/232/232 
f 232/232/232 233/233/233 232/232/232 
f 232/232/232 233/233/233 234/234/234 
f 233/233/233 234/234/234 234/234/234 
f 234/234/234 234/234/234 235/235/235 
f 234/234/234 235/235/235 235/235/235 
f 235/235/235 235/235/235 236/236/236 
f 235/235/235 237/237/237 236/236/236 
f 236/236/236 237/237/237 237/237/237 
f 237/237/237 238/238/238 237/237/237 
f 237/237/237 238/238/238 238/238/238 
f 238/238/238 239/239/239 238/238/238 
f 238/238/238 239/239/239 240/240/240 
f 239/239/239 240/240/240 240/240/240 
f 240/240/240 240/240/240 241/241/241 
f 240/240/240 241/241/241 241/241/241 
f 241/241/241 241/241/241 242/242/242 
f 241/241/241 243/243/243 242/242/242 
f 242/242/242 243/243/243 243/243/243 
f 243/243/243 244/244/244 243/243/243 
f 243/243/243 244/244/244 244/244/244 
f 244/244/244 245/245/245 244/244/244 
f 244/244/244 245/245/245 246/246/246 
f 245/245/245 246/246/246 246/246/246 
f 246/246/246 246/246/246 247/247/247 
f 246/246/246 247/247/247 247/247/247 
f 247/247/247 247/247/247 248/248/248 
f 247/247/247 249/249/249 248/248/248 
f 248/248/248 249/249/249 249/249/249 
f 249/249/249 250/250/250 249/249/249 
f 249/249/249 250/250/250 250/250/250 
f 250/250/250 251/251/251 250/250/250 
f 250/250/250 251/251/251 252/252/252 
f 251/251/251 252/252/252 252/252/252 
f 252/252/252 252/252/252 253/253/253 
f 252/252/252 253/253/253 253/253/253 
f 253/253/253 253/253/253 254/254/254 
f 253/253/253 255/255/255 254/254/254 
f 254/254/254 255/255/255 255/255/255 
f 255/255/255 256/256/256 255/255/255 
f 255/255/255 256/256/256 256/256/256 
f 256/256/256 257/257/257 256/256/256 
f 256/256/256 257/257/257 258/258/258 
f 257/257/257 258/258/258 258/258/258 
f 258/258/258 258/258/258 259/259/259 
f 258/258/258 259/259/259 259/259/259 
f 259/259/259 259/259/259 260/260/260 
f 259/259/259 261/261/261 260/260/260 
f 260/260/260 261/261/261 261/261/261 
f 261/261/261 262/262/262 261/261/261 
f 261/261/261 262/262/262 262/262/262 
f 262/262/262 263/263/263 262/262/262 
f 262/262/262 263/263/263 264/264/264 
f 263/263/263 264/264/264 264/264/264 
f 264/264/264 264/264/264 265/265/265 
f 264/264/264 265/265/265 265/265/265 
f 265/265/265 265/265/265 266/266/266 
f 265/265/265 267/267/267 266/266/266 
f 266/266/266 267/267/267 267/267/267 
f 267/267/267 268/268/268 267/267/267 
f 267/267/267 268/268/268 268/268/268 
f 268/268/268 269/269/269 268/268/268 
f 268/268/268 269/269/269 270/270/270 
f 269/269/269 270/270/270 270/270/270 
f 270/270/270 270/270/270 271/271/271 
f 270/270/270 271/271/271 271/271/271 
f 271/271/271 271/271/271 272/272/272 
f 271/271/271 273/273/273 272/272/272 
f 272/272/272 273/273/273 273/273/273 
f 273/273/273 274/274/274 273/273/273 
f 273/273/273 274/274/274 274/274/274 
f 274/274/274 275/275/275 274/274/274 
f 274/274/274 275/275/275 276/276/276 
f 275/275/275 276/276/276 276/276/276 
f 276/276/276 276/276/276 277/277/277 
f 276/276/276 277/277/277 277/277/277 
f 277/277/277 277/277/277 278/278/278 
f 277/277/277 279/279/279 278/278/278 
f 278/278/278 279/279/279 279/279/279 
f 279/279/279 280/280/280 279/279/279 
f 279/279/279 280/280/280 280/280/280 
f 280/280/280 281/281/281 280/280/280 
f 280/280/280 281/281/281 282/282/282 
f 281/281/281 282/282/282 282/282/282 
f 282/282/282 282/282/282 283/283/283 
f 282/282/282 283/283/283 283/283/283 
f 283/283/283 283/283/283 284/284/284 
f 283/283/283 285/285/285 284/284/284 
f 284/284/284 285/285/285 285/285/285 
f 285/285/285 286/286/286 285/285/285 
f 285/285/285 286/286/286 286/286/286 
f 286/286/286 287/287/287 286/286/286 
f 286/286/286 287/287/287 288/288/288 
f 287/287/287 288/288/288 288/288/288 
f 288/288/288 288/288/288 289/289/289 
f 288/288/288 289/289/289 289/289/289 
f 289/289/289 289/289/289 290/290/290 
f 289/289/289 291/291/291 290/290/290 
f 290/290/290 291/291/291 291/291/291 
f 291/291/291 292/292/292 291/291/291 
f 291/291/291 292/292/292 292/292/292 
f 292/292/292 293/293/293 292/292/292 
f 292/292/292 293/293/293 294/294/294 
f 293/293/293 294/294/294 294/294/294 
f 294/294/294 294/294/294 295/295/295 
f 294/294/294 295/295/295 295/295/295 
f 295/295/295 295/295/295 296/296/296 
f 295/295/295 297/297/297 296/296/296 
f 296/296/296 297/297/297 297/297/297 
f 297/297/297 298/298/298 297/297/297 
f 297/297/297 298/298/298 298/298/298 
f 298/298/298 299/299/299 298/298/298 
f 298/298/298 299/299/299 300/300/300 
f 299/299/299 300/300/300 300/300/300 
f 300/300/300 300/300/300 301/301/301 
f 300/300/300 301/301/301 301/301/301 
f 301/301/301 301/301/301 302/302/302 
f 301/301/301 303/303/303 302/302/302 
f 302/302/302 303/303/303 303/303/303 
f 303/303/303 304/304/304 303/303/303 
f 303/303/303 304/304/304 304/304/304 
f 304/304/304 305/305/305 304/304/304 
f 304/304/304 305/305/305 306/306/306 
f 305/305/305 306/306/306 306/306/306 
f 306/306/306 306/306/306 307/307/307 
f 306/306/306 307/307/307 307/307/307 
f 307/307/307 307/307/307 308/308/308 
f 307/307/307 309/309/309 308/308/308 
f 308/308/308 309/309/309 309/309/309 
f 309/309/309 310/310/310 309/309/309 
f 309/309/309 310/310/310 310/310/310 
f 310/310/310 311/311/311 310/310/310 
f 310/310/310 311/311/311 312/312/312 
f 311/311/311 312/312/312 312/312/312 
f 312/312/312 312/312/312 313/313/313 
f 312/312/312 313/313/313 313/313/313 
f 313/313/313 313/313/313 314/314/314 
f 313/313/313 315/315/315 314/314/314 
f 314/314/314 315/315/315 315/315/315 
f 315/315/315 316/316/316 315/315/315 
f 315/315/315 316/316/316 316/316/316 
f 316/316/316 317/317/317 316/316/316 
f 316/316/316 317/317/317 318/318/318 
f 317/317/317 318/318/318 318/318/318 
f 318/318/318 318/318/318 319/319/319 
f 318/318/318 319/319/319 319/319/319 
f 319/319/319 319/319/319 320/320/320 
f 319/319/319 321/321/321 320/320/320 
f 320/320/320 321/321/321 321/321/321 
f 321/321/321 322/322/322 321/321/321 
f 321/321/321 322/322/322 322/322/322 
f 322/322/322 323/323/323 322/322/322 
f 322/322/322 323/323/323 324/324/324 
f 323/323/323 324/324/324 324/324/324 
f 324/324/324 324/324/324 325/325/325 
f 324/324/324 325/325/325 325/325/325 
f 325/325/325 325/325/325 326/326/326 
f 325/325/325 327/327/327 326/326/326 
f 326/326/326 327/327/327 327/327/327 
f 327/327/327 328/328/328 327/327/327 
f 327/327/327 328/328/328 328/328/328 
f 328/328/328 329/329/329 328/328/328 
f 328/328/328 329/329/329 330/330/330 
f 329/329/329 330/330/330 330/330/330 
f 330/330/330 330/330/330 331/331/331 
f 330/330/330 331/331/331 331/331/331 
f 331/331/331 331/331/331 332/332/332 
f 331/331/331 333/333/333 332/332/332 
f 332/332/332 333/333/333 333/333/333 
f 333/333/333 334/334/334 333/333/333 
f 333/333/333 334/334/334 334/334/334 
f 334/334/334 335/335/335 334/334/334 
f 334/334/334 335/335/335 336/336/336 
f 335/335/335 336/336/336 336/336/336 
f 336/336/336 336/336/336 337/337/337 
f 336/336/336 337/337/337 337/337/337 
f 337/337/337 337/337/337 338/338/338 
f 337/337/337 339/339/339 338/338/338 
f 338/338/338 339/339/339 339/339/339 
f 339/339/339 340/340/340 339/339/339 
f 339/339/339 340/340/340 340/340/340 
f 340/340/340 341/341/341 340/340/340 
f 340/340/340 341/341/341 342/342/342 
f 341/341/341 342/342/342 342/342/342 
f 342/342/342 342/342/342 343/343/343 
f 342/342/342 343/343/343 343/343/343 
f 343/343/343 343/343/343 344/344/344 
f 343/343/343 345/345/345 344/344/344 
f 344/344/344 345/345/345 345/345/345 
f 345/345/345 346/346/346 345/345/345 
f 345/345/345 346/346/346 346/346/346 
f 346/346/346 347/347/347 346/346/346 
f 346/346/346 347/347/347 348/348/348 
f 347/347/347 348/348/348 348/348/348 
f 348/348/348 348/348/348 349/349/349 
f 348/348/348 349/349/349 349/349/349 
f 349/349/349 349/349/349 350/350/350 
f 349/349/349 351/351/351 350/350/350 
f 350/350/350 351/351/351 351/351/351 
f 351/351/351 352/352/352 351/351/351 
f 351/351/351 352/352/352 352/352/352 
f 352/352/352 353/353/353 352/352/352 
f 352/352/352 353/353/353 354/354/354 
f 353/353/353 354/354/354 354/354/354 
f 354/354/354 354/354/354 355/355/355 
f 354/354/354 355/355/355 355/355/355 
f 355/355/355 355/355/355 356/356/356 
f 355/355/355 357/357/357 356/356/356 
f 356/356/356 357/357/357 357/357/357 
f 357/357/357 358/358/358 357/357/357 
f 357/357/357 358/358/358 358/358/358 
f 358/358/358 359/359/359 358/358/358 
f 358/358/358 359/359/359 360/360/360 
f 359/359/359 360/360/360 360/360/360 
f 360/360/360 360/360/360 361/361/361 
f 360/360/360 361/361/361 361/361/361 
f 361/361/361 361/361/361 362/362/362 
f 361/361/361 363/363/363 362/362/362 
f 362/362/362 363/363/363 363/363/363 
f 363/363/363 364/364/364 363/363/363 
f 363/363/363 364/364/364 364/364/364 
f 364/364/364 365/365/365 364/364/364 
f 364/364/364 365/365/365 366/366/366 
f 365/365/365 366/366/366 366/366/366 
f 366/366/366 366/366/366 367/367/367 
f 366/366/366 367/367/367 367/367/367 
f 367/367/367 367/367/367 368/368/368 
f 367/367/367 369/369/369 368/368/368 
f 368/368/368 369/369/369 369/369/369 
f 369/369/369 370/370/370 369/369/369 
f 369/369/369 370/370/370 370/370/370 
f 370/370/370 371/371/371 370/370/370 
f 370/370/370 371/371/371 372/372/372 
f 371/371/371 372/372/372 372/372/372 
f 372/372/372 372/372/372 373/373/373 
f 372/372/372 373/373/373 373/373/373 
f 373/373/373 373/373/373 374/374/374 
f 373/373/373 375/375/375 374/374/374 
f 374/374/374 375/375/375 375/375/375 
f 375/375/375 376/376/376 375/375/375 
f 375/375/375 376/376/376 376/376/376 
f 376/376/376 377/377/377 376/376/376 
f 376/376/376 377/377/377 378/378/378 
f 377/377/377 378/378/378 378/378/378 
f 378/378/378 378/378/378 379/379/379 
f 378/378/378 379/379/379 379/379/379 
f 379/379/379 379/379/379 380/380/380 
f 379/379/379 381/381/381 380/380/380 
f 380/380/380 381/381/381 381/381/381 
f 381/381/381 382/382/382 381/381/381 
f 381/381/381 382/382/382 382/382/382 
f 382/382/382 383/383/383 382/382/382 
f 382/382/382 383/383/383 384/384/384 
f 383/383/383 384/384/384 384/384/384 
f 384/384/384 384/384/384 385/385/385 
f 384/384/384 385/385/385 385/385/385 
f 385/385/385 385/385/385 386/386/386 
f 385/385/385 387/387/387 386/386/386 
f 386/386/386 387/387/387 387/387/387 
f 387/387/387 388/388/388 387/387/387 
f 387/387/387 388/388/388 388/388/388 
f 388/388/388 389/389/389 388/388/388 
f 388/388/388 389/389/389 390/390/390 
f 389/389/389 390/390/390 390/390/390 
f 390/390/390 390/390/390 391/391/391 
f 390/390/390 391/391/391 391/391/391 
f 391/391/391 391/391/391 392/392/392 
f 391/391/391 393/393/393 392/392/392 
f 392/392/392 393/393/393 393/393/393 
f 393/393/393 394/394/394 393/393/393 
f 393/393/393 394/394/394 394/394/394 
f 394/394/394 395/395/395 394/394/394 
f 394/394/394 395/395/395 396/396/396 
f 395/395/395 396/396/396 396/396/396 
f 396/396/396 396/396/396 397/397/397 
f 396/396/396 397/397/397 397/397/397 
f 397/397/397 397/397/397 398/398/398 
f 397/397/397 399/399/399 398/398/398 
f 398/398/398 399/399/399 399/399/399 
f 399/399/399 400/400/400 399/399/399 
f 399/399/399 400/400/400 400/400/400 
f 400/400/400 401/401/401 400/400/400 
f 400/400/400 401/401/401 402/402/402 
f 401/401/401 402/402/402 402/402/402 
f 402/402/402 402/402/402 403/403/403 
f 402/402/402 403/403/403 403/403/403 
f 403/403/403 403/403/403 404/404/404 
f 403/403/403 405/405/405 404/404/404 
f 404/404/404 405/405/405 405/405/405 
f 405/405/405 406/406/406 405/405/405 
f 405/405/405 406/406/406 406/406/406 
f 406/406/406 407/407/407 406/406/406 
f 406/406/406 407/407/407 408/408/408 
f 407/407/407 408/408/408 408/408/408 
f 408/408/408 408/408/408 409/409/409 
f 408/408/408 409/409/409 409/409/409 
f 409/409/409 409/409/409 410/410/410 
f 409/409/409 411/411/411 410/410/410 
f 410/410/410 411/411/411 411/411/411 
f 411/411/411 412/412/412 411/411/411 
f 411/411/411 412/412/412 412/412/412 
f 412/412/412 413/413/413 412/412/412 
f 412/412/412 413/413/413 414/414/414 
f 413/413/413 414/414/414 414/414/414 
f 414/414/414 414/414/414 415/415/415 
f 414/414/414 415/415/415 415/415/415 
f 415/415/415 415/415/415 416/416/416 
f 415/415/415 417/417/417 416/416/416 
f 416/416/416 417/417/417 417/417/417 
f 417/417/417 418/418/418 417/417/417 
f 417/417/417 418/418/418 418/418/418 
f 418/418/418 419/419/419 418/418/418 
f 418/418/418 419/419/419 420/420/420 
f 419/419/419 420/420/420 420/420/420 
f 420/420/420 420/420/420 421/421/421 
f 420/420/420 421/421/421 421/421/421 
f 421/421/421 421/421/421 422/422/422 
f 421/421/421 423/423/423 422/422/422 
f 422/422/422 423/423/423 423/423/423 
f 423/423/423 424/424/424 423/423/423 
f 423/423/423 424/424/424 424/424/424 
f 424/424/424 425/425/425 424/424/424 
f 424/424/424 425/425/425 426/426/426 
f 425/425/425 426/426/426 426/426/426 
f 426/426/426 426/426/426 427/427/427 
f 426/426/426 427/427/427 427/427/427 
f 427/427/427 427/427/427 428/428/428 
f 427/427/427 429/429/429 428/428/428 
f 428/428/428 429/429/429 429/429/429 
f 429/429/429 430/430/430 429/429/429 
f 429/429/429 430/430/430 430/430/430 
f 430/430/430 431/431/431 430/430/430 
f 430/430/430 431/431/431 432/432/432 
f 431/431/431 432/432/432 432/432/432 
f 432/432/432 432/432/432 433/433/433 
f 432/432/432 433/433/433 433/433/433 
f 433/433/433 433/433/433 434/434/434 
f 433/433/433 435/435/435 434/434/434 
f 434/434/434 435/435/435 435/435/435 
f 435/435/435 436/436/436 435/435/435 
f 435/435/435 436/436/436 436/436/436 
f 436/436/436 437/437/437 436/436/436 
f 436/436/436 437/437/437 438/438/438 
f 437/437/437 438/438/438 438/438/438 
f 438/438/438 438/438/438 439/439/439 
f 438/438/438 439/439/439 439/439/439 
f 439/439/439 439/439/439 440/440/440 
f 439/439/439 441/441/441 440/440/440 
f 440/440/440 441/441/441 441/441/441 
f 441/441/441 442/442/442 441/441/441 
f 441/441/441 442/442/442 442/442/442 
f 442/442/442 443/443/443 442/442/442 
f 442/442/442 443/443/443 444/444/444 
f 443/443/443 444/444/444 444/444/444 
f 444/444/444 444/444/444 445/445/445 
f 444/444/444 445/445/445 445/445/445 
f 445/445/445 445/445/445 446/446/446 
f 445/445/445 447/447/447 446/446/446 
f 446/446/446 447/447/447 447/447/447 
f 447/447/447 448/448/448 447/447/447 
f 447/447/447 448/448/448 448/448/448 
f 448/448/448 449/449/449 448/448/448 
f 448/448/448 449/449/449 450/450/450 
f 449/449/449 450/450/450 450/450/450 
f 450/450/450 450/450/450 451/451/451 
f 450/450/450 451/451/451 451/451/451 
f 451/451/451 451/451/451 452/452/452 
f 451/451/451 453/453/453 452/452/452 
f 452/452/452 453/453/453 453/453/453 
f 453/453/453 454/454/454 453/453/453 
f 453/453/453 454/454/454 454/454/454 
f 454/454/454 455/455/455 454/454/454 
f 454/454/454 455/455/455 456/456/456 
f 455/455/455 456/456/456 456/456/456 
f 456/456/456 456/456/456 457/457/457 
f 456/456/456 457/457/457 457/457/457 
f 457/457/457 457/457/457 458/458/458 
f 457/457/457 459/459/459 458/458/458 
f 458/458/458 459/459/459 459/459/459 
f 459/459/459 460/460/460 459/459/459 
f 459/459/459 460/460/460 460/460/460 
f 460/460/460 461/461/461 460/460/460 
f 460/460/460 461/461/461 462/462/462 
f 461/461/461 462/462/462 462/462/462 
f 462/462/462 462/462/462 463/463/463 
f 462/462/462 463/463/463 463/463/463 
f 463/463/463 463/463/463 464/464/464 
f 463/463/463 465/465/465 464/464/464 
f 464/464/464 465/465/465 465/465/465 
f 465/465/465 466/466/466 465/465/465 
f 465/465/465 466/466/466 466/466/466 
f 466/466/466 467/467/467 466/466/466 
f 466/466/466 467/467/467 468/468/468 
f 467/467/467 468/468/468 468/468/468 
f 468/468/468 468/468/468 469/469/469 
f 468/468/468 469/469/469 469/469/469 
f 469/469/469 469/469/469 470/470/470 
f 469/469/469 471/471/471 470/470/470 
f 470/470/470 471/471/471 471/471/471 
f 471/471/471 472/472/472 471/471/471 
f 471/471/471 472/472/472 472/472/472 
f 472/472/472 473/473/473 472/472/472 
f 472/472/472 473/473/473 474/474/474 
f 473/473/473 474/474/474 474/474/474 
f 474/474/474 474/474/474 475/475/475 
f 474/474/474 475/475/475 475/475/475 
f 475/475/475 475/475/475 476/476/476 
f 475/475/475 477/477/477 476/476/476 
f 476/476/476 477/477/477 477/477/477 
f 477/477/477 478/478/478 477/477/477 
f 477/477/477 478/478/478 478/478/478 
f 478/478/478 479/479/479 478/478/478 
f 478/478/478 479/479/479 480/480/480 
f 479/479/479 480/480/480 480/480/480 
f 480/480/480 480/480/480 481/481/481 
f 480/480/480 481/481/481 481/481/481 
f 481/481/481 481/481/481 482/482/482 
f 481/481/481 483/483/483 482/482/482 
f 482/482/482 483/483/483 483/483/483 
f 483/483/483 484/484/484 483/483/483 
f 483/483/483 484/484/484 484/484/484 
f 484/484/484 485/485/485 484/484/484 
f 484/484/484 485/485/485 486/486/486 
f 485/485/485 486/486/486 486/486/486 
f 486/486/486 486/486/486 487/487/487 
f 486/486/486 487/487/487 487/487/487 
f 487/487/487 487/487/487 488/488/488 
f 487/487/487 489/489/489 488/488/488 
f 488/488/488 489/489/489 489/489/489 
f 489/489/489 490/490/490 489/489/489 
f 489/489/489 490/490/490 490/490/490 
f 490/490/490 491/491/491 490/490/490 
f 490/490/490 491/491/491 492/492/492 
f 491/491/491 492/492/492 492/492/492 
f 492/492/492 492/492/492 493/493/493 
f 492/492/492 493/493/493 493/493/493 
f 493/493/493 493/493/493 494/494/494 
f 493/493/493 495/495/495 494/494/494 
f 494/494/494 495/495/495 495/495/495 
f 495/495/495 496/496/496 495/495/495 
f 495/495/495 496/496/496 496/496/496 
f 496/496/496 497/497/497 496/496/496 
f 496/496/496 497/497/497 498/498/498 
f 497/497/497 498/498/498 498/498/498 
f 498/498/498 498/498/498 499/499/499 
f 498/498/498 499/499/499 499/499/499 
f 499/499/499 499/499/499 500/500/500 
f 499/499/499 501/501/501 500/500/500 
f 500/500/500 501/501/501 502/502/502 
f 501/501/501 502/502/502 502/502/502 
f 502/502/502 502/502/502 503/503/503 
f 502/502/502 503/503/503 503/503/503 
f 503/503/503 503/503/503 504/504/504 
f 503/503/503 505/505/505 504/504/504 
f 504/504/504 505/505/505 505/505/505 
f 505/505/505 506/506/506 505/505/505 
f 505/505/505 506/506/506 506/506/506 
f 506/506/506 507/507/507 506/506/506 
f 506/506/506 507/507/507 508/508/508 
f 507/507/507 508/508/508 508/508/508 
f 508/508/508 508/508/508 509/509/509 
f 508/508/508 509/509/509 509/509/509 
f 509/509/509 509/509/509 510/510/510 
f 509/509/509 511/511/511 510/510/510 
f 510/510/510 511/511/511 511/511/511 
f 511/511/511 512/512/512 511/511/511 
f 511/511/511 512/512/512 512/512/512 
f 512/512/512 513/513/513 512/512/512 
f 512/512/512 513/513/513 514/514/514 
f 513/513/513 514/514/514 514/514/514 
f 514/514/514 514/514/514 515/515/515 
f 514/514/514 515/515/515 515/515/515 
f 515/515/515 515/515/515 516/516/516 
f 515/515/515 517/517/517 516/516/516 
f 516/516/516 517/517/517 517/517/517 
f 517/517/517 518/518/518 517/517/517 
f 517/517/517 518/518/518 518/518/518 
f 518/518/518 519/519/519 518/518/518 
f 518/518/518 519/519/519 520/520/520 
f 519/519/519 520/520/520 520/520/520 
f 520/520/520 520/520/520 521/521/521 
f 520/520/520 521/521/521 521/521/521 
f 521/521/521 521/521/521 522/522/522 
f 521/521/521 523/523/523 522/522/522 
f 522/522/522 523/523/523 523/523/523 
f 523/523/523 524/524/524 523/523/523 
f 523/523/523 524/524/524 524/524/524 
f 524/524/524 525/525/525 524/524/524 
f 524/524/524 525/525/525 526/526/526 
f 525/525/525 526/526/526 526/526/526 
f 526/526/526 526/526/526 527/527/527 
f 526/526/526 527/527/527 527/527/527 
f 527/527/527 527/527/527 528/528/528 
f 527/527/527 529/529/529 528/528/528 
f 528/528/528 529/529/529 529/529/529 
f 529/529/529 530/530/530 529/529/529 
f 529/529/529 530/530/530 530/530/530 
f 530/530/530 531/531/531 530/530/530 
f 530/530/530 531/531/531 532/532/532 
f 531/531/531 532/532/532 532/532/532 
f 532/532/532 532/532/532 533/533/533 
f 532/532/532 533/533/533 533/533/533 
f 533/533/533 533/533/533 534/534/534 
f 533/533/533 535/535/535 534/534/534 
f 534/534/534 535/535/535 535/535/535 
f 535/535/535 536/536/536 535/535/535 
f 535/535/535 536/536/536 536/536/536 
f 536/536/536 537/537/537 536/536/536 
f 536/536/536 537/537/537 538/538/538 
f 537/537/537 538/538/538 538/538/538 
f 538/538/538 538/538/538 539/539/539 
f 538/538/538 539/539/539 539/539/539 
f 539/539/539 539/539/539 540/540/540 
f 539/539/539 541/541/541 540/540/540 
f 540/540/540 541/541/541 541/541/541 
f 541/541/541 542/542/542 541/541/541 
f 541/541/541 542/542/542 542/542/542 
f 542/542/542 543/543/543 542/542/542 
f 542/542/542 543/543/543 544/544/544 
f 543/543/543 544/544/544 544/544/544 
f 544/544/544 544/544/544 545/545/545 
f 544/544/544 545/545/545 545/545/545 
f 545/545/545 545/545/545 546/546/546 
f 545/545/545 547/547/547 546/546/546 
f 546/546/546 547/547/547 547/547/547 
f 547/547/547 548/548/548 547/547/547 
f 547/547/547 548/548/548 548/548/548 
f 548/548/548 549/549/549 548/548/548 
f 548/548/548 549/549/549 550/550/550 
f 549/549/549 550/550/550 550/550/550 
f 550/550/550 550/550/550 551/551/551 
f 550/550/550 551/551/551 551/551/551 
f 551/551/551 551/551/551 552/552/552 
f 551/551/551 553/553/553 552/552/552 
f 552/552/552 553/553/553 553/553/553 
f 553/553/553 554/554/554 553/553/553 
f 553/553/553 554/554/554 554/554/554 
f 554/554/554 555/555/555 554/554/554 
f 554/554/554 555/555/555 556/556/556 
f 555/555/555 556/556/556 556/556/556 
f 556/556/556 556/556/556 557/557/557 
f 556/556/556 557/557/557 557/557/557 
f 557/557/557 557/557/557 558/558/558 
f 557/557/557 559/559/559 558/558/558 
f 558/558/558 559/559/559 559/559/559 
f 559/559/559 560/560/560 559/559/559 
f 559/559/559 560/560/560 560/560/560 
f 560/560/560 561/561/561 560/560/560 
f 560/560/560 561/561/561 562/562/562 
f 561/561/561 562/562/562 562/562/562 
f 562/562/562 562/562/562 563/563/563 
f 562/562/562 563/563/563 563/563/563 
f 563/563/563 563/563/563 564/564/564 
f 563/563/563 565/565/565 564/564/564 
f 564/564/564 565/565/565 565/565/565 
f 565/565/565 566/566/566 565/565/565 
f 565/565/565 566/566/566 566/566/566 
f 566/566/566 567/567/567 566/566/566 
f 566/566/566 567/567/567 568/568/568 
f 567/567/567 568/568/568 568/568/568 
f 568/568/568 568/568/568 569/569/569 
f 568/568/568 569/569/569 569/569/569 
f 569/569/569 569/569/569 570/570/570 
f 569/569/569 571/571/571 570/570/570 
f 570/570/570 571/571/571 571/571/571 
f 571/571/571 572/572/572 571/571/571 
f 571/571/571 572/572/572 572/572/572 
f 572/572/572 573/573/573 572/572/572 
f 572/572/572 573/573/573 574/574/574 
f 573/573/573 574/574/574 574/574/574 
f 574/574/574 574/574/574 575/575/575 
f 574/574/574 575/575/575 575/575/575 
f 575/575/575 575/575/575 576/576/576 
f 575/575/575 577/577/577 576/576/576 
f 576/576/576 577/577/577 577/577/577 
f 577/577/577 578/578/578 577/577/577 
f 577/577/577 578/578/578 578/578/578 
f 578/578/578 579/579/579 578/578/578 
f 578/578/578 579/579/579 580/580/580 
f 579/579/579 580/580/580 580/580/580 
f 580/580/580 580/580/580 581/581/581 
f 580/580/580 581/581/581 581/581/581 
f 581/581/581 581/581/581 582/582/582 
f 581/581/581 583/583/583 582/582/582 
f 582/582/582 583/583/583 583/583/583 
f 583/583/583 584/584/584 583/583/583 
f 583/583/583 584/584/584 584/584/584 
f 584/584/584 585/585/585 584/584/584 
f 584/584/584 585/585/585 586/586/586 
f 585/585/585 586/586/586 586/586/586 
f 586/586/586 586/586/586 587/587/587 
f 586/586/586 587/587/587 587/587/587 
f 587/587/587 587/587/587 588/588/588 
f 587/587/587 589/589/589 588/588/588 
f 588/588/588 589/589/589 589/589/589 
f 589/589/589 590/590/590 589/589/589 
f 589/589/589 590/590/590 590/590/590 
f 590/590/590 591/591/591 590/590/590 
f 590/590/590 591/591/591 592/592/592 
f 591/591/591 592/592/592 592/592/592 
f 592/592/592 592/592/592 593/593/593 
f 592/592/592 593/593/593 593/593/593 
f 593/593/593 593/593/593 594/594/594 
f 593/593/593 595/595/595 594/594/594 
f 594/594/594 595/595/595 595/595/595 
f 595/595/595 596/596/596 595/595/595 
f 595/595/595 596/596/596 596/596/596 
f 596/596/596 597/597/597 596/596/596 
f 596/596/596 597/597/597 598/598/598 
f 597/597/597 598/598/598 598/598/598 
f 598/598/598 598/598/598 599/599/599 
f 598/598/598 599/599/599 599/599/599 
f 599/599/599 599/599/599 600/600/600 
f 599/599/599 601/601/601 600/600/600 
f 600/600/600 601/601/601 601/601/601 
f 601/601/601 602/602/602 601/601/601 
f 601/601/601 602/602/602 602/602/602 
f 602/602/602 603/603/603 602/602/602 
f 602/602/602 603/603/603 604/604/604 
f 603/603/603 604/604/604 604/604/604 
f 604/604/604 604/604/604 605/605/605 
f 604/604/604 605/605/605 605/605/605 
f 605/605/605 605/605/605 606/606/606 
f 605/605/605 607/607/607 606/606/606 
f 606/606/606 607/607/607 607/607/607 
f 607/607/607 608/608/608 607/607/607 
f 607/607/607 608/608/608 608/608/608 
f 608/608/608 609/609/609 608/608/608 
f 608/608/608 609/609/609 610/610/610 
f 609/609/609 610/610/610 610/610/610 
f 610/610/610 610/610/610 611/611/611 
f 610/610/610 611/611/611 611/611/611 
f 611/611/611 611/611/611 612/612/612 
f 611/611/611 613/613/613 612/612/612 
f 612/612/612 613/613/613 613/613/613 
f 613/613/613 614/614/614 613/613/613 
f 613/613/613 614/614/614 614/614/614 
f 614/614/614 615/615/615 614/614/614 
f 614/614/614 615/615/615 616/616/616 
f 615/615/615 616/616/616 616/616/616 
f 616/616/616 616/616/616 617/617/617 
f 616/616/616 617/617/617 617/617/617 
f 617/617/617 617/617/617 618/618/618 
f 617/617/617 619/619/619 618/618/618 
f 618/618/618 619/619/619 619/619/619 
f 619/619/619 620/620/620 619/619/619 
f 619/619/619 620/620/620 620/620/620 
f 620/620/620 621/621/621 620/620/620 
f 620/620/620 621/621/621 622/622/622 
f 621/621/621 622/622/622 622/622/622 
f 622/622/622 622/622/622 623/623/623 
f 622/622/622 623/623/623 623/623/623 
f 623/623/623 623/623/623 624/624/624 
f 623/623/623 625/625/625 624/624/624 
f 624/624/624 625/625/625 625/625/625 
f 625/625/625 626/626/626 625/625/625 
f 625/625/625 626/626/626 626/626/626 
f 626/626/626 627/627/627 626/626/626 
f 626/626/626 627/627/627 628/628/628 
f 627/627/627 628/628/628 628/628/628 
f 628/628/628 628/628/628 629/629/629 
f 628/628/628 629/629/629 629/629/629 
f 629/629/629 629/629/629 630/630/630 
f 629/629/629 631/631/631 630/630/630 
f 630/630/630 631/631/631 631/631/631 
f 631/631/631 632/632/632 631/631/631 
f 631/631/631 632/632/632 632/632/632 
f 632/632/632 633/633/633 632/632/632 
f 632/632/632 633/633/633 634/634/634 
f 633/633/633 634/634/634 634/634/634 
f 634/634/634 634/634/634 635/635/635 
f 634/634/634 635/635/635 635/635/635 
f 635/635/635 635/635/635 636/636/636 
f 635/635/635 637/637/637 636/636/636 
f 636/636/636 637/637/637 637/637/637 
f 637/637/637 638/638/638 637/637/637 
f 637/637/637 638/638/638 638/638/638 
f 638/638/638 639/639/639 638/638/638 
f 638/638/638 639/639/639 640/640/640 
f 639/639/639 640/640/640 640/640/640 
f 640/640/640 640/640/640 641/641/641 
f 640/640/640 641/641/641 641/641/641 
f 641/641/641 641/641/641 642/642/642 
f 641/641/641 643/643/643 642/642/642 
f 642/642/642 643/643/643 643/643/643 
f 643/643/643 644/644/644 643/643/643 
f 643/643/643 644/644/644 644/644/644 
f 644/644/644 645/645/645 644/644/644 
f 644/644/644 645/645/645 646/646/646 
f 645/645/645 646/646/646 646/646/646 
f 646/646/646 646/646/646 647/647/647 
f 646/646/646 647/647/647 647/647/647 
f 647/647/647 647/647/647 648/648/648 
f 647/647/647 649/649/649 648/648/648 
f 648/648/648 649/649/649 649/649/649 
f 649/649/649 650/650/650 649/649/649 
f 649/649/649 650/650/650 650/650/650 
f 650/650/650 651/651/651 650/650/650 
f 650/650/650 651/651/651 652/652/652 
f 651/651/651 652/652/652 652/652/652 
f 652/652/652 652/652/652 653/653/653 
f 652/652/652 653/653/653 653/653/653 
f 653/653/653 653/653/653 654/654/654 
f 653/653/653 655/655/655 654/654/654 
f 654/654/654 655/655/655 655/655/655 
f 655/655/655 656/656/656 655/655/655 
f 655/655/655 656/656/656 656/656/656 
f 656/656/656 657/657/657 656/656/656 
f 656/656/656 657/657/657 658/658/658 
f 657/657/657 658/658/658 658/658/658 
f 658/658/658 658/658/658 659/659/659 
f 658/658/658 659/659/659 659/659/659 
f 659/659/659 659/659/659 660/660/660 
f 659/659/659 661/661/661 660/660/660 
f 660/660/660 661/661/661 661/661/661 
f 661/661/661 662/662/662 661/661/661 
f 661/661/661 662/662/662 662/662/662 
f 662/662/662 663/663/663 662/662/662 
f 662/662/662 663/663/663 664/664/664 
f 663/663/663 664/664/664 664/664/664 
f 664/664/664 664/664/664 665/665/665 
f 664/664/664 665/665/665 665/665/665 
f 665/665/665 665/665/665 666/666/666 
f 665/665/665 667/667/667 666/666/666 
f 666/666/666 667/667/667 667/667/667 
f 667/667/667 668/668/668 667/667/667 
f 667/667/667 668/668/668 668/668/668 
f 668/668/668 669/669/669 668/668/668 
f 668/668/668 669/669/669 670/670/670 
f 669/669/669 670/670/670 670/670/670 
f 670/670/670 670/670/670 671/671/671 
f 670/670/670 671/671/671 671/671/671 
f 671/671/671 671/671/671 672/672/672 
f 671/671/671 673/673/673 672/672/672 
f 672/672/672 673/673/673 673/673/673 
f 673/673/673 674/674/674 673/673/673 
f 673/673/673 674/674/674 674/674/674 
f 674/674/674 675/675/675 674/674/674 
f 674/674/674 675/675/675 676/676/676 
f 675/675/675 676/676/676 676/676/676 
f 676/676/676 676/676/676 677/677/677 
f 676/676/676 677/677/677 677/677/677 
f 677/677/677 677/677/677 678/678/678 
f 677/677/677 679/679/679 678/678/678 
f 678/678/678 679/679/679 679/679/679 
f 679/679/679 680/680/680 679/679/679 
f 679/679/679 680/680/680 680/680/680 
f 680/680/680 681/681/681 680/680/680 
f 680/680/680 681/681/681 682/682/682 
f 681/681/681 682/682/682 682/682/682 
f 682/682/682 682/682/682 683/683/683 
f 682/682/682 683/683/683 683/683/683 
f 683/683/683 683/683/683 684/684/684 
f 683/683/683 685/685/685 684/684/684 
f 684/684/684 685/685/685 685/685/685 
f 685/685/685 686/686/686 685/685/685 
f 685/685/685 686/686/686 686/686/686 
f 686/686/686 687/687/687 686/686/686 
f 686/686/686 687/687/687 688/688/688 
f 687/687/687 688/688/688 688/688/688 
f 688/688/688 688/688/688 689/689/689 
f 688/688/688 689/689/689 689/689/689 
f 689/689/689 689/689/689 690/690/690 
f 689/689/689 691/691/691 690/690/690 
f 690/690/690 691/691/691 691/691/691 
f 691/691/691 692/692/692 691/691/691 
f 691/691/691 692/692/692 692/692/692 
f 692/692/692 693/693/693 692/692/692 
f 692/692/692 693/693/693 694/694/694 
f 693/693/693 694/694/694 694/694/694 
f 694/694/694 694/694/694 695/695/695 
f 694/694/694 695/695/695 695/695/695 
f 695/695/695 695/695/695 696/696/696 
f 695/695/695 697/697/697 696/696/696 
f 696/696/696 697/697/697 697/697/697 
f 697/697/697 698/698/698 697/697/697 
f 697/697/697 698/698/698 698/698/698 
f 698/698/698 699/699/699 698/698/698 
f 698/698/698 699/699/699 700/700/700 
f 699/699/699 700/700/700 700/700/700 
f 700/700/700 700/700/700 701/701/701 
f 700/700/700 701/701/701 701/701/701 
f 701/701/701 701/701/701 702/702/702 
f 701/701/701 703/703/703 702/702/702 
f 702/702/702 703/703/703 703/703/703 
f 703/703/703 704/704/704 703/703/703 
f 703/703/703 704/704/704 704/704/704 
f 704/704/704 705/705/705 704/704/704 
f 704/704/704 705/705/705 706/706/706 
f 705/705/705 706/706/706 706/706/706 
f 706/706/706 706/706/706 707/707/707 
f 706/706/706 707/707/707 707/707/707 
f 707/707/707 707/707/707 708/708/708 
f 707/707/707 709/709/709 708/708/708 
f 708/708/708 709/709/709 709/709/709 
f 709/709/709 710/710/710 709/709/709 
f 709/709/709 710/710/710 710/710/710 
f 710/710/710 711/711/711 710/710/710 
f 710/710/710 711/711/711 712/712/712 
f 711/711/711 712/712/712 712/712/712 
f 712/712/712 712/712/712 713/713/713 
f 712/712/712 713/713/713 713/713/713 
f 713/713/713 713/713/713 714/714/714 
f 713/713/713 715/715/715 714/714/714 
f 714/714/714 715/715/715 715/715/715 
f 715/715/715 716/716/716 715/715/715 
f 715/715/715 716/716/716 716/716/716 
f 716/716/716 717/717/717 716/716/716 
f 716/716/716 717/717/717 718/718/718 
f 717/717/717 718/718/718 718/718/718 
f 718/718/718 718/718/718 719/719/719 
f 718/718/718 719/719/719 719/719/719 
f 719/719/719 719/719/719 720/720/720 
f 719/719/719 721/721/721 720/720/720 
f 720/720/720 721/721/721 721/721/721 
f 721/721/721 722/722/722 721/721/721 
f 721/721/721 722/722/722 722/722/722 
f 722/722/722 723/723/723 722/722/722 
f 722/722/722 723/723/723 724/724/724 
f 723/723/723 724/724/724 724/724/724 
f 724/724/724 724/724/724 725/725/725 
f 724/724/724 725/725/725 725/725/725 
f 725/725/725 725/725/725 726/726/726 
f 725/725/725 727/727/727 726/726/726 
f 726/726/726 727/727/727 727/727/727 
f 727/727/727 728/728/728 727/727/727 
f 727/727/727 728/728/728 728/728/728 
f 728/728/728 729/729/729 728/728/728 
f 728/728/728 729/729/729 730/730/730 
f 729/729/729 730/730/730 730/730/730 
f 730/730/730 730/730/730 731/731/731 
f 730/730/730 731/731/731 731/731/731 
f 731/731/731 731/731/731 732/732/732 
f 731/731/731 733/733/733 732/732/732 
f 732/732/732 733/733/733 733/733/733 
f 733/733/733 734/734/734 733/733/733 
f 733/733/733 734/734/734 734/734/734 
f 734/734/734 735/735/735 734/734/734 
f 734/734/734 735/735/735 736/736/736 
f 735/735/735 736/736/736 736/736/736 
f 736/736/736 736/736/736 737/737/737 
f 736/736/736 737/737/737 737/737/737 
f 737/737/737 737/737/737 738/738/738 
f 737/737/737 739/739/739 738/738/738 
f 738/738/738 739/739/739 739/739/739 
f 739/739/739 740/740/740 739/739/739 
f 739/739/739 740/740/740 740/740/740 
f 740/740/740 741/741/741 740/740/740 
f 740/740/740 741/741/741 742/742/742 
f 741/741/741 742/742/742 742/742/742 
f 742/742/742 742/742/742 743/743/743 
f 742/742/742 743/743/743 743/743/743 
f 743/743/743 743/743/743 744/744/744 
f 743/743/743 745/745/745 744/744/744 
f 744/744/744 745/745/745 745/745/745 
f 745/745/745 746/746/746 745/745/745 
f 745/745/745 746/746/746 746/746/746 
f 746/746/746 747/747/747 746/746/746 
f 746/746/746 747/747/747 748/748/748 
f 747/747/747 748/748/748 748/748/748 
f 748/748/748 748/748/748 749/749/749 
f 748/748/748 749/749/749 749/749/749 
f 749/749/749 749/749/749 750/750/750 
f 749/749/749 751/751/751 750/750/750 
f 750/750/750 751/751/751 751/751/751 
f 751/751/751 752/752/752 751/751/751 
f 751/751/751 752/752/752 752/752/752 
f 752/752/752 753/753/753 752/752/752 
f 752/752/752 753/753/753 754/754/754 
f 753/753/753 754/754/754 754/754/754 
f 754/754/754 754/754/754 755/755/755 
f 754/754/754 755/755/755 755/755/755 
f 755/755/755 755/755/755 756/756/756 
f 755/755/755 757/757/757 756/756/756 
f 756/756/756 757/757/757 757/757/757 
f 757/757/757 758/758/758 757/757/757 
f 757/757/757 758/758/758 758/758/758 
f 758/758/758 759/759/759 758/758/758 
f 758/758/758 759/759/759 760/760/760 
f 759/759/759 760/760/760 760/760/760 
f 760/760/760 760/760/760 761/761/761 
f 760/760/760 761/761/761 761/761/761 
f 761/761/761 761/761/761 762/762/762 
f 761/761/761 763/763/763 762/762/762 
f 762/762/762 763/763/763 763/763/763 
f 763/763/763 764/764/764 763/763/763 
f 763/763/763 764/764/764 764/764/764 
f 764/764/764 765/765/765 764/764/764 
f 764/764/764 765/765/765 766/766/766 
f 765/765/765 766/766/766 766/766/766 
f 766/766/766 766/766/766 767/767/767 
f 766/766/766 767/767/767 767/767/767 
f 767/767/767 767/767/767 768/768/768 
f 767/767/767 769/769/769 768/768/768 
f 768/768/768 769/769/769 769/769/769 
f 769/769/769 770/770/770 769/769/769 
f 769/769/769 770/770/770 770/770/770 
f 770/770/770 771/771/771 770/770/770 
f 770/770/770 771/771/771 772/772/772 
f 771/771/771 772/772/772 772/772/772 
f 772/772/772 772/772/772 773/773/773 
f 772/772/772 773/773/773 773/773/773 
f 773/773/773 773/773/773 774/774/774 
f 773/773/773 775/775/775 774/774/774 
f 774/774/774 775/775/775 775/775/775 
f 775/775/775 776/776/776 775/775/775 
f 775/775/775 776/776/776 776/776/776 
f 776/776/776 777/777/777 776/776/776 
f 776/776/776 777/777/777 778/778/778 
f 777/777/777 778/778/778 778/778/778 
f 778/778/778 778/778/778 779/779/779 
f 778/778/778 779/779/779 779/779/779 
f 779/779/779 779/779/779 780/780/780 
f 779/779/779 781/781/781 780/780/780 
f 780/780/780 781/781/781 781/781/781 
f 781/781/781 782/782/782 781/781/781 
f 781/781/781 782/782/782 782/782/782 
f 782/782/782 783/783/783 782/782/782 
f 782/782/782 783/783/783 784/784/784 
f 783/783/783 784/784/784 784/784/784 
f 784/784/784 784/784/784 785/785/785 
f 784/784/784 785/785/785 785/785/785 
f 785/785/785 785/785/785 786/786/786 
f 785/785/785 787/787/787 786/786/786 
f 786/786/786 787/787/787 787/787/787 
f 787/787/787 788/788/788 787/787/787 
f 787/787/787 788/788/788 788/788/788 
f 788/788/788 789/789/789 788/788/788 
f 788/788/788 789/789/789 790/790/790 
f 789/789/789 790/790/790 790/790/790 
f 790/790/790 790/790/790 791/791/791 
f 790/790/790 791/791/791 791/791/791 
f 791/791/791 791/791/791 792/792/792 
f 791/791/791 793/793/793 792/792/792 
f 792/792/792 793/793/793 793/793/793 
f 793/793/793 794/794/794 793/793/793 
f 793/793/793 794/794/794 794/794/794 
f 794/794/794 795/795/795 794/794/794 
f 794/794/794 795/795/795 796/796/796 
f 795/795/795 796/796/796 796/796/796 
f 796/796/796 796/796/796 797/797/797 
f 796/796/796 797/797/797 797/797/797 
f 797/797/797 797/797/797 798/798/798 
f 797/797/797 799/799/799 798/798/798 
f 798/798/798 799/799/799 799/799/799 
f 799/799/799 800/800/800 799/799/799 
f 799/799/799 800/800/800 800/800/800 
f 800/800/800 801/801/801 800/800/800 
f 800/800/800 801/801/801 802/802/802 
f 801/801/801 802/802/802 802/802/802 
f 802/802/802 802/802/802 803/803/803 
f 802/802/802 803/803/803 803/803/803 
f 803/803/803 803/803/803 804/804/804 
f 803/803/803 805/805/805 804/804/804 
f 804/804/804 805/805/805 805/805/805 
f 805/805/805 806/806/806 805/805/805 
f 805/805/805 806/806/806 806/806/806 
f 806/806/806 807/807/807 806/806/806 
f 806/806/806 807/807/807 808/808/808 
f 807/807/807 808/808/808 808/808/808 
f 808/808/808 808/808/808 809/809/809 
f 808/808/808 809/809/809 809/809/809 
f 809/809/809 809/809/809 810/810/810 
f 809/809/809 811/811/811 810/810/810 
f 810/810/810 811/811/811 811/811/811 
f 811/811/811 812/812/812 811/811/811 
f 811/811/811 812/812/812 812/812/812 
f 812/812/812 813/813/813 812/812/812 
f 812/812/812 813/813/813 814/814/814 
f 813/813/813 814/814/814 814/814/814 
f 814/814/814 814/814/814 815/815/815 
f 814/814/814 815/815/815 815/815/815 
f 815/815/815 815/815/815 816/816/816 
f 815/815/815 817/817/817 816/816/816 
f 816/816/816 817/817/817 817/817/817 
f 817/817/817 818/818/818 817/817/817 
f 817/817/817 818/818/818 818/818/818 
f 818/818/818 819/819/819 818/818/818 
f 818/818/818 819/819/819 820/820/820 
f 819/819/819 820/820/820 820/820/820 
f 820/820/820 820/820/820 821/821/821 
f 820/820/820 821/821/821 821/821/821 
f 821/821/821 821/821/821 822/822/822 
f 821/821/821 823/823/823 822/822/822 
f 822/822/822 823/823/823 823/823/823 
f 823/823/823 824/824/824 823/823/823 
f 823/823/823 824/824/824 824/824/824 
f 824/824/824 825/825/825 824/824/824 
f 824/824/824 825/825/825 826/826/826 
f 825/825/825 826/826/826 826/826/826 
f 826/826/826 826/826/826 827/827/827 
f 826/826/826 827/827/827 827/827/827 
f 827/827/827 827/827/827 828/828/828 
f 827/827/827 829/829/829 828/828/828 
f 828/828/828 829/829/829 829/829/829 
f 829/829/829 830/830/830 829/829/829 
f 829/829/829 830/830/830 830/830/830 
f 830/830/830 831/831/831 830/830/830 
f 830/830/830 831/831/831 832/832/832 
f 831/831/831 832/832/832 832/832/832 
f 832/832/832 832/832/832 833/833/833 
f 832/832/832 833/833/833 833/833/833 
f 833/833/833 833/833/833 834/834/834 
f 833/833/833 835/835/835 834/834/834 
f 834/834/834 835/835/835 835/835/835 
f 835/835/835 836/836/836 835/835/835 
f 835/835/835 836/836/836 836/836/836 
f 836/836/836 837/837/837 836/836/836 
f 836/836/836 837/837/837 838/838/838 
f 837/837/837 838/838/838 838/838/838 
f 838/838/838 838/838/838 839/839/839 
f 838/838/838 839/839/839 839/839/839 
f 839/839/839 839/839/839 840/840/840 
f 839/839/839 841/841/841 840/840/840 
f 840/840/840 841/841/841 841/841/841 
f 841/841/841 842/842/842 841/841/841 
f 841/841/841 842/842/842 842/842/842 
f 842/842/842 843/843/843 842/842/842 
f 842/842/842 843/843/843 844/844/844 
f 843/843/843 844/844/844 844/844/844 
f 844/844/844 844/844/844 845/845/845 
f 844/844/844 845/845/845 845/845/845 
f 845/845/845 845/845/845 846/846/846 
f 845/845/845 847/847/847 846/846/846 
f 846/846/846 847/847/847 847/847/847 
f 847/847/847 848/848/848 847/847/847 
f 847/847/847 848/848/848 848/848/848 
f 848/848/848 849/849/849 848/848/848 
f 848/848/848 849/849/849 850/850/850 
f 849/849/849 850/850/850 850/850/850 
f 850/850/850 850/850/850 851/851/851 
f 850/850/850 851/851/851 851/851/851 
f 851/851/851 851/851/851 852/852/852 
f 851/851/851 853/853/853 852/852/852 
f 852/852/852 853/853/853 853/853/853 
f 853/853/853 854/854/854 853/853/853 
f 853/853/853 854/854/854 854/854/854 
f 854/854/854 855/855/855 854/854/854 
f 854/854/854 855/855/855 856/856/856 
f 855/855/855 856/856/856 856/856/856 
f 856/856/856 856/856/856 857/857/857 
f 856/856/856 857/857/857 857/857/857 
f 857/857/857 857/857/857 858/858/858 
f 857/857/857 859/859/859 858/858/858 
f 858/858/858 859/859/859 859/859/859 
f 859/859/859 860/860/860 859/859/859 
f 859/859/859 860/860/860 860/860/860 
f 860/860/860 861/861/861 860/860/860 
f 860/860/860 861/861/861 862/862/862 
f 861/861/861 862/862/862 862/862/862 
f 862/862/862 862/862/862 863/863/863 
f 862/862/862 863/863/863 863/863/863 
f 863/863/863 863/863/863 864/864/864 
f 863/863/863 865/865/865 864/864/864 
f 864/864/864 865/865/865 865/865/865 
f 865/865/865 866/866/866 865/865/865 
f 865/865/865 866/866/866 866/866/866 
f 866/866/866 867/867/867 866/866/866 
f 866/866/866 867/867/867 868/868/868 
f 867/867/867 868/868/868 868/868/868 
f 868/868/868 868/868/868 869/869/869 
f 868/868/868 869/869/869 869/869/869 
f 869/869/869 869/869/869 870/870/870 
f 869/869/869 871/871/871 870/870/870 
f 870/870/870 871/871/871 871/871/871 
f 871/871/871 872/872/872 871/871/871 
f 871/871/871 872/872/872 872/872/872 
f 872/872/872 873/873/873 872/872/872 
f 872/872/872 873/873/873 874/874/874 
f 873/873/873 874/874/874 874/874/874 
f 874/874/874 874/874/874 875/875/875 
f 874/874/874 875/875/875 875/875/875 
f 875/875/875 875/875/875 876/876/876 
f 875/875/875 877/877/877 876/876/876 
f 876/876/876 877/877/877 877/877/877 
f 877/877/877 878/878/878 877/877/877 
f 877/877/877 878/878/878 878/878/878 
f 878/878/878 879/879/879 878/878/878 
f 878/878/878 879/879/879 880/880/880 
f 879/879/879 880/880/880 880/880/880 
f 880/880/880 880/880/880 881/881/881 
f 880/880/880 881/881/881 881/881/881 
f 881/881/881 881/881/881 882/882/882 
f 881/881/881 883/883/883 882/882/882 
f 882/882/882 883/883/883 883/883/883 
f 883/883/883 884/884/884 883/883/883 
f 883/883/883 884/884/884 884/884/884 
f 884/884/884 885/885/885 884/884/884 
f 884/884/884 885/885/885 886/886/886 
f 885/885/885 886/886/886 886/886/886 
f 886/886/886 886/886/886 887/887/887 
f 886/886/886 887/887/887 887/887/887 
f 887/887/887 887/887/887 888/888/888 
f 887/887/887 889/889/889 888/888/888 
f 888/888/888 889/889/889 889/889/889 
f 889/889/889 890/890/890 889/889/889 
f 889/889/889 890/890/890 890/890/890 
f 890/890/890 891/891/891 890/890/890 
f 890/890/890 891/891/891 892/892/892 
f 891/891/891 892/892/892 892/892/892 
f 892/892/892 892/892/892 893/893/893 
f 892/892/892 893/893/893 893/893/893 
f 893/893/893 893/893/893 894/894/894 
f 893/893/893 895/895/895 894/894/894 
f 894/894/894 895/895/895 895/895/895 
f 895/895/895 896/896/896 895/895/895 
f 895/895/895 896/896/896 896/896/896 
f 896/896/896 897/897/897 896/896/896 
f 896/896/896 897/897/897 898/898/898 
f 897/897/897 898/898/898 898/898/898 
f 898/898/898 898/898/898 899/899/899 
f 898/898/898 899/899/899 899/899/899 
f 899/899/899 899/899/899 900/900/900 
f 899/899/899 901/901/901 900/900/900 
f 900/900/900 901/901/901 901/901/901 
f 901/901/901 902/902/902 901/901/901 
f 901/901/901 902/902/902 902/902/902 
f 902/902/902 903/903/903 902/902/902 
f 902/902/902 903/903/903 904/904/904 
f 903/903/903 904/904/904 904/904/904 
f 904/904/904 904/904/904 905/905/905 
f 904/904/904 905/905/905 905/905/905 
f 905/905/905 905/905/905 906/906/906 
f 905/905/905 907/907/907 906/906/906 
f 906/906/906 907/907/907 907/907/907 
f 907/907/907 908/908/908 907/907/907 
f 907/907/907 908/908/908 908/908/908 
f 908/908/908 909/909/909 908/908/908 
f 908/908/908 909/909/909 910/910/910 
f 909/909/909 910/910/910 910/910/910 
f 910/910/910 910/910/910 911/911/911 
f 910/910/910 911/911/911 911/911/911 
f 911/911/911 911/911/911 912/912/912 
f 911/911/911 913/913/913 912/912/912 
f 912/912/912 913/913/913 913/913/913 
f 913/913/913 914/914/914 913/913/913 
f 913/913/913 914/914/914 914/914/914 
f 914/914/914 915/915/915 914/914/914 
f 914/914/914 915/915/915 916/916/916 
f 915/915/915 916/916/916 916/916/916 
f 916/916/916 916/916/916 917/917/917 
f 916/916/916 917/917/917 917/917/917 
f 917/917/917 917/917/917 918/918/918 
f 917/917/917 919/919/919 918/918/918 
f 918/918/918 919/919/919 919/919/919 
f 919/919/919 920/920/920 919/919/919 
f 919/919/919 920/920/920 920/920/920 
f 920/920/920 921/921/921 920/920/920 
f 920/920/920 921/921/921 922/922/922 
f 921/921/921 922/922/922 922/922/922 
f 922/922/922 922/922/922 923/923/923 
f 922/922/922 923/923/923 923/923/923 
f 923/923/923 923/923/923 924/924/924 
f 923/923/923 925/925/925 924/924/924 
f 924/924/924 925/925/925 925/925/925 
f 925/925/925 926/926/926 925/925/925 
f 925/925/925 926/926/926 926/926/926 
f 926/926/926 927/927/927 926/926/926 
f 926/926/926 927/927/927 928/928/928 
f 927/927/927 928/928/928 928/928/928 
f 928/928/928 928/928/928 929/929/929 
f 928/928/928 929/929/929 929/929/929 
f 929/929/929 929/929/929 930/930/930 
f 929/929/929 931/931/931 930/930/930 
f 930/930/930 931/931/931 931/931/931 
f 931/931/931 932/932/932 931/931/931 
f 931/931/931 932/932/932 932/932/932 
f 932/932/932 933/933/933 932/932/932 
f 932/932/932 933/933/933 934/934/934 
f 933/933/933 934/934/934 934/934/934 
f 934/934/934 934/934/934 935/935/935 
f 934/934/934 935/935/935 935/935/935 
f 935/935/935 935/935/935 936/936/936 
f 935/935/935 937/937/937 936/936/936 
f 936/936/936 937/937/937 937/937/937 
f 937/937/937 938/938/938 937/937/937 
f 937/937/937 938/938/938 938/938/938 
f 938/938/938 939/939/939 938/938/938 
f 938/938/938 939/939/939 940/940/940 
f 939/939/939 940/940/940 940/940/940 
f 940/940/940 940/940/940 941/941/941 
f 940/940/940 941/941/941 941/941/941 
f 941/941/941 941/941/941 942/942/942 
f 941/941/941 943/943/943 942/942/942 
f 942/942/942 943/943/943 943/943/943 
f 943/943/943 944/944/944 943/943/943 
f 943/943/943 944/944/944 944/944/944 
f 944/944/944 945/945/945 944/944/944 
f 944/944/944 945/945/945 946/946/946 
f 945/945/945 946/946/946 946/946/946 
f 946/946/946 946/946/946 947/947/947 
f 946/946/946 947/947/947 947/947/947 
f 947/947/947 947/947/947 948/948/948 
f 947/947/947 949/949/949 948/948/948 
f 948/948/948 949/949/949 949/949/949 
f 949/949/949 950/950/950 949/949/949 
f 949/949/949 950/950/950 950/950/950 
f 950/950/950 951/951/951 950/950/950 
f 950/950/950 951/951/951 952/952/952 
f 951/951/951 952/952/952 952/952/952 
f 952/952/952 952/952/952 953/953/953 
f 952/952/952 953/953/953 953/953/953 
f 953/953/953 953/953/953 954/954/954 
f 953/953/953 955/955/955 954/954/954 
f 954/954/954 955/955/955 955/955/955 
f 955/955/955 956/956/956 955/955/955 
f 955/955/955 956/956/956 956/956/956 
f 956/956/956 957/957/957 956/956/956 
f 956/956/956 957/957/957 958/958/958 
f 957/957/957 958/958/958 958/958/958 
f 958/958/958 958/958/958 959/959/959 
f 958/958/958 959/959/959 959/959/959 
f 959/959/959 959/959/959 960/960/960 
f 959/959/959 961/961/961 960/960/960 
f 960/960/960 961/961/961 961/961/961 
f 961/961/961 962/962/962 961/961/961 
f 961/961/961 962/962/962 962/962/962 
f 962/962/962 963/963/963 962/962/962 
f 962/962/962 963/963/963 964/964/964 
f 963/963/963 964/964/964 964/964/964 
f 964/964/964 964/964/964 965/965/965 
f 964/964/964 965/965/965 965/965/965 
f 965/965/965 965/965/965 966/966/966 
f 965/965/965 967/967/967 966/966/966 
f 966/966/966 967/967/967 967/967/967 
f 967/967/967 968/968/968 967/967/967 
f 967/967/967 968/968/968 968/968/968 
f 968/968/968 969/969/969 968/968/968 
f 968/968/968 969/969/969 970/970/970 
f 969/969/969 970/970/970 970/970/970 
f 970/970/970 970/970/970 971/971/971 
f 970/970/970 971/971/971 971/971/971 
f 971/971/971 971/971/971 972/972/972 
f 971/971/971 973/973/973 972/972/972 
f 972/972/972 973/973/973 973/973/973 
f 973/973/973 974/974/974 973/973/973 
f 973/973/973 974/974/974 974/974/974 
f 974/974/974 975/975/975 974/974/974 
f 974/974/974 975/975/975 976/976/976 
f 975/975/975 976/976/976 976/976/976 
f 976/976/976 976/976/976 977/977/977 
f 976/976/976 977/977/977 977/977/977 
f 977/977/977 977/977/977 978/978/978 
f 977/977/977 979/979/979 978/978/978 
f 978/978/978 979/979/979 979/979/979 
f 979/979/979 980/980/980 979/979/979 
f 979/979/979 980/980/980 980/980/980 
f 980/980/980 981/981/981 980/980/980 
f 980/980/980 981/981/981 982/982/982 
f 981/981/981 982/982/982 982/982/982 
f 982/982/982 982/982/982 983/983/983 
f 982/982/982 983/983/983 983/983/983 
f 983/983/983 983/983/983 984/984/984 
f 983/983/983 985/985/985 984/984/984 
f 984/984/984 985/985/985 985/985/985 
f 985/985/985 986/986/986 985/985/985 
f 985/985/985 986/986/986 986/986/986 
f 986/986/986 987/987/987 986/986/986 
f 986/986/986 987/987/987 988/988/988 
f 987/987/987 988/988/988 988/988/988 
f 988/988/988 988/988/988 989/989/989 
f 988/988/988 989/989/989 989/989/989 
f 989/989/989 989/989/989 990/990/990 
f 989/989/989 991/991/991 990/990/990 
f 990/990/990 991/991/991 991/991/991 
f 991/991/991 992/992/992 991/991/991 
f 991/991/991 992/992/992 992/992/992 
f 992/992/992 993/993/993 992/992/992 
f 992/992/992 993/993/993 994/994/994 
f 993/993/993 994/994/994 994/994/994 
f 994/994/994 994/994/994 995/995/995 
f 994/994/994 995/995/995 995/995/995 
f 995/995/995 995/995/995 996/996/996 
f 995/995/995 997/997/997 996/996/996 
f 996/996/996 997/997/997 997/997/997 
f 997/997/997 998/998/998 997/997/997 
f 997/997/997 998/998/998 998/998/998 
f 998/998/998 999/999/999 998/998/998 
f 998/998/998 999/999/999 1000/1000/1000 
f 999/999/999 1000/1000/1000 1000/1000/1000 
f 1000/1000/1000 1000/1000/1000 1001/1001/1001 
f 1000/1000/1000 1001/1001/1001 1001/1001/1001 
f 1001/1001/1001 1001/1001/1001 1002/1002/1002 
f 1001/1001/1001 1003/1003/1003 1002/1002/1002 
f 1002/1002/1002 1003/1003/1003 1003/1003/1003 
f 1003/1003/1003 1004/1004/1004 1003/1003/1003 
f 1003/1003/1003 1004/1004/1004 1004/1004/1004 
f 1004/1004/1004 1005/1005/1005 1004/1004/1004 
f 1004/1004/1004 1005/1005/1005 1006/1006/1006 
f 1005/1005/1005 1006/1006/1006 1006/1006/1006 
f 1006/1006/1006 1006/1006/1006 1007/1007/1007 
f 1006/1006/1006 1007/1007/1007 1007/1007/1007 
f 1007/1007/1007 1007/1007/1007 1008/1008/1008 
f 1007/1007/1007 1009/1009/1009 1008/1008/1008 
f 1008/1008/1008 1009/1009/1009 1009/1009/1009 
f 1009/1009/1009 1010/1010/1010 1009/1009/1009 
f 1009/1009/1009 1010/1010/1010 1010/1010/1010 
f 1010/1010/1010 1011/1011/1011 1010/1010/1010 
f 1010/1010/1010 1011/1011/1011 1012/1012/1012 
f 1011/1011/1011 1012/1012/1012 1012/1012/1012 
f 1012/1012/1012 1012/1012/1012 1013/1013/1013 
f 1012/1012/1012 1013/1013/1013 1013/1013/1013 
f 1013/1013/1013 1013/1013/1013 1014/1014/1014 
f 1013/1013/1013 1015/1015/1015 1014/1014/1014 
f 1014/1014/1014 1015/1015/1015 1015/1015/1015 
f 1015/1015/1015 1016/1016/1016 1015/1015/1015 
f 1015/1015/1015 1016/1016/1016 1016/1016/1016 
f 1016/1016/1016 1017/1017/1017 1016/1016/1016 
f 1016/1016/1016 1017/1017/1017 1018/1018/1018 
f 1017/1017/1017 1018/1018/1018 1018/1018/1018 
f 1018/1018/1018 1018/1018/1018 1019/1019/1019 
f 1018/1018/1018 1019/1019/1019 1019/1019/1019 
f 1019/1019/1019 1019/1019/1019 1020/1020/1020 
f 1019/1019/1019 1021/1021/1021 1020/1020/1020 
f 1020/1020/1020 1021/1021/1021 1021/1021/1021 
f 1021/1021/1021 1022/1022/1022 1021/1021/1021 
f 1021/1021/1021 1022/1022/1022 1022/1022/1022 
f 1022/1022/1022 1023/1023/1023 1022/1022/1022 
f 1022/1022/1022 1023/1023/1023 1024/1024/1024 
f 1023/1023/1023 1024/1024/1024 1024/1024/1024 
f 1024/1024/1024 1024/1024/1024 1025/1025/1025 
f 1024/1024/1024 1025/1025/1025 1025/1025/1025 
f 1025/1025/1025 1025/1025/1025 1026/1026/1026 
f 1025/1025/1025 1027/1027/1027 1026/1026/1026 
f 1026/1026/1026 1027/1027/1027 1027/1027/1027 
f 1027/1027/1027 1028/1028/1028 1027/1027/1027 
f 1027/1027/1027 1028/1028/1028 1028/1028/1028 
f 1028/1028/1028 1029/1029/1029 1028/1028/1028 
f 1028/1028/1028 1029/1029/1029 1030/1030/1030 
f 1029/1029/1029 1030/1030/1030 1030/1030/1030 
f 1030/1030/1030 1030/1030/1030 1031/1031/1031 
f 1030/1030/1030 1031/1031/1031 1031/1031/1031 
f 1031/1031/1031 1031/1031/1031 1032/1032/1032 
f 1031/1031/1031 1033/1033/1033 1032/1032/1032 
f 1032/1032/1032 1033/1033/1033 1033/1033/1033 
f 1033/1033/1033 1034/1034/1034 1033/1033/1033 
f 1033/1033/1033 1034/1034/1034 1034/1034/1034 
f 1034/1034/1034 1035/1035/1035 1034/1034/1034 
f 1034/1034/1034 1035/1035/1035 1036/1036/1036 
f 1035/1035/1035 1036/1036/1036 1036/1036/1036 
f 1036/1036/1036 1036/1036/1036 1037/1037/1037 
f 1036/1036/1036 1037/1037/1037 1037/1037/1037 
f 1037/1037/1037 1037/1037/1037 1038/1038/1038 
f 1037/1037/1037 1039/1039/1039 1038/1038/1038 
f 1038/1038/1038 1039/1039/1039 1039/1039/1039 
f 1039/1039/1039 1040/1040/1040 1039/1039/1039 
f 1039/1039/1039 1040/1040/1040 1040/1040/1040 
f 1040/1040/1040 1041/1041/1041 1040/1040/1040 
f 1040/1040/1040 1041/1041/1041 1042/1042/1042 
f 1041/1041/1041 1042/1042/1042 1042/1042/1042 
f 1042/1042/1042 1042/1042/1042 1043/1043/1043 
f 1042/1042/1042 1043/1043/1043 1043/1043/1043 
f 1043/1043/1043 1043/1043/1043 1044/1044/1044 
f 1043/1043/1043 1045/1045/1045 1044/1044/1044 
f 1044/1044/1044 1045/1045/1045 1045/1045/1045 
f 1045/1045/1045 1046/1046/1046 1045/1045/1045 
f 1045/1045/1045 1046/1046/1046 1046/1046/1046 
f 1046/1046/1046 1047/1047/1047 1046/1046/1046 
f 1046/1046/1046 1047/1047/1047 1048/1048/1048 
f 1047/1047/1047 1048/1048/1048 1048/1048/1048 
f 1048/1048/1048 1048/1048/1048 1049/1049/1049 
f 1048/1048/1048 1049/1049/1049 1049/1049/1049 
f 1049/1049/1049 1049/1049/1049 1050/1050/1050 
f 1049/1049/1049 1051/1051/1051 1050/1050/1050 
f 1050/1050/1050 1051/1051/1051 1051/1051/1051 
f 1051/1051/1051 1052/1052/1052 1051/1051/1051 
f 1051/1051/1051 1052/1052/1052 1052/1052/1052 
f 1052/1052/1052 1053/1053/1053 1052/1052/1052 
f 1052/1052/1052 1053/1053/1053 1054/1054/1054 
f 1053/1053/1053 1054/1054/1054 1054/1054/1054 
f 1054/1054/1054 1054/1054/1054 1055/1055/1055 
f 1054/1054/1054 1055/1055/1055 1055/1055/1055 
f 1055/1055/1055 1055/1055/1055 1056/1056/1056 
f 1055/1055/1055 1057/1057/1057 1056/1056/1056 
f 1056/1056/1056 1057/1057/1057 1057/1057/1057 
f 1057/1057/1057 1058/1058/1058 1057/1057/1057 
f 1057/1057/1057 1058/1058/1058 1058/1058/1058 
f 1058/1058/1058 1059/1059/1059 1058/1058/1058 
f 1058/1058/1058 1059/1059/1059 1060/1060/1060 
f 1059/1059/1059 1060/1060/1060 1060/1060/1060 
f 1060/1060/1060 1060/1060/1060 1061/1061/1061 
f 1060/1060/1060 1061/1061/1061 1061/1061/1061 
f 1061/1061/1061 1061/1061/1061 1062/1062/1062 
f 1061/1061/1061 1063/1063/1063 1062/1062/1062 
f 1062/1062/1062 1063/1063/1063 1063/1063/1063 
f 1063/1063/1063 1064/1064/1064 1063/1063/1063 
f 1063/1063/1063 1064/1064/1064 1064/1064/1064 
f 1064/1064/1064 1065/1065/1065 1064/1064/1064 
f 1064/1064/1064 1065/1065/1065 1066/1066/1066 
f 1065/1065/1065 1066/1066/1066 1066/1066/1066 
f 1066/1066/1066 1066/1066/1066 1067/1067/1067 
f 1066/1066/1066 1067/1067/1067 1067/1067/1067 
f 1067/1067/1067 1067/1067/1067 1068/1068/1068 
f 1067/1067/1067 1069/1069/1069 1068/1068/1068 
f 1068/1068/1068 1069/1069/1069 1069/1069/1069 
f 1069/1069/1069 1070/1070/1070 1069/1069/1069 
f 1069/1069/1069 1070/1070/1070 1070/1070/1070 
f 1070/1070/1070 1071/1071/1071 1070/1070/1070 
f 1070/1070/1070 1071/1071/1071 1072/1072/1072 
f 1071/1071/1071 1072/1072/1072 1072/1072/1072 
f 1072/1072/1072 1072/1072/1072 1073/1073/1073 
f 1072/1072/1072 1073/1073/1073 1073/1073/1073 
f 1073/1073/1073 1073/1073/1073 1074/1074/1074 
f 1073/1073/1073 1075/1075/1075 1074/1074/1074 
f 1074/1074/1074 1075/1075/1075 1075/1075/1075 
f 1075/1075/1075 1076/1076/1076 1075/1075/1075 
f 1075/1075/1075 1076/1076/1076 1076/1076/1076 
f 1076/1076/1076 1077/1077/1077 1076/1076/1076 
f 1076/1076/1076 1077/1077/1077 1078/1078/1078 
f 1077/1077/1077 1078/1078/1078 1078/1078/1078 
f 1078/1078/1078 1078/1078/1078 1079/1079/1079 
f 1078/1078/1078 1079/1079/1079 1079/1079/1079 
f 1079/1079/1079 1079/1079/1079 1080/1080/1080 
f 1079/1079/1079 1081/1081/1081 1080/1080/1080 
f 1080/1080/1080 1081/1081/1081 1081/1081/1081 
f 1081/1081/1081 1082/1082/1082 1081/1081/1081 
f 1081/1081/1081 1082/1082/1082 1082/1082/1082 
f 1082/1082/1082 1083/1083/1083 1082/1082/1082 
f 1082/1082/1082 1083/1083/1083 1084/1084/1084 
f 1083/1083/1083 1084/1084/1084 1084/1084/1084 
f 1084/1084/1084 1084/1084/1084 1085/1085/1085 
f 1084/1084/1084 1085/1085/1085 1085/1085/1085 
f 1085/1085/1085 1085/1085/1085 1086/1086/1086 
f 1085/1085/1085 1087/1087/1087 1086/1086/1086 
f 1086/1086/1086 1087/1087/1087 1087/1087/1087 
f 1087/1087/1087 1088/1088/1088 1087/1087/1087 
f 1087/1087/1087 1088/1088/1088 1088/1088/1088 
f 1088/1088/1088 1089/1089/1089 1088/1088/1088 
f 1088/1088/1088 1089/1089/1089 1090/1090/1090 
f 1089/1089/1089 1090/1090/1090 1090/1090/1090 
f 1090/1090/1090 1090/1090/1090 1091/1091/1091 
f 1090/1090/1090 1091/1091/1091 1091/1091/1091 
f 1091/1091/1091 1091/1091/1091 1092/1092/1092 
f 1091/1091/1091 1093/1093/1093 1092/1092/1092 
f 1092/1092/1092 1093/1093/1093 1093/1093/1093 
f 1093/1093/1093 1094/1094/1094 1093/1093/1093 
f 1093/1093/1093 1094/1094/1094 1094/1094/1094 
f 1094/1094/1094 1095/1095/1095 1094/1094/1094 
f 1094/1094/1094 1095/1095/1095 1096/1096/1096 
f 1095/1095/1095 1096/1096/1096 1096/1096/1096 
f 1096/1096/1096 1096/1096/1096 1097/1097/1097 
f 1096/1096/1096 1097/1097/1097 1097/1097/1097 
f 1097/1097/1097 1097/1097/1097 1098/1098/1098 
f 1097/1097/1097 1099/1099/1099 1098/1098/1098 
f 1098/1098/1098 1099/1099/1099 1099/1099/1099 
f 1099/1099/1099 1100/1100/1100 1099/1099/1099 
f 1099/1099/1099 1100/1100/1100 1100/1100/1100 
f 1100/1100/1100 1101/1101/1101 1100/1100/1100 
f 1100/1100/1100 1101/1101/1101 1102/1102/1102 
f 1101/1101/1101 1102/1102/1102 1102/1102/1102 
f 1102/1102/1102 1102/1102/1102 1103/1103/1103 
f 1102/1102/1102 1103/1103/1103 1103/1103/1103 
f 1103/1103/1103 1103/1103/1103 1104/1104/1104 
f 1103/1103/1103 1105/1105/1105 1104/1104/1104 
f 1104/1104/1104 1105/1105/1105 1105/1105/1105 
f 1105/1105/1105 1106/1106/1106 1105/1105/1105 
f 1105/1105/1105 1106/1106/1106 1106/1106/1106 
f 1106/1106/1106 1107/1107/1107 1106/1106/1106 
f 1106/1106/1106 1107/1107/1107 1108/1108/1108 
f 1107/1107/1107 1108/1108/1108 1108/1108/1108 
f 1108/1108/1108 1108/1108/1108 1109/1109/1109 
f 1108/1108/1108 1109/1109/1109 1109/1109/1109 
f 1109/1109/1109 1109/1109/1109 1110/1110/1110 
f 1109/1109/1109 1111/1111/1111 1110/1110/1110 
f 1110/1110/1110 1111/1111/1111 1111/1111/1111 
f 1111/1111/1111 1112/1112/1112 1111/1111/1111 
f 1111/1111/1111 1112/1112/1112 1112/1112/1112 
f 1112/1112/1112 1113/1113/1113 1112/1112/1112 
f 1112/1112/1112 1113/1113/1113 1114/1114/1114 
f 1113/1113/1113 1114/1114/1114 1114/1114/1114 
f 1114/1114/1114 1114/1114/1114 1115/1115/1115 
f 1114/1114/1114 1115/1115/1115 1115/1115/1115 
f 1115/1115/1115 1115/1115/1115 1116/1116/1116 
f 1115/1115/1115 1117/1117/1117 1116/1116/1116 
f 1116/1116/1116 1117/1117/1117 1117/1117/1117 
f 1117/1117/1117 1118/1118/1118 1117/1117/1117 
f 1117/1117/1117 1118/1118/1118 1118/1118/1118 
f 1118/1118/1118 1119/1119/1119 1118/1118/1118 
f 1118/1118/1118 1119/1119/1119 1120/1120/1120 
f 1119/1119/1119 1120/1120/1120 1120/1120/1120 
f 1120/1120/1120 1120/1120/1120 1121/1121/1121 
f 1120/1120/1120 1121/1121/1121 1121/1121/1121 
f 1121/1121/1121 1121/1121/1121 1122/1122/1122 
f 1121/1121/1121 1123/1123/1123 1122/1122/1122 
f 1122/1122/1122 1123/1123/1123 1123/1123/1123 
f 1123/1123/1123 1124/1124/1124 1123/1123/1123 
f 1123/1123/1123 1124/1124/1124 1124/1124/1124 
f 1124/1124/1124 1125/1125/1125 1124/1124/1124 
f 1124/1124/1124 1125/1125/1125 1126/1126/1126 
f 1125/1125/1125 1126/1126/1126 1126/1126/1126 
f 1126/1126/1126 1126/1126/1126 1127/1127/1127 
f 1126/1126/1126 1127/1127/1127 1127/1127/1127 
f 1127/1127/1127 1127/1127/1127 1128/1128/1128 
f 1127/1127/1127 1129/1129/1129 1128/1128/1128 
f 1128/1128/1128 1129/1129/1129 1129/1129/1129 
f 1129/1129/1129 1130/1130/1130 1129/1129/1129 
f 1129/1129/1129 1130/1130/1130 1130/1130/1130 
f 1130/1130/1130 1131/1131/1131 1130/1130/1130 
f 1130/1130/1130 1131/1131/1131 1132/1132/1132 
f 1131/1131/1131 1132/1132/1132 1132/1132/1132 
f 1132/1132/1132 1132/1132/1132 1133/1133/1133 
f 1132/1132/1132 1133/1133/1133 1133/1133/1133 
f 1133/1133/1133 1133/1133/1133 1134/1134/1134 
f 1133/1133/1133 1135/1135/1135 1134/1134/1134 
f 1134/1134/1134 1135/1135/1135 1135/1135/1135 
f 1135/1135/1135 1136/1136/1136 1135/1135/1135 
f 1135/1135/1135 1136/1136/1136 1136/1136/1136 
f 1136/1136/1136 1137/1137/1137 1136/1136/1136 
f 1136/1136/1136 1137/1137/1137 1138/1138/1138 
f 1137/1137/1137 1138/1138/1138 1138/1138/1138 
f 1138/1138/1138 1138/1138/1138 1139/1139/1139 
f 1138/1138/1138 1139/1139/1139 1139/1139/1139 
f 1139/1139/1139 1139/1139/1139 1140/1140/1140 
f 1139/1139/1139 1141/1141/1141 1140/1140/1140 
f 1140/1140/1140 1141/1141/1141 1141/1141/1141 
f 1141/1141/1141 1142/1142/1142 1141/1141/1141 
f 1141/1141/1141 1142/1142/1142 1142/1142/1142 
f 1142/1142/1142 1143/1143/1143 1142/1142/1142 
f 1142/1142/1142 1143/1143/1143 1144/1144/1144 
f 1143/1143/1143 1144/1144/1144 1144/1144/1144 
f 1144/1144/1144 1144/1144/1144 1145/1145/1145 
f 1144/1144/1144 1145/1145/1145 1145/1145/1145 
f 1145/1145/1145 1145/1145/1145 1146/1146/1146 
f 1145/1145/1145 1147/1147/1147 1146/1146/1146 
f 1146/1146/1146 1147/1147/1147 1147/1147/1147 
f 1147/1147/1147 1148/1148/1148 1147/1147/1147 
f 1147/1147/1147 1148/1148/1148 1148/1148/1148 
f 1148/1148/1148 1149/1149/1149 1148/1148/1148 
f 1148/1148/1148 1149/1149/1149 1150/1150/1150 
f 1149/1149/1149 1150/1150/1150 1150/1150/1150 
f 1150/1150/1150 1150/1150/1150 1151/1151/1151 
f 1150/1150/1150 1151/1151/1151 1151/1151/1151 
f 1151/1151/1151 1151/1151/1151 1152/1152/1152 
f 1151/1151/1151 1153/1153/1153 1152/1152/1152 
f 1152/1152/1152 1153/1153/1153 1153/1153/1153 
f 1153/1153/1153 1154/1154/1154 1153/1153/1153 
f 1153/1153/1153 1154/1154/1154 1154/1154/1154 
f 1154/1154/1154 1155/1155/1155 1154/1154/1154 
f 1154/1154/1154 1155/1155/1155 1156/1156/1156 
f 1155/1155/1155 1156/1156/1156 1156/1156/1156 
f 1156/1156/1156 1156/1156/1156 1157/1157/1157 
f 1156/1156/1156 1157/1157/1157 1157/1157/1157 
f 1157/1157/1157 1157/1157/1157 1158/1158/1158 
f 1157/1157/1157 1159/1159/1159 1158/1158/1158 
f 1158/1158/1158 1159/1159/1159 1159/1159/1159 
f 1159/1159/1159 1160/1160/1160 1159/1159/1159 
f 1159/1159/1159 1160/1160/1160 1160/1160/1160 
f 1160/1160/1160 1161/1161/1161 1160/1160/1160 
f 1160/1160/1160 1161/1161/1161 1162/1162/1162 
f 1161/1161/1161 1162/1162/1162 1162/1162/1162 
f 1162/1162/1162 1162/1162/1162 1163/1163/1163 
f 1162/1162/1162 1163/1163/1163 1163/1163/1163 
f 1163/1163/1163 1163/1163/1163 1164/1164/1164 
f 1163/1163/1163 1165/1165/1165 1164/1164/1164 
f 1164/1164/1164 1165/1165/1165 1165/1165/1165 
f 1165/1165/1165 1166/1166/1166 1165/1165/1165 
f 1165/1165/1165 1166/1166/1166 1166/1166/1166 
f 1166/1166/1166 1167/1167/1167 1166/1166/1166 
f 1166/1166/1166 1167/1167/1167 1168/1168/1168 
f 1167/1167/1167 1168/1168/1168 1168/1168/1168 
f 1168/1168/1168 1168/1168/1168 1169/1169/1169 
f 1168/1168/1168 1169/1169/1169 1169/1169/1169 
f 1169/1169/1169 1169/1169/1169 1170/1170/1170 
f 1169/1169/1169 1171/1171/1171 1170/1170/1170 
f 1170/1170/1170 1171/1171/1171 1171/1171/1171 
f 1171/1171/1171 1172/1172/1172 1171/1171/1171 
f 1171/1171/1171 1172/1172/1172 1172/1172/1172 
f 1172/1172/1172 1173/1173/1173 1172/1172/1172 
f 1172/1172/1172 1173/1173/1173 1174/1174/1174 
f 1173/1173/1173 1174/1174/1174 1174/1174/1174 
f 1174/1174/1174 1174/1174/1174 1175/1175/1175 
f 1174/1174/1174 1175/1175/1175 1175/1175/1175 
f 1175/1175/1175 1175/1175/1175 1176/1176/1176 
f 1175/1175/1175 1177/1177/1177 1176/1176/1176 
f 1176/1176/1176 1177/1177/1177 1177/1177/1177 
f 1177/1177/1177 1178/1178/1178 1177/1177/1177 
f 1177/1177/1177 1178/1178/1178 1178/1178/1178 
f 1178/1178/1178 1179/1179/1179 1178/1178/1178 
f 1178/1178/1178 1179/1179/1179 1180/1180/1180 
f 1179/1179/1179 1180/1180/1180 1180/1180/1180 
f 1180/1180/1180 1180/1180/1180 1181/1181/1181 
f 1180/1180/1180 1181/1181/1181 1181/1181/1181 
f 1181/1181/1181 1181/1181/1181 1182/1182/1182 
f 1181/1181/1181 1183/1183/1183 1182/1182/1182 
f 1182/1182/1182 1183/1183/1183 1183/1183/1183 
f 1183/1183/1183 1184/1184/1184 1183/1183/1183 
f 1183/1183/1183 1184/1184/1184 1184/1184/1184 
f 1184/1184/1184 1185/1185/1185 1184/1184/1184 
f 1184/1184/1184 1185/1185/1185 1186/1186/1186 
f 1185/1185/1185 1186/1186/1186 1186/1186/1186 
f 1186/1186/1186 1186/1186/1186 1187/1187/1187 
f 1186/1186/1186 1187/1187/1187 1187/1187/1187 
f 1187/1187/1187 1187/1187/1187 1188/1188/1188 
f 1187/1187/1187 1189/1189/1189 1188/1188/1188 
f 1188/1188/1188 1189/1189/1189 1189/1189/1189 
f 1189/1189/1189 1190/1190/1190 1189/1189/1189 
f 1189/1189/1189 1190/1190/1190 1190/1190/1190 
f 1190/1190/1190 1191/1191/1191 1190/1190/1190 
f 1190/1190/1190 1191/1191/1191 1192/1192/1192 
f 1191/1191/1191 1192/1192/1192 1192/1192/1192 
f 1192/1192/1192 1192/1192/1192 1193/1193/1193 
f 1192/1192/1192 1193/1193/1193 1193/1193/1193 
f 1193/1193/1193 1193/1193/1193 1194/1194/1194 
f 1193/1193/1193 1195/1195/1195 1194/1194/1194 
f 1194/1194/1194 1195/1195/1195 1195/1195/1195 
f 1195/1195/1195 1196/1196/1196 1195/1195/1195 
f 1195/1195/1195 1196/1196/1196 1196/1196/1196 
f 1196/1196/1196 1197/1197/1197 1196/1196/1196 
f 1196/1196/1196 1197/1197/1197 1198/1198/1198 
f 1197/1197/1197 1198/1198/1198 1198/1198/1198 
f 1198/1198/1198 1198/1198/1198 1199/1199/1199 
f 1198/1198/1198 1199/1199/1199 1199/1199/1199 
f 1199/1199/1199 1199/1199/1199 1200/1200/1200 
f 1199/1199/1199 1201/1201/1201 1200/1200/1200 
f 1200/1200/1200 1201/1201/1201 1201/1201/1201 
f 1201/1201/1201 1202/1202/1202 1201/1201/1201 
f 1201/1201/1201 1202/1202/1202 1202/1202/1202 
f 1202/1202/1202 1203/1203/1203 1202/1202/1202 
f 1202/1202/1202 1203/1203/1203 1204/1204/1204 
f 1203/1203/1203 1204/1204/1204 1204/1204/1204 
f 1204/1204/1204 1204/1204/1204 1205/1205/1205 
f 1204/1204/1204 1205/1205/1205 1205/1205/1205 
f 1205/1205/1205 1205/1205/1205 1206/1206/1206 
f 1205/1205/1205 1207/1207/1207 1206/1206/1206 
f 1206/1206/1206 1207/1207/1207 1207/1207/1207 
f 1207/1207/1207 1208/1208/1208 1207/1207/1207 
f 1207/1207/1207 1208/1208/1208 1208/1208/1208 
f 1208/1208/1208 1209/1209/1209 1208/1208/1208 
f 1208/1208/1208 1209/1209/1209 1210/1210/1210 
f 1209/1209/1209 1210/1210/1210 1210/1210/1210 
f 1210/1210/1210 1210/1210/1210 1211/1211/1211 
f 1210/1210/1210 1211/1211/1211 1211/1211/1211 
f 1211/1211/1211 1211/1211/1211 1212/1212/1212 
f 1211/1211/1211 1213/1213/1213 1212/1212/1212 
f 1212/1212/1212 1213/1213/1213 1213/1213/1213 
f 1213/1213/1213 1214/1214/1214 1213/1213/1213 
f 1213/1213/1213 1214/1214/1214 1214/1214/1214 
f 1214/1214/1214 1215/1215/1215 1214/1214/1214 
f 1214/1214/1214 1215/1215/1215 1216/1216/1216 
f 1215/1215/1215 1216/1216/1216 1216/1216/1216 
f 1216/1216/1216 1216/1216/1216 1217/1217/1217 
f 1216/1216/1216 1217/1217/1217 1217/1217/1217 
f 1217/1217/1217 1217/1217/1217 1218/1218/1218 
f 1217/1217/1217 1219/1219/1219 1218/1218/1218 
f 1218/1218/1218 1219/1219/1219 1219/1219/1219 
f 1219/1219/1219 1220/1220/1220 1219/1219/1219 
f 1219/1219/1219 1220/1220/1220 1220/1220/1220 
f 1220/1220/1220 1221/1221/1221 1220/1220/1220 
f 1220/1220/1220 1221/1221/1221 1222/1222/1222 
f 1221/1221/1221 1222/1222/1222 1222/1222/1222 
f 1222/1222/1222 1222/1222/1222 1223/1223/1223 
f 1222/1222/1222 1223/1223/1223 1223/1223/1223 
f 1223/1223/1223 1223/1223/1223 1224/1224/1224 
f 1223/1223/1223 1225/1225/1225 1224/1224/1224 
f 1224/1224/1224 1225/1225/1225 1225/1225/1225 
f 1225/1225/1225 1226/1226/1226 1225/1225/1225 
f 1225/1225/1225 1226/1226/1226 1226/1226/1226 
f 1226/1226/1226 1227/1227/1227 1226/1226/1226 
f 1226/1226/1226 1227/1227/1227 1228/1228/1228 
f 1227/1227/1227 1228/1228/1228 1228/1228/1228 
f 1228/1228/1228 1228/1228/1228 1229/1229/1229 
f 1228/1228/1228 1229/1229/1229 1229/1229/1229 
f 1229/1229/1229 1229/1229/1229 1230/1230/1230 
f 1229/1229/1229 1231/1231/1231 1230/1230/1230 
f 1230/1230/1230 1231/1231/1231 1231/1231/1231 
f 1231/1231/1231 1232/1232/1232 1231/1231/1231 
f 1231/1231/1231 1232/1232/1232 1232/1232/1232 
f 1232/1232/1232 1233/1233/1233 1232/1232/1232 
f 1232/1232/1232 1233/1233/1233 1234/1234/1234 
f 1233/1233/1233 1234/1234/1234 1234/1234/1234 
f 1234/1234/1234 1234/1234/1234 1235/1235/1235 
f 1234/1234/1234 1235/1235/1235 1235/1235/1235 
f 1235/1235/1235 1235/1235/1235 1236/1236/1236 
f 1235/1235/1235 1237/1237/1237 1236/1236/1236 
f 1236/1236/1236 1237/1237/1237 1237/1237/1237 
f 1237/1237/1237 1238/1238/1238 1237/1237/1237 
f 1237/1237/1237 1238/1238/1238 1238/1238/1238 
f 1238/1238/1238 1239/1239/1239 1238/1238/1238 
f 1238/1238/1238 1239/1239/1239 1240/1240/1240 
f 1239/1239/1239 1240/1240/1240 1240/1240/1240 
f 1240/1240/1240 1240/1240/1240 1241/1241/1241 
f 1240/1240/1240 1241/1241/1241 1241/1241/1241 
f 1241/1241/1241 1241/1241/1241 1242/1242/1242 
f 1241/1241/1241 1243/1243/1243 1242/1242/1242 
f 1242/1242/1242 1243/1243/1243 1243/1243/1243 
f 1243/1243/1243 1244/1244/1244 1243/1243/1243 
f 1243/1243/1243 1244/1244/1244 1244/1244/1244 
f 1244/1244/1244 1245/1245/1245 1244/1244/1244 
f 1244/1244/1244 1245/1245/1245 1246/1246/1246 
f 1245/1245/1245 1246/1246/1246 1246/1246/1246 
f 1246/1246/1246 1246/1246/1246 1247/1247/1247 
f 1246/1246/1246 1247/1247/1247 1247/1247/1247 
f 1247/1247/1247 1247/1247/1247 1248/1248/1248 
f 1247/1247/1247 1249/1249/1249 1248/1248/1248 
f 1248/1248/1248 1249/1249/1249 1249/1249/1249 
f 1249/1249/1249 1250/1250/1250 1249/1249/1249 
f 1249/1249/1249 1250/1250/1250 1250/1250/1250 
f 1250/1250/1250 1251/1251/1251 1250/1250/1250 
f 1250/1250/1250 1251/1251/1251 1252/1252/1252 
f 1251/1251/1251 1252/1252/1252 1252/1252/1252 
f 1252/1252/1252 1252/1252/1252 1253/1253/1253 
f 1252/1252/1252 1253/1253/1253 1253/1253/1253 
f 1253/1253/1253 1253/1253/1253 1254/1254/1254 
f 1253/1253/1253 1255/1255/1255 1254/1254/1254 
f 1254/1254/1254 1255/1255/1255 1255/1255/1255 
f 1255/1255/1255 1256/1256/1256 1255/1255/1255 
f 1255/1255/1255 1256/1256/1256 1256/1256/1256 
f 1256/1256/1256 1257/1257/1257 1256/1256/1256 
f 1256/1256/1256 1257/1257/1257 1258/1258/1258 
f 1257/1257/1257 1258/1258/1258 1258/1258/1258 
f 1258/1258/1258 1258/1258/1258 1259/1259/1259 
f 1258/1258/1258 1259/1259/1259 1259/1259/1259 
f 1259/1259/1259 1259/1259/1259 1260/1260/1260 
f 1259/1259/1259 1261/1261/1261 1260/1260/1260 
f 1260/1260/1260 1261/1261/1261 1261/1261/1261 
f 1261/1261/1261 1262/1262/1262 1261/1261/1261 
f 1261/1261/1261 1262/1262/1262 1262/1262/1262 
f 1262/1262/1262 1263/1263/1263 1262/1262/1262 
f 1262/1262/1262 1263/1263/1263 1264/1264/1264 
f 1263/1263/1263 1264/1264/1264 1264/1264/1264 
f 1264/1264/1264 1264/1264/1264 1265/1265/1265 
f 1264/1264/1264 1265/1265/1265 1265/1265/1265 
f 1265/1265/1265 1265/1265/1265 1266/1266/1266 
f 1265/1265/1265 1267/1267/1267 1266/1266/1266 
f 1266/1266/1266 1267/1267/1267 1267/1267/1267 
f 1267/1267/1267 1268/1268/1268 1267/1267/1267 
f 1267/1267/1267 1268/1268/1268 1268/1268/1268 
f 1268/1268/1268 1269/1269/1269 1268/1268/1268 
f 1268/1268/1268 1269/1269/1269 1270/1270/1270 
f 1269/1269/1269 1270/1270/1270 1270/1270/1270 
f 1270/1270/1270 1270/1270/1270 1271/1271/1271 
f 1270/1270/1270 1271/1271/1271 1271/1271/1271 
f 1271/1271/1271 1271/1271/1271 1272/1272/1272 
f 1271/1271/1271 1273/1273/1273 1272/1272/1272 
f 1272/1272/1272 1273/1273/1273 1273/1273/1273 
f 1273/1273/1273 1274/1274/1274 1273/1273/1273 
f 1273/1273/1273 1274/1274/1274 1274/1274/1274 
f 1274/1274/1274 1275/1275/1275 1274/1274/1274 
f 1274/1274/1274 1275/1275/1275 1276/1276/1276 
f 1275/1275/1275 1276/1276/1276 1276/1276/1276 
f 1276/1276/1276 1276/1276/1276 1277/1277/1277 
f 1276/1276/1276 1277/1277/1277 1277/1277/1277 
f 1277/1277/1277 1277/1277/1277 1278/1278/1278 
f 1277/1277/1277 1279/1279/1279 1278/1278/1278 
f 1278/1278/1278 1279/1279/1279 1279/1279/1279 
f 1279/1279/1279 1280/1280/1280 1279/1279/1279 
f 1279/1279/1279 1280/1280/1280 1280/1280/1280 
f 1280/1280/1280 1281/1281/1281 1280/1280/1280 
f 1280/1280/1280 1281/1281/1281 1282/1282/1282 
f 1281/1281/1281 1282/1282/1282 1282/1282/1282 
f 1282/1282/1282 1282/1282/1282 1283/1283/1283 
f 1282/1282/1282 1283/1283/1283 1283/1283/1283 
f 1283/1283/1283 1283/1283/1283 1284/1284/1284 
f 1283/1283/1283 1285/1285/1285 1284/1284/1284 
f 1284/1284/1284 1285/1285/1285 1285/1285/1285 
f 1285/1285/1285 1286/1286/1286 1285/1285/1285 
f 1285/1285/1285 1286/1286/1286 1286/1286/1286 
f 1286/1286/1286 1287/1287/1287 1286/1286/1286 
f 1286/1286/1286 1287/1287/1287 1288/1288/1288 
f 1287/1287/1287 1288/1288/1288 1288/1288/1288 
f 1288/1288/1288 1288/1288/1288 1289/1289/1289 
f 1288/1288/1288 1289/1289/1289 1289/1289/1289 
f 1289/1289/1289 1289/1289/1289 1290/1290/1290 
f 1289/1289/1289 1291/1291/1291 1290/1290/1290 
f 1290/1290/1290 1291/1291/1291 1291/1291/1291 
f 1291/1291/1291 1292/1292/1292 1291/1291/1291 
f 1291/1291/1291 1292/1292/1292 1292/1292/1292 
f 1292/1292/1292 1293/1293/1293 1292/1292/1292 
f 1292/1292/1292 1293/1293/1293 1294/1294/1294 
f 1293/1293/1293 1294/1294/1294 1294/1294/1294 
f 1294/1294/1294 1294/1294/1294 1295/1295/1295 
f 1294/1294/1294 1295/1295/1295 1295/1295/1295 
f 1295/1295/1295 1295/1295/1295 1296/1296/1296 
f 1295/1295/1295 1297/1297/1297 1296/1296/1296 
f 1296/1296/1296 1297/1297/1297 1297/1297/1297 
f 1297/1297/1297 1298/1298/1298 1297/1297/1297 
f 1297/1297/1297 1298/1298/1298 1298/1298/1298 
f 1298/1298/1298 1299/1299/1299 1298/1298/1298 
f 1298/1298/1298 1299/1299/1299 1300/1300/1300 
f 1299/1299/1299 1300/1300/1300 1300/1300/1300 
f 1300/1300/1300 1300/1300/1300 1301/1301/1301 
f 1300/1300/1300 1301/1301/1301 1301/1301/1301 
f 1301/1301/1301 1301/1301/1301 1302/1302/1302 
f 1301/1301/1301 1303/1303/1303 1302/1302/1302 
f 1302/1302/1302 1303/1303/1303 1303/1303/1303 
f 1303/1303/1303 1304/1304/1304 1303/1303/1303 
f 1303/1303/1303 1304/1304/1304 1304/1304/1304 
f 1304/1304/1304 1305/1305/1305 1304/1304/1304 
f 1304/1304/1304 1305/1305/1305 1306/1306/1306 
f 1305/1305/1305 1306/1306/1306 1306/1306/1306 
f 1306/1306/1306 1306/1306/1306 1307/1307/1307 
f 1306/1306/1306 1307/1307/1307 1307/1307/1307 
f 1307/1307/1307 1307/1307/1307 1308/1308/1308 
f 1307/1307/1307 1309/1309/1309 1308/1308/1308 
f 1308/1308/1308 1309/1309/1309 1309/1309/1309 
f 1309/1309/1309 1310/1310/1310 1309/1309/1309 
f 1309/1309/1309 1310/1310/1310 1310/1310/1310 
f 1310/1310/1310 1311/1311/1311 1310/1310/1310 
f 1310/1310/1310 1311/1311/1311 1312/1312/1312 
f 1311/1311/1311 1312/1312/1312 1312/1312/1312 
f 1312/1312/1312 1312/1312/1312 1313/1313/1313 
f 1312/1312/1312 1313/1313/1313 1313/1313/1313 
f 1313/1313/1313 1313/1313/1313 1314/1314/1314 
f 1313/1313/1313 1315/1315/1315 1314/1314/1314 
f 1314/1314/1314 1315/1315/1315 1315/1315/1315 
f 1315/1315/1315 1316/1316/1316 1315/1315/1315 
f 1315/1315/1315 1316/1316/1316 1316/1316/1316 
f 1316/1316/1316 1317/1317/1317 1316/1316/1316 
f 1316/1316/1316 1317/1317/1317 1318/1318/1318 
f 1317/1317/1317 1318/1318/1318 1318/1318/1318 
f 1318/1318/1318 1318/1318/1318 1319/1319/1319 
f 1318/1318/1318 1319/1319/1319 1319/1319/1319 
f 1319/1319/1319 1319/1319/1319 1320/1320/1320 
f 1319/1319/1319 1321/1321/1321 1320/1320/1320 
f 1320/1320/1320 1321/1321/1321 1321/1321/1321 
f 1321/1321/1321 1322/1322/1322 1321/1321/1321 
f 1321/1321/1321 1322/1322/1322 1322/1322/1322 
f 1322/1322/1322 1323/1323/1323 1322/1322/1322 
f 1322/1322/1322 1323/1323/1323 1324/1324/1324 
f 1323/1323/1323 1324/1324/1324 1324/1324/1324 
f 1324/1324/1324 1324/1324/1324 1325/1325/1325 
f 1324/1324/1324 1325/1325/1325 1325/1325/1325 
f 1325/1325/1325 1325/1325/1325 1326/1326/1326 
f 1325/1325/1325 1327/1327/1327 1326/1326/1326 
f 1326/1326/1326 1327/1327/1327 1327/1327/1327 
f 1327/1327/1327 1328/1328/1328 1327/1327/1327 
f 1327/1327/1327 1328/1328/1328 1328/1328/1328 
f 1328/1328/1328 1329/1329/1329 1328/1328/1328 
f 1328/1328/1328 1329/1329/1329 1330/1330/1330 
f 1329/1329/1329 1330/1330/1330 1330/1330/1330 
f 1330/1330/1330 1330/1330/1330 1331/1331/1331 
f 1330/1330/1330 1331/1331/1331 1331/1331/1331 
f 1331/1331/1331 1331/1331/1331 1332/1332/1332 
f 1331/1331/1331 1333/1333/1333 1332/1332/1332 
f 1332/1332/1332 1333/1333/1333 1333/1333/1333 
f 1333/1333/1333 1334/1334/1334 1333/1333/1333 
f 1333/1333/1333 1334/1334/1334 1334/1334/1334 
f 1334/1334/1334 1335/1335/1335 1334/1334/1334 
f 1334/1334/1334 1335/1335/1335 1336/1336/1336 
f 1335/1335/1335 1336/1336/1336 1336/1336/1336 
f 1336/1336/1336 1336/1336/1336 1337/1337/1337 
f 1336/1336/1336 1337/1337/1337 1337/1337/1337 
f 1337/1337/1337 1337/1337/1337 1338/1338/1338 
f 1337/1337/1337 1339/1339/1339 1338/1338/1338 
f 1338/1338/1338 1339/1339/1339 1339/1339/1339 
f 1339/1339/1339 1340/1340/1340 1339/1339/1339 
f 1339/1339/1339 1340/1340/1340 1340/1340/1340 
f 1340/1340/1340 1341/1341/1341 1340/1340/1340 
f 1340/1340/1340 1341/1341/1341 1342/1342/1342 
f 1341/1341/1341 1342/1342/1342 1342/1342/1342 
f 1342/1342/1342 1342/1342/1342 1343/1343/1343 
f 1342/1342/1342 1343/1343/1343 1343/1343/1343 
f 1343/1343/1343 1343/1343/1343 1344/1344/1344 
f 1343/1343/1343 1345/1345/1345 1344/1344/1344 
f 1344/1344/1344 1345/1345/1345 1345/1345/1345 
f 1345/1345/1345 1346/1346/1346 1345/1345/1345 
f 1345/1345/1345 1346/1346/1346 1346/1346/1346 
f 1346/1346/1346 1347/1347/1347 1346/1346/1346 
f 1346/1346/1346 1347/1347/1347 1348/1348/1348 
f 1347/1347/1347 1348/1348/1348 1348/1348/1348 
f 1348/1348/1348 1348/1348/1348 1349/1349/1349 
f 1348/1348/1348 1349/1349/1349 1349/1349/1349 
f 1349/1349/1349 1349/1349/1349 1350/1350/1350 
f 1349/1349/1349 1351/1351/1351 1350/1350/1350 
f 1350/1350/1350 1351/1351/1351 1351/1351/1351 
f 1351/1351/1351 1352/1352/1352 1351/1351/1351 
f 1351/1351/1351 1352/1352/1352 1352/1352/1352 
f 1352/1352/1352 1353/1353/1353 1352/1352/1352 
f 1352/1352/1352 1353/1353/1353 1354/1354/1354 
f 1353/1353/1353 1354/1354/1354 1354/1354/1354 
f 1354/1354/1354 1354/1354/1354 1355/1355/1355 
f 1354/1354/1354 1355/1355/1355 1355/1355/1355 
f 1355/1355/1355 1355/1355/1355 1356/1356/1356 
f 1355/1355/1355 1357/1357/1357 1356/1356/1356 
f 1356/1356/1356 1357/1357/1357 1357/1357/1357 
f 1357/1357/1357 1358/1358/1358 1357/1357/1357 
f 1357/1357/1357 1358/1358/1358 1358/1358/1358 
f 1358/1358/1358 1359/1359/1359 1358/1358/1358 
f 1358/1358/1358 1359/1359/1359 1360/1360/1360 
f 1359/1359/1359 1360/1360/1360 1360/1360/1360 
f 1360/1360/1360 1360/1360/1360 1361/1361/1361 
f 1360/1360/1360 1361/1361/1361 1361/1361/1361 
f 1361/1361/1361 1361/1361/1361 1362/1362/1362 
f 1361/1361/1361 1363/1363/1363 1362/1362/1362 
f 1362/1362/1362 1363/1363/1363 1363/1363/1363 
f 1363/1363/1363 1364/1364/1364 1363/1363/1363 
f 1363/1363/1363 1364/1364/1364 1364/1364/1364 
f 1364/1364/1364 1365/1365/1365 1364/1364/1364 
f 1364/1364/1364 1365/1365/1365 1366/1366/1366 
f 1365/1365/1365 1366/1366/1366 1366/1366/1366 
f 1366/1366/1366 1366/1366/1366 1367/1367/1367 
f 1366/1366/1366 1367/1367/1367 1367/1367/1367 
f 1367/1367/1367 1367/1367/1367 1368/1368/1368 
f 1367/1367/1367 1369/1369/1369 1368/1368/1368 
f 1368/1368/1368 1369/1369/1369 1369/1369/1369 
f 1369/1369/1369 1370/1370/1370 1369/1369/1369 
f 1369/1369/1369 1370/1370/1370 1370/1370/1370 
f 1370/1370/1370 1371/1371/1371 1370/1370/1370 
f 1370/1370/1370 1371/1371/1371 1372/1372/1372 
f 1371/1371/1371 1372/1372/1372 1372/1372/1372 
f 1372/1372/1372 1372/1372/1372 1373/1373/1373 
f 1372/1372/1372 1373/1373/1373 1373/1373/1373 
f 1373/1373/1373 1373/1373/1373 1374/1374/1374 
f 1373/1373/1373 1375/1375/1375 1374/1374/1374 
f 1374/1374/1374 1375/1375/1375 1375/1375/1375 
f 1375/1375/1375 1376/1376/1376 1375/1375/1375 
f 1375/1375/1375 1376/1376/1376 1376/1376/1376 
f 1376/1376/1376 1377/1377/1377 1376/1376/1376 
f 1376/1376/1376 1377/1377/1377 1378/1378/1378 
f 1377/1377/1377 1378/1378/1378 1378/1378/1378 
f 1378/1378/1378 1378/1378/1378 1379/1379/1379 
f 1378/1378/1378 1379/1379/1379 1379/1379/1379 
f 1379/1379/1379 1379/1379/1379 1380/1380/1380 
f 1379/1379/1379 1381/1381/1381 1380/1380/1380 
f 1380/1380/1380 1381/1381/1381 1381/1381/1381 
f 1381/1381/1381 1382/1382/1382 1381/1381/1381 
f 1381/1381/1381 1382/1382/1382 1382/1382/1382 
f 1382/1382/1382 1383/1383/1383 1382/1382/1382 
f 1382/1382/1382 1383/1383/1383 1384/1384/1384 
f 1383/1383/1383 1384/1384/1384 1384/1384/1384 
f 1384/1384/1384 1384/1384/1384 1385/1385/1385 
f 1384/1384/1384 1385/1385/1385 1385/1385/1385 
f 1385/1385/1385 1385/1385/1385 1386/1386/1386 
f 1385/1385/1385 1387/1387/1387 1386/1386/1386 
f 1386/1386/1386 1387/1387/1387 1387/1387/1387 
f 1387/1387/1387 1388/1388/1388 1387/1387/1387 
f 1387/1387/1387 1388/1388/1388 1388/1388/1388 
f 1388/1388/1388 1389/1389/1389 1388/1388/1388 
f 1388/1388/1388 1389/1389/1389 1390/1390/1390 
f 1389/1389/1389 1390/1390/1390 1390/1390/1390 
f 1390/1390/1390 1390/1390/1390 1391/1391/1391 
f 1390/1390/1390 1391/1391/1391 1391/1391/1391 
f 1391/1391/1391 1391/1391/1391 1392/1392/1392 
f 1391/1391/1391 1393/1393/1393 1392/1392/1392 
f 1392/1392/1392 1393/1393/1393 1393/1393/1393 
f 1393/1393/1393 1394/1394/1394 1393/1393/1393 
f 1393/1393/1393 1394/1394/1394 1394/1394/1394 
f 1394/1394/1394 1395/1395/1395 1394/1394/1394 
f 1394/1394/1394 1395/1395/1395 1396/1396/1396 
f 1395/1395/1395 1396/1396/1396 1396/1396/1396 
f 1396/1396/1396 1396/1396/1396 1397/1397/1397 
f 1396/1396/1396 1397/1397/1397 1397/1397/1397 
f 1397/1397/1397 1397/1397/1397 1398/1398/1398 
f 1397/1397/1397 1399/1399/1399 1398/1398/1398 
f 1398/1398/1398 1399/1399/1399 1399/1399/1399 
f 1399/1399/1399 1400/1400/1400 1399/1399/1399 
f 1399/1399/1399 1400/1400/1400 1400/1400/1400 
f 1400/1400/1400 1401/1401/1401 1400/1400/1400 
f 1400/1400/1400 1401/1401/1401 1402/1402/1402 
f 1401/1401/1401 1402/1402/1402 1402/1402/1402 
f 1402/1402/1402 1402/1402/1402 1403/1403/1403 
f 1402/1402/1402 1403/1403/1403 1403/1403/1403 
f 1403/1403/1403 1403/1403/1403 1404/1404/1404 
f 1403/1403/1403 1405/1405/1405 1404/1404/1404 
f 1404/1404/1404 1405/1405/1405 1405/1405/1405 
f 1405/1405/1405 1406/1406/1406 1405/1405/1405 
f 1405/1405/1405 1406/1406/1406 1406/1406/1406 
f 1406/1406/1406 1407/1407/1407 1406/1406/1406 
f 1406/1406/1406 1407/1407/1407 1408/1408/1408 
f 1407/1407/1407 1408/1408/1408 1408/1408/1408 
f 1408/1408/1408 1408/1408/1408 1409/1409/1409 
f 1408/1408/1408 1409/1409/1409 1409/1409/1409 
f 1409/1409/1409 1409/1409/1409 1410/1410/1410 
f 1409/1409/1409 1411/1411/1411 1410/1410/1410 
f 1410/1410/1410 1411/1411/1411 1411/1411/1411 
f 1411/1411/1411 1412/1412/1412 1411/1411/1411 
f 1411/1411/1411 1412/1412/1412 1412/1412/1412 
f 1412/1412/1412 1413/1413/1413 1412/1412/1412 
f 1412/1412/1412 1413/1413/1413 1414/1414/1414 
f 1413/1413/1413 1414/1414/1414 1414/1414/1414 
f 1414/1414/1414 1414/1414/1414 1415/1415/1415 
f 1414/1414/1414 1415/1415/1415 1415/1415/1415 
f 1415/1415/1415 1415/1415/1415 1416/1416/1416 
f 1415/1415/1415 1417/1417/1417 1416/1416/1416 
f 1416/1416/1416 1417/1417/1417 1417/1417/1417 
f 1417/1417/1417 1418/1418/1418 1417/1417/1417 
f 1417/1417/1417 1418/1418/1418 1418/1418/1418 
f 1418/1418/1418 1419/1419/1419 1418/1418/1418 
f 1418/1418/1418 1419/1419/1419 1420/1420/1420 
f 1419/1419/1419 1420/1420/1420 1420/1420/1420 
f 1420/1420/1420 1420/1420/1420 1421/1421/1421 
f 1420/1420/1420 1421/1421/1421 1421/1421/1421 
f 1421/1421/1421 1421/1421/1421 1422/1422/1422 
f 1421/1421/1421 1423/1423/1423 1422/1422/1422 
f 1422/1422/1422 1423/1423/1423 1423/1423/1423 
f 1423/1423/1423 1424/1424/1424 1423/1423/1423 
f 1423/1423/1423 1424/1424/1424 1424/1424/1424 
f 1424/1424/1424 1425/1425/1425 1424/1424/1424 
f 1424/1424/1424 1425/1425/1425 1426/1426/1426 
f 1425/1425/1425 1426/1426/1426 1426/1426/1426 
f 1426/1426/1426 1426/1426/1426 1427/1427/1427 
f 1426/1426/1426 1427/1427/1427 1427/1427/1427 
f 1427/1427/1427 1427/1427/1427 1428/1428/1428 
f 1427/1427/1427 1429/1429/1429 1428/1428/1428 
f 1428/1428/1428 1429/1429/1429 1429/1429/1429 
f 1429/1429/1429 1430/1430/1430 1429/1429/1429 
f 1429/1429/1429 1430/1430/1430 1430/1430/1430 
f 1430/1430/1430 1431/1431/1431 1430/1430/1430 
f 1430/1430/1430 1431/1431/1431 1432/1432/1432 
f 1431/1431/1431 1432/1432/1432 1432/1432/1432 
f 1432/1432/1432 1432/1432/1432 1433/1433/1433 
f 1432/1432/1432 1433/1433/1433 1433/1433/1433 
f 1433/1433/1433 1433/1433/1433 1434/1434/1434 
f 1433/1433/1433 1435/1435/1435 1434/1434/1434 
f 1434/1434/1434 1435/1435/1435 1435/1435/1435 
f 1435/1435/1435 1436/1436/1436 1435/1435/1435 
f 1435/1435/1435 1436/1436/1436 1436/1436/1436 
f 1436/1436/1436 1437/1437/1437 1436/1436/1436 
f 1436/1436/1436 1437/1437/1437 1438/1438/1438 
f 1437/1437/1437 1438/1438/1438 1438/1438/1438 
f 1438/1438/1438 1438/1438/1438 1439/1439/1439 
f 1438/1438/1438 1439/1439/1439 1439/1439/1439 
f 1439/1439/1439 1439/1439/1439 1440/1440/1440 
f 1439/1439/1439 1441/1441/1441 1440/1440/1440 
f 1440/1440/1440 1441/1441/1441 1441/1441/1441 
f 1441/1441/1441 1442/1442/1442 1441/1441/1441 
f 1441/1441/1441 1442/1442/1442 1442/1442/1442 
f 1442/1442/1442 1443/1443/1443 1442/1442/1442 
f 1442/1442/1442 1443/1443/1443 1444/1444/1444 
f 1443/1443/1443 1444/1444/1444 1444/1444/1444 
f 1444/1444/1444 1444/1444/1444 1445/1445/1445 
f 1444/1444/1444 1445/1445/1445 1445/1445/1445 
f 1445/1445/1445 1445/1445/1445 1446/1446/1446 
f 1445/1445/1445 1447/1447/1447 1446/1446/1446 
f 1446/1446/1446 1447/1447/1447 1447/1447/1447 
f 1447/1447/1447 1448/1448/1448 1447/1447/1447 
f 1447/1447/1447 1448/1448/1448 1448/1448/1448 
f 1448/1448/1448 1449/1449/1449 1448/1448/1448 
f 1448/1448/1448 1449/1449/1449 1450/1450/1450 
f 1449/1449/1449 1450/1450/1450 1450/1450/1450 
f 1450/1450/1450 1450/1450/1450 1451/1451/1451 
f 1450/1450/1450 1451/1451/1451 1451/1451/1451 
f 1451/1451/1451 1451/1451/1451 1452/1452/1452 
f 1451/1451/1451 1453/1453/1453 1452/1452/1452 
f 1452/1452/1452 1453/1453/1453 1453/1453/1453 
f 1453/1453/1453 1454/1454/1454 1453/1453/1453 
f 1453/1453/1453 1454/1454/1454 1454/1454/1454 
f 1454/1454/1454 1455/1455/1455 1454/1454/1454 
f 1454/1454/1454 1455/1455/1455 1456/1456/1456 
f 1455/1455/1455 1456/1456/1456 1456/1456/1456 
f 1456/1456/1456 1456/1456/1456 1457/1457/1457 
f 1456/1456/1456 1457/1457/1457 1457/1457/1457 
f 1457/1457/1457 1457/1457/1457 1458/1458/1458 
f 1457/1457/1457 1459/1459/1459 1458/1458/1458 
f 1458/1458/1458 1459/1459/1459 1459/1459/1459 
f 1459/1459/1459 1460/1460/1460 1459/1459/1459 
f 1459/1459/1459 1460/1460/1460 1460/1460/1460 
f 1460/1460/1460 1461/1461/1461 1460/1460/1460 
f 1460/1460/1460 1461/1461/1461 1462/1462/1462 
f 1461/1461/1461 1462/1462/1462 1462/1462/1462 
f 1462/1462/1462 1462/1462/1462 1463/1463/1463 
f 1462/1462/1462 1463/1463/1463 1463/1463/1463 
f 1463/1463/1463 1463/1463/1463 1464/1464/1464 
f 1463/1463/1463 1465/1465/1465 1464/1464/1464 
f 1464/1464/1464 1465/1465/1465 1465/1465/1465 
f 1465/1465/1465 1466/1466/1466 1465/1465/1465 
f 1465/1465/1465 1466/1466/1466 1466/1466/1466 
f 1466/1466/1466 1467/1467/1467 1466/1466/1466 
f 1466/1466/1466 1467/1467/1467 1468/1468/1468 
f 1467/1467/1467 1468/1468/1468 1468/1468/1468 
f 1468/1468/1468 1468/1468/1468 1469/1469/1469 
f 1468/1468/1468 1469/1469/1469 1469/1469/1469 
f 1469/1469/1469 1469/1469/1469 1470/1470/1470 
f 1469/1469/1469 1471/1471/1471 1470/1470/1470 
f 1470/1470/1470 1471/1471/1471 1471/1471/1471 
f 1471/1471/1471 1472/1472/1472 1471/1471/1471 
f 1471/1471/1471 1472/1472/1472 1472/1472/1472 
f 1472/1472/1472 1473/1473/1473 1472/1472/1472 
f 1472/1472/1472 1473/1473/1473 1474/1474/1474 
f 1473/1473/1473 1474/1474/1474 1474/1474/1474 
f 1474/1474/1474 1474/1474/1474 1475/1475/1475 
f 1474/1474/1474 1475/1475/1475 1475/1475/1475 
f 1475/1475/1475 1475/1475/1475 1476/1476/1476 
f 1475/1475/1475 1477/1477/1477 1476/1476/1476 
f 1476/1476/1476 1477/1477/1477 1477/1477/1477 
f 1477/1477/1477 1478/1478/1478 1477/1477/1477 
f 1477/1477/1477 1478/1478/1478 1478/1478/1478 
f 1478/1478/1478 1479/1479/1479 1478/1478/1478 
f 1478/1478/1478 1479/1479/1479 1480/1480/1480 
f 1479/1479/1479 1480/1480/1480 1480/1480/1480 
f 1480/1480/1480 1480/1480/1480 1481/1481/1481 
f 1480/1480/1480 1481/1481/1481 1481/1481/1481 
f 1481/1481/1481 1481/1481/1481 1482/1482/1482 
f 1481/1481/1481 1483/1483/1483 1482/1482/1482 
f 1482/1482/1482 1483/1483/1483 1483/1483/1483 
f 1483/1483/1483 1484/1484/1484 1483/1483/1483 
f 1483/1483/1483 1484/1484/1484 1484/1484/1484 
f 1484/1484/1484 1485/1485/1485 1484/1484/1484 
f 1484/1484/1484 1485/1485/1485 1486/1486/1486 
f 1485/1485/1485 1486/1486/1486 1486/1486/1486 
f 1486/1486/1486 1486/1486/1486 1487/1487/1487 
f 1486/1486/1486 1487/1487/1487 1487/1487/1487 
f 1487/1487/1487 1487/1487/1487 1488/1488/1488 
f 1487/1487/1487 1489/1489/1489 1488/1488/1488 
f 1488/1488/1488 1489/1489/1489 1489/1489/1489 
f 1489/1489/1489 1490/1490/1490 1489/1489/1489 
f 1489/1489/1489 1490/1490/1490 1490/1490/1490 
f 1490/1490/1490 1491/1491/1491 1490/1490/1490 
f 1490/1490/1490 1491/1491/1491 1492/1492/1492 
f 1491/1491/1491 1492/1492/1492 1492/1492/1492 
f 1492/1492/1492 1492/1492/1492 1493/1493/1493 
f 1492/1492/1492 1493/1493/1493 1493/1493/1493 
f 1493/1493/1493 1493/1493/1493 1494/1494/1494 
f 1493/1493/1493 1495/1495/1495 1494/1494/1494 
f 1494/1494/1494 1495/1495/1495 1495/1495/1495 
f 1495/1495/1495 1496/1496/1496 1495/1495/1495 
f 1495/1495/1495 1496/1496/1496 1496/1496/1496 
f 1496/1496/1496 1497/1497/1497 1496/1496/1496 
f 1496/1496/1496 1497/1497/1497 1498/1498/1498 
f 1497/1497/1497 1498/1498/1498 1498/1498/1498 
f 1498/1498/1498 1498/1498/1498 1499/1499/1499 
f 1498/1498/1498 1499/1499/1499 1499/1499/1499 
f 1499/1499/1499 1499/1499/1499 1500/1500/1500 
f 1499/1499/1499 1501/1501/1501 1500/1500/1500 
f 1500/1500/1500 1501/1501/1501 1501/1501/1501 
f 1501/1501/1501 1502/1502/1502 1501/1501/1501 
f 1501/1501/1501 1502/1502/1502 1502/1502/1502 
f 1502/1502/1502 1503/1503/1503 1502/1502/1502 
f 1502/1502/1502 1503/1503/1503 1504/1504/1504 
f 1503/1503/1503 1504/1504/1504 1504/1504/1504 
f 1504/1504/1504 1504/1504/1504 1505/1505/1505 
f 1504/1504/1504 1505/1505/1505 1505/1505/1505 
f 1505/1505/1505 1505/1505/1505 1506/1506/1506 
f 1505/1505/1505 1507/1507/1507 1506/1506/1506 
f 1506/1506/1506 1507/1507/1507 1507/1507/1507 
f 1507/1507/1507 1508/1508/1508 1507/1507/1507 
f 1507/1507/1507 1508/1508/1508 1508/1508/1508 
f 1508/1508/1508 1509/1509/1509 1508/1508/1508 
f 1508/1508/1508 1509/1509/1509 1510/1510/1510 
f 1509/1509/1509 1510/1510/1510 1510/1510/1510 
f 1510/1510/1510 1510/1510/1510 1511/1511/1511 
f 1510/1510/1510 1511/1511/1511 1511/1511/1511 
f 1511/1511/1511 1511/1511/1511 1512/1512/1512 
f 1511/1511/1511 1513/1513/1513 1512/1512/1512 
f 1512/1512/1512 1513/1513/1513 1513/1513/1513 
f 1513/1513/1513 1514/1514/1514 1513/1513/1513 
f 1513/1513/1513 1514/1514/1514 1514/1514/1514 
f 1514/1514/1514 1515/1515/1515 1514/1514/1514 
f 1514/1514/1514 1515/1515/1515 1516/1516/1516 
f 1515/1515/1515 1516/1516/1516 1516/1516/1516 
f 1516/1516/1516 1516/1516/1516 1517/1517/1517 
f 1516/1516/1516 1517/1517/1517 1517/1517/1517 
f 1517/1517/1517 1517/1517/1517 1518/1518/1518 
f 1517/1517/1517 1519/1519/1519 1518/1518/1518 
f 1518/1518/1518 1519/1519/1519 1519/1519/1519 
f 1519/1519/1519 1520/1520/1520 1519/1519/1519 
f 1519/1519/1519 1520/1520/1520 1520/1520/1520 
f 1520/1520/1520 1521/1521/1521 1520/1520/1520 
f 1520/1520/1520 1521/1521/1521 1522/1522/1522 
f 1521/1521/1521 1522/1522/1522 1522/1522/1522 
f 1522/1522/1522 1522/1522/1522 1523/1523/1523 
f 1522/1522/1522 1523/1523/1523 1523/1523/1523 
f 1523/1523/1523 1523/1523/1523 1524/1524/1524 
f 1523/1523/1523 1525/1525/1525 1524/1524/1524 
f 1524/1524/1524 1525/1525/1525 1525/1525/1525 
f 1525/1525/1525 1526/1526/1526 1525/1525/1525 
f 1525/1525/1525 1526/1526/1526 1526/1526/1526 
f 1526/1526/1526 1527/1527/1527 1526/1526/1526 
f 1526/1526/1526 1527/1527/1527 1528/1528/1528 
f 1527/1527/1527 1528/1528/1528 1528/1528/1528 
f 1528/1528/1528 1528/1528/1528 1529/1529/1529 
f 1528/1528/1528 1529/1529/1529 1529/1529/1529 
f 1529/1529/1529 1529/1529/1529 1530/1530/1530 
f 1529/1529/1529 1531/1531/1531 1530/1530/1530 
f 1530/1530/1530 1531/1531/1531 1531/1531/1531 
f 1531/1531/1531 1532/1532/1532 1531/1531/1531 
f 1531/1531/1531 1532/1532/1532 1532/1532/1532 
f 1532/1532/1532 1533/1533/1533 1532/1532/1532 
f 1532/1532/1532 1533/1533/1533 1534/1534/1534 
f 1533/1533/1533 1534/1534/1534 1534/1534/1534 
f 1534/1534/1534 1534/1534/1534 1535/1535/1535 
f 1534/1534/1534 1535/1535/1535 1535/1535/1535 
f 1535/1535/1535 1535/1535/1535 1536/1536/1536 
f 1535/1535/1535 1537/1537/1537 1536/1536/1536 
f 1536/1536/1536 1537/1537/1537 1537/1537/1537 
f 1537/1537/1537 1538/1538/1538 1537/1537/1537 
f 1537/1537/1537 1538/1538/1538 1538/1538/1538 
f 1538/1538/1538 1539/1539/1539 1538/1538/1538 
f 1538/1538/1538 1539/1539/1539 1540/1540/1540 
f 1539/1539/1539 1540/1540/1540 1540/1540/1540 
f 1540/1540/1540 1540/1540/1540 1541/1541/1541 
f 1540/1540/1540 1541/1541/1541 1541/1541/1541 
f 1541/1541/1541 1541/1541/1541 1542/1542/1542 
f 1541/1541/1541 1543/1543/1543 1542/1542/1542 
f 1542/1542/1542 1543/1543/1543 1543/1543/1543 
f 1543/1543/1543 1544/1544/1544 1543/1543/1543 
f 1543/1543/1543 1544/1544/1544 1544/1544/1544 
f 1544/1544/1544 1545/1545/1545 1544/1544/1544 
f 1544/1544/1544 1545/1545/1545 1546/1546/1546 
f 1545/1545/1545 1546/1546/1546 1546/1546/1546 
f 1546/1546/1546 1546/1546/1546 1547/1547/1547 
f 1546/1546/1546 1547/1547/1547 1547/1547/1547 
f 1547/1547/1547 1547/1547/1547 1548/1548/1548 
f 1547/1547/1547 1549/1549/1549 1548/1548/1548 
f 1548/1548/1548 1549/1549/1549 1549/1549/1549 
f 1549/1549/1549 1550/1550/1550 1549/1549/1549 
f 1549/1549/1549 1550/1550/1550 1550/1550/1550 
f 1550/1550/1550 1551/1551/1551 1550/1550/1550 
f 1550/1550/1550 1551/1551/1551 1552/1552/1552 
f 1551/1551/1551 1552/1552/1552 1552/1552/1552 
f 1552/1552/1552 1552/1552/1552 1553/1553/1553 
f 1552/1552/1552 1553/1553/1553 1553/1553/1553 
f 1553/1553/1553 1553/1553/1553 1554/1554/1554 
f 1553/1553/1553 1555/1555/1555 1554/1554/1554 
f 1554/1554/1554 1555/1555/1555 1555/1555/1555 
f 1555/1555/1555 1556/1556/1556 1555/1555/1555 
f 1555/1555/1555 1556/1556/1556 1556/1556/1556 
f 1556/1556/1556 1557/1557/1557 1556/1556/1556 
f 1556/1556/1556 1557/1557/1557 1558/1558/1558 
f 1557/1557/1557 1558/1558/1558 1558/1558/1558 
f 1558/1558/1558 1558/1558/1558 1559/1559/1559 
f 1558/1558/1558 1559/1559/1559 1559/1559/1559 
f 1559/1559/1559 1559/1559/1559 1560/1560/1560 
f 1559/1559/1559 1561/1561/1561 1560/1560/1560 
f 1560/1560/1560 1561/1561/1561 1561/1561/1561 
f 1561/1561/1561 1562/1562/1562 1561/1561/1561 
f 1561/1561/1561 1562/1562/1562 1562/1562/1562 
f 1562/1562/1562 1563/1563/1563 1562/1562/1562 
f 1562/1562/1562 1563/1563/1563 1564/1564/1564 
f 1563/1563/1563 1564/1564/1564 1564/1564/1564 
f 1564/1564/1564 1564/1564/1564 1565/1565/1565 
f 1564/1564/1564 1565/1565/1565 1565/1565/1565 
f 1565/1565/1565 1565/1565/1565 1566/1566/1566 
f 1565/1565/1565 1567/1567/1567 1566/1566/1566 
f 1566/1566/1566 1567/1567/1567 1567/1567/1567 
f 1567/1567/1567 1568/1568/1568 1567/1567/1567 
f 1567/1567/1567 1568/1568/1568 1568/1568/1568 
f 1568/1568/1568 1569/1569/1569 1568/1568/1568 
f 1568/1568/1568 1569/1569/1569 1570/1570/1570 
f 1569/1569/1569 1570/1570/1570 1570/1570/1570 
f 1570/1570/1570 1570/1570/1570 1571/1571/1571 
f 1570/1570/1570 1571/1571/1571 1571/1571/1571 
f 1571/1571/1571 1571/1571/1571 1572/1572/1572 
f 1571/1571/1571 1573/1573/1573 1572/1572/1572 
f 1572/1572/1572 1573/1573/1573 1573/1573/1573 
f 1573/1573/1573 1574/1574/1574 1573/1573/1573 
f 1573/1573/1573 1574/1574/1574 1574/1574/1574 
f 1574/1574/1574 1575/1575/1575 1574/1574/1574 
f 1574/1574/1574 1575/1575/1575 1576/1576/1576 
f 1575/1575/1575 1576/1576/1576 1576/1576/1576 
f 1576/1576/1576 1576/1576/1576 1577/1577/1577 
f 1576/1576/1576 1577/1577/1577 1577/1577/1577 
f 1577/1577/1577 1577/1577/1577 1578/1578/1578 
f 1577/1577/1577 1579/1579/1579 1578/1578/1578 
f 1578/1578/1578 1579/1579/1579 1579/1579/1579 
f 1579/1579/1579 1580/1580/1580 1579/1579/1579 
f 1579/1579/1579 1580/1580/1580 1580/1580/1580 
f 1580/1580/1580 1581/1581/1581 1580/1580/1580 
f 1580/1580/1580 1581/1581/1581 1582/1582/1582 
f 1581/1581/1581 1582/1582/1582 1582/1582/1582 
f 1582/1582/1582 1582/1582/1582 1583/1583/1583 
f 1582/1582/1582 1583/1583/1583 1583/1583/1583 
f 1583/1583/1583 1583/1583/1583 1584/1584/1584 
f 1583/1583/1583 1585/1585/1585 1584/1584/1584 
f 1584/1584/1584 1585/1585/1585 1585/1585/1585 
f 1585/1585/1585 1586/1586/1586 1585/1585/1585 
f 1585/1585/1585 1586/1586/1586 1586/1586/1586 
f 1586/1586/1586 1587/1587/1587 1586/1586/1586 
f 1586/1586/1586 1587/1587/1587 1588/1588/1588 
f 1587/1587/1587 1588/1588/1588 1588/1588/1588 
f 1588/1588/1588 1588/1588/1588 1589/1589/1589 
f 1588/1588/1588 1589/1589/1589 1589/1589/1589 
f 1589/1589/1589 1589/1589/1589 1590/1590/1590 
f 1589/1589/1589 1591/1591/1591 1590/1590/1590 
f 1590/1590/1590 1591/1591/1591 1591/1591/1591 
f 1591/1591/1591 1592/1592/1592 1591/1591/1591 
f 1591/1591/1591 1592/1592/1592 1592/1592/1592 
f 1592/1592/1592 1593/1593/1593 1592/1592/1592 
f 1592/1592/1592 1593/1593/1593 1594/1594/1594 
f 1593/1593/1593 1594/1594/1594 1594/1594/1594 
f 1594/1594/1594 1594/1594/1594 1595/1595/1595 
f 1594/1594/1594 1595/1595/1595 1595/1595/1595 
f 1595/1595/1595 1595/1595/1595 1596/1596/1596 
f 1595/1595/1595 1597/1597/1597 1596/1596/1596 
f 1596/1596/1596 1597/1597/1597 1597/1597/1597 
f 1597/1597/1597 1598/1598/1598 1597/1597/1597 
f 1597/1597/1597 1598/1598/1598 1598/1598/1598 
f 1598/1598/1598 1599/1599/1599 1598/1598/1598 
f 1598/1598/1598 1599/1599/1599 1600/1600/1600 
f 1599/1599/1599 1600/1600/1600 1600/1600/1600 
f 1600/1600/1600 1600/1600/1600 1601/1601/1601 
f 1600/1600/1600 1601/1601/1601 1601/1601/1601 
f 1601/1601/1601 1601/1601/1601 1602/1602/1602 
f 1601/1601/1601 1603/1603/1603 1602/1602/1602 
f 1602/1602/1602 1603/1603/1603 1603/1603/1603 
f 1603/1603/1603 1604/1604/1604 1603/1603/1603 
f 1603/1603/1603 1604/1604/1604 1604/1604/1604 
f 1604/1604/1604 1605/1605/1605 1604/1604/1604 
f 1604/1604/1604 1605/1605/1605 1606/1606/1606 
f 1605/1605/1605 1606/1606/1606 1606/1606/1606 
f 1606/1606/1606 1606/1606/1606 1607/1607/1607 
f 1606/1606/1606 1607/1607/1607 1607/1607/1607 
f 1607/1607/1607 1607/1607/1607 1608/1608/1608 
f 1607/1607/1607 1609/1609/1609 1608/1608/1608 
f 1608/1608/1608 1609/1609/1609 1609/1609/1609 
f 1609/1609/1609 1610/1610/1610 1609/1609/1609 
f 1609/1609/1609 1610/1610/1610 1610/1610/1610 
f 1610/1610/1610 1611/1611/1611 1610/1610/1610 
f 1610/1610/1610 1611/1611/1611 1612/1612/1612 
f 1611/1611/1611 1612/1612/1612 1612/1612/1612 
f 1612/1612/1612 1612/1612/1612 1613/1613/1613 
f 1612/1612/1612 1613/1613/1613 1613/1613/1613 
f 1613/1613/1613 1613/1613/1613 1614/1614/1614 
f 1613/1613/1613 1615/1615/1615 1614/1614/1614 
f 1614/1614/1614 1615/1615/1615 1615/1615/1615 
f 1615/1615/1615 1616/1616/1616 1615/1615/1615 
f 1615/1615/1615 1616/1616/1616 1616/1616/1616 
f 1616/1616/1616 1617/1617/1617 1616/1616/1616 
f 1616/1616/1616 1617/1617/1617 1618/1618/1618 
f 1617/1617/1617 1618/1618/1618 1618/1618/1618 
f 1618/1618/1618 1618/1618/1618 1619/1619/1619 
f 1618/1618/1618 1619/1619/1619 1619/1619/1619 
f 1619/1619/1619 1619/1619/1619 1620/1620/1620 
f 1619/1619/1619 1621/1621/1621 1620/1620/1620 
f 1620/1620/1620 1621/1621/1621 1621/1621/1621 
f 1621/1621/1621 1622/1622/1622 1621/1621/1621 
f 1621/1621/1621 1622/1622/1622 1622/1622/1622 
f 1622/1622/1622 1623/1623/1623 1622/1622/1622 
f 1622/1622/1622 1623/1623/1623 1624/1624/1624 
f 1623/1623/1623 1624/1624/1624 1624/1624/1624 
f 1624/1624/1624 1624/1624/1624 1625/1625/1625 
f 1624/1624/1624 1625/1625/1625 1625/1625/1625 
f 1625/1625/1625 1625/1625/1625 1626/1626/1626 
f 1625/1625/1625 1627/1627/1627 1626/1626/1626 
f 1626/1626/1626 1627/1627/1627 1627/1627/1627 
f 1627/1627/1627 1628/1628/1628 1627/1627/1627 
f 1627/1627/1627 1628/1628/1628 1628/1628/1628 
f 1628/1628/1628 1629/1629/1629 1628/1628/1628 
f 1628/1628/1628 1629/1629/1629 1630/1630/1630 
f 1629/1629/1629 1630/1630/1630 1630/1630/1630 
f 1630/1630/1630 1630/1630/1630 1631/1631/1631 
f 1630/1630/1630 1631/1631/1631 1631/1631/1631 
f 1631/1631/1631 1631/1631/1631 1632/1632/1632 
f 1631/1631/1631 1633/1633/1633 1632/1632/1632 
f 1632/1632/1632 1633/1633/1633 1633/1633/1633 
f 1633/1633/1633 1634/1634/1634 1633/1633/1633 
f 1633/1633/1633 1634/1634/1634 1634/1634/1634 
f 1634/1634/1634 1635/1635/1635 1634/1634/1634 
f 1634/1634/1634 1635/1635/1635 1636/1636/1636 
f 1635/1635/1635 1636/1636/1636 1636/1636/1636 
f 1636/1636/1636 1636/1636/1636 1637/1637/1637 
f 1636/1636/1636 1637/1637/1637 1637/1637/1637 
f 1637/1637/1637 1637/1637/1637 1638/1638/1638 
f 1637/1637/1637 1639/1639/1639 1638/1638/1638 
f 1638/1638/1638 1639/1639/1639 1639/1639/1639 
f 1639/1639/1639 1640/1640/1640 1639/1639/1639 
f 1639/1639/1639 1640/1640/1640 1640/1640/1640 
f 1640/1640/1640 1641/1641/1641 1640/1640/1640 
f 1640/1640/1640 1641/1641/1641 1642/1642/1642 
f 1641/1641/1641 1642/1642/1642 1642/1642/1642 
f 1642/1642/1642 1642/1642/1642 1643/1643/1643 
f 1642/1642/1642 1643/1643/1643 1643/1643/1643 
f 1643/1643/1643 1643/1643/1643 1644/1644/1644 
f 1643/1643/1643 1645/1645/1645 1644/1644/1644 
f 1644/1644/1644 1645/1645/1645 1645/1645/1645 
f 1645/1645/1645 1646/1646/1646 1645/1645/1645 
f 1645/1645/1645 1646/1646/1646 1646/1646/1646 
f 1646/1646/1646 1647/1647/1647 1646/1646/1646 
f 1646/1646/1646 1647/1647/1647 1648/1648/1648 
f 1647/1647/1647 1648/1648/1648 1648/1648/1648 
f 1648/1648/1648 1648/1648/1648 1649/1649/1649 
f 1648/1648/1648 1649/1649/1649 1649/1649/1649 
f 1649/1649/1649 1649/1649/1649 1650/1650/1650 
f 1649/1649/1649 1651/1651/1651 1650/1650/1650 
f 1650/1650/1650 1651/1651/1651 1651/1651/1651 
f 1651/1651/1651 1652/1652/1652 1651/1651/1651 
f 1651/1651/1651 1652/1652/1652 1652/1652/1652 
f 1652/1652/1652 1653/1653/1653 1652/1652/1652 
f 1652/1652/1652 1653/1653/1653 1654/1654/1654 
f 1653/1653/1653 1654/1654/1654 1654/1654/1654 
f 1654/1654/1654 1654/1654/1654 1655/1655/1655 
f 1654/1654/1654 1655/1655/1655 1655/1655/1655 
f 1655/1655/1655 1655/1655/1655 1656/1656/1656 
f 1655/1655/1655 1657/1657/1657 1656/1656/1656 
f 1656/1656/1656 1657/1657/1657 1657/1657/1657 
f 1657/1657/1657 1658/1658/1658 1657/1657/1657 
f 1657/1657/1657 1658/1658/1658 1658/1658/1658 
f 1658/1658/1658 1659/1659/1659 1658/1658/1658 
f 1658/1658/1658 1659/1659/1659 1660/1660/1660 
f 1659/1659/1659 1660/1660/1660 1660/1660/1660 
f 1660/1660/1660 1660/1660/1660 1661/1661/1661 
f 1660/1660/1660 1661/1661/1661 1661/1661/1661 
f 1661/1661/1661 1661/1661/1661 1662/1662/1662 
f 1661/1661/1661 1663/1663/1663 1662/1662/1662 
f 1662/1662/1662 1663/1663/1663 1663/1663/1663 
f 1663/1663/1663 1664/1664/1664 1663/1663/1663 
f 1663/1663/1663 1664/1664/1664 1664/1664/1664 
f 1664/1664/1664 1665/1665/1665 1664/1664/1664 
f 1664/1664/1664 1665/1665/1665 1666/1666/1666 
f 1665/1665/1665 1666/1666/1666 1666/1666/1666 
f 1666/1666/1666 1666/1666/1666 1667/1667/1667 
f 1666/1666/1666 1667/1667/1667 1667/1667/1667 
f 1667/1667/1667 1667/1667/1667 1668/1668/1668 
f 1667/1667/1667 1669/1669/1669 1668/1668/1668 
f 1668/1668/1668 1669/1669/1669 1669/1669/1669 
f 1669/1669/1669 1670/1670/1670 1669/1669/1669 
f 1669/1669/1669 1670/1670/1670 1670/1670/1670 
f 1670/1670/1670 1671/1671/1671 1670/1670/1670 
f 1670/1670/1670 1671/1671/1671 1672/1672/1672 
f 1671/1671/1671 1672/1672/1672 1672/1672/1672 
f 1672/1672/1672 1672/1672/1672 1673/1673/1673 
f 1672/1672/1672 1673/1673/1673 1673/1673/1673 
f 1673/1673/1673 1673/1673/1673 1674/1674/1674 
f 1673/1673/1673 1675/1675/1675 1674/1674/1674 
f 1674/1674/1674 1675/1675/1675 1675/1675/1675 
f 1675/1675/1675 1676/1676/1676 1675/1675/1675 
f 1675/1675/1675 1676/1676/1676 1676/1676/1676 
f 1676/1676/1676 1677/1677/1677 1676/1676/1676 
f 1676/1676/1676 1677/1677/1677 1678/1678/1678 
f 1677/1677/1677 1678/1678/1678 1678/1678/1678 
f 1678/1678/1678 1678/1678/1678 1679/1679/1679 
f 1678/1678/1678 1679/1679/1679 1679/1679/1679 
f 1679/1679/1679 1679/1679/1679 1680/1680/1680 
f 1679/1679/1679 1681/1681/1681 1680/1680/1680 
f 1680/1680/1680 1681/1681/1681 1681/1681/1681 
f 1681/1681/1681 1682/1682/1682 1681/1681/1681 
f 1681/1681/1681 1682/1682/1682 1682/1682/1682 
f 1682/1682/1682 1683/1683/1683 1682/1682/1682 
f 1682/1682/1682 1683/1683/1683 1684/1684/1684 
f 1683/1683/1683 1684/1684/1684 1684/1684/1684 
f 1684/1684/1684 1684/1684/1684 1685/1685/1685 
f 1684/1684/1684 1685/1685/1685 1685/1685/1685 
f 1685/1685/1685 1685/1685/1685 1686/1686/1686 
f 1685/1685/1685 1687/1687/1687 1686/1686/1686 
f 1686/1686/1686 1687/1687/1687 1687/1687/1687 
f 1687/1687/1687 1688/1688/1688 1687/1687/1687 
f 1687/1687/1687 1688/1688/1688 1688/1688/1688 
f 1688/1688/1688 1689/1689/1689 1688/1688/1688 
f 1688/1688/1688 1689/1689/1689 1690/1690/1690 
f 1689/1689/1689 1690/1690/1690 1690/1690/1690 
f 1690/1690/1690 1690/1690/1690 1691/1691/1691 
f 1690/1690/1690 1691/1691/1691 1691/1691/1691 
f 1691/1691/1691 1691/1691/1691 1692/1692/1692 
f 1691/1691/1691 1693/1693/1693 1692/1692/1692 
f 1692/1692/1692 1693/1693/1693 1693/1693/1693 
f 1693/1693/1693 1694/1694/1694 1693/1693/1693 
f 1693/1693/1693 1694/1694/1694 1694/1694/1694 
f 1694/1694/1694 1695/1695/1695 1694/1694/1694 
f 1694/1694/1694 1695/1695/1695 1696/1696/1696 
f 1695/1695/1695 1696/1696/1696 1696/1696/1696 
f 1696/1696/1696 1696/1696/1696 1697/1697/1697 
f 1696/1696/1696 1697/1697/1697 1697/1697/1697 
f 1697/1697/1697 1697/1697/1697 1698/1698/1698 
f 1697/1697/1697 1699/1699/1699 1698/1698/1698 
f 1698/1698/1698 1699/1699/1699 1699/1699/1699 
f 1699/1699/1699 1700/1700/1700 1699/1699/1699 
f 1699/1699/1699 1700/1700/1700 1700/1700/1700 
f 1700/1700/1700 1701/1701/1701 1700/1700/1700 
f 1700/1700/1700 1701/1701/1701 1702/1702/1702 
f 1701/1701/1701 1702/1702/1702 1702/1702/1702 
f 1702/1702/1702 1702/1702/1702 1703/1703/1703 
f 1702/1702/1702 1703/1703/1703 1703/1703/1703 
f 1703/1703/1703 1703/1703/1703 1704/1704/1704 
f 1703/1703/1703 1705/1705/1705 1704/1704/1704 
f 1704/1704/1704 1705/1705/1705 1705/1705/1705 
f 1705/1705/1705 1706/1706/1706 1705/1705/1705 
f 1705/1705/1705 1706/1706/1706 1706/1706/1706 
f 1706/1706/1706 1707/1707/1707 1706/1706/1706 
f 1706/1706/1706 1707/1707/1707 1708/1708/1708 
f 1707/1707/1707 1708/1708/1708 1708/1708/1708 
f 1708/1708/1708 1708/1708/1708 1709/1709/1709 
f 1708/1708/1708 1709/1709/1709 1709/1709/1709 
f 1709/1709/1709 1709/1709/1709 1710/1710/1710 
f 1709/1709/1709 1711/1711/1711 1710/1710/1710 
f 1710/1710/1710 1711/1711/1711 1711/1711/1711 
f 1711/1711/1711 1712/1712/1712 1711/1711/1711 
f 1711/1711/1711 1712/1712/1712 1712/1712/1712 
f 1712/1712/1712 1713/1713/1713 1712/1712/1712 
f 1712/1712/1712 1713/1713/1713 1714/1714/1714 
f 1713/1713/1713 1714/1714/1714 1714/1714/1714 
f 1714/1714/1714 1714/1714/1714 1715/1715/1715 
f 1714/1714/1714 1715/1715/1715 1715/1715/1715 
f 1715/1715/1715 1715/1715/1715 1716/1716/1716 
f 1715/1715/1715 1717/1717/1717 1716/1716/1716 
f 1716/1716/1716 1717/1717/1717 1717/1717/1717 
f 1717/1717/1717 1718/1718/1718 1717/1717/1717 
f 1717/1717/1717 1718/1718/1718 1718/1718/1718 
f 1718/1718/1718 1719/1719/1719 1718/1718/1718 
f 1718/1718/1718 1719/1719/1719 1720/1720/1720 
f 1719/1719/1719 1720/1720/1720 1720/1720/1720 
f 1720/1720/1720 1720/1720/1720 1721/1721/1721 
f 1720/1720/1720 1721/1721/1721 1721/1721/1721 
f 1721/1721/1721 1721/1721/1721 1722/1722/1722 
f 1721/1721/1721 1723/1723/1723 1722/1722/1722 
f 1722/1722/1722 1723/1723/1723 1723/1723/1723 
f 1723/1723/1723 1724/1724/1724 1723/1723/1723 
f 1723/1723/1723 1724/1724/1724 1724/1724/1724 
f 1724/1724/1724 1725/1725/1725 1724/1724/1724 
f 1724/1724/1724 1725/1725/1725 1726/1726/1726 
f 1725/1725/1725 1726/1726/1726 1726/1726/1726 
f 1726/1726/1726 1726/1726/1726 1727/1727/1727 
f 1726/1726/1726 1727/1727/1727 1727/1727/1727 
f 1727/1727/1727 1727/1727/1727 1728/1728/1728 
f 1727/1727/1727 1729/1729/1729 1728/1728/1728 
f 1728/1728/1728 1729/1729/1729 1729/1729/1729 
f 1729/1729/1729 1730/1730/1730 1729/1729/1729 
f 1729/1729/1729 1730/1730/1730 1730/1730/1730 
f 1730/1730/1730 1731/1731/1731 1730/1730/1730 
f 1730/1730/1730 1731/1731/1731 1732/1732/1732 
f 1731/1731/1731 1732/1732/1732 1732/1732/1732 
f 1732/1732/1732 1732/1732/1732 1733/1733/1733 
f 1732/1732/1732 1733/1733/1733 1733/1733/1733 
f 1733/1733/1733 1733/1733/1733 1734/1734/1734 
f 1733/1733/1733 1735/1735/1735 1734/1734/1734 
f 1734/1734/1734 1735/1735/1735 1735/1735/1735 
f 1735/1735/1735 1736/1736/1736 1735/1735/1735 
f 1735/1735/1735 1736/1736/1736 1736/1736/1736 
f 1736/1736/1736 1737/1737/1737 1736/1736/1736 
f 1736/1736/1736 1737/1737/1737 1738/1738/1738 
f 1737/1737/1737 1738/1738/1738 1738/1738/1738 
f 1738/1738/1738 1738/1738/1738 1739/1739/1739 
f 1738/1738/1738 1739/1739/1739 1739/1739/1739 
f 1739/1739/1739 1739/1739/1739 1740/1740/1740 
f 1739/1739/1739 1741/1741/1741 1740/1740/1740 
f 1740/1740/1740 1741/1741/1741 1741/1741/1741 
f 1741/1741/1741 1742/1742/1742 1741/1741/1741 
f 1741/1741/1741 1742/1742/1742 1742/1742/1742 
f 1742/1742/1742 1743/1743/1743 1742/1742/1742 
f 1742/1742/1742 1743/1743/1743 1744/1744/1744 
f 1743/1743/1743 1744/1744/1744 1744/1744/1744 
f 1744/1744/1744 1744/1744/1744 1745/1745/1745 
f 1744/1744/1744 1745/1745/1745 1745/1745/1745 
f 1745/1745/1745 1745/1745/1745 1746/1746/1746 
f 1745/1745/1745 1747/1747/1747 1746/1746/1746 
f 1746/1746/1746 1747/1747/1747 1747/1747/1747 
f 1747/1747/1747 1748/1748/1748 1747/1747/1747 
f 1747/1747/1747 1748/1748/1748 1748/1748/1748 
f 1748/1748/1748 1749/1749/1749 1748/1748/1748 
f 1748/1748/1748 1749/1749/1749 1750/1750/1750 
f 1749/1749/1749 1750/1750/1750 1750/1750/1750 
f 1750/1750/1750 1750/1750/1750 1751/1751/1751 
f 1750/1750/1750 1751/1751/1751 1751/1751/1751 
f 1751/1751/1751 1751/1751/1751 1752/1752/1752 
f 1751/1751/1751 1753/1753/1753 1752/1752/1752 
f 1752/1752/1752 1753/1753/1753 1753/1753/1753 
f 1753/1753/1753 1754/1754/1754 1753/1753/1753 
f 1753/1753/1753 1754/1754/1754 1754/1754/1754 
f 1754/1754/1754 1755/1755/1755 1754/1754/1754 
f 1754/1754/1754 1755/1755/1755 1756/1756/1756 
f 1755/1755/1755 1756/1756/1756 1756/1756/1756 
f 1756/1756/1756 1756/1756/1756 1757/1757/1757 
f 1756/1756/1756 1757/1757/1757 1757/1757/1757 
f 1757/1757/1757 1757/1757/1757 1758/1758/1758 
f 1757/1757/1757 1759/1759/1759 1758/1758/1758 
f 1758/1758/1758 1759/1759/1759 1759/1759/1759 
f 1759/1759/1759 1760/1760/1760 1759/1759/1759 
f 1759/1759/1759 1760/1760/1760 1760/1760/1760 
f 1760/1760/1760 1761/1761/1761 1760/1760/1760 
f 1760/1760/1760 1761/1761/1761 1762/1762/1762 
f 1761/1761/1761 1762/1762/1762 1762/1762/1762 
f 1762/1762/1762 1762/1762/1762 1763/1763/1763 
f 1762/1762/1762 1763/1763/1763 1763/1763/1763 
f 1763/1763/1763 1763/1763/1763 1764/1764/1764 
f 1763/1763/1763 1765/1765/1765 1764/1764/1764 
f 1764/1764/1764 1765/1765/1765 1765/1765/1765 
f 1765/1765/1765 1766/1766/1766 1765/1765/1765 
f 1765/1765/1765 1766/1766/1766 1766/1766/1766 
f 1766/1766/1766 1767/1767/1767 1766/1766/1766 
f 1766/1766/1766 1767/1767/1767 1768/1768/1768 
f 1767/1767/1767 1768/1768/1768 1768/1768/1768 
f 1768/1768/1768 1768/1768/1768 1769/1769/1769 
f 1768/1768/1768 1769/1769/1769 1769/1769/1769 
f 1769/1769/1769 1769/1769/1769 1770/1770/1770 
f 1769/1769/1769 1771/1771/1771 1770/1770/1770 
f 1770/1770/1770 1771/1771/1771 1771/1771/1771 
f 1771/1771/1771 1772/1772/1772 1771/1771/1771 
f 1771/1771/1771 1772/1772/1772 1772/1772/1772 
f 1772/1772/1772 1773/1773/1773 1772/1772/1772 
f 1772/1772/1772 1773/1773/1773 1774/1774/1774 
f 1773/1773/1773 1774/1774/1774 1774/1774/1774 
f 1774/1774/1774 1774/1774/1774 1775/1775/1775 
f 1774/1774/1774 1775/1775/1775 1775/1775/1775 
f 1775/1775/1775 1775/1775/1775 1776/1776/1776 
f 1775/1775/1775 1777/1777/1777 1776/1776/1776 
f 1776/1776/1776 1777/1777/1777 1777/1777/1777 
f 1777/1777/1777 1778/1778/1778 1777/1777/1777 
f 1777/1777/1777 1778/1778/1778 1778/1778/1778 
f 1778/1778/1778 1779/1779/1779 1778/1778/1778 
f 1778/1778/1778 1779/1779/1779 1780/1780/1780 
f 1779/1779/1779 1780/1780/1780 1780/1780/1780 
f 1780/1780/1780 1780/1780/1780 1781/1781/1781 
f 1780/1780/1780 1781/1781/1781 1781/1781/1781 
f 1781/1781/1781 1781/1781/1781 1782/1782/1782 
f 1781/1781/1781 1783/1783/1783 1782/1782/1782 
f 1782/1782/1782 1783/1783/1783 1783/1783/1783 
f 1783/1783/1783 1784/1784/1784 1783/1783/1783 
f 1783/1783/1783 1784/1784/1784 1784/1784/1784 
f 1784/1784/1784 1785/1785/1785 1784/1784/1784 
f 1784/1784/1784 1785/1785/1785 1786/1786/1786 
f 1785/1785/1785 1786/1786/1786 1786/1786/1786 
f 1786/1786/1786 1786/1786/1786 1787/1787/1787 
f 1786/1786/1786 1787/1787/1787 1787/1787/1787 
f 1787/1787/1787 1787/1787/1787 1788/1788/1788 
f 1787/1787/1787 1789/1789/1789 1788/1788/1788 
f 1788/1788/1788 1789/1789/1789 1789/1789/1789 
f 1789/1789/1789 1790/1790/1790 1789/1789/1789 
f 1789/1789/1789 1790/1790/1790 1790/1790/1790 
f 1790/1790/1790 1791/1791/1791 1790/1790/1790 
f 1790/1790/1790 1791/1791/1791 1792/1792/1792 
f 1791/1791/1791 1792/1792/1792 1792/1792/1792 
f 1792/1792/1792 1792/1792/1792 1793/1793/1793 
f 1792/1792/1792 1793/1793/1793 1793/1793/1793 
f 1793/1793/1793 1793/1793/1793 1794/1794/1794 
f 1793/1793/1793 1795/1795/1795 1794/1794/1794 
f 1794/1794/1794 1795/1795/1795 1795/1795/1795 
f 1795/1795/1795 1796/1796/1796 1795/1795/1795 
f 1795/1795/1795 1796/1796/1796 1796/1796/1796 
f 1796/1796/1796 1797/1797/1797 1796/1796/1796 
f 1796/1796/1796 1797/1797/1797 1798/1798/1798 
f 1797/1797/1797 1798/1798/1798 1798/1798/1798 
f 1798/1798/1798 1798/1798/1798 1799/1799/1799 
f 1798/1798/1798 1799/1799/1799 1799/1799/1799 
f 1799/1799/1799 1799/1799/1799 1800/1800/1800 
f 1799/1799/1799 1801/1801/1801 1800/1800/1800 
f 1800/1800/1800 1801/1801/1801 1801/1801/1801 
f 1801/1801/1801 1802/1802/1802 1801/1801/1801 
f 1801/1801/1801 1802/1802/1802 1802/1802/1802 
f 1802/1802/1802 1803/1803/1803 1802/1802/1802 
f 1802/1802/1802 1803/1803/1803 1804/1804/1804 
f 1803/1803/1803 1804/1804/1804 1804/1804/1804 
f 1804/1804/1804 1804/1804/1804 1805/1805/1805 
f 1804/1804/1804 1805/1805/1805 1805/1805/1805 
f 1805/1805/1805 1805/1805/1805 1806/1806/1806 
f 1805/1805/1805 1807/1807/1807 1806/1806/1806 
f 1806/1806/1806 1807/1807/1807 1807/1807/1807 
f 1807/1807/1807 1808/1808/1808 1807/1807/1807 
f 1807/1807/1807 1808/1808/1808 1808/1808/1808 
f 1808/1808/1808 1809/1809/1809 1808/1808/1808 
f 1808/1808/1808 1809/1809/1809 1810/1810/1810 
f 1809/1809/1809 1810/1810/1810 1810/1810/1810 
f 1810/1810/1810 1810/1810/1810 1811/1811/1811 
f 1810/1810/1810 1811/1811/1811 1811/1811/1811 
f 1811/1811/1811 1811/1811/1811 1812/1812/1812 
f 1811/1811/1811 1813/1813/1813 1812/1812/1812 
f 1812/1812/1812 1813/1813/1813 1813/1813/1813 
f 1813/1813/1813 1814/1814/1814 1813/1813/1813 
f 1813/1813/1813 1814/1814/1814 1814/1814/1814 
f 1814/1814/1814 1815/1815/1815 1814/1814/1814 
f 1814/1814/1814 1815/1815/1815 1816/1816/1816 
f 1815/1815/1815 1816/1816/1816 1816/1816/1816 
f 1816/1816/1816 1816/1816/1816 1817/1817/1817 
f 1816/1816/1816 1817/1817/1817 1817/1817/1817 
f 1817/1817/1817 1817/1817/1817 1818/1818/1818 
f 1817/1817/1817 1819/1819/1819 1818/1818/1818 
f 1818/1818/1818 1819/1819/1819 1819/1819/1819 
f 1819/1819/1819 1820/1820/1820 1819/1819/1819 
f 1819/1819/1819 1820/1820/1820 1820/1820/1820 
f 1820/1820/1820 1821/1821/1821 1820/1820/1820 
f 1820/1820/1820 1821/1821/1821 1822/1822/1822 
f 1821/1821/1821 1822/1822/1822 1822/1822/1822 
f 1822/1822/1822 1822/1822/1822 1823/1823/1823 
f 1822/1822/1822 1823/1823/1823 1823/1823/1823 
f 1823/1823/1823 1823/1823/1823 1824/1824/1824 
f 1823/1823/1823 1825/1825/1825 1824/1824/1824 
f 1824/1824/1824 1825/1825/1825 1825/1825/1825 
f 1825/1825/1825 1826/1826/1826 1825/1825/1825 
f 1825/1825/1825 1826/1826/1826 1826/1826/1826 
f 1826/1826/1826 1827/1827/1827 1826/1826/1826 
f 1826/1826/1826 1827/1827/1827 1828/1828/1828 
f 1827/1827/1827 1828/1828/1828 1828/1828/1828 
f 1828/1828/1828 1828/1828/1828 1829/1829/1829 
f 1828/1828/1828 1829/1829/1829 1829/1829/1829 
f 1829/1829/1829 1829/1829/1829 1830/1830/1830 
f 1829/1829/1829 1831/1831/1831 1830/1830/1830 
f 1830/1830/1830 1831/1831/1831 1831/1831/1831 
f 1831/1831/1831 1832/1832/1832 1831/1831/1831 
f 1831/1831/1831 1832/1832/1832 1832/1832/1832 
f 1832/1832/1832 1833/1833/1833 1832/1832/1832 
f 1832/1832/1832 1833/1833/1833 1834/1834/1834 
f 1833/1833/1833 1834/1834/1834 1834/1834/1834 
f 1834/1834/1834 1834/1834/1834 1835/1835/1835 
f 1834/1834/1834 1835/1835/1835 1835/1835/1835 
f 1835/1835/1835 1835/1835/1835 1836/1836/1836 
f 1835/1835/1835 1837/1837/1837 1836/1836/1836 
f 1836/1836/1836 1837/1837/1837 1837/1837/1837 
f 1837/1837/1837 1838/1838/1838 1837/1837/1837 
f 1837/1837/1837 1838/1838/1838 1838/1838/1838 
f 1838/1838/1838 1839/1839/1839 1838/1838/1838 
f 1838/1838/1838 1839/1839/1839 1840/1840/1840 
f 1839/1839/1839 1840/1840/1840 1840/1840/1840 
f 1840/1840/1840 1840/1840/1840 1841/1841/1841 
f 1840/1840/1840 1841/1841/1841 1841/1841/1841 
f 1841/1841/1841 1841/1841/1841 1842/1842/1842 
f 1841/1841/1841 1843/1843/1843 1842/1842/1842 
f 1842/1842/1842 1843/1843/1843 1843/1843/1843 
f 1843/1843/1843 1844/1844/1844 1843/1843/1843 
f 1843/1843/1843 1844/1844/1844 1844/1844/1844 
f 1844/1844/1844 1845/1845/1845 1844/1844/1844 
f 1844/1844/1844 1845/1845/1845 1846/1846/1846 
f 1845/1845/1845 1846/1846/1846 1846/1846/1846 
f 1846/1846/1846 1846/1846/1846 1847/1847/1847 
f 1846/1846/1846 1847/1847/1847 1847/1847/1847 
f 1847/1847/1847 1847/1847/1847 1848/1848/1848 
f 1847/1847/1847 1849/1849/1849 1848/1848/1848 
f 1848/1848/1848 1849/1849/1849 1849/1849/1849 
f 1849/1849/1849 1850/1850/1850 1849/1849/1849 
f 1849/1849/1849 1850/1850/1850 1850/1850/1850 
f 1850/1850/1850 1851/1851/1851 1850/1850/1850 
f 1850/1850/1850 1851/1851/1851 1852/1852/1852 
f 1851/1851/1851 1852/1852/1852 1852/1852/1852 
f 1852/1852/1852 1852/1852/1852 1853/1853/1853 
f 1852/1852/1852 1853/1853/1853 1853/1853/1853 
f 1853/1853/1853 1853/1853/1853 1854/1854/1854 
f 1853/1853/1853 1855/1855/1855 1854/1854/1854 
f 1854/1854/1854 1855/1855/1855 1855/1855/1855 
f 1855/1855/1855 1856/1856/1856 1855/1855/1855 
f 1855/1855/1855 1856/1856/1856 1856/1856/1856 
f 1856/1856/1856 1857/1857/1857 1856/1856/1856 
f 1856/1856/1856 1857/1857/1857 1858/1858/1858 
f 1857/1857/1857 1858/1858/1858 1858/1858/1858 
f 1858/1858/1858 1858/1858/1858 1859/1859/1859 
f 1858/1858/1858 1859/1859/1859 1859/1859/1859 
f 1859/1859/1859 1859/1859/1859 1860/1860/1860 
f 1859/1859/1859 1861/1861/1861 1860/1860/1860 
f 1860/1860/1860 1861/1861/1861 1861/1861/1861 
f 1861/1861/1861 1862/1862/1862 1861/1861/1861 
f 1861/1861/1861 1862/1862/1862 1862/1862/1862 
f 1862/1862/1862 1863/1863/1863 1862/1862/1862 
f 1862/1862/1862 1863/1863/1863 1864/1864/1864 
f 1863/1863/1863 1864/1864/1864 1864/1864/1864 
f 1864/1864/1864 1864/1864/1864 1865/1865/1865 
f 1864/1864/1864 1865/1865/1865 1865/1865/1865 
f 1865/1865/1865 1865/1865/1865 1866/1866/1866 
f 1865/1865/1865 1867/1867/1867 1866/1866/1866 
f 1866/1866/1866 1867/1867/1867 1867/1867/1867 
f 1867/1867/1867 1868/1868/1868 1867/1867/1867 
f 1867/1867/1867 1868/1868/1868 1868/1868/1868 
f 1868/1868/1868 1869/1869/1869 1868/1868/1868 
f 1868/1868/1868 1869/1869/1869 1870/1870/1870 
f 1869/1869/1869 1870/1870/1870 1870/1870/1870 
f 1870/1870/1870 1870/1870/1870 1871/1871/1871 
f 1870/1870/1870 1871/1871/1871 1871/1871/1871 
f 1871/1871/1871 1871/1871/1871 1872/1872/1872 
f 1871/1871/1871 1873/1873/1873 1872/1872/1872 
f 1872/1872/1872 1873/1873/1873 1873/1873/1873 
f 1873/1873/1873 1874/1874/1874 1873/1873/1873 
f 1873/1873/1873 1874/1874/1874 1874/1874/1874 
f 1874/1874/1874 1875/1875/1875 1874/1874/1874 
f 1874/1874/1874 1875/1875/1875 1876/1876/1876 
f 1875/1875/1875 1876/1876/1876 1876/1876/1876 
f 1876/1876/1876 1876/1876/1876 1877/1877/1877 
f 1876/1876/1876 1877/1877/1877 1877/1877/1877 
f 1877/1877/1877 1877/1877/1877 1878/1878/1878 
f 1877/1877/1877 1879/1879/1879 1878/1878/1878 
f 1878/1878/1878 1879/1879/1879 1879/1879/1879 
f 1879/1879/1879 1880/1880/1880 1879/1879/1879 
f 1879/1879/1879 1880/1880/1880 1880/1880/1880 
f 1880/1880/1880 1881/1881/1881 1880/1880/1880 
f 1880/1880/1880 1881/1881/1881 1882/1882/1882 
f 1881/1881/1881 1882/1882/1882 1882/1882/1882 
f 1882/1882/1882 1882/1882/1882 1883/1883/1883 
f 1882/1882/1882 1883/1883/1883 1883/1883/1883 
f 1883/1883/1883 1883/1883/1883 1884/1884/1884 
f 1883/1883/1883 1885/1885/1885 1884/1884/1884 
f 1884/1884/1884 1885/1885/1885 1885/1885/1885 
f 1885/1885/1885 1886/1886/1886 1885/1885/1885 
f 1885/1885/1885 1886/1886/1886 1886/1886/1886 
f 1886/1886/1886 1887/1887/1887 1886/1886/1886 
f 1886/1886/1886 1887/1887/1887 1888/1888/1888 
f 1887/1887/1887 1888/1888/1888 1888/1888/1888 
f 1888/1888/1888 1888/1888/1888 1889/1889/1889 
f 1888/1888/1888 1889/1889/1889 1889/1889/1889 
f 1889/1889/1889 1889/1889/1889 1890/1890/1890 
f 1889/1889/1889 1891/1891/1891 1890/1890/1890 
f 1890/1890/1890 1891/1891/1891 1891/1891/1891 
f 1891/1891/1891 1892/1892/1892 1891/1891/1891 
f 1891/1891/1891 1892/1892/1892 1892/1892/1892 
f 1892/1892/1892 1893/1893/1893 1892/1892/1892 
f 1892/1892/1892 1893/1893/1893 1894/1894/1894 
f 1893/1893/1893 1894/1894/1894 1894/1894/1894 
f 1894/1894/1894 1894/1894/1894 1895/1895/1895 
f 1894/1894/1894 1895/1895/1895 1895/1895/1895 
f 1895/1895/1895 1895/1895/1895 1896/1896/1896 
f 1895/1895/1895 1897/1897/1897 1896/1896/1896 
f 1896/1896/1896 1897/1897/1897 1897/1897/1897 
f 1897/1897/1897 1898/1898/1898 1897/1897/1897 
f 1897/1897/1897 1898/1898/1898 1898/1898/1898 
f 1898/1898/1898 1899/1899/1899 1898/1898/1898 
f 1898/1898/1898 1899/1899/1899 1900/1900/1900 
f 1899/1899/1899 1900/1900/1900 1900/1900/1900 
f 1900/1900/1900 1900/1900/1900 1901/1901/1901 
f 1900/1900/1900 1901/1901/1901 1901/1901/1901 
f 1901/1901/1901 1901/1901/1901 1902/1902/1902 
f 1901/1901/1901 1903/1903/1903 1902/1902/1902 
f 1902/1902/1902 1903/1903/1903 1903/1903/1903 
f 1903/1903/1903 1904/1904/1904 1903/1903/1903 
f 1903/1903/1903 1904/1904/1904 1904/1904/1904 
f 1904/1904/1904 1905/1905/1905 1904/1904/1904 
f 1904/1904/1904 1905/1905/1905 1906/1906/1906 
f 1905/1905/1905 1906/1906/1906 1906/1906/1906 
f 1906/1906/1906 1906/1906/1906 1907/1907/1907 
f 1906/1906/1906 1907/1907/1907 1907/1907/1907 
f 1907/1907/1907 1907/1907/1907 1908/1908/1908 
f 1907/1907/1907 1909/1909/1909 1908/1908/1908 
f 1908/1908/1908 1909/1909/1909 1909/1909/1909 
f 1909/1909/1909 1910/1910/1910 1909/1909/1909 
f 1909/1909/1909 1910/1910/1910 1910/1910/1910 
f 1910/1910/1910 1911/1911/1911 1910/1910/1910 
f 1910/1910/1910 1911/1911/1911 1912/1912/1912 
f 1911/1911/1911 1912/1912/1912 1912/1912/1912 
f 1912/1912/1912 1912/1912/1912 1913/1913/1913 
f 1912/1912/1912 1913/1913/1913 1913/1913/1913 
f 1913/1913/1913 1913/1913/1913 1914/1914/1914 
f 1913/1913/1913 1915/1915/1915 1914/1914/1914 
f 1914/1914/1914 1915/1915/1915 1915/1915/1915 
f 1915/1915/1915 1916/1916/1916 1915/1915/1915 
f 1915/1915/1915 1916/1916/1916 1916/1916/1916 
f 1916/1916/1916 1917/1917/1917 1916/1916/1916 
f 1916/1916/1916 1917/1917/1917 1918/1918/1918 
f 1917/1917/1917 1918/1918/1918 1918/1918/1918 
f 1918/1918/1918 1918/1918/1918 1919/1919/1919 
f 1918/1918/1918 1919/1919/1919 1919/1919/1919 
f 1919/1919/1919 1919/1919/1919 1920/1920/1920 
f 1919/1919/1919 1921/1921/1921 1920/1920/1920 
f 1920/1920/1920 1921/1921/1921 1921/1921/1921 
f 1921/1921/1921 1922/1922/1922 1921/1921/1921 
f 1921/1921/1921 1922/1922/1922 1922/1922/1922 
f 1922/1922/1922 1923/1923/1923 1922/1922/1922 
f 1922/1922/1922 1923/1923/1923 1924/1924/1924 
f 1923/1923/1923 1924/1924/1924 1924/1924/1924 
f 1924/1924/1924 1924/1924/1924 1925/1925/1925 
f 1924/1924/1924 1925/1925/1925 1925/1925/1925 
f 1925/1925/1925 1925/1925/1925 1926/1926/1926 
f 1925/1925/1925 1927/1927/1927 1926/1926/1926 
f 1926/1926/1926 1927/1927/1927 1927/1927/1927 
f 1927/1927/1927 1928/1928/1928 1927/1927/1927 
f 1927/1927/1927 1928/1928/1928 1928/1928/1928 
f 1928/1928/1928 1929/1929/1929 1928/1928/1928 
f 1928/1928/1928 1929/1929/1929 1930/1930/1930 
f 1929/1929/1929 1930/1930/1930 1930/1930/1930 
f 1930/1930/1930 1930/1930/1930 1931/1931/1931 
f 1930/1930/1930 1931/1931/1931 1931/1931/1931 
f 1931/1931/1931 1931/1931/1931 1932/1932/1932 
f 1931/1931/1931 1933/1933/1933 1932/1932/1932 
f 1932/1932/1932 1933/1933/1933 1933/1933/1933 
f 1933/1933/1933 1934/1934/1934 1933/1933/1933 
f 1933/1933/1933 1934/1934/1934 1934/1934/1934 
f 1934/1934/1934 1935/1935/1935 1934/1934/1934 
f 1934/1934/1934 1935/1935/1935 1936/1936/1936 
f 1935/1935/1935 1936/1936/1936 1936/1936/1936 
f 1936/1936/1936 1936/1936/1936 1937/1937/1937 
f 1936/1936/1936 1937/1937/1937 1937/1937/1937 
f 1937/1937/1937 1937/1937/1937 1938/1938/1938 
f 1937/1937/1937 1939/1939/1939 1938/1938/1938 
f 1938/1938/1938 1939/1939/1939 1939/1939/1939 
f 1939/1939/1939 1940/1940/1940 1939/1939/1939 
f 1939/1939/1939 1940/1940/1940 1940/1940/1940 
f 1940/1940/1940 1941/1941/1941 1940/1940/1940 
f 1940/1940/1940 1941/1941/1941 1942/1942/1942 
f 1941/1941/1941 1942/1942/1942 1942/1942/1942 
f 1942/1942/1942 1942/1942/1942 1943/1943/1943 
f 1942/1942/1942 1943/1943/1943 1943/1943/1943 
f 1943/1943/1943 1943/1943/1943 1944/1944/1944 
f 1943/1943/1943 1945/1945/1945 1944/1944/1944 
f 1944/1944/1944 1945/1945/1945 1945/1945/1945 
f 1945/1945/1945 1946/1946/1946 1945/1945/1945 
f 1945/1945/1945 1946/1946/1946 1946/1946/1946 
f 1946/1946/1946 1947/1947/1947 1946/1946/1946 
f 1946/1946/1946 1947/1947/1947 1948/1948/1948 
f 1947/1947/1947 1948/1948/1948 1948/1948/1948 
f 1948/1948/1948 1948/1948/1948 1949/1949/1949 
f 1948/1948/1948 1949/1949/1949 1949/1949/1949 
f 1949/1949/1949 1949/1949/1949 1950/1950/1950 
f 1949/1949/1949 1951/1951/1951 1950/1950/1950 
f 1950/1950/1950 1951/1951/1951 1951/1951/1951 
f 1951/1951/1951 1952/1952/1952 1951/1951/1951 
f 1951/1951/1951 1952/1952/1952 1952/1952/1952 
f 1952/1952/1952 1953/1953/1953 1952/1952/1952 
f 1952/1952/1952 1953/1953/1953 1954/1954/1954 
f 1953/1953/1953 1954/1954/1954 1954/1954/1954 
f 1954/1954/1954 1954/1954/1954 1955/1955/1955 
f 1954/1954/1954 1955/1955/1955 1955/1955/1955 
f 1955/1955/1955 1955/1955/1955 1956/1956/1956 
f 1955/1955/1955 1957/1957/1957 1956/1956/1956 
f 1956/1956/1956 1957/1957/1957 1957/1957/1957 
f 1957/1957/1957 1958/1958/1958 1957/1957/1957 
f 1957/1957/1957 1958/1958/1958 1958/1958/1958 
f 1958/1958/1958 1959/1959/1959 1958/1958/1958 
f 1958/1958/1958 1959/1959/1959 1960/1960/1960 
f 1959/1959/1959 1960/1960/1960 1960/1960/1960 
f 1960/1960/1960 1960/1960/1960 1961/1961/1961 
f 1960/1960/1960 1961/1961/1961 1961/1961/1961 
f 1961/1961/1961 1961/1961/1961 1962/1962/1962 
f 1961/1961/1961 1963/1963/1963 1962/1962/1962 
f 1962/1962/1962 1963/1963/1963 1963/1963/1963 
f 1963/1963/1963 1964/1964/1964 1963/1963/1963 
f 1963/1963/1963 1964/1964/1964 1964/1964/1964 
f 1964/1964/1964 1965/1965/1965 1964/1964/1964 
f 1964/1964/1964 1965/1965/1965 1966/1966/1966 
f 1965/1965/1965 1966/1966/1966 1966/1966/1966 
f 1966/1966/1966 1966/1966/1966 1967/1967/1967 
f 1966/1966/1966 1967/1967/1967 1967/1967/1967 
f 1967/1967/1967 1967/1967/1967 1968/1968/1968 
f 1967/1967/1967 1969/1969/1969 1968/1968/1968 
f 1968/1968/1968 1969/1969/1969 1969/1969/1969 
f 1969/1969/1969 1970/1970/1970 1969/1969/1969 
f 1969/1969/1969 1970/1970/1970 1970/1970/1970 
f 1970/1970/1970 1971/1971/1971 1970/1970/1970 
f 1970/1970/1970 1971/1971/1971 1972/1972/1972 
f 1971/1971/1971 1972/1972/1972 1972/1972/1972 
f 1972/1972/1972 1972/1972/1972 1973/1973/1973 
f 1972/1972/1972 1973/1973/1973 1973/1973/1973 
f 1973/1973/1973 1973/1973/1973 1974/1974/1974 
f 1973/1973/1973 1975/1975/1975 1974/1974/1974 
f 1974/1974/1974 1975/1975/1975 1975/1975/1975 
f 1975/1975/1975 1976/1976/1976 1975/1975/1975 
f 1975/1975/1975 1976/1976/1976 1976/1976/1976 
f 1976/1976/1976 1977/1977/1977 1976/1976/1976 
f 1976/1976/1976 1977/1977/1977 1978/1978/1978 
f 1977/1977/1977 1978/1978/1978 1978/1978/1978 
f 1978/1978/1978 1978/1978/1978 1979/1979/1979 
f 1978/1978/1978 1979/1979/1979 1979/1979/1979 
f 1979/1979/1979 1979/1979/1979 1980/1980/1980 
f 1979/1979/1979 1981/1981/1981 1980/1980/1980 
f 1980/1980/1980 1981/1981/1981 1981/1981/1981 
f 1981/1981/1981 1982/1982/1982 1981/1981/1981 
f 1981/1981/1981 1982/1982/1982 1982/1982/1982 
f 1982/1982/1982 1983/1983/1983 1982/1982/1982 
f 1982/1982/1982 1983/1983/1983 1984/1984/1984 
f 1983/1983/1983 1984/1984/1984 1984/1984/1984 
f 1984/1984/1984 1984/1984/1984 1985/1985/1985 
f 1984/1984/1984 1985/1985/1985 1985/1985/1985 
f 1985/1985/1985 1985/1985/1985 1986/1986/1986 
f 1985/1985/1985 1987/1987/1987 1986/1986/1986 
f 1986/1986/1986 1987/1987/1987 1987/1987/1987 
f 1987/1987/1987 1988/1988/1988 1987/1987/1987 
f 1987/1987/1987 1988/1988/1988 1988/1988/1988 
f 1988/1988/1988 1989/1989/1989 1988/1988/1988 
f 1988/1988/1988 1989/1989/1989 1990/1990/1990 
f 1989/1989/1989 1990/1990/1990 1990/1990/1990 
f 1990/1990/1990 1990/1990/1990 1991/1991/1991 
f 1990/1990/1990 1991/1991/1991 1991/1991/1991 
f 1991/1991/1991 1991/1991/1991 1992/1992/1992 
f 1991/1991/1991 1993/1993/1993 1992/1992/1992 
f 1992/1992/1992 1993/1993/1993 1993/1993/1993 
f 1993/1993/1993 1994/1994/1994 1993/1993/1993 
f 1993/1993/1993 1994/1994/1994 1994/1994/1994 
f 1994/1994/1994 1995/1995/1995 1994/1994/1994 
f 1994/1994/1994 1995/1995/1995 1996/1996/1996 
f 1995/1995/1995 1996/1996/1996 1996/1996/1996 
f 1996/1996/1996 1996/1996/1996 1997/1997/1997 
f 1996/1996/1996 1997/1997/1997 1997/1997/1997 
f 1997/1997/1997 1997/1997/1997 1998/1998/1998 
f 1997/1997/1997 1999/1999/1999 1998/1998/1998 
f 1998/1998/1998 1999/1999/1999 1999/1999/1999 
f 1999/1999/1999 2000/2000/2000 1999/1999/1999 
f 1999/1999/1999 2000/2000/2000 2000/2000/2000 
f 2000/2000/2000 2001/2001/2001 2000/2000/2000 
f 2000/2000/2000 2001/2001/2001 2002/2002/2002 
f 2001/2001/2001 2002/2002/2002 2002/2002/2002 
f 2002/2002/2002 2002/2002/2002 2003/2003/2003 
f 2002/2002/2002 2003/2003/2003 2003/2003/2003 
f 2003/2003/2003 2003/2003/2003 2004/2004/2004 
f 2003/2003/2003 2005/2005/2005 2004/2004/2004 
f 2004/2004/2004 2005/2005/2005 2005/2005/2005 
f 2005/2005/2005 2006/2006/2006 2005/2005/2005 
f 2005/2005/2005 2006/2006/2006 2006/2006/2006 
f 2006/2006/2006 2007/2007/2007 2006/2006/2006 
f 2006/2006/2006 2007/2007/2007 2008/2008/2008 
f 2007/2007/2007 2008/2008/2008 2008/2008/2008 
f 2008/2008/2008 2008/2008/2008 2009/2009/2009 
f 2008/2008/2008 2009/2009/2009 2009/2009/2009 
f 2009/2009/2009 2009/2009/2009 2010/2010/2010 
f 2009/2009/2009 2011/2011/2011 2010/2010/2010 
f 2010/2010/2010 2011/2011/2011 2011/2011/2011 
f 2011/2011/2011 2012/2012/2012 2011/2011/2011 
f 2011/2011/2011 2012/2012/2012 2012/2012/2012 
f 2012/2012/2012 2013/2013/2013 2012/2012/2012 
f 2012/2012/2012 2013/2013/2013 2014/2014/2014 
f 2013/2013/2013 2014/2014/2014 2014/2014/2014 
f 2014/2014/2014 2014/2014/2014 2015/2015/2015 
f 2014/2014/2014 2015/2015/2015 2015/2015/2015 
f 2015/2015/2015 2015/2015/2015 2016/2016/2016 
f 2015/2015/2015 2017/2017/2017 2016/2016/2016 
f 2016/2016/2016 2017/2017/2017 2017/2017/2017 
f 2017/2017/2017 2018/2018/2018 2017/2017/2017 
f 2017/2017/2017 2018/2018/2018 2018/2018/2018 
f 2018/2018/2018 2019/2019/2019 2018/2018/2018 
f 2018/2018/2018 2019/2019/2019 2020/2020/2020 
f 2019/2019/2019 2020/2020/2020 2020/2020/2020 
f 2020/2020/2020 2020/2020/2020 2021/2021/2021 
f 2020/2020/2020 2021/2021/2021 2021/2021/2021 
f 2021/2021/2021 2021/2021/2021 2022/2022/2022 
f 2021/2021/2021 2023/2023/2023 2022/2022/2022 
f 2022/2022/2022 2023/2023/2023 2023/2023/2023 
f 2023/2023/2023 2024/2024/2024 2023/2023/2023 
f 2023/2023/2023 2024/2024/2024 2024/2024/2024 
f 2024/2024/2024 2025/2025/2025 2024/2024/2024 
f 2024/2024/2024 2025/2025/2025 2026/2026/2026 
f 2025/2025/2025 2026/2026/2026 2026/2026/2026 
f 2026/2026/2026 2026/2026/2026 2027/2027/2027 
f 2026/2026/2026 2027/2027/2027 2027/2027/2027 
f 2027/2027/2027 2027/2027/2027 2028/2028/2028 
f 2027/2027/2027 2029/2029/2029 2028/2028/2028 
f 2028/2028/2028 2029/2029/2029 2029/2029/2029 
f 2029/2029/2029 2030/2030/2030 2029/2029/2029 
f 2029/2029/2029 2030/2030/2030 2030/2030/2030 
f 2030/2030/2030 2031/2031/2031 2030/2030/2030 
f 2030/2030/2030 2031/2031/2031 2032/2032/2032 
f 2031/2031/2031 2032/2032/2032 2032/2032/2032 
f 2032/2032/2032 2032/2032/2032 2033/2033/2033 
f 2032/2032/2032 2033/2033/2033 2033/2033/2033 
f 2033/2033/2033 2033/2033/2033 2034/2034/2034 
f 2033/2033/2033 2035/2035/2035 2034/2034/2034 
f 2034/2034/2034 2035/2035/2035 2035/2035/2035 
f 2035/2035/2035 2036/2036/2036 2035/2035/2035 
f 2035/2035/2035 2036/2036/2036 2036/2036/2036 
f 2036/2036/2036 2037/2037/2037 2036/2036/2036 
f 2036/2036/2036 2037/2037/2037 2038/2038/2038 
f 2037/2037/2037 2038/2038/2038 2038/2038/2038 
f 2038/2038/2038 2038/2038/2038 2039/2039/2039 
f 2038/2038/2038 2039/2039/2039 2039/2039/2039 
f 2039/2039/2039 2039/2039/2039 2040/2040/2040 
f 2039/2039/2039 2041/2041/2041 2040/2040/2040 
f 2040/2040/2040 2041/2041/2041 2041/2041/2041 
f 2041/2041/2041 2042/2042/2042 2041/2041/2041 
f 2041/2041/2041 2042/2042/2042 2042/2042/2042 
f 2042/2042/2042 2043/2043/2043 2042/2042/2042 
f 2042/2042/2042 2043/2043/2043 2044/2044/2044 
f 2043/2043/2043 2044/2044/2044 2044/2044/2044 
f 2044/2044/2044 2044/2044/2044 2045/2045/2045 
f 2044/2044/2044 2045/2045/2045 2045/2045/2045 
f 2045/2045/2045 2045/2045/2045 2046/2046/2046 
f 2045/2045/2045 2047/2047/2047 2046/2046/2046 
f 2046/2046/2046 2047/2047/2047 2047/2047/2047 
f 2047/2047/2047 2048/2048/2048 2047/2047/2047 
f 2047/2047/2047 2048/2048/2048 2048/2048/2048 
f 2048/2048/2048 2049/2049/2049 2048/2048/2048 
f 2048/2048/2048 2049/2049/2049 2050/2050/2050 
f 2049/2049/2049 2050/2050/2050 2050/2050/2050 
f 2050/2050/2050 2050/2050/2050 2051/2051/2051 
f 2050/2050/2050 2051/2051/2051 2051/2051/2051 
f 2051/2051/2051 2051/2051/2051 2052/2052/2052 
f 2051/2051/2051 2053/2053/2053 2052/2052/2052 
f 2052/2052/2052 2053/2053/2053 2053/2053/2053 
f 2053/2053/2053 2054/2054/2054 2053/2053/2053 
f 2053/2053/2053 2054/2054/2054 2054/2054/2054 
f 2054/2054/2054 2055/2055/2055 2054/2054/2054 
f 2054/2054/2054 2055/2055/2055 2056/2056/2056 
f 2055/2055/2055 2056/2056/2056 2056/2056/2056 
f 2056/2056/2056 2056/2056/2056 2057/2057/2057 
f 2056/2056/2056 2057/2057/2057 2057/2057/2057 
f 2057/2057/2057 2057/2057/2057 2058/2058/2058 
f 2057/2057/2057 2059/2059/2059 2058/2058/2058 
f 2058/2058/2058 2059/2059/2059 2059/2059/2059 
f 2059/2059/2059 2060/2060/2060 2059/2059/2059 
f 2059/2059/2059 2060/2060/2060 2060/2060/2060 
f 2060/2060/2060 2061/2061/2061 2060/2060/2060 
f 2060/2060/2060 2061/2061/2061 2062/2062/2062 
f 2061/2061/2061 2062/2062/2062 2062/2062/2062 
f 2062/2062/2062 2062/2062/2062 2063/2063/2063 
f 2062/2062/2062 2063/2063/2063 2063/2063/2063 
f 2063/2063/2063 2063/2063/2063 2064/2064/2064 
f 2063/2063/2063 2065/2065/2065 2064/2064/2064 
f 2064/2064/2064 2065/2065/2065 2065/2065/2065 
f 2065/2065/2065 2066/2066/2066 2065/2065/2065 
f 2065/2065/2065 2066/2066/2066 2066/2066/2066 
f 2066/2066/2066 2067/2067/2067 2066/2066/2066 
f 2066/2066/2066 2067/2067/2067 2068/2068/2068 
f 2067/2067/2067 2068/2068/2068 2068/2068/2068 
f 2068/2068/2068 2068/2068/2068 2069/2069/2069 
f 2068/2068/2068 2069/2069/2069 2069/2069/2069 
f 2069/2069/2069 2069/2069/2069 2070/2070/2070 
f 2069/2069/2069 2071/2071/2071 2070/2070/2070 
f 2070/2070/2070 2071/2071/2071 2071/2071/2071 
f 2071/2071/2071 2072/2072/2072 2071/2071/2071 
f 2071/2071/2071 2072/2072/2072 2072/2072/2072 
f 2072/2072/2072 2073/2073/2073 2072/2072/2072 
f 2072/2072/2072 2073/2073/2073 2074/2074/2074 
f 2073/2073/2073 2074/2074/2074 2074/2074/2074 
f 2074/2074/2074 2074/2074/2074 2075/2075/2075 
f 2074/2074/2074 2075/2075/2075 2075/2075/2075 
f 2075/2075/2075 2075/2075/2075 2076/2076/2076 
f 2075/2075/2075 2077/2077/2077 2076/2076/2076 
f 2076/2076/2076 2077/2077/2077 2077/2077/2077 
f 2077/2077/2077 2078/2078/2078 2077/2077/2077 
f 2077/2077/2077 2078/2078/2078 2078/2078/2078 
f 2078/2078/2078 2079/2079/2079 2078/2078/2078 
f 2078/2078/2078 2079/2079/2079 2080/2080/2080 
f 2079/2079/2079 2080/2080/2080 2080/2080/2080 
f 2080/2080/2080 2080/2080/2080 2081/2081/2081 
f 2080/2080/2080 2081/2081/2081 2081/2081/2081 
f 2081/2081/2081 2081/2081/2081 2082/2082/2082 
f 2081/2081/2081 2083/2083/2083 2082/2082/2082 
f 2082/2082/2082 2083/2083/2083 2083/2083/2083 
f 2083/2083/2083 2084/2084/2084 2083/2083/2083 
f 2083/2083/2083 2084/2084/2084 2084/2084/2084 
f 2084/2084/2084 2085/2085/2085 2084/2084/2084 
f 2084/2084/2084 2085/2085/2085 2086/2086/2086 
f 2085/2085/2085 2086/2086/2086 2086/2086/2086 
f 2086/2086/2086 2086/2086/2086 2087/2087/2087 
f 2086/2086/2086 2087/2087/2087 2087/2087/2087 
f 2087/2087/2087 2087/2087/2087 2088/2088/2088 
f 2087/2087/2087 2089/2089/2089 2088/2088/2088 
f 2088/2088/2088 2089/2089/2089 2089/2089/2089 
f 2089/2089/2089 2090/2090/2090 2089/2089/2089 
f 2089/2089/2089 2090/2090/2090 2090/2090/2090 
f 2090/2090/2090 2091/2091/2091 2090/2090/2090 
f 2090/2090/2090 2091/2091/2091 2092/2092/2092 
f 2091/2091/2091 2092/2092/2092 2092/2092/2092 
f 2092/2092/2092 2092/2092/2092 2093/2093/2093 
f 2092/2092/2092 2093/2093/2093 2093/2093/2093 
f 2093/2093/2093 2093/2093/2093 2094/2094/2094 
f 2093/2093/2093 2095/2095/2095 2094/2094/2094 
f 2094/2094/2094 2095/2095/2095 2095/2095/2095 
f 2095/2095/2095 2096/2096/2096 2095/2095/2095 
f 2095/2095/2095 2096/2096/2096 2096/2096/2096 
f 2096/2096/2096 2097/2097/2097 2096/2096/2096 
f 2096/2096/2096 2097/2097/2097 2098/2098/2098 
f 2097/2097/2097 2098/2098/2098 2098/2098/2098 
f 2098/2098/2098 2098/2098/2098 2099/2099/2099 
f 2098/2098/2098 2099/2099/2099 2099/2099/2099 
f 2099/2099/2099 2099/2099/2099 2100/2100/2100 
f 2099/2099/2099 2101/2101/2101 2100/2100/2100 
f 2100/2100/2100 2101/2101/2101 2101/2101/2101 
f 2101/2101/2101 2102/2102/2102 2101/2101/2101 
f 2101/2101/2101 2102/2102/2102 2102/2102/2102 
f 2102/2102/2102 2103/2103/2103 2102/2102/2102 
f 2102/2102/2102 2103/2103/2103 2104/2104/2104 
f 2103/2103/2103 2104/2104/2104 2104/2104/2104 
f 2104/2104/2104 2104/2104/2104 2105/2105/2105 
f 2104/2104/2104 2105/2105/2105 2105/2105/2105 
f 2105/2105/2105 2105/2105/2105 2106/2106/2106 
f 2105/2105/2105 2107/2107/2107 2106/2106/2106 
f 2106/2106/2106 2107/2107/2107 2107/2107/2107 
f 2107/2107/2107 2108/2108/2108 2107/2107/2107 
f 2107/2107/2107 2108/2108/2108 2108/2108/2108 
f 2108/2108/2108 2109/2109/2109 2108/2108/2108 
f 2108/2108/2108 2109/2109/2109 2110/2110/2110 
f 2109/2109/2109 2110/2110/2110 2110/2110/2110 
f 2110/2110/2110 2110/2110/2110 2111/2111/2111 
f 2110/2110/2110 2111/2111/2111 2111/2111/2111 
f 2111/2111/2111 2111/2111/2111 2112/2112/2112 
f 2111/2111/2111 2113/2113/2113 2112/2112/2112 
f 2112/2112/2112 2113/2113/2113 2113/2113/2113 
f 2113/2113/2113 2114/2114/2114 2113/2113/2113 
f 2113/2113/2113 2114/2114/2114 2114/2114/2114 
f 2114/2114/2114 2115/2115/2115 2114/2114/2114 
f 2114/2114/2114 2115/2115/2115 2116/2116/2116 
f 2115/2115/2115 2116/2116/2116 2116/2116/2116 
f 2116/2116/2116 2116/2116/2116 2117/2117/2117 
f 2116/2116/2116 2117/2117/2117 2117/2117/2117 
f 2117/2117/2117 2117/2117/2117 2118/2118/2118 
f 2117/2117/2117 2119/2119/2119 2118/2118/2118 
f 2118/2118/2118 2119/2119/2119 2119/2119/2119 
f 2119/2119/2119 2120/2120/2120 2119/2119/2119 
f 2119/2119/2119 2120/2120/2120 2120/2120/2120 
f 2120/2120/2120 2121/2121/2121 2120/2120/2120 
f 2120/2120/2120 2121/2121/2121 2122/2122/2122 
f 2121/2121/2121 2122/2122/2122 2122/2122/2122 
f 2122/2122/2122 2122/2122/2122 2123/2123/2123 
f 2122/2122/2122 2123/2123/2123 2123/2123/2123 
f 2123/2123/2123 2123/2123/2123 2124/2124/2124 
f 2123/2123/2123 2125/2125/2125 2124/2124/2124 
f 2124/2124/2124 2125/2125/2125 2125/2125/2125 
f 2125/2125/2125 2126/2126/2126 2125/2125/2125 
f 2125/2125/2125 2126/2126/2126 2126/2126/2126 
f 2126/2126/2126 2127/2127/2127 2126/2126/2126 
f 2126/2126/2126 2127/2127/2127 2128/2128/2128 
f 2127/2127/2127 2128/2128/2128 2128/2128/2128 
f 2128/2128/2128 2128/2128/2128 2129/2129/2129 
f 2128/2128/2128 2129/2129/2129 2129/2129/2129 
f 2129/2129/2129 2129/2129/2129 2130/2130/2130 
f 2129/2129/2129 2131/2131/2131 2130/2130/2130 
f 2130/2130/2130 2131/2131/2131 2131/2131/2131 
f 2131/2131/2131 2132/2132/2132 2131/2131/2131 
f 2131/2131/2131 2132/2132/2132 2132/2132/2132 
f 2132/2132/2132 2133/2133/2133 2132/2132/2132 
f 2132/2132/2132 2133/2133/2133 2134/2134/2134 
f 2133/2133/2133 2134/2134/2134 2134/2134/2134 
f 2134/2134/2134 2134/2134/2134 2135/2135/2135 
f 2134/2134/2134 2135/2135/2135 2135/2135/2135 
f 2135/2135/2135 2135/2135/2135 2136/2136/2136 
f 2135/2135/2135 2137/2137/2137 2136/2136/2136 
f 2136/2136/2136 2137/2137/2137 2137/2137/2137 
f 2137/2137/2137 2138/2138/2138 2137/2137/2137 
f 2137/2137/2137 2138/2138/2138 2138/2138/2138 
f 2138/2138/2138 2139/2139/2139 2138/2138/2138 
f 2138/2138/2138 2139/2139/2139 2140/2140/2140 
f 2139/2139/2139 2140/2140/2140 2140/2140/2140 
f 2140/2140/2140 2140/2140/2140 2141/2141/2141 
f 2140/2140/2140 2141/2141/2141 2141/2141/2141 
f 2141/2141/2141 2141/2141/2141 2142/2142/2142 
f 2141/2141/2141 2143/2143/2143 2142/2142/2142 
f 2142/2142/2142 2143/2143/2143 2143/2143/2143 
f 2143/2143/2143 2144/2144/2144 2143/2143/2143 
f 2143/2143/2143 2144/2144/2144 2144/2144/2144 
f 2144/2144/2144 2145/2145/2145 2144/2144/2144 
f 2144/2144/2144 2145/2145/2145 2146/2146/2146 
f 2145/2145/2145 2146/2146/2146 2146/2146/2146 
f 2146/2146/2146 2146/2146/2146 2147/2147/2147 
f 2146/2146/2146 2147/2147/2147 2147/2147/2147 
f 2147/2147/2147 2147/2147/2147 2148/2148/2148 
f 2147/2147/2147 2149/2149/2149 2148/2148/2148 
f 2148/2148/2148 2149/2149/2149 2149/2149/2149 
f 2149/2149/2149 2150/2150/2150 2149/2149/2149 
f 2149/2149/2149 2150/2150/2150 2150/2150/2150 
f 2150/2150/2150 2151/2151/2151 2150/2150/2150 
f 2150/2150/2150 2151/2151/2151 2152/2152/2152 
f 2151/2151/2151 2152/2152/2152 2152/2152/2152 
f 2152/2152/2152 2152/2152/2152 2153/2153/2153 
f 2152/2152/2152 2153/2153/2153 2153/2153/2153 
f 2153/2153/2153 2153/2153/2153 2154/2154/2154 
f 2153/2153/2153 2155/2155/2155 2154/2154/2154 
f 2154/2154/2154 2155/2155/2155 2155/2155/2155 
f 2155/2155/2155 2156/2156/2156 2155/2155/2155 
f 2155/2155/2155 2156/2156/2156 2156/2156/2156 
f 2156/2156/2156 2157/2157/2157 2156/2156/2156 
f 2156/2156/2156 2157/2157/2157 2158/2158/2158 
f 2157/2157/2157 2158/2158/2158 2158/2158/2158 
f 2158/2158/2158 2158/2158/2158 2159/2159/2159 
f 2158/2158/2158 2159/2159/2159 2159/2159/2159 
f 2159/2159/2159 2159/2159/2159 2160/2160/2160 
f 2159/2159/2159 2161/2161/2161 2160/2160/2160 
f 2160/2160/2160 2161/2161/2161 2161/2161/2161 
f 2161/2161/2161 2162/2162/2162 2161/2161/2161 
f 2161/2161/2161 2162/2162/2162 2162/2162/2162 
f 2162/2162/2162 2163/2163/2163 2162/2162/2162 
f 2162/2162/2162 2163/2163/2163 2164/2164/2164 
f 2163/2163/2163 2164/2164/2164 2164/2164/2164 
f 2164/2164/2164 2164/2164/2164 2165/2165/2165 
f 2164/2164/2164 2165/2165/2165 2165/2165/2165 
f 2165/2165/2165 2165/2165/2165 2166/2166/2166 
f 2165/2165/2165 2167/2167/2167 2166/2166/2166 
f 2166/2166/2166 2167/2167/2167 2167/2167/2167 
f 2167/2167/2167 2168/2168/2168 2167/2167/2167 
f 2167/2167/2167 2168/2168/2168 2168/2168/2168 
f 2168/2168/2168 2169/2169/2169 2168/2168/2168 
f 2168/2168/2168 2169/2169/2169 2170/2170/2170 
f 2169/2169/2169 2170/2170/2170 2170/2170/2170 
f 2170/2170/2170 2170/2170/2170 2171/2171/2171 
f 2170/2170/2170 2171/2171/2171 2171/2171/2171 
f 2171/2171/2171 2171/2171/2171 2172/2172/2172 
f 2171/2171/2171 2173/2173/2173 2172/2172/2172 
f 2172/2172/2172 2173/2173/2173 2173/2173/2173 
f 2173/2173/2173 2174/2174/2174 2173/2173/2173 
f 2173/2173/2173 2174/2174/2174 2174/2174/2174 
f 2174/2174/2174 2175/2175/2175 2174/2174/2174 
f 2174/2174/2174 2175/2175/2175 2176/2176/2176 
f 2175/2175/2175 2176/2176/2176 2176/2176/2176 
f 2176/2176/2176 2176/2176/2176 2177/2177/2177 
f 2176/2176/2176 2177/2177/2177 2177/2177/2177 
f 2177/2177/2177 2177/2177/2177 2178/2178/2178 
f 2177/2177/2177 2179/2179/2179 2178/2178/2178 
f 2178/2178/2178 2179/2179/2179 2179/2179/2179 
f 2179/2179/2179 2180/2180/2180 2179/2179/2179 
f 2179/2179/2179 2180/2180/2180 2180/2180/2180 
f 2180/2180/2180 2181/2181/2181 2180/2180/2180 
f 2180/2180/2180 2181/2181/2181 2182/2182/2182 
f 2181/2181/2181 2182/2182/2182 2182/2182/2182 
f 2182/2182/2182 2182/2182/2182 2183/2183/2183 
f 2182/2182/2182 2183/2183/2183 2183/2183/2183 
f 2183/2183/2183 2183/2183/2183 2184/2184/2184 
f 2183/2183/2183 2185/2185/2185 2184/2184/2184 
f 2184/2184/2184 2185/2185/2185 2185/2185/2185 
f 2185/2185/2185 2186/2186/2186 2185/2185/2185 
f 2185/2185/2185 2186/2186/2186 2186/2186/2186 
f 2186/2186/2186 2187/2187/2187 2186/2186/2186 
f 2186/2186/2186 2187/2187/2187 2188/2188/2188 
f 2187/2187/2187 2188/2188/2188 2188/2188/2188 
f 2188/2188/2188 2188/2188/2188 2189/2189/2189 
f 2188/2188/2188 2189/2189/2189 2189/2189/2189 
f 2189/2189/2189 2189/2189/2189 2190/2190/2190 
f 2189/2189/2189 2191/2191/2191 2190/2190/2190 
f 2190/2190/2190 2191/2191/2191 2191/2191/2191 
f 2191/2191/2191 2192/2192/2192 2191/2191/2191 
f 2191/2191/2191 2192/2192/2192 2192/2192/2192 
f 2192/2192/2192 2193/2193/2193 2192/2192/2192 
f 2192/2192/2192 2193/2193/2193 2194/2194/2194 
f 2193/2193/2193 2194/2194/2194 2194/2194/2194 
f 2194/2194/2194 2194/2194/2194 2195/2195/2195 
f 2194/2194/2194 2195/2195/2195 2195/2195/2195 
f 2195/2195/2195 2195/2195/2195 2196/2196/2196 
f 2195/2195/2195 2197/2197/2197 2196/2196/2196 
f 2196/2196/2196 2197/2197/2197 2197/2197/2197 
f 2197/2197/2197 2198/2198/2198 2197/2197/2197 
f 2197/2197/2197 2198/2198/2198 2198/2198/2198 
f 2198/2198/2198 2199/2199/2199 2198/2198/2198 
f 2198/2198/2198 2199/2199/2199 2200/2200/2200 
f 2199/2199/2199 2200/2200/2200 2200/2200/2200 
f 2200/2200/2200 2200/2200/2200 2201/2201/2201 
f 2200/2200/2200 2201/2201/2201 2201/2201/2201 
f 2201/2201/2201 2201/2201/2201 2202/2202/2202 
f 2201/2201/2201 2203/2203/2203 2202/2202/2202 
f 2202/2202/2202 2203/2203/2203 2203/2203/2203 
f 2203/2203/2203 2204/2204/2204 2203/2203/2203 
f 2203/2203/2203 2204/2204/2204 2204/2204/2204 
f 2204/2204/2204 2205/2205/2205 2204/2204/2204 
f 2204/2204/2204 2205/2205/2205 2206/2206/2206 
f 2205/2205/2205 2206/2206/2206 2206/2206/2206 
f 2206/2206/2206 2206/2206/2206 2207/2207/2207 
f 2206/2206/2206 2207/2207/2207 2207/2207/2207 
f 2207/2207/2207 2207/2207/2207 2208/2208/2208 
f 2207/2207/2207 2209/2209/2209 2208/2208/2208 
f 2208/2208/2208 2209/2209/2209 2209/2209/2209 
f 2209/2209/2209 2210/2210/2210 2209/2209/2209 
f 2209/2209/2209 2210/2210/2210 2210/2210/2210 
f 2210/2210/2210 2211/2211/2211 2210/2210/2210 
f 2210/2210/2210 2211/2211/2211 2212/2212/2212 
f 2211/2211/2211 2212/2212/2212 2212/2212/2212 
f 2212/2212/2212 2212/2212/2212 2213/2213/2213 
f 2212/2212/2212 2213/2213/2213 2213/2213/2213 
f 2213/2213/2213 2213/2213/2213 2214/2214/2214 
f 2213/2213/2213 2215/2215/2215 2214/2214/2214 
f 2214/2214/2214 2215/2215/2215 2215/2215/2215 
f 2215/2215/2215 2216/2216/2216 2215/2215/2215 
f 2215/2215/2215 2216/2216/2216 2216/2216/2216 
f 2216/2216/2216 2217/2217/2217 2216/2216/2216 
f 2216/2216/2216 2217/2217/2217 2218/2218/2218 
f 2217/2217/2217 2218/2218/2218 2218/2218/2218 
f 2218/2218/2218 2218/2218/2218 2219/2219/2219 
f 2218/2218/2218 2219/2219/2219 2219/2219/2219 
f 2219/2219/2219 2219/2219/2219 2220/2220/2220 
f 2219/2219/2219 2221/2221/2221 2220/2220/2220 
f 2220/2220/2220 2221/2221/2221 2221/2221/2221 
f 2221/2221/2221 2222/2222/2222 2221/2221/2221 
f 2221/2221/2221 2222/2222/2222 2222/2222/2222 
f 2222/2222/2222 2223/2223/2223 2222/2222/2222 
f 2222/2222/2222 2223/2223/2223 2224/2224/2224 
f 2223/2223/2223 2224/2224/2224 2224/2224/2224 
f 2224/2224/2224 2224/2224/2224 2225/2225/2225 
f 2224/2224/2224 2225/2225/2225 2225/2225/2225 
f 2225/2225/2225 2225/2225/2225 2226/2226/2226 
f 2225/2225/2225 2227/2227/2227 2226/2226/2226 
f 2226/2226/2226 2227/2227/2227 2227/2227/2227 
f 2227/2227/2227 2228/2228/2228 2227/2227/2227 
f 2227/2227/2227 2228/2228/2228 2228/2228/2228 
f 2228/2228/2228 2229/2229/2229 2228/2228/2228 
f 2228/2228/2228 2229/2229/2229 2230/2230/2230 
f 2229/2229/2229 2230/2230/2230 2230/2230/2230 
f 2230/2230/2230 2230/2230/2230 2231/2231/2231 
f 2230/2230/2230 2231/2231/2231 2231/2231/2231 
f 2231/2231/2231 2231/2231/2231 2232/2232/2232 
f 2231/2231/2231 2233/2233/2233 2232/2232/2232 
f 2232/2232/2232 2233/2233/2233 2233/2233/2233 
f 2233/2233/2233 2234/2234/2234 2233/2233/2233 
f 2233/2233/2233 2234/2234/2234 2234/2234/2234 
f 2234/2234/2234 2235/2235/2235 2234/2234/2234 
f 2234/2234/2234 2235/2235/2235 2236/2236/2236 
f 2235/2235/2235 2236/2236/2236 2236/2236/2236 
f 2236/2236/2236 2236/2236/2236 2237/2237/2237 
f 2236/2236/2236 2237/2237/2237 2237/2237/2237 
f 2237/2237/2237 2237/2237/2237 2238/2238/2238 
f 2237/2237/2237 2239/2239/2239 2238/2238/2238 
f 2238/2238/2238 2239/2239/2239 2239/2239/2239 
f 2239/2239/2239 2240/2240/2240 2239/2239/2239 
f 2239/2239/2239 2240/2240/2240 2240/2240/2240 
f 2240/2240/2240 2241/2241/2241 2240/2240/2240 
f 2240/2240/2240 2241/2241/2241 2242/2242/2242 
f 2241/2241/2241 2242/2242/2242 2242/2242/2242 
f 2242/2242/2242 2242/2242/2242 2243/2243/2243 
f 2242/2242/2242 2243/2243/2243 2243/2243/2243 
f 2243/2243/2243 2243/2243/2243 2244/2244/2244 
f 2243/2243/2243 2245/2245/2245 2244/2244/2244 
f 2244/2244/2244 2245/2245/2245 2245/2245/2245 
f 2245/2245/2245 2246/2246/2246 2245/2245/2245 
f 2245/2245/2245 2246/2246/2246 2246/2246/2246 
f 2246/2246/2246 2247/2247/2247 2246/2246/2246 
f 2246/2246/2246 2247/2247/2247 2248/2248/2248 
f 2247/2247/2247 2248/2248/2248 2248/2248/2248 
f 2248/2248/2248 2248/2248/2248 2249/2249/2249 
f 2248/2248/2248 2249/2249/2249 2249/2249/2249 
f 2249/2249/2249 2249/2249/2249 2250/2250/2250 
f 2249/2249/2249 2251/2251/2251 2250/2250/2250 
f 2250/2250/2250 2251/2251/2251 2251/2251/2251 
f 2251/2251/2251 2252/2252/2252 2251/2251/2251 
f 2251/2251/2251 2252/2252/2252 2252/2252/2252 
f 2252/2252/2252 2253/2253/2253 2252/2252/2252 
f 2252/2252/2252 2253/2253/2253 2254/2254/2254 
f 2253/2253/2253 2254/2254/2254 2254/2254/2254 
f 2254/2254/2254 2254/2254/2254 2255/2255/2255 
f 2254/2254/2254 2255/2255/2255 2255/2255/2255 
f 2255/2255/2255 2255/2255/2255 2256/2256/2256 
f 2255/2255/2255 2257/2257/2257 2256/2256/2256 
f 2256/2256/2256 2257/2257/2257 2257/2257/2257 
f 2257/2257/2257 2258/2258/2258 2257/2257/2257 
f 2257/2257/2257 2258/2258/2258 2258/2258/2258 
f 2258/2258/2258 2259/2259/2259 2258/2258/2258 
f 2258/2258/2258 2259/2259/2259 2260/2260/2260 
f 2259/2259/2259 2260/2260/2260 2260/2260/2260 
f 2260/2260/2260 2260/2260/2260 2261/2261/2261 
f 2260/2260/2260 2261/2261/2261 2261/2261/2261 
f 2261/2261/2261 2261/2261/2261 2262/2262/2262 
f 2261/2261/2261 2263/2263/2263 2262/2262/2262 
f 2262/2262/2262 2263/2263/2263 2263/2263/2263 
f 2263/2263/2263 2264/2264/2264 2263/2263/2263 
f 2263/2263/2263 2264/2264/2264 2264/2264/2264 
f 2264/2264/2264 2265/2265/2265 2264/2264/2264 
f 2264/2264/2264 2265/2265/2265 2266/2266/2266 
f 2265/2265/2265 2266/2266/2266 2266/2266/2266 
f 2266/2266/2266 2266/2266/2266 2267/2267/2267 
f 2266/2266/2266 2267/2267/2267 2267/2267/2267 
f 2267/2267/2267 2267/2267/2267 2268/2268/2268 
f 2267/2267/2267 2269/2269/2269 2268/2268/2268 
f 2268/2268/2268 2269/2269/2269 2269/2269/2269 
f 2269/2269/2269 2270/2270/2270 2269/2269/2269 
f 2269/2269/2269 2270/2270/2270 2270/2270/2270 
f 2270/2270/2270 2271/2271/2271 2270/2270/2270 
f 2270/2270/2270 2271/2271/2271 2272/2272/2272 
f 2271/2271/2271 2272/2272/2272 2272/2272/2272 
f 2272/2272/2272 2272/2272/2272 2273/2273/2273 
f 2272/2272/2272 2273/2273/2273 2273/2273/2273 
f 2273/2273/2273 2273/2273/2273 2274/2274/2274 
f 2273/2273/2273 2275/2275/2275 2274/2274/2274 
f 2274/2274/2274 2275/2275/2275 2275/2275/2275 
f 2275/2275/2275 2276/2276/2276 2275/2275/2275 
f 2275/2275/2275 2276/2276/2276 2276/2276/2276 
f 2276/2276/2276 2277/2277/2277 2276/2276/2276 
f 2276/2276/2276 2277/2277/2277 2278/2278/2278 
f 2277/2277/2277 2278/2278/2278 2278/2278/2278 
f 2278/2278/2278 2278/2278/2278 2279/2279/2279 
f 2278/2278/2278 2279/2279/2279 2279/2279/2279 
f 2279/2279/2279 2279/2279/2279 2280/2280/2280 
f 2279/2279/2279 2281/2281/2281 2280/2280/2280 
f 2280/2280/2280 2281/2281/2281 2281/2281/2281 
f 2281/2281/2281 2282/2282/2282 2281/2281/2281 
f 2281/2281/2281 2282/2282/2282 2282/2282/2282 
f 2282/2282/2282 2283/2283/2283 2282/2282/2282 
f 2282/2282/2282 2283/2283/2283 2284/2284/2284 
f 2283/2283/2283 2284/2284/2284 2284/2284/2284 
f 2284/2284/2284 2284/2284/2284 2285/2285/2285 
f 2284/2284/2284 2285/2285/2285 2285/2285/2285 
f 2285/2285/2285 2285/2285/2285 2286/2286/2286 
f 2285/2285/2285 2287/2287/2287 2286/2286/2286 
f 2286/2286/2286 2287/2287/2287 2287/2287/2287 
f 2287/2287/2287 2288/2288/2288 2287/2287/2287 
f 2287/2287/2287 2288/2288/2288 2288/2288/2288 
f 2288/2288/2288 2289/2289/2289 2288/2288/2288 
f 2288/2288/2288 2289/2289/2289 2290/2290/2290 
f 2289/2289/2289 2290/2290/2290 2290/2290/2290 
f 2290/2290/2290 2290/2290/2290 2291/2291/2291 
f 2290/2290/2290 2291/2291/2291 2291/2291/2291 
f 2291/2291/2291 2291/2291/2291 2292/2292/2292 
f 2291/2291/2291 2293/2293/2293 2292/2292/2292 
f 2292/2292/2292 2293/2293/2293 2293/2293/2293 
f 2293/2293/2293 2294/2294/2294 2293/2293/2293 
f 2293/2293/2293 2294/2294/2294 2294/2294/2294 
f 2294/2294/2294 2295/2295/2295 2294/2294/2294 
f 2294/2294/2294 2295/2295/2295 2296/2296/2296 
f 2295/2295/2295 2296/2296/2296 2296/2296/2296 
f 2296/2296/2296 2296/2296/2296 2297/2297/2297 
f 2296/2296/2296 2297/2297/2297 2297/2297/2297 
f 2297/2297/2297 2297/2297/2297 2298/2298/2298 
f 2297/2297/2297 2299/2299/2299 2298/2298/2298 
f 2298/2298/2298 2299/2299/2299 2299/2299/2299 
f 2299/2299/2299 2300/2300/2300 2299/2299/2299 
f 2299/2299/2299 2300/2300/2300 2300/2300/2300 
f 2300/2300/2300 2301/2301/2301 2300/2300/2300 
f 2300/2300/2300 2301/2301/2301 2302/2302/2302 
f 2301/2301/2301 2302/2302/2302 2302/2302/2302 
f 2302/2302/2302 2302/2302/2302 2303/2303/2303 
f 2302/2302/2302 2303/2303/2303 2303/2303/2303 
f 2303/2303/2303 2303/2303/2303 2304/2304/2304 
f 2303/2303/2303 2305/2305/2305 2304/2304/2304 
f 2304/2304/2304 2305/2305/2305 2305/2305/2305 
f 2305/2305/2305 2306/2306/2306 2305/2305/2305 
f 2305/2305/2305 2306/2306/2306 2306/2306/2306 
f 2306/2306/2306 2307/2307/2307 2306/2306/2306 
f 2306/2306/2306 2307/2307/2307 2308/2308/2308 
f 2307/2307/2307 2308/2308/2308 2308/2308/2308 
f 2308/2308/2308 2308/2308/2308 2309/2309/2309 
f 2308/2308/2308 2309/2309/2309 2309/2309/2309 
f 2309/2309/2309 2309/2309/2309 2310/2310/2310 
f 2309/2309/2309 2311/2311/2311 2310/2310/2310 
f 2310/2310/2310 2311/2311/2311 2311/2311/2311 
f 2311/2311/2311 2312/2312/2312 2311/2311/2311 
f 2311/2311/2311 2312/2312/2312 2312/2312/2312 
f 2312/2312/2312 2313/2313/2313 2312/2312/2312 
f 2312/2312/2312 2313/2313/2313 2314/2314/2314 
f 2313/2313/2313 2314/2314/2314 2314/2314/2314 
f 2314/2314/2314 2314/2314/2314 2315/2315/2315 
f 2314/2314/2314 2315/2315/2315 2315/2315/2315 
f 2315/2315/2315 2315/2315/2315 2316/2316/2316 
f 2315/2315/2315 2317/2317/2317 2316/2316/2316 
f 2316/2316/2316 2317/2317/2317 2317/2317/2317 
f 2317/2317/2317 2318/2318/2318 2317/2317/2317 
f 2317/2317/2317 2318/2318/2318 2318/2318/2318 
f 2318/2318/2318 2319/2319/2319 2318/2318/2318 
f 2318/2318/2318 2319/2319/2319 2320/2320/2320 
f 2319/2319/2319 2320/2320/2320 2320/2320/2320 
f 2320/2320/2320 2320/2320/2320 2321/2321/2321 
f 2320/2320/2320 2321/2321/2321 2321/2321/2321 
f 2321/2321/2321 2321/2321/2321 2322/2322/2322 
f 2321/2321/2321 2323/2323/2323 2322/2322/2322 
f 2322/2322/2322 2323/2323/2323 2323/2323/2323 
f 2323/2323/2323 2324/2324/2324 2323/2323/2323 
f 2323/2323/2323 2324/2324/2324 2324/2324/2324 
f 2324/2324/2324 2325/2325/2325 2324/2324/2324 
f 2324/2324/2324 2325/2325/2325 2326/2326/2326 
f 2325/2325/2325 2326/2326/2326 2326/2326/2326 
f 2326/2326/2326 2326/2326/2326 2327/2327/2327 
f 2326/2326/2326 2327/2327/2327 2327/2327/2327 
f 2327/2327/2327 2327/2327/2327 2328/2328/2328 
f 2327/2327/2327 2329/2329/2329 2328/2328/2328 
f 2328/2328/2328 2329/2329/2329 2329/2329/2329 
f 2329/2329/2329 2330/2330/2330 2329/2329/2329 
f 2329/2329/2329 2330/2330/2330 2330/2330/2330 
f 2330/2330/2330 2331/2331/2331 2330/2330/2330 
f 2330/2330/2330 2331/2331/2331 2332/2332/2332 
f 2331/2331/2331 2332/2332/2332 2332/2332/2332 
f 2332/2332/2332 2332/2332/2332 2333/2333/2333 
f 2332/2332/2332 2333/2333/2333 2333/2333/2333 
f 2333/2333/2333 2333/2333/2333 2334/2334/2334 
f 2333/2333/2333 2335/2335/2335 2334/2334/2334 
f 2334/2334/2334 2335/2335/2335 2335/2335/2335 
f 2335/2335/2335 2336/2336/2336 2335/2335/2335 
f 2335/2335/2335 2336/2336/2336 2336/2336/2336 
f 2336/2336/2336 2337/2337/2337 2336/2336/2336 
f 2336/2336/2336 2337/2337/2337 2338/2338/2338 
f 2337/2337/2337 2338/2338/2338 2338/2338/2338 
f 2338/2338/2338 2338/2338/2338 2339/2339/2339 
f 2338/2338/2338 2339/2339/2339 2339/2339/2339 
f 2339/2339/2339 2339/2339/2339 2340/2340/2340 
f 2339/2339/2339 2341/2341/2341 2340/2340/2340 
f 2340/2340/2340 2341/2341/2341 2341/2341/2341 
f 2341/2341/2341 2342/2342/2342 2341/2341/2341 
f 2341/2341/2341 2342/2342/2342 2342/2342/2342 
f 2342/2342/2342 2343/2343/2343 2342/2342/2342 
f 2342/2342/2342 2343/2343/2343 2344/2344/2344 
f 2343/2343/2343 2344/2344/2344 2344/2344/2344 
f 2344/2344/2344 2344/2344/2344 2345/2345/2345 
f 2344/2344/2344 2345/2345/2345 2345/2345/2345 
f 2345/2345/2345 2345/2345/2345 2346/2346/2346 
f 2345/2345/2345 2347/2347/2347 2346/2346/2346 
f 2346/2346/2346 2347/2347/2347 2347/2347/2347 
f 2347/2347/2347 2348/2348/2348 2347/2347/2347 
f 2347/2347/2347 2348/2348/2348 2348/2348/2348 
f 2348/2348/2348 2349/2349/2349 2348/2348/2348 
f 2348/2348/2348 2349/2349/2349 2350/2350/2350 
f 2349/2349/2349 2350/2350/2350 2350/2350/2350 
f 2350/2350/2350 2350/2350/2350 2351/2351/2351 
f 2350/2350/2350 2351/2351/2351 2351/2351/2351 
f 2351/2351/2351 2351/2351/2351 2352/2352/2352 
f 2351/2351/2351 2353/2353/2353 2352/2352/2352 
f 2352/2352/2352 2353/2353/2353 2353/2353/2353 
f 2353/2353/2353 2354/2354/2354 2353/2353/2353 
f 2353/2353/2353 2354/2354/2354 2354/2354/2354 
f 2354/2354/2354 2355/2355/2355 2354/2354/2354 
f 2354/2354/2354 2355/2355/2355 2356/2356/2356 
f 2355/2355/2355 2356/2356/2356 2356/2356/2356 
f 2356/2356/2356 2356/2356/2356 2357/2357/2357 
f 2356/2356/2356 2357/2357/2357 2357/2357/2357 
f 2357/2357/2357 2357/2357/2357 2358/2358/2358 
f 2357/2357/2357 2359/2359/2359 2358/2358/2358 
f 2358/2358/2358 2359/2359/2359 2359/2359/2359 
f 2359/2359/2359 2360/2360/2360 2359/2359/2359 
f 2359/2359/2359 2360/2360/2360 2360/2360/2360 
f 2360/2360/2360 2361/2361/2361 2360/2360/2360 
f 2360/2360/2360 2361/2361/2361 2362/2362/2362 
f 2361/2361/2361 2362/2362/2362 2362/2362/2362 
f 2362/2362/2362 2362/2362/2362 2363/2363/2363 
f 2362/2362/2362 2363/2363/2363 2363/2363/2363 
f 2363/2363/2363 2363/2363/2363 2364/2364/2364 
f 2363/2363/2363 2365/2365/2365 2364/2364/2364 
f 2364/2364/2364 2365/2365/2365 2365/2365/2365 
f 2365/2365/2365 2366/2366/2366 2365/2365/2365 
f 2365/2365/2365 2366/2366/2366 2366/2366/2366 
f 2366/2366/2366 2367/2367/2367 2366/2366/2366 
f 2366/2366/2366 2367/2367/2367 2368/2368/2368 
f 2367/2367/2367 2368/2368/2368 2368/2368/2368 
f 2368/2368/2368 2368/2368/2368 2369/2369/2369 
f 2368/2368/2368 2369/2369/2369 2369/2369/2369 
f 2369/2369/2369 2369/2369/2369 2370/2370/2370 
f 2369/2369/2369 2371/2371/2371 2370/2370/2370 
f 2370/2370/2370 2371/2371/2371 2371/2371/2371 
f 2371/2371/2371 2372/2372/2372 2371/2371/2371 
f 2371/2371/2371 2372/2372/2372 2372/2372/2372 
f 2372/2372/2372 2373/2373/2373 2372/2372/2372 
f 2372/2372/2372 2373/2373/2373 2374/2374/2374 
f 2373/2373/2373 2374/2374/2374 2374/2374/2374 
f 2374/2374/2374 2374/2374/2374 2375/2375/2375 
f 2374/2374/2374 2375/2375/2375 2375/2375/2375 
f 2375/2375/2375 2375/2375/2375 2376/2376/2376 
f 2375/2375/2375 2377/2377/2377 2376/2376/2376 
f 2376/2376/2376 2377/2377/2377 2377/2377/2377 
f 2377/2377/2377 2378/2378/2378 2377/2377/2377 
f 2377/2377/2377 2378/2378/2378 2378/2378/2378 
f 2378/2378/2378 2379/2379/2379 2378/2378/2378 
f 2378/2378/2378 2379/2379/2379 2380/2380/2380 
f 2379/2379/2379 2380/2380/2380 2380/2380/2380 
f 2380/2380/2380 2380/2380/2380 2381/2381/2381 
f 2380/2380/2380 2381/2381/2381 2381/2381/2381 
f 2381/2381/2381 2381/2381/2381 2382/2382/2382 
f 2381/2381/2381 2383/2383/2383 2382/2382/2382 
f 2382/2382/2382 2383/2383/2383 2383/2383/2383 
f 2383/2383/2383 2384/2384/2384 2383/2383/2383 
f 2383/2383/2383 2384/2384/2384 2384/2384/2384 
f 2384/2384/2384 2385/2385/2385 2384/2384/2384 
f 2384/2384/2384 2385/2385/2385 2386/2386/2386 
f 2385/2385/2385 2386/2386/2386 2386/2386/2386 
f 2386/2386/2386 2386/2386/2386 2387/2387/2387 
f 2386/2386/2386 2387/2387/2387 2387/2387/2387 
f 2387/2387/2387 2387/2387/2387 2388/2388/2388 
f 2387/2387/2387 2389/2389/2389 2388/2388/2388 
f 2388/2388/2388 2389/2389/2389 2389/2389/2389 
f 2389/2389/2389 2390/2390/2390 2389/2389/2389 
f 2389/2389/2389 2390/2390/2390 2390/2390/2390 
f 2390/2390/2390 2391/2391/2391 2390/2390/2390 
f 2390/2390/2390 2391/2391/2391 2392/2392/2392 
f 2391/2391/2391 2392/2392/2392 2392/2392/2392 
f 2392/2392/2392 2392/2392/2392 2393/2393/2393 
f 2392/2392/2392 2393/2393/2393 2393/2393/2393 
f 2393/2393/2393 2393/2393/2393 2394/2394/2394 
f 2393/2393/2393 2395/2395/2395 2394/2394/2394 
f 2394/2394/2394 2395/2395/2395 2395/2395/2395 
f 2395/2395/2395 2396/2396/2396 2395/2395/2395 
f 2395/2395/2395 2396/2396/2396 2396/2396/2396 
f 2396/2396/2396 2397/2397/2397 2396/2396/2396 
f 2396/2396/2396 2397/2397/2397 2398/2398/2398 
f 2397/2397/2397 2398/2398/2398 2398/2398/2398 
f 2398/2398/2398 2398/2398/2398 2399/2399/2399 
f 2398/2398/2398 2399/2399/2399 2399/2399/2399 
f 2399/2399/2399 2399/2399/2399 2400/2400/2400 
f 2399/2399/2399 2401/2401/2401 2400/2400/2400 
f 2400/2400/2400 2401/2401/2401 2401/2401/2401 
f 2401/2401/2401 2402/2402/2402 2401/2401/2401 
f 2401/2401/2401 2402/2402/2402 2402/2402/2402 
f 2402/2402/2402 2403/2403/2403 2402/2402/2402 
f 2402/2402/2402 2403/2403/2403 2404/2404/2404 
f 2403/2403/2403 2404/2404/2404 2404/2404/2404 
f 2404/2404/2404 2404/2404/2404 2405/2405/2405 
f 2404/2404/2404 2405/2405/2405 2405/2405/2405 
f 2405/2405/2405 2405/2405/2405 2406/2406/2406 
f 2405/2405/2405 2407/2407/2407 2406/2406/2406 
f 2406/2406/2406 2407/2407/2407 2407/2407/2407 
f 2407/2407/2407 2408/2408/2408 2407/2407/2407 
f 2407/2407/2407 2408/2408/2408 2408/2408/2408 
f 2408/2408/2408 2409/2409/2409 2408/2408/2408 
f 2408/2408/2408 2409/2409/2409 2410/2410/2410 
f 2409/2409/2409 2410/2410/2410 2410/2410/2410 
f 2410/2410/2410 2410/2410/2410 2411/2411/2411 
f 2410/2410/2410 2411/2411/2411 2411/2411/2411 
f 2411/2411/2411 2411/2411/2411 2412/2412/2412 
f 2411/2411/2411 2413/2413/2413 2412/2412/2412 
f 2412/2412/2412 2413/2413/2413 2413/2413/2413 
f 2413/2413/2413 2414/2414/2414 2413/2413/2413 
f 2413/2413/2413 2414/2414/2414 2414/2414/2414 
f 2414/2414/2414 2415/2415/2415 2414/2414/2414 
f 2414/2414/2414 2415/2415/2415 2416/2416/2416 
f 2415/2415/2415 2416/2416/2416 2416/2416/2416 
f 2416/2416/2416 2416/2416/2416 2417/2417/2417 
f 2416/2416/2416 2417/2417/2417 2417/2417/2417 
f 2417/2417/2417 2417/2417/2417 2418/2418/2418 
f 2417/2417/2417 2419/2419/2419 2418/2418/2418 
f 2418/2418/2418 2419/2419/2419 2419/2419/2419 
f 2419/2419/2419 2420/2420/2420 2419/2419/2419 
f 2419/2419/2419 2420/2420/2420 2420/2420/2420 
f 2420/2420/2420 2421/2421/2421 2420/2420/2420 
f 2420/2420/2420 2421/2421/2421 2422/2422/2422 
f 2421/2421/2421 2422/2422/2422 2422/2422/2422 
f 2422/2422/2422 2422/2422/2422 2423/2423/2423 
f 2422/2422/2422 2423/2423/2423 2423/2423/2423 
f 2423/2423/2423 2423/2423/2423 2424/2424/2424 
f 2423/2423/2423 2425/2425/2425 2424/2424/2424 
f 2424/2424/2424 2425/2425/2425 2425/2425/2425 
f 2425/2425/2425 2426/2426/2426 2425/2425/2425 
f 2425/2425/2425 2426/2426/2426 2426/2426/2426 
f 2426/2426/2426 2427/2427/2427 2426/2426/2426 
f 2426/2426/2426 2427/2427/2427 2428/2428/2428 
f 2427/2427/2427 2428/2428/2428 2428/2428/2428 
f 2428/2428/2428 2428/2428/2428 2429/2429/2429 
f 2428/2428/2428 2429/2429/2429 2429/2429/2429 
f 2429/2429/2429 2429/2429/2429 2430/2430/2430 
f 2429/2429/2429 2431/2431/2431 2430/2430/2430 
f 2430/2430/2430 2431/2431/2431 2431/2431/2431 
f 2431/2431/2431 2432/2432/2432 2431/2431/2431 
f 2431/2431/2431 2432/2432/2432 2432/2432/2432 
f 2432/2432/2432 2433/2433/2433 2432/2432/2432 
f 2432/2432/2432 2433/2433/2433 2434/2434/2434 
f 2433/2433/2433 2434/2434/2434 2434/2434/2434 
f 2434/2434/2434 2434/2434/2434 2435/2435/2435 
f 2434/2434/2434 2435/2435/2435 2435/2435/2435 
f 2435/2435/2435 2435/2435/2435 2436/2436/2436 
f 2435/2435/2435 2437/2437/2437 2436/2436/2436 
f 2436/2436/2436 2437/2437/2437 2437/2437/2437 
f 2437/2437/2437 2438/2438/2438 2437/2437/2437 
f 2437/2437/2437 2438/2438/2438 2438/2438/2438 
f 2438/2438/2438 2439/2439/2439 2438/2438/2438 
f 2438/2438/2438 2439/2439/2439 2440/2440/2440 
f 2439/2439/2439 2440/2440/2440 2440/2440/2440 
f 2440/2440/2440 2440/2440/2440 2441/2441/2441 
f 2440/2440/2440 2441/2441/2441 2441/2441/2441 
f 2441/2441/2441 2441/2441/2441 2442/2442/2442 
f 2441/2441/2441 2443/2443/2443 2442/2442/2442 
f 2442/2442/2442 2443/2443/2443 2443/2443/2443 
f 2443/2443/2443 2444/2444/2444 2443/2443/2443 
f 2443/2443/2443 2444/2444/2444 2444/2444/2444 
f 2444/2444/2444 2445/2445/2445 2444/2444/2444 
f 2444/2444/2444 2445/2445/2445 2446/2446/2446 
f 2445/2445/2445 2446/2446/2446 2446/2446/2446 
f 2446/2446/2446 2446/2446/2446 2447/2447/2447 
f 2446/2446/2446 2447/2447/2447 2447/2447/2447 
f 2447/2447/2447 2447/2447/2447 2448/2448/2448 
f 2447/2447/2447 2449/2449/2449 2448/2448/2448 
f 2448/2448/2448 2449/2449/2449 2449/2449/2449 
f 2449/2449/2449 2450/2450/2450 2449/2449/2449 
f 2449/2449/2449 2450/2450/2450 2450/2450/2450 
f 2450/2450/2450 2451/2451/2451 2450/2450/2450 
f 2450/2450/2450 2451/2451/2451 2452/2452/2452 
f 2451/2451/2451 2452/2452/2452 2452/2452/2452 
f 2452/2452/2452 2452/2452/2452 2453/2453/2453 
f 2452/2452/2452 2453/2453/2453 2453/2453/2453 
f 2453/2453/2453 2453/2453/2453 2454/2454/2454 
f 2453/2453/2453 2455/2455/2455 2454/2454/2454 
f 2454/2454/2454 2455/2455/2455 2455/2455/2455 
f 2455/2455/2455 2456/2456/2456 2455/2455/2455 
f 2455/2455/2455 2456/2456/2456 2456/2456/2456 
f 2456/2456/2456 2457/2457/2457 2456/2456/2456 
f 2456/2456/2456 2457/2457/2457 2458/2458/2458 
f 2457/2457/2457 2458/2458/2458 2458/2458/2458 
f 2458/2458/2458 2458/2458/2458 2459/2459/2459 
f 2458/2458/2458 2459/2459/2459 2459/2459/2459 
f 2459/2459/2459 2459/2459/2459 2460/2460/2460 
f 2459/2459/2459 2461/2461/2461 2460/2460/2460 
f 2460/2460/2460 2461/2461/2461 2461/2461/2461 
f 2461/2461/2461 2462/2462/2462 2461/2461/2461 
f 2461/2461/2461 2462/2462/2462 2462/2462/2462 
f 2462/2462/2462 2463/2463/2463 2462/2462/2462 
f 2462/2462/2462 2463/2463/2463 2464/2464/2464 
f 2463/2463/2463 2464/2464/2464 2464/2464/2464 
f 2464/2464/2464 2464/2464/2464 2465/2465/2465 
f 2464/2464/2464 2465/2465/2465 2465/2465/2465 
f 2465/2465/2465 2465/2465/2465 2466/2466/2466 
f 2465/2465/2465 2467/2467/2467 2466/2466/2466 
f 2466/2466/2466 2467/2467/2467 2467/2467/2467 
f 2467/2467/2467 2468/2468/2468 2467/2467/2467 
f 2467/2467/2467 2468/2468/2468 2468/2468/2468 
f 2468/2468/2468 2469/2469/2469 2468/2468/2468 
f 2468/2468/2468 2469/2469/2469 2470/2470/2470 
f 2469/2469/2469 2470/2470/2470 2470/2470/2470 
f 2470/2470/2470 2470/2470/2470 2471/2471/2471 
f 2470/2470/2470 2471/2471/2471 2471/2471/2471 
f 2471/2471/2471 2471/2471/2471 2472/2472/2472 
f 2471/2471/2471 2473/2473/2473 2472/2472/2472 
f 2472/2472/2472 2473/2473/2473 2473/2473/2473 
f 2473/2473/2473 2474/2474/2474 2473/2473/2473 
f 2473/2473/2473 2474/2474/2474 2474/2474/2474 
f 2474/2474/2474 2475/2475/2475 2474/2474/2474 
f 2474/2474/2474 2475/2475/2475 2476/2476/2476 
f 2475/2475/2475 2476/2476/2476 2476/2476/2476 
f 2476/2476/2476 2476/2476/2476 2477/2477/2477 
f 2476/2476/2476 2477/2477/2477 2477/2477/2477 
f 2477/2477/2477 2477/2477/2477 2478/2478/2478 
f 2477/2477/2477 2479/2479/2479 2478/2478/2478 
f 2478/2478/2478 2479/2479/2479 2479/2479/2479 
f 2479/2479/2479 2480/2480/2480 2479/2479/2479 
f 2479/2479/2479 2480/2480/2480 2480/2480/2480 
f 2480/2480/2480 2481/2481/2481 2480/2480/2480 
f 2480/2480/2480 2481/2481/2481 2482/2482/2482 
f 2481/2481/2481 2482/2482/2482 2482/2482/2482 
f 2482/2482/2482 2482/2482/2482 2483/2483/2483 
f 2482/2482/2482 2483/2483/2483 2483/2483/2483 
f 2483/2483/2483 2483/2483/2483 2484/2484/2484 
f 2483/2483/2483 2485/2485/2485 2484/2484/2484 
f 2484/2484/2484 2485/2485/2485 2485/2485/2485 
f 2485/2485/2485 2486/2486/2486 2485/2485/2485 
f 2485/2485/2485 2486/2486/2486 2486/2486/2486 
f 2486/2486/2486 2487/2487/2487 2486/2486/2486 
f 2486/2486/2486 2487/2487/2487 2488/2488/2488 
f 2487/2487/2487 2488/2488/2488 2488/2488/2488 
f 2488/2488/2488 2488/2488/2488 2489/2489/2489 
f 2488/2488/2488 2489/2489/2489 2489/2489/2489 
f 2489/2489/2489 2489/2489/2489 2490/2490/2490 
f 2489/2489/2489 2491/2491/2491 2490/2490/2490 
f 2490/2490/2490 2491/2491/2491 2491/2491/2491 
f 2491/2491/2491 2492/2492/2492 2491/2491/2491 
f 2491/2491/2491 2492/2492/2492 2492/2492/2492 
f 2492/2492/2492 2493/2493/2493 2492/2492/2492 
f 2492/2492/2492 2493/2493/2493 2494/2494/2494 
f 2493/2493/2493 2494/2494/2494 2494/2494/2494 
f 2494/2494/2494 2494/2494/2494 2495/2495/2495 
f 2494/2494/2494 2495/2495/2495 2495/2495/2495 
f 2495/2495/2495 2495/2495/2495 2496/2496/2496 
f 2495/2495/2495 2497/2497/2497 2496/2496/2496 
f 2496/2496/2496 2497/2497/2497 2497/2497/2497 
f 2497/2497/2497 2498/2498/2498 2497/2497/2497 
f 2497/2497/2497 2498/2498/2498 2498/2498/2498 
f 2498/2498/2498 2499/2499/2499 2498/2498/2498 
f 2498/2498/2498 2499/2499/2499 2500/2500/2500 
f 2499/2499/2499 2500/2500/2500 2500/2500/2500 
f 2500/2500/2500 2500/2500/2500 2501/2501/2501 
f 2500/2500/2500 2501/2501/2501 2501/2501/2501 
f 2501/2501/2501 2501/2501/2501 2502/2502/2502 
f 2501/2501/2501 2503/2503/2503 2502/2502/2502 
f 2502/2502/2502 2503/2503/2503 2503/2503/2503 
f 2503/2503/2503 2504/2504/2504 2503/2503/2503 
f 2503/2503/2503 2504/2504/2504 2504/2504/2504 
f 2504/2504/2504 2505/2505/2505 2504/2504/2504 
f 2504/2504/2504 2505/2505/2505 2506/2506/2506 
f 2505/2505/2505 2506/2506/2506 2506/2506/2506 
f 2506/2506/2506 2506/2506/2506 2507/2507/2507 
f 2506/2506/2506 2507/2507/2507 2507/2507/2507 
f 2507/2507/2507 2507/2507/2507 2508/2508/2508 
f 2507/2507/2507 2509/2509/2509 2508/2508/2508 
f 2508/2508/2508 2509/2509/2509 2509/2509/2509 
f 2509/2509/2509 2510/2510/2510 2509/2509/2509 
f 2509/2509/2509 2510/2510/2510 2510/2510/2510 
f 2510/2510/2510 2511/2511/2511 2510/2510/2510 
f 2510/2510/2510 2511/2511/2511 2512/2512/2512 
f 2511/2511/2511 2512/2512/2512 2512/2512/2512 
f 2512/2512/2512 2512/2512/2512 2513/2513/2513 
f 2512/2512/2512 2513/2513/2513 2513/2513/2513 
f 2513/2513/2513 2513/2513/2513 2514/2514/2514 
f 2513/2513/2513 2515/2515/2515 2514/2514/2514 
f 2514/2514/2514 2515/2515/2515 2515/2515/2515 
f 2515/2515/2515 2516/2516/2516 2515/2515/2515 
f 2515/2515/2515 2516/2516/2516 2516/2516/2516 
f 2516/2516/2516 2517/2517/2517 2516/2516/2516 
f 2516/2516/2516 2517/2517/2517 2518/2518/2518 
f 2517/2517/2517 2518/2518/2518 2518/2518/2518 
f 2518/2518/2518 2518/2518/2518 2519/2519/2519 
f 2518/2518/2518 2519/2519/2519 2519/2519/2519 
f 2519/2519/2519 2519/2519/2519 2520/2520/2520 
f 2519/2519/2519 2521/2521/2521 2520/2520/2520 
f 2520/2520/2520 2521/2521/2521 2521/2521/2521 
f 2521/2521/2521 2522/2522/2522 2521/2521/2521 
f 2521/2521/2521 2522/2522/2522 2522/2522/2522 
f 2522/2522/2522 2523/2523/2523 2522/2522/2522 
f 2522/2522/2522 2523/2523/2523 2524/2524/2524 
f 2523/2523/2523 2524/2524/2524 2524/2524/2524 
f 2524/2524/2524 2524/2524/2524 2525/2525/2525 
f 2524/2524/2524 2525/2525/2525 2525/2525/2525 
f 2525/2525/2525 2525/2525/2525 2526/2526/2526 
f 2525/2525/2525 2527/2527/2527 2526/2526/2526 
f 2526/2526/2526 2527/2527/2527 2527/2527/2527 
f 2527/2527/2527 2528/2528/2528 2527/2527/2527 
f 2527/2527/2527 2528/2528/2528 2528/2528/2528 
f 2528/2528/2528 2529/2529/2529 2528/2528/2528 
f 2528/2528/2528 2529/2529/2529 2530/2530/2530 
f 2529/2529/2529 2530/2530/2530 2530/2530/2530 
f 2530/2530/2530 2530/2530/2530 2531/2531/2531 
f 2530/2530/2530 2531/2531/2531 2531/2531/2531 
f 2531/2531/2531 2531/2531/2531 2532/2532/2532 
f 2531/2531/2531 2533/2533/2533 2532/2532/2532 
f 2532/2532/2532 2533/2533/2533 2533/2533/2533 
f 2533/2533/2533 2534/2534/2534 2533/2533/2533 
f 2533/2533/2533 2534/2534/2534 2534/2534/2534 
f 2534/2534/2534 2535/2535/2535 2534/2534/2534 
f 2534/2534/2534 2535/2535/2535 2536/2536/2536 
f 2535/2535/2535 2536/2536/2536 2536/2536/2536 
f 2536/2536/2536 2536/2536/2536 2537/2537/2537 
f 2536/2536/2536 2537/2537/2537 2537/2537/2537 
f 2537/2537/2537 2537/2537/2537 2538/2538/2538 
f 2537/2537/2537 2539/2539/2539 2538/2538/2538 
f 2538/2538/2538 2539/2539/2539 2539/2539/2539 
f 2539/2539/2539 2540/2540/2540 2539/2539/2539 
f 2539/2539/2539 2540/2540/2540 2540/2540/2540 
f 2540/2540/2540 2541/2541/2541 2540/2540/2540 
f 2540/2540/2540 2541/2541/2541 2542/2542/2542 
f 2541/2541/2541 2542/2542/2542 2542/2542/2542 
f 2542/2542/2542 2542/2542/2542 2543/2543/2543 
f 2542/2542/2542 2543/2543/2543 2543/2543/2543 
f 2543/2543/2543 2543/2543/2543 2544/2544/2544 
f 2543/2543/2543 2545/2545/2545 2544/2544/2544 
f 2544/2544/2544 2545/2545/2545 2545/2545/2545 
f 2545/2545/2545 2546/2546/2546 2545/2545/2545 
f 2545/2545/2545 2546/2546/2546 2546/2546/2546 
f 2546/2546/2546 2547/2547/2547 2546/2546/2546 
f 2546/2546/2546 2547/2547/2547 2548/2548/2548 
f 2547/2547/2547 2548/2548/2548 2548/2548/2548 
f 2548/2548/2548 2548/2548/2548 2549/2549/2549 
f 2548/2548/2548 2549/2549/2549 2549/2549/2549 
f 2549/2549/2549 2549/2549/2549 2550/2550/2550 
f 2549/2549/2549 2551/2551/2551 2550/2550/2550 
f 2550/2550/2550 2551/2551/2551 2551/2551/2551 
f 2551/2551/2551 2552/2552/2552 2551/2551/2551 
f 2551/2551/2551 2552/2552/2552 2552/2552/2552 
f 2552/2552/2552 2553/2553/2553 2552/2552/2552 
f 2552/2552/2552 2553/2553/2553 2554/2554/2554 
f 2553/2553/2553 2554/2554/2554 2554/2554/2554 
f 2554/2554/2554 2554/2554/2554 2555/2555/2555 
f 2554/2554/2554 2555/2555/2555 2555/2555/2555 
f 2555/2555/2555 2555/2555/2555 2556/2556/2556 
f 2555/2555/2555 2557/2557/2557 2556/2556/2556 
f 2556/2556/2556 2557/2557/2557 2557/2557/2557 
f 2557/2557/2557 2558/2558/2558 2557/2557/2557 
f 2557/2557/2557 2558/2558/2558 2558/2558/2558 
f 2558/2558/2558 2559/2559/2559 2558/2558/2558 
f 2558/2558/2558 2559/2559/2559 2560/2560/2560 
f 2559/2559/2559 2560/2560/2560 2560/2560/2560 
f 2560/2560/2560 2560/2560/2560 2561/2561/2561 
f 2560/2560/2560 2561/2561/2561 2561/2561/2561 
f 2561/2561/2561 2561/2561/2561 2562/2562/2562 
f 2561/2561/2561 2563/2563/2563 2562/2562/2562 
f 2562/2562/2562 2563/2563/2563 2563/2563/2563 
f 2563/2563/2563 2564/2564/2564 2563/2563/2563 
f 2563/2563/2563 2564/2564/2564 2564/2564/2564 
f 2564/2564/2564 2565/2565/2565 2564/2564/2564 
f 2564/2564/2564 2565/2565/2565 2566/2566/2566 
f 2565/2565/2565 2566/2566/2566 2566/2566/2566 
f 2566/2566/2566 2566/2566/2566 2567/2567/2567 
f 2566/2566/2566 2567/2567/2567 2567/2567/2567 
f 2567/2567/2567 2567/2567/2567 2568/2568/2568 
f 2567/2567/2567 2569/2569/2569 2568/2568/2568 
f 2568/2568/2568 2569/2569/2569 2569/2569/2569 
f 2569/2569/2569 2570/2570/2570 2569/2569/2569 
f 2569/2569/2569 2570/2570/2570 2570/2570/2570 
f 2570/2570/2570 2571/2571/2571 2570/2570/2570 
f 2570/2570/2570 2571/2571/2571 2572/2572/2572 
f 2571/2571/2571 2572/2572/2572 2572/2572/2572 
f 2572/2572/2572 2572/2572/2572 2573/2573/2573 
f 2572/2572/2572 2573/2573/2573 2573/2573/2573 
f 2573/2573/2573 2573/2573/2573 2574/2574/2574 
f 2573/2573/2573 2575/2575/2575 2574/2574/2574 
f 2574/2574/2574 2575/2575/2575 2575/2575/2575 
f 2575/2575/2575 2576/2576/2576 2575/2575/2575 
f 2575/2575/2575 2576/2576/2576 2576/2576/2576 
f 2576/2576/2576 2577/2577/2577 2576/2576/2576 
f 2576/2576/2576 2577/2577/2577 2578/2578/2578 
f 2577/2577/2577 2578/2578/2578 2578/2578/2578 
f 2578/2578/2578 2578/2578/2578 2579/2579/2579 
f 2578/2578/2578 2579/2579/2579 2579/2579/2579 
f 2579/2579/2579 2579/2579/2579 2580/2580/2580 
f 2579/2579/2579 2581/2581/2581 2580/2580/2580 
f 2580/2580/2580 2581/2581/2581 2581/2581/2581 
f 2581/2581/2581 2582/2582/2582 2581/2581/2581 
f 2581/2581/2581 2582/2582/2582 2582/2582/2582 
f 2582/2582/2582 2583/2583/2583 2582/2582/2582 
f 2582/2582/2582 2583/2583/2583 2584/2584/2584 
f 2583/2583/2583 2584/2584/2584 2584/2584/2584 
f 2584/2584/2584 2584/2584/2584 2585/2585/2585 
f 2584/2584/2584 2585/2585/2585 2585/2585/2585 
f 2585/2585/2585 2585/2585/2585 2586/2586/2586 
f 2585/2585/2585 2587/2587/2587 2586/2586/2586 
f 2586/2586/2586 2587/2587/2587 2587/2587/2587 
f 2587/2587/2587 2588/2588/2588 2587/2587/2587 
f 2587/2587/2587 2588/2588/2588 2588/2588/2588 
f 2588/2588/2588 2589/2589/2589 2588/2588/2588 
f 2588/2588/2588 2589/2589/2589 2590/2590/2590 
f 2589/2589/2589 2590/2590/2590 2590/2590/2590 
f 2590/2590/2590 2590/2590/2590 2591/2591/2591 
f 2590/2590/2590 2591/2591/2591 2591/2591/2591 
f 2591/2591/2591 2591/2591/2591 2592/2592/2592 
f 2591/2591/2591 2593/2593/2593 2592/2592/2592 
f 2592/2592/2592 2593/2593/2593 2593/2593/2593 
f 2593/2593/2593 2594/2594/2594 2593/2593/2593 
f 2593/2593/2593 2594/2594/2594 2594/2594/2594 
f 2594/2594/2594 2595/2595/2595 2594/2594/2594 
f 2594/2594/2594 2595/2595/2595 2596/2596/2596 
f 2595/2595/2595 2596/2596/2596 2596/2596/2596 
f 2596/2596/2596 2596/2596/2596 2597/2597/2597 
f 2596/2596/2596 2597/2597/2597 2597/2597/2597 
f 2597/2597/2597 2597/2597/2597 2598/2598/2598 
f 2597/2597/2597 2599/2599/2599 2598/2598/2598 
f 2598/2598/2598 2599/2599/2599 2599/2599/2599 
f 2599/2599/2599 2600/2600/2600 2599/2599/2599 
f 2599/2599/2599 2600/2600/2600 2600/2600/2600 
f 2600/2600/2600 2601/2601/2601 2600/2600/2600 
f 2600/2600/2600 2601/2601/2601 2602/2602/2602 
f 2601/2601/2601 2602/2602/2602 2602/2602/2602 
f 2602/2602/2602 2602/2602/2602 2603/2603/2603 
f 2602/2602/2602 2603/2603/2603 2603/2603/2603 
f 2603/2603/2603 2603/2603/2603 2604/2604/2604 
f 2603/2603/2603 2605/2605/2605 2604/2604/2604 
f 2604/2604/2604 2605/2605/2605 2606/2606/2606 
f 2605/2605/2605 2606/2606/2606 2606/2606/2606 
f 2606/2606/2606 2606/2606/2606 2607/2607/2607 
f 2606/2606/2606 2607/2607/2607 2607/2607/2607 
f 2607/2607/2607 2607/2607/2607 2608/2608/2608 
f 2607/2607/2607 2609/2609/2609 2608/2608/2608 
f 2608/2608/2608 2609/2609/2609 2610/2610/2610 
f 2609/2609/2609 2610/2610/2610 2610/2610/2610 
f 2610/2610/2610 2610/2610/2610 2611/2611/2611 
f 2610/2610/2610 2611/2611/2611 2611/2611/2611 
f 2611/2611/2611 2611/2611/2611 2612/2612/2612 
f 2611/2611/2611 2613/2613/2613 2612/2612/2612 
f 2612/2612/2612 2613/2613/2613 2614/2614/2614 
f 2613/2613/2613 2614/2614/2614 2614/2614/2614 
f 2614/2614/2614 2614/2614/2614 2615/2615/2615 
f 2614/2614/2614 2615/2615/2615 2615/2615/2615 
f 2615/2615/2615 2615/2615/2615 2616/2616/2616 
f 2615/2615/2615 2617/2617/2617 2616/2616/2616 
f 2616/2616/2616 2617/2617/2617 2618/2618/2618 
f 2617/2617/2617 2618/2618/2618 2618/2618/2618 
f 2618/2618/2618 2618/2618/2618 2619/2619/2619 
f 2618/2618/2618 2619/2619/2619 2619/2619/2619 
f 2619/2619/2619 2619/2619/2619 2620/2620/2620 
f 2619/2619/2619 2621/2621/2621 2620/2620/2620 
f 2620/2620/2620 2621/2621/2621 2622/2622/2622 
f 2621/2621/2621 2622/2622/2622 2622/2622/2622 
f 2622/2622/2622 2622/2622/2622 2623/2623/2623 
f 2622/2622/2622 2623/2623/2623 2623/2623/2623 
f 2623/2623/2623 2623/2623/2623 2624/2624/2624 
f 2623/2623/2623 2625/2625/2625 2624/2624/2624 
f 2624/2624/2624 2625/2625/2625 2626/2626/2626 
f 2625/2625/2625 2626/2626/2626 2626/2626/2626 
f 2626/2626/2626 2626/2626/2626 2627/2627/2627 
f 2626/2626/2626 2627/2627/2627 2627/2627/2627 
f 2627/2627/2627 2627/2627/2627 2628/2628/2628 
f 2627/2627/2627 2629/2629/2629 2628/2628/2628 
f 2628/2628/2628 2629/2629/2629 2630/2630/2630 
f 2629/2629/2629 2630/2630/2630 2630/2630/2630 
f 2630/2630/2630 2630/2630/2630 2631/2631/2631 
f 2630/2630/2630 2631/2631/2631 2631/2631/2631 
f 2631/2631/2631 2631/2631/2631 2632/2632/2632 
f 2631/2631/2631 2633/2633/2633 2632/2632/2632 
f 2632/2632/2632 2633/2633/2633 2634/2634/2634 
f 2633/2633/2633 2634/2634/2634 2634/2634/2634 
f 2634/2634/2634 2634/2634/2634 2635/2635/2635 
f 2634/2634/2634 2635/2635/2635 2635/2635/2635 
f 2635/2635/2635 2635/2635/2635 2636/2636/2636 
f 2635/2635/2635 2637/2637/2637 2636/2636/2636 
f 2636/2636/2636 2637/2637/2637 2638/2638/2638 
f 2637/2637/2637 2638/2638/2638 2638/2638/2638 
f 2638/2638/2638 2638/2638/2638 2639/2639/2639 
f 2638/2638/2638 2639/2639/2639 2639/2639/2639 
f 2639/2639/2639 2639/2639/2639 2640/2640/2640 
f 2639/2639/2639 2641/2641/2641 2640/2640/2640 
f 2640/2640/2640 2641/2641/2641 2642/2642/2642 
f 2641/2641/2641 2642/2642/2642 2642/2642/2642 
f 2642/2642/2642 2642/2642/2642 2643/2643/2643 
f 2642/2642/2642 2643/2643/2643 2643/2643/2643 
f 2643/2643/2643 2643/2643/2643 2644/2644/2644 
f 2643/2643/2643 2645/2645/2645 2644/2644/2644 
f 2644/2644/2644 2645/2645/2645 2646/2646/2646 
f 2645/2645/2645 2646/2646/2646 2646/2646/2646 
f 2646/2646/2646 2646/2646/2646 2647/2647/2647 
f 2646/2646/2646 2647/2647/2647 2647/2647/2647 
f 2647/2647/2647 2647/2647/2647 2648/2648/2648 
f 2647/2647/2647 2649/2649/2649 2648/2648/2648 
f 2648/2648/2648 2649/2649/2649 2650/2650/2650 
f 2649/2649/2649 2650/2650/2650 2650/2650/2650 
f 2650/2650/2650 2650/2650/2650 2651/2651/2651 
f 2650/2650/2650 2651/2651/2651 2651/2651/2651 
f 2651/2651/2651 2651/2651/2651 2652/2652/2652 
f 2651/2651/2651 2653/2653/2653 2652/2652/2652 
f 2652/2652/2652 2653/2653/2653 2654/2654/2654 
f 2653/2653/2653 2654/2654/2654 2654/2654/2654 
f 2654/2654/2654 2654/2654/2654 2655/2655/2655 
f 2654/2654/2654 2655/2655/2655 2655/2655/2655 
f 2655/2655/2655 2655/2655/2655 2656/2656/2656 
f 2655/2655/2655 2657/2657/2657 2656/2656/2656 
f 2656/2656/2656 2657/2657/2657 2658/2658/2658 
f 2657/2657/2657 2658/2658/2658 2658/2658/2658 
f 2658/2658/2658 2658/2658/2658 2659/2659/2659 
f 2658/2658/2658 2659/2659/2659 2659/2659/2659 
f 2659/2659/2659 2659/2659/2659 2660/2660/2660 
f 2659/2659/2659 2661/2661/2661 2660/2660/2660 
f 2660/2660/2660 2661/2661/2661 2662/2662/2662 
f 2661/2661/2661 2662/2662/2662 2662/2662/2662 
f 2662/2662/2662 2662/2662/2662 2663/2663/2663 
f 2662/2662/2662 2663/2663/2663 2663/2663/2663 
f 2663/2663/2663 2663/2663/2663 2664/2664/2664 
f 2663/2663/2663 2665/2665/2665 2664/2664/2664 
f 2664/2664/2664 2665/2665/2665 2666/2666/2666 
f 2665/2665/2665 2666/2666/2666 2666/2666/2666 
f 2666/2666/2666 2666/2666/2666 2667/2667/2667 
f 2666/2666/2666 2667/2667/2667 2667/2667/2667 
f 2667/2667/2667 2667/2667/2667 2668/2668/2668 
f 2667/2667/2667 2669/2669/2669 2668/2668/2668 
f 2668/2668/2668 2669/2669/2669 2670/2670/2670 
f 2669/2669/2669 2670/2670/2670 2670/2670/2670 
f 2670/2670/2670 2670/2670/2670 2671/2671/2671 
f 2670/2670/2670 2671/2671/2671 2671/2671/2671 
f 2671/2671/2671 2671/2671/2671 2672/2672/2672 
f 2671/2671/2671 2673/2673/2673 2672/2672/2672 
f 2672/2672/2672 2673/2673/2673 2674/2674/2674 
f 2673/2673/2673 2674/2674/2674 2674/2674/2674 
f 2674/2674/2674 2674/2674/2674 2675/2675/2675 
f 2674/2674/2674 2675/2675/2675 2675/2675/2675 
f 2675/2675/2675 2675/2675/2675 2676/2676/2676 
f 2675/2675/2675 2677/2677/2677 2676/2676/2676 
f 2676/2676/2676 2677/2677/2677 2678/2678/2678 
f 2677/2677/2677 2678/2678/2678 2678/2678/2678 
f 2678/2678/2678 2678/2678/2678 2679/2679/2679 
f 2678/2678/2678 2679/2679/2679 2679/2679/2679 
f 2679/2679/2679 2679/2679/2679 2680/2680/2680 
f 2679/2679/2679 2681/2681/2681 2680/2680/2680 
f 2680/2680/2680 2681/2681/2681 2682/2682/2682 
f 2681/2681/2681 2682/2682/2682 2682/2682/2682 
f 2682/2682/2682 2682/2682/2682 2683/2683/2683 
f 2682/2682/2682 2683/2683/2683 2683/2683/2683 
f 2683/2683/2683 2683/2683/2683 2684/2684/2684 
f 2683/2683/2683 2685/2685/2685 2684/2684/2684 
f 2684/2684/2684 2685/2685/2685 2686/2686/2686 
f 2685/2685/2685 2686/2686/2686 2686/2686/2686 
f 2686/2686/2686 2686/2686/2686 2687/2687/2687 
f 2686/2686/2686 2687/2687/2687 2687/2687/2687 
f 2687/2687/2687 2687/2687/2687 2688/2688/2688 
f 2687/2687/2687 2689/2689/2689 2688/2688/2688 
f 2688/2688/2688 2689/2689/2689 2690/2690/2690 
f 2689/2689/2689 2690/2690/2690 2690/2690/2690 
f 2690/2690/2690 2690/2690/2690 2691/2691/2691 
f 2690/2690/2690 2691/2691/2691 2691/2691/2691 
f 2691/2691/2691 2691/2691/2691 2692/2692/2692 
f 2691/2691/2691 2693/2693/2693 2692/2692/2692 
f 2692/2692/2692 2693/2693/2693 2694/2694/2694 
f 2693/2693/2693 2694/2694/2694 2694/2694/2694 
f 2694/2694/2694 2694/2694/2694 2695/2695/2695 
f 2694/2694/2694 2695/2695/2695 2695/2695/2695 
f 2695/2695/2695 2695/2695/2695 2696/2696/2696 
f 2695/2695/2695 2697/2697/2697 2696/2696/2696 
f 2696/2696/2696 2697/2697/2697 2698/2698/2698 
f 2697/2697/2697 2698/2698/2698 2698/2698/2698 
f 2698/2698/2698 2698/2698/2698 2699/2699/2699 
f 2698/2698/2698 2699/2699/2699 2699/2699/2699 
f 2699/2699/2699 2699/2699/2699 2700/2700/2700 
f 2699/2699/2699 2701/2701/2701 2700/2700/2700 
f 2700/2700/2700 2701/2701/2701 2702/2702/2702 
f 2701/2701/2701 2702/2702/2702 2702/2702/2702 
f 2702/2702/2702 2702/2702/2702 2703/2703/2703 
f 2702/2702/2702 2703/2703/2703 2703/2703/2703 
f 2703/2703/2703 2703/2703/2703 2704/2704/2704 
f 2703/2703/2703 2705/2705/2705 2704/2704/2704 
f 2704/2704/2704 2705/2705/2705 2706/2706/2706 
f 2705/2705/2705 2706/2706/2706 2706/2706/2706 
f 2706/2706/2706 2706/2706/2706 2707/2707/2707 
f 2706/2706/2706 2707/2707/2707 2707/2707/2707 
f 2707/2707/2707 2707/2707/2707 2708/2708/2708 
f 2707/2707/2707 2709/2709/2709 2708/2708/2708 
f 2708/2708/2708 2709/2709/2709 2710/2710/2710 
f 2709/2709/2709 2710/2710/2710 2710/2710/2710 
f 2710/2710/2710 2710/2710/2710 2711/2711/2711 
f 2710/2710/2710 2711/2711/2711 2711/2711/2711 
f 2711/2711/2711 2711/2711/2711 2712/2712/2712 
f 2711/2711/2711 2713/2713/2713 2712/2712/2712 
f 2712/2712/2712 2713/2713/2713 2714/2714/2714 
f 2713/2713/2713 2714/2714/2714 2714/2714/2714 
f 2714/2714/2714 2714/2714/2714 2715/2715/2715 
f 2714/2714/2714 2715/2715/2715 2715/2715/2715 
f 2715/2715/2715 2715/2715/2715 2716/2716/2716 
f 2715/2715/2715 2717/2717/2717 2716/2716/2716 
f 2716/2716/2716 2717/2717/2717 2718/2718/2718 
f 2717/2717/2717 2718/2718/2718 2718/2718/2718 
f 2718/2718/2718 2718/2718/2718 2719/2719/2719 
f 2718/2718/2718 2719/2719/2719 2719/2719/2719 
f 2719/2719/2719 2719/2719/2719 2720/2720/2720 
f 2719/2719/2719 2721/2721/2721 2720/2720/2720 
f 2720/2720/2720 2721/2721/2721 2722/2722/2722 
f 2721/2721/2721 2722/2722/2722 2722/2722/2722 
f 2722/2722/2722 2722/2722/2722 2723/2723/2723 
f 2722/2722/2722 2723/2723/2723 2723/2723/2723 
f 2723/2723/2723 2723/2723/2723 2724/2724/2724 
f 2723/2723/2723 2725/2725/2725 2724/2724/2724 
f 2724/2724/2724 2725/2725/2725 2726/2726/2726 
f 2725/2725/2725 2726/2726/2726 2726/2726/2726 
f 2726/2726/2726 2726/2726/2726 2727/2727/2727 
f 2726/2726/2726 2727/2727/2727 2727/2727/2727 
f 2727/2727/2727 2727/2727/2727 2728/2728/2728 
f 2727/2727/2727 2729/2729/2729 2728/2728/2728 
f 2728/2728/2728 2729/2729/2729 2730/2730/2730 

