mtllib model_6.mtl
o model_6
v 4.034207344055176 -0.9652986526489258 0.04849331080913544 
v 4.031616687774658 -1.009803295135498 0.09185577929019928 
v 4.108033657073975 -1.0592528581619263 0.09892667829990387 
v 3.8489935398101807 -1.0679066181182861 0.10173799842596054 
v 4.018664836883545 -1.1198285818099976 0.10616795718669891 
v 3.9526095390319824 -1.2496337890625 0.10054531693458557 
v 3.872307300567627 -1.2323265075683594 0.10897927731275558 
v 3.86712646484375 -1.3052645921707153 0.10122685134410858 
v 3.8502888679504395 -1.2817760705947876 0.11144983023405075 
v 3.7466728687286377 -1.2978471517562866 0.11068310588598251 
v 3.794595241546631 -1.285484790802002 0.11119425296783447 
v 3.7518537044525146 -1.2780673503875732 0.11920225620269775 
v 3.7129976749420166 -1.2953747510910034 0.09943782538175583 
v 3.7078168392181396 -1.2422163486480713 0.09500786662101746 
v 3.6404664516448975 -1.2125465869903564 0.10361220687627792 
v 3.6067912578582764 -1.2867209911346436 0.10037492960691452 
v 3.5575735569000244 -1.1692782640457153 0.09568940103054047 
v 3.5731160640716553 -1.2842485904693604 0.09142982214689255 
v 3.4643192291259766 -1.2768311500549316 0.0841885507106781 
v 3.399559259414673 -1.0332918167114258 0.09798957407474518 
v 3.354227304458618 -1.2657049894332886 0.09270770102739334 
v 3.3386847972869873 -1.0802689790725708 0.10932003706693649 
v 3.325732707977295 -0.9232664704322815 0.09867110103368759 
v 3.4928135871887207 -0.9591174125671387 0.09824514389038086 
v 3.5666399002075195 -1.1606245040893555 0.10207876563072205 
v 3.628809690475464 -1.154443383216858 0.1100015714764595 
v 3.627514362335205 -1.0604891777038574 0.10497527569532394 
v 3.6585991382598877 -0.9900234341621399 0.10020454972982407 
v 3.6210384368896484 -0.9381013512611389 0.07422114163637161 
v 3.8166136741638184 -1.0011496543884277 0.1009712740778923 
v 4.135232925415039 -1.3287532329559326 0.09867110103368759 
v 3.6702558994293213 -1.1593883037567139 0.09500786662101746 
v 3.6974551677703857 -0.9962046146392822 0.08640352636575699 
v 3.7091119289398193 -1.170514464378357 0.10233433544635773 
v 3.6741416454315186 -0.962826132774353 0.05121943727135658 
v 3.710407257080078 -0.9479912519454956 0.05300845950841904 
v 3.7479679584503174 -0.9962046146392822 0.10173799842596054 
v 3.7091119289398193 -1.0332918167114258 0.08827774226665497 
v 3.8256800174713135 -1.1581521034240723 0.12542124092578888 
v 3.773871898651123 -1.1643332242965698 0.12976600229740143 
v 3.779052734375 -1.1470259428024292 0.12593238055706024 
v 3.847698450088501 -1.1223011016845703 0.11553902179002762 
v 3.7777576446533203 -1.238507628440857 0.12107646465301514 
v 4.092491149902344 -0.9751885533332825 0.014927858486771584 
v 4.108033657073975 -1.0592528581619263 0.09892667829990387 
v 4.10026216506958 -0.9702435731887817 -0.028179040178656578 
v 4.119690418243408 -1.1729869842529297 -0.028008656576275826 
v 4.135232925415039 -1.3287532329559326 0.09867110103368759 
v 4.135232925415039 -1.3287532329559326 -0.02690116874873638 
v 4.108033657073975 -1.0592528581619263 0.09892667829990387 
v 4.034207344055176 -0.9652986526489258 0.04849331080913544 
v 4.092491149902344 -0.9751885533332825 0.014927858486771584 
v 4.10026216506958 -0.9702435731887817 -0.028179040178656578 
v 3.701340913772583 -0.9455187916755676 -0.02596406079828739 
v 3.710407257080078 -0.9479912519454956 0.05300845950841904 
v 3.6741416454315186 -0.962826132774353 0.05121943727135658 
v 3.6650753021240234 -0.949227511882782 -0.02698635868728161 
v 3.614562511444092 -0.9356288909912109 0.002830665558576584 
v 3.5562784671783447 -0.9368650913238525 -0.028264231979846954 
v 3.4746809005737305 -0.9319201707839966 0.06442411988973618 
v 3.325732707977295 -0.9232664704322815 0.09867110103368759 
v 3.4928135871887207 -0.9591174125671387 0.09824514389038086 
v 3.6210384368896484 -0.9381013512611389 0.07422114163637161 
v 3.6585991382598877 -0.9900234341621399 0.10020454972982407 
v 3.6974551677703857 -0.9962046146392822 0.08640352636575699 
v 4.031616687774658 -1.009803295135498 0.09185577929019928 
v 3.8166136741638184 -1.0011496543884277 0.1009712740778923 
v 3.7479679584503174 -0.9962046146392822 0.10173799842596054 
v 3.3270280361175537 -0.9220302104949951 -0.028434615582227707 
v 4.10026216506958 -0.9702435731887817 -0.028179040178656578 
v 3.9215247631073 -1.1841131448745728 -0.026390019804239273 
v 3.701340913772583 -0.9455187916755676 -0.02596406079828739 
v 3.7466728687286377 -1.0271106958389282 -0.020937763154506683 
v 4.119690418243408 -1.1729869842529297 -0.028008656576275826 
v 3.9383623600006104 -1.2644686698913574 -0.029201338067650795 
v 3.8787832260131836 -1.2570512294769287 -0.02460099756717682 
v 3.8645360469818115 -1.3065009117126465 -0.02247120998799801 
v 4.004417419433594 -1.3188632726669312 -0.026390019804239273 
v 4.135232925415039 -1.3287532329559326 -0.02690116874873638 
v 3.8438127040863037 -1.1532070636749268 -0.02102295495569706 
v 3.7920048236846924 -1.1445534229278564 -0.017274528741836548 
v 3.780348062515259 -1.176695704460144 -0.007307122927159071 
v 3.794595241546631 -1.2619962692260742 -0.014803974889218807 
v 3.7427871227264404 -1.296610951423645 -0.015911463648080826 
v 3.6534183025360107 -1.2459250688552856 -0.0174449123442173 
v 3.6585991382598877 -1.2891935110092163 -0.015655890107154846 
v 3.584772825241089 -1.2830122709274292 -0.021448912099003792 
v 3.589953660964966 -1.170514464378357 -0.0219600610435009 
v 3.6456472873687744 -1.1791681051254272 -0.015655890107154846 
v 3.6650753021240234 -0.949227511882782 -0.02698635868728161 
v 3.5562784671783447 -0.9368650913238525 -0.028264231979846954 
v 3.5420312881469727 -1.2249090671539307 -0.030223635956645012 
v 3.4500720500946045 -1.2731224298477173 -0.033034954220056534 
v 3.4060351848602295 -1.1383721828460693 -0.028008656576275826 
v 3.3516368865966797 -1.2644686698913574 -0.024430613964796066 
v 3.3335039615631104 -1.0444179773330688 -0.016592996194958687 
v 3.3270280361175537 -0.9220302104949951 -0.028434615582227707 
v 4.051044940948486 -1.359659194946289 0.07055790722370148 
v 4.128756999969482 -1.3559504747390747 -0.02434542216360569 
v 4.128756999969482 -1.353477954864502 0.07243212312459946 
v 3.9772183895111084 -1.354714274406433 0.06689467281103134 
v 3.9681520462036133 -1.359659194946289 -0.02434542216360569 
v 3.900801658630371 -1.3559504747390747 -0.025112146511673927 
v 3.895620822906494 -1.3559504747390747 0.07038752734661102 
v 3.779052734375 -1.2842485904693604 -0.007136739790439606 
v 3.8010711669921875 -1.301555871963501 -0.01625223085284233 
v 3.8554697036743164 -1.280539870262146 -0.013270528055727482 
v 4.128756999969482 -1.353477954864502 0.07243212312459946 
v 3.911163091659546 -1.4325973987579346 0.07490267604589462 
v 4.051044940948486 -1.359659194946289 0.07055790722370148 
v 3.9772183895111084 -1.354714274406433 0.06689467281103134 
v 3.895620822906494 -1.3559504747390747 0.07038752734661102 
v 3.8982112407684326 -1.504299283027649 0.06757620722055435 
v 3.944838285446167 -1.4820469617843628 0.07456190884113312 
v 3.9526095390319824 -1.5240790843963623 0.07336922734975815 
v 4.051044940948486 -1.572292447090149 0.07737322896718979 
v 3.9823992252349854 -1.5772374868392944 0.051134247332811356 
v 3.915048837661743 -1.5327328443527222 0.051900967955589294 
v 3.902096748352051 -1.5463314056396484 0.045000456273555756 
v 4.108033657073975 -1.4325973987579346 0.07336922734975815 
v 4.128756999969482 -1.55622136592865 0.07149501144886017 
v 4.110623836517334 -1.5994898080825806 0.07558420300483704 
v 4.124871253967285 -1.6526480913162231 0.05394556373357773 
v 4.096376895904541 -1.6613017320632935 0.03963339328765869 
v 4.110623836517334 -1.6909714937210083 0.023958157747983932 
v 4.0795392990112305 -1.671191692352295 0.03656649962067604 
v 4.06270170211792 -1.6365770101547241 0.033158838748931885 
v 4.040683269500732 -1.6378132104873657 0.030006753280758858 
v 4.128756999969482 -1.4424872398376465 0.053775183856487274 
v 4.089900970458984 -1.7169325351715088 0.07243212312459946 
v 4.120985507965088 -1.7206412553787231 0.05292326584458351 
v 4.092491149902344 -1.745366096496582 0.07813995331525803 
v 4.1235761642456055 -1.7639096975326538 0.07592497020959854 
v 4.086015224456787 -1.7935794591903687 0.07498786598443985 
v 3.895620822906494 -1.7886345386505127 0.07507305592298508 
v 4.013484001159668 -1.7020976543426514 0.07618054747581482 
v 4.019959926605225 -1.6736642122268677 0.053264033049345016 
v 4.008303165435791 -1.6316319704055786 0.031029051169753075 
v 3.990170478820801 -1.6007260084152222 0.02830292470753193 
v 3.978513717651367 -1.6081434488296509 0.034607093781232834 
v 3.930591106414795 -1.57352876663208 0.03682207316160202 
v 3.934476852416992 -1.5599300861358643 0.037418413907289505 
v 3.909868001937866 -1.5525126457214355 0.0235322006046772 
v 3.9759232997894287 -1.6637742519378662 0.07260250300168991 
v 4.000532150268555 -1.6217421293258667 0.04218913987278938 
v 3.9422481060028076 -1.6180334091186523 0.07456190884113312 
v 3.9267055988311768 -1.572292447090149 0.054967865347862244 
v 3.895620822906494 -1.6477031707763672 0.07720284163951874 
v 3.9241151809692383 -1.7045701742172241 0.07856591045856476 
v 4.135232925415039 -1.3287532329559326 -0.02690116874873638 
v 4.004417419433594 -1.3188632726669312 -0.026390019804239273 
v 4.135232925415039 -1.3287532329559326 0.09867110103368759 
v 3.86712646484375 -1.3052645921707153 0.10122685134410858 
v 3.7466728687286377 -1.2978471517562866 0.11068310588598251 
v 3.8645360469818115 -1.3065009117126465 -0.02247120998799801 
v 3.8010711669921875 -1.301555871963501 -0.01625223085284233 
v 3.7427871227264404 -1.296610951423645 -0.015911463648080826 
v 3.7129976749420166 -1.2953747510910034 0.09943782538175583 
v 3.6585991382598877 -1.2891935110092163 -0.015655890107154846 
v 3.6067912578582764 -1.2867209911346436 0.10037492960691452 
v 3.584772825241089 -1.2830122709274292 -0.021448912099003792 
v 3.5731160640716553 -1.2842485904693604 0.09142982214689255 
v 3.4643192291259766 -1.2768311500549316 0.0841885507106781 
v 3.4500720500946045 -1.2731224298477173 -0.033034954220056534 
v 3.3516368865966797 -1.2644686698913574 -0.024430613964796066 
v 3.354227304458618 -1.2657049894332886 0.09270770102739334 
v 4.128756999969482 -1.3559504747390747 -0.02434542216360569 
v 4.1274614334106445 -1.5290241241455078 -0.025878870859742165 
v 3.9681520462036133 -1.359659194946289 -0.02434542216360569 
v 3.900801658630371 -1.3559504747390747 -0.025112146511673927 
v 3.9875800609588623 -1.614324688911438 -0.02315274253487587 
v 3.8943254947662354 -1.6514118909835815 -0.020000657066702843 
v 3.896915912628174 -1.7873982191085815 -0.02340831607580185 
v 4.1274614334106445 -1.7948156595230103 -0.021193336695432663 
v 4.1235761642456055 -1.7416573762893677 -0.022130444645881653 
v 4.1235761642456055 -1.7033339738845825 -0.023237934336066246 
v 4.1274614334106445 -1.6007260084152222 -0.018807975575327873 
v 3.8593552112579346 -1.3658404350280762 -0.0264752097427845 
v 3.759624719619751 -1.375730276107788 -0.02502695471048355 
v 3.8593552112579346 -1.3349343538284302 -0.025708487257361412 
v 3.7531487941741943 -1.3262807130813599 -0.024686189368367195 
v 3.6987504959106445 -1.323808193206787 -0.0279234666377306 
v 3.6974551677703857 -1.5352052450180054 -0.02860499732196331 
v 3.759624719619751 -1.4597946405410767 -0.028264231979846954 
v 3.750558376312256 -1.677372932434082 -0.02715674228966236 
v 3.8684215545654297 -1.687262773513794 -0.022300826385617256 
v 3.8010711669921875 -1.8158317804336548 -0.0219600610435009 
v 3.871011972427368 -1.8170679807662964 -0.020682187750935555 
v 3.6974551677703857 -1.813359260559082 -0.023919465020298958 
v 4.128756999969482 -1.353477954864502 0.07243212312459946 
v 4.128756999969482 -1.4424872398376465 0.053775183856487274 
v 4.128756999969482 -1.3559504747390747 -0.02434542216360569 
v 4.1274614334106445 -1.5290241241455078 -0.025878870859742165 
v 4.128756999969482 -1.55622136592865 0.07149501144886017 
v 4.1274614334106445 -1.6007260084152222 -0.018807975575327873 
v 4.124871253967285 -1.6526480913162231 0.05394556373357773 
v 4.1235761642456055 -1.7033339738845825 -0.023237934336066246 
v 4.110623836517334 -1.6909714937210083 0.023958157747983932 
v 4.105443000793457 -1.7156963348388672 0.0002749204868450761 
v 4.120985507965088 -1.7206412553787231 0.05292326584458351 
v 4.1235761642456055 -1.7416573762893677 -0.022130444645881653 
v 4.126166343688965 -1.7960519790649414 0.031455010175704956 
v 4.1274614334106445 -1.7948156595230103 -0.021193336695432663 
v 4.108033657073975 -1.4325973987579346 0.07336922734975815 
v 4.1235761642456055 -1.7639096975326538 0.07592497020959854 
v 3.8697168827056885 -1.7379486560821533 0.10293067991733551 
v 3.871011972427368 -1.6674829721450806 0.08785178512334824 
v 3.8295655250549316 -1.6897352933883667 0.10506046563386917 
v 3.838632106781006 -1.5055354833602905 0.10156761109828949 
v 3.715588092803955 -1.6835540533065796 0.10284548997879028 
v 3.6987504959106445 -1.526551604270935 0.08725544065237045 
v 3.6974551677703857 -1.8121230602264404 0.0980747640132904 
v 3.865831136703491 -1.8145954608917236 0.10378259420394897 
v 3.700045585632324 -1.3225719928741455 0.08930003643035889 
v 3.856764793395996 -1.3361706733703613 0.09867110103368759 
v 3.86712646484375 -1.4239436388015747 0.08504046499729156 
v 3.8800783157348633 -1.4832831621170044 0.06680948287248611 
v 2.9242208003997803 -0.9071953892707825 -0.021874869242310524 
v 2.9721431732177734 -0.9109041094779968 -0.013355719856917858 
v 2.9242208003997803 -1.0530717372894287 -0.007903463207185268 
v 3.06669282913208 -0.998677134513855 -0.011225932277739048 
v 3.0071136951446533 -1.2014204263687134 -0.005432909820228815 
v 2.9268112182617188 -1.181640625 -0.008073846809566021 
v 2.9268112182617188 -1.2459250688552856 -0.0015141010517254472 
v 2.9928665161132812 -1.2459250688552856 -0.02170448563992977 
v 2.9281063079833984 -1.3163907527923584 -0.02076737955212593 
v 3.096482515335083 -1.3707853555679321 -0.024260232225060463 
v 3.1767847537994385 -1.5488039255142212 -0.032268233597278595 
v 3.2998287677764893 -1.3967463970184326 -0.028945764526724815 
v 3.3024191856384277 -1.5648750066757202 -0.03047921136021614 
v 3.139224052429199 -0.9084315896034241 -0.017870869487524033 
v 2.9332871437072754 -1.4696846008300781 -0.01557069830596447 
v 2.9332871437072754 -1.5141892433166504 -0.023323124274611473 
v 3.131452798843384 -1.2743586301803589 -0.009948059916496277 
v 3.1741943359375 -1.222436547279358 -0.01199265569448471 
v 3.2946479320526123 -1.1148836612701416 -0.01650780439376831 
v 3.1094343662261963 -1.2249090671539307 -0.02434542216360569 
v 3.0731687545776367 -1.1804044246673584 -0.026304828003048897 
v 3.0602169036865234 -1.1284823417663574 -0.013952059671282768 
v 3.145699977874756 -1.165569543838501 -0.011822272092103958 
v 3.163832902908325 -1.0320556163787842 -0.012248230166733265 
v 3.290762424468994 -0.9071953892707825 -0.019233932718634605 
v 3.0990726947784424 -1.1606245040893555 -0.010374017059803009 
v 3.895620822906494 -1.3559504747390747 0.07038752734661102 
v 3.8982112407684326 -1.504299283027649 0.06757620722055435 
v 3.900801658630371 -1.3559504747390747 -0.025112146511673927 
v 3.902096748352051 -1.5463314056396484 0.045000456273555756 
v 3.8943254947662354 -1.6514118909835815 -0.020000657066702843 
v 3.895620822906494 -1.6477031707763672 0.07720284163951874 
v 3.896915912628174 -1.7873982191085815 -0.02340831607580185 
v 3.895620822906494 -1.7886345386505127 0.07507305592298508 
v 3.856764793395996 -1.3361706733703613 0.09867110103368759 
v 3.8593552112579346 -1.3349343538284302 -0.025708487257361412 
v 3.86712646484375 -1.4239436388015747 0.08504046499729156 
v 3.8593552112579346 -1.3658404350280762 -0.0264752097427845 
v 3.8684215545654297 -1.5475677251815796 0.03537381812930107 
v 3.8684215545654297 -1.687262773513794 -0.022300826385617256 
v 3.871011972427368 -1.6674829721450806 0.08785178512334824 
v 3.871011972427368 -1.8170679807662964 -0.020682187750935555 
v 3.8697168827056885 -1.7379486560821533 0.10293067991733551 
v 3.865831136703491 -1.8145954608917236 0.10378259420394897 
v 3.8800783157348633 -1.4832831621170044 0.06680948287248611 
v 3.856764793395996 -1.3361706733703613 0.09867110103368759 
v 3.8593552112579346 -1.3349343538284302 -0.025708487257361412 
v 3.700045585632324 -1.3225719928741455 0.08930003643035889 
v 3.7531487941741943 -1.3262807130813599 -0.024686189368367195 
v 3.6987504959106445 -1.323808193206787 -0.0279234666377306 
v 3.667665481567383 -1.3065009117126465 -0.018722783774137497 
v 3.667665481567383 -1.3460605144500732 -0.02528253011405468 
v 3.6728463172912598 -1.3089733123779297 0.06536122411489487 
v 3.6637799739837646 -1.4140537977218628 0.06519084423780441 
v 3.6598944664001465 -1.4140537977218628 -0.023749083280563354 
v 3.6987504959106445 -1.323808193206787 -0.0279234666377306 
v 3.700045585632324 -1.3225719928741455 0.08930003643035889 
v 3.6974551677703857 -1.5352052450180054 -0.02860499732196331 
v 3.6987504959106445 -1.526551604270935 0.08725544065237045 
v 3.6974551677703857 -1.8121230602264404 0.0980747640132904 
v 3.6974551677703857 -1.813359260559082 -0.023919465020298958 
v 3.6728463172912598 -1.3089733123779297 0.06536122411489487 
v 3.6391711235046387 -1.3065009117126465 0.06953561305999756 
v 3.6637799739837646 -1.4140537977218628 0.06519084423780441 
v 3.4695000648498535 -1.4140537977218628 0.04755620285868645 
v 3.4604334831237793 -1.2953747510910034 0.058716289699077606 
v 3.3529319763183594 -1.2867209911346436 0.06178318336606026 
v 3.355522394180298 -1.406636357307434 0.053519606590270996 
v 3.349046468734741 -1.4016913175582886 -0.02741231769323349 
v 3.4151015281677246 -1.4078725576400757 -0.03329053148627281 
v 3.349046468734741 -1.285484790802002 -0.025197338312864304 
v 3.4695000648498535 -1.2929022312164307 -0.028945764526724815 
v 3.5381455421447754 -1.348533034324646 -0.025452911853790283 
v 3.667665481567383 -1.3065009117126465 -0.018722783774137497 
v 3.667665481567383 -1.3460605144500732 -0.02528253011405468 
v 3.6598944664001465 -1.4140537977218628 -0.023749083280563354 
v 3.496699094772339 -1.4091087579727173 -0.023919465020298958 
v 3.6728463172912598 -1.3089733123779297 0.06536122411489487 
v 3.6391711235046387 -1.3065009117126465 0.06953561305999756 
v 3.667665481567383 -1.3065009117126465 -0.018722783774137497 
v 3.4604334831237793 -1.2953747510910034 0.058716289699077606 
v 3.4695000648498535 -1.2929022312164307 -0.028945764526724815 
v 3.3529319763183594 -1.2867209911346436 0.06178318336606026 
v 3.349046468734741 -1.285484790802002 -0.025197338312864304 
v 3.652123212814331 -1.4301248788833618 -0.022045252844691277 
v 3.6547136306762695 -1.4350697994232178 0.0674058198928833 
v 3.6585991382598877 -1.542622685432434 -0.02596406079828739 
v 3.657304048538208 -1.5537488460540771 0.05820513889193535 
v 3.6585991382598877 -1.5846549272537231 0.02233951911330223 
v 3.641761541366577 -1.6019622087478638 0.03273288160562515 
v 3.6598944664001465 -1.6229783296585083 0.02404334954917431 
v 3.662484884262085 -1.6613017320632935 -0.022982358932495117 
v 3.6637799739837646 -1.6847903728485107 0.07745841890573502 
v 3.667665481567383 -1.807178020477295 -0.01718933694064617 
v 3.667665481567383 -1.7824532985687256 0.08180318772792816 
v 3.662484884262085 -1.807178020477295 0.076776884496212 
v 3.6508278846740723 -1.6341044902801514 0.07123944163322449 
v 3.6585991382598877 -1.542622685432434 -0.02596406079828739 
v 3.652123212814331 -1.4301248788833618 -0.022045252844691277 
v 3.558868885040283 -1.5488039255142212 -0.021874869242310524 
v 3.482451915740967 -1.4288886785507202 -0.02289716713130474 
v 3.667665481567383 -1.807178020477295 -0.01718933694064617 
v 3.662484884262085 -1.6613017320632935 -0.022982358932495117 
v 3.6339902877807617 -1.808414340019226 -0.023493507876992226 
v 3.4656143188476562 -1.6538842916488647 -0.023493507876992226 
v 3.385312080383301 -1.797288179397583 -0.02315274253487587 
v 3.373655080795288 -1.6526480913162231 -0.022130444645881653 
v 3.364588737487793 -1.5253154039382935 -0.030308827757835388 
v 3.5575735569000244 -1.5648750066757202 -0.028519807383418083 
v 3.6598944664001465 -1.4140537977218628 -0.023749083280563354 
v 3.496699094772339 -1.4091087579727173 -0.023919465020298958 
v 3.6637799739837646 -1.4140537977218628 0.06519084423780441 
v 3.4695000648498535 -1.4140537977218628 0.04755620285868645 
v 3.4151015281677246 -1.4078725576400757 -0.03329053148627281 
v 3.355522394180298 -1.406636357307434 0.053519606590270996 
v 3.349046468734741 -1.4016913175582886 -0.02741231769323349 
v 3.3270280361175537 -0.9220302104949951 -0.028434615582227707 
v 3.325732707977295 -0.9232664704322815 0.09867110103368759 
v 3.3335039615631104 -1.0444179773330688 -0.016592996194958687 
v 3.3386847972869873 -1.0802689790725708 0.10932003706693649 
v 3.3516368865966797 -1.2644686698913574 -0.024430613964796066 
v 3.354227304458618 -1.2657049894332886 0.09270770102739334 
v 3.292057514190674 -0.9096678495407104 0.03375517949461937 
v 3.290762424468994 -0.9071953892707825 -0.019233932718634605 
v 3.2933528423309326 -0.9356288909912109 0.07839552313089371 
v 3.2946479320526123 -1.1148836612701416 -0.01650780439376831 
v 3.2933528423309326 -0.9887871742248535 0.0777139961719513 
v 3.2933528423309326 -1.0320556163787842 0.08188837766647339 
v 3.2933528423309326 -1.0889226198196411 0.02872888185083866 
v 3.2829911708831787 -1.0716153383255005 0.06348701566457748 
v 3.2687439918518066 -1.0876864194869995 0.06680948287248611 
v 3.2946479320526123 -1.1482621431350708 0.025576796382665634 
v 3.266153573989868 -1.1445534229278564 0.06996157020330429 
v 3.297238349914551 -1.208837866783142 0.0703023299574852 
v 3.3037145137786865 -1.3695491552352905 0.059227436780929565 
v 3.2998287677764893 -1.3967463970184326 -0.028945764526724815 
v 3.3076000213623047 -1.5685837268829346 0.04747101292014122 
v 3.3024191856384277 -1.5648750066757202 -0.03047921136021614 
v 3.2933528423309326 -0.9356288909912109 0.07839552313089371 
v 3.292057514190674 -0.9096678495407104 0.03375517949461937 
v 3.2260024547576904 -0.9121403098106384 0.07047271728515625 
v 3.290762424468994 -0.9071953892707825 -0.019233932718634605 
v 3.154766321182251 -0.9071953892707825 0.04227432981133461 
v 3.1521759033203125 -0.9331563711166382 0.08035492897033691 
v 3.135338306427002 -0.9170852899551392 0.031199434772133827 
v 3.139224052429199 -0.9084315896034241 -0.017870869487524033 
v 3.1081392765045166 -0.9084315896034241 0.04943041503429413 
v 3.056331157684326 -0.9109041094779968 0.05905705690383911 
v 2.9242208003997803 -0.9096678495407104 0.07635092735290527 
v 3.0006375312805176 -0.9071953892707825 0.08001416176557541 
v 2.9721431732177734 -0.9109041094779968 -0.013355719856917858 
v 2.9242208003997803 -0.9071953892707825 -0.021874869242310524 
v 3.4539575576782227 -1.5055354833602905 -0.022300826385617256 
v 3.359407901763916 -1.427652359008789 -0.03456840291619301 
v 3.2933528423309326 -1.0320556163787842 0.08188837766647339 
v 3.2933528423309326 -0.9887871742248535 0.0777139961719513 
v 3.2635631561279297 -1.0234019756317139 0.08171799778938293 
v 3.2933528423309326 -0.9356288909912109 0.07839552313089371 
v 3.2389543056488037 -0.9319201707839966 0.08444412052631378 
v 3.2260024547576904 -0.9121403098106384 0.07047271728515625 
v 3.1521759033203125 -0.9331563711166382 0.08035492897033691 
v 3.1923272609710693 -0.9714798331260681 0.08265510201454163 
v 3.2052791118621826 -1.039473056793213 0.06715025007724762 
v 3.2829911708831787 -1.0716153383255005 0.06348701566457748 
v 3.183260917663574 -1.1049937009811401 0.09424114227294922 
v 3.2687439918518066 -1.0876864194869995 0.06680948287248611 
v 3.266153573989868 -1.1445534229278564 0.06996157020330429 
v 3.297238349914551 -1.208837866783142 0.0703023299574852 
v 3.1767847537994385 -1.1989480257034302 0.0935596153140068 
v 3.2208216190338135 -1.2372714281082153 0.07865110039710999 
v 3.163832902908325 -1.2929022312164307 0.08512565493583679 
v 3.3037145137786865 -1.3695491552352905 0.059227436780929565 
v 3.1923272609710693 -1.3992189168930054 0.0641685426235199 
v 3.3076000213623047 -1.5685837268829346 0.04747101292014122 
v 3.105548858642578 -1.4944093227386475 0.06263510137796402 
v 3.149585485458374 -1.5450952053070068 0.05624573677778244 
v 2.955305576324463 -1.5178979635238647 0.07311365008354187 
v 2.9319920539855957 -1.4288886785507202 0.07737322896718979 
v 2.9332871437072754 -1.4944093227386475 0.07081348448991776 
v 2.9268112182617188 -1.323808193206787 0.06979118287563324 
v 2.9371728897094727 -1.3102096319198608 0.079332634806633 
v 2.985095262527466 -1.3497692346572876 0.08248471468687057 
v 2.9773240089416504 -1.269413709640503 0.07311365008354187 
v 2.9566009044647217 -1.2718861103057861 0.06195356696844101 
v 2.9332871437072754 -1.2718861103057861 0.06553161144256592 
v 2.9902760982513428 -1.2249090671539307 0.06519084423780441 
v 2.9928665161132812 -1.2409801483154297 0.06246471405029297 
v 3.0356080532073975 -1.2100741863250732 0.056842077523469925 
v 3.0252463817596436 -1.2545788288116455 0.07890667766332626 
v 3.038198471069336 -1.2929022312164307 0.08512565493583679 
v 3.1366336345672607 -1.3349343538284302 0.07294327020645142 
v 3.126271963119507 -1.3163907527923584 0.08793697506189346 
v 3.1379287242889404 -1.217491626739502 0.0961153581738472 
v 3.106843948364258 -1.260759949684143 0.0809512734413147 
v 3.1094343662261963 -1.2051291465759277 0.07422114163637161 
v 3.091301679611206 -1.1940029859542847 0.07055790722370148 
v 3.1223864555358887 -1.175459384918213 0.07737322896718979 
v 3.0692832469940186 -1.1717506647109985 0.05522343888878822 
v 3.056331157684326 -1.1593883037567139 0.05905705690383911 
v 3.0835304260253906 -1.1507346630096436 0.07601016759872437 
v 3.0550360679626465 -1.1223011016845703 0.05743841826915741 
v 3.091301679611206 -1.1470259428024292 0.07285808026790619 
v 3.100368022918701 -1.124773621559143 0.07217654585838318 
v 3.1185007095336914 -1.107466220855713 0.07549901306629181 
v 3.0887112617492676 -1.0839776992797852 0.061357226222753525 
v 3.0589215755462646 -1.0938676595687866 0.05292326584458351 
v 3.003227949142456 -1.1396085023880005 0.09338922798633575 
v 3.0109992027282715 -1.2014204263687134 0.0780547633767128 
v 2.9617815017700195 -1.2100741863250732 0.09202616661787033 
v 2.9423534870147705 -1.2434526681900024 0.09100386500358582 
v 2.9268112182617188 -1.1062300205230713 0.0874258279800415 
v 2.92551589012146 -1.2483975887298584 0.07899186760187149 
v 3.130157709121704 -1.1532070636749268 0.08912965655326843 
v 2.9229257106781006 -1.025874376296997 0.09279289096593857 
v 3.036903142929077 -1.0604891777038574 0.0883629322052002 
v 3.0446743965148926 -0.9356288909912109 0.08435893058776855 
v 3.062807083129883 -0.9381013512611389 0.07703246176242828 
v 3.056331157684326 -0.9109041094779968 0.05905705690383911 
v 3.0006375312805176 -0.9071953892707825 0.08001416176557541 
v 2.944943904876709 -0.9615899324417114 0.09142982214689255 
v 2.9242208003997803 -0.9096678495407104 0.07635092735290527 
v 3.0653975009918213 -1.0431817770004272 0.06791697442531586 
v 3.1120247840881348 -1.0184569358825684 0.0551382452249527 
v 3.0731687545776367 -0.9900234341621399 0.06697986274957657 
v 3.0796449184417725 -0.9356288909912109 0.07754360884428024 
v 3.1081392765045166 -0.9084315896034241 0.04943041503429413 
v 3.1223864555358887 -0.9504637718200684 0.05846071615815163 
v 3.135338306427002 -0.9170852899551392 0.031199434772133827 
v 3.105548858642578 -0.9776610136032104 0.06382778286933899 
v 3.1275672912597656 -0.9801335334777832 0.07175058871507645 
v 3.1366336345672607 -0.9591174125671387 0.07294327020645142 
v 3.159947156906128 -0.9813697338104248 0.07158020883798599 
v 3.159947156906128 -1.009803295135498 0.06084607541561127 
v 3.1573567390441895 -1.050599217414856 0.06757620722055435 
v 3.144404888153076 -0.9764248132705688 0.07916224747896194 
v 3.1288623809814453 -0.998677134513855 0.06459449976682663 
v 3.1275672912597656 -1.055544137954712 0.0632314383983612 
v 3.144404888153076 -1.1111749410629272 0.09168539941310883 
v 3.135338306427002 -0.9170852899551392 0.031199434772133827 
v 3.1223864555358887 -0.9504637718200684 0.05846071615815163 
v 3.1521759033203125 -0.9331563711166382 0.08035492897033691 
v 2.9242208003997803 -0.9071953892707825 -0.021874869242310524 
v 2.9242208003997803 -0.9096678495407104 0.07635092735290527 
v 2.9242208003997803 -1.0530717372894287 -0.007903463207185268 
v 2.9229257106781006 -1.025874376296997 0.09279289096593857 
v 2.9268112182617188 -1.1062300205230713 0.0874258279800415 
v 2.9268112182617188 -1.181640625 -0.008073846809566021 
v 2.92551589012146 -1.2483975887298584 0.07899186760187149 
v 2.9268112182617188 -1.2459250688552856 -0.0015141010517254472 
v 2.9332871437072754 -1.2718861103057861 0.06553161144256592 
v 2.9268112182617188 -1.323808193206787 0.06979118287563324 
v 2.9371728897094727 -1.3102096319198608 0.079332634806633 
v 2.9281063079833984 -1.3163907527923584 -0.02076737955212593 
v 2.9319920539855957 -1.4288886785507202 0.07737322896718979 
v 2.9332871437072754 -1.4696846008300781 -0.01557069830596447 
v 2.9332871437072754 -1.4944093227386475 0.07081348448991776 
v 2.9332871437072754 -1.5141892433166504 -0.023323124274611473 
v 2.955305576324463 -1.5178979635238647 0.07311365008354187 
v 3.130157709121704 -1.1532070636749268 0.08912965655326843 
v 3.1379287242889404 -1.217491626739502 0.0961153581738472 
v 3.1223864555358887 -1.175459384918213 0.07737322896718979 
v 3.036903142929077 -1.0604891777038574 0.0883629322052002 
v 3.003227949142456 -1.1396085023880005 0.09338922798633575 
v 3.0589215755462646 -1.0938676595687866 0.05292326584458351 
v 2.9902760982513428 -1.2249090671539307 0.06519084423780441 
v 3.0109992027282715 -1.2014204263687134 0.0780547633767128 
v 3.056331157684326 -1.1593883037567139 0.05905705690383911 
v 4.113214492797852 -1.838084101676941 -0.0174449123442173 
v 4.117099761962891 -1.8974236249923706 -0.02834942378103733 
v 3.9085729122161865 -1.8430290222167969 -0.013611294329166412 
v 3.8787832260131836 -1.8912423849105835 -0.02766789123415947 
v 3.7868239879608154 -1.8405565023422241 -0.02408984862267971 
v 3.6547136306762695 -1.881352424621582 -0.030138444155454636 
v 3.799776077270508 -1.9604718685150146 -0.002621590392664075 
v 3.9759232997894287 -1.9839603900909424 -0.011907463893294334 
v 3.9137535095214844 -2.076678514480591 -0.0067959739826619625 
v 3.9474287033081055 -2.079150915145874 -0.016337422654032707 
v 4.038092613220215 -2.0136301517486572 -0.015144741162657738 
v 3.6896839141845703 -1.838084101676941 -0.022726785391569138 
v 3.5420312881469727 -1.8368477821350098 -0.006455208174884319 
v 3.549802303314209 -1.8566277027130127 -0.02434542216360569 
v 3.36976957321167 -1.8343753814697266 -0.01557069830596447 
v 3.373655080795288 -1.8689900636672974 -0.028690189123153687 
v 3.442300796508789 -1.9481093883514404 -0.01863759197294712 
v 3.3827216625213623 -2.0123939514160156 -0.021874869242310524 
v 3.569230318069458 -2.16074275970459 -0.02076737955212593 
v 3.393083095550537 -2.2176096439361572 -0.013952059671282768 
v 3.7777576446533203 -2.2559332847595215 -0.013952059671282768 
v 3.589953660964966 -2.321453809738159 -0.02553810365498066 
v 3.399559259414673 -2.2757129669189453 -0.02408984862267971 
v 3.4021496772766113 -2.3721396923065186 -0.014718783088028431 
v 3.5381455421447754 -2.4116995334625244 -0.017530102282762527 
v 3.408625602722168 -2.478456497192383 -0.012588996440172195 
v 3.5290791988372803 -2.4883463382720947 -0.020171038806438446 
v 3.6741416454315186 -2.4994723796844482 -0.017615294083952904 
v 3.661189556121826 -2.338761329650879 -0.01463359221816063 
v 3.81402325630188 -2.37337589263916 -0.0174449123442173 
v 3.900801658630371 -2.3115639686584473 -0.01250380463898182 
v 4.073063373565674 -2.3338162899017334 -0.027241934090852737 
v 3.900801658630371 -2.516779899597168 -0.017615294083952904 
v 4.049749374389648 -2.530378580093384 -0.026390019804239273 
v 4.146889686584473 -2.351123571395874 -0.021108146756887436 
v 4.158546447753906 -2.5377960205078125 -0.025367721915245056 
v 4.140413761138916 -2.2522244453430176 -0.022811975330114365 
v 3.9862847328186035 -2.212664842605591 -0.01718933694064617 
v 4.124871253967285 -2.037118673324585 -0.01676337979733944 
v 4.038092613220215 -2.07544207572937 -0.01889316737651825 
v 3.9435431957244873 -2.1261279582977295 -0.012418612837791443 
v 3.7777576446533203 -2.1496164798736572 -0.00560329295694828 
v 3.7414920330047607 -2.0519535541534424 -0.020596997812390327 
v 3.690979242324829 -1.974070429801941 -0.01914874091744423 
v 3.852879285812378 -2.2262635231018066 -0.00952210184186697 
v 3.9526095390319824 -2.166923999786377 -0.02008584886789322 
v 3.8891448974609375 -2.2435708045959473 -0.01701895333826542 
v 3.8787832260131836 -2.2856030464172363 -0.020000657066702843 
v 4.1326422691345215 -2.133545398712158 -0.01838201843202114 
v 4.1274614334106445 -2.095221996307373 -0.015911463648080826 
v 3.355522394180298 -1.406636357307434 0.053519606590270996 
v 3.3529319763183594 -1.2867209911346436 0.06178318336606026 
v 3.349046468734741 -1.4016913175582886 -0.02741231769323349 
v 3.349046468734741 -1.285484790802002 -0.025197338312864304 
v 3.359407901763916 -1.427652359008789 -0.03456840291619301 
v 3.3632936477661133 -1.4313610792160034 0.04789697006344795 
v 3.482451915740967 -1.4288886785507202 -0.02289716713130474 
v 3.544621706008911 -1.4325973987579346 0.05266769230365753 
v 3.652123212814331 -1.4301248788833618 -0.022045252844691277 
v 3.6547136306762695 -1.4350697994232178 0.0674058198928833 
v 3.6547136306762695 -1.4350697994232178 0.0674058198928833 
v 3.544621706008911 -1.4325973987579346 0.05266769230365753 
v 3.5873632431030273 -1.5302603244781494 0.06144241616129875 
v 3.4746809005737305 -1.526551604270935 0.05462709814310074 
v 3.3632936477661133 -1.4313610792160034 0.04789697006344795 
v 3.378835916519165 -1.583418607711792 0.03895186260342598 
v 3.4435958862304688 -1.562402606010437 0.04781177639961243 
v 3.4500720500946045 -1.614324688911438 0.023702582344412804 
v 3.378835916519165 -1.6069072484970093 0.023021051660180092 
v 3.3827216625213623 -1.6501755714416504 0.04849331080913544 
v 3.505765676498413 -1.6749004125595093 0.05794956535100937 
v 3.389197587966919 -1.781217098236084 0.060164544731378555 
v 3.549802303314209 -1.8047056198120117 0.07728803902864456 
v 3.3879024982452393 -1.7985243797302246 0.05462709814310074 
v 3.47597599029541 -1.5970172882080078 0.020976455882191658 
v 3.53037428855896 -1.6081434488296509 0.015524199232459068 
v 3.549802303314209 -1.5648750066757202 0.034095946699380875 
v 3.5808873176574707 -1.6093796491622925 0.02830292470753193 
v 3.5666399002075195 -1.6736642122268677 0.06331662833690643 
v 3.6210384368896484 -1.5747649669647217 0.05607535317540169 
v 3.657304048538208 -1.5537488460540771 0.05820513889193535 
v 3.641761541366577 -1.6019622087478638 0.03273288160562515 
v 3.6508278846740723 -1.6341044902801514 0.07123944163322449 
v 3.6637799739837646 -1.6847903728485107 0.07745841890573502 
v 3.662484884262085 -1.807178020477295 0.076776884496212 
v 4.089900970458984 -1.8405565023422241 0.06979118287563324 
v 4.113214492797852 -1.838084101676941 -0.0174449123442173 
v 3.934476852416992 -1.8405565023422241 0.06595756858587265 
v 3.9085729122161865 -1.8430290222167969 -0.013611294329166412 
v 3.7907094955444336 -1.8393203020095825 0.07243212312459946 
v 3.7868239879608154 -1.8405565023422241 -0.02408984862267971 
v 3.6896839141845703 -1.838084101676941 -0.022726785391569138 
v 3.7039310932159424 -1.8368477821350098 0.0677465870976448 
v 3.5420312881469727 -1.8368477821350098 -0.006455208174884319 
v 3.51094651222229 -1.8356115818023682 0.07924743741750717 
v 3.36976957321167 -1.8343753814697266 -0.01557069830596447 
v 3.3775408267974854 -1.8368477821350098 0.0625499039888382 
v 3.126271963119507 -1.3163907527923584 0.08793697506189346 
v 3.1366336345672607 -1.3349343538284302 0.07294327020645142 
v 3.106843948364258 -1.260759949684143 0.0809512734413147 
v 2.9902760982513428 -1.2249090671539307 0.06519084423780441 
v 2.9423534870147705 -1.2434526681900024 0.09100386500358582 
v 2.9332871437072754 -1.2718861103057861 0.06553161144256592 
v 2.955305576324463 -1.5178979635238647 0.07311365008354187 
v 3.149585485458374 -1.5450952053070068 0.05624573677778244 
v 2.9332871437072754 -1.5141892433166504 -0.023323124274611473 
v 3.1767847537994385 -1.5488039255142212 -0.032268233597278595 
v 3.3076000213623047 -1.5685837268829346 0.04747101292014122 
v 3.3024191856384277 -1.5648750066757202 -0.03047921136021614 
v 2.9527151584625244 -1.5772374868392944 -0.022386018186807632 
v 3.0317223072052 -1.6810816526412964 -0.02247120998799801 
v 2.9630768299102783 -1.6922078132629395 -0.024515805765986443 
v 2.9682576656341553 -1.7428935766220093 -0.029627295210957527 
v 3.0459694862365723 -1.7626734972000122 -0.02979767881333828 
v 2.9812095165252686 -1.892478585243225 -0.024686189368367195 
v 3.1288623809814453 -1.5797098875045776 -0.025367721915245056 
v 3.1780800819396973 -1.7058063745498657 -0.025623295456171036 
v 3.189736843109131 -1.8405565023422241 -0.027497507631778717 
v 3.2933528423309326 -1.8158317804336548 -0.020426614210009575 
v 3.297238349914551 -1.8714625835418701 -0.027071550488471985 
v 3.2842864990234375 -1.5846549272537231 -0.029201338067650795 
v 2.9876856803894043 -1.9542906284332275 -0.0203414224088192 
v 3.0343127250671387 -1.9555268287658691 -0.01914874091744423 
v 3.0550360679626465 -1.9097859859466553 -0.026815976947546005 
v 3.1975080966949463 -1.9048410654067993 -0.02766789123415947 
v 3.077054500579834 -1.9320383071899414 -0.015741081908345222 
v 3.1379287242889404 -1.9555268287658691 -0.018296826630830765 
v 3.203984022140503 -1.9542906284332275 -0.0076478892005980015 
v 3.297238349914551 -1.9592355489730835 -0.02673078514635563 
v 4.040683269500732 -1.6378132104873657 0.030006753280758858 
v 3.9823992252349854 -1.5772374868392944 0.051134247332811356 
v 3.990170478820801 -1.6007260084152222 0.02830292470753193 
v 3.915048837661743 -1.5327328443527222 0.051900967955589294 
v 4.019959926605225 -1.6736642122268677 0.053264033049345016 
v 4.008303165435791 -1.6316319704055786 0.031029051169753075 
v 4.000532150268555 -1.6217421293258667 0.04218913987278938 
v 4.1235761642456055 -1.7639096975326538 0.07592497020959854 
v 4.126166343688965 -1.7960519790649414 0.031455010175704956 
v 4.086015224456787 -1.7935794591903687 0.07498786598443985 
v 4.1274614334106445 -1.7948156595230103 -0.021193336695432663 
v 3.895620822906494 -1.7886345386505127 0.07507305592298508 
v 3.896915912628174 -1.7873982191085815 -0.02340831607580185 
v 3.934476852416992 -1.5599300861358643 0.037418413907289505 
v 3.909868001937866 -1.5525126457214355 0.0235322006046772 
v 3.915048837661743 -1.5327328443527222 0.051900967955589294 
v 3.902096748352051 -1.5463314056396484 0.045000456273555756 
v 3.930591106414795 -1.57352876663208 0.03682207316160202 
v 3.978513717651367 -1.6081434488296509 0.034607093781232834 
v 3.9267055988311768 -1.572292447090149 0.054967865347862244 
v 4.000532150268555 -1.6217421293258667 0.04218913987278938 
v 4.008303165435791 -1.6316319704055786 0.031029051169753075 
v 3.9267055988311768 -1.572292447090149 0.054967865347862244 
v 3.902096748352051 -1.5463314056396484 0.045000456273555756 
v 3.930591106414795 -1.57352876663208 0.03682207316160202 
v 3.909868001937866 -1.5525126457214355 0.0235322006046772 
v 4.124871253967285 -2.0321738719940186 0.08401816338300705 
v 4.048454284667969 -1.92214834690094 0.07652131468057632 
v 4.115804672241211 -1.8726987838745117 0.07038752734661102 
v 4.089900970458984 -1.8405565023422241 0.06979118287563324 
v 3.911163091659546 -1.9159672260284424 0.07106905430555344 
v 3.934476852416992 -1.8405565023422241 0.06595756858587265 
v 3.7907094955444336 -1.8393203020095825 0.07243212312459946 
v 3.81402325630188 -1.890006184577942 0.07251731306314468 
v 3.7466728687286377 -1.8887698650360107 0.05650131031870842 
v 3.8049569129943848 -1.928329586982727 0.09296327084302902 
v 3.8982112407684326 -1.9703617095947266 0.09543382376432419 
v 4.048454284667969 -2.0346462726593018 0.08648871630430222 
v 4.122280597686768 -2.0865683555603027 0.0686836913228035 
v 4.017369747161865 -2.0902769565582275 0.06331662833690643 
v 4.067882537841797 -2.1100568771362305 0.06101645901799202 
v 4.102852821350098 -2.105111837387085 0.06203875690698624 
v 4.117099761962891 -2.163215160369873 0.08342182636260986 
v 4.131347179412842 -2.127364158630371 0.06340181827545166 
v 3.7039310932159424 -1.8368477821350098 0.0677465870976448 
v 4.014779090881348 -2.121183156967163 0.07720284163951874 
v 4.005712985992432 -2.1644513607025146 0.08802216500043869 
v 4.1235761642456055 -2.2423346042633057 0.07703246176242828 
v 4.029026508331299 -2.269531726837158 0.07549901306629181 
v 4.146889686584473 -2.361013650894165 0.07686208188533783 
v 4.1235761642456055 -2.464857816696167 0.07762879878282547 
v 4.157251358032227 -2.5019450187683105 0.07498786598443985 
v 4.119690418243408 -2.506889820098877 0.07183577865362167 
v 4.124871253967285 -2.536559581756592 0.07541382312774658 
v 4.001827239990234 -2.454967737197876 0.07583978027105331 
v 4.040683269500732 -2.5056536197662354 0.07379518449306488 
v 3.852879285812378 -2.496999979019165 0.08061050623655319 
v 3.812727928161621 -2.3783209323883057 0.07865110039710999 
v 3.72594952583313 -2.4500229358673096 0.07907705754041672 
v 3.729835271835327 -2.380793333053589 0.07115425169467926 
v 3.6948647499084473 -2.4141719341278076 0.05982377752661705 
v 3.6534183025360107 -2.4722752571105957 0.08231433480978012 
v 3.609381675720215 -2.4401328563690186 0.06825773417949677 
v 3.599020004272461 -2.4932913780212402 0.07950301468372345 
v 4.04456901550293 -2.529142141342163 0.05394556373357773 
v 3.8645360469818115 -2.5155436992645264 0.049515608698129654 
v 3.617152690887451 -2.4042820930480957 0.07992897182703018 
v 3.7129976749420166 -2.3103277683258057 0.0867442935705185 
v 3.5238983631134033 -2.4141719341278076 0.08035492897033691 
v 3.5614593029022217 -2.45867657661438 0.07072829455137253 
v 3.5277841091156006 -2.483401298522949 0.05573458597064018 
v 3.521307945251465 -2.4623851776123047 0.0522417351603508 
v 3.4682047367095947 -2.4698026180267334 0.052326928824186325 
v 3.4733855724334717 -2.454967737197876 0.04670428857207298 
v 3.412511110305786 -2.471039056777954 0.06570199131965637 
v 3.4112160205841064 -2.4524953365325928 0.05888667330145836 
v 3.40474009513855 -2.422825574874878 0.08410335332155228 
v 3.408625602722168 -2.477220058441162 0.036907266825437546 
v 3.4604334831237793 -2.4178805351257324 0.08120684325695038 
v 3.5031752586364746 -2.3301076889038086 0.07541382312774658 
v 3.4021496772766113 -2.335052490234375 0.07992897182703018 
v 3.470795154571533 -2.2497520446777344 0.07660650461912155 
v 3.393083095550537 -2.2225546836853027 0.08197356760501862 
v 3.516127109527588 -2.1743414402008057 0.08274029195308685 
v 3.3827216625213623 -2.021047592163086 0.07745841890573502 
v 3.6728463172912598 -2.273240566253662 0.07924743741750717 
v 3.780348062515259 -2.3041465282440186 0.0780547633767128 
v 3.847698450088501 -2.3115639686584473 0.09066310524940491 
v 3.8489935398101807 -2.273240566253662 0.08171799778938293 
v 3.8554697036743164 -2.234917163848877 0.08299586921930313 
v 3.7777576446533203 -2.2596418857574463 0.07302846014499664 
v 3.9422481060028076 -2.118710517883301 0.0854664221405983 
v 3.9616758823394775 -2.076678514480591 0.08078088611364365 
v 3.990170478820801 -2.0704972743988037 0.08163280040025711 
v 3.9085729122161865 -2.0519535541534424 0.08367739617824554 
v 3.8451080322265625 -1.9827241897583008 0.09671169519424438 
v 3.7479679584503174 -1.9592355489730835 0.0628906711935997 
v 3.7324256896972656 -1.912258505821228 0.05769399181008339 
v 4.043273448944092 -2.108820676803589 0.05036752298474312 
v 3.916343927383423 -2.0717334747314453 0.07447671890258789 
v 3.8256800174713135 -2.049481153488159 0.06544642150402069 
v 3.819204092025757 -2.017338991165161 0.07779918611049652 
v 3.7855288982391357 -2.021047592163086 0.07260250300168991 
v 3.9046871662139893 -2.082859516143799 0.08529603481292725 
v 3.877487897872925 -2.153325319290161 0.09850072115659714 
v 3.780348062515259 -2.241098403930664 0.08205875754356384 
v 3.7414920330047607 -2.173105001449585 0.09398557245731354 
v 3.5977249145507812 -2.108820676803589 0.08205875754356384 
v 3.817908763885498 -2.111293077468872 0.0812920406460762 
v 3.7958903312683105 -2.1421990394592285 0.0780547633767128 
v 3.72594952583313 -2.118710517883301 0.09424114227294922 
v 3.794595241546631 -2.118710517883301 0.06493526697158813 
v 3.8049569129943848 -2.0544261932373047 0.06024973466992378 
v 3.7725768089294434 -2.023519992828369 0.059653397649526596 
v 3.735016107559204 -1.9666529893875122 0.04414854198694229 
v 3.687093496322632 -2.00744891166687 0.07251731306314468 
v 3.7078168392181396 -1.9567631483078003 0.04755620285868645 
v 3.652123212814331 -1.9147309064865112 0.07601016759872437 
v 3.7168831825256348 -1.9184396266937256 0.04866369068622589 
v 3.7129976749420166 -1.8961873054504395 0.040740884840488434 
v 3.7272448539733887 -1.9419282674789429 0.038866668939590454 
v 3.656008720397949 -1.8937149047851562 0.06834293156862259 
v 3.574411153793335 -1.8801162242889404 0.07268769294023514 
v 3.5782968997955322 -1.906077265739441 0.08265510201454163 
v 3.374950408935547 -1.8937149047851562 0.06399816274642944 
v 3.3814263343811035 -1.9357470273971558 0.07447671890258789 
v 3.7142927646636963 -2.0581347942352295 0.07660650461912155 
v 3.51094651222229 -1.8356115818023682 0.07924743741750717 
v 3.3775408267974854 -1.8368477821350098 0.0625499039888382 
v 3.735016107559204 -2.1001670360565186 0.07813995331525803 
v 4.120985507965088 -1.7206412553787231 0.05292326584458351 
v 4.110623836517334 -1.6909714937210083 0.023958157747983932 
v 4.0795392990112305 -1.671191692352295 0.03656649962067604 
v 4.089900970458984 -1.8405565023422241 0.06979118287563324 
v 4.113214492797852 -1.838084101676941 -0.0174449123442173 
v 4.115804672241211 -1.8726987838745117 0.07038752734661102 
v 4.117099761962891 -1.8974236249923706 -0.02834942378103733 
v 4.124871253967285 -2.037118673324585 -0.01676337979733944 
v 4.124871253967285 -2.0321738719940186 0.08401816338300705 
v 4.1274614334106445 -2.095221996307373 -0.015911463648080826 
v 4.122280597686768 -2.0865683555603027 0.0686836913228035 
v 3.641761541366577 -1.6019622087478638 0.03273288160562515 
v 3.5808873176574707 -1.6093796491622925 0.02830292470753193 
v 3.6508278846740723 -1.6341044902801514 0.07123944163322449 
v 3.871011972427368 -1.8170679807662964 -0.020682187750935555 
v 3.8010711669921875 -1.8158317804336548 -0.0219600610435009 
v 3.865831136703491 -1.8145954608917236 0.10378259420394897 
v 3.6974551677703857 -1.8121230602264404 0.0980747640132904 
v 3.6974551677703857 -1.813359260559082 -0.023919465020298958 
v 3.549802303314209 -1.8566277027130127 -0.02434542216360569 
v 3.6547136306762695 -1.881352424621582 -0.030138444155454636 
v 3.5420312881469727 -1.8368477821350098 -0.006455208174884319 
v 3.667665481567383 -1.807178020477295 -0.01718933694064617 
v 3.662484884262085 -1.807178020477295 0.076776884496212 
v 3.6339902877807617 -1.808414340019226 -0.023493507876992226 
v 3.549802303314209 -1.8047056198120117 0.07728803902864456 
v 3.385312080383301 -1.797288179397583 -0.02315274253487587 
v 3.3879024982452393 -1.7985243797302246 0.05462709814310074 
v 4.1274614334106445 -2.095221996307373 -0.015911463648080826 
v 4.122280597686768 -2.0865683555603027 0.0686836913228035 
v 4.111919403076172 -2.1038756370544434 0.024554498493671417 
v 4.102852821350098 -2.105111837387085 0.06203875690698624 
v 4.017369747161865 -2.0902769565582275 0.06331662833690643 
v 4.043273448944092 -2.108820676803589 0.05036752298474312 
v 4.067882537841797 -2.1100568771362305 0.06101645901799202 
v 4.102852821350098 -2.105111837387085 0.06203875690698624 
v 4.111919403076172 -2.1038756370544434 0.024554498493671417 
v 4.126166343688965 -2.121183156967163 0.023447008803486824 
v 4.1274614334106445 -2.095221996307373 -0.015911463648080826 
v 4.1326422691345215 -2.133545398712158 -0.01838201843202114 
v 4.131347179412842 -2.127364158630371 0.06340181827545166 
v 4.140413761138916 -2.2522244453430176 -0.022811975330114365 
v 4.140413761138916 -2.257169485092163 0.05982377752661705 
v 4.146889686584473 -2.351123571395874 -0.021108146756887436 
v 4.146889686584473 -2.361013650894165 0.07686208188533783 
v 4.157251358032227 -2.5019450187683105 0.07498786598443985 
v 4.158546447753906 -2.5377960205078125 -0.025367721915245056 
v 4.158546447753906 -2.5377960205078125 0.021572794765233994 
v 4.124871253967285 -2.536559581756592 0.07541382312774658 
v 4.117099761962891 -2.163215160369873 0.08342182636260986 
v 4.1235761642456055 -2.2423346042633057 0.07703246176242828 
v 4.102852821350098 -2.105111837387085 0.06203875690698624 
v 4.126166343688965 -2.121183156967163 0.023447008803486824 
v 4.131347179412842 -2.127364158630371 0.06340181827545166 
v 3.7324256896972656 -1.912258505821228 0.05769399181008339 
v 3.7272448539733887 -1.9419282674789429 0.038866668939590454 
v 3.7479679584503174 -1.9592355489730835 0.0628906711935997 
v 3.735016107559204 -1.9666529893875122 0.04414854198694229 
v 3.7855288982391357 -2.021047592163086 0.07260250300168991 
v 3.292057514190674 -1.5871273279190063 0.0493452250957489 
v 3.2117552757263184 -1.5858911275863647 0.055393822491168976 
v 3.2842864990234375 -1.5846549272537231 -0.029201338067650795 
v 3.135338306427002 -1.5846549272537231 0.06059050187468529 
v 3.1288623809814453 -1.5797098875045776 -0.025367721915245056 
v 3.0407888889312744 -1.5797098875045776 0.07464709877967834 
v 2.9527151584625244 -1.5772374868392944 -0.022386018186807632 
v 2.9527151584625244 -1.5760011672973633 0.07558420300483704 
v 3.359407901763916 -1.427652359008789 -0.03456840291619301 
v 3.3632936477661133 -1.4313610792160034 0.04789697006344795 
v 3.364588737487793 -1.5253154039382935 -0.030308827757835388 
v 3.378835916519165 -1.583418607711792 0.03895186260342598 
v 3.378835916519165 -1.6069072484970093 0.023021051660180092 
v 3.373655080795288 -1.6526480913162231 -0.022130444645881653 
v 3.3827216625213623 -1.6501755714416504 0.04849331080913544 
v 3.3879024982452393 -1.7985243797302246 0.05462709814310074 
v 3.389197587966919 -1.781217098236084 0.060164544731378555 
v 3.385312080383301 -1.797288179397583 -0.02315274253487587 
v 3.2117552757263184 -1.5858911275863647 0.055393822491168976 
v 3.1716039180755615 -1.6810816526412964 0.06212395057082176 
v 3.292057514190674 -1.5871273279190063 0.0493452250957489 
v 3.2985336780548096 -1.8393203020095825 0.058545906096696854 
v 3.1469953060150146 -1.619269609451294 0.054201140999794006 
v 3.135338306427002 -1.5846549272537231 0.06059050187468529 
v 3.130157709121704 -1.6106159687042236 0.04576718062162399 
v 3.144404888153076 -1.6909714937210083 0.05726803466677666 
v 3.130157709121704 -1.7330037355422974 0.05820513889193535 
v 3.130157709121704 -1.8145954608917236 0.05846071615815163 
v 3.1236815452575684 -1.7713271379470825 0.053264033049345016 
v 3.106843948364258 -1.7873982191085815 0.05121943727135658 
v 3.0602169036865234 -1.8442652225494385 0.06749101728200912 
v 3.0731687545776367 -1.813359260559082 0.05053790658712387 
v 3.0161800384521484 -1.860336422920227 0.0625499039888382 
v 3.0291318893432617 -1.8949511051177979 0.06715025007724762 
v 2.988980770111084 -1.9555268287658691 0.07618054747581482 
v 3.061511993408203 -1.9184396266937256 0.07788437604904175 
v 3.1029584407806396 -1.9592355489730835 0.07362480461597443 
v 3.1327478885650635 -1.8961873054504395 0.0657871812582016 
v 2.983799934387207 -1.8689900636672974 0.0674058198928833 
v 3.1767847537994385 -1.9567631483078003 0.07566940039396286 
v 3.232478380203247 -1.9592355489730835 0.06655390560626984 
v 3.3024191856384277 -1.9592355489730835 0.06629833579063416 
v 3.126271963119507 -1.6897352933883667 0.034095946699380875 
v 3.110729694366455 -1.7354761362075806 0.04943041503429413 
v 3.101663112640381 -1.7750358581542969 0.028814073652029037 
v 3.0835304260253906 -1.7330037355422974 0.06357220560312271 
v 3.087415933609009 -1.7849258184432983 0.03213654085993767 
v 3.0356080532073975 -1.7589647769927979 0.06050531193614006 
v 2.965667247772217 -1.7070426940917969 0.07132463157176971 
v 2.979914426803589 -1.8059418201446533 0.059908971190452576 
v 3.0731687545776367 -1.792343258857727 0.02523602917790413 
v 3.0200655460357666 -1.8281941413879395 0.02591756172478199 
v 3.105548858642578 -1.6600655317306519 0.05811994895339012 
v 3.0407888889312744 -1.5797098875045776 0.07464709877967834 
v 2.9527151584625244 -1.5760011672973633 0.07558420300483704 
v 3.0835304260253906 -1.6007260084152222 0.06655390560626984 
v 3.3140759468078613 -1.6810816526412964 -0.021108146756887436 
v 3.349046468734741 -1.688499093055725 -0.02247120998799801 
v 3.3179616928100586 -1.6847903728485107 0.019443007186055183 
v 3.355522394180298 -1.6946802139282227 0.0506230965256691 
v 3.3270280361175537 -1.6897352933883667 0.0493452250957489 
v 3.355522394180298 -1.6946802139282227 0.0506230965256691 
v 3.355522394180298 -1.8628088235855103 0.06246471405029297 
v 3.349046468734741 -1.688499093055725 -0.02247120998799801 
v 3.3516368865966797 -1.8628088235855103 -0.024004656821489334 
v 3.3270280361175537 -1.8665175437927246 0.059483014047145844 
v 3.355522394180298 -1.8628088235855103 0.06246471405029297 
v 3.325732707977295 -1.8343753814697266 0.06331662833690643 
v 3.355522394180298 -1.6946802139282227 0.0506230965256691 
v 3.3270280361175537 -1.6897352933883667 0.0493452250957489 
v 3.2842864990234375 -1.5846549272537231 -0.029201338067650795 
v 3.2933528423309326 -1.8158317804336548 -0.020426614210009575 
v 3.292057514190674 -1.5871273279190063 0.0493452250957489 
v 3.2985336780548096 -1.8393203020095825 0.058545906096696854 
v 3.3024191856384277 -1.9592355489730835 0.06629833579063416 
v 3.297238349914551 -1.8714625835418701 -0.027071550488471985 
v 3.297238349914551 -1.9592355489730835 -0.02673078514635563 
v 3.3244376182556152 -1.865281343460083 -0.026560401543974876 
v 3.3516368865966797 -1.8628088235855103 -0.024004656821489334 
v 3.3270280361175537 -1.8665175437927246 0.059483014047145844 
v 3.355522394180298 -1.8628088235855103 0.06246471405029297 
v 3.349046468734741 -1.688499093055725 -0.02247120998799801 
v 3.3516368865966797 -1.8628088235855103 -0.024004656821489334 
v 3.3140759468078613 -1.6810816526412964 -0.021108146756887436 
v 3.3244376182556152 -1.865281343460083 -0.026560401543974876 
v 3.3270280361175537 -1.6897352933883667 0.0493452250957489 
v 3.3179616928100586 -1.6847903728485107 0.019443007186055183 
v 3.325732707977295 -1.8343753814697266 0.06331662833690643 
v 3.3140759468078613 -1.6810816526412964 -0.021108146756887436 
v 3.3270280361175537 -1.8665175437927246 0.059483014047145844 
v 3.3244376182556152 -1.865281343460083 -0.026560401543974876 
v 3.130157709121704 -1.6106159687042236 0.04576718062162399 
v 3.126271963119507 -1.6897352933883667 0.034095946699380875 
v 3.144404888153076 -1.6909714937210083 0.05726803466677666 
v 3.130157709121704 -1.7330037355422974 0.05820513889193535 
v 2.9527151584625244 -1.5772374868392944 -0.022386018186807632 
v 2.9630768299102783 -1.6922078132629395 -0.024515805765986443 
v 2.9527151584625244 -1.5760011672973633 0.07558420300483704 
v 2.965667247772217 -1.7070426940917969 0.07132463157176971 
v 2.9682576656341553 -1.7428935766220093 -0.029627295210957527 
v 2.9812095165252686 -1.892478585243225 -0.024686189368367195 
v 2.979914426803589 -1.829430341720581 0.03392556309700012 
v 2.9825048446655273 -1.876407504081726 0.035970158874988556 
v 2.9915711879730225 -1.8442652225494385 0.049685992300510406 
v 2.983799934387207 -1.8689900636672974 0.0674058198928833 
v 2.979914426803589 -1.8059418201446533 0.059908971190452576 
v 2.8788888454437256 -1.8220129013061523 0.057097651064395905 
v 2.895726442337036 -1.876407504081726 0.046874672174453735 
v 2.900907278060913 -1.8640451431274414 0.03818513825535774 
v 2.9034976959228516 -1.9468731880187988 0.05454190447926521 
v 2.9047927856445312 -1.9481093883514404 -0.016678187996149063 
v 2.900907278060913 -1.881352424621582 -0.02383427321910858 
v 2.897021532058716 -1.8368477821350098 -0.015741081908345222 
v 2.8931360244750977 -1.70951509475708 -0.023323124274611473 
v 2.890545606613159 -1.646466851234436 0.03239211440086365 
v 2.886660099029541 -1.5698200464248657 -0.028519807383418083 
v 2.886660099029541 -1.5228428840637207 0.043126244097948074 
v 2.8801839351654053 -1.41158127784729 0.048578500747680664 
v 2.8788888454437256 -1.41158127784729 -0.02460099756717682 
v 2.8827743530273438 -1.7639096975326538 0.0493452250957489 
v 3.130157709121704 -1.7330037355422974 0.05820513889193535 
v 3.101663112640381 -1.7750358581542969 0.028814073652029037 
v 3.1236815452575684 -1.7713271379470825 0.053264033049345016 
v 3.106843948364258 -1.7873982191085815 0.05121943727135658 
v 3.110729694366455 -1.7354761362075806 0.04943041503429413 
v 3.126271963119507 -1.6897352933883667 0.034095946699380875 
v 3.105548858642578 -1.6600655317306519 0.05811994895339012 
v 3.087415933609009 -1.7849258184432983 0.03213654085993767 
v 3.0731687545776367 -1.792343258857727 0.02523602917790413 
v 3.0356080532073975 -1.7589647769927979 0.06050531193614006 
v 3.101663112640381 -1.7750358581542969 0.028814073652029037 
v 3.087415933609009 -1.7849258184432983 0.03213654085993767 
v 3.106843948364258 -1.7873982191085815 0.05121943727135658 
v 3.0731687545776367 -1.813359260559082 0.05053790658712387 
v 3.0731687545776367 -1.792343258857727 0.02523602917790413 
v 3.0200655460357666 -1.8281941413879395 0.02591756172478199 
v 3.0161800384521484 -1.860336422920227 0.0625499039888382 
v 2.983799934387207 -1.8689900636672974 0.0674058198928833 
v 2.979914426803589 -1.8059418201446533 0.059908971190452576 
v 2.9915711879730225 -1.8442652225494385 0.049685992300510406 
v 2.999342441558838 -1.8145954608917236 0.0399741604924202 
v 2.999342441558838 -1.8145954608917236 0.0399741604924202 
v 3.0200655460357666 -1.8281941413879395 0.02591756172478199 
v 2.9915711879730225 -1.8442652225494385 0.049685992300510406 
v 2.983799934387207 -1.8689900636672974 0.0674058198928833 
v 2.999342441558838 -1.8145954608917236 0.0399741604924202 
v 2.979914426803589 -1.8059418201446533 0.059908971190452576 
v 3.0200655460357666 -1.8281941413879395 0.02591756172478199 
v 3.3775408267974854 -1.8368477821350098 0.0625499039888382 
v 3.36976957321167 -1.8343753814697266 -0.01557069830596447 
v 3.374950408935547 -1.8937149047851562 0.06399816274642944 
v 3.373655080795288 -1.8689900636672974 -0.028690189123153687 
v 3.3827216625213623 -2.0123939514160156 -0.021874869242310524 
v 3.3827216625213623 -2.021047592163086 0.07745841890573502 
v 3.393083095550537 -2.2176096439361572 -0.013952059671282768 
v 3.393083095550537 -2.2225546836853027 0.08197356760501862 
v 3.399559259414673 -2.2757129669189453 -0.02408984862267971 
v 3.4021496772766113 -2.335052490234375 0.07992897182703018 
v 3.4021496772766113 -2.3721396923065186 -0.014718783088028431 
v 3.40474009513855 -2.422825574874878 0.08410335332155228 
v 3.408625602722168 -2.477220058441162 0.036907266825437546 
v 3.408625602722168 -2.478456497192383 -0.012588996440172195 
v 3.3814263343811035 -1.9357470273971558 0.07447671890258789 
v 3.3386847972869873 -2.0136301517486572 0.08887407928705215 
v 3.339979887008667 -2.0618436336517334 0.1051456555724144 
v 3.3140759468078613 -2.0136301517486572 0.09270770102739334 
v 3.3373897075653076 -2.16939640045166 0.1116202101111412 
v 3.3192567825317383 -2.201538562774658 0.10403816401958466 
v 3.345160722732544 -2.2336809635162354 0.0916002094745636 
v 3.3231422901153564 -2.3103277683258057 0.10403816401958466 
v 3.349046468734741 -2.30538272857666 0.08239952474832535 
v 3.334799289703369 -2.361013650894165 0.11221655458211899 
v 3.2635631561279297 -2.4599127769470215 0.10114165395498276 
v 3.3438656330108643 -2.45867657661438 0.10897927731275558 
v 3.3516368865966797 -2.4413692951202393 0.1087237000465393 
v 3.2363638877868652 -2.0123939514160156 0.09654131531715393 
v 3.2000985145568848 -2.0284650325775146 0.1051456555724144 
v 3.2013936042785645 -2.461148977279663 0.11409076303243637 
v 3.0641024112701416 -2.137254238128662 0.11008676141500473 
v 3.0796449184417725 -2.468566417694092 0.1112794429063797 
v 2.96048641204834 -2.4636216163635254 0.10914965718984604 
v 2.789520025253296 -2.2781856060028076 0.11059791594743729 
v 2.87241268157959 -2.468566417694092 0.11042752861976624 
v 2.759730339050293 -2.4042820930480957 0.10744582861661911 
v 2.7519590854644775 -2.4722752571105957 0.10744582861661911 
v 2.7390072345733643 -2.4722752571105957 0.09620054811239243 
v 2.731235980987549 -2.3783209323883057 0.08469969779253006 
v 3.0407888889312744 -2.0062127113342285 0.07873629033565521 
v 3.12109112739563 -2.0284650325775146 0.10037492960691452 
v 2.7415976524353027 -2.3103277683258057 0.10693468153476715 
v 2.744188070297241 -2.2744767665863037 0.09551902115345001 
v 2.7623207569122314 -2.2200822830200195 0.10506046563386917 
v 2.7325313091278076 -2.2423346042633057 0.09151501953601837 
v 2.7221696376800537 -2.2101922035217285 0.11272770166397095 
v 2.7765679359436035 -2.1644513607025146 0.11153502017259598 
v 2.715693712234497 -2.0667884349823 0.10863851010799408 
v 2.793405532836914 -2.085332155227661 0.11187578737735748 
v 2.827080726623535 -2.118710517883301 0.11102387309074402 
v 2.8685271739959717 -2.1261279582977295 0.09296327084302902 
v 2.8879551887512207 -2.0902769565582275 0.08316624909639359 
v 2.8750030994415283 -2.0556623935699463 0.06263510137796402 
v 2.911268711090088 -2.0482449531555176 0.0883629322052002 
v 2.87241268157959 -2.0136301517486572 0.07831033319234848 
v 2.930696725845337 -2.004976511001587 0.10071569681167603 
v 2.979914426803589 -2.02475643157959 0.10574200004339218 
v 2.851689577102661 -2.0519535541534424 0.05147501081228256 
v 2.9125640392303467 -2.0803871154785156 0.1054864227771759 
v 2.916449546813965 -2.1063482761383057 0.10659391433000565 
v 2.85298490524292 -2.1780500411987305 0.11238693445920944 
v 2.8115384578704834 -2.1842312812805176 0.09296327084302902 
v 2.803767204284668 -2.215137243270874 0.1038677841424942 
v 2.812833547592163 -2.001267671585083 -0.020256230607628822 
v 2.8737080097198486 -2.001267671585083 0.06783177703619003 
v 2.847804069519043 -2.0000314712524414 -0.01957469992339611 
v 3.027836799621582 -2.0062127113342285 -0.02008584886789322 
v 3.0407888889312744 -2.0062127113342285 0.07873629033565521 
v 3.1573567390441895 -2.0099215507507324 -0.020596997812390327 
v 3.2363638877868652 -2.0123939514160156 0.09654131531715393 
v 3.2544968128204346 -2.0099215507507324 -0.02170448563992977 
v 3.3386847972869873 -2.0136301517486572 0.08887407928705215 
v 3.339979887008667 -2.0136301517486572 -0.025452911853790283 
v 2.930696725845337 -2.004976511001587 0.10071569681167603 
v 2.87241268157959 -2.0136301517486572 0.07831033319234848 
v 3.3140759468078613 -2.0136301517486572 0.09270770102739334 
v 3.339979887008667 -2.0136301517486572 -0.025452911853790283 
v 3.349046468734741 -2.335052490234375 -0.01931912451982498 
v 3.2544968128204346 -2.0099215507507324 -0.02170448563992977 
v 3.2842864990234375 -2.4574403762817383 -0.020682187750935555 
v 3.20916485786438 -2.163215160369873 -0.015315123833715916 
v 3.246725559234619 -2.4623851776123047 -0.010970357805490494 
v 3.1120247840881348 -2.4599127769470215 -0.013526102527976036 
v 3.003227949142456 -2.468566417694092 -0.01557069830596447 
v 2.724760055541992 -2.231208324432373 -0.015400315634906292 
v 2.7377119064331055 -2.474747657775879 -0.018126443028450012 
v 2.726055145263672 -2.2720043659210205 -0.01608184725046158 
v 3.350341558456421 -2.45867657661438 -0.010885166004300117 
v 3.1573567390441895 -2.0099215507507324 -0.020596997812390327 
v 3.027836799621582 -2.0062127113342285 -0.02008584886789322 
v 2.847804069519043 -2.0000314712524414 -0.01957469992339611 
v 2.7169888019561768 -2.0976943969726562 -0.017870869487524033 
v 2.812833547592163 -2.001267671585083 -0.020256230607628822 
v 2.749368906021118 -1.9975590705871582 -0.016933763399720192 
v 2.7118079662323 -1.9987952709197998 -0.017785677686333656 
v 3.3373897075653076 -2.16939640045166 0.1116202101111412 
v 3.345160722732544 -2.2336809635162354 0.0916002094745636 
v 3.339979887008667 -2.0618436336517334 0.1051456555724144 
v 3.339979887008667 -2.0136301517486572 -0.025452911853790283 
v 3.3386847972869873 -2.0136301517486572 0.08887407928705215 
v 3.349046468734741 -2.335052490234375 -0.01931912451982498 
v 3.349046468734741 -2.30538272857666 0.08239952474832535 
v 3.3516368865966797 -2.4413692951202393 0.1087237000465393 
v 3.334799289703369 -2.361013650894165 0.11221655458211899 
v 3.350341558456421 -2.45867657661438 -0.010885166004300117 
v 3.3438656330108643 -2.45867657661438 0.10897927731275558 
v 3.3024191856384277 -1.9592355489730835 0.06629833579063416 
v 3.232478380203247 -1.9592355489730835 0.06655390560626984 
v 3.297238349914551 -1.9592355489730835 -0.02673078514635563 
v 3.1767847537994385 -1.9567631483078003 0.07566940039396286 
v 3.203984022140503 -1.9542906284332275 -0.0076478892005980015 
v 3.1379287242889404 -1.9555268287658691 -0.018296826630830765 
v 3.1029584407806396 -1.9592355489730835 0.07362480461597443 
v 2.988980770111084 -1.9555268287658691 0.07618054747581482 
v 3.0343127250671387 -1.9555268287658691 -0.01914874091744423 
v 2.9876856803894043 -1.9542906284332275 -0.0203414224088192 
v 2.9034976959228516 -1.9468731880187988 0.05454190447926521 
v 2.8555750846862793 -1.9481093883514404 0.05121943727135658 
v 2.9047927856445312 -1.9481093883514404 -0.016678187996149063 
v 2.8607559204101562 -1.9481093883514404 -0.02553810365498066 
v 2.808948040008545 -1.944400668144226 0.04551160708069801 
v 2.784339189529419 -1.9456369876861572 -0.020596997812390327 
v 2.729940891265869 -1.944400668144226 0.04874888435006142 
v 2.731235980987549 -1.9382195472717285 -0.025623295456171036 
v 2.661295175552368 -2.3177452087402344 -0.013526102527976036 
v 2.648343086242676 -2.29672908782959 -0.01344091072678566 
v 2.6703615188598633 -2.471039056777954 -0.01957469992339611 
v 2.5809926986694336 -2.276949167251587 -0.017785677686333656 
v 2.5136423110961914 -2.474747657775879 -0.01983027346432209 
v 2.4100263118743896 -2.474747657775879 -0.02127852849662304 
v 2.3905982971191406 -2.140962839126587 -0.008670186623930931 
v 2.223517656326294 -2.480928897857666 -0.025452911853790283 
v 2.6535239219665527 -1.9765429496765137 -0.016678187996149063 
v 2.656114339828491 -2.0840959548950195 -0.01863759197294712 
v 2.5822880268096924 -1.9715980291366577 -0.024260232225060463 
v 2.608191967010498 -2.166923999786377 -0.022811975330114365 
v 2.6587047576904297 -2.2682955265045166 -0.014718783088028431 
v 2.2546024322509766 -2.0482449531555176 -0.02315274253487587 
v 2.217041492462158 -2.2225546836853027 -0.024515805765986443 
v 2.2261080741882324 -2.0544261932373047 -0.027582699432969093 
v 1.9528207778930664 -2.1706326007843018 -0.024941762909293175 
v 1.950230360031128 -2.0717334747314453 -0.025112146511673927 
v 2.100473642349243 -2.3115639686584473 -0.02928652986884117 
v 2.062912702560425 -2.386974573135376 -0.021363720297813416 
v 2.100473642349243 -2.4821650981903076 -0.021874869242310524 
v 2.004628896713257 -2.4821650981903076 -0.030308827757835388 
v 1.9567064046859741 -2.3721396923065186 -0.023237934336066246 
v 1.9605920314788818 -2.484637498855591 -0.022386018186807632 
v 1.9515255689620972 -2.1916487216949463 -0.01914874091744423 
v 2.2455360889434814 -1.7787445783615112 -0.025623295456171036 
v 2.2494215965270996 -1.8862974643707275 -0.02383427321910858 
v 2.3245432376861572 -1.781217098236084 -0.014037251472473145 
v 2.4437015056610107 -1.8047056198120117 -0.01557069830596447 
v 2.438520908355713 -1.7836894989013672 -0.007988655008375645 
v 2.578402280807495 -1.7898707389831543 -0.023237934336066246 
v 2.6600000858306885 -1.8578639030456543 -0.02008584886789322 
v 2.661295175552368 -1.791106939315796 -0.02247120998799801 
v 2.911268711090088 -2.0482449531555176 0.0883629322052002 
v 2.9125640392303467 -2.0803871154785156 0.1054864227771759 
v 2.8879551887512207 -2.0902769565582275 0.08316624909639359 
v 3.0653975009918213 -2.776390314102173 0.0973932296037674 
v 3.2881720066070557 -2.571174383163452 0.11068310588598251 
v 3.077054500579834 -2.6218602657318115 0.10812736302614212 
v 3.0848255157470703 -2.5476858615875244 0.1071050614118576 
v 3.3568174839019775 -2.8072962760925293 0.09219654649496078 
v 3.4397103786468506 -2.8097686767578125 0.09500786662101746 
v 3.470795154571533 -2.5377960205078125 0.10267510265111923 
v 3.4837472438812256 -2.8221311569213867 0.0887036994099617 
v 3.599020004272461 -2.8320209980010986 0.1002897396683693 
v 3.58347749710083 -2.5340871810913086 0.09884148836135864 
v 3.692274332046509 -2.5476858615875244 0.09892667829990387 
v 3.690979242324829 -2.733121871948242 0.0964561253786087 
v 3.6883888244628906 -2.8394384384155273 0.09568940103054047 
v 3.438415288925171 -2.5217247009277344 0.08955561369657516 
v 3.360703229904175 -2.516779899597168 0.094837486743927 
v 3.272629499435425 -2.5093624591827393 0.10173799842596054 
v 3.086120843887329 -2.494527578353882 0.11008676141500473 
v 3.0641024112701416 -2.494527578353882 0.09407076239585876 
v 3.0641024112701416 -2.6379313468933105 0.09679689258337021 
v 3.06669282913208 -2.7059245109558105 0.09330403804779053 
v 4.210354328155518 -3.4019277095794678 -0.02698635868728161 
v 4.179269790649414 -3.076796531677246 -0.024175040423870087 
v 4.1326422691345215 -3.4056363105773926 -0.028093848377466202 
v 4.066586971282959 -2.966771125793457 -0.025708487257361412 
v 4.1766791343688965 -3.0458905696868896 -0.02247120998799801 
v 4.161136627197266 -2.882706880569458 -0.02460099756717682 
v 4.135232925415039 -2.610733985900879 -0.018978359177708626 
v 3.8347463607788086 -2.5860092639923096 -0.025708487257361412 
v 3.8010711669921875 -2.82460355758667 -0.024260232225060463 
v 3.7466728687286377 -2.578591823577881 -0.024515805765986443 
v 3.750558376312256 -2.7998788356781006 -0.01718933694064617 
v 3.7531487941741943 -3.0495991706848145 -0.020596997812390327 
v 3.7609200477600098 -3.4229438304901123 -0.024175040423870087 
v 4.135232925415039 -2.610733985900879 0.06169799342751503 
v 4.096376895904541 -2.607025384902954 0.10565680265426636 
v 4.135232925415039 -2.610733985900879 -0.018978359177708626 
v 3.9526095390319824 -2.59466290473938 -0.01676337979733944 
v 3.8347463607788086 -2.5860092639923096 -0.025708487257361412 
v 3.865831136703491 -2.5884816646575928 0.10284548997879028 
v 3.7764623165130615 -2.581064224243164 0.10199356824159622 
v 3.7466728687286377 -2.5773556232452393 0.06783177703619003 
v 3.7466728687286377 -2.578591823577881 -0.024515805765986443 
v 4.158546447753906 -2.5377960205078125 0.021572794765233994 
v 4.158546447753906 -2.5377960205078125 -0.025367721915245056 
v 4.124871253967285 -2.536559581756592 0.07541382312774658 
v 4.04456901550293 -2.529142141342163 0.05394556373357773 
v 4.049749374389648 -2.530378580093384 -0.026390019804239273 
v 3.900801658630371 -2.516779899597168 -0.017615294083952904 
v 3.8645360469818115 -2.5155436992645264 0.049515608698129654 
v 3.6741416454315186 -2.4994723796844482 -0.017615294083952904 
v 3.599020004272461 -2.4932913780212402 0.07950301468372345 
v 3.505765676498413 -2.487110137939453 0.024128541350364685 
v 3.5290791988372803 -2.4883463382720947 -0.020171038806438446 
v 3.408625602722168 -2.478456497192383 -0.012588996440172195 
v 3.408625602722168 -2.477220058441162 0.036907266825437546 
v 3.4682047367095947 -2.4698026180267334 0.052326928824186325 
v 3.412511110305786 -2.471039056777954 0.06570199131965637 
v 4.040683269500732 -2.5056536197662354 0.07379518449306488 
v 3.852879285812378 -2.496999979019165 0.08061050623655319 
v 3.5277841091156006 -2.483401298522949 0.05573458597064018 
v 4.137823104858398 -2.649057626724243 0.10489008575677872 
v 4.005712985992432 -2.6638925075531006 0.10974600166082382 
v 4.096376895904541 -2.607025384902954 0.10565680265426636 
v 3.946133613586426 -2.681199789047241 0.11059791594743729 
v 3.865831136703491 -2.5884816646575928 0.10284548997879028 
v 4.153365612030029 -2.802351236343384 0.10557161271572113 
v 3.990170478820801 -2.7232320308685303 0.10744582861661911 
v 4.027731418609619 -2.804823875427246 0.09517825394868851 
v 4.1274614334106445 -2.928447723388672 0.10327144712209702 
v 4.1676130294799805 -2.96058988571167 0.08086607605218887 
v 4.133937835693359 -3.014984607696533 0.10139723122119904 
v 4.1714982986450195 -3.038473129272461 0.06638352572917938 
v 4.128756999969482 -3.0360007286071777 0.08947042375802994 
v 4.093786239624023 -2.9692437648773193 0.10207876563072205 
v 4.034207344055176 -3.0174570083618164 0.05956820398569107 
v 4.043273448944092 -2.972952365875244 0.08146242052316666 
v 4.005712985992432 -2.992732286453247 0.06834293156862259 
v 3.9487240314483643 -2.8839430809020996 0.0858071893453598 
v 3.9577903747558594 -2.9741885662078857 0.0641685426235199 
v 3.978513717651367 -2.9976770877838135 0.05607535317540169 
v 3.9280006885528564 -2.9581174850463867 0.07021714001893997 
v 3.9137535095214844 -2.9222664833068848 0.07396556437015533 
v 3.8787832260131836 -2.908667802810669 0.07123944163322449 
v 3.8541743755340576 -2.886415481567383 0.06757620722055435 
v 3.8684215545654297 -2.9259753227233887 0.0735396072268486 
v 3.8243846893310547 -2.904959201812744 0.08631833642721176 
v 3.8412222862243652 -2.878998041152954 0.07405076175928116 
v 3.8256800174713135 -2.8678719997406006 0.06953561305999756 
v 3.969447135925293 -2.8357298374176025 0.08606275916099548 
v 3.905982494354248 -2.7862801551818848 0.09279289096593857 
v 3.8839640617370605 -2.7702090740203857 0.08776658773422241 
v 3.8645360469818115 -2.6676011085510254 0.10011935979127884 
v 3.8166136741638184 -2.734358072280884 0.09926744550466537 
v 3.8101375102996826 -2.794933795928955 0.09006676077842712 
v 3.7609200477600098 -2.817186117172241 0.08188837766647339 
v 3.754443883895874 -2.8480920791625977 0.10088608413934708 
v 3.7531487941741943 -2.972952365875244 0.09730803966522217 
v 3.8502888679504395 -3.0174570083618164 0.07038752734661102 
v 3.900801658630371 -2.932156562805176 0.05556420236825943 
v 3.769986391067505 -3.0619616508483887 0.0977339968085289 
v 3.7531487941741943 -3.0495991706848145 0.0890444666147232 
v 3.754443883895874 -3.134899854660034 0.10046012699604034 
v 3.911163091659546 -3.218964099884033 0.10216395556926727 
v 3.7583296298980713 -3.37843918800354 0.09705246239900589 
v 3.8153183460235596 -3.4217076301574707 0.09858591109514236 
v 4.0355024337768555 -3.388329029083252 0.09858591109514236 
v 4.031616687774658 -3.238744020462036 0.09884148836135864 
v 4.144299030303955 -3.4056363105773926 0.10054531693458557 
v 4.117099761962891 -3.21649169921875 0.09918225556612015 
v 4.161136627197266 -3.3252809047698975 0.0990118682384491 
v 4.144299030303955 -3.106466293334961 0.10148242115974426 
v 4.198697566986084 -3.2733588218688965 0.07055790722370148 
v 4.20646858215332 -3.362368106842041 0.08376259356737137 
v 4.210354328155518 -3.4019277095794678 0.04602275416254997 
v 4.012188911437988 -3.410581350326538 0.08061050623655319 
v 4.1766791343688965 -3.0780327320098877 0.06570199131965637 
v 4.135232925415039 -3.070615291595459 0.09066310524940491 
v 4.0886054039001465 -3.084213972091675 0.10241952538490295 
v 4.021255016326904 -3.1497347354888916 0.07047271728515625 
v 3.983694314956665 -3.206601858139038 0.09381518512964249 
v 3.969447135925293 -3.136136054992676 0.07115425169467926 
v 3.9772183895111084 -3.0236382484436035 0.06970599293708801 
v 4.032911777496338 -3.048362970352173 0.08231433480978012 
v 4.031616687774658 -3.028583288192749 0.07243212312459946 
v 4.096376895904541 -2.607025384902954 0.10565680265426636 
v 4.137823104858398 -2.649057626724243 0.10489008575677872 
v 4.135232925415039 -2.610733985900879 0.06169799342751503 
v 4.135232925415039 -2.610733985900879 -0.018978359177708626 
v 4.153365612030029 -2.802351236343384 0.10557161271572113 
v 4.161136627197266 -2.882706880569458 -0.02460099756717682 
v 4.1676130294799805 -2.96058988571167 0.08086607605218887 
v 4.1766791343688965 -3.0458905696868896 -0.02247120998799801 
v 4.1714982986450195 -3.038473129272461 0.06638352572917938 
v 4.159841537475586 -3.0631978511810303 0.012712879106402397 
v 4.179269790649414 -3.076796531677246 -0.024175040423870087 
v 3.6534183025360107 -2.4722752571105957 0.08231433480978012 
v 3.72594952583313 -2.4500229358673096 0.07907705754041672 
v 3.599020004272461 -2.4932913780212402 0.07950301468372345 
v 3.7635104656219482 -2.7862801551818848 0.10182318836450577 
v 3.7622151374816895 -2.6972708702087402 0.10088608413934708 
v 3.745377540588379 -2.62062406539917 0.10182318836450577 
v 3.7764623165130615 -2.581064224243164 0.10199356824159622 
v 3.7764623165130615 -2.581064224243164 0.10199356824159622 
v 3.745377540588379 -2.62062406539917 0.10182318836450577 
v 3.7466728687286377 -2.5773556232452393 0.06783177703619003 
v 3.7466728687286377 -2.578591823577881 -0.024515805765986443 
v 3.7479679584503174 -2.68861722946167 0.08163280040025711 
v 3.750558376312256 -2.7998788356781006 -0.01718933694064617 
v 3.749263286590576 -2.788752555847168 0.08665910363197327 
v 3.750558376312256 -2.8196587562561035 0.06246471405029297 
v 3.7609200477600098 -2.817186117172241 0.08188837766647339 
v 3.754443883895874 -2.8480920791625977 0.10088608413934708 
v 3.7531487941741943 -2.972952365875244 0.09730803966522217 
v 3.7531487941741943 -3.0495991706848145 -0.020596997812390327 
v 3.7531487941741943 -3.0495991706848145 0.0890444666147232 
v 3.754443883895874 -3.134899854660034 0.10046012699604034 
v 3.7583296298980713 -3.37843918800354 0.09705246239900589 
v 3.7609200477600098 -3.4229438304901123 -0.024175040423870087 
v 3.7622151374816895 -2.6972708702087402 0.10088608413934708 
v 3.7635104656219482 -2.7862801551818848 0.10182318836450577 
v 3.692274332046509 -2.542740821838379 -0.02698635868728161 
v 3.6896839141845703 -2.6292777061462402 -0.02289716713130474 
v 3.574411153793335 -2.532850980758667 -0.025197338312864304 
v 3.5329647064208984 -2.587245464324951 -0.022130444645881653 
v 3.461728811264038 -2.5254335403442383 -0.017530102282762527 
v 3.5523927211761475 -2.7133419513702393 -0.02408984862267971 
v 3.690979242324829 -2.8419110774993896 -0.018296826630830765 
v 3.6016104221343994 -2.8332571983337402 -0.018807975575327873 
v 3.4630239009857178 -2.8159499168395996 -0.02528253011405468 
v 3.4837472438812256 -2.7355942726135254 -0.025623295456171036 
v 3.350341558456421 -2.808532476425171 -0.02221563458442688 
v 3.5122416019439697 -2.704688310623169 -0.018296826630830765 
v 3.4630239009857178 -2.6094977855682373 -0.022556401789188385 
v 3.4306440353393555 -2.5958991050720215 -0.017615294083952904 
v 3.285581588745117 -2.510598659515381 -0.01957469992339611 
v 3.4410057067871094 -2.7318856716156006 -0.017530102282762527 
v 3.297238349914551 -2.7578465938568115 -0.019063549116253853 
v 3.1042535305023193 -2.7813351154327393 -0.021108146756887436 
v 3.189736843109131 -2.75661039352417 -0.019915465265512466 
v 3.110729694366455 -2.5921905040740967 -0.012588996440172195 
v 3.0744640827178955 -2.62062406539917 -0.020426614210009575 
v 3.1042535305023193 -2.551394462585449 -0.021534103900194168 
v 3.0692832469940186 -2.5415046215057373 -0.026304828003048897 
v 3.1042535305023193 -2.494527578353882 -0.008755378425121307 
v 3.061511993408203 -2.4957637786865234 -0.013611294329166412 
v 3.0641024112701416 -2.7776265144348145 -0.020000657066702843 
v 3.0641024112701416 -2.704688310623169 -0.018722783774137497 
v 3.194917678833008 -2.5476858615875244 -0.023919465020298958 
v 3.1910319328308105 -2.5934267044067383 -0.012929761782288551 
v 3.222116708755493 -2.743011713027954 -0.010970357805490494 
v 3.373655080795288 -2.6292777061462402 -0.015400315634906292 
v 3.3762454986572266 -2.59466290473938 -0.011566697619855404 
v 3.325732707977295 -2.545213460922241 -0.021619295701384544 
v 3.8541743755340576 -2.886415481567383 0.06757620722055435 
v 3.8256800174713135 -2.8678719997406006 0.06953561305999756 
v 3.8412222862243652 -2.878998041152954 0.07405076175928116 
v 3.6883888244628906 -2.8555095195770264 0.079332634806633 
v 3.481156826019287 -2.8542733192443848 0.0661279484629631 
v 3.690979242324829 -2.8555095195770264 -0.01718933694064617 
v 3.4850423336029053 -2.853037118911743 -0.025452911853790283 
v 3.40474009513855 -2.85056471824646 -0.012163038365542889 
v 3.2946479320526123 -2.8493285179138184 0.06570199131965637 
v 3.3076000213623047 -2.8493285179138184 -0.02008584886789322 
v 3.1521759033203125 -2.846855878829956 -0.017104145139455795 
v 3.095187187194824 -2.846855878829956 0.07490267604589462 
v 3.0291318893432617 -2.8431472778320312 0.007856964133679867 
v 3.0200655460357666 -2.85056471824646 0.07609535753726959 
v 3.01358962059021 -2.8480920791625977 0.04517083987593651 
v 3.0161800384521484 -2.846855878829956 -0.011907463893294334 
v 3.0653975009918213 -2.866635799407959 -0.021193336695432663 
v 3.6883888244628906 -2.8394384384155273 0.09568940103054047 
v 3.690979242324829 -2.8419110774993896 -0.018296826630830765 
v 3.690979242324829 -2.733121871948242 0.0964561253786087 
v 3.6896839141845703 -2.6292777061462402 -0.02289716713130474 
v 3.692274332046509 -2.5476858615875244 0.09892667829990387 
v 3.692274332046509 -2.542740821838379 -0.02698635868728161 
v 3.687093496322632 -3.034764289855957 0.08009935915470123 
v 3.692274332046509 -2.928447723388672 0.07106905430555344 
v 3.466909646987915 -2.880234479904175 0.07422114163637161 
v 3.6883888244628906 -2.8555095195770264 0.079332634806633 
v 3.481156826019287 -2.8542733192443848 0.0661279484629631 
v 3.36976957321167 -2.8653995990753174 0.07669169455766678 
v 3.2946479320526123 -2.8493285179138184 0.06570199131965637 
v 3.2791056632995605 -2.8678719997406006 0.0735396072268486 
v 3.095187187194824 -2.846855878829956 0.07490267604589462 
v 3.080940008163452 -2.908667802810669 0.07243212312459946 
v 3.0200655460357666 -2.85056471824646 0.07609535753726959 
v 3.0213608741760254 -2.9420464038848877 0.07106905430555344 
v 3.0356080532073975 -3.1769320964813232 0.07106905430555344 
v 3.213050365447998 -3.204129219055176 0.07345441728830338 
v 3.2752199172973633 -3.128718614578247 0.07013195008039474 
v 3.393083095550537 -3.184349536895752 0.07209135591983795 
v 3.4837472438812256 -3.2313265800476074 0.07711765170097351 
v 3.6883888244628906 -3.1175925731658936 0.07652131468057632 
v 3.579591989517212 -3.2115466594696045 0.07183577865362167 
v 3.5964295864105225 -3.4056363105773926 0.07200616598129272 
v 3.5083560943603516 -3.28448486328125 0.07703246176242828 
v 3.452662467956543 -3.242452621459961 0.05249730870127678 
v 3.4112160205841064 -3.220200300216675 0.055904969573020935 
v 3.373655080795288 -3.228854179382324 0.039292626082897186 
v 3.292057514190674 -3.204129219055176 0.048322927206754684 
v 3.2752199172973633 -3.3116822242736816 0.06715025007724762 
v 3.1521759033203125 -3.270886182785034 0.07865110039710999 
v 3.179375171661377 -3.3314619064331055 0.07004676014184952 
v 3.0407888889312744 -3.326517105102539 0.07626573741436005 
v 3.0835304260253906 -3.42047119140625 0.07183577865362167 
v 3.0459694862365723 -3.4155263900756836 0.06945041567087173 
v 3.311485528945923 -3.388329029083252 0.07200616598129272 
v 3.3581128120422363 -3.2560513019561768 0.03988896682858467 
v 3.412511110305786 -3.28448486328125 0.012627688236534595 
v 3.4293487071990967 -3.2449252605438232 0.0325624980032444 
v 3.3373897075653076 -3.4118175506591797 0.047130245715379715 
v 3.3619983196258545 -3.3710217475891113 0.06893926858901978 
v 3.412511110305786 -3.338879346847534 0.02072088047862053 
v 3.4397103786468506 -3.300555944442749 0.01560939010232687 
v 3.45784330368042 -3.2795398235321045 0.027706583961844444 
v 3.466909646987915 -3.31044602394104 0.034607093781232834 
v 3.403444766998291 -3.372257947921753 0.018505901098251343 
v 3.3827216625213623 -3.3809115886688232 0.024895263835787773 
v 3.426758289337158 -3.4019277095794678 0.04440411925315857 
v 3.466909646987915 -3.4093451499938965 0.05292326584458351 
v 3.4461863040924072 -3.37843918800354 0.07268769294023514 
v 3.5238983631134033 -3.3796753883361816 0.07566940039396286 
v 3.482451915740967 -3.332698345184326 0.0735396072268486 
v 3.5368504524230957 -3.4068727493286133 0.05726803466677666 
v 3.687093496322632 -3.4019277095794678 0.07524344325065613 
v 3.706521511077881 -3.368549108505249 0.07413595169782639 
v 3.7026360034942627 -3.210310459136963 0.07379518449306488 
v 3.6974551677703857 -3.076796531677246 0.0677465870976448 
v 3.900801658630371 -2.932156562805176 0.05556420236825943 
v 3.9137535095214844 -2.9222664833068848 0.07396556437015533 
v 3.9280006885528564 -2.9581174850463867 0.07021714001893997 
v 3.9137535095214844 -2.9222664833068848 0.07396556437015533 
v 3.8787832260131836 -2.908667802810669 0.07123944163322449 
v 3.900801658630371 -2.932156562805176 0.05556420236825943 
v 4.058815956115723 -3.034764289855957 0.05343441665172577 
v 4.10026216506958 -3.050835609436035 0.048578500747680664 
v 4.031616687774658 -3.028583288192749 0.07243212312459946 
v 4.135232925415039 -3.070615291595459 0.09066310524940491 
v 4.144299030303955 -3.0594892501831055 0.04781177639961243 
v 4.1766791343688965 -3.0780327320098877 0.06570199131965637 
v 4.159841537475586 -3.0631978511810303 0.012712879106402397 
v 4.179269790649414 -3.076796531677246 -0.024175040423870087 
v 4.034207344055176 -3.0174570083618164 0.05956820398569107 
v 4.058815956115723 -3.034764289855957 0.05343441665172577 
v 4.128756999969482 -3.0360007286071777 0.08947042375802994 
v 4.10026216506958 -3.050835609436035 0.048578500747680664 
v 4.144299030303955 -3.0594892501831055 0.04781177639961243 
v 4.1714982986450195 -3.038473129272461 0.06638352572917938 
v 4.159841537475586 -3.0631978511810303 0.012712879106402397 
v 4.034207344055176 -3.0174570083618164 0.05956820398569107 
v 4.031616687774658 -3.028583288192749 0.07243212312459946 
v 4.058815956115723 -3.034764289855957 0.05343441665172577 
v 3.978513717651367 -2.9976770877838135 0.05607535317540169 
v 4.005712985992432 -2.992732286453247 0.06834293156862259 
v 4.001827239990234 -3.006330966949463 0.047130245715379715 
v 4.034207344055176 -3.0174570083618164 0.05956820398569107 
v 3.978513717651367 -2.9976770877838135 0.05607535317540169 
v 4.001827239990234 -3.006330966949463 0.047130245715379715 
v 4.031616687774658 -3.028583288192749 0.07243212312459946 
v 4.034207344055176 -3.0174570083618164 0.05956820398569107 
v 4.144299030303955 -3.106466293334961 0.10148242115974426 
v 4.1766791343688965 -3.0780327320098877 0.06570199131965637 
v 4.198697566986084 -3.2733588218688965 0.07055790722370148 
v 4.179269790649414 -3.076796531677246 -0.024175040423870087 
v 4.210354328155518 -3.4019277095794678 -0.02698635868728161 
v 4.20646858215332 -3.362368106842041 0.08376259356737137 
v 4.210354328155518 -3.4019277095794678 0.04602275416254997 
v 4.210354328155518 -3.4019277095794678 0.04602275416254997 
v 4.210354328155518 -3.4019277095794678 -0.02698635868728161 
v 4.144299030303955 -3.4056363105773926 0.10054531693458557 
v 4.1326422691345215 -3.4056363105773926 -0.028093848377466202 
v 4.012188911437988 -3.410581350326538 0.08061050623655319 
v 3.8153183460235596 -3.4217076301574707 0.09858591109514236 
v 4.0355024337768555 -3.388329029083252 0.09858591109514236 
v 3.7609200477600098 -3.4229438304901123 -0.024175040423870087 
v 3.7583296298980713 -3.37843918800354 0.09705246239900589 
v 3.690979242324829 -2.8419110774993896 -0.018296826630830765 
v 3.6883888244628906 -2.8394384384155273 0.09568940103054047 
v 3.6016104221343994 -2.8332571983337402 -0.018807975575327873 
v 3.599020004272461 -2.8320209980010986 0.1002897396683693 
v 3.4837472438812256 -2.8221311569213867 0.0887036994099617 
v 3.4604334831237793 -2.820894956588745 0.0554790124297142 
v 3.4358248710632324 -2.828312397003174 0.07388037443161011 
v 3.3684744834899902 -2.8159499168395996 0.07294327020645142 
v 3.3568174839019775 -2.8072962760925293 0.09219654649496078 
v 3.285581588745117 -2.7998788356781006 0.09142982214689255 
v 3.0653975009918213 -2.776390314102173 0.0973932296037674 
v 3.0641024112701416 -2.7776265144348145 -0.020000657066702843 
v 3.1042535305023193 -2.7813351154327393 -0.021108146756887436 
v 3.350341558456421 -2.808532476425171 -0.02221563458442688 
v 3.4630239009857178 -2.8159499168395996 -0.02528253011405468 
v 3.4397103786468506 -2.8097686767578125 0.09500786662101746 
v 3.7091119289398193 -3.4031639099121094 -0.022982358932495117 
v 3.710407257080078 -3.4031639099121094 0.023702582344412804 
v 3.706521511077881 -3.306737184524536 -0.02264159359037876 
v 3.706521511077881 -3.368549108505249 0.07413595169782639 
v 3.7026360034942627 -3.210310459136963 0.07379518449306488 
v 3.705226421356201 -3.254815101623535 -0.025112146511673927 
v 3.6974551677703857 -3.0693790912628174 -0.02127852849662304 
v 3.6974551677703857 -3.076796531677246 0.0677465870976448 
v 3.692274332046509 -2.937101364135742 -0.023663891479372978 
v 3.692274332046509 -2.928447723388672 0.07106905430555344 
v 3.6883888244628906 -2.8555095195770264 0.079332634806633 
v 3.690979242324829 -2.8555095195770264 -0.01718933694064617 
v 3.687093496322632 -3.4019277095794678 0.07524344325065613 
v 3.6883888244628906 -3.1175925731658936 0.07652131468057632 
v 3.687093496322632 -3.034764289855957 0.08009935915470123 
v 3.6974551677703857 -3.0693790912628174 -0.02127852849662304 
v 3.692274332046509 -2.937101364135742 -0.023663891479372978 
v 3.614562511444092 -2.9173216819763184 -0.022982358932495117 
v 3.690979242324829 -2.8555095195770264 -0.01718933694064617 
v 3.5808873176574707 -2.932156562805176 -0.02715674228966236 
v 3.4850423336029053 -2.853037118911743 -0.025452911853790283 
v 3.6003150939941406 -3.044654369354248 -0.026049252599477768 
v 3.584772825241089 -3.196711778640747 -0.02596406079828739 
v 3.705226421356201 -3.254815101623535 -0.025112146511673927 
v 3.652123212814331 -3.3289895057678223 -0.022726785391569138 
v 3.706521511077881 -3.306737184524536 -0.02264159359037876 
v 3.7091119289398193 -3.4031639099121094 -0.022982358932495117 
v 3.604200839996338 -3.404400110244751 -0.02690116874873638 
v 3.5757064819335938 -3.2436890602111816 -0.027497507631778717 
v 3.408625602722168 -3.2511065006256104 -0.02690116874873638 
v 3.4060351848602295 -3.2337989807128906 -0.021448912099003792 
v 3.5485072135925293 -3.0619616508483887 -0.01838201843202114 
v 3.4500720500946045 -2.886415481567383 -0.021874869242310524 
v 3.40474009513855 -2.85056471824646 -0.012163038365542889 
v 3.3438656330108643 -2.9778974056243896 -0.02076737955212593 
v 3.373655080795288 -3.0471267700195312 -0.02264159359037876 
v 3.2998287677764893 -3.158388376235962 -0.027582699432969093 
v 3.345160722732544 -3.4130537509918213 -0.02690116874873638 
v 3.389197587966919 -3.4068727493286133 -0.021789677441120148 
v 3.481156826019287 -3.4093451499938965 -0.0219600610435009 
v 3.2829911708831787 -2.970479965209961 -0.028179040178656578 
v 3.2648584842681885 -3.0891590118408203 -0.019233932718634605 
v 3.1521759033203125 -2.846855878829956 -0.017104145139455795 
v 3.3076000213623047 -2.8493285179138184 -0.02008584886789322 
v 3.2933528423309326 -3.3537142276763916 -0.026304828003048897 
v 3.272629499435425 -3.414290189743042 -0.023578699678182602 
v 3.1327478885650635 -3.4192349910736084 -0.026815976947546005 
v 3.184556007385254 -3.3153908252716064 -0.026049252599477768 
v 3.0446743965148926 -3.42047119140625 -0.0219600610435009 
v 3.036903142929077 -3.258523941040039 -0.021789677441120148 
v 3.1133201122283936 -3.230090379714966 -0.025197338312864304 
v 3.033017635345459 -3.1831130981445312 -0.021874869242310524 
v 3.027836799621582 -3.068142890930176 -0.020937763154506683 
v 3.1741943359375 -3.2337989807128906 -0.022982358932495117 
v 3.0200655460357666 -2.921030282974243 -0.024686189368367195 
v 3.0653975009918213 -2.866635799407959 -0.021193336695432663 
v 3.0291318893432617 -2.8431472778320312 0.007856964133679867 
v 3.169013500213623 -3.268413782119751 -0.018467210233211517 
v 3.0161800384521484 -2.846855878829956 -0.011907463893294334 
v 3.687093496322632 -3.4019277095794678 0.07524344325065613 
v 3.5964295864105225 -3.4056363105773926 0.07200616598129272 
v 3.710407257080078 -3.4031639099121094 0.023702582344412804 
v 3.604200839996338 -3.404400110244751 -0.02690116874873638 
v 3.7091119289398193 -3.4031639099121094 -0.022982358932495117 
v 3.5368504524230957 -3.4068727493286133 0.05726803466677666 
v 3.481156826019287 -3.4093451499938965 -0.0219600610435009 
v 3.466909646987915 -3.4093451499938965 0.05292326584458351 
v 3.424168109893799 -3.3969826698303223 0.013905560597777367 
v 3.426758289337158 -3.4019277095794678 0.04440411925315857 
v 3.389197587966919 -3.4068727493286133 -0.021789677441120148 
v 3.521307945251465 -2.4623851776123047 0.0522417351603508 
v 3.4733855724334717 -2.454967737197876 0.04670428857207298 
v 3.4604334831237793 -2.4178805351257324 0.08120684325695038 
v 3.412511110305786 -2.471039056777954 0.06570199131965637 
v 3.4112160205841064 -2.4524953365325928 0.05888667330145836 
v 3.408625602722168 -2.477220058441162 0.036907266825437546 
v 3.2842864990234375 -2.4574403762817383 -0.020682187750935555 
v 3.246725559234619 -2.4623851776123047 -0.010970357805490494 
v 3.350341558456421 -2.45867657661438 -0.010885166004300117 
v 3.3438656330108643 -2.45867657661438 0.10897927731275558 
v 3.2635631561279297 -2.4599127769470215 0.10114165395498276 
v 3.2013936042785645 -2.461148977279663 0.11409076303243637 
v 3.0796449184417725 -2.468566417694092 0.1112794429063797 
v 3.1120247840881348 -2.4599127769470215 -0.013526102527976036 
v 3.003227949142456 -2.468566417694092 -0.01557069830596447 
v 2.96048641204834 -2.4636216163635254 0.10914965718984604 
v 2.915154457092285 -2.4735114574432373 0.09330403804779053 
v 2.87241268157959 -2.468566417694092 0.11042752861976624 
v 2.7519590854644775 -2.4722752571105957 0.10744582861661911 
v 2.7377119064331055 -2.474747657775879 -0.018126443028450012 
v 2.7390072345733643 -2.4722752571105957 0.09620054811239243 
v 3.692274332046509 -2.5476858615875244 0.09892667829990387 
v 3.58347749710083 -2.5340871810913086 0.09884148836135864 
v 3.692274332046509 -2.542740821838379 -0.02698635868728161 
v 3.574411153793335 -2.532850980758667 -0.025197338312864304 
v 3.461728811264038 -2.5254335403442383 -0.017530102282762527 
v 3.438415288925171 -2.5217247009277344 0.08955561369657516 
v 3.285581588745117 -2.510598659515381 -0.01957469992339611 
v 3.360703229904175 -2.516779899597168 0.094837486743927 
v 3.272629499435425 -2.5093624591827393 0.10173799842596054 
v 3.1042535305023193 -2.494527578353882 -0.008755378425121307 
v 3.086120843887329 -2.494527578353882 0.11008676141500473 
v 3.0641024112701416 -2.494527578353882 0.09407076239585876 
v 3.061511993408203 -2.4957637786865234 -0.013611294329166412 
v 3.470795154571533 -2.5377960205078125 0.10267510265111923 
v 3.061511993408203 -2.4957637786865234 -0.013611294329166412 
v 3.0641024112701416 -2.494527578353882 0.09407076239585876 
v 3.0641024112701416 -2.704688310623169 -0.018722783774137497 
v 3.0641024112701416 -2.6379313468933105 0.09679689258337021 
v 3.06669282913208 -2.7059245109558105 0.09330403804779053 
v 3.0653975009918213 -2.776390314102173 0.0973932296037674 
v 3.077054500579834 -2.6218602657318115 0.10812736302614212 
v 3.0641024112701416 -2.7776265144348145 -0.020000657066702843 
v 3.0692832469940186 -2.5415046215057373 -0.026304828003048897 
v 3.0744640827178955 -2.62062406539917 -0.020426614210009575 
v 3.061511993408203 -2.4957637786865234 -0.013611294329166412 
v 3.0161800384521484 -2.5600483417510986 -0.020426614210009575 
v 2.979914426803589 -2.548922061920166 -0.02264159359037876 
v 3.0265417098999023 -2.760319232940674 -0.015741081908345222 
v 2.97861909866333 -2.759082794189453 -0.015655890107154846 
v 2.979914426803589 -2.551394462585449 0.04943041503429413 
v 2.979914426803589 -2.548922061920166 -0.02264159359037876 
v 3.0161800384521484 -2.558811902999878 0.0538603737950325 
v 3.0161800384521484 -2.5600483417510986 -0.020426614210009575 
v 2.934582471847534 -2.7640278339385986 0.10276029258966446 
v 2.9319920539855957 -2.656475067138672 0.09620054811239243 
v 2.9332871437072754 -2.7652640342712402 -0.018041251227259636 
v 2.9294016361236572 -2.5056536197662354 -0.01838201843202114 
v 2.930696725845337 -2.529142141342163 0.09730803966522217 
v 2.9294016361236572 -2.5044174194335938 0.07004676014184952 
v 3.0161800384521484 -2.5600483417510986 -0.020426614210009575 
v 3.0161800384521484 -2.558811902999878 0.0538603737950325 
v 3.0265417098999023 -2.760319232940674 -0.015741081908345222 
v 3.0265417098999023 -2.760319232940674 0.055393822491168976 
v 2.930696725845337 -2.529142141342163 0.09730803966522217 
v 2.9294016361236572 -2.5044174194335938 0.07004676014184952 
v 2.8944311141967773 -2.503181219100952 0.102589912712574 
v 2.9294016361236572 -2.5056536197662354 -0.01838201843202114 
v 2.780453681945801 -2.510598659515381 0.10165280848741531 
v 2.6340959072113037 -2.5180160999298096 -0.024175040423870087 
v 2.701446294784546 -2.5143072605133057 0.10080089420080185 
v 2.5913543701171875 -2.5204885005950928 0.07788437604904175 
v 2.6509335041046143 -2.5279059410095215 0.10216395556926727 
v 2.5822880268096924 -2.5316147804260254 0.09279289096593857 
v 2.476081609725952 -2.5316147804260254 0.08972599357366562 
v 2.482557535171509 -2.52666974067688 -0.030649593099951744 
v 2.3905982971191406 -2.532850980758667 0.09764880686998367 
v 2.3905982971191406 -2.5340871810913086 -0.024430613964796066 
v 2.930696725845337 -2.529142141342163 0.09730803966522217 
v 2.9034976959228516 -2.6762547492980957 0.10974600166082382 
v 2.8944311141967773 -2.503181219100952 0.102589912712574 
v 2.8296711444854736 -2.613206624984741 0.10207876563072205 
v 2.7636160850524902 -2.743011713027954 0.10335663706064224 
v 2.7131032943725586 -2.733121871948242 0.10812736302614212 
v 2.7675015926361084 -2.7615554332733154 0.09100386500358582 
v 2.5926496982574463 -2.75661039352417 0.09381518512964249 
v 2.608191967010498 -2.568701982498169 0.10599756985902786 
v 2.5563840866088867 -2.7553741931915283 0.09330403804779053 
v 2.9319920539855957 -2.656475067138672 0.09620054811239243 
v 2.934582471847534 -2.7640278339385986 0.10276029258966446 
v 2.832261562347412 -2.762791633605957 0.10276029258966446 
v 2.780453681945801 -2.510598659515381 0.10165280848741531 
v 2.6509335041046143 -2.5279059410095215 0.10216395556926727 
v 2.701446294784546 -2.5143072605133057 0.10080089420080185 
v 2.5822880268096924 -2.5316147804260254 0.09279289096593857 
v 2.4877383708953857 -2.6119704246520996 0.09756361693143845 
v 2.476081609725952 -2.5316147804260254 0.08972599357366562 
v 2.389303207397461 -2.5835368633270264 0.09364480525255203 
v 2.3905982971191406 -2.532850980758667 0.09764880686998367 
v 2.399664878845215 -2.6502938270568848 0.09177058935165405 
v 2.3880081176757812 -2.7219955921173096 0.09466709941625595 
v 2.428159236907959 -2.75661039352417 0.09390038251876831 
v 2.501985549926758 -2.7541379928588867 0.0838477835059166 
v 2.5576791763305664 -2.6342227458953857 0.09364480525255203 
v 2.9332871437072754 -2.7652640342712402 -0.018041251227259636 
v 2.9294016361236572 -2.5056536197662354 -0.01838201843202114 
v 2.7519590854644775 -2.7615554332733154 -0.018552400171756744 
v 2.6340959072113037 -2.5180160999298096 -0.024175040423870087 
v 2.5693359375 -2.7541379928588867 -0.033716488629579544 
v 2.5524983406066895 -2.714578151702881 -0.03857240453362465 
v 2.496804714202881 -2.752901792526245 -0.024004656821489334 
v 2.583583116531372 -2.574883222579956 -0.029882870614528656 
v 2.389303207397461 -2.7541379928588867 -0.01957469992339611 
v 2.4294543266296387 -2.578591823577881 -0.036527808755636215 
v 2.3867127895355225 -2.6601836681365967 -0.009607293643057346 
v 2.3905982971191406 -2.5340871810913086 -0.024430613964796066 
v 2.482557535171509 -2.52666974067688 -0.030649593099951744 
v 2.979914426803589 -2.551394462585449 0.04943041503429413 
v 3.0161800384521484 -2.558811902999878 0.0538603737950325 
v 2.97861909866333 -2.760319232940674 0.05556420236825943 
v 3.0265417098999023 -2.760319232940674 0.055393822491168976 
v 2.97861909866333 -2.759082794189453 -0.015655890107154846 
v 2.97861909866333 -2.760319232940674 0.05556420236825943 
v 3.0265417098999023 -2.760319232940674 -0.015741081908345222 
v 3.0265417098999023 -2.760319232940674 0.055393822491168976 
v 2.9332871437072754 -2.7652640342712402 -0.018041251227259636 
v 2.7519590854644775 -2.7615554332733154 -0.018552400171756744 
v 2.934582471847534 -2.7640278339385986 0.10276029258966446 
v 2.832261562347412 -2.762791633605957 0.10276029258966446 
v 2.7675015926361084 -2.7615554332733154 0.09100386500358582 
v 2.5926496982574463 -2.75661039352417 0.09381518512964249 
v 2.5693359375 -2.7541379928588867 -0.033716488629579544 
v 2.5563840866088867 -2.7553741931915283 0.09330403804779053 
v 2.496804714202881 -2.752901792526245 -0.024004656821489334 
v 2.501985549926758 -2.7541379928588867 0.0838477835059166 
v 2.428159236907959 -2.75661039352417 0.09390038251876831 
v 2.389303207397461 -2.7541379928588867 -0.01957469992339611 
v 2.3918936252593994 -2.7553741931915283 0.04559679701924324 
v 2.3880081176757812 -2.7219955921173096 0.09466709941625595 
v 3.373655080795288 -3.228854179382324 0.039292626082897186 
v 3.4293487071990967 -3.2449252605438232 0.0325624980032444 
v 3.4112160205841064 -3.220200300216675 0.055904969573020935 
v 3.452662467956543 -3.242452621459961 0.05249730870127678 
v 3.5083560943603516 -3.28448486328125 0.07703246176242828 
v 3.466909646987915 -3.31044602394104 0.034607093781232834 
v 3.482451915740967 -3.332698345184326 0.0735396072268486 
v 3.403444766998291 -3.372257947921753 0.018505901098251343 
v 3.4461863040924072 -3.37843918800354 0.07268769294023514 
v 3.426758289337158 -3.4019277095794678 0.04440411925315857 
v 3.424168109893799 -3.3969826698303223 0.013905560597777367 
v 3.389197587966919 -3.4068727493286133 -0.021789677441120148 
v 3.403444766998291 -3.372257947921753 0.018505901098251343 
v 3.359407901763916 -3.404400110244751 0.009305219165980816 
v 3.3827216625213623 -3.3809115886688232 0.024895263835787773 
v 3.3373897075653076 -3.4118175506591797 0.047130245715379715 
v 3.345160722732544 -3.4130537509918213 -0.02690116874873638 
v 3.272629499435425 -3.414290189743042 -0.023578699678182602 
v 3.1327478885650635 -3.4192349910736084 -0.026815976947546005 
v 3.0835304260253906 -3.42047119140625 0.07183577865362167 
v 3.0446743965148926 -3.42047119140625 -0.0219600610435009 
v 3.0459694862365723 -3.4155263900756836 0.06945041567087173 
v 3.412511110305786 -3.338879346847534 0.02072088047862053 
v 3.3827216625213623 -3.3809115886688232 0.024895263835787773 
v 3.3619983196258545 -3.3710217475891113 0.06893926858901978 
v 3.3373897075653076 -3.4118175506591797 0.047130245715379715 
v 2.8853647708892822 -1.389328956604004 -0.023323124274611473 
v 2.8801839351654053 -1.2706499099731445 -0.02289716713130474 
v 2.676837682723999 -1.3695491552352905 -0.025623295456171036 
v 2.6509335041046143 -1.0654340982437134 -0.02502695471048355 
v 2.8788888454437256 -1.1148836612701416 -0.027582699432969093 
v 2.8737080097198486 -0.9133765697479248 -0.02698635868728161 
v 2.6587047576904297 -0.8935967087745667 -0.0248565711081028 
v 2.5278894901275635 -1.056780457496643 -0.02715674228966236 
v 2.4696056842803955 -0.9047228693962097 -0.02860499732196331 
v 2.3776464462280273 -1.0518354177474976 -0.026645593345165253 
v 2.3659896850585938 -0.9133765697479248 -0.02715674228966236 
v 2.60430645942688 -2.8072962760925293 0.07609535753726959 
v 2.661295175552368 -2.812241315841675 0.09543382376432419 
v 2.613372802734375 -2.828312397003174 0.09884148836135864 
v 2.715693712234497 -2.8295485973358154 0.10395297408103943 
v 2.65740966796875 -2.860454559326172 0.10344182699918747 
v 2.8011767864227295 -2.8159499168395996 0.0990118682384491 
v 2.7972912788391113 -2.869108200073242 0.10318624973297119 
v 2.9423534870147705 -2.818422317504883 0.10233433544635773 
v 2.9812095165252686 -2.85056471824646 0.09696727246046066 
v 2.988980770111084 -3.0594892501831055 0.09884148836135864 
v 2.495509624481201 -2.888888120651245 0.08248471468687057 
v 2.5524983406066895 -2.8060600757598877 0.09049271792173386 
v 2.4734911918640137 -2.8035874366760254 0.08648871630430222 
v 2.3867127895355225 -2.8072962760925293 0.08989638090133667 
v 2.3867127895355225 -2.8814706802368164 0.09407076239585876 
v 2.3905982971191406 -2.9197940826416016 0.08648871630430222 
v 2.491624116897583 -3.044654369354248 0.10591237992048264 
v 2.3918936252593994 -3.0434181690216064 0.08699987083673477 
v 2.393188714981079 -3.0953402519226074 0.10216395556926727 
v 2.525299310684204 -3.1015212535858154 0.11017195880413055 
v 2.5240039825439453 -3.126246213912964 0.09500786662101746 
v 2.5719263553619385 -3.128718614578247 0.11477229744195938 
v 2.667771100997925 -3.1175925731658936 0.12252472341060638 
v 2.819309711456299 -3.1274824142456055 0.10684948414564133 
v 2.696265697479248 -3.1336636543273926 0.11017195880413055 
v 2.8167192935943604 -3.144789695739746 0.09492267668247223 
v 2.9902760982513428 -3.152207136154175 0.09585978090763092 
v 2.9812095165252686 -2.85056471824646 0.09696727246046066 
v 2.9423534870147705 -2.818422317504883 0.10233433544635773 
v 2.979914426803589 -2.8196587562561035 0.0599941611289978 
v 2.9734385013580322 -2.8196587562561035 -0.01821163482964039 
v 2.8011767864227295 -2.8159499168395996 0.0990118682384491 
v 2.8257856369018555 -2.8159499168395996 -0.021874869242310524 
v 2.6781327724456787 -2.812241315841675 -0.023067550733685493 
v 2.7221696376800537 -2.812241315841675 0.08555161207914352 
v 2.661295175552368 -2.812241315841675 0.09543382376432419 
v 2.715693712234497 -2.8295485973358154 0.10395297408103943 
v 2.60430645942688 -2.8072962760925293 0.07609535753726959 
v 2.5524983406066895 -2.8060600757598877 0.09049271792173386 
v 2.5628600120544434 -2.8035874366760254 -0.03737972304224968 
v 2.4734911918640137 -2.8035874366760254 0.08648871630430222 
v 2.477376699447632 -2.804823875427246 -0.02383427321910858 
v 2.3867127895355225 -2.8035874366760254 -0.009607293643057346 
v 2.404845714569092 -2.8060600757598877 -0.02528253011405468 
v 2.613372802734375 -2.828312397003174 0.09884148836135864 
v 2.3867127895355225 -2.8072962760925293 0.08989638090133667 
v 3.0161800384521484 -2.846855878829956 -0.011907463893294334 
v 3.0200655460357666 -2.921030282974243 -0.024686189368367195 
v 3.01358962059021 -2.8480920791625977 0.04517083987593651 
v 3.0200655460357666 -2.85056471824646 0.07609535753726959 
v 3.0213608741760254 -2.9420464038848877 0.07106905430555344 
v 3.027836799621582 -3.068142890930176 -0.020937763154506683 
v 3.027836799621582 -3.0594892501831055 0.07277289032936096 
v 3.033017635345459 -3.1831130981445312 -0.021874869242310524 
v 3.0356080532073975 -3.1769320964813232 0.07106905430555344 
v 3.036903142929077 -3.258523941040039 -0.021789677441120148 
v 3.0407888889312744 -3.326517105102539 0.07626573741436005 
v 3.0446743965148926 -3.42047119140625 -0.0219600610435009 
v 3.0459694862365723 -3.4155263900756836 0.06945041567087173 
v 2.8257856369018555 -2.8159499168395996 -0.021874869242310524 
v 2.8607559204101562 -2.898777961730957 -0.02008584886789322 
v 2.9734385013580322 -2.8196587562561035 -0.01821163482964039 
v 2.9825048446655273 -2.9099042415618896 -0.024004656821489334 
v 2.856870412826538 -2.928447723388672 -0.026645593345165253 
v 2.7726824283599854 -2.880234479904175 -0.023749083280563354 
v 2.6988561153411865 -2.9173216819763184 -0.022130444645881653 
v 2.6781327724456787 -2.812241315841675 -0.023067550733685493 
v 2.5537936687469482 -2.8555095195770264 -0.03755010664463043 
v 2.5628600120544434 -2.8035874366760254 -0.03737972304224968 
v 2.477376699447632 -2.804823875427246 -0.02383427321910858 
v 2.4838528633117676 -2.950700044631958 -0.031075552105903625 
v 2.404845714569092 -2.8060600757598877 -0.02528253011405468 
v 2.3867127895355225 -2.820894956588745 -0.023237934336066246 
v 2.3867127895355225 -2.8035874366760254 -0.009607293643057346 
v 2.3905982971191406 -3.0533080101013184 -0.01701895333826542 
v 2.3905982971191406 -3.0941038131713867 -0.02834942378103733 
v 2.486443281173706 -3.0879228115081787 -0.02315274253487587 
v 2.4294543266296387 -3.1213011741638184 -0.023749083280563354 
v 2.546022415161133 -3.126246213912964 -0.013952059671282768 
v 2.570631265640259 -3.0557804107666016 -0.015229932963848114 
v 2.627619981765747 -3.1299548149108887 -0.006540399510413408 
v 2.6833136081695557 -2.9333927631378174 -0.01557069830596447 
v 2.740302324295044 -2.9952046871185303 -0.01838201843202114 
v 2.7143983840942383 -3.1336636543273926 -0.009351719170808792 
v 2.8892505168914795 -3.014984607696533 -0.020852571353316307 
v 2.851689577102661 -3.144789695739746 -0.01795606128871441 
v 2.9876856803894043 -3.152207136154175 -0.0203414224088192 
v 2.394484043121338 -3.1151199340820312 -0.0158262737095356 
v 2.9734385013580322 -2.8196587562561035 -0.01821163482964039 
v 2.9825048446655273 -2.9099042415618896 -0.024004656821489334 
v 2.979914426803589 -2.8196587562561035 0.0599941611289978 
v 2.9812095165252686 -2.85056471824646 0.09696727246046066 
v 2.988980770111084 -3.0594892501831055 0.09884148836135864 
v 2.9876856803894043 -3.152207136154175 -0.0203414224088192 
v 2.9902760982513428 -3.152207136154175 0.09585978090763092 
v 3.0213608741760254 -2.9420464038848877 0.07106905430555344 
v 3.027836799621582 -3.0594892501831055 0.07277289032936096 
v 3.0356080532073975 -3.1769320964813232 0.07106905430555344 
v 2.5123472213745117 -3.034764289855957 -0.016848571598529816 
v 2.988980770111084 -3.228854179382324 -0.025452911853790283 
v 2.9812095165252686 -3.1695146560668945 -0.019745081663131714 
v 2.8490991592407227 -3.2276177406311035 -0.021363720297813416 
v 2.768796682357788 -3.1769320964813232 -0.013866868801414967 
v 2.8555750846862793 -3.3116822242736816 -0.015400315634906292 
v 2.998047113418579 -3.3116822242736816 -0.019233932718634605 
v 3.009704113006592 -3.424180030822754 -0.023749083280563354 
v 2.8646416664123535 -3.417998790740967 -0.01957469992339611 
v 2.8244903087615967 -3.4130537509918213 -0.008414612151682377 
v 2.8050622940063477 -3.316627025604248 -0.005262527149170637 
v 2.745483160018921 -3.398218870162964 -0.006199633702635765 
v 2.744188070297241 -3.300555944442749 -0.0067107826471328735 
v 2.720874309539795 -3.3537142276763916 0.01467228401452303 
v 2.7131032943725586 -3.4056363105773926 0.00862368755042553 
v 2.768796682357788 -3.4118175506591797 -0.006966357119381428 
v 2.724760055541992 -3.2696499824523926 -0.005092144012451172 
v 2.6833136081695557 -3.178168296813965 0.0022343250457197428 
v 2.6949703693389893 -3.350005626678467 0.0099015599116683 
v 2.623734474182129 -3.4031639099121094 0.0013824099441990256 
v 2.62243914604187 -3.37843918800354 0.006749474443495274 
v 2.5278894901275635 -3.4019277095794678 -0.007051548454910517 
v 2.4786720275878906 -3.3289895057678223 -0.008414612151682377 
v 2.4631295204162598 -3.3994553089141846 -0.0022808245848864317 
v 2.3219528198242188 -3.3574230670928955 -0.020000657066702843 
v 2.334904909133911 -3.400691509246826 -0.022811975330114365 
v 2.1820712089538574 -3.3710217475891113 -0.02911614626646042 
v 2.1665287017822266 -3.3969826698303223 -0.0295421052724123 
v 1.8349575996398926 -3.382147789001465 -0.02698635868728161 
v 1.9735440015792847 -3.3289895057678223 -0.02766789123415947 
v 2.6781327724456787 -3.2609963417053223 -0.0021104414481669664 
v 2.578402280807495 -3.184349536895752 -0.010203634388744831 
v 1.8142343759536743 -3.372257947921753 -0.028264231979846954 
v 1.6264303922653198 -3.3734941482543945 -0.02903095632791519 
v 1.6588103771209717 -3.280776262283325 -0.02766789123415947 
v 1.8388432264328003 -3.2795398235321045 -0.023663891479372978 
v 1.9592968225479126 -3.2375078201293945 -0.025112146511673927 
v 2.0305328369140625 -3.2152554988861084 -0.02383427321910858 
v 2.4165024757385254 -3.194239377975464 -0.015400315634906292 
v 2.9812095165252686 -3.1695146560668945 -0.019745081663131714 
v 2.9825048446655273 -3.1695146560668945 0.052582502365112305 
v 2.988980770111084 -3.228854179382324 -0.025452911853790283 
v 2.994161605834961 -3.2857210636138916 0.05241211876273155 
v 2.998047113418579 -3.3116822242736816 -0.019233932718634605 
v 3.009704113006592 -3.4229438304901123 0.0477265864610672 
v 3.009704113006592 -3.424180030822754 -0.023749083280563354 
v 2.6004207134246826 -3.3858566284179688 0.07456190884113312 
v 2.5278894901275635 -3.4031639099121094 0.046448715031147 
v 2.501985549926758 -3.3932740688323975 0.06459449976682663 
v 2.4553585052490234 -3.398218870162964 0.07260250300168991 
v 2.4631295204162598 -3.3994553089141846 -0.0022808245848864317 
v 2.334904909133911 -3.400691509246826 -0.022811975330114365 
v 2.5278894901275635 -3.4019277095794678 -0.007051548454910517 
v 2.623734474182129 -3.4031639099121094 0.0013824099441990256 
v 2.7131032943725586 -3.4056363105773926 0.00862368755042553 
v 2.715693712234497 -3.404400110244751 0.08078088611364365 
v 2.731235980987549 -3.4093451499938965 0.0677465870976448 
v 2.768796682357788 -3.4118175506591797 -0.006966357119381428 
v 2.819309711456299 -3.4118175506591797 0.06502045691013336 
v 2.8244903087615967 -3.4130537509918213 -0.008414612151682377 
v 2.867232084274292 -3.416762590408325 0.054967865347862244 
v 2.8646416664123535 -3.417998790740967 -0.01957469992339611 
v 3.009704113006592 -3.424180030822754 -0.023749083280563354 
v 3.009704113006592 -3.4229438304901123 0.0477265864610672 
v 2.3336095809936523 -3.3994553089141846 0.05079348012804985 
v 2.154871940612793 -3.394510269165039 0.04721543565392494 
v 2.1665287017822266 -3.3969826698303223 -0.0295421052724123 
v 1.8349575996398926 -3.382147789001465 -0.02698635868728161 
v 2.0149903297424316 -3.392037868499756 0.04363739490509033 
v 1.8712232112884521 -3.3833839893341064 0.052326928824186325 
v 1.798691987991333 -3.3759665489196777 0.049004457890987396 
v 1.652334451675415 -3.372257947921753 0.03511824458837509 
v 1.6264303922653198 -3.3734941482543945 -0.02903095632791519 
v 1.6367919445037842 -3.35247802734375 0.044744882732629776 
v 2.9876856803894043 -3.152207136154175 -0.0203414224088192 
v 2.9902760982513428 -3.152207136154175 0.09585978090763092 
v 2.851689577102661 -3.144789695739746 -0.01795606128871441 
v 2.8167192935943604 -3.144789695739746 0.09492267668247223 
v 2.7636160850524902 -3.1435534954071045 0.054201140999794006 
v 2.696265697479248 -3.1336636543273926 0.11017195880413055 
v 2.7143983840942383 -3.1336636543273926 -0.009351719170808792 
v 2.627619981765747 -3.1299548149108887 -0.006540399510413408 
v 2.5719263553619385 -3.128718614578247 0.11477229744195938 
v 2.546022415161133 -3.126246213912964 -0.013952059671282768 
v 2.5240039825439453 -3.126246213912964 0.09500786662101746 
v 2.4255688190460205 -3.12253737449646 0.07566940039396286 
v 2.393188714981079 -3.0953402519226074 0.10216395556926727 
v 2.394484043121338 -3.1151199340820312 -0.0158262737095356 
v 2.4294543266296387 -3.1213011741638184 -0.023749083280563354 
v 2.87241268157959 -0.9158490300178528 0.058290332555770874 
v 2.837442398071289 -0.9096678495407104 0.07447671890258789 
v 2.8750030994415283 -0.9826059937477112 0.07200616598129272 
v 2.6509335041046143 -1.0641978979110718 0.07370999455451965 
v 2.847804069519043 -1.2533425092697144 0.07549901306629181 
v 2.6742472648620605 -1.3361706733703613 0.07370999455451965 
v 2.7519590854644775 -1.3769665956497192 0.07311365008354187 
v 2.6781327724456787 -1.3707853555679321 0.05752360820770264 
v 2.8801839351654053 -1.1791681051254272 0.06842812150716782 
v 2.8788888454437256 -1.2533425092697144 0.07813995331525803 
v 2.8452136516571045 -1.3856202363967896 0.07558420300483704 
v 2.8827743530273438 -1.384384036064148 0.06306105852127075 
v 2.6742472648620605 -0.8935967087745667 0.05701246112585068 
v 2.652228832244873 -0.9146128296852112 0.07899186760187149 
v 2.768796682357788 -0.9022504091262817 0.05743841826915741 
v 2.768796682357788 -0.9269751906394958 0.07388037443161011 
v 2.643162488937378 -0.9813697338104248 0.07396556437015533 
v 2.5045759677886963 -1.055544137954712 0.0722617357969284 
v 2.5317752361297607 -0.9245027303695679 0.06766139715909958 
v 2.451472759246826 -0.9071953892707825 0.07089867442846298 
v 2.549907922744751 -0.8985416889190674 0.05053790658712387 
v 2.3672847747802734 -0.9121403098106384 0.07140982151031494 
v 2.3776464462280273 -1.0493630170822144 0.07268769294023514 
v 2.9825048446655273 -3.1695146560668945 0.052582502365112305 
v 2.994161605834961 -3.2857210636138916 0.05241211876273155 
v 2.832261562347412 -3.1756956577301025 0.05343441665172577 
v 2.9022023677825928 -3.358659267425537 0.057097651064395905 
v 2.7571399211883545 -3.3252809047698975 0.07311365008354187 
v 2.867232084274292 -3.416762590408325 0.054967865347862244 
v 2.819309711456299 -3.4118175506591797 0.06502045691013336 
v 2.731235980987549 -3.4093451499938965 0.0677465870976448 
v 2.715693712234497 -3.404400110244751 0.08078088611364365 
v 2.692379951477051 -3.3537142276763916 0.08691467344760895 
v 2.6004207134246826 -3.3858566284179688 0.07456190884113312 
v 2.501985549926758 -3.3932740688323975 0.06459449976682663 
v 2.470900774002075 -3.336406946182251 0.06783177703619003 
v 2.4553585052490234 -3.398218870162964 0.07260250300168991 
v 2.3336095809936523 -3.3994553089141846 0.05079348012804985 
v 2.3957791328430176 -3.1954755783081055 0.05811994895339012 
v 2.311591148376465 -3.202893018722534 0.05036752298474312 
v 2.154871940612793 -3.394510269165039 0.04721543565392494 
v 2.027942419052124 -3.2152554988861084 0.049941565841436386 
v 1.9644776582717896 -3.2350351810455322 0.04866369068622589 
v 2.0149903297424316 -3.392037868499756 0.04363739490509033 
v 1.8517951965332031 -3.35247802734375 0.04465969279408455 
v 1.8712232112884521 -3.3833839893341064 0.052326928824186325 
v 1.798691987991333 -3.3759665489196777 0.049004457890987396 
v 1.6614007949829102 -3.2795398235321045 0.042870670557022095 
v 1.6367919445037842 -3.35247802734375 0.044744882732629776 
v 1.652334451675415 -3.372257947921753 0.03511824458837509 
v 3.009704113006592 -3.4229438304901123 0.0477265864610672 
v 2.5278894901275635 -3.4031639099121094 0.046448715031147 
v 2.491624116897583 -3.1991844177246094 0.06331662833690643 
v 2.590059280395508 -3.200420618057251 0.06544642150402069 
v 2.7040367126464844 -3.248633861541748 0.07413595169782639 
v 2.7765679359436035 -3.194239377975464 0.0599941611289978 
v 2.770092010498047 -3.1769320964813232 0.04491526633501053 
v 2.687199115753174 -3.1769320964813232 0.06476488709449768 
v 2.682018518447876 -3.186821937561035 0.07430633157491684 
v 1.832367181777954 -3.2857210636138916 0.04943041503429413 
v 1.832367181777954 -3.282012462615967 0.046448715031147 
v 2.87241268157959 -0.9158490300178528 0.058290332555770874 
v 2.8750030994415283 -0.9826059937477112 0.07200616598129272 
v 2.8737080097198486 -0.9133765697479248 -0.02698635868728161 
v 2.8788888454437256 -1.1148836612701416 -0.027582699432969093 
v 2.8801839351654053 -1.1791681051254272 0.06842812150716782 
v 2.8801839351654053 -1.2706499099731445 -0.02289716713130474 
v 2.8788888454437256 -1.2533425092697144 0.07813995331525803 
v 2.8853647708892822 -1.389328956604004 -0.023323124274611473 
v 2.8827743530273438 -1.384384036064148 0.06306105852127075 
v 2.6340959072113037 -1.3040283918380737 -0.023578699678182602 
v 2.6392767429351807 -1.3584229946136475 -0.02860499732196331 
v 2.583583116531372 -1.3052645921707153 -0.02690116874873638 
v 2.5421369075775146 -1.4375423192977905 -0.021448912099003792 
v 2.4346351623535156 -1.312682032585144 -0.018296826630830765 
v 2.4799671173095703 -1.4845194816589355 -0.008670186623930931 
v 2.412616729736328 -1.4412510395050049 -0.01378167700022459 
v 2.3387904167175293 -1.3176270723342896 -0.021363720297813416 
v 2.5576791763305664 -1.5450952053070068 -0.021534103900194168 
v 2.652228832244873 -1.4832831621170044 -0.025197338312864304 
v 2.6742472648620605 -1.7428935766220093 -0.021534103900194168 
v 2.5136423110961914 -1.6069072484970093 -0.018978359177708626 
v 2.521413564682007 -1.7330037355422974 -0.02008584886789322 
v 2.535660743713379 -1.4721570014953613 -0.010885166004300117 
v 2.5045759677886963 -1.57352876663208 -0.007136739790439606 
v 2.4631295204162598 -1.5327328443527222 -0.014463208615779877 
v 2.477376699447632 -1.6019622087478638 -0.014974357560276985 
v 2.417797565460205 -1.6847903728485107 -0.01795606128871441 
v 2.4022552967071533 -1.7255862951278687 -0.0068811653181910515 
v 2.3659896850585938 -1.6946802139282227 -0.009096144698560238 
v 2.3336095809936523 -1.7218775749206543 -0.006540399510413408 
v 2.3284287452697754 -1.6922078132629395 -0.025197338312864304 
v 2.30122971534729 -1.7206412553787231 -0.023919465020298958 
v 2.2792112827301025 -1.6835540533065796 -0.02579367905855179 
v 2.261078357696533 -1.7194050550460815 -0.024430613964796066 
v 2.2805063724517822 -1.6341044902801514 -0.02477138116955757 
v 2.1820712089538574 -1.666246771812439 -0.028945764526724815 
v 2.184661626815796 -1.7144601345062256 -0.027241934090852737 
v 2.174299955368042 -1.3250445127487183 -0.022982358932495117 
v 2.1781857013702393 -1.542622685432434 -0.01770048588514328 
v 2.2973439693450928 -1.4437235593795776 -0.007392314728349447 
v 2.3336095809936523 -1.603198528289795 -0.009436910040676594 
v 2.218336820602417 -1.5549851655960083 -0.010203634388744831 
v 2.179480791091919 -1.6044347286224365 -0.0038994629867374897 
v 2.325838327407837 -1.6365770101547241 -0.028519807383418083 
v 2.375056028366089 -1.6538842916488647 -0.018978359177708626 
v 2.4268639087677 -1.6093796491622925 -0.013100145384669304 
v 2.4203879833221436 -1.542622685432434 -0.009266527369618416 
v 2.442406415939331 -1.5970172882080078 -0.005432909820228815 
v 2.87241268157959 -0.9158490300178528 0.058290332555770874 
v 2.837442398071289 -0.9096678495407104 0.07447671890258789 
v 2.8737080097198486 -0.9133765697479248 -0.02698635868728161 
v 2.768796682357788 -0.9022504091262817 0.05743841826915741 
v 2.6587047576904297 -0.8935967087745667 -0.0248565711081028 
v 2.6742472648620605 -0.8935967087745667 0.05701246112585068 
v 2.549907922744751 -0.8985416889190674 0.05053790658712387 
v 2.652228832244873 -0.9146128296852112 0.07899186760187149 
v 2.4696056842803955 -0.9047228693962097 -0.02860499732196331 
v 2.451472759246826 -0.9071953892707825 0.07089867442846298 
v 2.3672847747802734 -0.9121403098106384 0.07140982151031494 
v 2.3659896850585938 -0.9133765697479248 -0.02715674228966236 
v 2.6315054893493652 -1.0753240585327148 0.07243212312459946 
v 2.5032808780670166 -1.0765602588653564 0.07106905430555344 
v 2.6159632205963135 -1.2570512294769287 0.07362480461597443 
v 2.446291923522949 -1.2657049894332886 0.07532863318920135 
v 2.380236864089966 -1.077796459197998 0.07268769294023514 
v 2.380236864089966 -1.1556795835494995 0.06910965591669083 
v 2.37376070022583 -1.2669411897659302 0.07132463157176971 
v 2.6353912353515625 -1.3200994729995728 0.10156761109828949 
v 2.5822880268096924 -1.4177625179290771 0.10250472277402878 
v 2.5732216835021973 -1.3065009117126465 0.09850072115659714 
v 2.5317752361297607 -1.4239436388015747 0.10557161271572113 
v 2.4294543266296387 -1.312682032585144 0.1087237000465393 
v 2.4553585052490234 -1.3695491552352905 0.10659391433000565 
v 2.5045759677886963 -1.4659758806228638 0.12167280912399292 
v 2.5382511615753174 -1.5080080032348633 0.11025714874267578 
v 2.535660743713379 -1.567347526550293 0.11110906302928925 
v 2.627619981765747 -1.510480523109436 0.10863851010799408 
v 2.5952401161193848 -1.5797098875045776 0.1109386757016182 
v 2.6353912353515625 -1.5488039255142212 0.0993526354432106 
v 2.6107823848724365 -1.739184856414795 0.1048048883676529 
v 2.6651806831359863 -1.6365770101547241 0.10156761109828949 
v 2.6742472648620605 -1.7428935766220093 0.10446412861347198 
v 2.6444575786590576 -1.4301248788833618 0.09764880686998367 
v 2.6548192501068115 -1.5178979635238647 0.07856591045856476 
v 2.5874688625335693 -1.7379486560821533 0.1112794429063797 
v 2.4398159980773926 -1.7107514142990112 0.11204616725444794 
v 2.3867127895355225 -1.6637742519378662 0.11502787470817566 
v 2.3957791328430176 -1.7119876146316528 0.12312106043100357 
v 2.3633992671966553 -1.6847903728485107 0.12243953347206116 
v 2.331019163131714 -1.7206412553787231 0.10667910426855087 
v 2.3336095809936523 -1.688499093055725 0.10812736302614212 
v 2.306410312652588 -1.7206412553787231 0.0867442935705185 
v 2.2558975219726562 -1.6860265731811523 0.10616795718669891 
v 2.2299935817718506 -1.7169325351715088 0.08802216500043869 
v 2.2248127460479736 -1.698388934135437 0.09679689258337021 
v 2.184661626815796 -1.7144601345062256 0.0677465870976448 
v 2.183366298675537 -1.6650104522705078 0.09466709941625595 
v 2.261078357696533 -1.6588293313980103 0.09585978090763092 
v 2.354332685470581 -1.6637742519378662 0.09875629097223282 
v 2.331019163131714 -1.603198528289795 0.11673170328140259 
v 2.311591148376465 -1.614324688911438 0.10608275979757309 
v 2.2649641036987305 -1.6279232501983643 0.11221655458211899 
v 2.1872520446777344 -1.6291595697402954 0.109660804271698 
v 2.2792112827301025 -1.5883636474609375 0.12201357632875443 
v 2.179480791091919 -1.5772374868392944 0.11749842762947083 
v 2.5175280570983887 -1.7330037355422974 0.10582718998193741 
v 2.398369550704956 -1.5648750066757202 0.12022455036640167 
v 2.3776464462280273 -1.5871273279190063 0.12371740490198135 
v 2.419092893600464 -1.5871273279190063 0.12048012763261795 
v 2.470900774002075 -1.5871273279190063 0.11383519321680069 
v 2.4993951320648193 -1.5586938858032227 0.11852072179317474 
v 2.438520908355713 -1.551276445388794 0.11536863446235657 
v 2.329724073410034 -1.4189987182617188 0.11886148899793625 
v 2.3336095809936523 -1.3361706733703613 0.11008676141500473 
v 2.2753255367279053 -1.3200994729995728 0.08819254487752914 
v 2.189842462539673 -1.463503360748291 0.10378259420394897 
v 2.26625919342041 -1.3349343538284302 0.101908378303051 
v 2.2403552532196045 -1.5277878046035767 0.12158761918544769 
v 2.1781857013702393 -1.510480523109436 0.09764880686998367 
v 2.1768903732299805 -1.4214712381362915 0.10369740426540375 
v 2.198908805847168 -1.3250445127487183 0.10489008575677872 
v 2.175595283508301 -1.3275169134140015 0.08461450785398483 
v 2.6509335041046143 -1.0654340982437134 -0.02502695471048355 
v 2.5278894901275635 -1.056780457496643 -0.02715674228966236 
v 2.6509335041046143 -1.0641978979110718 0.07370999455451965 
v 2.5045759677886963 -1.055544137954712 0.0722617357969284 
v 2.3776464462280273 -1.0493630170822144 0.07268769294023514 
v 2.3776464462280273 -1.0518354177474976 -0.026645593345165253 
v 2.6509335041046143 -1.0654340982437134 -0.02502695471048355 
v 2.6509335041046143 -1.0641978979110718 0.07370999455451965 
v 2.676837682723999 -1.3695491552352905 -0.025623295456171036 
v 2.6742472648620605 -1.3361706733703613 0.07370999455451965 
v 2.6781327724456787 -1.3707853555679321 0.05752360820770264 
v 2.6315054893493652 -1.0765602588653564 -0.025708487257361412 
v 2.5071663856506348 -1.0765602588653564 -0.02596406079828739 
v 2.6315054893493652 -1.0753240585327148 0.07243212312459946 
v 2.5032808780670166 -1.0765602588653564 0.07106905430555344 
v 2.3867127895355225 -1.0765602588653564 -0.013696485199034214 
v 2.380236864089966 -1.077796459197998 0.07268769294023514 
v 2.6159632205963135 -1.2570512294769287 -0.026815976947546005 
v 2.6315054893493652 -1.0765602588653564 -0.025708487257361412 
v 2.51623272895813 -1.2632324695587158 -0.026815976947546005 
v 2.5071663856506348 -1.0765602588653564 -0.02596406079828739 
v 2.476081609725952 -1.2644686698913574 -0.022300826385617256 
v 2.378941535949707 -1.0938676595687866 -0.028690189123153687 
v 2.37376070022583 -1.269413709640503 -0.022130444645881653 
v 2.3867127895355225 -1.0765602588653564 -0.013696485199034214 
v 2.6353912353515625 -1.5488039255142212 0.0993526354432106 
v 2.627619981765747 -1.510480523109436 0.10863851010799408 
v 2.6548192501068115 -1.5178979635238647 0.07856591045856476 
v 2.6444575786590576 -1.4301248788833618 0.09764880686998367 
v 2.652228832244873 -1.4832831621170044 -0.025197338312864304 
v 2.6392767429351807 -1.3584229946136475 -0.02860499732196331 
v 2.6353912353515625 -1.3200994729995728 0.10156761109828949 
v 2.6340959072113037 -1.301555871963501 0.07635092735290527 
v 2.6340959072113037 -1.3040283918380737 -0.023578699678182602 
v 2.6742472648620605 -1.7428935766220093 -0.021534103900194168 
v 2.6651806831359863 -1.6365770101547241 0.10156761109828949 
v 2.6742472648620605 -1.7428935766220093 0.10446412861347198 
v 2.729940891265869 -1.4771020412445068 0.04661909490823746 
v 2.8361473083496094 -1.4869918823242188 0.04730062931776047 
v 2.729940891265869 -1.6019622087478638 0.04874888435006142 
v 2.803767204284668 -1.6922078132629395 0.053775183856487274 
v 2.886660099029541 -1.5228428840637207 0.043126244097948074 
v 2.8827743530273438 -1.7639096975326538 0.0493452250957489 
v 2.8348519802093506 -1.8331390619277954 0.04815254360437393 
v 2.8788888454437256 -1.8220129013061523 0.057097651064395905 
v 2.8594608306884766 -1.865281343460083 0.055393822491168976 
v 2.895726442337036 -1.876407504081726 0.046874672174453735 
v 2.8555750846862793 -1.9481093883514404 0.05121943727135658 
v 2.9034976959228516 -1.9468731880187988 0.05454190447926521 
v 2.729940891265869 -1.4016913175582886 0.04789697006344795 
v 2.8801839351654053 -1.41158127784729 0.048578500747680664 
v 2.900907278060913 -1.8640451431274414 0.03818513825535774 
v 2.808948040008545 -1.944400668144226 0.04551160708069801 
v 2.745483160018921 -1.881352424621582 0.053775183856487274 
v 2.729940891265869 -1.78616201877594 0.04874888435006142 
v 2.729940891265869 -1.944400668144226 0.04874888435006142 
v 2.6781327724456787 -1.3707853555679321 0.05752360820770264 
v 2.676837682723999 -1.3695491552352905 -0.025623295456171036 
v 2.7519590854644775 -1.3769665956497192 0.07311365008354187 
v 2.8452136516571045 -1.3856202363967896 0.07558420300483704 
v 2.8853647708892822 -1.389328956604004 -0.023323124274611473 
v 2.8827743530273438 -1.384384036064148 0.06306105852127075 
v 2.729940891265869 -1.4016913175582886 0.04789697006344795 
v 2.729940891265869 -1.4771020412445068 0.04661909490823746 
v 2.7273504734039307 -1.4016913175582886 -0.023323124274611473 
v 2.7286455631256104 -1.594544768333435 -0.022726785391569138 
v 2.729940891265869 -1.6019622087478638 0.04874888435006142 
v 2.729940891265869 -1.7663822174072266 -0.01983027346432209 
v 2.729940891265869 -1.78616201877594 0.04874888435006142 
v 2.7273504734039307 -1.781217098236084 -0.012163038365542889 
v 2.7286455631256104 -1.8442652225494385 -0.021108146756887436 
v 2.731235980987549 -1.9382195472717285 -0.025623295456171036 
v 2.729940891265869 -1.944400668144226 0.04874888435006142 
v 2.8801839351654053 -1.41158127784729 0.048578500747680664 
v 2.8788888454437256 -1.41158127784729 -0.02460099756717682 
v 2.729940891265869 -1.4016913175582886 0.04789697006344795 
v 2.7273504734039307 -1.4016913175582886 -0.023323124274611473 
v 2.8788888454437256 -1.41158127784729 -0.02460099756717682 
v 2.886660099029541 -1.5698200464248657 -0.028519807383418083 
v 2.7273504734039307 -1.4016913175582886 -0.023323124274611473 
v 2.7286455631256104 -1.594544768333435 -0.022726785391569138 
v 2.8931360244750977 -1.70951509475708 -0.023323124274611473 
v 2.729940891265869 -1.7663822174072266 -0.01983027346432209 
v 2.7286455631256104 -1.8442652225494385 -0.021108146756887436 
v 2.803767204284668 -1.890006184577942 -0.02460099756717682 
v 2.731235980987549 -1.9382195472717285 -0.025623295456171036 
v 2.784339189529419 -1.9456369876861572 -0.020596997812390327 
v 2.8607559204101562 -1.9481093883514404 -0.02553810365498066 
v 2.897021532058716 -1.8368477821350098 -0.015741081908345222 
v 2.900907278060913 -1.881352424621582 -0.02383427321910858 
v 2.9047927856445312 -1.9481093883514404 -0.016678187996149063 
v 2.6159632205963135 -1.2570512294769287 0.07362480461597443 
v 2.6159632205963135 -1.2570512294769287 -0.026815976947546005 
v 2.6315054893493652 -1.0753240585327148 0.07243212312459946 
v 2.6315054893493652 -1.0765602588653564 -0.025708487257361412 
v 2.6340959072113037 -1.3040283918380737 -0.023578699678182602 
v 2.583583116531372 -1.3052645921707153 -0.02690116874873638 
v 2.6340959072113037 -1.301555871963501 0.07635092735290527 
v 2.5732216835021973 -1.3065009117126465 0.09850072115659714 
v 2.6353912353515625 -1.3200994729995728 0.10156761109828949 
v 2.4294543266296387 -1.312682032585144 0.1087237000465393 
v 2.4346351623535156 -1.312682032585144 -0.018296826630830765 
v 2.2753255367279053 -1.3200994729995728 0.08819254487752914 
v 2.3387904167175293 -1.3176270723342896 -0.021363720297813416 
v 2.174299955368042 -1.3250445127487183 -0.022982358932495117 
v 2.175595283508301 -1.3275169134140015 0.08461450785398483 
v 2.198908805847168 -1.3250445127487183 0.10489008575677872 
v 2.37376070022583 -1.269413709640503 -0.022130444645881653 
v 2.37376070022583 -1.2669411897659302 0.07132463157176971 
v 2.476081609725952 -1.2644686698913574 -0.022300826385617256 
v 2.446291923522949 -1.2657049894332886 0.07532863318920135 
v 2.51623272895813 -1.2632324695587158 -0.026815976947546005 
v 2.6159632205963135 -1.2570512294769287 0.07362480461597443 
v 2.6159632205963135 -1.2570512294769287 -0.026815976947546005 
v 2.3271336555480957 -0.9158490300178528 -0.027838274836540222 
v 2.3323144912719727 -1.1334272623062134 -0.025708487257361412 
v 2.150986433029175 -0.9418100714683533 -0.028093848377466202 
v 2.334904909133911 -1.255815029144287 -0.022130444645881653 
v 2.169119119644165 -1.2941384315490723 -0.022556401789188385 
v 2.096587896347046 -0.9739522933959961 0.09858591109514236 
v 2.1043591499328613 -1.0938676595687866 0.09756361693143845 
v 2.075864791870117 -0.9665348529815674 0.09841553121805191 
v 1.9476399421691895 -0.9776610136032104 0.09781918674707413 
v 1.9346879720687866 -1.0196932554244995 0.09764880686998367 
v 1.8932416439056396 -0.9912596940994263 0.08393297344446182 
v 1.8919464349746704 -1.0122758150100708 0.08299586921930313 
v 1.9139647483825684 -1.061725378036499 0.08009935915470123 
v 1.8906512260437012 -1.0493630170822144 0.07396556437015533 
v 1.8945368528366089 -1.1519708633422852 0.06493526697158813 
v 1.8712232112884521 -1.0765602588653564 0.08112165331840515 
v 1.8802895545959473 -1.165569543838501 0.0632314383983612 
v 1.889356017112732 -1.260759949684143 0.06723544001579285 
v 1.930802345275879 -1.2731224298477173 0.09654131531715393 
v 2.096587896347046 -1.2372714281082153 0.10284548997879028 
v 1.842728853225708 -1.0975762605667114 0.09986378252506256 
v 1.8517951965332031 -1.0011496543884277 0.09679689258337021 
v 1.8582712411880493 -0.9875509738922119 0.08981118351221085 
v 1.7093231678009033 -0.998677134513855 0.07873629033565521 
v 1.7248655557632446 -1.034528136253357 0.09654131531715393 
v 1.5901647806167603 -1.0234019756317139 0.09236693382263184 
v 1.832367181777954 -1.2347989082336426 0.09475229680538177 
v 1.8634519577026367 -1.2483975887298584 0.07115425169467926 
v 1.8815847635269165 -1.323808193206787 0.06987637281417847 
v 1.9152599573135376 -1.3497692346572876 0.0977339968085289 
v 1.8686327934265137 -1.3683128356933594 0.07796956598758698 
v 1.8673375844955444 -1.4152899980545044 0.08682948350906372 
v 1.845319151878357 -1.416526198387146 0.1002897396683693 
v 1.8725184202194214 -1.4387785196304321 0.0780547633767128 
v 1.8945368528366089 -1.416526198387146 0.09696727246046066 
v 1.9644776582717896 -1.416526198387146 0.09918225556612015 
v 1.8556808233261108 -1.3225719928741455 0.0890444666147232 
v 2.031827926635742 -1.4177625179290771 0.10276029258966446 
v 2.101768732070923 -1.4078725576400757 0.10395297408103943 
v 2.126377582550049 -1.353477954864502 0.0912594422698021 
v 2.1134254932403564 -1.1902942657470703 0.0812920406460762 
v 1.7805591821670532 -1.452377200126648 0.09815995395183563 
v 1.7624263763427734 -1.364604115486145 0.09952301532030106 
v 1.5810984373092651 -1.3769665956497192 0.09407076239585876 
v 1.6354968547821045 -1.348533034324646 0.07635092735290527 
v 1.5927551984786987 -1.3336981534957886 0.07388037443161011 
v 1.7106183767318726 -1.3423517942428589 0.07848072052001953 
v 1.8543856143951416 -1.3386430740356445 0.09560421109199524 
v 1.654924750328064 -1.4672120809555054 0.10241952538490295 
v 1.5849839448928833 -1.4783382415771484 0.09671169519424438 
v 1.7624263763427734 -1.3003196716308594 0.07975859194993973 
v 1.704142451286316 -1.2644686698913574 0.09304846078157425 
v 1.5823936462402344 -1.3250445127487183 0.08018454909324646 
v 1.5901647806167603 -1.2187278270721436 0.09304846078157425 
v 1.5629656314849854 -1.0518354177474976 0.09057790786027908 
v 1.7857400178909302 -1.2644686698913574 0.10165280848741531 
v 2.3672847747802734 -0.9121403098106384 0.07140982151031494 
v 2.3776464462280273 -1.0493630170822144 0.07268769294023514 
v 2.3659896850585938 -0.9133765697479248 -0.02715674228966236 
v 2.3776464462280273 -1.0518354177474976 -0.026645593345165253 
v 2.3867127895355225 -1.0765602588653564 -0.013696485199034214 
v 2.380236864089966 -1.077796459197998 0.07268769294023514 
v 2.378941535949707 -1.0938676595687866 -0.028690189123153687 
v 2.380236864089966 -1.1556795835494995 0.06910965591669083 
v 2.37376070022583 -1.269413709640503 -0.022130444645881653 
v 2.37376070022583 -1.2669411897659302 0.07132463157176971 
v 2.150986433029175 -0.9418100714683533 -0.028093848377466202 
v 2.3271336555480957 -0.9158490300178528 -0.027838274836540222 
v 2.165233612060547 -0.9405738115310669 0.07038752734661102 
v 2.3141815662384033 -0.9183214902877808 0.06118684262037277 
v 2.3271336555480957 -0.9257389307022095 0.07089867442846298 
v 2.3271336555480957 -0.9257389307022095 0.07089867442846298 
v 2.3336095809936523 -1.2422163486480713 0.07396556437015533 
v 2.165233612060547 -0.9405738115310669 0.07038752734661102 
v 2.1730048656463623 -1.0629615783691406 0.07277289032936096 
v 2.1522815227508545 -0.9640623927116394 0.07123944163322449 
v 2.1587576866149902 -1.0852138996124268 0.061357226222753525 
v 2.170414447784424 -1.2953747510910034 0.07464709877967834 
v 2.272735118865967 -1.2706499099731445 0.07592497020959854 
v 2.336199998855591 -1.255815029144287 0.060420118272304535 
v 2.336199998855591 -1.255815029144287 0.060420118272304535 
v 2.334904909133911 -1.255815029144287 -0.022130444645881653 
v 2.3336095809936523 -1.2422163486480713 0.07396556437015533 
v 2.3323144912719727 -1.1334272623062134 -0.025708487257361412 
v 2.3271336555480957 -0.9257389307022095 0.07089867442846298 
v 2.3271336555480957 -0.9158490300178528 -0.027838274836540222 
v 2.336199998855591 -1.255815029144287 0.060420118272304535 
v 2.272735118865967 -1.2706499099731445 0.07592497020959854 
v 2.334904909133911 -1.255815029144287 -0.022130444645881653 
v 2.170414447784424 -1.2953747510910034 0.07464709877967834 
v 2.169119119644165 -1.2941384315490723 -0.022556401789188385 
v 2.26625919342041 -1.3349343538284302 0.101908378303051 
v 2.2753255367279053 -1.3200994729995728 0.08819254487752914 
v 2.3336095809936523 -1.3361706733703613 0.11008676141500473 
v 2.1471006870269775 -1.463503360748291 0.07524344325065613 
v 2.1561672687530518 -1.5846549272537231 0.08367739617824554 
v 2.1471006870269775 -1.4647395610809326 -0.02221563458442688 
v 2.154871940612793 -1.5994898080825806 -0.01284457091242075 
v 2.16005277633667 -1.6378132104873657 -0.027497507631778717 
v 2.1613481044769287 -1.6452306509017944 0.07106905430555344 
v 2.1665287017822266 -1.693444013595581 -0.025367721915245056 
v 2.1717095375061035 -1.7305312156677246 0.06297586113214493 
v 2.174299955368042 -1.8220129013061523 0.06459449976682663 
v 2.1872520446777344 -2.0062127113342285 -0.020596997812390327 
v 2.1872520446777344 -1.9827241897583008 0.05888667330145836 
v 2.188547134399414 -2.00744891166687 0.02898445539176464 
v 2.1768903732299805 -1.980251669883728 0.07711765170097351 
v 2.163938283920288 -2.0086851119995117 0.07745841890573502 
v 2.6742472648620605 -1.7428935766220093 0.10446412861347198 
v 2.6107823848724365 -1.739184856414795 0.1048048883676529 
v 2.6742472648620605 -1.7428935766220093 -0.021534103900194168 
v 2.521413564682007 -1.7330037355422974 -0.02008584886789322 
v 2.5874688625335693 -1.7379486560821533 0.1112794429063797 
v 2.5175280570983887 -1.7330037355422974 0.10582718998193741 
v 2.446291923522949 -1.729295015335083 0.09177058935165405 
v 2.4398159980773926 -1.7107514142990112 0.11204616725444794 
v 2.3957791328430176 -1.7119876146316528 0.12312106043100357 
v 2.331019163131714 -1.7206412553787231 0.10667910426855087 
v 2.4022552967071533 -1.7255862951278687 -0.0068811653181910515 
v 2.3336095809936523 -1.7218775749206543 -0.006540399510413408 
v 2.306410312652588 -1.7206412553787231 0.0867442935705185 
v 2.30122971534729 -1.7206412553787231 -0.023919465020298958 
v 2.2299935817718506 -1.7169325351715088 0.08802216500043869 
v 2.261078357696533 -1.7194050550460815 -0.024430613964796066 
v 2.184661626815796 -1.7144601345062256 -0.027241934090852737 
v 2.184661626815796 -1.7144601345062256 0.0677465870976448 
v 2.6340959072113037 -1.792343258857727 0.07549901306629181 
v 2.648343086242676 -1.8825887441635132 0.06220914050936699 
v 2.584878444671631 -1.7886345386505127 0.07839552313089371 
v 2.5628600120544434 -1.818304181098938 0.07396556437015533 
v 2.4411110877990723 -1.8356115818023682 0.08086607605218887 
v 2.51623272895813 -1.870226263999939 0.07456190884113312 
v 2.393188714981079 -1.9419282674789429 0.06263510137796402 
v 2.3141815662384033 -1.7799807786941528 0.08947042375802994 
v 2.292163133621216 -1.7836894989013672 0.0777139961719513 
v 2.661295175552368 -1.7935794591903687 0.04346701130270958 
v 2.65740966796875 -1.933274507522583 0.06007935479283333 
v 2.597830295562744 -1.9666529893875122 0.06220914050936699 
v 2.6548192501068115 -1.9938503503799438 0.05846071615815163 
v 2.5524983406066895 -2.017338991165161 0.05121943727135658 
v 2.656114339828491 -2.0667884349823 0.05411594733595848 
v 2.599125623703003 -2.0915133953094482 0.05215654522180557 
v 2.6587047576904297 -2.179286241531372 0.05726803466677666 
v 2.579697608947754 -2.150852918624878 0.04985637217760086 
v 2.521413564682007 -2.176813840866089 0.05028232932090759 
v 2.5136423110961914 -1.9715980291366577 0.06382778286933899 
v 2.549907922744751 -1.9196759462356567 0.05607535317540169 
v 2.380236864089966 -2.030937433242798 0.05036752298474312 
v 2.413912057876587 -2.085332155227661 0.054030757397413254 
v 2.4929192066192627 -2.163215160369873 0.06144241616129875 
v 2.5045759677886963 -2.205247402191162 0.06689467281103134 
v 2.588763952255249 -2.2299721240997314 0.061101652681827545 
v 2.65740966796875 -2.2522244453430176 0.05462709814310074 
v 2.6146678924560547 -2.2485158443450928 0.06050531193614006 
v 2.641867160797119 -2.289311647415161 0.029410414397716522 
v 2.590059280395508 -2.2979652881622314 0.02566198818385601 
v 2.597830295562744 -2.250988245010376 0.06536122411489487 
v 2.60430645942688 -2.2905478477478027 0.03281807526946068 
v 2.6263248920440674 -2.2856030464172363 0.021232029423117638 
v 2.5913543701171875 -2.3362886905670166 0.06459449976682663 
v 2.520118474960327 -2.2584056854248047 0.06280548125505447 
v 2.4216833114624023 -2.2225546836853027 0.06638352572917938 
v 2.412616729736328 -2.192884922027588 0.06467969715595245 
v 2.4165024757385254 -2.166923999786377 0.07754360884428024 
v 2.3426759243011475 -2.0667884349823 0.05556420236825943 
v 2.2882776260375977 -2.0457723140716553 0.046874672174453735 
v 2.2546024322509766 -2.021047592163086 0.05394556373357773 
v 2.2701447010040283 -1.944400668144226 0.06144241616129875 
v 2.2507166862487793 -1.957999348640442 0.0461079478263855 
v 2.26625919342041 -1.890006184577942 0.06757620722055435 
v 2.246831178665161 -1.8751713037490845 0.05266769230365753 
v 2.2494215965270996 -1.8343753814697266 0.07277289032936096 
v 2.2442407608032227 -1.7775083780288696 0.07362480461597443 
v 2.3465616703033447 -2.121183156967163 0.06263510137796402 
v 2.3582184314727783 -2.1718688011169434 0.057608798146247864 
v 2.3336095809936523 -2.1038756370544434 0.05036752298474312 
v 2.30122971534729 -2.10140323638916 0.030943861231207848 
v 2.2597832679748535 -2.049481153488159 0.02736581675708294 
v 2.2597832679748535 -2.0840959548950195 0.03222173452377319 
v 2.2338790893554688 -2.0556623935699463 0.04789697006344795 
v 2.3439712524414062 -2.16939640045166 0.041933562606573105 
v 2.2636687755584717 -2.115001916885376 0.04823773354291916 
v 2.32065749168396 -2.186703681945801 0.05036752298474312 
v 2.2442407608032227 -2.2077198028564453 0.04585237428545952 
v 2.3387904167175293 -2.257169485092163 0.05156020447611809 
v 2.3426759243011475 -2.2757129669189453 0.061868373304605484 
v 2.359513521194458 -2.2386257648468018 0.048834074288606644 
v 2.3957791328430176 -2.2843666076660156 0.05667169392108917 
v 2.412616729736328 -2.247279405593872 0.03937781974673271 
v 2.359513521194458 -2.2176096439361572 0.035970158874988556 
v 2.3828272819519043 -2.205247402191162 0.04252990335226059 
v 2.5486128330230713 -2.3004379272460938 0.015098241157829762 
v 2.5188231468200684 -2.3004379272460938 0.030603094026446342 
v 2.46183443069458 -2.2682955265045166 0.05317884311079979 
v 2.4268639087677 -2.276949167251587 0.03426633030176163 
v 2.446291923522949 -2.3263988494873047 0.047641392797231674 
v 2.4268639087677 -2.3498873710632324 0.05931263044476509 
v 2.4786720275878906 -2.3523600101470947 0.05956820398569107 
v 2.530479907989502 -2.32269024848938 0.05411594733595848 
v 2.5628600120544434 -2.347414970397949 0.05846071615815163 
v 2.5913543701171875 -2.3981008529663086 0.05599016323685646 
v 2.6651806831359863 -2.3795571327209473 0.05846071615815163 
v 2.597830295562744 -2.4722752571105957 0.052326928824186325 
v 2.6690664291381836 -2.471039056777954 0.054967865347862244 
v 2.4501776695251465 -2.299201488494873 0.018676284700632095 
v 2.6587047576904297 -2.3103277683258057 0.052838075906038284 
v 2.511051893234253 -2.477220058441162 0.04781177639961243 
v 2.4877383708953857 -2.415408134460449 0.05743841826915741 
v 2.447587251663208 -2.4055182933807373 0.05752360820770264 
v 2.2792112827301025 -2.276949167251587 0.06237952411174774 
v 2.2507166862487793 -2.2237908840179443 0.05633092671632767 
v 2.257192850112915 -2.4500229358673096 0.050197139382362366 
v 2.232583999633789 -2.3103277683258057 0.05181577801704407 
v 2.19502329826355 -2.477220058441162 0.05028232932090759 
v 2.184661626815796 -2.3597774505615234 0.0599941611289978 
v 2.1082448959350586 -2.4759838581085205 0.058034759014844894 
v 2.033123254776001 -2.3758485317230225 0.07089867442846298 
v 2.013695240020752 -2.477220058441162 0.062294334173202515 
v 2.1678240299224854 -2.280658006668091 0.052582502365112305 
v 2.16005277633667 -2.2497520446777344 0.052582502365112305 
v 2.207975149154663 -2.1718688011169434 0.049941565841436386 
v 2.198908805847168 -2.056898593902588 0.049004457890987396 
v 2.2507166862487793 -2.477220058441162 0.038611095398664474 
v 2.174299955368042 -2.056898593902588 0.057779181748628616 
v 2.175595283508301 -2.2077198028564453 0.05880147963762283 
v 2.0706839561462402 -2.2324445247650146 0.06928003579378128 
v 2.008514404296875 -2.185467481613159 0.07089867442846298 
v 1.9994479417800903 -2.0680246353149414 0.0706430971622467 
v 1.950230360031128 -2.0939857959747314 0.07038752734661102 
v 1.9554111957550049 -2.072969675064087 0.06715025007724762 
v 1.961887240409851 -2.33134388923645 0.07081348448991776 
v 2.031827926635742 -2.2460432052612305 0.06408335268497467 
v 1.9981528520584106 -2.344942569732666 0.06655390560626984 
v 1.9592968225479126 -2.4574403762817383 0.06842812150716782 
v 1.9644776582717896 -2.4858739376068115 0.04730062931776047 
v 2.661295175552368 -1.791106939315796 -0.02247120998799801 
v 2.6600000858306885 -1.8578639030456543 -0.02008584886789322 
v 2.661295175552368 -1.7935794591903687 0.04346701130270958 
v 2.65740966796875 -1.933274507522583 0.06007935479283333 
v 2.6535239219665527 -1.9765429496765137 -0.016678187996149063 
v 2.6548192501068115 -1.9938503503799438 0.05846071615815163 
v 2.656114339828491 -2.0667884349823 0.05411594733595848 
v 2.656114339828491 -2.0840959548950195 -0.01863759197294712 
v 2.6587047576904297 -2.179286241531372 0.05726803466677666 
v 2.6587047576904297 -2.2682955265045166 -0.014718783088028431 
v 2.65740966796875 -2.2522244453430176 0.05462709814310074 
v 2.641867160797119 -2.289311647415161 0.029410414397716522 
v 2.6340959072113037 -1.792343258857727 0.07549901306629181 
v 2.661295175552368 -1.7935794591903687 0.04346701130270958 
v 2.648343086242676 -1.8825887441635132 0.06220914050936699 
v 2.661295175552368 -1.791106939315796 -0.02247120998799801 
v 2.578402280807495 -1.7898707389831543 -0.023237934336066246 
v 2.661295175552368 -1.7935794591903687 0.04346701130270958 
v 2.6340959072113037 -1.792343258857727 0.07549901306629181 
v 2.584878444671631 -1.7886345386505127 0.07839552313089371 
v 2.438520908355713 -1.7836894989013672 -0.007988655008375645 
v 2.3141815662384033 -1.7799807786941528 0.08947042375802994 
v 2.3245432376861572 -1.781217098236084 -0.014037251472473145 
v 2.2442407608032227 -1.7775083780288696 0.07362480461597443 
v 2.2455360889434814 -1.7787445783615112 -0.025623295456171036 
v 2.851689577102661 -2.0519535541534424 0.05147501081228256 
v 2.827080726623535 -2.118710517883301 0.11102387309074402 
v 2.8750030994415283 -2.0556623935699463 0.06263510137796402 
v 2.827080726623535 -2.118710517883301 0.11102387309074402 
v 2.793405532836914 -2.085332155227661 0.11187578737735748 
v 2.7921104431152344 -2.0618436336517334 0.07413595169782639 
v 2.827080726623535 -2.118710517883301 0.11102387309074402 
v 2.851689577102661 -2.0519535541534424 0.05147501081228256 
v 2.7921104431152344 -2.0618436336517334 0.07413595169782639 
v 2.812833547592163 -2.001267671585083 -0.020256230607628822 
v 2.8737080097198486 -2.001267671585083 0.06783177703619003 
v 2.832261562347412 -2.027228832244873 0.022509902715682983 
v 2.851689577102661 -2.0519535541534424 0.05147501081228256 
v 2.87241268157959 -2.0136301517486572 0.07831033319234848 
v 2.851689577102661 -2.0519535541534424 0.05147501081228256 
v 2.7921104431152344 -2.0618436336517334 0.07413595169782639 
v 2.832261562347412 -2.027228832244873 0.022509902715682983 
v 2.775272846221924 -2.0358824729919434 0.05156020447611809 
v 2.812833547592163 -2.001267671585083 -0.020256230607628822 
v 2.749368906021118 -1.9975590705871582 -0.016933763399720192 
v 2.7428927421569824 -2.0259926319122314 0.04184837266802788 
v 2.7131032943725586 -1.9987952709197998 0.02472488023340702 
v 2.7182838916778564 -2.00744891166687 0.055649396032094955 
v 2.773977518081665 -2.0037403106689453 0.08734063059091568 
v 2.7169888019561768 -2.0000314712524414 0.10310105979442596 
v 2.7118079662323 -1.9987952709197998 -0.017785677686333656 
v 2.780453681945801 -2.0704972743988037 0.09534863382577896 
v 2.7726824283599854 -2.0383548736572266 0.08648871630430222 
v 2.715693712234497 -2.0667884349823 0.10863851010799408 
v 2.7169888019561768 -2.0000314712524414 0.10310105979442596 
v 2.773977518081665 -2.0037403106689453 0.08734063059091568 
v 2.780453681945801 -2.0704972743988037 0.09534863382577896 
v 2.7921104431152344 -2.0618436336517334 0.07413595169782639 
v 2.7726824283599854 -2.0383548736572266 0.08648871630430222 
v 2.775272846221924 -2.0358824729919434 0.05156020447611809 
v 2.773977518081665 -2.0037403106689453 0.08734063059091568 
v 2.7118079662323 -1.9987952709197998 -0.017785677686333656 
v 2.7131032943725586 -1.9987952709197998 0.02472488023340702 
v 2.7169888019561768 -2.0976943969726562 -0.017870869487524033 
v 2.715693712234497 -2.0667884349823 0.10863851010799408 
v 2.7221696376800537 -2.2101922035217285 0.11272770166397095 
v 2.724760055541992 -2.231208324432373 -0.015400315634906292 
v 2.7325313091278076 -2.2423346042633057 0.09151501953601837 
v 2.740302324295044 -2.260878086090088 0.049685992300510406 
v 2.744188070297241 -2.2744767665863037 0.09551902115345001 
v 2.726055145263672 -2.2905478477478027 0.04730062931776047 
v 2.7415976524353027 -2.3103277683258057 0.10693468153476715 
v 2.731235980987549 -2.3783209323883057 0.08469969779253006 
v 2.759730339050293 -2.4042820930480957 0.10744582861661911 
v 2.7182838916778564 -2.00744891166687 0.055649396032094955 
v 2.7169888019561768 -2.0000314712524414 0.10310105979442596 
v 2.726055145263672 -2.2720043659210205 -0.01608184725046158 
v 2.7377119064331055 -2.474747657775879 -0.018126443028450012 
v 2.7390072345733643 -2.4722752571105957 0.09620054811239243 
v 2.2455360889434814 -1.7787445783615112 -0.025623295456171036 
v 2.2442407608032227 -1.7775083780288696 0.07362480461597443 
v 2.2494215965270996 -1.8862974643707275 -0.02383427321910858 
v 2.246831178665161 -1.8751713037490845 0.05266769230365753 
v 2.2507166862487793 -1.957999348640442 0.0461079478263855 
v 2.2546024322509766 -2.021047592163086 0.05394556373357773 
v 2.2546024322509766 -2.0482449531555176 -0.02315274253487587 
v 2.2597832679748535 -2.049481153488159 0.02736581675708294 
v 2.2494215965270996 -1.8343753814697266 0.07277289032936096 
v 2.26625919342041 -1.890006184577942 0.06757620722055435 
v 2.175595283508301 -1.3275169134140015 0.08461450785398483 
v 2.1768903732299805 -1.4214712381362915 0.10369740426540375 
v 2.174299955368042 -1.3250445127487183 -0.022982358932495117 
v 2.1781857013702393 -1.542622685432434 -0.01770048588514328 
v 2.1781857013702393 -1.510480523109436 0.09764880686998367 
v 2.179480791091919 -1.5772374868392944 0.11749842762947083 
v 2.179480791091919 -1.6044347286224365 -0.0038994629867374897 
v 2.183366298675537 -1.6650104522705078 0.09466709941625595 
v 2.1820712089538574 -1.666246771812439 -0.028945764526724815 
v 2.184661626815796 -1.7144601345062256 -0.027241934090852737 
v 2.184661626815796 -1.7144601345062256 0.0677465870976448 
v 2.292163133621216 -1.7836894989013672 0.0777139961719513 
v 2.2442407608032227 -1.7775083780288696 0.07362480461597443 
v 2.3141815662384033 -1.7799807786941528 0.08947042375802994 
v 1.6445631980895996 -2.5860092639923096 0.07694727182388306 
v 1.6342016458511353 -2.610733985900879 0.09253731369972229 
v 1.674352765083313 -2.5835368633270264 0.09168539941310883 
v 1.6717623472213745 -2.7195231914520264 0.09083348512649536 
v 1.8194152116775513 -2.5798280239105225 0.09262250363826752 
v 1.809053659439087 -2.8072962760925293 0.07575459033250809 
v 1.9256216287612915 -2.5538671016693115 0.09313365817070007 
v 1.8271863460540771 -2.5662293434143066 0.0825699120759964 
v 1.6354968547821045 -2.7281768321990967 0.08648871630430222 
v 1.6691720485687256 -2.7640278339385986 0.07413595169782639 
v 1.80387282371521 -2.888888120651245 0.08325143903493881 
v 1.8751088380813599 -2.91855788230896 0.06859850138425827 
v 1.9113744497299194 -2.882706880569458 0.07285808026790619 
v 1.9968576431274414 -2.840674638748169 0.061868373304605484 
v 1.9981528520584106 -2.707160711288452 0.0722617357969284 
v 2.0201711654663086 -2.562520742416382 0.0825699120759964 
v 2.018876075744629 -2.6676011085510254 0.06382778286933899 
v 2.018876075744629 -2.817186117172241 0.07268769294023514 
v 2.0201711654663086 -2.836966037750244 0.06101645901799202 
v 2.018876075744629 -2.5476858615875244 0.06945041567087173 
v 1.9592968225479126 -2.8839430809020996 0.05002675577998161 
v 2.004628896713257 -2.85056471824646 0.04661909490823746 
v 1.9864959716796875 -2.8901243209838867 0.05462709814310074 
v 2.018876075744629 -2.8715808391571045 0.07243212312459946 
v 1.9256216287612915 -2.9259753227233887 0.06467969715595245 
v 1.8440239429473877 -2.9432826042175293 0.0551382452249527 
v 1.8297767639160156 -2.934628963470459 0.06783177703619003 
v 1.789625644683838 -2.9099042415618896 0.0706430971622467 
v 1.7352272272109985 -2.8740532398223877 0.07507305592298508 
v 1.7391128540039062 -2.9136128425598145 0.05454190447926521 
v 1.6860096454620361 -2.8653995990753174 0.07916224747896194 
v 1.6691720485687256 -2.818422317504883 0.08282548189163208 
v 1.647153615951538 -2.856745958328247 0.07848072052001953 
v 1.6419727802276611 -2.8270761966705322 0.07992897182703018 
v 1.640677571296692 -2.7677366733551025 0.06791697442531586 
v 1.6458584070205688 -2.7479567527770996 0.06621313840150833 
v 1.7857400178909302 -2.934628963470459 0.05368999019265175 
v 1.8271863460540771 -2.9395740032196045 0.04363739490509033 
v 1.8660423755645752 -2.9655349254608154 0.06007935479283333 
v 1.8660423755645752 -2.9816060066223145 0.07123944163322449 
v 1.9683631658554077 -2.9160852432250977 0.07183577865362167 
v 1.9670679569244385 -3.0310556888580322 0.07686208188533783 
v 2.139329671859741 -2.8579821586608887 0.0764361247420311 
v 2.0357136726379395 -2.8419110774993896 0.07388037443161011 
v 2.135443925857544 -2.844383478164673 0.06646871566772461 
v 2.2830967903137207 -2.85056471824646 0.07984378188848495 
v 2.3413808345794678 -3.092867612838745 0.09833033382892609 
v 2.325838327407837 -2.870344400405884 0.08725544065237045 
v 2.0395991802215576 -3.1756956577301025 0.09977859258651733 
v 2.2002038955688477 -3.1398448944091797 0.09986378252506256 
v 2.3387904167175293 -3.144789695739746 0.10378259420394897 
v 1.9411640167236328 -3.1756956577301025 0.09466709941625595 
v 1.8116439580917358 -2.9840786457061768 0.07754360884428024 
v 1.7015520334243774 -3.174459457397461 0.0973932296037674 
v 1.708027958869934 -3.0879228115081787 0.08819254487752914 
v 1.7546552419662476 -2.970479965209961 0.07762879878282547 
v 1.674352765083313 -2.9358651638031006 0.07924743741750717 
v 1.6626960039138794 -2.9840786457061768 0.06928003579378128 
v 1.6834192276000977 -3.0817415714263916 0.07200616598129272 
v 1.7300463914871216 -2.9296839237213135 0.06646871566772461 
v 1.6821240186691284 -2.882706880569458 0.054201140999794006 
v 1.6626960039138794 -2.914849042892456 0.058290332555770874 
v 1.6484488248825073 -2.9000141620635986 0.03750360757112503 
v 1.6536295413970947 -2.9222664833068848 0.05462709814310074 
v 1.7196848392486572 -2.9420464038848877 0.08018454909324646 
v 1.6769431829452515 -2.870344400405884 0.04747101292014122 
v 2.3336095809936523 -2.1038756370544434 0.05036752298474312 
v 2.3439712524414062 -2.16939640045166 0.041933562606573105 
v 2.3465616703033447 -2.121183156967163 0.06263510137796402 
v 2.3582184314727783 -2.1718688011169434 0.057608798146247864 
v 2.359513521194458 -2.2176096439361572 0.035970158874988556 
v 2.2338790893554688 -2.0556623935699463 0.04789697006344795 
v 2.2636687755584717 -2.115001916885376 0.04823773354291916 
v 2.2597832679748535 -2.0840959548950195 0.03222173452377319 
v 2.2546024322509766 -2.0482449531555176 -0.02315274253487587 
v 2.2597832679748535 -2.049481153488159 0.02736581675708294 
v 2.2261080741882324 -2.0544261932373047 -0.027582699432969093 
v 2.2338790893554688 -2.0556623935699463 0.04789697006344795 
v 2.198908805847168 -2.056898593902588 0.049004457890987396 
v 2.174299955368042 -2.056898593902588 0.057779181748628616 
v 1.950230360031128 -2.0717334747314453 -0.025112146511673927 
v 1.9994479417800903 -2.0680246353149414 0.0706430971622467 
v 1.9554111957550049 -2.072969675064087 0.06715025007724762 
v 2.165233612060547 -0.9405738115310669 0.07038752734661102 
v 2.150986433029175 -0.9418100714683533 -0.028093848377466202 
v 2.1522815227508545 -0.9640623927116394 0.07123944163322449 
v 2.1587576866149902 -1.0852138996124268 0.061357226222753525 
v 2.169119119644165 -1.2941384315490723 -0.022556401789188385 
v 2.170414447784424 -1.2953747510910034 0.07464709877967834 
v 2.0253520011901855 -0.9714798331260681 -0.02979767881333828 
v 2.0357136726379395 -1.1087024211883545 -0.02860499732196331 
v 2.095292806625366 -0.9640623927116394 -0.028093848377466202 
v 2.1289680004119873 -1.4041638374328613 -0.02264159359037876 
v 2.024056911468506 -1.4189987182617188 -0.02579367905855179 
v 1.9903815984725952 -1.3200994729995728 -0.03099036030471325 
v 1.8634519577026367 -1.3163907527923584 -0.028690189123153687 
v 1.9256216287612915 -1.3003196716308594 -0.028519807383418083 
v 1.818120002746582 -1.2113103866577148 -0.0338868722319603 
v 1.8194152116775513 -1.1396085023880005 -0.030138444155454636 
v 1.8725184202194214 -0.9850784540176392 -0.02928652986884117 
v 1.5590800046920776 -1.0122758150100708 -0.03175708279013634 
v 1.647153615951538 -1.217491626739502 -0.0338868722319603 
v 1.5720319747924805 -1.2125465869903564 -0.03482397645711899 
v 1.5810984373092651 -1.2990834712982178 -0.044620998203754425 
v 1.6821240186691284 -1.3608953952789307 -0.03329053148627281 
v 1.5785080194473267 -1.34358811378479 -0.03644261509180069 
v 1.6860096454620361 -1.4647395610809326 -0.024175040423870087 
v 1.5836888551712036 -1.4771020412445068 -0.02928652986884117 
v 1.8271863460540771 -1.4461959600448608 -0.028264231979846954 
v 1.7805591821670532 -1.3819115161895752 -0.02979767881333828 
v 1.7222752571105957 -1.244688868522644 -0.03610185161232948 
v 2.096587896347046 -0.9739522933959961 0.09858591109514236 
v 2.095292806625366 -0.9640623927116394 -0.028093848377466202 
v 2.075864791870117 -0.9665348529815674 0.09841553121805191 
v 2.0253520011901855 -0.9714798331260681 -0.02979767881333828 
v 1.9476399421691895 -0.9776610136032104 0.09781918674707413 
v 1.8725184202194214 -0.9850784540176392 -0.02928652986884117 
v 1.908784031867981 -0.9813697338104248 0.04082607477903366 
v 1.8582712411880493 -0.9875509738922119 0.08981118351221085 
v 1.8932416439056396 -0.9912596940994263 0.08393297344446182 
v 1.7093231678009033 -0.998677134513855 0.07873629033565521 
v 1.5914599895477295 -1.0110394954681396 0.079332634806633 
v 1.5590800046920776 -1.0122758150100708 -0.03175708279013634 
v 1.5590800046920776 -1.0135120153427124 0.021572794765233994 
v 1.5901647806167603 -1.0234019756317139 0.09236693382263184 
v 2.096587896347046 -0.9739522933959961 0.09858591109514236 
v 2.1043591499328613 -1.0938676595687866 0.09756361693143845 
v 2.095292806625366 -0.9640623927116394 -0.028093848377466202 
v 2.1289680004119873 -1.4041638374328613 -0.02264159359037876 
v 2.1134254932403564 -1.1902942657470703 0.0812920406460762 
v 2.126377582550049 -1.353477954864502 0.0912594422698021 
v 2.1289680004119873 -1.405400037765503 0.07115425169467926 
v 2.101768732070923 -1.4078725576400757 0.10395297408103943 
v 2.096587896347046 -1.2372714281082153 0.10284548997879028 
v 2.0059239864349365 -1.4919369220733643 -0.027327125892043114 
v 2.0732743740081787 -1.5797098875045776 -0.02102295495569706 
v 2.1471006870269775 -1.4647395610809326 -0.02221563458442688 
v 2.154871940612793 -1.5994898080825806 -0.01284457091242075 
v 2.16005277633667 -1.6378132104873657 -0.027497507631778717 
v 2.004628896713257 -1.6007260084152222 -0.028945764526724815 
v 2.1665287017822266 -1.693444013595581 -0.025367721915245056 
v 1.930802345275879 -1.5080080032348633 -0.02460099756717682 
v 1.9450496435165405 -1.7416573762893677 -0.02221563458442688 
v 1.9489351511001587 -1.8047056198120117 -0.026390019804239273 
v 1.9955624341964722 -1.9097859859466553 -0.02860499732196331 
v 1.9644776582717896 -2.02475643157959 -0.02715674228966236 
v 2.1872520446777344 -2.0062127113342285 -0.020596997812390327 
v 1.9955624341964722 -1.5067718029022217 0.07115425169467926 
v 2.0357136726379395 -1.48822820186615 0.07541382312774658 
v 2.0460751056671143 -1.5488039255142212 0.07703246176242828 
v 2.1471006870269775 -1.463503360748291 0.07524344325065613 
v 2.1561672687530518 -1.5846549272537231 0.08367739617824554 
v 2.125082492828369 -1.6328682899475098 0.07072829455137253 
v 2.1613481044769287 -1.6452306509017944 0.07106905430555344 
v 1.930802345275879 -1.5092442035675049 0.049941565841436386 
v 1.9541159868240356 -1.504299283027649 0.0657871812582016 
v 1.9489351511001587 -1.572292447090149 0.07464709877967834 
v 1.9787248373031616 -1.603198528289795 0.06885407865047455 
v 1.9437544345855713 -1.7156963348388672 0.07311365008354187 
v 1.9787248373031616 -1.723113775253296 0.07140982151031494 
v 1.9463448524475098 -1.7589647769927979 0.07004676014184952 
v 2.126377582550049 -1.7020976543426514 0.07686208188533783 
v 2.144510507583618 -1.7515473365783691 0.07396556437015533 
v 2.1717095375061035 -1.7305312156677246 0.06297586113214493 
v 2.174299955368042 -1.8220129013061523 0.06459449976682663 
v 2.1768903732299805 -1.980251669883728 0.07711765170097351 
v 2.163938283920288 -2.0086851119995117 0.07745841890573502 
v 2.018876075744629 -2.0198113918304443 0.07388037443161011 
v 1.9955624341964722 -2.0222837924957275 0.06783177703619003 
v 1.9528207778930664 -1.8442652225494385 0.07251731306314468 
v 1.9631824493408203 -2.0000314712524414 0.07004676014184952 
v 1.9644776582717896 -2.0259926319122314 0.05079348012804985 
v 2.1289680004119873 -1.4041638374328613 -0.02264159359037876 
v 2.024056911468506 -1.4189987182617188 -0.02579367905855179 
v 2.1289680004119873 -1.405400037765503 0.07115425169467926 
v 2.101768732070923 -1.4078725576400757 0.10395297408103943 
v 2.031827926635742 -1.4177625179290771 0.10276029258966446 
v 1.8725184202194214 -1.4387785196304321 0.0780547633767128 
v 1.8271863460540771 -1.4461959600448608 -0.028264231979846954 
v 1.7805591821670532 -1.452377200126648 0.09815995395183563 
v 1.6860096454620361 -1.4647395610809326 -0.024175040423870087 
v 1.654924750328064 -1.4672120809555054 0.10241952538490295 
v 1.5849839448928833 -1.4783382415771484 0.09671169519424438 
v 1.5836888551712036 -1.4771020412445068 -0.02928652986884117 
v 2.1471006870269775 -1.4647395610809326 -0.02221563458442688 
v 2.1471006870269775 -1.463503360748291 0.07524344325065613 
v 2.0059239864349365 -1.4919369220733643 -0.027327125892043114 
v 2.0357136726379395 -1.48822820186615 0.07541382312774658 
v 1.9955624341964722 -1.4944093227386475 0.05811994895339012 
v 1.9955624341964722 -1.5067718029022217 0.07115425169467926 
v 1.9541159868240356 -1.504299283027649 0.0657871812582016 
v 1.930802345275879 -1.5092442035675049 0.049941565841436386 
v 1.930802345275879 -1.5080080032348633 -0.02460099756717682 
v 1.5901647806167603 -1.0234019756317139 0.09236693382263184 
v 1.5914599895477295 -1.0110394954681396 0.079332634806633 
v 1.5629656314849854 -1.0518354177474976 0.09057790786027908 
v 1.5590800046920776 -1.0135120153427124 0.021572794765233994 
v 1.5590800046920776 -1.0122758150100708 -0.03175708279013634 
v 1.5720319747924805 -1.2125465869903564 -0.03482397645711899 
v 1.5707367658615112 -1.2162553071975708 0.06621313840150833 
v 1.5810984373092651 -1.2990834712982178 -0.044620998203754425 
v 1.5823936462402344 -1.3250445127487183 0.08018454909324646 
v 1.5810984373092651 -1.3336981534957886 0.06050531193614006 
v 1.5785080194473267 -1.34358811378479 -0.03644261509180069 
v 1.5810984373092651 -1.3769665956497192 0.09407076239585876 
v 1.5836888551712036 -1.4771020412445068 -0.02928652986884117 
v 1.5849839448928833 -1.4783382415771484 0.09671169519424438 
v 1.5901647806167603 -1.2187278270721436 0.09304846078157425 
v 1.5927551984786987 -1.3336981534957886 0.07388037443161011 
v 1.8556808233261108 -1.3225719928741455 0.0890444666147232 
v 1.8543856143951416 -1.3386430740356445 0.09560421109199524 
v 1.8686327934265137 -1.3683128356933594 0.07796956598758698 
v 1.845319151878357 -1.416526198387146 0.1002897396683693 
v 1.7909208536148071 -1.48822820186615 0.07490267604589462 
v 1.80387282371521 -1.5166616439819336 0.07660650461912155 
v 1.8025776147842407 -1.4869918823242188 0.03605534881353378 
v 1.8051680326461792 -1.5166616439819336 -0.023323124274611473 
v 1.8012824058532715 -1.4869918823242188 -0.02170448563992977 
v 1.8025776147842407 -1.4869918823242188 0.03605534881353378 
v 1.7909208536148071 -1.48822820186615 0.07490267604589462 
v 1.8012824058532715 -1.4869918823242188 -0.02170448563992977 
v 1.627725601196289 -1.490700602531433 -0.026134444400668144 
v 1.627725601196289 -1.490700602531433 0.0719209685921669 
v 1.5927551984786987 -1.3336981534957886 0.07388037443161011 
v 1.5810984373092651 -1.3336981534957886 0.06050531193614006 
v 1.5823936462402344 -1.3250445127487183 0.08018454909324646 
v 1.7909208536148071 -1.48822820186615 0.07490267604589462 
v 1.627725601196289 -1.490700602531433 0.0719209685921669 
v 1.80387282371521 -1.5166616439819336 0.07660650461912155 
v 1.6212495565414429 -1.5253154039382935 0.07473228871822357 
v 1.6199543476104736 -1.526551604270935 -0.023067550733685493 
v 1.627725601196289 -1.490700602531433 -0.026134444400668144 
v 1.8051680326461792 -1.5166616439819336 -0.023323124274611473 
v 1.8012824058532715 -1.4869918823242188 -0.02170448563992977 
v 1.627725601196289 -1.490700602531433 -0.026134444400668144 
v 1.6199543476104736 -1.526551604270935 -0.023067550733685493 
v 1.627725601196289 -1.490700602531433 0.0719209685921669 
v 1.6212495565414429 -1.5253154039382935 0.07473228871822357 
v 1.6044119596481323 -1.5463314056396484 0.048322927206754684 
v 1.632906436920166 -1.5450952053070068 0.049685992300510406 
v 1.6044119596481323 -1.5463314056396484 -0.015996655449271202 
v 1.6380871534347534 -1.5450952053070068 -0.021193336695432663 
v 1.8530904054641724 -1.5339690446853638 -0.023493507876992226 
v 1.845319151878357 -1.5352052450180054 0.04840811714529991 
v 1.8530904054641724 -1.5339690446853638 -0.023493507876992226 
v 1.9256216287612915 -1.7008614540100098 -0.023493507876992226 
v 1.6380871534347534 -1.5450952053070068 -0.021193336695432663 
v 1.923031210899353 -1.781217098236084 -0.02741231769323349 
v 1.6342016458511353 -1.698388934135437 -0.018722783774137497 
v 1.6108880043029785 -2.0062127113342285 -0.02621963620185852 
v 1.60829758644104 -1.7255862951278687 -0.017615294083952904 
v 1.6057071685791016 -1.6613017320632935 -0.007136739790439606 
v 1.6044119596481323 -1.5463314056396484 -0.015996655449271202 
v 1.9191455841064453 -1.8949511051177979 -0.02434542216360569 
v 1.9126696586608887 -2.1360180377960205 -0.026645593345165253 
v 1.7417031526565552 -2.1817588806152344 -0.03175708279013634 
v 1.9061936140060425 -2.2386257648468018 -0.020852571353316307 
v 1.759835958480835 -2.244807004928589 -0.025623295456171036 
v 1.6147736310958862 -2.2522244453430176 -0.033205337822437286 
v 1.6251351833343506 -2.0939857959747314 -0.030223635956645012 
v 1.6095927953720093 -2.0865683555603027 -0.014207634143531322 
v 1.930802345275879 -1.5080080032348633 -0.02460099756717682 
v 1.930802345275879 -1.5092442035675049 0.049941565841436386 
v 1.9450496435165405 -1.7416573762893677 -0.02221563458442688 
v 1.9437544345855713 -1.7156963348388672 0.07311365008354187 
v 1.9463448524475098 -1.7589647769927979 0.07004676014184952 
v 1.9489351511001587 -1.8047056198120117 -0.026390019804239273 
v 1.9528207778930664 -1.8442652225494385 0.07251731306314468 
v 1.9631824493408203 -2.0000314712524414 0.07004676014184952 
v 1.9644776582717896 -2.02475643157959 -0.02715674228966236 
v 1.9644776582717896 -2.0259926319122314 0.05079348012804985 
v 1.9489351511001587 -1.572292447090149 0.07464709877967834 
v 1.9061936140060425 -2.0445361137390137 0.04704505577683449 
v 1.9152599573135376 -2.02475643157959 0.03673688322305679 
v 1.917850375175476 -1.928329586982727 0.04823773354291916 
v 1.9191455841064453 -1.8949511051177979 -0.02434542216360569 
v 1.923031210899353 -1.7886345386505127 0.044063352048397064 
v 1.923031210899353 -1.781217098236084 -0.02741231769323349 
v 1.9243264198303223 -1.7058063745498657 0.0509638637304306 
v 1.9256216287612915 -1.7008614540100098 -0.023493507876992226 
v 1.9048984050750732 -1.6600655317306519 0.05002675577998161 
v 1.8854703903198242 -1.6093796491622925 0.02753620035946369 
v 1.8582712411880493 -1.6007260084152222 0.051645394414663315 
v 1.9113744497299194 -2.1520891189575195 0.04585237428545952 
v 1.9126696586608887 -2.1360180377960205 -0.026645593345165253 
v 1.9061936140060425 -2.23738956451416 0.05002675577998161 
v 1.9061936140060425 -2.2386257648468018 -0.020852571353316307 
v 1.8530904054641724 -1.5339690446853638 -0.023493507876992226 
v 1.845319151878357 -1.5352052450180054 0.04840811714529991 
v 2.188547134399414 -2.00744891166687 0.02898445539176464 
v 2.163938283920288 -2.0086851119995117 0.07745841890573502 
v 2.1872520446777344 -2.0062127113342285 -0.020596997812390327 
v 1.9644776582717896 -2.02475643157959 -0.02715674228966236 
v 2.018876075744629 -2.0198113918304443 0.07388037443161011 
v 1.9955624341964722 -2.0222837924957275 0.06783177703619003 
v 1.9644776582717896 -2.0259926319122314 0.05079348012804985 
v 1.9554111957550049 -2.072969675064087 0.06715025007724762 
v 1.950230360031128 -2.0939857959747314 0.07038752734661102 
v 1.950230360031128 -2.0717334747314453 -0.025112146511673927 
v 1.9528207778930664 -2.1706326007843018 -0.024941762909293175 
v 1.9528207778930664 -2.2485158443450928 0.05914224684238434 
v 1.9515255689620972 -2.1916487216949463 -0.01914874091744423 
v 1.9567064046859741 -2.3721396923065186 -0.023237934336066246 
v 1.961887240409851 -2.33134388923645 0.07081348448991776 
v 1.9592968225479126 -2.4574403762817383 0.06842812150716782 
v 1.9605920314788818 -2.484637498855591 -0.022386018186807632 
v 1.9644776582717896 -2.4858739376068115 0.04730062931776047 
v 1.8854703903198242 -1.6093796491622925 0.02753620035946369 
v 1.845319151878357 -1.5352052450180054 0.04840811714529991 
v 1.8582712411880493 -1.6007260084152222 0.051645394414663315 
v 1.632906436920166 -1.5450952053070068 0.049685992300510406 
v 1.6380871534347534 -1.6538842916488647 0.04908965155482292 
v 1.6070023775100708 -1.6378132104873657 0.052838075906038284 
v 1.632906436920166 -1.6674829721450806 0.05454190447926521 
v 1.6147736310958862 -1.6996252536773682 0.05292326584458351 
v 1.627725601196289 -1.7169325351715088 0.0461079478263855 
v 1.6057071685791016 -1.7330037355422974 0.033414412289857864 
v 1.60829758644104 -1.8121230602264404 0.02540641278028488 
v 1.6380871534347534 -1.8281941413879395 0.046874672174453735 
v 1.60829758644104 -1.9889053106307983 0.0219135619699955 
v 1.6044119596481323 -1.5463314056396484 0.048322927206754684 
v 1.73263680934906 -1.734239935874939 0.05334922671318054 
v 1.9048984050750732 -1.6600655317306519 0.05002675577998161 
v 1.818120002746582 -1.745366096496582 0.04823773354291916 
v 1.9243264198303223 -1.7058063745498657 0.0509638637304306 
v 1.923031210899353 -1.7886345386505127 0.044063352048397064 
v 1.8297767639160156 -1.8331390619277954 0.05079348012804985 
v 1.917850375175476 -1.928329586982727 0.04823773354291916 
v 1.80387282371521 -1.8788800239562988 0.05198616161942482 
v 1.7261607646942139 -2.037118673324585 0.049941565841436386 
v 1.9061936140060425 -2.0445361137390137 0.04704505577683449 
v 1.8673375844955444 -2.157033920288086 0.04798216000199318 
v 1.9113744497299194 -2.1520891189575195 0.04585237428545952 
v 1.9061936140060425 -2.23738956451416 0.05002675577998161 
v 1.7365224361419678 -2.2435708045959473 0.04065569117665291 
v 1.745588779449463 -2.231208324432373 0.04465969279408455 
v 1.6380871534347534 -2.2497520446777344 0.04423373565077782 
v 1.6108880043029785 -2.065552234649658 0.040740884840488434 
v 1.6121832132339478 -2.2361533641815186 0.041677989065647125 
v 1.7196848392486572 -1.8714625835418701 0.055649396032094955 
v 1.7391128540039062 -1.7960519790649414 0.04636352136731148 
v 1.627725601196289 -1.9926140308380127 0.04329662770032883 
v 1.632906436920166 -1.6674829721450806 0.05454190447926521 
v 1.6380871534347534 -1.6538842916488647 0.04908965155482292 
v 1.6380871534347534 -1.8281941413879395 0.046874672174453735 
v 1.6044119596481323 -1.5463314056396484 0.048322927206754684 
v 1.6044119596481323 -1.5463314056396484 -0.015996655449271202 
v 1.6070023775100708 -1.6378132104873657 0.052838075906038284 
v 1.6057071685791016 -1.6613017320632935 -0.007136739790439606 
v 1.6057071685791016 -1.7330037355422974 0.033414412289857864 
v 1.60829758644104 -1.7255862951278687 -0.017615294083952904 
v 1.60829758644104 -1.8121230602264404 0.02540641278028488 
v 1.6070023775100708 -1.9357470273971558 -0.015400315634906292 
v 1.60829758644104 -1.9889053106307983 0.0219135619699955 
v 1.6108880043029785 -2.0062127113342285 -0.02621963620185852 
v 1.6108880043029785 -2.065552234649658 0.040740884840488434 
v 1.6095927953720093 -2.0865683555603027 -0.014207634143531322 
v 1.6121832132339478 -2.2361533641815186 0.041677989065647125 
v 1.6147736310958862 -2.2522244453430176 -0.033205337822437286 
v 1.613478422164917 -2.250988245010376 0.005812367890030146 
v 1.6147736310958862 -1.6996252536773682 0.05292326584458351 
v 1.627725601196289 -1.9926140308380127 0.04329662770032883 
v 1.6380871534347534 -1.8281941413879395 0.046874672174453735 
v 1.6251351833343506 -2.0939857959747314 -0.030223635956645012 
v 1.8906512260437012 -2.2757129669189453 -0.0248565711081028 
v 1.9126696586608887 -2.4957637786865234 -0.023323124274611473 
v 1.6639912128448486 -2.2880754470825195 -0.028008656576275826 
v 1.6756479740142822 -2.377084732055664 -0.02690116874873638 
v 1.6108880043029785 -2.2905478477478027 -0.037720490247011185 
v 1.6095927953720093 -2.409226894378662 -0.030223635956645012 
v 1.618659257888794 -2.545213460922241 -0.029201338067650795 
v 1.7365224361419678 -2.5254335403442383 -0.030649593099951744 
v 2.6353912353515625 -2.2880754470825195 0.008027346804738045 
v 2.6587047576904297 -2.2682955265045166 -0.014718783088028431 
v 2.641867160797119 -2.289311647415161 0.029410414397716522 
v 2.6587047576904297 -2.2682955265045166 -0.014718783088028431 
v 2.648343086242676 -2.29672908782959 -0.01344091072678566 
v 2.6353912353515625 -2.2880754470825195 0.008027346804738045 
v 2.661295175552368 -2.3177452087402344 -0.013526102527976036 
v 2.641867160797119 -2.289311647415161 0.029410414397716522 
v 2.6353912353515625 -2.2880754470825195 0.008027346804738045 
v 2.661295175552368 -2.3177452087402344 -0.013526102527976036 
v 2.6146678924560547 -2.2485158443450928 0.06050531193614006 
v 2.6263248920440674 -2.2856030464172363 0.021232029423117638 
v 2.641867160797119 -2.289311647415161 0.029410414397716522 
v 2.590059280395508 -2.2979652881622314 0.02566198818385601 
v 2.588763952255249 -2.2299721240997314 0.061101652681827545 
v 2.597830295562744 -2.250988245010376 0.06536122411489487 
v 2.6690664291381836 -2.471039056777954 0.054967865347862244 
v 2.6703615188598633 -2.471039056777954 -0.01957469992339611 
v 2.6651806831359863 -2.3795571327209473 0.05846071615815163 
v 2.6587047576904297 -2.3103277683258057 0.052838075906038284 
v 2.661295175552368 -2.3177452087402344 -0.013526102527976036 
v 2.641867160797119 -2.289311647415161 0.029410414397716522 
v 2.5913543701171875 -2.3362886905670166 0.06459449976682663 
v 2.530479907989502 -2.32269024848938 0.05411594733595848 
v 2.590059280395508 -2.2979652881622314 0.02566198818385601 
v 2.5486128330230713 -2.3004379272460938 0.015098241157829762 
v 2.5188231468200684 -2.3004379272460938 0.030603094026446342 
v 2.446291923522949 -2.3263988494873047 0.047641392797231674 
v 2.4501776695251465 -2.299201488494873 0.018676284700632095 
v 2.6690664291381836 -2.471039056777954 0.054967865347862244 
v 2.597830295562744 -2.4722752571105957 0.052326928824186325 
v 2.6703615188598633 -2.471039056777954 -0.01957469992339611 
v 2.5136423110961914 -2.474747657775879 -0.01983027346432209 
v 2.511051893234253 -2.477220058441162 0.04781177639961243 
v 2.4100263118743896 -2.474747657775879 -0.02127852849662304 
v 2.2507166862487793 -2.477220058441162 0.038611095398664474 
v 2.2494215965270996 -2.4821650981903076 0.023872965946793556 
v 2.19502329826355 -2.477220058441162 0.05028232932090759 
v 2.223517656326294 -2.480928897857666 -0.025452911853790283 
v 2.091407299041748 -2.4858739376068115 0.044489309191703796 
v 2.100473642349243 -2.4821650981903076 -0.021874869242310524 
v 1.9644776582717896 -2.4858739376068115 0.04730062931776047 
v 2.004628896713257 -2.4821650981903076 -0.030308827757835388 
v 1.9605920314788818 -2.484637498855591 -0.022386018186807632 
v 2.1082448959350586 -2.4759838581085205 0.058034759014844894 
v 2.013695240020752 -2.477220058441162 0.062294334173202515 
v 2.4268639087677 -2.276949167251587 0.03426633030176163 
v 2.4501776695251465 -2.299201488494873 0.018676284700632095 
v 2.446291923522949 -2.3263988494873047 0.047641392797231674 
v 2.3128864765167236 -2.5699381828308105 0.05633092671632767 
v 2.232583999633789 -2.5612845420837402 0.06459449976682663 
v 2.3180673122406006 -2.639167547225952 0.06808735430240631 
v 2.262373685836792 -2.7838077545166016 0.0567568838596344 
v 2.329724073410034 -2.7776265144348145 0.06007935479283333 
v 2.062912702560425 -2.785043954849243 0.05292326584458351 
v 2.0655031204223633 -2.6082615852355957 0.0625499039888382 
v 2.130263090133667 -2.5501582622528076 0.06570199131965637 
v 2.066798448562622 -2.542740821838379 0.06859850138425827 
v 2.3905982971191406 -2.5340871810913086 -0.024430613964796066 
v 2.3905982971191406 -2.532850980758667 0.09764880686998367 
v 2.3867127895355225 -2.6601836681365967 -0.009607293643057346 
v 2.389303207397461 -2.5835368633270264 0.09364480525255203 
v 2.399664878845215 -2.6502938270568848 0.09177058935165405 
v 2.3880081176757812 -2.7219955921173096 0.09466709941625595 
v 2.389303207397461 -2.7541379928588867 -0.01957469992339611 
v 2.3918936252593994 -2.7553741931915283 0.04559679701924324 
v 2.232583999633789 -2.5612845420837402 0.06459449976682663 
v 2.130263090133667 -2.5501582622528076 0.06570199131965637 
v 2.3128864765167236 -2.5699381828308105 0.05633092671632767 
v 2.1613481044769287 -2.551394462585449 -0.023578699678182602 
v 2.311591148376465 -2.568701982498169 -0.02860499732196331 
v 2.222222328186035 -2.5600483417510986 -0.02766789123415947 
v 2.0655031204223633 -2.542740821838379 -0.023919465020298958 
v 2.066798448562622 -2.542740821838379 0.06859850138425827 
v 1.6354968547821045 -2.542740821838379 0.06340181827545166 
v 1.6173640489578247 -2.5254335403442383 0.06970599293708801 
v 1.779263973236084 -2.5155436992645264 0.06663909554481506 
v 1.7170944213867188 -2.361013650894165 0.07405076175928116 
v 1.9010127782821655 -2.4994723796844482 0.0706430971622467 
v 1.8906512260437012 -2.276949167251587 0.07558420300483704 
v 1.7106183767318726 -2.3066189289093018 0.06987637281417847 
v 1.8116439580917358 -2.279421806335449 0.07175058871507645 
v 1.6121832132339478 -2.4215893745422363 0.06425374001264572 
v 1.6018215417861938 -2.315272808074951 0.07106905430555344 
v 1.6290208101272583 -2.2880754470825195 0.0706430971622467 
v 1.7145040035247803 -2.2843666076660156 0.048067353665828705 
v 1.9113744497299194 -2.4821650981903076 0.0686836913228035 
v 2.1613481044769287 -2.551394462585449 -0.023578699678182602 
v 2.2157464027404785 -2.6737823486328125 -0.026645593345165253 
v 2.222222328186035 -2.5600483417510986 -0.02766789123415947 
v 2.311591148376465 -2.568701982498169 -0.02860499732196331 
v 2.271440029144287 -2.7158145904541016 -0.025112146511673927 
v 2.3284287452697754 -2.778862714767456 -0.028690189123153687 
v 2.222222328186035 -2.78257155418396 -0.027582699432969093 
v 2.0642080307006836 -2.6441125869750977 -0.026049252599477768 
v 2.0655031204223633 -2.542740821838379 -0.023919465020298958 
v 2.062912702560425 -2.694798469543457 -0.022811975330114365 
v 2.061617612838745 -2.7800989151000977 -0.026049252599477768 
v 2.329724073410034 -2.7776265144348145 0.06007935479283333 
v 2.3284287452697754 -2.778862714767456 -0.028690189123153687 
v 2.3180673122406006 -2.639167547225952 0.06808735430240631 
v 2.311591148376465 -2.568701982498169 -0.02860499732196331 
v 2.3128864765167236 -2.5699381828308105 0.05633092671632767 
v 2.0149903297424316 -2.8072962760925293 -0.029201338067650795 
v 2.0214664936065674 -2.598371744155884 -0.003473505610600114 
v 2.0059239864349365 -2.6614198684692383 -0.031160743907094002 
v 2.012399911880493 -2.545213460922241 -0.03218303993344307 
v 2.018876075744629 -2.5476858615875244 0.06945041567087173 
v 2.0201711654663086 -2.562520742416382 0.0825699120759964 
v 2.018876075744629 -2.6676011085510254 0.06382778286933899 
v 2.018876075744629 -2.817186117172241 0.07268769294023514 
v 2.0214664936065674 -2.834493637084961 -0.02979767881333828 
v 2.0201711654663086 -2.836966037750244 0.06101645901799202 
v 2.329724073410034 -2.7776265144348145 0.06007935479283333 
v 2.262373685836792 -2.7838077545166016 0.0567568838596344 
v 2.3284287452697754 -2.778862714767456 -0.028690189123153687 
v 2.222222328186035 -2.78257155418396 -0.027582699432969093 
v 2.061617612838745 -2.7800989151000977 -0.026049252599477768 
v 2.062912702560425 -2.785043954849243 0.05292326584458351 
v 2.9825048446655273 -3.1695146560668945 0.052582502365112305 
v 2.9812095165252686 -3.1695146560668945 -0.019745081663131714 
v 2.832261562347412 -3.1756956577301025 0.05343441665172577 
v 2.768796682357788 -3.1769320964813232 -0.013866868801414967 
v 2.770092010498047 -3.1769320964813232 0.04491526633501053 
v 2.687199115753174 -3.1769320964813232 0.06476488709449768 
v 2.6833136081695557 -3.178168296813965 0.0022343250457197428 
v 2.578402280807495 -3.184349536895752 -0.010203634388744831 
v 2.549907922744751 -3.1855857372283936 0.047385819256305695 
v 2.4165024757385254 -3.194239377975464 -0.015400315634906292 
v 2.3957791328430176 -3.1954755783081055 0.05811994895339012 
v 2.311591148376465 -3.202893018722534 0.05036752298474312 
v 2.0305328369140625 -3.2152554988861084 -0.02383427321910858 
v 2.027942419052124 -3.2152554988861084 0.049941565841436386 
v 1.9592968225479126 -3.2375078201293945 -0.025112146511673927 
v 1.9644776582717896 -3.2350351810455322 0.04866369068622589 
v 1.832367181777954 -3.2857210636138916 0.04943041503429413 
v 2.491624116897583 -3.1991844177246094 0.06331662833690643 
v 2.590059280395508 -3.200420618057251 0.06544642150402069 
v 2.590059280395508 -3.200420618057251 0.06544642150402069 
v 2.687199115753174 -3.1769320964813232 0.06476488709449768 
v 2.549907922744751 -3.1855857372283936 0.047385819256305695 
v 2.393188714981079 -3.0953402519226074 0.10216395556926727 
v 2.394484043121338 -3.1151199340820312 -0.0158262737095356 
v 2.3918936252593994 -3.0434181690216064 0.08699987083673477 
v 2.3905982971191406 -3.0941038131713867 -0.02834942378103733 
v 2.3905982971191406 -3.0533080101013184 -0.01701895333826542 
v 2.3905982971191406 -2.9197940826416016 0.08648871630430222 
v 2.3867127895355225 -2.820894956588745 -0.023237934336066246 
v 2.3867127895355225 -2.8814706802368164 0.09407076239585876 
v 2.3867127895355225 -2.8035874366760254 -0.009607293643057346 
v 2.3867127895355225 -2.8072962760925293 0.08989638090133667 
v 2.3271336555480957 -2.840674638748169 -0.02383427321910858 
v 2.3271336555480957 -2.885179281234741 -0.028093848377466202 
v 2.1781857013702393 -2.8382022380828857 -0.028690189123153687 
v 2.1082448959350586 -2.888888120651245 -0.02170448563992977 
v 2.0214664936065674 -2.834493637084961 -0.02979767881333828 
v 1.876404047012329 -2.8233673572540283 -0.03405725583434105 
v 2.0149903297424316 -2.8072962760925293 -0.029201338067650795 
v 1.908784031867981 -2.7739176750183105 -0.025708487257361412 
v 2.0059239864349365 -2.6614198684692383 -0.031160743907094002 
v 2.1587576866149902 -3.024874448776245 -0.02127852849662304 
v 2.3336095809936523 -3.016220808029175 -0.02289716713130474 
v 2.2105655670166016 -3.05454421043396 -0.030394019559025764 
v 2.3387904167175293 -3.0953402519226074 -0.02553810365498066 
v 2.1717095375061035 -3.0990488529205322 -0.02289716713130474 
v 2.3374950885772705 -3.144789695739746 -0.019745081663131714 
v 1.9813152551651 -3.1756956577301025 -0.02434542216360569 
v 1.9605920314788818 -3.0916314125061035 -0.028690189123153687 
v 1.7468839883804321 -3.0631978511810303 -0.03201265633106232 
v 1.7002568244934082 -3.1719870567321777 -0.022982358932495117 
v 1.6834192276000977 -3.090395212173462 -0.0264752097427845 
v 1.67953360080719 -3.0619616508483887 -0.035590700805187225 
v 1.660105586051941 -2.972952365875244 -0.029882870614528656 
v 1.7261607646942139 -2.948227643966675 -0.0338868722319603 
v 1.9580016136169434 -3.034764289855957 -0.02766789123415947 
v 1.6497440338134766 -2.904959201812744 -0.03635742515325546 
v 1.684714436531067 -2.78257155418396 -0.03363129496574402 
v 1.7999871969223022 -2.7121057510375977 -0.025878870859742165 
v 1.7002568244934082 -2.746720552444458 -0.042491212487220764 
v 1.6367919445037842 -2.726940631866455 -0.02928652986884117 
v 1.6354968547821045 -2.7578465938568115 -0.02579367905855179 
v 1.6458584070205688 -2.860454559326172 -0.03789087012410164 
v 1.6316112279891968 -2.5860092639923096 -0.030308827757835388 
v 1.8556808233261108 -2.5612845420837402 -0.026645593345165253 
v 1.8466143608093262 -2.652766227722168 -0.031331125646829605 
v 1.9605920314788818 -2.548922061920166 -0.023237934336066246 
v 2.012399911880493 -2.545213460922241 -0.03218303993344307 
v 2.3271336555480957 -2.840674638748169 -0.02383427321910858 
v 2.3271336555480957 -2.885179281234741 -0.028093848377466202 
v 2.325838327407837 -2.8394384384155273 0.043552201241254807 
v 2.325838327407837 -2.870344400405884 0.08725544065237045 
v 2.3336095809936523 -3.016220808029175 -0.02289716713130474 
v 2.3413808345794678 -3.092867612838745 0.09833033382892609 
v 2.3387904167175293 -3.0953402519226074 -0.02553810365498066 
v 2.354332685470581 -3.1114113330841064 0.06314624845981598 
v 2.3439712524414062 -3.1410810947418213 0.03401075303554535 
v 2.3387904167175293 -3.144789695739746 0.10378259420394897 
v 2.3374950885772705 -3.144789695739746 -0.019745081663131714 
v 2.325838327407837 -2.870344400405884 0.08725544065237045 
v 2.2830967903137207 -2.85056471824646 0.07984378188848495 
v 2.325838327407837 -2.8394384384155273 0.043552201241254807 
v 2.135443925857544 -2.844383478164673 0.06646871566772461 
v 2.1781857013702393 -2.8382022380828857 -0.028690189123153687 
v 2.0201711654663086 -2.836966037750244 0.06101645901799202 
v 2.0214664936065674 -2.834493637084961 -0.02979767881333828 
v 2.3271336555480957 -2.840674638748169 -0.02383427321910858 
v 2.0357136726379395 -2.8419110774993896 0.07388037443161011 
v 2.3439712524414062 -3.1410810947418213 0.03401075303554535 
v 2.3387904167175293 -3.144789695739746 0.10378259420394897 
v 2.3374950885772705 -3.144789695739746 -0.019745081663131714 
v 2.1872520446777344 -3.1596245765686035 0.07779918611049652 
v 1.9813152551651 -3.1756956577301025 -0.02434542216360569 
v 2.0395991802215576 -3.1756956577301025 0.09977859258651733 
v 1.9411640167236328 -3.1756956577301025 0.09466709941625595 
v 1.7002568244934082 -3.1719870567321777 -0.022982358932495117 
v 1.765016794204712 -3.1732232570648193 0.09108906239271164 
v 1.7015520334243774 -3.174459457397461 0.0973932296037674 
v 2.2002038955688477 -3.1398448944091797 0.09986378252506256 
v 2.004628896713257 -2.4821650981903076 -0.030308827757835388 
v 2.100473642349243 -2.3115639686584473 -0.02928652986884117 
v 2.062912702560425 -2.386974573135376 -0.021363720297813416 
v 2.066798448562622 -2.542740821838379 0.06859850138425827 
v 2.0655031204223633 -2.6082615852355957 0.0625499039888382 
v 2.0655031204223633 -2.542740821838379 -0.023919465020298958 
v 2.0642080307006836 -2.6441125869750977 -0.026049252599477768 
v 2.062912702560425 -2.694798469543457 -0.022811975330114365 
v 2.061617612838745 -2.7800989151000977 -0.026049252599477768 
v 2.062912702560425 -2.785043954849243 0.05292326584458351 
v 2.012399911880493 -2.545213460922241 -0.03218303993344307 
v 2.018876075744629 -2.5476858615875244 0.06945041567087173 
v 1.9605920314788818 -2.548922061920166 -0.023237934336066246 
v 1.9256216287612915 -2.5538671016693115 0.09313365817070007 
v 1.8556808233261108 -2.5612845420837402 -0.026645593345165253 
v 1.8271863460540771 -2.5662293434143066 0.0825699120759964 
v 1.674352765083313 -2.5835368633270264 0.09168539941310883 
v 1.6445631980895996 -2.5860092639923096 0.07694727182388306 
v 1.6316112279891968 -2.5860092639923096 -0.030308827757835388 
v 1.8906512260437012 -2.276949167251587 0.07558420300483704 
v 1.8906512260437012 -2.2757129669189453 -0.0248565711081028 
v 1.8116439580917358 -2.279421806335449 0.07175058871507645 
v 1.7145040035247803 -2.2843666076660156 0.048067353665828705 
v 1.7106183767318726 -2.3066189289093018 0.06987637281417847 
v 1.6639912128448486 -2.2880754470825195 -0.028008656576275826 
v 1.6290208101272583 -2.2880754470825195 0.0706430971622467 
v 1.6057071685791016 -2.2917840480804443 0.018505901098251343 
v 1.6018215417861938 -2.315272808074951 0.07106905430555344 
v 1.6108880043029785 -2.2905478477478027 -0.037720490247011185 
v 1.9061936140060425 -2.2386257648468018 -0.020852571353316307 
v 1.9061936140060425 -2.23738956451416 0.05002675577998161 
v 1.759835958480835 -2.244807004928589 -0.025623295456171036 
v 1.7365224361419678 -2.2435708045959473 0.04065569117665291 
v 1.6380871534347534 -2.2497520446777344 0.04423373565077782 
v 1.6147736310958862 -2.2522244453430176 -0.033205337822437286 
v 1.613478422164917 -2.250988245010376 0.005812367890030146 
v 1.6121832132339478 -2.2361533641815186 0.041677989065647125 
v 1.6108880043029785 -2.2905478477478027 -0.037720490247011185 
v 1.6095927953720093 -2.409226894378662 -0.030223635956645012 
v 1.6057071685791016 -2.2917840480804443 0.018505901098251343 
v 1.6018215417861938 -2.315272808074951 0.07106905430555344 
v 1.6121832132339478 -2.4215893745422363 0.06425374001264572 
v 1.6173640489578247 -2.5254335403442383 0.06970599293708801 
v 1.618659257888794 -2.545213460922241 -0.029201338067650795 
v 1.9010127782821655 -2.4994723796844482 0.0706430971622467 
v 1.9126696586608887 -2.4957637786865234 -0.023323124274611473 
v 1.9113744497299194 -2.4821650981903076 0.0686836913228035 
v 1.8906512260437012 -2.2757129669189453 -0.0248565711081028 
v 1.8906512260437012 -2.276949167251587 0.07558420300483704 
v 1.9010127782821655 -2.4994723796844482 0.0706430971622467 
v 1.9126696586608887 -2.4957637786865234 -0.023323124274611473 
v 1.779263973236084 -2.5155436992645264 0.06663909554481506 
v 1.7365224361419678 -2.5254335403442383 -0.030649593099951744 
v 1.6354968547821045 -2.542740821838379 0.06340181827545166 
v 1.618659257888794 -2.545213460922241 -0.029201338067650795 
v 1.6173640489578247 -2.5254335403442383 0.06970599293708801 
v 1.6445631980895996 -2.5860092639923096 0.07694727182388306 
v 1.6316112279891968 -2.5860092639923096 -0.030308827757835388 
v 1.6342016458511353 -2.610733985900879 0.09253731369972229 
v 1.6354968547821045 -2.7281768321990967 0.08648871630430222 
v 1.6367919445037842 -2.726940631866455 -0.02928652986884117 
v 1.6354968547821045 -2.7578465938568115 -0.02579367905855179 
v 1.6458584070205688 -2.7479567527770996 0.06621313840150833 
v 1.640677571296692 -2.7677366733551025 0.06791697442531586 
v 1.6419727802276611 -2.8270761966705322 0.07992897182703018 
v 1.6458584070205688 -2.8419110774993896 0.0009564525098539889 
v 1.647153615951538 -2.856745958328247 0.07848072052001953 
v 1.6458584070205688 -2.860454559326172 -0.03789087012410164 
v 1.6354968547821045 -2.7281768321990967 0.08648871630430222 
v 1.6458584070205688 -2.7479567527770996 0.06621313840150833 
v 1.6691720485687256 -2.7640278339385986 0.07413595169782639 
v 2.0201711654663086 -2.836966037750244 0.06101645901799202 
v 2.004628896713257 -2.85056471824646 0.04661909490823746 
v 1.9968576431274414 -2.840674638748169 0.061868373304605484 
v 2.018876075744629 -2.8715808391571045 0.07243212312459946 
v 1.9864959716796875 -2.8901243209838867 0.05462709814310074 
v 1.9683631658554077 -2.9160852432250977 0.07183577865362167 
v 1.9256216287612915 -2.9259753227233887 0.06467969715595245 
v 1.8440239429473877 -2.9432826042175293 0.0551382452249527 
v 1.8297767639160156 -2.934628963470459 0.06783177703619003 
v 1.8271863460540771 -2.9395740032196045 0.04363739490509033 
v 1.7857400178909302 -2.934628963470459 0.05368999019265175 
v 1.6458584070205688 -2.860454559326172 -0.03789087012410164 
v 1.6730575561523438 -2.860454559326172 0.00862368755042553 
v 1.6458584070205688 -2.8419110774993896 0.0009564525098539889 
v 1.647153615951538 -2.856745958328247 0.07848072052001953 
v 1.6769431829452515 -2.870344400405884 0.04747101292014122 
v 1.6769431829452515 -2.870344400405884 0.04747101292014122 
v 1.6497440338134766 -2.896305561065674 -0.0011733350111171603 
v 1.6484488248825073 -2.9000141620635986 0.03750360757112503 
v 1.6497440338134766 -2.904959201812744 -0.03635742515325546 
v 1.6536295413970947 -2.9222664833068848 0.05462709814310074 
v 1.660105586051941 -2.972952365875244 -0.029882870614528656 
v 1.6626960039138794 -2.9840786457061768 0.06928003579378128 
v 1.67953360080719 -3.0619616508483887 -0.035590700805187225 
v 1.6834192276000977 -3.0817415714263916 0.07200616598129272 
v 1.6834192276000977 -3.090395212173462 -0.0264752097427845 
v 1.7002568244934082 -3.1719870567321777 -0.022982358932495117 
v 1.7015520334243774 -3.174459457397461 0.0973932296037674 
v 1.6730575561523438 -2.860454559326172 0.00862368755042553 
v 1.6458584070205688 -2.860454559326172 -0.03789087012410164 
v 1.674352765083313 -2.9358651638031006 0.07924743741750717 
v 1.7300463914871216 -2.9296839237213135 0.06646871566772461 
v 1.6626960039138794 -2.914849042892456 0.058290332555770874 
v 1.7196848392486572 -2.9420464038848877 0.08018454909324646 
v 1.674352765083313 -2.9358651638031006 0.07924743741750717 
v 1.647153615951538 -2.856745958328247 0.07848072052001953 
v 1.6821240186691284 -2.882706880569458 0.054201140999794006 
v 1.6860096454620361 -2.8653995990753174 0.07916224747896194 
v 1.7391128540039062 -2.9136128425598145 0.05454190447926521 
v 1.6821240186691284 -2.882706880569458 0.054201140999794006 
v 1.647153615951538 -2.856745958328247 0.07848072052001953 
v 1.6769431829452515 -2.870344400405884 0.04747101292014122 
v 1.8660423755645752 -2.9655349254608154 0.06007935479283333 
v 1.7857400178909302 -2.934628963470459 0.05368999019265175 
v 1.8271863460540771 -2.9395740032196045 0.04363739490509033 
v 1.961887240409851 -3.2177278995513916 0.0703023299574852 
v 1.7766735553741455 -3.2473976612091064 0.07115425169467926 
v 1.9644776582717896 -3.218964099884033 -0.02553810365498066 
v 1.6834192276000977 -3.2609963417053223 0.07166539877653122 
v 1.6782383918762207 -3.2634687423706055 -0.024941762909293175 
v 1.9644776582717896 -3.218964099884033 -0.02553810365498066 
v 1.961887240409851 -3.2177278995513916 0.0703023299574852 
v 1.9152599573135376 -3.210310459136963 -0.02408984862267971 
v 1.8051680326461792 -3.214019298553467 0.07277289032936096 
v 1.7145040035247803 -3.2152554988861084 -0.02596406079828739 
v 1.7157992124557495 -3.2152554988861084 0.07166539877653122 
v 1.832367181777954 -3.2857210636138916 0.04943041503429413 
v 1.832367181777954 -3.282012462615967 0.046448715031147 
v 1.9592968225479126 -3.2375078201293945 -0.025112146511673927 
v 1.832367181777954 -3.2857210636138916 0.04943041503429413 
v 1.832367181777954 -3.282012462615967 0.046448715031147 
v 1.8517951965332031 -3.35247802734375 0.04465969279408455 
v 1.6588103771209717 -3.280776262283325 -0.02766789123415947 
v 1.8388432264328003 -3.2795398235321045 -0.023663891479372978 
v 1.6614007949829102 -3.2795398235321045 0.042870670557022095 
v 1.832367181777954 -3.282012462615967 0.046448715031147 
v 1.9592968225479126 -3.2375078201293945 -0.025112146511673927 
v 1.6834192276000977 -3.2609963417053223 0.07166539877653122 
v 1.7157992124557495 -3.2152554988861084 0.07166539877653122 
v 1.7766735553741455 -3.2473976612091064 0.07115425169467926 
v 1.8051680326461792 -3.214019298553467 0.07277289032936096 
v 1.961887240409851 -3.2177278995513916 0.0703023299574852 
v 1.6782383918762207 -3.2634687423706055 -0.024941762909293175 
v 1.6834192276000977 -3.2609963417053223 0.07166539877653122 
v 1.7145040035247803 -3.2152554988861084 -0.02596406079828739 
v 1.7157992124557495 -3.2152554988861084 0.07166539877653122 
v 1.6264303922653198 -3.3734941482543945 -0.02903095632791519 
v 1.6367919445037842 -3.35247802734375 0.044744882732629776 
v 1.6588103771209717 -3.280776262283325 -0.02766789123415947 
v 1.6614007949829102 -3.2795398235321045 0.042870670557022095 
v 3.8800783157348633 -1.4832831621170044 0.06680948287248611 
v 3.8684215545654297 -1.5475677251815796 0.03537381812930107 
v 3.86712646484375 -1.4239436388015747 0.08504046499729156 
v 3.091301679611206 -1.1470259428024292 0.07285808026790619 
v 3.0692832469940186 -1.1717506647109985 0.05522343888878822 
v 3.0835304260253906 -1.1507346630096436 0.07601016759872437 
v 3.6598944664001465 -1.6229783296585083 0.02404334954917431 
v 3.6585991382598877 -1.5846549272537231 0.02233951911330223 
v 3.641761541366577 -1.6019622087478638 0.03273288160562515 
v 3.662484884262085 -1.807178020477295 0.076776884496212 
v 3.6637799739837646 -1.6847903728485107 0.07745841890573502 
v 3.667665481567383 -1.7824532985687256 0.08180318772792816 
v 4.043273448944092 -2.108820676803589 0.05036752298474312 
v 4.014779090881348 -2.121183156967163 0.07720284163951874 
v 4.067882537841797 -2.1100568771362305 0.06101645901799202 
v 3.7168831825256348 -1.9184396266937256 0.04866369068622589 
v 3.7272448539733887 -1.9419282674789429 0.038866668939590454 
v 3.735016107559204 -1.9666529893875122 0.04414854198694229 
v 2.9825048446655273 -1.876407504081726 0.035970158874988556 
v 2.9812095165252686 -1.892478585243225 -0.024686189368367195 
v 2.983799934387207 -1.8689900636672974 0.0674058198928833 
v 2.988980770111084 -1.9555268287658691 0.07618054747581482 
v 2.9876856803894043 -1.9542906284332275 -0.0203414224088192 
v 2.983799934387207 -1.8689900636672974 0.0674058198928833 
v 2.9812095165252686 -1.892478585243225 -0.024686189368367195 
v 3.9280006885528564 -2.9581174850463867 0.07021714001893997 
v 3.8684215545654297 -2.9259753227233887 0.0735396072268486 
v 3.900801658630371 -2.932156562805176 0.05556420236825943 
v 2.979914426803589 -2.548922061920166 -0.02264159359037876 
v 2.97861909866333 -2.759082794189453 -0.015655890107154846 
v 2.979914426803589 -2.551394462585449 0.04943041503429413 
v 2.97861909866333 -2.760319232940674 0.05556420236825943 
v 3.466909646987915 -3.31044602394104 0.034607093781232834 
v 3.452662467956543 -3.242452621459961 0.05249730870127678 
v 3.45784330368042 -3.2795398235321045 0.027706583961844444 
v 3.403444766998291 -3.372257947921753 0.018505901098251343 
v 3.424168109893799 -3.3969826698303223 0.013905560597777367 
v 3.389197587966919 -3.4068727493286133 -0.021789677441120148 
v 2.7921104431152344 -2.0618436336517334 0.07413595169782639 
v 2.780453681945801 -2.0704972743988037 0.09534863382577896 
v 2.793405532836914 -2.085332155227661 0.11187578737735748 
v 2.715693712234497 -2.0667884349823 0.10863851010799408 
v 1.8051680326461792 -1.5166616439819336 -0.023323124274611473 
v 1.80387282371521 -1.5166616439819336 0.07660650461912155 
v 1.6199543476104736 -1.526551604270935 -0.023067550733685493 
v 1.6212495565414429 -1.5253154039382935 0.07473228871822357 
v 2.60430645942688 -2.2905478477478027 0.03281807526946068 
v 2.590059280395508 -2.2979652881622314 0.02566198818385601 
v 2.5913543701171875 -2.3362886905670166 0.06459449976682663 
v 2.641867160797119 -2.289311647415161 0.029410414397716522 
v 2.6587047576904297 -2.3103277683258057 0.052838075906038284 
v 2.6263248920440674 -2.2856030464172363 0.021232029423117638 
v 2.6263248920440674 -2.2856030464172363 0.021232029423117638 
v 2.5913543701171875 -2.3362886905670166 0.06459449976682663 
v 2.6587047576904297 -2.3103277683258057 0.052838075906038284 
v 2.520118474960327 -2.2584056854248047 0.06280548125505447 
v 2.590059280395508 -2.2979652881622314 0.02566198818385601 
v 2.5486128330230713 -2.3004379272460938 0.015098241157829762 
v 2.4216833114624023 -2.2225546836853027 0.06638352572917938 
v 2.3828272819519043 -2.205247402191162 0.04252990335226059 
v 2.412616729736328 -2.247279405593872 0.03937781974673271 
v 2.4501776695251465 -2.299201488494873 0.018676284700632095 
v 2.46183443069458 -2.2682955265045166 0.05317884311079979 
v 2.5188231468200684 -2.3004379272460938 0.030603094026446342 
v 2.004628896713257 -2.85056471824646 0.04661909490823746 
v 2.018876075744629 -2.8715808391571045 0.07243212312459946 
v 2.0201711654663086 -2.836966037750244 0.06101645901799202 
v 1.9152599573135376 -3.210310459136963 -0.02408984862267971 
v 1.7145040035247803 -3.2152554988861084 -0.02596406079828739 
v 1.9644776582717896 -3.218964099884033 -0.02553810365498066 
v 1.6782383918762207 -3.2634687423706055 -0.024941762909293175 
v 2.590059280395508 -3.200420618057251 0.06544642150402069 
v 2.687199115753174 -3.1769320964813232 0.06476488709449768 
v 2.682018518447876 -3.186821937561035 0.07430633157491684 
v 3.0407888889312744 -2.0062127113342285 0.07873629033565521 
v 2.979914426803589 -2.02475643157959 0.10574200004339218 
v 3.12109112739563 -2.0284650325775146 0.10037492960691452 
v 2.2882776260375977 -2.0457723140716553 0.046874672174453735 
v 2.2597832679748535 -2.049481153488159 0.02736581675708294 
v 2.2546024322509766 -2.021047592163086 0.05394556373357773 
vn 0.19644571840763092 0.8873195052146912 0.417220801115036 
vn 0.1463615745306015 0.4747963845729828 0.8678402304649353 
vn 0.6718047261238098 0.2507529556751251 0.6969945430755615 
vn 0.209218829870224 0.16684645414352417 0.9635298252105713 
vn 0.08602125942707062 -0.014749825932085514 0.9961841106414795 
vn 0.04631122574210167 -0.04631122574210167 0.9978529810905457 
vn 0.1673133671283722 -0.07285207509994507 0.983208417892456 
vn 0.03954630717635155 -0.7629880309104919 0.6452018022537231 
vn 0.1724826842546463 -0.19905562698841095 0.9646899104118347 
vn -0.13881593942642212 -0.7872642874717712 0.6007870435714722 
vn 0.04889439418911934 -0.10706378519535065 0.9930492043495178 
vn -0.14431914687156677 -0.20501922070980072 0.9680594801902771 
vn -0.1902933567762375 -0.7514514327049255 0.6317508816719055 
vn -0.1993236392736435 0.011260946281254292 0.97986900806427 
vn 0.0430842787027359 -0.007189494092017412 0.9990455508232117 
vn -0.129394993185997 -0.692805826663971 0.7094202041625977 
vn -0.15377816557884216 -0.13392552733421326 0.9789873361587524 
vn -0.1718759983778 -0.7530379891395569 0.6351318359375 
vn -0.06586514413356781 -0.7468365430831909 0.661737859249115 
vn 0.06113334000110626 0 0.9981296062469482 
vn -0.5449198484420776 -0.5849079489707947 0.6007870435714722 
vn -0.6078402400016785 -0.07891511172056198 0.790128231048584 
vn -0.5737378001213074 0.5857380032539368 0.5724822878837585 
vn 0.028173523023724556 0.41427746415138245 0.9097144603729248 
vn -0.2148410975933075 -0.2771555185317993 0.9364978075027466 
vn 0.08896596729755402 -0.02192814089357853 0.9957932829856873 
vn 0.0933915302157402 0.022134199738502502 0.9953833818435669 
vn 0.28605785965919495 0.3431870937347412 0.8946471214294434 
vn 0.24195396900177002 0.8520008325576782 0.4642767012119293 
vn 0.06006952375173569 0.4466570019721985 0.8926864862442017 
vn 0.5901351571083069 -0.5727999210357666 0.5688942670822144 
vn 0.10043330490589142 0.029489878565073013 0.9945066571235657 
vn -0.005636054091155529 0.3791065514087677 0.9253358840942383 
vn -0.3094097673892975 0.0037532320711761713 0.9509214162826538 
vn 0.10542813688516617 0.9116265177726746 0.3972681760787964 
vn -0.1631745845079422 0.8940362930297852 0.417220801115036 
vn -0.11881891638040543 0.4143708050251007 0.9023185968399048 
vn -0.21043789386749268 0.05186828225851059 0.976230263710022 
vn 0.1559409201145172 0.014890552498400211 0.9876541495323181 
vn 0.16460008919239044 0.01492143515497446 0.9862475395202637 
vn 0.12330571562051773 0.10346578061580658 0.986960232257843 
vn 0.12427257746458054 0.12162686884403229 0.9847655892372131 
vn 0.2569522261619568 -0.08863046765327454 0.962351381778717 
vn 0.6214986443519592 0.7188194394111633 0.31150925159454346 
vn 0.6718047261238098 0.2507529556751251 0.6969945430755615 
vn 0.5810948014259338 0.6024665236473083 -0.5471406579017639 
vn 0.7015067934989929 0.06790591776371002 -0.7094202041625977 
vn 0.5901351571083069 -0.5727999210357666 0.5688942670822144 
vn 0.5903435349464417 -0.5796581506729126 -0.5616858005523682 
vn 0.6718047261238098 0.2507529556751251 0.6969945430755615 
vn 0.19644571840763092 0.8873195052146912 0.417220801115036 
vn 0.6214986443519592 0.7188194394111633 0.31150925159454346 
vn 0.5810948014259338 0.6024665236473083 -0.5471406579017639 
vn -0.05850197374820709 0.7445419430732727 -0.6650074124336243 
vn -0.1631745845079422 0.8940362930297852 0.417220801115036 
vn 0.10542813688516617 0.9116265177726746 0.3972681760787964 
vn 0.08479508012533188 0.6838833093643188 -0.7246471047401428 
vn 0.1708221733570099 0.9832655787467957 -0.0633138045668602 
vn 0.03774409741163254 0.6817172765731812 -0.7306414246559143 
vn 0.0810009092092514 0.955899178981781 0.28230419754981995 
vn -0.5737378001213074 0.5857380032539368 0.5724822878837585 
vn 0.028173523023724556 0.41427746415138245 0.9097144603729248 
vn 0.24195396900177002 0.8520008325576782 0.4642767012119293 
vn 0.28605785965919495 0.3431870937347412 0.8946471214294434 
vn -0.005636054091155529 0.3791065514087677 0.9253358840942383 
vn 0.1463615745306015 0.4747963845729828 0.8678402304649353 
vn 0.06006952375173569 0.4466570019721985 0.8926864862442017 
vn -0.11881891638040543 0.4143708050251007 0.9023185968399048 
vn -0.5779946446418762 0.5779946446418762 -0.5760593414306641 
vn 0.5810948014259338 0.6024665236473083 -0.5471406579017639 
vn -0.03474314883351326 0.0037785451859235764 -0.999389111995697 
vn -0.05850197374820709 0.7445419430732727 -0.6650074124336243 
vn -0.07580161839723587 -0.10111571848392487 -0.9919826984405518 
vn 0.7015067934989929 0.06790591776371002 -0.7094202041625977 
vn -0.033460833132267 -0.02807697281241417 -0.9990455508232117 
vn -0.1271834820508957 -0.03014303743839264 -0.991421103477478 
vn -0.19359047710895538 -0.6446865797042847 -0.7395281791687012 
vn -0.06600389629602432 -0.7291499972343445 -0.681163489818573 
vn 0.5903435349464417 -0.5796581506729126 -0.5616858005523682 
vn -0.08694133162498474 -0.04065839201211929 -0.9953833818435669 
vn -0.2239920198917389 -0.09226824343204498 -0.9702134728431702 
vn -0.26492589712142944 -0.03774278983473778 -0.9635298252105713 
vn -0.07909950613975525 -0.03688470646739006 -0.9961841106414795 
vn -0.018900826573371887 -0.6856868267059326 -0.7276512384414673 
vn 0.05185018107295036 -0.007630764972418547 -0.9986256957054138 
vn -0.035895731300115585 -0.722248375415802 -0.6907016038894653 
vn 0.011328681372106075 -0.7139343023300171 -0.7001210451126099 
vn 0.13936540484428406 0 -0.9902410507202148 
vn 0.025048762559890747 0.007726519834250212 -0.9996563792228699 
vn 0.08479508012533188 0.6838833093643188 -0.7246471047401428 
vn 0.03774409741163254 0.6817172765731812 -0.7306414246559143 
vn 0.09325950592756271 -0.022684019058942795 -0.9953833818435669 
vn -0.06602117419242859 -0.6763477325439453 -0.7336177229881287 
vn -0.06944385170936584 0.007552473805844784 -0.9975572824478149 
vn -0.6060012578964233 -0.5632686614990234 -0.5616858005523682 
vn -0.8064197897911072 -0.0979170873761177 -0.5831804275512695 
vn -0.5779946446418762 0.5779946446418762 -0.5760593414306641 
vn -0.0037671432364732027 0.7170665264129639 0.6969945430755615 
vn 0.5779946446418762 0.5779946446418762 -0.5760593414306641 
vn 0.557733416557312 0.6043944954872131 0.5688942670822144 
vn -0.005657912697643042 0.7696004509925842 0.6385006904602051 
vn 0.0226538497954607 0.6823854446411133 -0.7306414246559143 
vn -0.558851420879364 0.5788888931274414 -0.5937783122062683 
vn -0.5966729521751404 0.5766665935516357 0.5580654144287109 
vn 0.059854332357645035 -0.0360131561756134 -0.9975572824478149 
vn -0.13144460320472717 -0.6535501480102539 -0.7453821301460266 
vn -0.2166038155555725 0.0075639719143509865 -0.976230263710022 
vn 0.557733416557312 0.6043944954872131 0.5688942670822144 
vn -0.17818838357925415 -3.685347518692442e-14 0.9839963912963867 
vn -0.0037671432364732027 0.7170665264129639 0.6969945430755615 
vn -0.005657912697643042 0.7696004509925842 0.6385006904602051 
vn -0.5966729521751404 0.5766665935516357 0.5580654144287109 
vn -0.7437609434127808 -0.20839203894138336 0.6351318359375 
vn -0.05900802090764046 -0.028416765853762627 0.9978529810905457 
vn -0.20276035368442535 -0.28611207008361816 0.9364978075027466 
vn -0.11389827728271484 -0.2921684682369232 0.949560284614563 
vn -0.3690618574619293 -0.6040576696395874 0.7063339352607727 
vn -0.16394707560539246 -0.6118588447570801 0.7737894654273987 
vn -0.6431025266647339 -0.11615895479917526 0.7569189071655273 
vn 0.3738931119441986 -0.030086921527981758 0.926983654499054 
vn 0.7467986941337585 -0.007544106338173151 0.6650074124336243 
vn 0.14529810845851898 -0.2541664242744446 0.9561840295791626 
vn 0.567089319229126 -0.4288021922111511 0.7032341957092285 
vn -0.20629079639911652 -0.3874415457248688 0.8985171914100647 
vn 0.8630595207214355 -0.17984852194786072 0.4719987213611603 
vn 0.24728168547153473 0.3083570897579193 0.9185682535171509 
vn -0.23302054405212402 -0.2887522578239441 0.9286137819290161 
vn -0.009271320886909962 0.06923533231019974 0.9975572824478149 
vn 0.9372312426567078 0.007549903821200132 0.34862664341926575 
vn 0.3288799226284027 0.4020408093929291 0.8545181155204773 
vn 0.8379199504852295 0.39454546570777893 0.37712597846984863 
vn 0.1772753745317459 0.13897785544395447 0.9742990136146545 
vn 0.6967878937721252 -0.08270743489265442 0.7124928832054138 
vn 0.1089409589767456 -0.723980724811554 0.681163489818573 
vn -0.5905730724334717 -0.5759032368659973 0.5652954578399658 
vn 0.10778836905956268 0.25409361720085144 0.961154580116272 
vn 0.10487095266580582 0.5754762887954712 0.8110666871070862 
vn 0.4772559702396393 0.42668241262435913 0.7682244777679443 
vn -0.14607743918895721 -0.26805591583251953 0.9522643685340881 
vn 0.525762140750885 0.7024790048599243 0.4796847105026245 
vn 0.42529407143592834 0.5885745882987976 0.6875353455543518 
vn -0.3564114570617676 -0.40296030044555664 0.8429672718048096 
vn 0.3941165804862976 -0.030074017122387886 0.9185682535171509 
vn 0.26127421855926514 0.22141771018505096 0.9395264387130737 
vn 0.687091588973999 0.6564046740531921 0.31150925159454346 
vn 0.19227813184261322 0.3029818534851074 0.933397650718689 
vn 0.3525838851928711 0.64839106798172 0.67473965883255 
vn -0.6848128437995911 0.10140377283096313 0.7216291427612305 
vn -0.0035349009558558464 -0.002568255877122283 0.9999904632568359 
vn 0.5903435349464417 -0.5796581506729126 -0.5616858005523682 
vn -0.06600389629602432 -0.7291499972343445 -0.681163489818573 
vn 0.5901351571083069 -0.5727999210357666 0.5688942670822144 
vn 0.03954630717635155 -0.7629880309104919 0.6452018022537231 
vn -0.13881593942642212 -0.7872642874717712 0.6007870435714722 
vn -0.19359047710895538 -0.6446865797042847 -0.7395281791687012 
vn -0.13144460320472717 -0.6535501480102539 -0.7453821301460266 
vn -0.018900826573371887 -0.6856868267059326 -0.7276512384414673 
vn -0.1902933567762375 -0.7514514327049255 0.6317508816719055 
vn -0.035895731300115585 -0.722248375415802 -0.6907016038894653 
vn -0.129394993185997 -0.692805826663971 0.7094202041625977 
vn 0.011328681372106075 -0.7139343023300171 -0.7001210451126099 
vn -0.1718759983778 -0.7530379891395569 0.6351318359375 
vn -0.06586514413356781 -0.7468365430831909 0.661737859249115 
vn -0.06602117419242859 -0.6763477325439453 -0.7336177229881287 
vn -0.6060012578964233 -0.5632686614990234 -0.5616858005523682 
vn -0.5449198484420776 -0.5849079489707947 0.6007870435714722 
vn 0.5779946446418762 0.5779946446418762 -0.5760593414306641 
vn 0.6887472867965698 -0.02266538515686989 -0.7246471047401428 
vn 0.0226538497954607 0.6823854446411133 -0.7306414246559143 
vn -0.558851420879364 0.5788888931274414 -0.5937783122062683 
vn -0.007873271591961384 -0.0037915678694844246 -0.999961793422699 
vn -0.7348576784133911 0.01889633573591709 -0.677958071231842 
vn -0.5792391300201416 -0.5658945441246033 -0.5867242813110352 
vn 0.5956125855445862 -0.5742427110671997 -0.5616858005523682 
vn 0.7269158363342285 0.12774881720542908 -0.67473965883255 
vn 0.7913428544998169 -0.19445021450519562 -0.5796254277229309 
vn 0.7396097183227539 -0.045320603996515274 -0.6715083718299866 
vn 0.6759700775146484 0.022680632770061493 -0.736579954624176 
vn 0.010922610759735107 0.018918516114354134 -0.9997613430023193 
vn 0.5802002549171448 0.572190523147583 -0.5796254277229309 
vn 0.06982200592756271 0.7197611927986145 -0.6907016038894653 
vn -0.5522425770759583 0.5922691822052002 -0.5867242813110352 
vn -0.7078686952590942 0.0037756471429020166 -0.7063339352607727 
vn -0.0038889264687895775 0.01703849993646145 -0.9998472929000854 
vn 0.010922610759735107 -0.018918516114354134 -0.9997613430023193 
vn 0.7078787684440613 0 -0.7063339352607727 
vn 0.0018900235882028937 -0.723137378692627 -0.6907016038894653 
vn 0.5880892872810364 -0.5854177474975586 -0.5580654144287109 
vn -0.5864070057868958 -0.5730539560317993 -0.5724822878837585 
vn 0.557733416557312 0.6043944954872131 0.5688942670822144 
vn 0.9372312426567078 0.007549903821200132 0.34862664341926575 
vn 0.5779946446418762 0.5779946446418762 -0.5760593414306641 
vn 0.6887472867965698 -0.02266538515686989 -0.7246471047401428 
vn 0.7467986941337585 -0.007544106338173151 0.6650074124336243 
vn 0.7396097183227539 -0.045320603996515274 -0.6715083718299866 
vn 0.567089319229126 -0.4288021922111511 0.7032341957092285 
vn 0.7913428544998169 -0.19445021450519562 -0.5796254277229309 
vn 0.8630595207214355 -0.17984852194786072 0.4719987213611603 
vn 0.9824486374855042 0.09047970175743103 0.16312000155448914 
vn 0.8379199504852295 0.39454546570777893 0.37712597846984863 
vn 0.7269158363342285 0.12774881720542908 -0.67473965883255 
vn 0.6990288496017456 -0.7056992053985596 0.11553031951189041 
vn 0.5956125855445862 -0.5742427110671997 -0.5616858005523682 
vn 0.3738931119441986 -0.030086921527981758 0.926983654499054 
vn 0.6967878937721252 -0.08270743489265442 0.7124928832054138 
vn 0.7227866053581238 0.022601401433348656 0.6907016038894653 
vn 0.8479555249214172 0.03770418092608452 0.528724730014801 
vn 0.12310536205768585 0.04392390325665474 0.991421103477478 
vn 0.28819337487220764 0.015040789730846882 0.9574540853500366 
vn -0.24545736610889435 0.022522905841469765 0.9691457152366638 
vn -0.745884358882904 0.037705134600400925 0.6650074124336243 
vn -0.5905730724334717 -0.5759032368659973 0.5652954578399658 
vn 0.5426133275032043 -0.5906076431274414 0.5972883701324463 
vn -0.5643393993377686 0.6083453297615051 0.5580654144287109 
vn 0.5389423966407776 0.5722630023956299 0.6181069612503052 
vn 0.9069420695304871 0.007547836750745773 0.42118772864341736 
vn 0.9670511484146118 0.22459617257118225 -0.11986933648586273 
vn -0.5053707361221313 0.5654089450836182 -0.651853621006012 
vn 0.05100005492568016 0.6998234391212463 -0.7124928832054138 
vn -0.7160804867744446 -0.0377805195748806 -0.6969945430755615 
vn -0.019612373784184456 -0.02892608754336834 -0.999389111995697 
vn -0.21718353033065796 0.20249822735786438 -0.9548956751823425 
vn -0.68209308385849 -0.030200820416212082 -0.7306414246559143 
vn -0.8131893277168274 0.08293817192316055 -0.5760593414306641 
vn -0.16867761313915253 0.19676721096038818 -0.9658315181732178 
vn -0.7073854207992554 0.026423515751957893 -0.7063339352607727 
vn 0.01325590442866087 0.05070454254746437 -0.9986256957054138 
vn -0.1127692461013794 -0.683033287525177 -0.7216291427612305 
vn 0.6775044202804565 0.05284697189927101 -0.7336177229881287 
vn 0.5249561071395874 -0.6063560247421265 -0.5972883701324463 
vn -0.024572229012846947 0.7012489438056946 -0.7124928832054138 
vn -0.7463685274124146 0.02644181251525879 -0.6650074124336243 
vn -0.6196054816246033 -0.48376941680908203 -0.6181069612503052 
vn 0.19047465920448303 -0.015085354447364807 -0.9815762042999268 
vn 0.015745941549539566 0.007582846097648144 -0.9998472929000854 
vn 0.6981918811798096 0.022659597918391228 -0.715552031993866 
vn 0.13854843378067017 -0.015068050473928452 -0.9902410507202148 
vn -0.022633099928498268 0.17674513161182404 -0.9839963912963867 
vn -0.09345868229866028 0.06415574997663498 -0.9935539960861206 
vn 0.05066395923495293 0.06005075201392174 -0.9969087839126587 
vn -0.02474052645266056 -0.01797504536807537 -0.9995322823524475 
vn 0.5609117150306702 0.5876041650772095 -0.5831804275512695 
vn 0.07067004591226578 0.22727636992931366 -0.9712626934051514 
vn -0.5966729521751404 0.5766665935516357 0.5580654144287109 
vn -0.7437609434127808 -0.20839203894138336 0.6351318359375 
vn -0.558851420879364 0.5788888931274414 -0.5937783122062683 
vn -0.6431025266647339 -0.11615895479917526 0.7569189071655273 
vn -0.7348576784133911 0.01889633573591709 -0.677958071231842 
vn -0.6848128437995911 0.10140377283096313 0.7216291427612305 
vn -0.5792391300201416 -0.5658945441246033 -0.5867242813110352 
vn -0.5905730724334717 -0.5759032368659973 0.5652954578399658 
vn 0.5389423966407776 0.5722630023956299 0.6181069612503052 
vn 0.5802002549171448 0.572190523147583 -0.5796254277229309 
vn 0.9069420695304871 0.007547836750745773 0.42118772864341736 
vn 0.6759700775146484 0.022680632770061493 -0.736579954624176 
vn 0.9917042851448059 0 -0.12854042649269104 
vn 0.7078787684440613 0 -0.7063339352607727 
vn 0.8479555249214172 0.03770418092608452 0.528724730014801 
vn 0.5880892872810364 -0.5854177474975586 -0.5580654144287109 
vn 0.7227866053581238 0.022601401433348656 0.6907016038894653 
vn 0.5426133275032043 -0.5906076431274414 0.5972883701324463 
vn 0.9670511484146118 0.22459617257118225 -0.11986933648586273 
vn 0.5389423966407776 0.5722630023956299 0.6181069612503052 
vn 0.5802002549171448 0.572190523147583 -0.5796254277229309 
vn -0.5643393993377686 0.6083453297615051 0.5580654144287109 
vn 0.06982200592756271 0.7197611927986145 -0.6907016038894653 
vn -0.5522425770759583 0.5922691822052002 -0.5867242813110352 
vn 0.5847567319869995 0.608796238899231 -0.5361219048500061 
vn 0.6859056353569031 0.00756113464012742 -0.7276512384414673 
vn 0.6661455035209656 0.5184818506240845 0.5361219048500061 
vn 0.5369943976402283 -0.6129204034805298 0.5796254277229309 
vn 0.5065783262252808 -0.6317697763442993 -0.5867242813110352 
vn -0.5522425770759583 0.5922691822052002 -0.5867242813110352 
vn -0.5643393993377686 0.6083453297615051 0.5580654144287109 
vn -0.7078686952590942 0.0037756471429020166 -0.7063339352607727 
vn -0.745884358882904 0.037705134600400925 0.6650074124336243 
vn -0.5905730724334717 -0.5759032368659973 0.5652954578399658 
vn -0.5864070057868958 -0.5730539560317993 -0.5724822878837585 
vn 0.6661455035209656 0.5184818506240845 0.5361219048500061 
vn 0.0470682717859745 0.6617022752761841 0.7482877969741821 
vn 0.5369943976402283 -0.6129204034805298 0.5796254277229309 
vn -0.030164308845996857 -0.7773393988609314 0.6283578276634216 
vn 0.04146033897995949 0.6686036586761475 0.7424622178077698 
vn -0.5329034328460693 0.5742013454437256 0.6215357780456543 
vn -0.5533880591392517 -0.5946950912475586 0.5831804275512695 
vn -0.6418198943138123 -0.5297827124595642 -0.5544344186782837 
vn -0.04342002794146538 -0.6684792637825012 -0.7424622178077698 
vn -0.5792844295501709 0.6140056252479553 -0.5361219048500061 
vn 0.06793440133333206 0.7138512134552002 -0.6969945430755615 
vn 0.038558974862098694 -0.007669857237488031 -0.9992268681526184 
vn 0.5847567319869995 0.608796238899231 -0.5361219048500061 
vn 0.6859056353569031 0.00756113464012742 -0.7276512384414673 
vn 0.5065783262252808 -0.6317697763442993 -0.5867242813110352 
vn 0.04529383033514023 -0.7247369289398193 -0.6875353455543518 
vn 0.6661455035209656 0.5184818506240845 0.5361219048500061 
vn 0.0470682717859745 0.6617022752761841 0.7482877969741821 
vn 0.5847567319869995 0.608796238899231 -0.5361219048500061 
vn 0.04146033897995949 0.6686036586761475 0.7424622178077698 
vn 0.06793440133333206 0.7138512134552002 -0.6969945430755615 
vn -0.5329034328460693 0.5742013454437256 0.6215357780456543 
vn -0.5792844295501709 0.6140056252479553 -0.5361219048500061 
vn 0.5514220595359802 0.6101582050323486 -0.5688942670822144 
vn 0.546794593334198 0.549460232257843 0.6317508816719055 
vn 0.700212836265564 0.04534177854657173 -0.7124928832054138 
vn 0.6955776810646057 -0.18637947738170624 0.6938546895980835 
vn 0.9591286182403564 -0.09790075570344925 0.26549527049064636 
vn 0.4495238661766052 0.06757336109876633 0.8907088041305542 
vn 0.9604207873344421 0.18743406236171722 0.2060592919588089 
vn 0.7138643860816956 0.015104415826499462 -0.7001210451126099 
vn 0.6701629161834717 0.11263547837734222 0.7336177229881287 
vn 0.6419070959091187 -0.5791618227958679 -0.5025205612182617 
vn 0.3758251368999481 -0.07475626468658447 0.9236704111099243 
vn 0.48205870389938354 -0.644241213798523 0.5937783122062683 
vn 0.3902672827243805 0.4859287440776825 0.7820260524749756 
vn 0.700212836265564 0.04534177854657173 -0.7124928832054138 
vn 0.5514220595359802 0.6101582050323486 -0.5688942670822144 
vn -2.2461114863652973e-14 0.21673583984375 -0.976230263710022 
vn 0.03775234892964363 0.7251688838005066 -0.6875353455543518 
vn 0.6419070959091187 -0.5791618227958679 -0.5025205612182617 
vn 0.7138643860816956 0.015104415826499462 -0.7001210451126099 
vn 0.05100005492568016 -0.6998234391212463 -0.7124928832054138 
vn -0.005730303004384041 -0.03003930114209652 -0.9995322823524475 
vn -0.5779946446418762 -0.5779946446418762 -0.5760593414306641 
vn -0.7650026082992554 -0.05282127857208252 -0.641857385635376 
vn -0.7222254276275635 -0.07540258765220642 -0.6875353455543518 
vn 0.013214034959673882 0.1474224478006363 -0.9889853596687317 
vn 0.5065783262252808 -0.6317697763442993 -0.5867242813110352 
vn 0.04529383033514023 -0.7247369289398193 -0.6875353455543518 
vn 0.5369943976402283 -0.6129204034805298 0.5796254277229309 
vn -0.030164308845996857 -0.7773393988609314 0.6283578276634216 
vn -0.04342002794146538 -0.6684792637825012 -0.7424622178077698 
vn -0.5533880591392517 -0.5946950912475586 0.5831804275512695 
vn -0.6418198943138123 -0.5297827124595642 -0.5544344186782837 
vn -0.5779946446418762 0.5779946446418762 -0.5760593414306641 
vn -0.5737378001213074 0.5857380032539368 0.5724822878837585 
vn -0.8064197897911072 -0.0979170873761177 -0.5831804275512695 
vn -0.6078402400016785 -0.07891511172056198 0.790128231048584 
vn -0.6060012578964233 -0.5632686614990234 -0.5616858005523682 
vn -0.5449198484420776 -0.5849079489707947 0.6007870435714722 
vn 0.678316593170166 0.7210105657577515 0.1415284425020218 
vn 0.5609117150306702 0.5876041650772095 -0.5831804275512695 
vn 0.6834496259689331 0.3351125121116638 0.6485338807106018 
vn 0.6981918811798096 0.022659597918391228 -0.715552031993866 
vn 0.7610362768173218 0.01508630346506834 0.6485338807106018 
vn 0.6306686997413635 -0.17126214504241943 0.7569189071655273 
vn 0.9657844305038452 -0.09796591848134995 0.2401314377784729 
vn 0.5454756021499634 -0.3888523578643799 0.7424622178077698 
vn 0.5416828989982605 -0.14156919717788696 0.8285757899284363 
vn 0.9608860015869141 0.11301545053720474 0.25283506512641907 
vn 0.5818383097648621 0.1565537303686142 0.7980946898460388 
vn 0.7530783414840698 0.060309432446956635 0.6551609039306641 
vn 0.7545472979545593 -0.03771785646677017 0.6551609039306641 
vn 0.6775044202804565 0.05284697189927101 -0.7336177229881287 
vn 0.5811330676078796 -0.6371431350708008 0.5062933564186096 
vn 0.5249561071395874 -0.6063560247421265 -0.5972883701324463 
vn 0.6834496259689331 0.3351125121116638 0.6485338807106018 
vn 0.678316593170166 0.7210105657577515 0.1415284425020218 
vn 0.022641621530056 0.859842836856842 0.5100564956665039 
vn 0.5609117150306702 0.5876041650772095 -0.5831804275512695 
vn -0.2824402153491974 0.9180862903594971 0.2781098484992981 
vn -0.36770427227020264 0.4076266288757324 0.8358433246612549 
vn -0.05657558515667915 0.9088602662086487 0.41324591636657715 
vn -0.024572229012846947 0.7012489438056946 -0.7124928832054138 
vn 0.29050374031066895 0.8257250189781189 0.4835140109062195 
vn 0.10355760902166367 0.9010420441627502 0.42118772864341736 
vn -0.6090090870857239 0.631672739982605 0.4796847105026245 
vn 0.035820119082927704 0.8480371832847595 0.528724730014801 
vn 0.05100005492568016 0.6998234391212463 -0.7124928832054138 
vn -0.5053707361221313 0.5654089450836182 -0.651853621006012 
vn 0.054719407111406326 0.03598951920866966 -0.9978529810905457 
vn -0.5833392143249512 0.5579534769058228 -0.590256929397583 
vn 0.6306686997413635 -0.17126214504241943 0.7569189071655273 
vn 0.7610362768173218 0.01508630346506834 0.6485338807106018 
vn -0.051766298711299896 -0.18837478756904602 0.9807319641113281 
vn 0.6834496259689331 0.3351125121116638 0.6485338807106018 
vn 0.05804242938756943 0.3291749656200409 0.9424833655357361 
vn 0.022641621530056 0.859842836856842 0.5100564956665039 
vn -0.36770427227020264 0.4076266288757324 0.8358433246612549 
vn -0.14314545691013336 -0.1391621232032776 0.97986900806427 
vn -0.07167518883943558 0.03218069300055504 0.9969087839126587 
vn 0.5454756021499634 -0.3888523578643799 0.7424622178077698 
vn 0.05015791580080986 0.19323794543743134 0.97986900806427 
vn 0.5416828989982605 -0.14156919717788696 0.8285757899284363 
vn 0.5818383097648621 0.1565537303686142 0.7980946898460388 
vn 0.7530783414840698 0.060309432446956635 0.6551609039306641 
vn 0.1424940675497055 -0.0650748610496521 0.9876541495323181 
vn 0.1737242490053177 -0.10678789764642715 0.9789873361587524 
vn 0.1299767941236496 -0.14584526419639587 0.9807319641113281 
vn 0.7545472979545593 -0.03771785646677017 0.6551609039306641 
vn 0.05558636039495468 -0.10374715924263 0.9930492043495178 
vn 0.5811330676078796 -0.6371431350708008 0.5062933564186096 
vn 0.06852200627326965 -0.06720591336488724 0.9953833818435669 
vn -0.05833255872130394 -0.7327824831008911 0.677958071231842 
vn -0.286427766084671 -0.6865726709365845 0.6682642698287964 
vn -0.68931645154953 -0.0639859065413475 0.7216291427612305 
vn -0.774277925491333 -0.28449028730392456 0.5652954578399658 
vn -0.9223369359970093 0.03019418567419052 0.3852050006389618 
vn -0.38976719975471497 0.15431974828243256 0.9078915119171143 
vn -0.015116721391677856 -0.02141551487147808 0.9996563792228699 
vn -0.2772960066795349 0.3503047227859497 0.8946471214294434 
vn -0.10941547155380249 0.2395864725112915 0.9646899104118347 
vn -0.6836666464805603 -0.1273486167192459 0.7185974717140198 
vn 0.35080230236053467 -0.3881031572818756 0.8522403836250305 
vn -0.06613297015428543 0.17926125228405 0.9815762042999268 
vn -0.06788033992052078 0.19681993126869202 0.9780870079994202 
vn -0.1630021035671234 0.28232792019844055 0.9453682899475098 
vn -0.017523931339383125 0.03519279882311821 0.9992268681526184 
vn -0.0037409996148198843 -0.21670354902744293 0.976230263710022 
vn -0.5291638374328613 -0.514501690864563 0.67473965883255 
vn -0.24637389183044434 0.007516956888139248 0.9691457152366638 
vn -0.22020314633846283 0.018742049112915993 0.9752739667892456 
vn -0.321535587310791 0.11791902035474777 0.9395264387130737 
vn -0.2435568869113922 0.22892166674137115 0.9424833655357361 
vn -0.5634850859642029 -0.06389563530683517 0.8236515522003174 
vn -0.18310004472732544 -0.12375403195619583 0.9752739667892456 
vn 0.022293653339147568 -0.15505576133728027 0.9876541495323181 
vn 0.13903512060642242 -0.19838117063045502 0.9702134728431702 
vn 0.12760351598262787 0.09086605161428452 0.9876541495323181 
vn -0.19306863844394684 -0.029821282252669334 0.9807319641113281 
vn -0.30794665217399597 0.1590135395526886 0.9380210638046265 
vn -0.39023488759994507 0.20938432216644287 0.8965907096862793 
vn -0.18119516968727112 0.07302821427583694 0.9807319641113281 
vn 0.2028975784778595 -0.08759716153144836 0.9752739667892456 
vn 0.3003717362880707 -0.0743323415517807 0.9509214162826538 
vn 0.5743630528450012 -0.5038072466850281 0.6452018022537231 
vn 0.19435611367225647 -0.2076263278722763 0.9587059020996094 
vn -0.005638942122459412 -0.40323489904403687 0.9150791168212891 
vn -0.8179662823677063 -0.05652567371726036 0.5724822878837585 
vn -0.8322540521621704 -0.27794918417930603 0.4796847105026245 
vn -0.3628992438316345 0.0037627804558724165 0.931820809841156 
vn -0.6985187530517578 0.007541397586464882 0.715552031993866 
vn 0.4100974202156067 -0.10436195135116577 0.9060511589050293 
vn 0.25955161452293396 0.2927551865577698 0.9202865362167358 
vn 0.19873960316181183 0.23717303574085236 0.9509214162826538 
vn 0.10355760902166367 0.9010420441627502 0.42118772864341736 
vn 0.035820119082927704 0.8480371832847595 0.528724730014801 
vn -0.12382578104734421 0.11586840450763702 0.9855159521102905 
vn -0.6090090870857239 0.631672739982605 0.4796847105026245 
vn 0.4304034113883972 -0.10429748892784119 0.8965907096862793 
vn -0.12212198227643967 -0.0576307512819767 0.990840494632721 
vn 0.3412807285785675 -0.11088883131742477 0.933397650718689 
vn 0.15817271173000336 0.24137736856937408 0.9574540853500366 
vn 0.29050374031066895 0.8257250189781189 0.4835140109062195 
vn -0.12554395198822021 0.3620383143424988 0.9236704111099243 
vn -0.05657558515667915 0.9088602662086487 0.41324591636657715 
vn 0.018387380987405777 -0.08531774580478668 0.9961841106414795 
vn -0.3693414628505707 -0.08567626029253006 0.9253358840942383 
vn -0.43163102865219116 0.11533054709434509 0.8946471214294434 
vn 0.020639967173337936 -0.23711346089839935 0.9712626934051514 
vn -0.04039058834314346 -0.12430945038795471 0.991421103477478 
vn -0.09352035820484161 0.24170935153961182 0.9658315181732178 
vn 0.10926900804042816 0.04374471306800842 0.9930492043495178 
vn -0.1325644701719284 -0.2795981764793396 0.9509214162826538 
vn -0.21999244391918182 0.18023960292339325 0.9587059020996094 
vn -0.2639223635196686 0.17691142857074738 0.9481810927391052 
vn -0.05657558515667915 0.9088602662086487 0.41324591636657715 
vn -0.12554395198822021 0.3620383143424988 0.9236704111099243 
vn -0.36770427227020264 0.4076266288757324 0.8358433246612549 
vn -0.5053707361221313 0.5654089450836182 -0.651853621006012 
vn -0.6090090870857239 0.631672739982605 0.4796847105026245 
vn -0.7160804867744446 -0.0377805195748806 -0.6969945430755615 
vn -0.6985187530517578 0.007541397586464882 0.715552031993866 
vn -0.8179662823677063 -0.05652567371726036 0.5724822878837585 
vn -0.68209308385849 -0.030200820416212082 -0.7306414246559143 
vn -0.8322540521621704 -0.27794918417930603 0.4796847105026245 
vn -0.8131893277168274 0.08293817192316055 -0.5760593414306641 
vn -0.6836666464805603 -0.1273486167192459 0.7185974717140198 
vn -0.9223369359970093 0.03019418567419052 0.3852050006389618 
vn -0.38976719975471497 0.15431974828243256 0.9078915119171143 
vn -0.7073854207992554 0.026423515751957893 -0.7063339352607727 
vn -0.68931645154953 -0.0639859065413475 0.7216291427612305 
vn -0.7463685274124146 0.02644181251525879 -0.6650074124336243 
vn -0.774277925491333 -0.28449028730392456 0.5652954578399658 
vn -0.6196054816246033 -0.48376941680908203 -0.6181069612503052 
vn -0.286427766084671 -0.6865726709365845 0.6682642698287964 
vn -0.3628992438316345 0.0037627804558724165 0.931820809841156 
vn -0.24637389183044434 0.007516956888139248 0.9691457152366638 
vn -0.5634850859642029 -0.06389563530683517 0.8236515522003174 
vn 0.4100974202156067 -0.10436195135116577 0.9060511589050293 
vn 0.3003717362880707 -0.0743323415517807 0.9509214162826538 
vn 0.2028975784778595 -0.08759716153144836 0.9752739667892456 
vn 0.35080230236053467 -0.3881031572818756 0.8522403836250305 
vn 0.5743630528450012 -0.5038072466850281 0.6452018022537231 
vn 0.022293653339147568 -0.15505576133728027 0.9876541495323181 
vn 0.5664293169975281 0.6531698703765869 -0.5025205612182617 
vn 0.6598963141441345 0.06783939898014069 -0.7482877969741821 
vn 0.015119257383048534 0.793984591960907 -0.607749879360199 
vn 0.0038889264687895775 -0.01703849993646145 -0.9998472929000854 
vn 0.028340600430965424 0.7345540523529053 -0.677958071231842 
vn -0.016820024698972702 0.054222650825977325 -0.9983872175216675 
vn 0.033688317984342575 -0.10368198156356812 -0.9940398335456848 
vn -0.050059832632541656 -0.07149285078048706 -0.9961841106414795 
vn -0.09456176310777664 0.033519648015499115 -0.994954526424408 
vn -0.1521439552307129 0.007593188900500536 -0.9883291721343994 
vn -0.0393143892288208 -8.131124117386705e-15 -0.9992268681526184 
vn -0.017007993534207344 0.7638228535652161 -0.6452018022537231 
vn 0.03588724508881569 0.9170005917549133 -0.3972681760787964 
vn 0.03772528097033501 0.3974859118461609 -0.916832447052002 
vn -0.6333472728729248 0.6386898159980774 -0.43697428703308105 
vn -0.6447089910507202 0.05282364413142204 -0.762600839138031 
vn 0.033524420112371445 -0.04028378054499626 -0.9986256957054138 
vn -0.6934139132499695 -0.05286667123436928 -0.7185974717140198 
vn 0.0075849550776183605 -0.04301641881465912 -0.9990455508232117 
vn -0.7374376058578491 -0.030202258378267288 -0.67473965883255 
vn -0.015157311223447323 0.2119269073009491 -0.9771679639816284 
vn 0.03632176294922829 -0.015044965781271458 -0.9992268681526184 
vn -0.6666374206542969 -1.3787602515854397e-13 -0.7453821301460266 
vn -0.7349278926849365 -0.06787800788879395 -0.67473965883255 
vn -0.010922610759735107 -0.018918516114354134 -0.9997613430023193 
vn -0.5872772932052612 -0.5792637467384338 -0.5652954578399658 
vn -0.07537275552749634 -0.6785882711410522 -0.7306414246559143 
vn -0.05477041006088257 -0.6995384693145752 -0.7124928832054138 
vn 0.03754059970378876 -0.1741889864206314 -0.9839963912963867 
vn -0.014939445070922375 0.041045788675546646 -0.9990455508232117 
vn 0.001958925975486636 0.02614004909992218 -0.9996563792228699 
vn -0.0037933827843517065 0.02151334285736084 -0.9997613430023193 
vn -0.07732153683900833 -0.7067410945892334 -0.7032341957092285 
vn -0.05847904458642006 -0.6961073875427246 -0.715552031993866 
vn 0.7307289838790894 0.045292407274246216 -0.681163489818573 
vn 0.581102728843689 -0.5784320831298828 -0.5724822878837585 
vn 0.7007383704185486 0.07542353868484497 -0.7094202041625977 
vn -0.010922610759735107 0.018918516114354134 -0.9997613430023193 
vn 0.7169170379638672 0.015118088573217392 -0.6969945430755615 
vn -0.017476677894592285 -3.6145805417514814e-15 -0.9998472929000854 
vn -0.06638111174106598 0.03317944332957268 -0.9972425103187561 
vn 0.037828002125024796 -0.021840007975697517 -0.9990455508232117 
vn 0.06985333561897278 0 -0.9975572824478149 
vn 0.06822020560503006 -0.015016402117908001 -0.9975572824478149 
vn -0.0625605583190918 0.14361572265625 -0.9876541495323181 
vn 0.12864837050437927 0.15266406536102295 -0.97986900806427 
vn -0.023897120729088783 0.0514969602227211 -0.9983872175216675 
vn 0.13264457881450653 -0.06567651778459549 -0.9889853596687317 
vn 0.7173285484313965 0.11284887790679932 -0.6875353455543518 
vn 0.7559399604797363 0.060345906764268875 -0.651853621006012 
vn -0.5533880591392517 -0.5946950912475586 0.5831804275512695 
vn -0.5329034328460693 0.5742013454437256 0.6215357780456543 
vn -0.6418198943138123 -0.5297827124595642 -0.5544344186782837 
vn -0.5792844295501709 0.6140056252479553 -0.5361219048500061 
vn -0.5833392143249512 0.5579534769058228 -0.590256929397583 
vn -0.5906076431274414 0.5426133275032043 0.5972883701324463 
vn 0.03775234892964363 0.7251688838005066 -0.6875353455543518 
vn -0.0452163964509964 0.7186940312385559 0.6938546895980835 
vn 0.5514220595359802 0.6101582050323486 -0.5688942670822144 
vn 0.546794593334198 0.549460232257843 0.6317508816719055 
vn 0.546794593334198 0.549460232257843 0.6317508816719055 
vn -0.0452163964509964 0.7186940312385559 0.6938546895980835 
vn -0.11465158313512802 -0.16863803565502167 0.9789873361587524 
vn -0.011247229762375355 -0.16920937597751617 0.9855159521102905 
vn -0.5906076431274414 0.5426133275032043 0.5972883701324463 
vn -0.6241114735603333 -0.29218393564224243 0.7246471047401428 
vn 0.068801149725914 -0.2845672369003296 0.9561840295791626 
vn 0.10258409380912781 0.1183883547782898 0.9876541495323181 
vn -0.7958542108535767 -0.07530612498521805 0.6007870435714722 
vn -0.6213384866714478 0.23238718509674072 0.7482877969741821 
vn -0.05053725838661194 0.31787821650505066 0.946783721446991 
vn -0.6057111024856567 -0.06770538538694382 0.7927988767623901 
vn -0.07901778072118759 -0.6652112603187561 0.7424622178077698 
vn -0.6053903102874756 -0.6546992063522339 0.45262736082077026 
vn 0.1518266499042511 -0.24541863799095154 0.9574540853500366 
vn -0.07707718014717102 0.08895181119441986 0.9930492043495178 
vn -0.14590974152088165 -0.4222757816314697 0.8946471214294434 
vn -0.25940296053886414 0.11658945679664612 0.9587059020996094 
vn -0.16234014928340912 0.30620601773262024 0.9380210638046265 
vn -0.02066773734986782 -0.4027443528175354 0.9150791168212891 
vn 0.6955776810646057 -0.18637947738170624 0.6938546895980835 
vn 0.4495238661766052 0.06757336109876633 0.8907088041305542 
vn 0.3902672827243805 0.4859287440776825 0.7820260524749756 
vn 0.6701629161834717 0.11263547837734222 0.7336177229881287 
vn 0.48205870389938354 -0.644241213798523 0.5937783122062683 
vn 0.27444228529930115 0.7130190134048462 0.6452018022537231 
vn 0.5664293169975281 0.6531698703765869 -0.5025205612182617 
vn 0.0018864733865484595 0.7409945726394653 0.6715083718299866 
vn 0.015119257383048534 0.793984591960907 -0.607749879360199 
vn -0.05267927423119545 0.6645527482032776 0.7453821301460266 
vn 0.028340600430965424 0.7345540523529053 -0.677958071231842 
vn -0.017007993534207344 0.7638228535652161 -0.6452018022537231 
vn 0.060212571173906326 0.6305745840072632 0.7737894654273987 
vn 0.03588724508881569 0.9170005917549133 -0.3972681760787964 
vn -0.009418780915439129 0.6367481350898743 0.7710143327713013 
vn -0.6333472728729248 0.6386898159980774 -0.43697428703308105 
vn -0.5722183585166931 0.5975577235221863 0.5616858005523682 
vn -0.5291638374328613 -0.514501690864563 0.67473965883255 
vn -0.0037409996148198843 -0.21670354902744293 0.976230263710022 
vn -0.22020314633846283 0.018742049112915993 0.9752739667892456 
vn 0.35080230236053467 -0.3881031572818756 0.8522403836250305 
vn -0.005638942122459412 -0.40323489904403687 0.9150791168212891 
vn -0.6836666464805603 -0.1273486167192459 0.7185974717140198 
vn -0.286427766084671 -0.6865726709365845 0.6682642698287964 
vn -0.05833255872130394 -0.7327824831008911 0.677958071231842 
vn -0.6196054816246033 -0.48376941680908203 -0.6181069612503052 
vn -0.1127692461013794 -0.683033287525177 -0.7216291427612305 
vn 0.5811330676078796 -0.6371431350708008 0.5062933564186096 
vn 0.5249561071395874 -0.6063560247421265 -0.5972883701324463 
vn -0.5999251008033752 0.5625380873680115 -0.5688942670822144 
vn -0.03275688365101814 0.05161658674478531 -0.9981296062469482 
vn -0.7160804867744446 -0.0377805195748806 -0.6969945430755615 
vn -0.6852806210517883 -0.030235351994633675 -0.7276512384414673 
vn -0.0038889264687895775 0.01703849993646145 -0.9998472929000854 
vn -0.7269436717033386 -0.10920509696006775 -0.677958071231842 
vn 0.007553739007562399 0.7261115908622742 -0.6875353455543518 
vn 0.017476677894592285 0 -0.9998472929000854 
vn 0.021658483892679214 0.014766504056751728 -0.9996563792228699 
vn 0.7114691734313965 0.06035008281469345 -0.7001210451126099 
vn 0.7100332975387573 0.07538694888353348 -0.7001210451126099 
vn 0.536969780921936 0.5850671529769897 -0.607749879360199 
vn -0.5632686614990234 -0.6060012578964233 -0.5616858005523682 
vn 0.017000393941998482 -0.7466432452201843 -0.6650074124336243 
vn 0.018941687420010567 -0.15115109086036682 -0.9883291721343994 
vn -0.015068050473928452 -0.13854843378067017 -0.9902410507202148 
vn 0.04662226140499115 -0.16304807364940643 -0.9855159521102905 
vn -0.0037799933925271034 -0.7291382551193237 -0.6843559741973877 
vn -0.033983927220106125 -0.8481127619743347 -0.528724730014801 
vn 0.5273827314376831 -0.6007681488990784 -0.6007870435714722 
vn -0.009271320886909962 0.06923533231019974 0.9975572824478149 
vn -0.3690618574619293 -0.6040576696395874 0.7063339352607727 
vn -0.14607743918895721 -0.26805591583251953 0.9522643685340881 
vn -0.16394707560539246 -0.6118588447570801 0.7737894654273987 
vn 0.10487095266580582 0.5754762887954712 0.8110666871070862 
vn 0.4772559702396393 0.42668241262435913 0.7682244777679443 
vn 0.687091588973999 0.6564046740531921 0.31150925159454346 
vn 0.6967878937721252 -0.08270743489265442 0.7124928832054138 
vn 0.6990288496017456 -0.7056992053985596 0.11553031951189041 
vn 0.1089409589767456 -0.723980724811554 0.681163489818573 
vn 0.5956125855445862 -0.5742427110671997 -0.5616858005523682 
vn -0.5905730724334717 -0.5759032368659973 0.5652954578399658 
vn -0.5792391300201416 -0.5658945441246033 -0.5867242813110352 
vn -0.3564114570617676 -0.40296030044555664 0.8429672718048096 
vn 0.3941165804862976 -0.030074017122387886 0.9185682535171509 
vn -0.16394707560539246 -0.6118588447570801 0.7737894654273987 
vn -0.6431025266647339 -0.11615895479917526 0.7569189071655273 
vn 0.42529407143592834 0.5885745882987976 0.6875353455543518 
vn 0.525762140750885 0.7024790048599243 0.4796847105026245 
vn 0.3525838851928711 0.64839106798172 0.67473965883255 
vn 0.687091588973999 0.6564046740531921 0.31150925159454346 
vn 0.4772559702396393 0.42668241262435913 0.7682244777679443 
vn 0.3525838851928711 0.64839106798172 0.67473965883255 
vn -0.6431025266647339 -0.11615895479917526 0.7569189071655273 
vn 0.42529407143592834 0.5885745882987976 0.6875353455543518 
vn 0.3941165804862976 -0.030074017122387886 0.9185682535171509 
vn 0.6839205026626587 -0.0526919886469841 0.7276512384414673 
vn 0.022180303931236267 0.10673747956752777 0.9940398335456848 
vn 0.7183815240859985 0.25165799260139465 0.6485338807106018 
vn 0.27444228529930115 0.7130190134048462 0.6452018022537231 
vn 0.02626347728073597 0.24508535861968994 0.9691457152366638 
vn 0.0018864733865484595 0.7409945726394653 0.6715083718299866 
vn -0.05267927423119545 0.6645527482032776 0.7453821301460266 
vn -0.04090620204806328 0.21284057199954987 0.976230263710022 
vn -0.2843993604183197 -5.882035987838166e-14 0.9587059020996094 
vn -0.16776493191719055 0.18632183969020844 0.9680594801902771 
vn 0.05429752171039581 0.11889498680830002 0.991421103477478 
vn 0.04573867842555046 -0.14076918363571167 0.9889853596687317 
vn 0.6717692613601685 -0.42846086621284485 0.6042742133140564 
vn 0.26659539341926575 -0.13077127933502197 0.9548956751823425 
vn -0.016825338825583458 0.1600823998451233 0.986960232257843 
vn 0.3934725522994995 -0.03757207468152046 0.9185682535171509 
vn 0.3998345732688904 0.12595777213573456 0.9078915119171143 
vn 0.7633779048919678 0.4530826210975647 0.46040233969688416 
vn 0.060212571173906326 0.6305745840072632 0.7737894654273987 
vn 0.2041124701499939 0.338482528924942 0.9185682535171509 
vn 0.03539648279547691 0.04438578709959984 0.9983872175216675 
vn 0.39117276668548584 -0.007517166901379824 0.9202865362167358 
vn 0.022974452003836632 -0.0471046082675457 0.9986256957054138 
vn 0.6996971368789673 0.052704960107803345 0.7124928832054138 
vn -0.08379530161619186 -0.06272837519645691 0.9945066571235657 
vn 0.7089495658874512 -0.15711669623851776 0.6875353455543518 
vn -0.017523931339383125 0.03519279882311821 0.9992268681526184 
vn 0.14594706892967224 -0.6926700472831726 0.7063339352607727 
vn 0.03192660212516785 -0.014214638620615005 0.999389111995697 
vn -0.08375299721956253 -0.3573020100593567 0.9302261471748352 
vn 0.0018827214371412992 -0.4854215383529663 0.87427818775177 
vn -0.049396708607673645 -0.06109742075204849 0.9969087839126587 
vn -0.08221937716007233 0.11252861469984055 0.9902410507202148 
vn -0.03929227590560913 -0.07793158292770386 0.9961841106414795 
vn -0.053775470703840256 -0.044583484530448914 0.9975572824478149 
vn 0.11328297853469849 -0.2562875747680664 0.9599394202232361 
vn 0.02239719219505787 -0.013620034791529179 0.9996563792228699 
vn -0.15292392671108246 -0.6216473579406738 0.7682244777679443 
vn -0.13157083094120026 -0.9150952100753784 0.3811691105365753 
vn -0.04905903339385986 -0.9673616886138916 0.24860523641109467 
vn 0.08469641208648682 -0.23148028552532196 0.9691457152366638 
vn 0.07744351774454117 0.04897231608629227 0.9957932829856873 
vn -0.03171524405479431 -0.20143960416316986 0.9789873361587524 
vn -0.16664499044418335 -0.10993710905313492 0.97986900806427 
vn -0.3023916780948639 -0.6192300319671631 0.7246471047401428 
vn -0.19714955985546112 -0.19316819310188293 0.961154580116272 
vn 0.03948693722486496 -0.39731475710868835 0.916832447052002 
vn -0.0056287674233317375 -0.22092759609222412 0.9752739667892456 
vn -0.43436920642852783 -0.3917834460735321 0.8110666871070862 
vn -0.17449037730693817 -0.4323255717754364 0.8846737742424011 
vn -0.5956596732139587 -0.28446322679519653 0.7511792182922363 
vn -0.6739728450775146 -0.7233315110206604 0.15017375349998474 
vn 0.03189951553940773 -0.3202857971191406 0.946783721446991 
vn -0.0017888620495796204 0.026152238249778748 0.9996563792228699 
vn -0.6857817769050598 -0.015068487264215946 0.7276512384414673 
vn 0.022980179637670517 -0.05191262438893318 0.9983872175216675 
vn -0.6952646374702454 -0.06776715070009232 0.715552031993866 
vn -0.020985936746001244 -0.022243794053792953 0.9995322823524475 
vn -0.7167202234268188 -0.022599220275878906 0.6969945430755615 
vn -0.017673155292868614 0.012840298935770988 0.9997613430023193 
vn -0.057661477476358414 0.0655161663889885 0.9961841106414795 
vn -0.050311751663684845 0.03472769632935524 0.9981296062469482 
vn -0.05667999014258385 0.098172627389431 0.9935539960861206 
vn 0.011131040751934052 -0.08217263966798782 0.9965559244155884 
vn 0.018720917403697968 -0.16854624450206757 0.9855159521102905 
vn 0.0798606351017952 0.08646152913570404 0.9930492043495178 
vn -0.007501416373997927 0.1909237951040268 0.9815762042999268 
vn 0.0784953311085701 -0.3873897194862366 0.9185682535171509 
vn -0.1000904068350792 -0.32752394676208496 0.9395264387130737 
vn -0.14353011548519135 -0.14485466480255127 0.9789873361587524 
vn -0.6104565858840942 -0.19280532002449036 0.7682244777679443 
vn -0.5095946192741394 0.04888969659805298 0.8590245246887207 
vn -0.09336140006780624 0.16670876741409302 0.9815762042999268 
vn 0.006688034627586603 0.016146345064044 0.9998472929000854 
vn -0.2102641761302948 -0.12862960994243622 0.9691457152366638 
vn -0.2190605252981186 -0.28934842348098755 0.931820809841156 
vn -0.3744988739490509 -0.2776740491390228 0.8846737742424011 
vn 0.11312352865934372 0.3870829939842224 0.9150791168212891 
vn 0.055455323308706284 -0.03484489023685455 0.9978529810905457 
vn 0.04482482001185417 -0.26381999254226685 0.9635298252105713 
vn 0.10497501492500305 -0.02941261976957321 0.9940398335456848 
vn -0.026204340159893036 0.04538724943995476 0.9986256957054138 
vn -0.35913389921188354 0.23120751976966858 0.9041935205459595 
vn -0.03909382224082947 0.20013855397701263 0.9789873361587524 
vn 0.13812130689620972 0.20924483239650726 0.9680594801902771 
vn -0.13589227199554443 0.3452676236629486 0.9286137819290161 
vn -0.14229214191436768 -0.09225647896528244 0.9855159521102905 
vn -0.2327449768781662 -0.08115652203559875 0.9691457152366638 
vn -0.2717081308364868 0.0485447458922863 0.961154580116272 
vn 0.29109886288642883 0.23008236289024353 0.9286137819290161 
vn 0.3197765350341797 0.11061551421880722 0.9410139322280884 
vn 0.2473917305469513 0.1565549373626709 0.9561840295791626 
vn -0.006553899962455034 -0.011351687833666801 0.9999141097068787 
vn -0.0043693361803889275 -0.007567912340164185 0.999961793422699 
vn 0.18748997151851654 0.08019526302814484 0.9789873361587524 
vn 0.23473352193832397 0.08809696137905121 0.9680594801902771 
vn 0.027674170210957527 0.11885879188776016 0.9925254583358765 
vn 0.029821282252669334 0.19306863844394684 0.9807319641113281 
vn -0.7652583718299866 0.048977021127939224 0.641857385635376 
vn -0.45819082856178284 0.08610134571790695 0.8846737742424011 
vn 0.14650121331214905 0.1597241908311844 0.976230263710022 
vn -0.009418780915439129 0.6367481350898743 0.7710143327713013 
vn -0.5722183585166931 0.5975577235221863 0.5616858005523682 
vn 0.40793976187705994 0.32153379917144775 0.8545181155204773 
vn 0.8379199504852295 0.39454546570777893 0.37712597846984863 
vn 0.8630595207214355 -0.17984852194786072 0.4719987213611603 
vn 0.24728168547153473 0.3083570897579193 0.9185682535171509 
vn 0.27444228529930115 0.7130190134048462 0.6452018022537231 
vn 0.5664293169975281 0.6531698703765869 -0.5025205612182617 
vn 0.7183815240859985 0.25165799260139465 0.6485338807106018 
vn 0.6598963141441345 0.06783939898014069 -0.7482877969741821 
vn 0.7169170379638672 0.015118088573217392 -0.6969945430755615 
vn 0.6839205026626587 -0.0526919886469841 0.7276512384414673 
vn 0.7559399604797363 0.060345906764268875 -0.651853621006012 
vn 0.6717692613601685 -0.42846086621284485 0.6042742133140564 
vn 0.4495238661766052 0.06757336109876633 0.8907088041305542 
vn -0.25940296053886414 0.11658945679664612 0.9587059020996094 
vn 0.3902672827243805 0.4859287440776825 0.7820260524749756 
vn 0.5880892872810364 -0.5854177474975586 -0.5580654144287109 
vn 0.0018900235882028937 -0.723137378692627 -0.6907016038894653 
vn 0.5426133275032043 -0.5906076431274414 0.5972883701324463 
vn -0.5905730724334717 -0.5759032368659973 0.5652954578399658 
vn -0.5864070057868958 -0.5730539560317993 -0.5724822878837585 
vn 0.03772528097033501 0.3974859118461609 -0.916832447052002 
vn -0.016820024698972702 0.054222650825977325 -0.9983872175216675 
vn 0.03588724508881569 0.9170005917549133 -0.3972681760787964 
vn 0.6419070959091187 -0.5791618227958679 -0.5025205612182617 
vn 0.48205870389938354 -0.644241213798523 0.5937783122062683 
vn 0.05100005492568016 -0.6998234391212463 -0.7124928832054138 
vn -0.07901778072118759 -0.6652112603187561 0.7424622178077698 
vn -0.5779946446418762 -0.5779946446418762 -0.5760593414306641 
vn -0.6053903102874756 -0.6546992063522339 0.45262736082077026 
vn 0.7559399604797363 0.060345906764268875 -0.651853621006012 
vn 0.6717692613601685 -0.42846086621284485 0.6042742133140564 
vn 0.9590979814529419 -0.05278235673904419 0.2781098484992981 
vn 0.3934725522994995 -0.03757207468152046 0.9185682535171509 
vn 0.26659539341926575 -0.13077127933502197 0.9548956751823425 
vn -0.09336140006780624 0.16670876741409302 0.9815762042999268 
vn -0.016825338825583458 0.1600823998451233 0.986960232257843 
vn 0.3934725522994995 -0.03757207468152046 0.9185682535171509 
vn 0.9590979814529419 -0.05278235673904419 0.2781098484992981 
vn 0.832266092300415 0.5422046184539795 0.11553031951189041 
vn 0.7559399604797363 0.060345906764268875 -0.651853621006012 
vn 0.7173285484313965 0.11284887790679932 -0.6875353455543518 
vn 0.7633779048919678 0.4530826210975647 0.46040233969688416 
vn 0.7007383704185486 0.07542353868484497 -0.7094202041625977 
vn 0.9403219223022461 0.09036380797624588 0.3280687630176544 
vn 0.7307289838790894 0.045292407274246216 -0.681163489818573 
vn 0.6996971368789673 0.052704960107803345 0.7124928832054138 
vn 0.7089495658874512 -0.15711669623851776 0.6875353455543518 
vn 0.581102728843689 -0.5784320831298828 -0.5724822878837585 
vn 0.6768978834152222 -0.7329593896865845 0.06767380982637405 
vn 0.14594706892967224 -0.6926700472831726 0.7063339352607727 
vn 0.3998345732688904 0.12595777213573456 0.9078915119171143 
vn 0.39117276668548584 -0.007517166901379824 0.9202865362167358 
vn 0.3934725522994995 -0.03757207468152046 0.9185682535171509 
vn 0.832266092300415 0.5422046184539795 0.11553031951189041 
vn 0.7633779048919678 0.4530826210975647 0.46040233969688416 
vn -0.5095946192741394 0.04888969659805298 0.8590245246887207 
vn 0.18748997151851654 0.08019526302814484 0.9789873361587524 
vn -0.6104565858840942 -0.19280532002449036 0.7682244777679443 
vn -0.2717081308364868 0.0485447458922863 0.961154580116272 
vn -0.3744988739490509 -0.2776740491390228 0.8846737742424011 
vn 0.6208347678184509 0.5821748971939087 0.5250110030174255 
vn 0.03954502195119858 0.7005640864372253 0.7124928832054138 
vn 0.536969780921936 0.5850671529769897 -0.607749879360199 
vn 0.06576824188232422 0.5704936981201172 0.8186644315719604 
vn 0.007553739007562399 0.7261115908622742 -0.6875353455543518 
vn 0.09203357249498367 0.6569589972496033 0.7482877969741821 
vn -0.5999251008033752 0.5625380873680115 -0.5688942670822144 
vn -0.5856291055679321 0.5629734992980957 0.5831804275512695 
vn -0.5833392143249512 0.5579534769058228 -0.590256929397583 
vn -0.5906076431274414 0.5426133275032043 0.5972883701324463 
vn -0.7222254276275635 -0.07540258765220642 -0.6875353455543518 
vn -0.6241114735603333 -0.29218393564224243 0.7246471047401428 
vn -0.7958542108535767 -0.07530612498521805 0.6007870435714722 
vn -0.7650026082992554 -0.05282127857208252 -0.641857385635376 
vn -0.6213384866714478 0.23238718509674072 0.7482877969741821 
vn -0.6053903102874756 -0.6546992063522339 0.45262736082077026 
vn -0.6057111024856567 -0.06770538538694382 0.7927988767623901 
vn -0.5779946446418762 -0.5779946446418762 -0.5760593414306641 
vn 0.03954502195119858 0.7005640864372253 0.7124928832054138 
vn -0.05120524391531944 0.04083481803536415 0.9978529810905457 
vn 0.6208347678184509 0.5821748971939087 0.5250110030174255 
vn 0.744970440864563 0.05276564508676529 0.6650074124336243 
vn -0.23561173677444458 -0.03370330482721329 0.9712626934051514 
vn 0.06576824188232422 0.5704936981201172 0.8186644315719604 
vn -0.06319056451320648 -0.23825103044509888 0.9691457152366638 
vn -0.482583612203598 0.10103514045476913 0.8700028657913208 
vn -0.3726004660129547 0.08945345878601074 0.9236704111099243 
vn -0.020319050177931786 0.09380318224430084 0.9953833818435669 
vn -0.6233782172203064 0.11246980726718903 0.7737894654273987 
vn -0.3665893077850342 0.4648643136024475 0.8059239983558655 
vn -0.1346055269241333 0.28322532773017883 0.949560284614563 
vn -0.4584721326828003 0.6284661889076233 0.6283578276634216 
vn -0.14095398783683777 0.44844093918800354 0.882628321647644 
vn -0.048104144632816315 0.1626170426607132 0.9855159521102905 
vn -0.5610806345939636 -0.5544130802154541 0.6146662831306458 
vn 0.009363486431539059 0.18224574625492096 0.983208417892456 
vn 0.028249165043234825 -0.7225878834724426 0.6907016038894653 
vn 0.027748852968215942 0.11438233405351639 0.9930492043495178 
vn -0.6382432579994202 0.3061664402484894 0.7063339352607727 
vn 0.022626446560025215 -0.6431332230567932 0.7654199600219727 
vn 0.047059692442417145 -0.733592689037323 0.677958071231842 
vn 0.5985326170921326 -0.5492352247238159 0.5831804275512695 
vn -0.07658941298723221 0.06480398029088974 0.994954526424408 
vn 0.05186442658305168 -0.18389737606048584 0.9815762042999268 
vn -0.19221104681491852 0.11745772510766983 0.9742990136146545 
vn 0.25114956498146057 -0.22056514024734497 0.9424833655357361 
vn -0.2189815640449524 0.12209820747375488 0.9680594801902771 
vn 0.1610422283411026 -0.31150805950164795 0.9364978075027466 
vn -0.6616643667221069 -0.12368650734424591 0.7395281791687012 
vn -0.46982690691947937 -0.3543804883956909 0.8085030317306519 
vn -0.25060853362083435 0.00750042824074626 0.9680594801902771 
vn 0.08073391765356064 0.21938014030456543 0.9722933769226074 
vn 0.42289626598358154 -0.05994027480483055 0.9041935205459595 
vn 0.09203357249498367 0.6569589972496033 0.7482877969741821 
vn -0.5856291055679321 0.5629734992980957 0.5831804275512695 
vn 0.19876447319984436 -0.11475672572851181 0.9733054637908936 
vn -0.5632724761962891 0.6500511169433594 -0.5100564956665039 
vn 0.5837114453315735 0.542340874671936 -0.6042742133140564 
vn -0.6368186473846436 0.7475084662437439 0.18892620503902435 
vn 0.650694727897644 0.5109848380088806 0.5616858005523682 
vn -0.4322196841239929 0.623115599155426 0.651853621006012 
vn 0.650694727897644 0.5109848380088806 0.5616858005523682 
vn 0.6154606342315674 -0.5262725949287415 0.5867242813110352 
vn 0.5837114453315735 0.542340874671936 -0.6042742133140564 
vn 0.6091341376304626 -0.5450791120529175 -0.5760593414306641 
vn -0.544521689414978 -0.6629445552825928 0.5138099193572998 
vn 0.6154606342315674 -0.5262725949287415 0.5867242813110352 
vn -0.6334428787231445 -1.310106266094041e-13 0.7737894654273987 
vn 0.650694727897644 0.5109848380088806 0.5616858005523682 
vn -0.4322196841239929 0.623115599155426 0.651853621006012 
vn 0.536969780921936 0.5850671529769897 -0.607749879360199 
vn 0.7114691734313965 0.06035008281469345 -0.7001210451126099 
vn 0.6208347678184509 0.5821748971939087 0.5250110030174255 
vn 0.744970440864563 0.05276564508676529 0.6650074124336243 
vn 0.5985326170921326 -0.5492352247238159 0.5831804275512695 
vn 0.7100332975387573 0.07538694888353348 -0.7001210451126099 
vn 0.5273827314376831 -0.6007681488990784 -0.6007870435714722 
vn -0.5280942916870117 -0.5895200967788696 -0.6112139225006104 
vn 0.6091341376304626 -0.5450791120529175 -0.5760593414306641 
vn -0.544521689414978 -0.6629445552825928 0.5138099193572998 
vn 0.6154606342315674 -0.5262725949287415 0.5867242813110352 
vn 0.5837114453315735 0.542340874671936 -0.6042742133140564 
vn 0.6091341376304626 -0.5450791120529175 -0.5760593414306641 
vn -0.5632724761962891 0.6500511169433594 -0.5100564956665039 
vn -0.5280942916870117 -0.5895200967788696 -0.6112139225006104 
vn -0.4322196841239929 0.623115599155426 0.651853621006012 
vn -0.6368186473846436 0.7475084662437439 0.18892620503902435 
vn -0.6334428787231445 -1.310106266094041e-13 0.7737894654273987 
vn -0.5632724761962891 0.6500511169433594 -0.5100564956665039 
vn -0.544521689414978 -0.6629445552825928 0.5138099193572998 
vn -0.5280942916870117 -0.5895200967788696 -0.6112139225006104 
vn -0.06319056451320648 -0.23825103044509888 0.9691457152366638 
vn -0.07658941298723221 0.06480398029088974 0.994954526424408 
vn -0.482583612203598 0.10103514045476913 0.8700028657913208 
vn -0.3726004660129547 0.08945345878601074 0.9236704111099243 
vn -0.5999251008033752 0.5625380873680115 -0.5688942670822144 
vn -0.7160804867744446 -0.0377805195748806 -0.6969945430755615 
vn -0.5856291055679321 0.5629734992980957 0.5831804275512695 
vn -0.6616643667221069 -0.12368650734424591 0.7395281791687012 
vn -0.6852806210517883 -0.030235351994633675 -0.7276512384414673 
vn -0.7269436717033386 -0.10920509696006775 -0.677958071231842 
vn -0.9552555084228516 -0.17269571125507355 0.2401314377784729 
vn -0.9083563685417175 -0.37523213028907776 0.18463370203971863 
vn -0.25387293100357056 0.2419099062681198 0.9364978075027466 
vn -0.6382432579994202 0.3061664402484894 0.7063339352607727 
vn -0.46982690691947937 -0.3543804883956909 0.8085030317306519 
vn 0.25473520159721375 0.06695814430713654 0.9646899104118347 
vn 0.49701517820358276 0.060057010501623154 0.865661084651947 
vn 0.9424415230751038 0.0828736424446106 0.3239381015300751 
vn 0.5708450675010681 -0.5161906480789185 0.6385006904602051 
vn 0.6424512267112732 -0.6037164926528931 -0.4719987213611603 
vn 0.62388014793396 0.1277124434709549 -0.7710143327713013 
vn 0.7311573624610901 0.03775104135274887 -0.681163489818573 
vn 0.701516330242157 0.015123292803764343 -0.7124928832054138 
vn 0.9800412654876709 0.02264292910695076 0.1975002884864807 
vn 0.6823854446411133 0.0226538497954607 -0.7306414246559143 
vn 0.7545472979545593 0.03771785646677017 0.6551609039306641 
vn 0.5798874497413635 0.5652301907539368 0.5867242813110352 
vn 0.577076256275177 0.5717373490333557 -0.5831804275512695 
vn 0.40152326226234436 0.03753974661231041 0.9150791168212891 
vn -0.3726004660129547 0.08945345878601074 0.9236704111099243 
vn -0.19221104681491852 0.11745772510766983 0.9742990136146545 
vn -0.6233782172203064 0.11246980726718903 0.7737894654273987 
vn -0.3665893077850342 0.4648643136024475 0.8059239983558655 
vn 0.05186442658305168 -0.18389737606048584 0.9815762042999268 
vn -0.07658941298723221 0.06480398029088974 0.994954526424408 
vn 0.42289626598358154 -0.05994027480483055 0.9041935205459595 
vn -0.2189815640449524 0.12209820747375488 0.9680594801902771 
vn -0.25060853362083435 0.00750042824074626 0.9680594801902771 
vn 0.1610422283411026 -0.31150805950164795 0.9364978075027466 
vn -0.19221104681491852 0.11745772510766983 0.9742990136146545 
vn -0.2189815640449524 0.12209820747375488 0.9680594801902771 
vn -0.3665893077850342 0.4648643136024475 0.8059239983558655 
vn -0.4584721326828003 0.6284661889076233 0.6283578276634216 
vn -0.25060853362083435 0.00750042824074626 0.9680594801902771 
vn 0.08073391765356064 0.21938014030456543 0.9722933769226074 
vn -0.14095398783683777 0.44844093918800354 0.882628321647644 
vn -0.6382432579994202 0.3061664402484894 0.7063339352607727 
vn -0.46982690691947937 -0.3543804883956909 0.8085030317306519 
vn -0.25387293100357056 0.2419099062681198 0.9364978075027466 
vn 0.00943168718367815 -0.8321740031242371 0.5544344186782837 
vn 0.00943168718367815 -0.8321740031242371 0.5544344186782837 
vn 0.08073391765356064 0.21938014030456543 0.9722933769226074 
vn -0.25387293100357056 0.2419099062681198 0.9364978075027466 
vn -0.6382432579994202 0.3061664402484894 0.7063339352607727 
vn 0.00943168718367815 -0.8321740031242371 0.5544344186782837 
vn -0.46982690691947937 -0.3543804883956909 0.8085030317306519 
vn 0.08073391765356064 0.21938014030456543 0.9722933769226074 
vn -0.5722183585166931 0.5975577235221863 0.5616858005523682 
vn -0.6333472728729248 0.6386898159980774 -0.43697428703308105 
vn -0.7652583718299866 0.048977021127939224 0.641857385635376 
vn -0.6447089910507202 0.05282364413142204 -0.762600839138031 
vn -0.6934139132499695 -0.05286667123436928 -0.7185974717140198 
vn -0.7167202234268188 -0.022599220275878906 0.6969945430755615 
vn -0.7374376058578491 -0.030202258378267288 -0.67473965883255 
vn -0.6952646374702454 -0.06776715070009232 0.715552031993866 
vn -0.6666374206542969 -1.3787602515854397e-13 -0.7453821301460266 
vn -0.6857817769050598 -0.015068487264215946 0.7276512384414673 
vn -0.7349278926849365 -0.06787800788879395 -0.67473965883255 
vn -0.5956596732139587 -0.28446322679519653 0.7511792182922363 
vn -0.6739728450775146 -0.7233315110206604 0.15017375349998474 
vn -0.5872772932052612 -0.5792637467384338 -0.5652954578399658 
vn -0.45819082856178284 0.08610134571790695 0.8846737742424011 
vn 0.6224914789199829 0.6545072793960571 0.42909738421440125 
vn 0.5718677639961243 0.10487229377031326 0.8136147856712341 
vn 0.02073335275053978 0.7377645373344421 0.67473965883255 
vn 0.37074294686317444 -0.015036925673484802 0.9286137819290161 
vn 0.003720331471413374 -0.08283961564302444 0.9965559244155884 
vn 0.8533479571342468 -0.007541326340287924 0.5212872624397278 
vn 0.3046102225780487 0.07448388636112213 0.949560284614563 
vn 0.9274629354476929 0.06031656637787819 0.3690181374549866 
vn 0.31005480885505676 0.12486433982849121 0.9424833655357361 
vn 0.06776296347379684 -0.7553112506866455 0.651853621006012 
vn 0.42465177178382874 -0.6550610065460205 0.6249527335166931 
vn 0.7601754069328308 -0.12020900845527649 0.6385006904602051 
vn 0.06969641149044037 0.7377119660377502 0.6715083718299866 
vn 0.03004106879234314 0.2954179346561432 0.9548956751823425 
vn 0.07519238442182541 -0.6721577644348145 0.736579954624176 
vn 0.0036530625075101852 0.03475656732916832 0.999389111995697 
vn -0.007540889084339142 -0.7200755476951599 0.6938546895980835 
vn 0.05087456852197647 -0.6548365950584412 0.7540562748908997 
vn -0.11060192435979843 0.04025581106543541 0.9930492043495178 
vn 0.013181415386497974 -0.5741208791732788 0.8186644315719604 
vn -0.33423182368278503 -0.003763672662898898 0.9424833655357361 
vn -0.31587469577789307 -0.612462043762207 0.7246471047401428 
vn -0.7038095593452454 -0.6118955612182617 0.36088213324546814 
vn -0.9260774254798889 -0.05652588978409767 0.37307560443878174 
vn 0.039623308926820755 0.9423787593841553 0.33219319581985474 
vn -0.028155367821455002 0.3781016170978546 0.9253358840942383 
vn -0.6230186223983765 0.09390494972467422 0.7765498161315918 
vn -0.750510036945343 0.08659639954566956 0.6551609039306641 
vn 0.007439630106091499 -0.10876353830099106 0.9940398335456848 
vn -0.7913578152656555 -0.369131863117218 0.48733407258987427 
vn -0.6303580403327942 -0.2784515619277954 0.7246471047401428 
vn 0.1553669422864914 -0.11843107640743256 0.9807319641113281 
vn -0.6543918251991272 0.10879649966955185 0.7482877969741821 
vn 0.31177008152008057 0.48227372765541077 0.8186644315719604 
vn 0.2678140103816986 0.09570079296827316 0.9587059020996094 
vn -0.03901215270161629 0.20450887084007263 0.9780870079994202 
vn -0.31434565782546997 0.36486414074897766 0.8763908743858337 
vn -0.40790873765945435 0.1511375606060028 0.9004265069961548 
vn -0.4567404091358185 0.09349055588245392 0.8846737742424011 
vn -0.6720584034919739 0.22232823073863983 0.7063339352607727 
vn -0.14554087817668915 0.59895920753479 0.7874425053596497 
vn 0.016874419525265694 0.32556718587875366 0.9453682899475098 
vn -0.32477015256881714 0.48223987221717834 0.8136147856712341 
vn -0.4355906844139099 0.15498259663581848 0.8867024183273315 
vn -0.2102641761302948 0.12862960994243622 0.9691457152366638 
vn -0.2155553251504898 0.2102467268705368 0.953589141368866 
vn -0.025492655113339424 0.08801085501909256 0.9957932829856873 
vn -0.16963320970535278 0.243718683719635 0.9548956751823425 
vn -0.08109977096319199 0.8005311489105225 -0.5937783122062683 
vn -0.4384966194629669 0.824870765209198 0.3568037748336792 
vn -7.415398725835534e-14 0.7170764207839966 -0.6969945430755615 
vn 0.016996001824736595 0.6983526945114136 -0.715552031993866 
vn 0.039623308926820755 0.9423787593841553 0.33219319581985474 
vn 0.011339009739458561 0.6953338384628296 -0.7185974717140198 
vn 0.06969641149044037 0.7377119660377502 0.6715083718299866 
vn -0.011328681372106075 0.7139343023300171 -0.7001210451126099 
vn 0.6224914789199829 0.6545072793960571 0.42909738421440125 
vn 0.5712440609931946 0.5592272877693176 -0.6007870435714722 
vn -0.14554087817668915 0.59895920753479 0.7874425053596497 
vn -0.6720584034919739 0.22232823073863983 0.7063339352607727 
vn 0.02073335275053978 0.7377645373344421 0.67473965883255 
vn 0.5712440609931946 0.5592272877693176 -0.6007870435714722 
vn 0.7170366048812866 0.0075594643130898476 -0.6969945430755615 
vn -0.011328681372106075 0.7139343023300171 -0.7001210451126099 
vn -0.026441987603902817 -0.5262051820755005 -0.8499464392662048 
vn -0.048950549215078354 -0.01872199960052967 -0.9986256957054138 
vn -0.062227535992860794 -0.7557874321937561 -0.651853621006012 
vn 0.030200820416212082 -0.68209308385849 -0.7306414246559143 
vn 0.035887688398361206 -0.7100518941879272 -0.7032341957092285 
vn -0.7269841432571411 -0.08666225522756577 -0.681163489818573 
vn -0.5585960745811462 -0.593299925327301 -0.5796254277229309 
vn -0.6817172765731812 0.03774409741163254 -0.7306414246559143 
vn 0.6259799003601074 -0.5899080634117126 -0.5100564956665039 
vn 0.011339009739458561 0.6953338384628296 -0.7185974717140198 
vn 0.016996001824736595 0.6983526945114136 -0.715552031993866 
vn -7.415398725835534e-14 0.7170764207839966 -0.6969945430755615 
vn -0.7033278346061707 -0.045309681445360184 -0.7094202041625977 
vn -0.08109977096319199 0.8005311489105225 -0.5937783122062683 
vn 0.11674169450998306 0.8264373540878296 -0.5507928133010864 
vn -0.6091341376304626 0.5450791120529175 -0.5760593414306641 
vn 0.37074294686317444 -0.015036925673484802 0.9286137819290161 
vn 0.8533479571342468 -0.007541326340287924 0.5212872624397278 
vn 0.5718677639961243 0.10487229377031326 0.8136147856712341 
vn 0.5712440609931946 0.5592272877693176 -0.6007870435714722 
vn 0.6224914789199829 0.6545072793960571 0.42909738421440125 
vn 0.7170366048812866 0.0075594643130898476 -0.6969945430755615 
vn 0.9274629354476929 0.06031656637787819 0.3690181374549866 
vn 0.7601754069328308 -0.12020900845527649 0.6385006904602051 
vn 0.31005480885505676 0.12486433982849121 0.9424833655357361 
vn 0.6259799003601074 -0.5899080634117126 -0.5100564956665039 
vn 0.42465177178382874 -0.6550610065460205 0.6249527335166931 
vn 0.5985326170921326 -0.5492352247238159 0.5831804275512695 
vn 0.047059692442417145 -0.733592689037323 0.677958071231842 
vn 0.5273827314376831 -0.6007681488990784 -0.6007870435714722 
vn 0.022626446560025215 -0.6431332230567932 0.7654199600219727 
vn -0.033983927220106125 -0.8481127619743347 -0.528724730014801 
vn -0.0037799933925271034 -0.7291382551193237 -0.6843559741973877 
vn 0.028249165043234825 -0.7225878834724426 0.6907016038894653 
vn -0.5610806345939636 -0.5544130802154541 0.6146662831306458 
vn 0.017000393941998482 -0.7466432452201843 -0.6650074124336243 
vn -0.5632686614990234 -0.6060012578964233 -0.5616858005523682 
vn 0.5708450675010681 -0.5161906480789185 0.6385006904602051 
vn -0.056478891521692276 -0.7056220769882202 0.7063339352607727 
vn 0.6424512267112732 -0.6037164926528931 -0.4719987213611603 
vn 0.018900826573371887 -0.6856868267059326 -0.7276512384414673 
vn -0.04145428165793419 -0.7309567928314209 0.681163489818573 
vn -0.024537187069654465 -0.7579477429389954 -0.651853621006012 
vn -0.5807222723960876 -0.592726469039917 0.5580654144287109 
vn -0.5924926400184631 -0.5124897360801697 -0.6215357780456543 
vn 0.7425786852836609 0.27385106682777405 -0.6112139225006104 
vn 0.7822008728981018 0.16497494280338287 -0.6007870435714722 
vn 0.6040717363357544 -0.5506840944290161 -0.5760593414306641 
vn 0.005448473151773214 -0.0068321689032018185 -0.999961793422699 
vn 0.020793093368411064 -0.7013711929321289 -0.7124928832054138 
vn 0.009445318020880222 -0.6890553832054138 -0.7246471047401428 
vn -0.028212295845150948 -0.11873221397399902 -0.9925254583358765 
vn 0.01888980157673359 -0.7045325636863708 -0.7094202041625977 
vn 0.7379012703895569 -0.015104292891919613 -0.67473965883255 
vn 0.7319754362106323 0.01510604377835989 -0.681163489818573 
vn 0.005448473151773214 -0.0068321689032018185 -0.999961793422699 
vn 0.033460833132267 -0.02807697281241417 -0.9990455508232117 
vn 0.7560949325561523 -0.2595677077770233 -0.6007870435714722 
vn -0.3353407680988312 0.31262415647506714 -0.888714075088501 
vn 0.05240868031978607 0 -0.9986256957054138 
vn -0.015103636309504509 0.6729561686515808 -0.7395281791687012 
vn -0.6665945649147034 0.007560499478131533 -0.7453821301460266 
vn -0.607122004032135 0.5510597825050354 -0.5724822878837585 
vn 0.017476677894592285 0 -0.9998472929000854 
vn 0.4063224196434021 -0.25132259726524353 -0.8784868121147156 
vn 0.013233121484518051 -0.701554536819458 -0.7124928832054138 
vn -0.01889326237142086 -0.6565380096435547 -0.7540562748908997 
vn -0.8041939735412598 -0.026444725692272186 -0.5937783122062683 
vn -0.5888085961341858 -0.6208404302597046 -0.5175535082817078 
vn -0.8551177978515625 0.03019716963171959 -0.5175535082817078 
vn -0.5358759164810181 0.5639179944992065 -0.6283578276634216 
vn -0.6825942993164062 -0.01510410662740469 -0.7306414246559143 
vn 0.05286211892962456 0.7391089797019958 -0.6715083718299866 
vn -0.022633099928498268 0.17674513161182404 -0.9839963912963867 
vn 0.02266654558479786 0.8367336988449097 -0.5471406579017639 
vn 0.015102004632353783 0.692115068435669 -0.7216291427612305 
vn 0.722507655620575 -0.030231598764657974 -0.6907016038894653 
vn 0.5823653936386108 0.5663489699363708 -0.5831804275512695 
vn -0.4567404091358185 0.09349055588245392 0.8846737742424011 
vn -0.4355906844139099 0.15498259663581848 0.8867024183273315 
vn -0.31434565782546997 0.36486414074897766 0.8763908743858337 
vn -0.60517817735672 -0.5531938076019287 0.5724822878837585 
vn 0.022980179637670517 0.05191262438893318 0.9983872175216675 
vn -0.3378468155860901 -0.018771525472402573 0.9410139322280884 
vn -0.22020314633846283 0.018742049112915993 0.9752739667892456 
vn -0.0732208788394928 -0.591016411781311 0.8033295273780823 
vn 0.003762831911444664 -0.39524441957473755 0.9185682535171509 
vn 0.018751874566078186 0.3171766698360443 0.9481810927391052 
vn -0.02824818156659603 -0.7345576286315918 0.677958071231842 
vn -0.06401319801807404 -0.6956202983856201 0.715552031993866 
vn 0.07338593900203705 0.7102429270744324 0.7001210451126099 
vn 0.6105352640151978 0.5319786667823792 0.5867242813110352 
vn 0.7289923429489136 -0.015069231390953064 0.6843559741973877 
vn 0.5584475994110107 -0.6104468107223511 0.5616858005523682 
vn 0.08103980123996735 0.9274920225143433 0.3649536371231079 
vn 0.05651627853512764 0.7974088191986084 0.6007870435714722 
vn 0.08841413259506226 0.7474082708358765 0.6584556698799133 
vn -0.18235042691230774 0.634411633014679 0.7511792182922363 
vn -0.6878902316093445 0.6225926876068115 0.37307560443878174 
vn -0.8910542130470276 -0.033924806863069534 0.45262736082077026 
vn -0.9684871435165405 0.015100936405360699 0.24860523641109467 
vn 0.6221187710762024 -0.5340714454650879 -0.5724822878837585 
vn 0.7493990659713745 0.18710586428642273 -0.6351318359375 
vn 0.035904914140701294 -0.7007600665092468 -0.7124928832054138 
vn 0.004369377624243498 0 -0.9999904632568359 
vn 0.7992663979530334 -0.015105373226106167 -0.6007870435714722 
vn 0.7007383704185486 0.07542353868484497 -0.7094202041625977 
vn 0.5779946446418762 0.5779946446418762 -0.5760593414306641 
vn 0.05853917822241783 0.6992331743240356 -0.7124928832054138 
vn -0.0650511160492897 -0.007603385020047426 -0.9978529810905457 
vn -0.564895749092102 0.5942699909210205 -0.5724822878837585 
vn -0.7635540962219238 -0.0264537762850523 -0.6452018022537231 
vn -0.7170366048812866 -0.0075594643130898476 -0.6969945430755615 
vn -0.5731911063194275 -0.6132565140724182 -0.5434780716896057 
vn 0.7205082774162292 0.6844741106033325 0.1111890971660614 
vn 0.21720871329307556 0.6929036974906921 0.6875353455543518 
vn 0.5779946446418762 0.5779946446418762 -0.5760593414306641 
vn 0.08102831244468689 0.9946988224983215 -0.0633138045668602 
vn 0.05853917822241783 0.6992331743240356 -0.7124928832054138 
vn 0.03391040861606598 0.7070660591125488 0.7063339352607727 
vn -0.1497841626405716 0.695000946521759 0.7032341957092285 
vn -0.6532021760940552 0.7412550449371338 0.15449213981628418 
vn -0.564895749092102 0.5942699909210205 -0.5724822878837585 
vn 0.6768978834152222 -0.7329593896865845 0.06767380982637405 
vn 0.581102728843689 -0.5784320831298828 -0.5724822878837585 
vn 0.14594706892967224 -0.6926700472831726 0.7063339352607727 
vn -0.13157083094120026 -0.9150952100753784 0.3811691105365753 
vn -0.05847904458642006 -0.6961073875427246 -0.715552031993866 
vn -0.07732153683900833 -0.7067410945892334 -0.7032341957092285 
vn -0.04905903339385986 -0.9673616886138916 0.24860523641109467 
vn -0.05477041006088257 -0.6995384693145752 -0.7124928832054138 
vn -0.15292392671108246 -0.6216473579406738 0.7682244777679443 
vn -0.12232241034507751 -0.9857433438301086 0.11553031951189041 
vn -0.07537275552749634 -0.6785882711410522 -0.7306414246559143 
vn -0.5872772932052612 -0.5792637467384338 -0.5652954578399658 
vn -0.6739728450775146 -0.7233315110206604 0.15017375349998474 
vn 0.03948693722486496 -0.39731475710868835 0.916832447052002 
vn -0.43436920642852783 -0.3917834460735321 0.8110666871070862 
vn -0.08375299721956253 -0.3573020100593567 0.9302261471748352 
vn 0.0018827214371412992 -0.4854215383529663 0.87427818775177 
vn -0.3023916780948639 -0.6192300319671631 0.7246471047401428 
vn 0.6977896094322205 0.20095965266227722 0.6875353455543518 
vn 0.005310330539941788 0.030116379261016846 0.9995322823524475 
vn 0.21720871329307556 0.6929036974906921 0.6875353455543518 
vn -0.06244703009724617 -0.05455832928419113 0.9965559244155884 
vn 0.03391040861606598 0.7070660591125488 0.7063339352607727 
vn 0.6880882382392883 0.03769780695438385 0.7246471047401428 
vn -0.04547286406159401 -0.1085612028837204 0.9930492043495178 
vn -0.08242509514093399 -0.12293938547372818 0.9889853596687317 
vn 0.1477680802345276 -0.03701397404074669 0.9883291721343994 
vn 0.8666214346885681 0.01508502196520567 0.4987381398677826 
vn 0.1398962140083313 -0.28987863659858704 0.946783721446991 
vn 0.7701388597488403 -0.45335450768470764 0.4487268626689911 
vn -0.03764728456735611 -0.6655735373497009 0.7453821301460266 
vn -0.28400301933288574 -0.015009274706244469 0.9587059020996094 
vn -0.06046048551797867 0.0800626203417778 0.994954526424408 
vn -0.2228979617357254 -0.232200488448143 0.946783721446991 
vn -0.22670641541481018 -0.507956326007843 0.8310141563415527 
vn -0.11857933551073074 -0.12123222649097443 0.9855159521102905 
vn -0.06348048895597458 -0.30709195137023926 0.949560284614563 
vn 0.1298547089099884 -0.014899440109729767 0.991421103477478 
vn 0.009100671857595444 -0.05161247402429581 0.9986256957054138 
vn -0.3037063777446747 -0.32231584191322327 0.8965907096862793 
vn -0.014896565116941929 -0.10360788553953171 0.9945066571235657 
vn 0.125958651304245 0.07773292064666748 0.9889853596687317 
vn 0.2565433979034424 0.05965660884976387 0.9646899104118347 
vn 0.29175692796707153 0.10308428853750229 0.9509214162826538 
vn 0.4553603231906891 0.5882770419120789 0.6682642698287964 
vn 0.1959148347377777 0.1275264173746109 0.9722933769226074 
vn -0.06834679841995239 -0.038751062005758286 0.9969087839126587 
vn -0.2189815640449524 -0.12209820747375488 0.9680594801902771 
vn -0.07180942595005035 -0.13434599339962006 0.9883291721343994 
vn -0.03710568696260452 -0.06426893174648285 0.9972425103187561 
vn 0.07401520758867264 -0.07401520758867264 0.9945066571235657 
vn 0.10096806287765503 -0.25235939025878906 0.962351381778717 
vn -0.45622900128364563 -0.07492643594741821 0.8867024183273315 
vn -0.48788148164749146 0.2671836316585541 0.8310141563415527 
vn -0.6259306073188782 -0.030159996822476387 0.7792953848838806 
vn 0.16100649535655975 0.06567858904600143 0.9847655892372131 
vn -0.023692212998867035 0.031373560428619385 0.9992268681526184 
vn -0.09920551627874374 0.09788248687982559 0.9902410507202148 
vn -0.8792368769645691 -0.022646022960543633 0.4758462607860565 
vn -0.7016692161560059 0.003768170950934291 0.7124928832054138 
vn 0.03472769632935524 0.050311751663684845 0.9981296062469482 
vn -0.7048689126968384 -0.2797260582447052 0.651853621006012 
vn -0.1551690399646759 -0.7185370326042175 0.677958071231842 
vn -0.022502046078443527 -0.3002689480781555 0.953589141368866 
vn 0.0037324668373912573 0.13065338134765625 0.991421103477478 
vn 0.16069118678569794 -0.6798262000083923 0.715552031993866 
vn -0.06973587721586227 0.02538178488612175 0.9972425103187561 
vn 0.24669156968593597 0.044767919927835464 0.9680594801902771 
vn 0.37117835879325867 0.14712196588516235 0.916832447052002 
vn 0.8843135833740234 0.09787580370903015 0.456519216299057 
vn 0.788091242313385 -0.09773576259613037 0.607749879360199 
vn 0.7415895462036133 -0.6496248245239258 0.16742929816246033 
vn 0.06035603582859039 -0.9208551645278931 0.3852050006389618 
vn 0.7733966708183289 0.5125155448913574 0.37307560443878174 
vn 0.30351459980010986 0.6662545800209045 0.681163489818573 
vn -0.10819189250469208 0.20241279900074005 0.9733054637908936 
vn -0.11578793823719025 0.11181511729955673 0.986960232257843 
vn 0.11160313338041306 0.27066004276275635 0.9561840295791626 
vn 0.16083753108978271 0.20857782661914825 0.9646899104118347 
vn 0.03719445690512657 0.19178472459316254 0.9807319641113281 
vn -0.13812130689620972 0.20924483239650726 0.9680594801902771 
vn 0.18246982991695404 0.6445576548576355 0.7424622178077698 
vn 0.21720871329307556 0.6929036974906921 0.6875353455543518 
vn 0.6977896094322205 0.20095965266227722 0.6875353455543518 
vn 0.7205082774162292 0.6844741106033325 0.1111890971660614 
vn 0.5779946446418762 0.5779946446418762 -0.5760593414306641 
vn 0.6880882382392883 0.03769780695438385 0.7246471047401428 
vn 0.7007383704185486 0.07542353868484497 -0.7094202041625977 
vn 0.8666214346885681 0.01508502196520567 0.4987381398677826 
vn 0.7992663979530334 -0.015105373226106167 -0.6007870435714722 
vn 0.7701388597488403 -0.45335450768470764 0.4487268626689911 
vn 0.971526563167572 0.14297908544540405 0.18892620503902435 
vn 0.7493990659713745 0.18710586428642273 -0.6351318359375 
vn 0.11328297853469849 -0.2562875747680664 0.9599394202232361 
vn -0.08221937716007233 0.11252861469984055 0.9902410507202148 
vn -0.15292392671108246 -0.6216473579406738 0.7682244777679443 
vn -0.30598902702331543 -0.25020599365234375 0.9185682535171509 
vn -0.4138566553592682 -0.03379679471254349 0.9097144603729248 
vn -0.7104341983795166 0.07151065021753311 0.7001210451126099 
vn -0.1497841626405716 0.695000946521759 0.7032341957092285 
vn -0.1497841626405716 0.695000946521759 0.7032341957092285 
vn -0.7104341983795166 0.07151065021753311 0.7001210451126099 
vn -0.6532021760940552 0.7412550449371338 0.15449213981628418 
vn -0.564895749092102 0.5942699909210205 -0.5724822878837585 
vn -0.9610522389411926 -0.06031310185790062 0.26970529556274414 
vn -0.7635540962219238 -0.0264537762850523 -0.6452018022537231 
vn -0.9023728370666504 -0.14655181765556335 0.405272513628006 
vn -0.9906116127967834 -0.09045590460300446 0.10250037163496017 
vn -0.45622900128364563 -0.07492643594741821 0.8867024183273315 
vn -0.48788148164749146 0.2671836316585541 0.8310141563415527 
vn -0.6259306073188782 -0.030159996822476387 0.7792953848838806 
vn -0.7170366048812866 -0.0075594643130898476 -0.6969945430755615 
vn -0.8792368769645691 -0.022646022960543633 0.4758462607860565 
vn -0.7016692161560059 0.003768170950934291 0.7124928832054138 
vn -0.7048689126968384 -0.2797260582447052 0.651853621006012 
vn -0.5731911063194275 -0.6132565140724182 -0.5434780716896057 
vn -0.4138566553592682 -0.03379679471254349 0.9097144603729248 
vn -0.30598902702331543 -0.25020599365234375 0.9185682535171509 
vn 0.6032359004020691 0.5324788689613342 -0.5937783122062683 
vn 0.7013126015663147 -0.02268274314701557 -0.7124928832054138 
vn 0.04155344516038895 0.6941837072372437 -0.7185974717140198 
vn -0.0259205661714077 -0.0039068968035280704 -0.9996563792228699 
vn 0.03022945672273636 0.7164389491081238 -0.6969945430755615 
vn -0.019215743988752365 0.01782960444688797 -0.9996563792228699 
vn 0.5558589696884155 -0.6226139664649963 -0.5507928133010864 
vn -0.06036126986145973 -0.7236377596855164 -0.6875353455543518 
vn -0.058489132672548294 -0.6673296093940735 -0.7424622178077698 
vn -0.016820024698972702 0.054222650825977325 -0.9983872175216675 
vn -0.09784211963415146 -0.6853307485580444 -0.7216291427612305 
vn -0.003804662497714162 0.10895127803087234 -0.9940398335456848 
vn -0.06822020560503006 0.015016402117908001 -0.9975572824478149 
vn -0.07411297410726547 0.0038203089497983456 -0.9972425103187561 
vn 0.05100005492568016 0.6998234391212463 -0.7124928832054138 
vn -0.09490013867616653 0.29452070593833923 -0.9509214162826538 
vn -0.03688470646739006 0.07909950613975525 -0.9961841106414795 
vn -0.07536634057760239 -0.6881651282310486 -0.7216291427612305 
vn 0.050059832632541656 0.07149285078048706 -0.9961841106414795 
vn 0.13236108422279358 -0.09897667169570923 -0.9862475395202637 
vn -0.08283717930316925 0.003774212207645178 -0.9965559244155884 
vn 0.08595072478055954 0.015155431814491749 -0.9961841106414795 
vn -0.5026935338973999 0.04155451059341431 -0.8634653687477112 
vn 0.05281582102179527 0.8106238842010498 -0.5831804275512695 
vn -0.5937510132789612 0.6097730398178101 -0.5250110030174255 
vn -0.6141446232795715 -0.5394275188446045 -0.5760593414306641 
vn -0.738017201423645 -0.007552541792392731 -0.67473965883255 
vn 0.027301795780658722 -0.044735684990882874 -0.9986256957054138 
vn 0.015081559307873249 -0.09037882834672928 -0.9957932829856873 
vn 0.06342345476150513 0.22940415143966675 -0.9712626934051514 
vn -0.038967858999967575 0.04710404947400093 -0.9981296062469482 
vn 0.03274698182940483 -0.05671943724155426 -0.9978529810905457 
vn 0.05659943073987961 0.06060319393873215 -0.9965559244155884 
vn 0.125958651304245 0.07773292064666748 0.9889853596687317 
vn 0.1959148347377777 0.1275264173746109 0.9722933769226074 
vn 0.4553603231906891 0.5882770419120789 0.6682642698287964 
vn 0.5572586059570312 0.5505961179733276 0.6215357780456543 
vn 0.0056553976610302925 0.8148634433746338 0.5796254277229309 
vn 0.587167501449585 0.6031954288482666 -0.5398051738739014 
vn -0.02832885831594467 0.68853759765625 -0.7246471047401428 
vn -0.0188777856528759 0.7665916681289673 -0.641857385635376 
vn -0.0018861618591472507 0.8441384434700012 0.5361219048500061 
vn 0.0377805195748806 0.7160804867744446 -0.6969945430755615 
vn 0.0018900235882028937 0.723137378692627 -0.6907016038894653 
vn 0.011314481496810913 0.6890272498130798 0.7246471047401428 
vn -0.028319157660007477 0.9912998676300049 -0.12854042649269104 
vn -0.5705246925354004 0.5038902759552002 0.6485338807106018 
vn -0.7878555655479431 0.6003826856613159 0.1372016966342926 
vn -0.5569354891777039 0.6343470215797424 -0.5361219048500061 
vn -0.03210311755537987 0.37778690457344055 -0.9253358840942383 
vn 0.5584475994110107 -0.6104468107223511 0.5616858005523682 
vn 0.5558589696884155 -0.6226139664649963 -0.5507928133010864 
vn 0.7289923429489136 -0.015069231390953064 0.6843559741973877 
vn 0.7013126015663147 -0.02268274314701557 -0.7124928832054138 
vn 0.6105352640151978 0.5319786667823792 0.5867242813110352 
vn 0.6032359004020691 0.5324788689613342 -0.5937783122062683 
vn 0.42685845494270325 0.015031591057777405 0.9041935205459595 
vn 0.7315099835395813 0.03015616536140442 0.681163489818573 
vn 0.011185226030647755 0.1302272230386734 0.991421103477478 
vn 0.5572586059570312 0.5505961179733276 0.6215357780456543 
vn 0.0056553976610302925 0.8148634433746338 0.5796254277229309 
vn 0.005641140975058079 0.3052225112915039 0.9522643685340881 
vn -0.0018861618591472507 0.8441384434700012 0.5361219048500061 
vn 0.003741374472156167 0.17384697496891022 0.9847655892372131 
vn 0.011314481496810913 0.6890272498130798 0.7246471047401428 
vn 0.005333262961357832 -0.025665070861577988 0.9996563792228699 
vn -0.5705246925354004 0.5038902759552002 0.6485338807106018 
vn -0.7191281318664551 -0.03768790885806084 0.6938546895980835 
vn -0.7008599042892456 -0.03390049934387207 0.7124928832054138 
vn 0.10901768505573273 0 0.9940398335456848 
vn 0.023941023275256157 -0.09294475615024567 0.9953833818435669 
vn -0.15263731777668 -0.26437559723854065 0.9522643685340881 
vn -0.18881064653396606 -0.1649588942527771 0.9680594801902771 
vn 0.2968461513519287 0.007522332947701216 0.9548956751823425 
vn 0.0402631014585495 -0.062339477241039276 0.9972425103187561 
vn 0.005654999054968357 -0.7140017747879028 0.7001210451126099 
vn -0.25697386264801025 -0.03367356210947037 0.9658315181732178 
vn -0.48264628648757935 -0.5465431809425354 0.6843559741973877 
vn -0.2537393867969513 -0.6199727058410645 0.7424622178077698 
vn -0.0018777163932099938 -0.36698195338249207 0.9302261471748352 
vn 0.18441741168498993 -0.08702867478132248 0.9789873361587524 
vn 0.14155066013336182 0.08531852811574936 0.9862475395202637 
vn -0.09380850195884705 -0.10306639224290848 0.9902410507202148 
vn 0.010799530893564224 -0.03323753923177719 0.999389111995697 
vn -0.6819186210632324 -0.033913321793079376 0.7306414246559143 
vn -0.02261935919523239 -0.7197597026824951 0.6938546895980835 
vn -0.6142520308494568 -0.5542594790458679 0.5616858005523682 
vn 0.10837531834840775 -0.2898331880569458 0.9509214162826538 
vn 0.2819252610206604 0.03743170574307442 0.9587059020996094 
vn 0.11315476894378662 -0.11447910219430923 0.986960232257843 
vn -0.2789664566516876 -0.5836246609687805 0.762600839138031 
vn 0.30711159110069275 -0.8572691082954407 0.41324591636657715 
vn 0.44237881898880005 -0.1903681606054306 0.8763908743858337 
vn 0.4632337689399719 -0.05259987339377403 0.8846737742424011 
vn -0.3254646956920624 0.01874738745391369 0.9453682899475098 
vn -0.7003046870231628 -0.28343886137008667 0.6551609039306641 
vn -0.6921508312225342 0.1753787398338318 0.7001210451126099 
vn -0.19946277141571045 -0.3504921793937683 0.9150791168212891 
vn 0.6084325909614563 -0.6351221203804016 0.4758462607860565 
vn -0.5938938856124878 -0.7231041789054871 0.3527185618877411 
vn -0.12039253860712051 -0.8951988816261292 0.42909738421440125 
vn -0.46732866764068604 -0.07878787070512772 0.8805659413337708 
vn -0.03377530351281166 -0.27816465497016907 0.9599394202232361 
vn -0.4165504574775696 0.23398007452487946 0.8784868121147156 
vn -0.04146937280893326 -0.9041740298271179 0.42514660954475403 
vn 0.27524039149284363 -0.6521772146224976 0.7063339352607727 
vn 0.7011058330535889 -0.09768815338611603 0.7063339352607727 
vn 0.7855154275894165 0.030155496671795845 0.6181069612503052 
vn 0.9309033155441284 0.015095614828169346 0.3649536371231079 
vn -0.023692212998867035 0.031373560428619385 0.9992268681526184 
vn -0.3037063777446747 -0.32231584191322327 0.8965907096862793 
vn 0.009100671857595444 -0.05161247402429581 0.9986256957054138 
vn -0.3037063777446747 -0.32231584191322327 0.8965907096862793 
vn -0.014896565116941929 -0.10360788553953171 0.9945066571235657 
vn -0.023692212998867035 0.031373560428619385 0.9992268681526184 
vn 0.11621249467134476 0.23636429011821747 0.9646899104118347 
vn 0.1355677992105484 0.15801012516021729 0.9780870079994202 
vn 0.18246982991695404 0.6445576548576355 0.7424622178077698 
vn 0.30351459980010986 0.6662545800209045 0.681163489818573 
vn 0.6701629161834717 0.11263547837734222 0.7336177229881287 
vn 0.7733966708183289 0.5125155448913574 0.37307560443878174 
vn 0.971526563167572 0.14297908544540405 0.18892620503902435 
vn 0.7493990659713745 0.18710586428642273 -0.6351318359375 
vn -0.06046048551797867 0.0800626203417778 0.994954526424408 
vn 0.11621249467134476 0.23636429011821747 0.9646899104118347 
vn -0.03764728456735611 -0.6655735373497009 0.7453821301460266 
vn 0.1355677992105484 0.15801012516021729 0.9780870079994202 
vn 0.6701629161834717 0.11263547837734222 0.7336177229881287 
vn 0.7701388597488403 -0.45335450768470764 0.4487268626689911 
vn 0.971526563167572 0.14297908544540405 0.18892620503902435 
vn -0.06046048551797867 0.0800626203417778 0.994954526424408 
vn 0.18246982991695404 0.6445576548576355 0.7424622178077698 
vn 0.11621249467134476 0.23636429011821747 0.9646899104118347 
vn 0.1298547089099884 -0.014899440109729767 0.991421103477478 
vn -0.22670641541481018 -0.507956326007843 0.8310141563415527 
vn 0.10226210951805115 0.10094310343265533 0.9896226525306702 
vn -0.06046048551797867 0.0800626203417778 0.994954526424408 
vn 0.1298547089099884 -0.014899440109729767 0.991421103477478 
vn 0.10226210951805115 0.10094310343265533 0.9896226525306702 
vn 0.18246982991695404 0.6445576548576355 0.7424622178077698 
vn -0.06046048551797867 0.0800626203417778 0.994954526424408 
vn 0.37117835879325867 0.14712196588516235 0.916832447052002 
vn 0.7733966708183289 0.5125155448913574 0.37307560443878174 
vn 0.8843135833740234 0.09787580370903015 0.456519216299057 
vn 0.7493990659713745 0.18710586428642273 -0.6351318359375 
vn 0.6221187710762024 -0.5340714454650879 -0.5724822878837585 
vn 0.788091242313385 -0.09773576259613037 0.607749879360199 
vn 0.7415895462036133 -0.6496248245239258 0.16742929816246033 
vn 0.7415895462036133 -0.6496248245239258 0.16742929816246033 
vn 0.6221187710762024 -0.5340714454650879 -0.5724822878837585 
vn 0.16069118678569794 -0.6798262000083923 0.715552031993866 
vn 0.035904914140701294 -0.7007600665092468 -0.7124928832054138 
vn 0.06035603582859039 -0.9208551645278931 0.3852050006389618 
vn -0.1551690399646759 -0.7185370326042175 0.677958071231842 
vn -0.022502046078443527 -0.3002689480781555 0.953589141368866 
vn -0.5731911063194275 -0.6132565140724182 -0.5434780716896057 
vn -0.7048689126968384 -0.2797260582447052 0.651853621006012 
vn 0.5558589696884155 -0.6226139664649963 -0.5507928133010864 
vn 0.5584475994110107 -0.6104468107223511 0.5616858005523682 
vn -0.06036126986145973 -0.7236377596855164 -0.6875353455543518 
vn -0.06401319801807404 -0.6956202983856201 0.715552031993866 
vn -0.02824818156659603 -0.7345576286315918 0.677958071231842 
vn -0.024536479264497757 -0.993496298789978 -0.1111890971660614 
vn -0.07917039096355438 -0.993929922580719 0.0763898640871048 
vn -0.14475643634796143 -0.9826995134353638 0.11553031951189041 
vn -0.0732208788394928 -0.591016411781311 0.8033295273780823 
vn -0.11303174495697021 -0.9887313842773438 0.0981530249118805 
vn -0.60517817735672 -0.5531938076019287 0.5724822878837585 
vn -0.6141446232795715 -0.5394275188446045 -0.5760593414306641 
vn -0.07536634057760239 -0.6881651282310486 -0.7216291427612305 
vn -0.09784211963415146 -0.6853307485580444 -0.7216291427612305 
vn -0.058489132672548294 -0.6673296093940735 -0.7424622178077698 
vn 0.003762831911444664 -0.39524441957473755 0.9185682535171509 
vn 0.5833105444908142 -0.5726293921470642 -0.5760593414306641 
vn 0.7355162501335144 -0.6741187572479248 0.06767380982637405 
vn 0.7231398820877075 0 -0.6907016038894653 
vn 0.7011058330535889 -0.09768815338611603 0.7063339352607727 
vn 0.7855154275894165 0.030155496671795845 0.6181069612503052 
vn 0.7077176570892334 0.015101514756679535 -0.7063339352607727 
vn 0.722507655620575 0.030231598764657974 -0.6907016038894653 
vn 0.9309033155441284 0.015095614828169346 0.3649536371231079 
vn 0.6975384950637817 0.03775421902537346 -0.715552031993866 
vn 0.7315099835395813 0.03015616536140442 0.681163489818573 
vn 0.5572586059570312 0.5505961179733276 0.6215357780456543 
vn 0.587167501449585 0.6031954288482666 -0.5398051738739014 
vn 0.27524039149284363 -0.6521772146224976 0.7063339352607727 
vn 0.2968461513519287 0.007522332947701216 0.9548956751823425 
vn 0.42685845494270325 0.015031591057777405 0.9041935205459595 
vn 0.722507655620575 0.030231598764657974 -0.6907016038894653 
vn 0.6975384950637817 0.03775421902537346 -0.715552031993866 
vn 0.1121673658490181 -0.058213021606206894 -0.9919826984405518 
vn 0.587167501449585 0.6031954288482666 -0.5398051738739014 
vn 0.026213347911834717 0 -0.9996563792228699 
vn -0.02832885831594467 0.68853759765625 -0.7246471047401428 
vn -0.03474314883351326 -0.0037785451859235764 -0.999389111995697 
vn -0.005833018571138382 0.02555612474679947 -0.9996563792228699 
vn 0.7077176570892334 0.015101514756679535 -0.7063339352607727 
vn 0.030580973252654076 0 -0.9995322823524475 
vn 0.7231398820877075 0 -0.6907016038894653 
vn 0.5833105444908142 -0.5726293921470642 -0.5760593414306641 
vn 0.034004971385002136 -0.6945943832397461 -0.7185974717140198 
vn 0.03171795979142189 0.014674291014671326 -0.999389111995697 
vn 0.020825332030653954 0.09369207918643951 -0.9953833818435669 
vn 0.08826250582933426 0.19326792657375336 -0.9771679639816284 
vn -0.06549396365880966 -1.351657992482028e-14 -0.9978529810905457 
vn -0.08666383475065231 0.0297517329454422 -0.9957932829856873 
vn -0.0188777856528759 0.7665916681289673 -0.641857385635376 
vn 0.05226672440767288 0.02216300554573536 -0.9983872175216675 
vn 0.01673441007733345 0.014041837304830551 -0.9997613430023193 
vn -0.09131556749343872 0.007566623389720917 -0.9957932829856873 
vn 0.10545486211776733 -0.733454704284668 -0.6715083718299866 
vn 0.13534465432167053 -0.8448787927627563 -0.5175535082817078 
vn -0.05469702556729317 -0.741910457611084 -0.6682642698287964 
vn -0.007873271591961384 -0.0037915678694844246 -0.999961793422699 
vn -0.13048554956912994 -0.00759991817176342 -0.991421103477478 
vn 0.0018900235882028937 0.723137378692627 -0.6907016038894653 
vn 0.0377805195748806 0.7160804867744446 -0.6969945430755615 
vn -0.015745941549539566 -0.007582846097648144 -0.9998472929000854 
vn 0.01889793574810028 -0.7289031147956848 -0.6843559741973877 
vn 2.1446176269330347e-13 -0.6922798156738281 -0.7216291427612305 
vn -0.005730303004384041 0.03003930114209652 -0.9995322823524475 
vn -0.5718792676925659 -0.6012628674507141 -0.5580654144287109 
vn -0.7255223393440247 -0.03020678274333477 -0.6875353455543518 
vn 0.0106044327840209 0.007704571355134249 -0.9999141097068787 
vn -0.7251688838005066 -0.03775234892964363 -0.6875353455543518 
vn -0.7247369289398193 -0.04529383033514023 -0.6875353455543518 
vn -0.010922610759735107 -0.018918516114354134 -0.9997613430023193 
vn -0.6922798156738281 -1.431794678478926e-13 -0.7216291427612305 
vn -0.03210311755537987 0.37778690457344055 -0.9253358840942383 
vn -0.028319157660007477 0.9912998676300049 -0.12854042649269104 
vn -0.1372828632593155 0.05532996356487274 -0.9889853596687317 
vn -0.5569354891777039 0.6343470215797424 -0.5361219048500061 
vn 0.27524039149284363 -0.6521772146224976 0.7063339352607727 
vn 0.005654999054968357 -0.7140017747879028 0.7001210451126099 
vn 0.7355162501335144 -0.6741187572479248 0.06767380982637405 
vn 0.034004971385002136 -0.6945943832397461 -0.7185974717140198 
vn 0.5833105444908142 -0.5726293921470642 -0.5760593414306641 
vn -0.04146937280893326 -0.9041740298271179 0.42514660954475403 
vn -0.05469702556729317 -0.741910457611084 -0.6682642698287964 
vn -0.12039253860712051 -0.8951988816261292 0.42909738421440125 
vn -0.4010244309902191 -0.8954592943191528 0.19321508705615997 
vn -0.5938938856124878 -0.7231041789054871 0.3527185618877411 
vn 0.13534465432167053 -0.8448787927627563 -0.5175535082817078 
vn -0.19714955985546112 -0.19316819310188293 0.961154580116272 
vn -0.0056287674233317375 -0.22092759609222412 0.9752739667892456 
vn 0.03189951553940773 -0.3202857971191406 0.946783721446991 
vn -0.43436920642852783 -0.3917834460735321 0.8110666871070862 
vn -0.17449037730693817 -0.4323255717754364 0.8846737742424011 
vn -0.6739728450775146 -0.7233315110206604 0.15017375349998474 
vn -0.026441987603902817 -0.5262051820755005 -0.8499464392662048 
vn -0.062227535992860794 -0.7557874321937561 -0.651853621006012 
vn 0.6259799003601074 -0.5899080634117126 -0.5100564956665039 
vn 0.42465177178382874 -0.6550610065460205 0.6249527335166931 
vn 0.06776296347379684 -0.7553112506866455 0.651853621006012 
vn 0.07519238442182541 -0.6721577644348145 0.736579954624176 
vn -0.007540889084339142 -0.7200755476951599 0.6938546895980835 
vn 0.030200820416212082 -0.68209308385849 -0.7306414246559143 
vn 0.035887688398361206 -0.7100518941879272 -0.7032341957092285 
vn 0.05087456852197647 -0.6548365950584412 0.7540562748908997 
vn 0.062262702733278275 -0.9800154566764832 0.18892620503902435 
vn 0.013181415386497974 -0.5741208791732788 0.8186644315719604 
vn -0.31587469577789307 -0.612462043762207 0.7246471047401428 
vn -0.5585960745811462 -0.593299925327301 -0.5796254277229309 
vn -0.7038095593452454 -0.6118955612182617 0.36088213324546814 
vn 0.6105352640151978 0.5319786667823792 0.5867242813110352 
vn 0.07338593900203705 0.7102429270744324 0.7001210451126099 
vn 0.6032359004020691 0.5324788689613342 -0.5937783122062683 
vn 0.04155344516038895 0.6941837072372437 -0.7185974717140198 
vn 0.03022945672273636 0.7164389491081238 -0.6969945430755615 
vn 0.08103980123996735 0.9274920225143433 0.3649536371231079 
vn 0.05100005492568016 0.6998234391212463 -0.7124928832054138 
vn 0.05651627853512764 0.7974088191986084 0.6007870435714722 
vn 0.08841413259506226 0.7474082708358765 0.6584556698799133 
vn 0.05281582102179527 0.8106238842010498 -0.5831804275512695 
vn -0.18235042691230774 0.634411633014679 0.7511792182922363 
vn -0.6878902316093445 0.6225926876068115 0.37307560443878174 
vn -0.5937510132789612 0.6097730398178101 -0.5250110030174255 
vn 0.018751874566078186 0.3171766698360443 0.9481810927391052 
vn -0.5937510132789612 0.6097730398178101 -0.5250110030174255 
vn -0.6878902316093445 0.6225926876068115 0.37307560443878174 
vn -0.738017201423645 -0.007552541792392731 -0.67473965883255 
vn -0.8910542130470276 -0.033924806863069534 0.45262736082077026 
vn -0.9684871435165405 0.015100936405360699 0.24860523641109467 
vn -0.60517817735672 -0.5531938076019287 0.5724822878837585 
vn -0.3378468155860901 -0.018771525472402573 0.9410139322280884 
vn -0.6141446232795715 -0.5394275188446045 -0.5760593414306641 
vn -0.5026935338973999 0.04155451059341431 -0.8634653687477112 
vn -0.08283717930316925 0.003774212207645178 -0.9965559244155884 
vn -0.5937510132789612 0.6097730398178101 -0.5250110030174255 
vn 0.6479591131210327 0.4856990873813629 -0.5867242813110352 
vn -0.4753861129283905 0.6523839235305786 -0.590256929397583 
vn 0.5894895792007446 -0.5734643340110779 -0.5688942670822144 
vn -0.5872772932052612 -0.5792637467384338 -0.5652954578399658 
vn -0.5495963096618652 0.6468338966369629 0.528724730014801 
vn -0.4753861129283905 0.6523839235305786 -0.590256929397583 
vn 0.5793030261993408 0.5232992172241211 0.6249527335166931 
vn 0.6479591131210327 0.4856990873813629 -0.5867242813110352 
vn 0.5917988419532776 -0.5851295590400696 0.5544344186782837 
vn 0.8484916687011719 0.022627273574471474 0.528724730014801 
vn 0.5726293921470642 -0.5833105444908142 -0.5760593414306641 
vn 0.5640702247619629 0.5880979299545288 -0.5796254277229309 
vn 0.7530848979949951 0.21576936542987823 0.6215357780456543 
vn 0.6911559700965881 0.7111826539039612 0.12854042649269104 
vn 0.6479591131210327 0.4856990873813629 -0.5867242813110352 
vn 0.5793030261993408 0.5232992172241211 0.6249527335166931 
vn 0.5894895792007446 -0.5734643340110779 -0.5688942670822144 
vn 0.5922966599464417 -0.5669644474983215 0.5724822878837585 
vn 0.7530848979949951 0.21576936542987823 0.6215357780456543 
vn 0.6911559700965881 0.7111826539039612 0.12854042649269104 
vn 0.11257516592741013 0.7204052805900574 0.6843559741973877 
vn 0.5640702247619629 0.5880979299545288 -0.5796254277229309 
vn -0.03203457221388817 0.7133051753044128 0.7001210451126099 
vn 0.003776367986574769 0.7140141725540161 -0.7001210451126099 
vn -0.0508304089307785 0.7623194456100464 0.6452018022537231 
vn -0.08663313090801239 0.9541574120521545 0.2864931523799896 
vn -0.09135085344314575 0.4050612151622772 0.9097144603729248 
vn -0.08246999233961105 0.50143963098526 0.8612531423568726 
vn -0.03768790885806084 0.7191281318664551 0.6938546895980835 
vn -0.0321170836687088 0.7343986630439758 -0.677958071231842 
vn -0.5422003269195557 0.5462011098861694 0.6385006904602051 
vn -0.6326263546943665 0.565892219543457 -0.528724730014801 
vn 0.7530848979949951 0.21576936542987823 0.6215357780456543 
vn 0.15159977972507477 0.014931275509297848 0.9883291721343994 
vn 0.11257516592741013 0.7204052805900574 0.6843559741973877 
vn -0.029053686186671257 0.026485934853553772 0.9992268681526184 
vn -0.02623797580599785 -0.3166452944278717 0.9481810927391052 
vn 0.0037589154671877623 -0.24645988643169403 0.9691457152366638 
vn -0.06976287066936493 -0.8948408365249634 0.4409002661705017 
vn -0.06593929976224899 -0.7380572557449341 0.6715083718299866 
vn -0.06586454063653946 0.0698123350739479 0.9953833818435669 
vn -0.1127086877822876 -0.7019675374031067 0.7032341957092285 
vn 0.8484916687011719 0.022627273574471474 0.528724730014801 
vn 0.5917988419532776 -0.5851295590400696 0.5544344186782837 
vn -0.026388395577669144 -0.7316555976867676 0.681163489818573 
vn -0.03203457221388817 0.7133051753044128 0.7001210451126099 
vn -0.09135085344314575 0.4050612151622772 0.9097144603729248 
vn -0.0508304089307785 0.7623194456100464 0.6452018022537231 
vn -0.08246999233961105 0.50143963098526 0.8612531423568726 
vn -0.017673155292868614 0.012840298935770988 0.9997613430023193 
vn -0.03768790885806084 0.7191281318664551 0.6938546895980835 
vn -0.7103176712989807 -0.030173923820257187 0.7032341957092285 
vn -0.5422003269195557 0.5462011098861694 0.6385006904602051 
vn -0.6599260568618774 0.015080578625202179 0.7511792182922363 
vn -0.7086483240127563 -0.1716812551021576 0.6843559741973877 
vn -0.11080096662044525 -0.7176477313041687 0.6875353455543518 
vn 0.003771807299926877 -0.7611764073371887 0.6485338807106018 
vn -0.12588363885879517 -0.011116852052509785 0.9919826984405518 
vn 0.5726293921470642 -0.5833105444908142 -0.5760593414306641 
vn 0.5640702247619629 0.5880979299545288 -0.5796254277229309 
vn 0.005665153730660677 -0.7200927138328552 -0.6938546895980835 
vn 0.003776367986574769 0.7140141725540161 -0.7001210451126099 
vn -0.00566583126783371 -0.6985365152359009 -0.715552031993866 
vn -0.09853561222553253 0.018873991444706917 -0.994954526424408 
vn -0.07727548480033875 -0.7159568071365356 -0.6938546895980835 
vn 0.0661967322230339 0.022304276004433632 -0.9975572824478149 
vn -0.5773306488990784 -0.5960304737091064 -0.5580654144287109 
vn -0.1523333042860031 -3.150604777069077e-14 -0.9883291721343994 
vn -0.9138142466545105 0.026414481922984123 -0.405272513628006 
vn -0.6326263546943665 0.565892219543457 -0.528724730014801 
vn -0.0321170836687088 0.7343986630439758 -0.677958071231842 
vn -0.5495963096618652 0.6468338966369629 0.528724730014801 
vn 0.5793030261993408 0.5232992172241211 0.6249527335166931 
vn -0.5782053470611572 -0.5742063522338867 0.5796254277229309 
vn 0.5922966599464417 -0.5669644474983215 0.5724822878837585 
vn -0.5872772932052612 -0.5792637467384338 -0.5652954578399658 
vn -0.5782053470611572 -0.5742063522338867 0.5796254277229309 
vn 0.5894895792007446 -0.5734643340110779 -0.5688942670822144 
vn 0.5922966599464417 -0.5669644474983215 0.5724822878837585 
vn 0.5726293921470642 -0.5833105444908142 -0.5760593414306641 
vn 0.005665153730660677 -0.7200927138328552 -0.6938546895980835 
vn 0.5917988419532776 -0.5851295590400696 0.5544344186782837 
vn -0.026388395577669144 -0.7316555976867676 0.681163489818573 
vn -0.06976287066936493 -0.8948408365249634 0.4409002661705017 
vn -0.06593929976224899 -0.7380572557449341 0.6715083718299866 
vn -0.00566583126783371 -0.6985365152359009 -0.715552031993866 
vn -0.1127086877822876 -0.7019675374031067 0.7032341957092285 
vn -0.07727548480033875 -0.7159568071365356 -0.6938546895980835 
vn 0.003771807299926877 -0.7611764073371887 0.6485338807106018 
vn -0.11080096662044525 -0.7176477313041687 0.6875353455543518 
vn -0.5773306488990784 -0.5960304737091064 -0.5580654144287109 
vn -0.6438977122306824 -0.7598643898963928 0.08945280313491821 
vn -0.7086483240127563 -0.1716812551021576 0.6843559741973877 
vn -0.0018777163932099938 -0.36698195338249207 0.9302261471748352 
vn -0.2789664566516876 -0.5836246609687805 0.762600839138031 
vn -0.2537393867969513 -0.6199727058410645 0.7424622178077698 
vn -0.48264628648757935 -0.5465431809425354 0.6843559741973877 
vn -0.25697386264801025 -0.03367356210947037 0.9658315181732178 
vn -0.6921508312225342 0.1753787398338318 0.7001210451126099 
vn -0.4165504574775696 0.23398007452487946 0.8784868121147156 
vn -0.19946277141571045 -0.3504921793937683 0.9150791168212891 
vn -0.46732866764068604 -0.07878787070512772 0.8805659413337708 
vn -0.5938938856124878 -0.7231041789054871 0.3527185618877411 
vn -0.4010244309902191 -0.8954592943191528 0.19321508705615997 
vn 0.13534465432167053 -0.8448787927627563 -0.5175535082817078 
vn -0.19946277141571045 -0.3504921793937683 0.9150791168212891 
vn 0.43648552894592285 -0.8716040253639221 0.22312943637371063 
vn 0.6084325909614563 -0.6351221203804016 0.4758462607860565 
vn 0.30711159110069275 -0.8572691082954407 0.41324591636657715 
vn 0.10545486211776733 -0.733454704284668 -0.6715083718299866 
vn 0.01889793574810028 -0.7289031147956848 -0.6843559741973877 
vn 2.1446176269330347e-13 -0.6922798156738281 -0.7216291427612305 
vn -0.02261935919523239 -0.7197597026824951 0.6938546895980835 
vn -0.5718792676925659 -0.6012628674507141 -0.5580654144287109 
vn -0.6142520308494568 -0.5542594790458679 0.5616858005523682 
vn 0.4632337689399719 -0.05259987339377403 0.8846737742424011 
vn 0.6084325909614563 -0.6351221203804016 0.4758462607860565 
vn 0.44237881898880005 -0.1903681606054306 0.8763908743858337 
vn 0.30711159110069275 -0.8572691082954407 0.41324591636657715 
vn 0.5718792676925659 -0.6012628674507141 -0.5580654144287109 
vn 0.7139841914176941 0.007552630268037319 -0.7001210451126099 
vn -0.5727882981300354 -0.568779706954956 -0.590256929397583 
vn -0.33108264207839966 -0.33909863233566284 -0.8805659413337708 
vn 0.7016385793685913 0.007562085520476103 -0.7124928832054138 
vn 0.5927922129631042 0.5554260015487671 -0.5831804275512695 
vn 0.009449859149754047 0.7230781316757202 -0.6907016038894653 
vn -0.033992521464824677 -0.7039655447006226 -0.7094202041625977 
vn -0.047228217124938965 0.7000880837440491 -0.7124928832054138 
vn -0.564895749092102 -0.5942699909210205 -0.5724822878837585 
vn -0.6270126104354858 0.5283173322677612 -0.5724822878837585 
vn 0.04524806886911392 0.9594829678535461 0.2781098484992981 
vn -0.007547336630523205 0.8071801662445068 0.590256929397583 
vn -0.09089735150337219 0.3259302079677582 0.9410139322280884 
vn 0.046815961599349976 0.2847628891468048 0.9574540853500366 
vn -0.04313615337014198 0.05494324862957001 0.9975572824478149 
vn 0.009418121539056301 0.7350402474403381 0.677958071231842 
vn 0.010758893564343452 0.037813588976860046 0.9992268681526184 
vn 0.17146378755569458 0.664171576499939 0.7276512384414673 
vn 0.7231478691101074 0.1866074800491333 0.6650074124336243 
vn 0.7259942889213562 0.015081694349646568 0.6875353455543518 
vn -0.04873188957571983 0.0500468909740448 0.9975572824478149 
vn -0.018844101577997208 0.7076278924942017 0.7063339352607727 
vn -0.00376924779266119 0.707868754863739 0.7063339352607727 
vn -0.5718942284584045 0.5585623979568481 0.6007870435714722 
vn -0.6605172157287598 -0.09012475609779358 0.7453821301460266 
vn -0.7214818596839905 -0.04894024506211281 0.6907016038894653 
vn -0.09383104741573334 0.08465228229761124 0.9919826984405518 
vn -0.796529233455658 0.06779462844133377 0.6007870435714722 
vn -0.6775485873222351 -0.3071657121181488 0.6682642698287964 
vn -0.13811153173446655 -0.20416122674942017 0.9691457152366638 
vn -0.1353262960910797 -0.8833634257316589 0.4487268626689911 
vn -0.12197200208902359 -0.6941511631011963 0.7094202041625977 
vn 0.015004503540694714 -0.267179936170578 0.9635298252105713 
vn 0.039298977702856064 -0.29011669754981995 0.9561840295791626 
vn -0.015098275616765022 -0.8793988823890686 0.4758462607860565 
vn -0.01885702833533287 -0.8954225182533264 0.44481781125068665 
vn 0.5878545045852661 -0.6025259494781494 0.5398051738739014 
vn 0.7231478691101074 0.1866074800491333 0.6650074124336243 
vn 0.17146378755569458 0.664171576499939 0.7276512384414673 
vn 0.6872463226318359 0.7219228744506836 0.08074574917554855 
vn 0.5386828184127808 0.6080472469329834 -0.5831804275512695 
vn 0.009418121539056301 0.7350402474403381 0.677958071231842 
vn 0.035887688398361206 0.7100518941879272 -0.7032341957092285 
vn 0.07351943850517273 0.7163522243499756 -0.6938546895980835 
vn 0.022628750652074814 0.9458076357841492 0.3239381015300751 
vn -0.007547336630523205 0.8071801662445068 0.590256929397583 
vn 0.046815961599349976 0.2847628891468048 0.9574540853500366 
vn 0.04524806886911392 0.9594829678535461 0.2781098484992981 
vn -0.018844101577997208 0.7076278924942017 0.7063339352607727 
vn 0.022650761529803276 0.6919091939926147 -0.7216291427612305 
vn -0.00376924779266119 0.707868754863739 0.7063339352607727 
vn -0.04721352085471153 0.7335827946662903 -0.677958071231842 
vn -0.6824221014976501 0.7037711143493652 -0.1975002884864807 
vn -0.13326489925384521 0.6227177381515503 -0.7710143327713013 
vn -0.09089735150337219 0.3259302079677582 0.9410139322280884 
vn -0.5718942284584045 0.5585623979568481 0.6007870435714722 
vn -0.5569354891777039 0.6343470215797424 -0.5361219048500061 
vn -0.6922798156738281 -1.431794678478926e-13 -0.7216291427612305 
vn -0.7878555655479431 0.6003826856613159 0.1372016966342926 
vn -0.5705246925354004 0.5038902759552002 0.6485338807106018 
vn -0.7191281318664551 -0.03768790885806084 0.6938546895980835 
vn -0.7247369289398193 -0.04529383033514023 -0.6875353455543518 
vn -0.2632809281349182 -0.0075213308446109295 0.9646899104118347 
vn -0.7251688838005066 -0.03775234892964363 -0.6875353455543518 
vn -0.7008599042892456 -0.03390049934387207 0.7124928832054138 
vn -0.7255223393440247 -0.03020678274333477 -0.6875353455543518 
vn -0.6819186210632324 -0.033913321793079376 0.7306414246559143 
vn -0.5718792676925659 -0.6012628674507141 -0.5580654144287109 
vn -0.6142520308494568 -0.5542594790458679 0.5616858005523682 
vn 0.035887688398361206 0.7100518941879272 -0.7032341957092285 
vn 0.024595506489276886 0.11510159820318222 -0.9930492043495178 
vn 0.5386828184127808 0.6080472469329834 -0.5831804275512695 
vn 0.6934139132499695 0.05286667123436928 -0.7185974717140198 
vn 0.007515863515436649 0.047453295439481735 -0.9988451600074768 
vn 0.0038889264687895775 0.01703849993646145 -0.9998472929000854 
vn 0.003785256529226899 -0.15660449862480164 -0.9876541495323181 
vn 0.07351943850517273 0.7163522243499756 -0.6938546895980835 
vn -0.012935593724250793 -0.032465893775224686 -0.999389111995697 
vn 0.022650761529803276 0.6919091939926147 -0.7216291427612305 
vn -0.04721352085471153 0.7335827946662903 -0.677958071231842 
vn -0.02396346628665924 -0.04660924896597862 -0.9986256957054138 
vn -0.13326489925384521 0.6227177381515503 -0.7710143327713013 
vn -0.7311509847640991 0.12039432674646378 -0.6715083718299866 
vn -0.6824221014976501 0.7037711143493652 -0.1975002884864807 
vn -0.8485738635063171 0.09045431762933731 -0.5212872624397278 
vn -0.6941397786140442 -0.1537257879972458 -0.7032341957092285 
vn 0.09753510355949402 -0.05777013301849365 -0.9935539960861206 
vn -0.06600389629602432 -0.7291499972343445 -0.681163489818573 
vn 0.03400775045156479 -0.7283545732498169 -0.6843559741973877 
vn 0.0723077803850174 -0.05627940595149994 -0.9957932829856873 
vn -0.011328564956784248 -0.7379688620567322 -0.67473965883255 
vn 0.01696353405714035 -0.1252298355102539 -0.9919826984405518 
vn -0.05017128586769104 -0.04209870845079422 -0.9978529810905457 
vn -0.08483070880174637 -0.7058791518211365 -0.7032341957092285 
vn -0.015044965781271458 -0.03632176294922829 -0.9992268681526184 
vn -0.0623062439262867 -0.6989075541496277 -0.7124928832054138 
vn 0.5640702247619629 -0.5880979299545288 -0.5796254277229309 
vn -0.67608642578125 -0.6734166741371155 -0.2990269064903259 
vn 0.5386828184127808 0.6080472469329834 -0.5831804275512695 
vn 0.6934139132499695 0.05286667123436928 -0.7185974717140198 
vn 0.6872463226318359 0.7219228744506836 0.08074574917554855 
vn 0.7231478691101074 0.1866074800491333 0.6650074124336243 
vn 0.7259942889213562 0.015081694349646568 0.6875353455543518 
vn 0.5640702247619629 -0.5880979299545288 -0.5796254277229309 
vn 0.5878545045852661 -0.6025259494781494 0.5398051738739014 
vn -0.7191281318664551 -0.03768790885806084 0.6938546895980835 
vn -0.2632809281349182 -0.0075213308446109295 0.9646899104118347 
vn -0.7008599042892456 -0.03390049934387207 0.7124928832054138 
vn 0.12648461759090424 -0.05851801484823227 -0.9902410507202148 
vn 0.6777129769325256 0.08287449926137924 -0.7306414246559143 
vn 0.5148341655731201 0.6507755517959595 -0.5580654144287109 
vn -0.06065128743648529 -0.007662039250135422 -0.9981296062469482 
vn -0.10168968886137009 0.6879512667655945 -0.7185974717140198 
vn -0.11273520439863205 -0.03382439538836479 -0.9930492043495178 
vn 0.7107909917831421 0.0678723081946373 -0.7001210451126099 
vn 0.5844892859458923 -0.5604702234268188 -0.5867242813110352 
vn -0.15369383990764618 -0.6782299876213074 -0.7185974717140198 
vn -0.15936113893985748 -0.7176188826560974 -0.677958071231842 
vn -0.08026409894227982 -0.060192760080099106 -0.994954526424408 
vn -0.28110557794570923 -0.1389780044555664 -0.949560284614563 
vn -0.22099877893924713 -0.09922393411397934 -0.9702134728431702 
vn -0.23609524965286255 -0.030130280181765556 -0.9712626934051514 
vn -0.1740855723619461 -0.7141898274421692 -0.677958071231842 
vn -0.090473473072052 -0.7113460302352905 -0.6969945430755615 
vn -0.1309240311384201 -0.06904265284538269 -0.9889853596687317 
vn -0.04532512277364731 0.7541285157203674 -0.6551609039306641 
vn 0.0982593521475792 -0.06479518115520477 -0.9930492043495178 
vn 0.024555232375860214 -0.6261755228042603 -0.7792953848838806 
vn 0.050059832632541656 0.07149285078048706 -0.9961841106414795 
vn 0.0321032777428627 -0.6691182255744934 -0.7424622178077698 
vn 0.0557425320148468 -0.04899079352617264 -0.9972425103187561 
vn 0.003777019213885069 -0.7526100873947144 -0.6584556698799133 
vn 0.06571978330612183 0.043056242167949677 -0.9969087839126587 
vn 0.07729364186525345 -0.6751524209976196 -0.7336177229881287 
vn 0.03199442848563194 0.11326814442873001 -0.9930492043495178 
vn -0.017005037516355515 -0.7107548713684082 -0.7032341957092285 
vn -0.032082781195640564 -0.7432318329811096 -0.6682642698287964 
vn -0.0037933827843517065 0.02151334285736084 -0.9997613430023193 
vn 0.014939445070922375 -0.041045788675546646 -0.9990455508232117 
vn -0.0037806248292326927 0.6859368681907654 -0.7276512384414673 
vn 0.007669857237488031 -0.038558974862098694 -0.9992268681526184 
vn -0.7077196836471558 -0.47685685753822327 -0.5212872624397278 
vn -0.4704674780368805 0.659101665019989 -0.5867242813110352 
vn -0.11663056164979935 0.6759593486785889 -0.7276512384414673 
vn -0.22638411819934845 0.6771858930587769 -0.7001210451126099 
vn -0.12215184420347214 0.7338268160820007 -0.6682642698287964 
vn -0.01701335422694683 0.70147305727005 -0.7124928832054138 
vn 0.5148341655731201 0.6507755517959595 -0.5580654144287109 
vn 0.5337819457054138 0.612354040145874 0.5831804275512695 
vn 0.6777129769325256 0.08287449926137924 -0.7306414246559143 
vn 0.7069576978683472 0.07531588524580002 0.7032341957092285 
vn 0.7107909917831421 0.0678723081946373 -0.7001210451126099 
vn 0.6185805201530457 -0.5639106631278992 0.5471406579017639 
vn 0.5844892859458923 -0.5604702234268188 -0.5867242813110352 
vn -0.11145439743995667 -0.39172157645225525 0.913308322429657 
vn -0.005660545080900192 -0.9717638492584229 0.23588760197162628 
vn 0.08799002319574356 -0.4459771513938904 0.8907088041305542 
vn -0.026392387226223946 -0.6261007785797119 0.7792953848838806 
vn 0.003777019213885069 -0.7526100873947144 -0.6584556698799133 
vn 0.07729364186525345 -0.6751524209976196 -0.7336177229881287 
vn 0.0321032777428627 -0.6691182255744934 -0.7424622178077698 
vn 0.024555232375860214 -0.6261755228042603 -0.7792953848838806 
vn -0.1740855723619461 -0.7141898274421692 -0.677958071231842 
vn 0.16068851947784424 -0.6701236963272095 0.7246471047401428 
vn 0.09592099487781525 -0.8525248169898987 0.5138099193572998 
vn -0.090473473072052 -0.7113460302352905 -0.6969945430755615 
vn 0.07901778072118759 -0.6652112603187561 0.7424622178077698 
vn -0.15936113893985748 -0.7176188826560974 -0.677958071231842 
vn 0.007538923062384129 -0.7438857555389404 0.6682642698287964 
vn -0.15369383990764618 -0.6782299876213074 -0.7185974717140198 
vn 0.5844892859458923 -0.5604702234268188 -0.5867242813110352 
vn 0.6185805201530457 -0.5639106631278992 0.5471406579017639 
vn -0.06395663321018219 -0.7142185568809509 0.6969945430755615 
vn -0.032050736248493195 -0.7040566205978394 0.7094202041625977 
vn -0.017005037516355515 -0.7107548713684082 -0.7032341957092285 
vn -0.032082781195640564 -0.7432318329811096 -0.6682642698287964 
vn -0.02639746479690075 -0.7607279419898987 0.6485338807106018 
vn -0.022588886320590973 -0.5845174193382263 0.8110666871070862 
vn -0.04894706979393959 -0.6483502984046936 0.7597671151161194 
vn -0.2673179507255554 -0.8422493934631348 0.46814218163490295 
vn -0.7077196836471558 -0.47685685753822327 -0.5212872624397278 
vn -0.7127894759178162 -0.13865894079208374 0.6875353455543518 
vn 0.5640702247619629 -0.5880979299545288 -0.5796254277229309 
vn 0.5878545045852661 -0.6025259494781494 0.5398051738739014 
vn -0.0623062439262867 -0.6989075541496277 -0.7124928832054138 
vn -0.01885702833533287 -0.8954225182533264 0.44481781125068665 
vn -0.08297525346279144 -0.9965491890907288 -0.002184694167226553 
vn -0.015098275616765022 -0.8793988823890686 0.4758462607860565 
vn -0.08483070880174637 -0.7058791518211365 -0.7032341957092285 
vn -0.011328564956784248 -0.7379688620567322 -0.67473965883255 
vn -0.12197200208902359 -0.6941511631011963 0.7094202041625977 
vn 0.03400775045156479 -0.7283545732498169 -0.6843559741973877 
vn -0.1353262960910797 -0.8833634257316589 0.4487268626689911 
vn -0.2661832869052887 -0.9241859316825867 0.27391019463539124 
vn -0.6775485873222351 -0.3071657121181488 0.6682642698287964 
vn -0.67608642578125 -0.6734166741371155 -0.2990269064903259 
vn -0.06600389629602432 -0.7291499972343445 -0.681163489818573 
vn 0.7228413224220276 0.5736876726150513 0.3852050006389618 
vn 0.16802097856998444 0.6780518293380737 0.715552031993866 
vn 0.7099574208259583 0.03771103173494339 0.7032341957092285 
vn -0.32084059715270996 -0.3274883031845093 0.888714075088501 
vn -0.029053686186671257 0.026485934853553772 0.9992268681526184 
vn -0.681289792060852 -0.16792285442352295 0.7124928832054138 
vn -0.09030436724424362 -0.7051997780799866 0.7032341957092285 
vn -0.6331924200057983 -0.6825512647628784 0.3649536371231079 
vn 0.7914294600486755 0.007546052802354097 0.6112139225006104 
vn 0.651945948600769 0.0451689139008522 0.7569189071655273 
vn 0.04897981509566307 -0.696840226650238 0.715552031993866 
vn 0.6707744002342224 -0.5814563035964966 0.46040233969688416 
vn 0.03584244102239609 0.9254681468009949 0.37712597846984863 
vn -0.024392424151301384 0.36617523431777954 0.9302261471748352 
vn 0.04526299238204956 0.9021234512329102 0.42909738421440125 
vn -0.018756689503788948 0.28378015756607056 0.9587059020996094 
vn -0.020333990454673767 -0.01654292829334736 0.9996563792228699 
vn -0.03578227013349533 -0.700766384601593 0.7124928832054138 
vn 0.015036527067422867 0.2629587948322296 0.9646899104118347 
vn -0.020722026005387306 0.701373279094696 0.7124928832054138 
vn -0.058419376611709595 0.9069255590438843 0.417220801115036 
vn -0.6171941161155701 0.5359356999397278 0.5760593414306641 
vn -0.5622498989105225 -0.5755887031555176 0.5937783122062683 
vn 0.5337819457054138 0.612354040145874 0.5831804275512695 
vn 0.7069576978683472 0.07531588524580002 0.7032341957092285 
vn 0.011311312206089497 0.7320439219474792 0.681163489818573 
vn 0.0709143728017807 -0.021874185651540756 0.9972425103187561 
vn 0.14633378386497498 0.022235412150621414 0.9889853596687317 
vn 0.007538923062384129 -0.7438857555389404 0.6682642698287964 
vn 0.07901778072118759 -0.6652112603187561 0.7424622178077698 
vn 0.09592099487781525 -0.8525248169898987 0.5138099193572998 
vn 0.16068851947784424 -0.6701236963272095 0.7246471047401428 
vn 0.0430842787027359 -0.007189494092017412 0.9990455508232117 
vn -0.11145439743995667 -0.39172157645225525 0.913308322429657 
vn 0.08799002319574356 -0.4459771513938904 0.8907088041305542 
vn -0.06973587721586227 0.02538178488612175 0.9972425103187561 
vn -0.026392387226223946 -0.6261007785797119 0.7792953848838806 
vn -0.06395663321018219 -0.7142185568809509 0.6969945430755615 
vn -0.10882552713155746 0.7087705135345459 0.6969945430755615 
vn -0.07901673763990402 0.6940761208534241 0.715552031993866 
vn -0.032050736248493195 -0.7040566205978394 0.7094202041625977 
vn -0.13668696582317352 0.7101041674613953 0.6907016038894653 
vn -0.24394972622394562 0.6677950024604797 0.7032341957092285 
vn -0.02639746479690075 -0.7607279419898987 0.6485338807106018 
vn -0.003704126225784421 0.08719801157712936 0.9961841106414795 
vn -0.022588886320590973 -0.5845174193382263 0.8110666871070862 
vn -0.04894706979393959 -0.6483502984046936 0.7597671151161194 
vn -0.4496975541114807 0.6734439134597778 0.5867242813110352 
vn -0.7127894759178162 -0.13865894079208374 0.6875353455543518 
vn -0.2673179507255554 -0.8422493934631348 0.46814218163490295 
vn 0.6185805201530457 -0.5639106631278992 0.5471406579017639 
vn -0.005660545080900192 -0.9717638492584229 0.23588760197162628 
vn -0.022583846002817154 0.450111985206604 0.8926864862442017 
vn -0.09300406277179718 0.35920286178588867 0.9286137819290161 
vn 0.06310801208019257 0.07231375575065613 0.9953833818435669 
vn 0.048792775720357895 0.39223918318748474 0.9185682535171509 
vn 0.016967330127954483 0.9276458024978638 0.37307560443878174 
vn 0.009431672282516956 0.8994245529174805 0.43697428703308105 
vn -0.024464106187224388 0.38644659519195557 0.9219872951507568 
vn -0.7577454447746277 0.14976449310779572 0.6351318359375 
vn -0.11645843088626862 0.737700879573822 0.6650074124336243 
vn 0.7228413224220276 0.5736876726150513 0.3852050006389618 
vn 0.7099574208259583 0.03771103173494339 0.7032341957092285 
vn 0.5927922129631042 0.5554260015487671 -0.5831804275512695 
vn 0.7016385793685913 0.007562085520476103 -0.7124928832054138 
vn 0.7914294600486755 0.007546052802354097 0.6112139225006104 
vn 0.7139841914176941 0.007552630268037319 -0.7001210451126099 
vn 0.651945948600769 0.0451689139008522 0.7569189071655273 
vn 0.5718792676925659 -0.6012628674507141 -0.5580654144287109 
vn 0.6707744002342224 -0.5814563035964966 0.46040233969688416 
vn 0.5512356162071228 0.639306366443634 -0.5361219048500061 
vn 0.6849812865257263 0.07541356980800629 -0.7246471047401428 
vn -0.05094776302576065 0.6966991424560547 -0.715552031993866 
vn -0.11433938145637512 -0.0718441978096962 -0.990840494632721 
vn -0.04907960817217827 0.7030748128890991 -0.7094202041625977 
vn -0.005833018571138382 0.02555612474679947 -0.9996563792228699 
vn 0.009349584579467773 -0.03367416188120842 -0.999389111995697 
vn -0.02077905274927616 0.6792446374893188 -0.7336177229881287 
vn -0.1559189409017563 0.015118928626179695 -0.9876541495323181 
vn 0.6996834874153137 0.052885424345731735 -0.7124928832054138 
vn 0.581102728843689 -0.5784320831298828 -0.5724822878837585 
vn -0.10621902346611023 0.09022325277328491 -0.9902410507202148 
vn -0.05847904458642006 -0.6961073875427246 -0.715552031993866 
vn -0.3069719076156616 -0.13226239383220673 -0.9424833655357361 
vn -0.07400673627853394 0.12818342447280884 -0.9889853596687317 
vn 0.008738672360777855 0 -0.999961793422699 
vn -0.04571657255291939 0.08930559456348419 -0.994954526424408 
vn -0.058741308748722076 -0.08663694560527802 -0.9945066571235657 
vn -0.1053701713681221 -0.7762669324874878 -0.6215357780456543 
vn 0.10136289894580841 -0.23852679133415222 -0.9658315181732178 
vn 0.1055101677775383 -0.8689544200897217 -0.4835140109062195 
vn 0.20351924002170563 -0.22753575444221497 -0.9522643685340881 
vn 0.06040516495704651 -0.7145277261734009 -0.6969945430755615 
vn -0.06065128743648529 -0.007662039250135422 -0.9981296062469482 
vn -0.020787417888641357 -0.7228410243988037 -0.6907016038894653 
vn 0.009469754062592983 0.16500352323055267 -0.9862475395202637 
vn -0.6823854446411133 0.0226538497954607 -0.7306414246559143 
vn -0.5717373490333557 -0.577076256275177 -0.5831804275512695 
vn -0.5896886587142944 0.5549972057342529 -0.5867242813110352 
vn -0.6430259346961975 -0.11658220738172531 -0.7569189071655273 
vn 0.08456040918827057 -0.09391384571790695 -0.9919826984405518 
vn 0.05418951064348221 0.20102070271968842 -0.9780870079994202 
vn 0.04301641881465912 0.0075849550776183605 -0.9990455508232117 
vn -0.888504683971405 0.07541807740926743 -0.45262736082077026 
vn 0.09271006286144257 0.2510280907154083 -0.9635298252105713 
vn 0.08694453537464142 0.0076066614128649235 -0.9961841106414795 
vn 0.028265181928873062 0.14088338613510132 -0.9896226525306702 
vn -0.038869064301252365 -0.028240028768777847 -0.9988451600074768 
vn -0.022711819037795067 0.21125087141990662 -0.9771679639816284 
vn 0.7228413224220276 0.5736876726150513 0.3852050006389618 
vn 0.16802097856998444 0.6780518293380737 0.715552031993866 
vn 0.5927922129631042 0.5554260015487671 -0.5831804275512695 
vn 0.04526299238204956 0.9021234512329102 0.42909738421440125 
vn 0.009449859149754047 0.7230781316757202 -0.6907016038894653 
vn 0.03584244102239609 0.9254681468009949 0.37712597846984863 
vn -0.058419376611709595 0.9069255590438843 0.417220801115036 
vn -0.024392424151301384 0.36617523431777954 0.9302261471748352 
vn -0.047228217124938965 0.7000880837440491 -0.7124928832054138 
vn -0.020722026005387306 0.701373279094696 0.7124928832054138 
vn -0.6171941161155701 0.5359356999397278 0.5760593414306641 
vn -0.6270126104354858 0.5283173322677612 -0.5724822878837585 
vn 0.6026272773742676 0.5559715628623962 0.5724822878837585 
vn -0.0018850171472877264 0.7140216827392578 0.7001210451126099 
vn 0.5654257535934448 -0.5760993361473083 0.590256929397583 
vn 0.0037707537412643433 -0.6985492706298828 0.715552031993866 
vn -0.580379068851471 0.5683843493461609 0.5831804275512695 
vn -0.7554799914360046 -0.0037733386270701885 0.6551609039306641 
vn -0.601007878780365 -0.5650049448013306 0.5652954578399658 
vn 0.617391049861908 0.3462955951690674 0.7063339352607727 
vn 0.05900802090764046 0.028416765853762627 0.9978529810905457 
vn -0.005655984859913588 0.726128876209259 0.6875353455543518 
vn 0.12798596918582916 0.09761690348386765 0.986960232257843 
vn -0.015066036023199558 0.6952630877494812 0.7185974717140198 
vn 0.022980179637670517 0.05191262438893318 0.9983872175216675 
vn 0.1856772005558014 0.07335323095321655 0.97986900806427 
vn 0.18305346369743347 0.03712610527873039 0.9824016690254211 
vn 0.0738425999879837 0.007389066740870476 0.9972425103187561 
vn 0.39117276668548584 0.007517166901379824 0.9202865362167358 
vn 0.14349712431430817 -0.007458101492375135 0.9896226525306702 
vn 0.46178948879241943 0.022568529471755028 0.8867024183273315 
vn 0.050857316702604294 -0.7363015413284302 0.67473965883255 
vn 0.7082989811897278 0.09023896604776382 0.7001210451126099 
vn 0.5861195921897888 -0.5661255717277527 0.5796254277229309 
vn 0.7371581196784973 0.07532866299152374 0.6715083718299866 
vn 0.9347996115684509 0.06789036095142365 0.34862664341926575 
vn 0.06210911273956299 -0.6894880533218384 0.7216291427612305 
vn 0.07100430876016617 -0.3641906678676605 0.9286137819290161 
vn -0.06586454063653946 0.0698123350739479 0.9953833818435669 
vn 0.07306185364723206 -0.40471354126930237 0.9115201234817505 
vn -0.24083362519741058 0.2434937208890915 0.9395264387130737 
vn -0.3682388663291931 -0.6629381775856018 0.651853621006012 
vn -0.28905677795410156 0.1415865272283554 0.946783721446991 
vn -0.11849579215049744 -0.8916345834732056 0.43697428703308105 
vn -0.17372623085975647 -0.007481016684323549 0.9847655892372131 
vn -0.1519465148448944 -0.8303526639938354 0.5361219048500061 
vn -0.2228950411081314 -0.2812235355377197 0.933397650718689 
vn -0.6908952593803406 -0.6655584573745728 0.28230419754981995 
vn -0.7332248091697693 -0.23387651145458221 0.6385006904602051 
vn -0.030547374859452248 -0.0628199502825737 0.9975572824478149 
vn -0.32404837012290955 0.1108272597193718 0.9395264387130737 
vn -0.08702847361564636 -0.2751502990722656 0.9574540853500366 
vn -0.04131616652011871 -0.39309704303741455 0.9185682535171509 
vn 0.0950569361448288 -0.3753713369369507 0.9219872951507568 
vn -0.32799914479255676 -0.2735884487628937 0.9041935205459595 
vn 0.027951136231422424 -0.15851877629756927 0.986960232257843 
vn -0.7045334577560425 -0.018857628107070923 0.7094202041625977 
vn -0.09411801397800446 -0.8906620740890503 0.44481781125068665 
vn 0.03506825119256973 0.03894723951816559 0.9986256957054138 
vn -0.08993452042341232 -0.06900918483734131 0.9935539960861206 
vn 0.08446048945188522 -0.021991802379488945 0.9961841106414795 
vn 0.03484489023685455 -0.055455323308706284 0.9978529810905457 
vn 0.07293028384447098 -0.12879891693592072 0.9889853596687317 
vn 0.10118548572063446 -0.0827389657497406 0.991421103477478 
vn -0.04140385240316391 0.08658880740404129 0.9953833818435669 
vn -0.07830242812633514 0.3334047794342041 0.9395264387130737 
vn -0.041483018547296524 0.9284959435462952 0.3690181374549866 
vn -0.1909237951040268 0.007501416373997927 0.9815762042999268 
vn -0.0037601967342197895 0.37102872133255005 0.9286137819290161 
vn -0.1216186061501503 0.06805607676506042 0.9902410507202148 
vn -0.8434579372406006 0.03394179046154022 0.5361219048500061 
vn -0.7170368432998657 -0.007534182630479336 0.6969945430755615 
vn -0.23466932773590088 0.6612746715545654 0.7124928832054138 
vn -0.7274280190467834 0.6235143542289734 0.2864931523799896 
vn -0.33108264207839966 -0.33909863233566284 -0.8805659413337708 
vn -0.033992521464824677 -0.7039655447006226 -0.7094202041625977 
vn -0.32084059715270996 -0.3274883031845093 0.888714075088501 
vn -0.03578227013349533 -0.700766384601593 0.7124928832054138 
vn -0.5622498989105225 -0.5755887031555176 0.5937783122062683 
vn -0.564895749092102 -0.5942699909210205 -0.5724822878837585 
vn -0.33108264207839966 -0.33909863233566284 -0.8805659413337708 
vn -0.32084059715270996 -0.3274883031845093 0.888714075088501 
vn -0.5727882981300354 -0.568779706954956 -0.590256929397583 
vn -0.681289792060852 -0.16792285442352295 0.7124928832054138 
vn -0.6331924200057983 -0.6825512647628784 0.3649536371231079 
vn 0.607122004032135 0.5510597825050354 -0.5724822878837585 
vn -0.0037783945444971323 0.7047756314277649 -0.7094202041625977 
vn 0.6026272773742676 0.5559715628623962 0.5724822878837585 
vn -0.0018850171472877264 0.7140216827392578 0.7001210451126099 
vn -0.44802433252334595 0.8364413380622864 -0.31565824151039124 
vn -0.580379068851471 0.5683843493461609 0.5831804275512695 
vn 0.5685882568359375 -0.5765951871871948 -0.5867242813110352 
vn 0.607122004032135 0.5510597825050354 -0.5724822878837585 
vn -0.009452504105865955 -0.7016156315803528 -0.7124928832054138 
vn -0.0037783945444971323 0.7047756314277649 -0.7094202041625977 
vn -0.013229441829025745 -0.7230188250541687 -0.6907016038894653 
vn -0.6573171615600586 0.2865881621837616 -0.6969945430755615 
vn -0.5780370831489563 -0.6020800471305847 -0.5507928133010864 
vn -0.44802433252334595 0.8364413380622864 -0.31565824151039124 
vn 0.46178948879241943 0.022568529471755028 0.8867024183273315 
vn 0.39117276668548584 0.007517166901379824 0.9202865362167358 
vn 0.9347996115684509 0.06789036095142365 0.34862664341926575 
vn 0.7371581196784973 0.07532866299152374 0.6715083718299866 
vn 0.6996834874153137 0.052885424345731735 -0.7124928832054138 
vn 0.6849812865257263 0.07541356980800629 -0.7246471047401428 
vn 0.617391049861908 0.3462955951690674 0.7063339352607727 
vn 0.6178160309791565 0.7643387317657471 0.18463370203971863 
vn 0.5512356162071228 0.639306366443634 -0.5361219048500061 
vn 0.581102728843689 -0.5784320831298828 -0.5724822878837585 
vn 0.7082989811897278 0.09023896604776382 0.7001210451126099 
vn 0.5861195921897888 -0.5661255717277527 0.5796254277229309 
vn -0.7078787684440613 -1.4640568759497624e-13 0.7063339352607727 
vn 0.02524128556251526 -0.007072276435792446 0.9996563792228699 
vn -0.7107980847358704 0.01509036123752594 0.7032341957092285 
vn 0.006553899962455034 0.011351687833666801 0.9999141097068787 
vn 0.7545472979545593 0.03771785646677017 0.6551609039306641 
vn 0.40152326226234436 0.03753974661231041 0.9150791168212891 
vn -0.06385189294815063 0.01457377802580595 0.9978529810905457 
vn 0.25473520159721375 0.06695814430713654 0.9646899104118347 
vn -0.029053686186671257 -0.026485934853553772 0.9992268681526184 
vn 0.49701517820358276 0.060057010501623154 0.865661084651947 
vn -0.056478891521692276 -0.7056220769882202 0.7063339352607727 
vn 0.5708450675010681 -0.5161906480789185 0.6385006904602051 
vn -0.5533880591392517 0.5946950912475586 0.5831804275512695 
vn 0.5798874497413635 0.5652301907539368 0.5867242813110352 
vn 0.9424415230751038 0.0828736424446106 0.3239381015300751 
vn -0.04145428165793419 -0.7309567928314209 0.681163489818573 
vn -0.10673747956752777 -0.022180303931236267 0.9940398335456848 
vn -0.743580162525177 0.02261367253959179 0.6682642698287964 
vn -0.5807222723960876 -0.592726469039917 0.5580654144287109 
vn -0.6331924200057983 -0.6825512647628784 0.3649536371231079 
vn -0.5727882981300354 -0.568779706954956 -0.590256929397583 
vn -0.09030436724424362 -0.7051997780799866 0.7032341957092285 
vn 0.04897981509566307 -0.696840226650238 0.715552031993866 
vn 0.5718792676925659 -0.6012628674507141 -0.5580654144287109 
vn 0.6707744002342224 -0.5814563035964966 0.46040233969688416 
vn -0.5533880591392517 0.5946950912475586 0.5831804275512695 
vn -0.7078787684440613 -1.4640568759497624e-13 0.7063339352607727 
vn -0.5742427110671997 0.5956125855445862 -0.5616858005523682 
vn -0.7228928804397583 -0.01889810524880886 -0.6907016038894653 
vn -0.7107980847358704 0.01509036123752594 0.7032341957092285 
vn -0.7004469633102417 0.04156792163848877 -0.7124928832054138 
vn -0.743580162525177 0.02261367253959179 0.6682642698287964 
vn -0.9928513765335083 0.06791289150714874 -0.0981530249118805 
vn -0.7230509519577026 0.01133968960493803 -0.6907016038894653 
vn -0.5924926400184631 -0.5124897360801697 -0.6215357780456543 
vn -0.5807222723960876 -0.592726469039917 0.5580654144287109 
vn 0.5798874497413635 0.5652301907539368 0.5867242813110352 
vn 0.577076256275177 0.5717373490333557 -0.5831804275512695 
vn -0.5533880591392517 0.5946950912475586 0.5831804275512695 
vn -0.5742427110671997 0.5956125855445862 -0.5616858005523682 
vn 0.577076256275177 0.5717373490333557 -0.5831804275512695 
vn 0.6823854446411133 0.0226538497954607 -0.7306414246559143 
vn -0.5742427110671997 0.5956125855445862 -0.5616858005523682 
vn -0.7228928804397583 -0.01889810524880886 -0.6907016038894653 
vn 0.701516330242157 0.015123292803764343 -0.7124928832054138 
vn -0.7004469633102417 0.04156792163848877 -0.7124928832054138 
vn -0.7230509519577026 0.01133968960493803 -0.6907016038894653 
vn 0.005448473151773214 0.0068321689032018185 -0.999961793422699 
vn -0.5924926400184631 -0.5124897360801697 -0.6215357780456543 
vn -0.024537187069654465 -0.7579477429389954 -0.651853621006012 
vn 0.018900826573371887 -0.6856868267059326 -0.7276512384414673 
vn 0.7311573624610901 0.03775104135274887 -0.681163489818573 
vn 0.62388014793396 0.1277124434709549 -0.7710143327713013 
vn 0.6424512267112732 -0.6037164926528931 -0.4719987213611603 
vn 0.5654257535934448 -0.5760993361473083 0.590256929397583 
vn 0.5685882568359375 -0.5765951871871948 -0.5867242813110352 
vn 0.6026272773742676 0.5559715628623962 0.5724822878837585 
vn 0.607122004032135 0.5510597825050354 -0.5724822878837585 
vn 0.5512356162071228 0.639306366443634 -0.5361219048500061 
vn -0.05094776302576065 0.6966991424560547 -0.715552031993866 
vn 0.6178160309791565 0.7643387317657471 0.18463370203971863 
vn -0.005655984859913588 0.726128876209259 0.6875353455543518 
vn 0.617391049861908 0.3462955951690674 0.7063339352607727 
vn -0.015066036023199558 0.6952630877494812 0.7185974717140198 
vn -0.04907960817217827 0.7030748128890991 -0.7094202041625977 
vn -0.041483018547296524 0.9284959435462952 0.3690181374549866 
vn -0.02077905274927616 0.6792446374893188 -0.7336177229881287 
vn -0.5896886587142944 0.5549972057342529 -0.5867242813110352 
vn -0.7274280190467834 0.6235143542289734 0.2864931523799896 
vn -0.23466932773590088 0.6612746715545654 0.7124928832054138 
vn -0.5780370831489563 -0.6020800471305847 -0.5507928133010864 
vn -0.601007878780365 -0.5650049448013306 0.5652954578399658 
vn -0.013229441829025745 -0.7230188250541687 -0.6907016038894653 
vn 0.0037707537412643433 -0.6985492706298828 0.715552031993866 
vn -0.009452504105865955 -0.7016156315803528 -0.7124928832054138 
vn 0.5654257535934448 -0.5760993361473083 0.590256929397583 
vn 0.5685882568359375 -0.5765951871871948 -0.5867242813110352 
vn 0.5286353826522827 0.6300030946731567 -0.5688942670822144 
vn 0.7016792893409729 0 -0.7124928832054138 
vn -0.6306610107421875 0.5160436630249023 -0.5796254277229309 
vn 0.6417840719223022 -0.4980098605155945 -0.5831804275512695 
vn -0.4963967800140381 -0.6588104963302612 -0.5652954578399658 
vn 0.635098934173584 0.4586312472820282 0.6215357780456543 
vn 0.7083970308303833 0.060293473303318024 0.7032341957092285 
vn 0.07339730858802795 0.7343971729278564 0.67473965883255 
vn -0.16242942214012146 0.6826203465461731 0.7124928832054138 
vn -0.20655491948127747 -0.02609395422041416 0.9780870079994202 
vn -0.03201152756810188 0.6360127329826355 0.7710143327713013 
vn 0.02387130819261074 -0.09744565188884735 0.994954526424408 
vn -0.4949853718280792 -0.07496943324804306 0.865661084651947 
vn 0.12118151783943176 -0.19990159571170807 0.9722933769226074 
vn -0.30287718772888184 -0.06335528939962387 0.9509214162826538 
vn 0.5526217222213745 -0.15619786083698273 0.8186644315719604 
vn 0.26245903968811035 -0.05220635235309601 0.9635298252105713 
vn -0.22611871361732483 0.05929531157016754 0.9722933769226074 
vn -0.30247563123703003 0.041244205087423325 0.9522643685340881 
vn 0.34777477383613586 0.04499533027410507 0.9364978075027466 
vn 0.290863037109375 -0.059773873537778854 0.9548956751823425 
vn 0.09171628206968307 0.22878970205783844 0.9691457152366638 
vn 0.02449897862970829 0.8119731545448303 0.5831804275512695 
vn -0.07912663370370865 0.8587234616279602 0.5062933564186096 
vn -0.04651407524943352 0.1941472589969635 0.97986900806427 
vn -0.30730411410331726 0.4370531737804413 0.8453097939491272 
vn 0.30906838178634644 0.01500740647315979 0.9509214162826538 
vn 0.43181899189949036 0.05257818102836609 0.9004265069961548 
vn -0.02050698734819889 0.1378483921289444 0.9902410507202148 
vn -0.2530519962310791 0.09921938180923462 0.962351381778717 
vn 0.20561742782592773 0.12809106707572937 0.9702134728431702 
vn 0.13923628628253937 -0.07178129255771637 0.9876541495323181 
vn 0.29406097531318665 -0.15891261398792267 0.9424833655357361 
vn 0.12401092797517776 -0.8769654631614685 0.4642767012119293 
vn -0.1758807748556137 -0.2695672810077667 0.946783721446991 
vn -0.04856365546584129 -0.2802223563194275 0.9587059020996094 
vn 0.3666880428791046 0.11123359948396683 0.9236704111099243 
vn 0.06581848859786987 -0.6093974709510803 0.790128231048584 
vn 0.32574352622032166 -0.6144174933433533 0.7185974717140198 
vn 0.8484916687011719 0.022627273574471474 0.528724730014801 
vn 0.9590979814529419 0.05278235673904419 0.2781098484992981 
vn 0.10331214964389801 -0.7065104842185974 0.7001210451126099 
vn -0.06153041496872902 0.2647523581981659 0.962351381778717 
vn -0.6680232286453247 0.19329418241977692 0.7185974717140198 
vn -0.03188108280301094 0.3655993342399597 0.9302261471748352 
vn -0.26229315996170044 -0.1203492283821106 0.9574540853500366 
vn -0.06520921736955643 0.3194158673286438 0.9453682899475098 
vn 0.46774888038635254 0.22585353255271912 0.8545181155204773 
vn 0.08647162467241287 -0.6544100046157837 0.7511792182922363 
vn -0.5418446063995361 -0.6284643411636353 0.5580654144287109 
vn -0.08783099800348282 -0.21204277873039246 0.9733054637908936 
vn -0.014931275509297848 -0.15159977972507477 0.9883291721343994 
vn -0.6080132126808167 -0.3858569264411926 0.6938546895980835 
vn -0.43877968192100525 -0.059978827834129333 0.8965907096862793 
vn -0.7316467761993408 0.14986033737659454 0.6650074124336243 
vn -0.06973587721586227 -0.02538178488612175 0.9972425103187561 
vn -0.6171941161155701 0.5359356999397278 0.5760593414306641 
vn -0.5622498989105225 -0.5755887031555176 0.5937783122062683 
vn -0.6270126104354858 0.5283173322677612 -0.5724822878837585 
vn -0.564895749092102 -0.5942699909210205 -0.5724822878837585 
vn -0.44802433252334595 0.8364413380622864 -0.31565824151039124 
vn -0.580379068851471 0.5683843493461609 0.5831804275512695 
vn -0.6573171615600586 0.2865881621837616 -0.6969945430755615 
vn -0.7554799914360046 -0.0037733386270701885 0.6551609039306641 
vn -0.5780370831489563 -0.6020800471305847 -0.5507928133010864 
vn -0.601007878780365 -0.5650049448013306 0.5652954578399658 
vn -0.6306610107421875 0.5160436630249023 -0.5796254277229309 
vn 0.5286353826522827 0.6300030946731567 -0.5688942670822144 
vn -0.4063788652420044 0.6535847783088684 0.6385006904602051 
vn 0.10728954523801804 0.9413905143737793 0.3198012113571167 
vn 0.6219604015350342 0.43882688879966736 0.6485338807106018 
vn 0.6219604015350342 0.43882688879966736 0.6485338807106018 
vn 0.6803781986236572 -0.17157910764217377 0.7124928832054138 
vn -0.4063788652420044 0.6535847783088684 0.6385006904602051 
vn -0.24545736610889435 -0.022522905841469765 0.9691457152366638 
vn -0.7219275236129761 0.15345042943954468 0.67473965883255 
vn -0.8988332152366638 -0.033946581184864044 0.43697428703308105 
vn -0.4909975230693817 -0.6597580909729004 0.5688942670822144 
vn 0.17877645790576935 -0.67205411195755 0.7185974717140198 
vn 0.7945298552513123 -0.5595349669456482 0.23588760197162628 
vn 0.7945298552513123 -0.5595349669456482 0.23588760197162628 
vn 0.6417840719223022 -0.4980098605155945 -0.5831804275512695 
vn 0.6803781986236572 -0.17157910764217377 0.7124928832054138 
vn 0.7016792893409729 0 -0.7124928832054138 
vn 0.6219604015350342 0.43882688879966736 0.6485338807106018 
vn 0.5286353826522827 0.6300030946731567 -0.5688942670822144 
vn 0.7945298552513123 -0.5595349669456482 0.23588760197162628 
vn 0.17877645790576935 -0.67205411195755 0.7185974717140198 
vn 0.6417840719223022 -0.4980098605155945 -0.5831804275512695 
vn -0.4909975230693817 -0.6597580909729004 0.5688942670822144 
vn -0.4963967800140381 -0.6588104963302612 -0.5652954578399658 
vn -0.0037601967342197895 0.37102872133255005 0.9286137819290161 
vn -0.041483018547296524 0.9284959435462952 0.3690181374549866 
vn -0.07830242812633514 0.3334047794342041 0.9395264387130737 
vn 0.4888657331466675 0.673507809638977 0.5544344186782837 
vn 0.6466935873031616 -0.015079895965754986 0.762600839138031 
vn 0.5131158828735352 0.6330453753471375 -0.5796254277229309 
vn 0.7807582020759583 0.19453507661819458 -0.5937783122062683 
vn 0.6758700013160706 0.14983677864074707 -0.7216291427612305 
vn 0.7307335734367371 0.04521825164556503 0.681163489818573 
vn 0.7095122933387756 0.04532033950090408 -0.7032341957092285 
vn 0.8551192879676819 0.030154835432767868 0.5175535082817078 
vn 0.8523306250572205 0.07530514895915985 0.5175535082817078 
vn 0.6221187710762024 -0.5340714454650879 -0.5724822878837585 
vn 0.930177628993988 -0.18742839992046356 0.31565824151039124 
vn 0.751619815826416 -0.6569567918777466 0.058952588587999344 
vn 0.5558757781982422 -0.11225072294473648 0.8236515522003174 
vn 0.32699164748191833 -0.6517156958580017 0.6843559741973877 
vn 0.5861195921897888 -0.5661255717277527 0.5796254277229309 
vn 0.050857316702604294 -0.7363015413284302 0.67473965883255 
vn 0.581102728843689 -0.5784320831298828 -0.5724822878837585 
vn -0.05847904458642006 -0.6961073875427246 -0.715552031993866 
vn 0.06210911273956299 -0.6894880533218384 0.7216291427612305 
vn -0.09411801397800446 -0.8906620740890503 0.44481781125068665 
vn -0.0584784671664238 -0.9511330127716064 0.30319350957870483 
vn 0.07100430876016617 -0.3641906678676605 0.9286137819290161 
vn 0.07306185364723206 -0.40471354126930237 0.9115201234817505 
vn -0.3682388663291931 -0.6629381775856018 0.651853621006012 
vn -0.1053701713681221 -0.7762669324874878 -0.6215357780456543 
vn 0.1055101677775383 -0.8689544200897217 -0.4835140109062195 
vn -0.11849579215049744 -0.8916345834732056 0.43697428703308105 
vn 0.06040516495704651 -0.7145277261734009 -0.6969945430755615 
vn -0.1519465148448944 -0.8303526639938354 0.5361219048500061 
vn -0.020787417888641357 -0.7228410243988037 -0.6907016038894653 
vn -0.5717373490333557 -0.577076256275177 -0.5831804275512695 
vn -0.6908952593803406 -0.6655584573745728 0.28230419754981995 
vn 0.3354164958000183 0.5910167694091797 0.7336177229881287 
vn 0.3751016855239868 0 0.926983654499054 
vn 0.07149843126535416 0.656214714050293 0.7511792182922363 
vn 0.06228801608085632 -0.15772923827171326 0.9855159521102905 
vn 0.02037659101188183 -0.12032484263181686 0.9925254583358765 
vn 0.11857933551073074 -0.12123222649097443 0.9855159521102905 
vn -0.027876662090420723 -0.13654892146587372 0.9902410507202148 
vn -0.1957853138446808 0.5587080121040344 0.8059239983558655 
vn -0.17735272645950317 -0.4921710193157196 0.8522403836250305 
vn 0.7424522638320923 0.6186152100563049 0.25706008076667786 
vn 0.7307335734367371 -0.04521825164556503 0.681163489818573 
vn -0.05667999014258385 -0.098172627389431 0.9935539960861206 
vn 0.6952646374702454 -0.06776715070009232 0.715552031993866 
vn 0.08328981697559357 -0.055931206792593 0.994954526424408 
vn 0.6985187530517578 0.007541397586464882 0.715552031993866 
vn -0.0393143892288208 -8.131124117386705e-15 0.9992268681526184 
vn 0.7041398882865906 0.030166586861014366 0.7094202041625977 
vn -0.02958367019891739 0.03213643282651901 0.9990455508232117 
vn 0.20379222929477692 0.16011932492256165 0.9658315181732178 
vn 0.1197476014494896 -0.07129676640033722 0.9902410507202148 
vn 0.05429752171039581 -0.11889498680830002 0.991421103477478 
vn -0.02827353961765766 -0.020541928708553314 0.999389111995697 
vn 0.011185226030647755 0.1302272230386734 0.991421103477478 
vn 0.18830497562885284 0.06631707400083542 0.97986900806427 
vn 0.10770606249570847 0.1196196973323822 0.986960232257843 
vn -0.017474008724093437 -0.030265869572758675 0.999389111995697 
vn 0.680626630783081 -0.30028367042541504 0.6682642698287964 
vn 0.1941821277141571 -0.19019228219985962 0.962351381778717 
vn 0.6135830283164978 0.1273365318775177 0.7792953848838806 
vn -0.28159099817276 0.13799187541007996 0.949560284614563 
vn -0.2586100697517395 -0.2546190321445465 0.931820809841156 
vn 0.1353355497121811 -0.1287292093038559 0.9824016690254211 
vn -0.06749660521745682 -0.11193054914474487 0.991421103477478 
vn -0.052306413650512695 0.2581423223018646 0.9646899104118347 
vn 0.05069795623421669 -0.3838869333267212 0.9219872951507568 
vn -0.3327632546424866 -0.2677735984325409 0.9041935205459595 
vn -0.21054913103580475 -0.264880895614624 0.9410139322280884 
vn 0.013003209605813026 -0.12134326994419098 0.9925254583358765 
vn -0.11287153512239456 0.10230080038309097 0.9883291721343994 
vn -0.2534579336643219 -0.3238674998283386 0.9115201234817505 
vn -0.6663874387741089 -0.2648138701915741 0.6969945430755615 
vn -0.2784574627876282 -0.1031293272972107 0.9548956751823425 
vn -0.9202043414115906 -0.04148828238248825 0.3892335295677185 
vn -0.3336445391178131 -0.1320992112159729 0.933397650718689 
vn -0.9383895397186279 -0.1203710287809372 0.3239381015300751 
vn -0.6088581681251526 -0.11606922745704651 0.7847417593002319 
vn -0.6057159304618835 0.5777069330215454 0.5471406579017639 
vn -0.5121636390686035 -0.060144323855638504 0.8567795157432556 
vn -0.4894867539405823 -0.3202711343765259 0.8110666871070862 
vn -0.566526472568512 -0.13068558275699615 0.8136147856712341 
vn -0.16941677033901215 0.007501212880015373 0.9855159521102905 
vn -0.5916344523429871 0.09389661252498627 0.8007197380065918 
vn 0.4477282464504242 0.30482202768325806 0.8406086564064026 
vn 0.17146378755569458 0.664171576499939 0.7276512384414673 
vn -0.30600059032440186 -0.09982086718082428 0.946783721446991 
vn 0.17809659242630005 0.19404903054237366 0.9646899104118347 
vn 0.14384284615516663 0.07224059104919434 0.986960232257843 
vn -0.013003161177039146 0.14744119346141815 0.9889853596687317 
vn -0.015056527219712734 0.3544423580169678 0.9349566102027893 
vn 0.05015791580080986 0.19323794543743134 0.97986900806427 
vn 0.19510656595230103 0.3203665316104889 0.926983654499054 
vn 0.2665638029575348 0.22149531543254852 0.9380210638046265 
vn -0.14574946463108063 -0.18276405334472656 0.9722933769226074 
vn 0.2118120640516281 0.10855620354413986 0.9712626934051514 
vn -0.2849014699459076 -0.3882913887500763 0.8763908743858337 
vn 0.02211543545126915 0.11118180304765701 0.9935539960861206 
vn 0.1725807785987854 0.10036233067512512 0.97986900806427 
vn -0.17595866322517395 -0.5391072630882263 0.8236515522003174 
vn 0.21292509138584137 -0.07351399213075638 0.9742990136146545 
vn 0.18882988393306732 0.4595613181591034 0.8678402304649353 
vn 0.07421611994504929 0.09135252237319946 0.9930492043495178 
vn -0.020394818857312202 0.1466016322374344 0.9889853596687317 
vn -0.007523417938500643 0.5268154144287109 0.8499464392662048 
vn -0.08896728605031967 -0.04637150093913078 0.994954526424408 
vn -0.018452128395438194 -0.08084405958652496 0.9965559244155884 
vn 0.7191281318664551 0.03768790885806084 0.6938546895980835 
vn -0.011301013641059399 -0.7169873714447021 0.6969945430755615 
vn 0.5839627981185913 -0.5719642043113708 0.5760593414306641 
vn 0.20905549824237823 0.09472181648015976 0.9733054637908936 
vn 0.6107119917869568 0.4949491322040558 0.6181069612503052 
vn 0.016972513869404793 -0.7694340944290161 0.6385006904602051 
vn 3.2426803077542296e-14 -0.10467331111431122 0.9945066571235657 
vn -0.01108568999916315 -0.08656974881887436 0.9961841106414795 
vn -0.08602125942707062 0.014749825932085514 0.9961841106414795 
vn 0.001878746203146875 0.3791438043117523 0.9253358840942383 
vn 0.005618908908218145 -0.20384356379508972 0.9789873361587524 
vn -0.05572463572025299 -0.010852372273802757 0.9983872175216675 
vn 0.08457809686660767 -0.6965633034706116 0.7124928832054138 
vn 0.1263735443353653 0 0.9919826984405518 
vn 0.0620337575674057 -0.5157040357589722 0.8545181155204773 
vn -0.025550030171871185 0.016804520040750504 0.9995322823524475 
vn 0.01882418990135193 -0.5486451983451843 0.8358433246612549 
vn 0.04599921405315399 0.05256957933306694 0.9975572824478149 
vn 0.1197476014494896 -0.07129676640033722 0.9902410507202148 
vn 0.159397691488266 -0.022401884198188782 0.986960232257843 
vn 0.10703755915164948 0.7420552372932434 0.661737859249115 
vn 0.10149163752794266 -0.7684987187385559 0.6317508816719055 
vn 0.11441656947135925 0.6922880411148071 0.7124928832054138 
vn 0.341422975063324 -0.17396369576454163 0.9236704111099243 
vn 0.05024470016360283 -0.23698380589485168 0.9702134728431702 
vn 0.029756659641861916 -0.007052457891404629 0.9995322823524475 
vn -0.03578227013349533 0.700766384601593 0.7124928832054138 
vn -0.7190256118774414 0.1014755442738533 0.6875353455543518 
vn -0.5376102328300476 0.6508060693740845 0.5361219048500061 
vn -0.6210177540779114 -0.052652131766080856 0.7820260524749756 
vn 0.06286835670471191 -0.08906416594982147 0.9940398335456848 
vn 0.059356916695833206 0.014630165882408619 0.9981296062469482 
vn -0.641359269618988 -0.2147282361984253 0.736579954624176 
vn -0.5498743653297424 -0.7715992331504822 0.3198012113571167 
vn 0.5823653936386108 0.5663489699363708 -0.5831804275512695 
vn 0.722507655620575 -0.030231598764657974 -0.6907016038894653 
vn 0.7424522638320923 0.6186152100563049 0.25706008076667786 
vn 0.7307335734367371 -0.04521825164556503 0.681163489818573 
vn 0.7379012703895569 -0.015104292891919613 -0.67473965883255 
vn 0.6952646374702454 -0.06776715070009232 0.715552031993866 
vn 0.6985187530517578 0.007541397586464882 0.715552031993866 
vn 0.7319754362106323 0.01510604377835989 -0.681163489818573 
vn 0.7041398882865906 0.030166586861014366 0.7094202041625977 
vn 0.7560949325561523 -0.2595677077770233 -0.6007870435714722 
vn 0.680626630783081 -0.30028367042541504 0.6682642698287964 
vn 0.6135830283164978 0.1273365318775177 0.7792953848838806 
vn 0.3354164958000183 0.5910167694091797 0.7336177229881287 
vn 0.7424522638320923 0.6186152100563049 0.25706008076667786 
vn 0.3751016855239868 0 0.926983654499054 
vn 0.5823653936386108 0.5663489699363708 -0.5831804275512695 
vn 0.015102004632353783 0.692115068435669 -0.7216291427612305 
vn 0.7424522638320923 0.6186152100563049 0.25706008076667786 
vn 0.3354164958000183 0.5910167694091797 0.7336177229881287 
vn 0.07149843126535416 0.656214714050293 0.7511792182922363 
vn 0.02266654558479786 0.8367336988449097 -0.5471406579017639 
vn -0.1957853138446808 0.5587080121040344 0.8059239983558655 
vn 0.05286211892962456 0.7391089797019958 -0.6715083718299866 
vn -0.6057159304618835 0.5777069330215454 0.5471406579017639 
vn -0.5358759164810181 0.5639179944992065 -0.6283578276634216 
vn -0.32477015256881714 0.48223987221717834 0.8136147856712341 
vn 0.2678140103816986 0.09570079296827316 0.9587059020996094 
vn -0.40790873765945435 0.1511375606060028 0.9004265069961548 
vn 0.2678140103816986 0.09570079296827316 0.9587059020996094 
vn 0.31177008152008057 0.48227372765541077 0.8186644315719604 
vn 0.48796653747558594 0.6620029807090759 0.5688942670822144 
vn 0.2678140103816986 0.09570079296827316 0.9587059020996094 
vn -0.32477015256881714 0.48223987221717834 0.8136147856712341 
vn 0.48796653747558594 0.6620029807090759 0.5688942670822144 
vn -0.08109977096319199 0.8005311489105225 -0.5937783122062683 
vn -0.4384966194629669 0.824870765209198 0.3568037748336792 
vn -0.3777655363082886 0.644250214099884 0.6650074124336243 
vn -0.32477015256881714 0.48223987221717834 0.8136147856712341 
vn -0.6720584034919739 0.22232823073863983 0.7063339352607727 
vn -0.32477015256881714 0.48223987221717834 0.8136147856712341 
vn 0.48796653747558594 0.6620029807090759 0.5688942670822144 
vn -0.3777655363082886 0.644250214099884 0.6650074124336243 
vn 0.4895702302455902 0.8429319262504578 0.22312943637371063 
vn -0.08109977096319199 0.8005311489105225 -0.5937783122062683 
vn 0.11674169450998306 0.8264373540878296 -0.5507928133010864 
vn 0.39654698967933655 0.9178870320320129 -0.0152922747656703 
vn -0.5323843359947205 0.8065277934074402 0.25706008076667786 
vn -0.49761760234832764 0.8669315576553345 -0.028397228568792343 
vn 0.6781980395317078 0.6555113196372986 0.33219319581985474 
vn -0.48139750957489014 0.6382095217704773 0.6007870435714722 
vn -0.6091341376304626 0.5450791120529175 -0.5760593414306641 
vn 0.33804813027381897 0.6659494042396545 0.6650074124336243 
vn 0.7027093768119812 0.24417707324028015 0.6682642698287964 
vn -0.6543918251991272 0.10879649966955185 0.7482877969741821 
vn -0.48139750957489014 0.6382095217704773 0.6007870435714722 
vn 0.6781980395317078 0.6555113196372986 0.33219319581985474 
vn 0.33804813027381897 0.6659494042396545 0.6650074124336243 
vn 0.48796653747558594 0.6620029807090759 0.5688942670822144 
vn 0.7027093768119812 0.24417707324028015 0.6682642698287964 
vn 0.4895702302455902 0.8429319262504578 0.22312943637371063 
vn 0.6781980395317078 0.6555113196372986 0.33219319581985474 
vn -0.6091341376304626 0.5450791120529175 -0.5760593414306641 
vn -0.5323843359947205 0.8065277934074402 0.25706008076667786 
vn -0.7033278346061707 -0.045309681445360184 -0.7094202041625977 
vn -0.6543918251991272 0.10879649966955185 0.7482877969741821 
vn -0.6303580403327942 -0.2784515619277954 0.7246471047401428 
vn -0.7269841432571411 -0.08666225522756577 -0.681163489818573 
vn -0.7913578152656555 -0.369131863117218 0.48733407258987427 
vn -0.9949134588241577 -0.022653281688690186 0.0981530249118805 
vn -0.750510036945343 0.08659639954566956 0.6551609039306641 
vn -0.9783944487571716 0.16527889668941498 0.1242060661315918 
vn -0.6230186223983765 0.09390494972467422 0.7765498161315918 
vn -0.9260774254798889 -0.05652588978409767 0.37307560443878174 
vn -0.33423182368278503 -0.003763672662898898 0.9424833655357361 
vn -0.49761760234832764 0.8669315576553345 -0.028397228568792343 
vn -0.48139750957489014 0.6382095217704773 0.6007870435714722 
vn -0.6817172765731812 0.03774409741163254 -0.7306414246559143 
vn -0.5585960745811462 -0.593299925327301 -0.5796254277229309 
vn -0.7038095593452454 -0.6118955612182617 0.36088213324546814 
vn -0.5358759164810181 0.5639179944992065 -0.6283578276634216 
vn -0.6057159304618835 0.5777069330215454 0.5471406579017639 
vn -0.6825942993164062 -0.01510410662740469 -0.7306414246559143 
vn -0.9383895397186279 -0.1203710287809372 0.3239381015300751 
vn -0.9202043414115906 -0.04148828238248825 0.3892335295677185 
vn -0.6663874387741089 -0.2648138701915741 0.6969945430755615 
vn -0.3353407680988312 0.31262415647506714 -0.888714075088501 
vn -0.5916344523429871 0.09389661252498627 0.8007197380065918 
vn -0.6088581681251526 -0.11606922745704651 0.7847417593002319 
vn -0.3336445391178131 -0.1320992112159729 0.933397650718689 
vn -0.7274280190467834 0.6235143542289734 0.2864931523799896 
vn -0.7170368432998657 -0.007534182630479336 0.6969945430755615 
vn -0.5896886587142944 0.5549972057342529 -0.5867242813110352 
vn -0.6430259346961975 -0.11658220738172531 -0.7569189071655273 
vn -0.8434579372406006 0.03394179046154022 0.5361219048500061 
vn -0.7045334577560425 -0.018857628107070923 0.7094202041625977 
vn -0.888504683971405 0.07541807740926743 -0.45262736082077026 
vn -0.7332248091697693 -0.23387651145458221 0.6385006904602051 
vn -0.6823854446411133 0.0226538497954607 -0.7306414246559143 
vn -0.5717373490333557 -0.577076256275177 -0.5831804275512695 
vn -0.6908952593803406 -0.6655584573745728 0.28230419754981995 
vn -0.17735272645950317 -0.4921710193157196 0.8522403836250305 
vn -0.6057159304618835 0.5777069330215454 0.5471406579017639 
vn -0.1957853138446808 0.5587080121040344 0.8059239983558655 
vn -0.5288489460945129 0.8003893494606018 0.28230419754981995 
vn -0.6935878396034241 0.1936531960964203 0.6938546895980835 
vn -0.11634916812181473 0.6888020038604736 0.715552031993866 
vn -0.03885505348443985 -0.1606428474187851 0.9862475395202637 
vn -0.020614830777049065 0.25834956765174866 0.9658315181732178 
vn 0.047877710312604904 -0.02131653018295765 0.9986256957054138 
vn -0.02259606495499611 0.6662543416023254 0.7453821301460266 
vn -0.1278679072856903 0.8941617608070374 0.42909738421440125 
vn -0.6991680264472961 -0.29368507862091064 0.651853621006012 
vn -0.15790870785713196 -0.12215383350849152 0.97986900806427 
vn 0.005617568735033274 -0.1608661264181137 0.986960232257843 
vn 0.05228736251592636 -0.2965363562107086 0.953589141368866 
vn 0.14526139199733734 -0.07883507758378983 0.9862475395202637 
vn 0.1442098468542099 -0.41457250714302063 0.8985171914100647 
vn 0.19738490879535675 -0.029931848868727684 0.97986900806427 
vn 0.682502269744873 0.2296873927116394 0.6938546895980835 
vn 0.8856576681137085 -0.06033395230770111 0.46040233969688416 
vn 0.5378475189208984 -0.12689882516860962 0.8334367275238037 
vn 0.19355298578739166 0.362861305475235 0.9115201234817505 
vn 0.6154290437698364 0.7406120300292969 0.26970529556274414 
vn 0.19066622853279114 -0.05918705463409424 0.97986900806427 
vn -0.2151930034160614 -0.23376192152500153 0.9481810927391052 
vn -0.4047081172466278 0.5256202816963196 0.7482877969741821 
vn -0.3526547849178314 0.21157900989055634 0.9115201234817505 
vn -0.06603435426950455 0.18385937809944153 0.9807319641113281 
vn -0.2607537508010864 -0.5470464825630188 0.7954543828964233 
vn -0.05835902318358421 -0.6802626848220825 0.7306414246559143 
vn -0.22042179107666016 -0.4620509743690491 0.8590245246887207 
vn -0.1239033192396164 -0.38376834988594055 0.9150791168212891 
vn 0.02524128556251526 -0.007072276435792446 0.9996563792228699 
vn -0.08962443470954895 -0.4216498136520386 0.9023185968399048 
vn -0.03710568696260452 0.06426893174648285 0.9972425103187561 
vn -0.6512739062309265 -0.5142035484313965 0.5580654144287109 
vn -0.7364290356636047 -0.048976536840200424 0.67473965883255 
vn -0.7795733213424683 0.16467568278312683 0.6042742133140564 
vn -0.8304533362388611 -0.37359750270843506 0.41324591636657715 
vn -0.010799530893564224 -0.03323753923177719 0.999389111995697 
vn -0.01868271268904209 -0.21592910587787628 0.976230263710022 
vn -0.15448157489299774 0.4024382531642914 0.9023185968399048 
vn -0.01878940314054489 0.31302109360694885 0.949560284614563 
vn -0.2052428424358368 0.36552485823631287 0.9078915119171143 
vn -0.027526985853910446 0.09194653481245041 0.9953833818435669 
vn -0.01878940314054489 0.31302109360694885 0.949560284614563 
vn -0.15258637070655823 0.5573336482048035 0.8161473870277405 
vn 0.030192101374268532 0.8790100812911987 0.4758462607860565 
vn 0.026392387226223946 0.6261007785797119 0.7792953848838806 
vn 0.6545930504798889 0.15686313807964325 0.7395281791687012 
vn 0.6036555171012878 0.3050408959388733 0.736579954624176 
vn 0.024496305733919144 -0.6726797223091125 0.7395281791687012 
vn -0.0018818661337718368 -0.33424773812294006 0.9424833655357361 
vn 0.49792546033859253 -0.560511589050293 0.661737859249115 
vn -0.013192386366426945 -0.6729963421821594 0.7395281791687012 
vn 0.07442912459373474 0.2874622344970703 0.9548956751823425 
vn -0.505794882774353 -0.5910482406616211 0.6283578276634216 
vn -0.2527192533016205 0.07420507073402405 0.9646899104118347 
vn 0.11621249467134476 0.23636429011821747 0.9646899104118347 
vn -0.30025243759155273 0.33083975315093994 0.8946471214294434 
vn -0.8583641052246094 -0.12029667943716049 0.4987381398677826 
vn -0.8844748139381409 -0.12786144018173218 0.4487268626689911 
vn 0.22831815481185913 0.5032435655593872 0.8334367275238037 
vn -0.5220229625701904 -0.27168896794319153 0.8085030317306519 
vn -0.41210049390792847 0.4347655475139618 0.8007197380065918 
vn -0.9132655262947083 0.28959935903549194 0.2864931523799896 
vn -0.8908888697624207 0.109197236597538 0.4409002661705017 
vn 0.13757829368114471 0.3358306586742401 0.931820809841156 
vn -0.9319356679916382 -0.3615100085735321 0.028397228568792343 
vn -0.566526472568512 -0.13068558275699615 0.8136147856712341 
vn -0.30600059032440186 -0.09982086718082428 0.946783721446991 
vn -0.5121636390686035 -0.060144323855638504 0.8567795157432556 
vn -0.4894867539405823 -0.3202711343765259 0.8110666871070862 
vn 0.2118120640516281 0.10855620354413986 0.9712626934051514 
vn 0.17146378755569458 0.664171576499939 0.7276512384414673 
vn 0.17809659242630005 0.19404903054237366 0.9646899104118347 
vn 0.4477282464504242 0.30482202768325806 0.8406086564064026 
vn -0.3353407680988312 0.31262415647506714 -0.888714075088501 
vn -0.5916344523429871 0.09389661252498627 0.8007197380065918 
vn -0.015103636309504509 0.6729561686515808 -0.7395281791687012 
vn 0.17146378755569458 0.664171576499939 0.7276512384414673 
vn 0.10703755915164948 0.7420552372932434 0.661737859249115 
vn 0.11441656947135925 0.6922880411148071 0.7124928832054138 
vn -0.607122004032135 0.5510597825050354 -0.5724822878837585 
vn -0.03578227013349533 0.700766384601593 0.7124928832054138 
vn -0.5376102328300476 0.6508060693740845 0.5361219048500061 
vn -0.4063788652420044 0.6535847783088684 0.6385006904602051 
vn -0.6306610107421875 0.5160436630249023 -0.5796254277229309 
vn -0.7219275236129761 0.15345042943954468 0.67473965883255 
vn -0.8988332152366638 -0.033946581184864044 0.43697428703308105 
vn -0.4963967800140381 -0.6588104963302612 -0.5652954578399658 
vn -0.4909975230693817 -0.6597580909729004 0.5688942670822144 
vn -0.05477041006088257 0.6995384693145752 -0.7124928832054138 
vn 0.0205277930945158 -0.007471505552530289 -0.9997613430023193 
vn 0.5344001650810242 0.6251205801963806 -0.5688942670822144 
vn 0.646051824092865 -0.5048574805259705 -0.5724822878837585 
vn 0.1090863049030304 -0.70564204454422 -0.7001210451126099 
vn 0.03171795979142189 -0.014674291014671326 -0.999389111995697 
vn 0.016386104747653008 -0.025820370763540268 -0.9995322823524475 
vn -0.005833018571138382 0.02555612474679947 -0.9996563792228699 
vn 0.0205277930945158 0.007471505552530289 -0.9997613430023193 
vn 0.001958925975486636 0.02614004909992218 -0.9996563792228699 
vn -0.0641120970249176 0.7111400365829468 -0.7001210451126099 
vn -0.6221187710762024 0.5340714454650879 -0.5724822878837585 
vn 0.021841906011104584 0.032688722014427185 -0.9992268681526184 
vn -0.7138643860816956 -0.015104415826499462 -0.7001210451126099 
vn -0.6320814490318298 -0.041507646441459656 -0.7737894654273987 
vn 0.04456428810954094 -0.04184865206480026 -0.9981296062469482 
vn -0.7299662828445435 -0.0867302343249321 -0.677958071231842 
vn 0.10545486211776733 -0.733454704284668 -0.6715083718299866 
vn -0.5260365605354309 -0.6353948712348938 -0.5652954578399658 
vn 0.09607622027397156 -0.7044366598129272 -0.7032341957092285 
vn 0.009349584579467773 -0.03367416188120842 -0.999389111995697 
vn -0.015745941549539566 -0.007582846097648144 -0.9998472929000854 
vn 0.635098934173584 0.4586312472820282 0.6215357780456543 
vn 0.5344001650810242 0.6251205801963806 -0.5688942670822144 
vn 0.07339730858802795 0.7343971729278564 0.67473965883255 
vn -0.05477041006088257 0.6995384693145752 -0.7124928832054138 
vn -0.16242942214012146 0.6826203465461731 0.7124928832054138 
vn -0.0641120970249176 0.7111400365829468 -0.7001210451126099 
vn -0.06036682799458504 0.9979826211929321 0.01966099627315998 
vn 0.02449897862970829 0.8119731545448303 0.5831804275512695 
vn -0.03201152756810188 0.6360127329826355 0.7710143327713013 
vn -0.07912663370370865 0.8587234616279602 0.5062933564186096 
vn -0.33523663878440857 0.8561350107192993 0.3932546079158783 
vn -0.6221187710762024 0.5340714454650879 -0.5724822878837585 
vn -0.7602664232254028 0.6456053256988525 0.07203252613544464 
vn -0.30730411410331726 0.4370531737804413 0.8453097939491272 
vn 0.635098934173584 0.4586312472820282 0.6215357780456543 
vn 0.7083970308303833 0.060293473303318024 0.7032341957092285 
vn 0.5344001650810242 0.6251205801963806 -0.5688942670822144 
vn 0.646051824092865 -0.5048574805259705 -0.5724822878837585 
vn 0.9590979814529419 0.05278235673904419 0.2781098484992981 
vn 0.8484916687011719 0.022627273574471474 0.528724730014801 
vn 0.7684444189071655 -0.6086762547492981 0.1975002884864807 
vn 0.32574352622032166 -0.6144174933433533 0.7185974717140198 
vn 0.34777477383613586 0.04499533027410507 0.9364978075027466 
vn -0.12225905060768127 0.6909461617469788 -0.7124928832054138 
vn 0.07842075824737549 0.07573004812002182 -0.9940398335456848 
vn 0.5131158828735352 0.6330453753471375 -0.5796254277229309 
vn 0.7807582020759583 0.19453507661819458 -0.5937783122062683 
vn 0.6758700013160706 0.14983677864074707 -0.7216291427612305 
vn -0.0040505328215658665 0.012466258369386196 -0.9999141097068787 
vn 0.7095122933387756 0.04532033950090408 -0.7032341957092285 
vn -0.651928722858429 0.5054008960723877 -0.5652954578399658 
vn -0.7830584049224854 -0.022644812241196632 -0.6215357780456543 
vn -0.7247369289398193 -0.04529383033514023 -0.6875353455543518 
vn -0.002184688812121749 -0.0037839922588318586 -0.9999904632568359 
vn -0.5247602462768555 -0.6234268546104431 -0.5796254277229309 
vn 0.6221187710762024 -0.5340714454650879 -0.5724822878837585 
vn -0.17396369576454163 0.341422975063324 0.9236704111099243 
vn -0.18604624271392822 0.6700779795646667 0.7185974717140198 
vn -0.0650569349527359 -0.02543783001601696 0.9975572824478149 
vn 0.4888657331466675 0.673507809638977 0.5544344186782837 
vn 0.6466935873031616 -0.015079895965754986 0.762600839138031 
vn -0.04083481803536415 -0.05120524391531944 0.9978529810905457 
vn 0.7307335734367371 0.04521825164556503 0.681163489818573 
vn -0.7689250707626343 0.5511972308158875 0.3239381015300751 
vn -0.31497037410736084 0.6509415507316589 0.6907016038894653 
vn -0.285837858915329 0.06331532448530197 0.9561840295791626 
vn 0.05240868031978607 0 0.9986256957054138 
vn -0.6797560453414917 -0.06399080902338028 0.7306414246559143 
vn -0.0043693361803889275 -0.007567912340164185 0.999961793422699 
vn -0.7104341983795166 -0.07151065021753311 0.7001210451126099 
vn 0.04748174175620079 0.0073340050876140594 0.9988451600074768 
vn 0.17818838357925415 0 0.9839963912963867 
vn 0.8551192879676819 0.030154835432767868 0.5175535082817078 
vn 0.8523306250572205 0.07530514895915985 0.5175535082817078 
vn 0.5558757781982422 -0.11225072294473648 0.8236515522003174 
vn 0.32699164748191833 -0.6517156958580017 0.6843559741973877 
vn -0.033933188766241074 -0.6787146925926208 0.7336177229881287 
vn -0.05842858925461769 -0.7532265782356262 0.6551609039306641 
vn -0.5810993909835815 -0.01882697083055973 0.8136147856712341 
vn -0.6602447032928467 -0.18601253628730774 0.7276512384414673 
vn -0.6165918707847595 -0.752434492111206 0.23163928091526031 
vn 0.646051824092865 -0.5048574805259705 -0.5724822878837585 
vn 0.1090863049030304 -0.70564204454422 -0.7001210451126099 
vn 0.7684444189071655 -0.6086762547492981 0.1975002884864807 
vn 0.32574352622032166 -0.6144174933433533 0.7185974717140198 
vn 0.06581848859786987 -0.6093974709510803 0.790128231048584 
vn 0.12401092797517776 -0.8769654631614685 0.4642767012119293 
vn 0.09607622027397156 -0.7044366598129272 -0.7032341957092285 
vn 0.10331214964389801 -0.7065104842185974 0.7001210451126099 
vn 0.10545486211776733 -0.733454704284668 -0.6715083718299866 
vn 0.08647162467241287 -0.6544100046157837 0.7511792182922363 
vn -0.5418446063995361 -0.6284643411636353 0.5580654144287109 
vn -0.5260365605354309 -0.6353948712348938 -0.5652954578399658 
vn 0.5131158828735352 0.6330453753471375 -0.5796254277229309 
vn 0.4888657331466675 0.673507809638977 0.5544344186782837 
vn -0.12225905060768127 0.6909461617469788 -0.7124928832054138 
vn -0.18604624271392822 0.6700779795646667 0.7185974717140198 
vn -0.2223568558692932 0.930625855922699 0.29067665338516235 
vn -0.17396369576454163 0.341422975063324 0.9236704111099243 
vn -0.31497037410736084 0.6509415507316589 0.6907016038894653 
vn -0.7689250707626343 0.5511972308158875 0.3239381015300751 
vn -0.651928722858429 0.5054008960723877 -0.5652954578399658 
vn -0.30730411410331726 0.4370531737804413 0.8453097939491272 
vn -0.33523663878440857 0.8561350107192993 0.3932546079158783 
vn -0.7316467761993408 0.14986033737659454 0.6650074124336243 
vn -0.7602664232254028 0.6456053256988525 0.07203252613544464 
vn -0.6221187710762024 0.5340714454650879 -0.5724822878837585 
vn -0.7138643860816956 -0.015104415826499462 -0.7001210451126099 
vn -0.9599892497062683 -0.07536360621452332 0.26970529556274414 
vn -0.6320814490318298 -0.041507646441459656 -0.7737894654273987 
vn -0.6080132126808167 -0.3858569264411926 0.6938546895980835 
vn -0.9831596612930298 0.049067460000514984 0.1760382205247879 
vn -0.7299662828445435 -0.0867302343249321 -0.677958071231842 
vn -0.6680232286453247 0.19329418241977692 0.7185974717140198 
vn -0.5260365605354309 -0.6353948712348938 -0.5652954578399658 
vn -0.5418446063995361 -0.6284643411636353 0.5580654144287109 
vn -0.43877968192100525 -0.059978827834129333 0.8965907096862793 
vn -0.26229315996170044 -0.1203492283821106 0.9574540853500366 
vn 0.3666880428791046 0.11123359948396683 0.9236704111099243 
vn 0.46774888038635254 0.22585353255271912 0.8545181155204773 
vn 0.20561742782592773 0.12809106707572937 0.9702134728431702 
vn 0.29406097531318665 -0.15891261398792267 0.9424833655357361 
vn 0.31807827949523926 0.6915417313575745 0.6485338807106018 
vn 0.6438066959381104 -0.4463251829147339 0.6215357780456543 
vn 0.6501343846321106 0.7581573128700256 0.05022686347365379 
vn 0.6179553270339966 -0.5272872447967529 -0.5831804275512695 
vn 0.5413498878479004 0.6320939660072327 -0.5544344186782837 
vn 0.6501343846321106 0.7581573128700256 0.05022686347365379 
vn 0.31807827949523926 0.6915417313575745 0.6485338807106018 
vn 0.5413498878479004 0.6320939660072327 -0.5544344186782837 
vn -0.5100963711738586 0.5981183052062988 -0.6181069612503052 
vn -0.5245014429092407 0.6430094838142395 0.5580654144287109 
vn -0.26229315996170044 -0.1203492283821106 0.9574540853500366 
vn -0.9831596612930298 0.049067460000514984 0.1760382205247879 
vn -0.6080132126808167 -0.3858569264411926 0.6938546895980835 
vn 0.31807827949523926 0.6915417313575745 0.6485338807106018 
vn -0.5245014429092407 0.6430094838142395 0.5580654144287109 
vn 0.6438066959381104 -0.4463251829147339 0.6215357780456543 
vn -0.616742730140686 -0.5207927823066711 0.590256929397583 
vn -0.6368330717086792 -0.5540910959243774 -0.5361219048500061 
vn -0.5100963711738586 0.5981183052062988 -0.6181069612503052 
vn 0.6179553270339966 -0.5272872447967529 -0.5831804275512695 
vn 0.5413498878479004 0.6320939660072327 -0.5544344186782837 
vn -0.5100963711738586 0.5981183052062988 -0.6181069612503052 
vn -0.6368330717086792 -0.5540910959243774 -0.5361219048500061 
vn -0.5245014429092407 0.6430094838142395 0.5580654144287109 
vn -0.616742730140686 -0.5207927823066711 0.590256929397583 
vn -0.6160325407981873 0.5666930675506592 0.5471406579017639 
vn -0.04524388909339905 0.7095171809196472 0.7032341957092285 
vn -0.6347504258155823 0.5600106120109558 -0.5324283838272095 
vn -0.09036064893007278 0.6863572597503662 -0.7216291427612305 
vn 0.4362944960594177 0.6852355003356934 -0.5831804275512695 
vn 0.3911226987838745 0.6849878430366516 0.6146662831306458 
vn 0.4362944960594177 0.6852355003356934 -0.5831804275512695 
vn 0.7488961219787598 0.16484449803829193 -0.641857385635376 
vn -0.09036064893007278 0.6863572597503662 -0.7216291427612305 
vn 0.6985186338424683 -0.0075543769635260105 -0.715552031993866 
vn -0.12521563470363617 0.037487100809812546 -0.991421103477478 
vn -0.695385217666626 -0.0075595262460410595 -0.7185974717140198 
vn -0.7136646509170532 0.022654511034488678 -0.7001210451126099 
vn -0.8643589615821838 -0.018886618316173553 -0.5025205612182617 
vn -0.6347504258155823 0.5600106120109558 -0.5324283838272095 
vn 0.7133851051330566 -0.030202072113752365 -0.7001210451126099 
vn 0.709954023361206 -0.03777477890253067 -0.7032341957092285 
vn 0.03171795979142189 -0.014674291014671326 -0.999389111995697 
vn 0.587167501449585 -0.6031954288482666 -0.5398051738739014 
vn 0.062267791479825974 -0.7442364692687988 -0.6650074124336243 
vn -0.5411046743392944 -0.6024618744850159 -0.5867242813110352 
vn -0.358126163482666 0.02268300950527191 -0.933397650718689 
vn -0.9430225491523743 -0.018872536718845367 -0.33219319581985474 
vn -0.651928722858429 0.5054008960723877 -0.5652954578399658 
vn -0.7689250707626343 0.5511972308158875 0.3239381015300751 
vn -0.7830584049224854 -0.022644812241196632 -0.6215357780456543 
vn -0.6797560453414917 -0.06399080902338028 0.7306414246559143 
vn -0.7104341983795166 -0.07151065021753311 0.7001210451126099 
vn -0.7247369289398193 -0.04529383033514023 -0.6875353455543518 
vn -0.5810993909835815 -0.01882697083055973 0.8136147856712341 
vn -0.6602447032928467 -0.18601253628730774 0.7276512384414673 
vn -0.5247602462768555 -0.6234268546104431 -0.5796254277229309 
vn -0.6165918707847595 -0.752434492111206 0.23163928091526031 
vn -0.285837858915329 0.06331532448530197 0.9561840295791626 
vn 0.3912450075149536 0 0.9202865362167358 
vn 0.9514636993408203 -0.05282537639141083 0.30319350957870483 
vn 0.7075175046920776 -0.022611746564507484 0.7063339352607727 
vn 0.7133851051330566 -0.030202072113752365 -0.7001210451126099 
vn 0.7374396324157715 -0.030153175815939903 0.67473965883255 
vn 0.6985186338424683 -0.0075543769635260105 -0.715552031993866 
vn 0.7161489129066467 0.1201077252626419 0.6875353455543518 
vn 0.7488961219787598 0.16484449803829193 -0.641857385635376 
vn 0.6342779994010925 0.28514760732650757 0.7185974717140198 
vn 0.859902560710907 0.42247992753982544 0.2864931523799896 
vn 0.3262980282306671 0.13923248648643494 0.9349566102027893 
vn 0.7317817807197571 -0.022619925439357758 0.681163489818573 
vn 0.709954023361206 -0.03777477890253067 -0.7032341957092285 
vn 0.5563057065010071 -0.5629755854606628 0.6112139225006104 
vn 0.587167501449585 -0.6031954288482666 -0.5398051738739014 
vn 0.4362944960594177 0.6852355003356934 -0.5831804275512695 
vn 0.3911226987838745 0.6849878430366516 0.6146662831306458 
vn 0.751619815826416 -0.6569567918777466 0.058952588587999344 
vn 0.32699164748191833 -0.6517156958580017 0.6843559741973877 
vn 0.6221187710762024 -0.5340714454650879 -0.5724822878837585 
vn -0.5247602462768555 -0.6234268546104431 -0.5796254277229309 
vn -0.033933188766241074 -0.6787146925926208 0.7336177229881287 
vn -0.05842858925461769 -0.7532265782356262 0.6551609039306641 
vn -0.6165918707847595 -0.752434492111206 0.23163928091526031 
vn -0.5376102328300476 0.6508060693740845 0.5361219048500061 
vn -0.7190256118774414 0.1014755442738533 0.6875353455543518 
vn -0.607122004032135 0.5510597825050354 -0.5724822878837585 
vn -0.6665945649147034 0.007560499478131533 -0.7453821301460266 
vn -0.9785501956939697 -0.0415172353386879 0.2017817199230194 
vn -0.8551177978515625 0.03019716963171959 -0.5175535082817078 
vn -0.8041939735412598 -0.026444725692272186 -0.5937783122062683 
vn -0.6210177540779114 -0.052652131766080856 0.7820260524749756 
vn -0.641359269618988 -0.2147282361984253 0.736579954624176 
vn -0.5888085961341858 -0.6208404302597046 -0.5175535082817078 
vn -0.5498743653297424 -0.7715992331504822 0.3198012113571167 
vn 0.859902560710907 0.42247992753982544 0.2864931523799896 
vn 0.3911226987838745 0.6849878430366516 0.6146662831306458 
vn 0.3262980282306671 0.13923248648643494 0.9349566102027893 
vn -0.04524388909339905 0.7095171809196472 0.7032341957092285 
vn 0.12970519065856934 0.07130603492259979 0.9889853596687317 
vn -0.6565390229225159 0.018858732655644417 0.7540562748908997 
vn 0.3411548137664795 0.030056973919272423 0.9395264387130737 
vn -0.3601679503917694 -0.19851982593536377 0.9115201234817505 
vn -0.4324382245540619 -0.19390924274921417 0.8805659413337708 
vn -0.8722483515739441 -0.11293000727891922 0.4758462607860565 
vn -0.8953351974487305 -0.0226276982575655 0.44481781125068665 
vn -0.3585290312767029 -0.015026818960905075 0.933397650718689 
vn -0.9416298866271973 0.015094240196049213 0.3363112509250641 
vn -0.6160325407981873 0.5666930675506592 0.5471406579017639 
vn 0.012112504802644253 -0.028079941868782043 0.9995322823524475 
vn 0.6342779994010925 0.28514760732650757 0.7185974717140198 
vn 0.023890703916549683 -0.03656744584441185 0.9990455508232117 
vn 0.7161489129066467 0.1201077252626419 0.6875353455543518 
vn 0.7374396324157715 -0.030153175815939903 0.67473965883255 
vn 0.012112504802644253 0.028079941868782043 0.9995322823524475 
vn 0.7075175046920776 -0.022611746564507484 0.7063339352607727 
vn 0.02239719219505787 0.013620034791529179 0.9996563792228699 
vn -0.03247994929552078 -0.046562451869249344 0.9983872175216675 
vn 0.3912450075149536 0 0.9202865362167358 
vn 0.004369377624243498 0 0.9999904632568359 
vn 0.7317817807197571 -0.022619925439357758 0.681163489818573 
vn 0.5563057065010071 -0.5629755854606628 0.6112139225006104 
vn 0.06784687936306 -0.8043590784072876 0.590256929397583 
vn 0.10930006206035614 -0.24426165223121643 0.9635298252105713 
vn -0.10887481272220612 -0.699455976486206 0.7063339352607727 
vn -0.7231300473213196 -0.003767496906220913 0.6907016038894653 
vn -0.7113872766494751 -0.3079269230365753 0.6317508816719055 
vn -0.017673155292868614 0.012840298935770988 0.9997613430023193 
vn 0.24213559925556183 -0.00749689107760787 0.9702134728431702 
vn -0.44485732913017273 0.04133325070142746 0.8946471214294434 
vn 0.3411548137664795 0.030056973919272423 0.9395264387130737 
vn 0.12970519065856934 0.07130603492259979 0.9889853596687317 
vn -0.3585290312767029 -0.015026818960905075 0.933397650718689 
vn -0.6160325407981873 0.5666930675506592 0.5471406579017639 
vn -0.6347504258155823 0.5600106120109558 -0.5324283838272095 
vn -0.6565390229225159 0.018858732655644417 0.7540562748908997 
vn -0.8643589615821838 -0.018886618316173553 -0.5025205612182617 
vn -0.8722483515739441 -0.11293000727891922 0.4758462607860565 
vn -0.7136646509170532 0.022654511034488678 -0.7001210451126099 
vn -0.8953351974487305 -0.0226276982575655 0.44481781125068665 
vn -0.9865990281105042 -0.003775282995775342 -0.16312000155448914 
vn -0.9416298866271973 0.015094240196049213 0.3363112509250641 
vn -0.695385217666626 -0.0075595262460410595 -0.7185974717140198 
vn -0.7231300473213196 -0.003767496906220913 0.6907016038894653 
vn -0.9430225491523743 -0.018872536718845367 -0.33219319581985474 
vn -0.7113872766494751 -0.3079269230365753 0.6317508816719055 
vn -0.5411046743392944 -0.6024618744850159 -0.5867242813110352 
vn -0.7241560220718384 -0.6881095170974731 0.04586252197623253 
vn -0.3601679503917694 -0.19851982593536377 0.9115201234817505 
vn -0.44485732913017273 0.04133325070142746 0.8946471214294434 
vn -0.3585290312767029 -0.015026818960905075 0.933397650718689 
vn -0.358126163482666 0.02268300950527191 -0.933397650718689 
vn 0.5337299108505249 0.6191025972366333 -0.5760593414306641 
vn 0.6565303206443787 -0.49940863251686096 -0.5652954578399658 
vn 0.02456560730934143 0.7227224707603455 -0.6907016038894653 
vn 0.045693326741456985 -0.014846661128103733 -0.9988451600074768 
vn -0.5053707361221313 0.5654089450836182 -0.651853621006012 
vn -0.6934139132499695 -0.05286667123436928 -0.7185974717140198 
vn -0.5201948881149292 -0.6401861906051636 -0.5652954578399658 
vn 0.1314978152513504 -0.682880699634552 -0.7185974717140198 
vn 0.9965491890907288 -0.08297525346279144 -0.002184694167226553 
vn 0.7560949325561523 -0.2595677077770233 -0.6007870435714722 
vn 0.6135830283164978 0.1273365318775177 0.7792953848838806 
vn 0.7560949325561523 -0.2595677077770233 -0.6007870435714722 
vn 0.7822008728981018 0.16497494280338287 -0.6007870435714722 
vn 0.9965491890907288 -0.08297525346279144 -0.002184694167226553 
vn 0.7425786852836609 0.27385106682777405 -0.6112139225006104 
vn 0.6135830283164978 0.1273365318775177 0.7792953848838806 
vn 0.9965491890907288 -0.08297525346279144 -0.002184694167226553 
vn 0.7425786852836609 0.27385106682777405 -0.6112139225006104 
vn 0.1941821277141571 -0.19019228219985962 0.962351381778717 
vn -0.06749660521745682 -0.11193054914474487 0.991421103477478 
vn 0.6135830283164978 0.1273365318775177 0.7792953848838806 
vn -0.28159099817276 0.13799187541007996 0.949560284614563 
vn -0.017474008724093437 -0.030265869572758675 0.999389111995697 
vn -0.2586100697517395 -0.2546190321445465 0.931820809841156 
vn 0.5839627981185913 -0.5719642043113708 0.5760593414306641 
vn 0.6040717363357544 -0.5506840944290161 -0.5760593414306641 
vn 0.7191281318664551 0.03768790885806084 0.6938546895980835 
vn 0.6107119917869568 0.4949491322040558 0.6181069612503052 
vn 0.7425786852836609 0.27385106682777405 -0.6112139225006104 
vn 0.6135830283164978 0.1273365318775177 0.7792953848838806 
vn -0.052306413650512695 0.2581423223018646 0.9646899104118347 
vn -0.007523417938500643 0.5268154144287109 0.8499464392662048 
vn -0.28159099817276 0.13799187541007996 0.949560284614563 
vn 0.02211543545126915 0.11118180304765701 0.9935539960861206 
vn 0.1725807785987854 0.10036233067512512 0.97986900806427 
vn 0.18882988393306732 0.4595613181591034 0.8678402304649353 
vn 0.20905549824237823 0.09472181648015976 0.9733054637908936 
vn 0.5839627981185913 -0.5719642043113708 0.5760593414306641 
vn -0.011301013641059399 -0.7169873714447021 0.6969945430755615 
vn 0.6040717363357544 -0.5506840944290161 -0.5760593414306641 
vn 0.020793093368411064 -0.7013711929321289 -0.7124928832054138 
vn 0.016972513869404793 -0.7694340944290161 0.6385006904602051 
vn 0.009445318020880222 -0.6890553832054138 -0.7246471047401428 
vn 0.10149163752794266 -0.7684987187385559 0.6317508816719055 
vn 0.0433865562081337 -0.9877071976661682 0.15017375349998474 
vn 0.08457809686660767 -0.6965633034706116 0.7124928832054138 
vn 0.01888980157673359 -0.7045325636863708 -0.7094202041625977 
vn 0.026424430310726166 -0.9682443737983704 0.24860523641109467 
vn 0.013233121484518051 -0.701554536819458 -0.7124928832054138 
vn -0.5498743653297424 -0.7715992331504822 0.3198012113571167 
vn -0.01889326237142086 -0.6565380096435547 -0.7540562748908997 
vn -0.5888085961341858 -0.6208404302597046 -0.5175535082817078 
vn 0.0620337575674057 -0.5157040357589722 0.8545181155204773 
vn 0.01882418990135193 -0.5486451983451843 0.8358433246612549 
vn 0.21292509138584137 -0.07351399213075638 0.9742990136146545 
vn 0.20905549824237823 0.09472181648015976 0.9733054637908936 
vn 0.18882988393306732 0.4595613181591034 0.8678402304649353 
vn 0.6195173859596252 0.6061835289001465 0.4987381398677826 
vn 0.0771094262599945 0.6879720091819763 0.7216291427612305 
vn 0.6704254746437073 0.060231249779462814 0.7395281791687012 
vn -0.0056593711487948895 -0.7409753799438477 0.6715083718299866 
vn 0.6226731538772583 -0.533424973487854 0.5724822878837585 
vn -0.5821166038513184 -0.6047907471656799 0.5434780716896057 
vn -0.703968346118927 -0.03393465653061867 0.7094202041625977 
vn 0.0901486948132515 0.6703157424926758 0.736579954624176 
vn -0.5170638561248779 0.5956763029098511 0.6146662831306458 
vn -0.6326263546943665 0.565892219543457 -0.528724730014801 
vn -0.5422003269195557 0.5462011098861694 0.6385006904602051 
vn -0.9138142466545105 0.026414481922984123 -0.405272513628006 
vn -0.7103176712989807 -0.030173923820257187 0.7032341957092285 
vn -0.6599260568618774 0.015080578625202179 0.7511792182922363 
vn -0.7086483240127563 -0.1716812551021576 0.6843559741973877 
vn -0.5773306488990784 -0.5960304737091064 -0.5580654144287109 
vn -0.6438977122306824 -0.7598643898963928 0.08945280313491821 
vn 0.0771094262599945 0.6879720091819763 0.7216291427612305 
vn 0.0901486948132515 0.6703157424926758 0.736579954624176 
vn 0.6195173859596252 0.6061835289001465 0.4987381398677826 
vn 0.05664302781224251 0.726944625377655 -0.6843559741973877 
vn 0.5807205438613892 0.5606785416603088 -0.590256929397583 
vn 0.020758412778377533 0.4501998722553253 -0.8926864862442017 
vn -0.5521066188812256 0.6161877512931824 -0.5616858005523682 
vn -0.5170638561248779 0.5956763029098511 0.6146662831306458 
vn -0.15931503474712372 -0.838378369808197 0.5212872624397278 
vn -0.6645439267158508 -0.334371417760849 0.6682642698287964 
vn 0.1126508116722107 -0.7112492322921753 0.6938546895980835 
vn -0.025969194248318672 0.003569383639842272 0.9996563792228699 
vn 0.40957725048065186 -0.6515852212905884 0.6385006904602051 
vn 0.5322341322898865 0.606896698474884 0.590256929397583 
vn -0.01692667230963707 0.36252379417419434 0.931820809841156 
vn -0.06966384500265121 0.7493885159492493 0.6584556698799133 
vn -0.7425491809844971 -0.04520644247531891 0.6682642698287964 
vn -0.7300501465797424 0.18292878568172455 0.6584556698799133 
vn -0.2210722267627716 0.707250714302063 0.6715083718299866 
vn -0.047116998583078384 0.9434780478477478 0.3280687630176544 
vn 0.8048802614212036 -0.14256027340888977 0.5760593414306641 
vn 0.05664302781224251 0.726944625377655 -0.6843559741973877 
vn -2.0682311115474694e-13 0 -1 
vn 0.020758412778377533 0.4501998722553253 -0.8926864862442017 
vn 0.5807205438613892 0.5606785416603088 -0.590256929397583 
vn -0.015745941549539566 0.007582846097648144 -0.9998472929000854 
vn 0.5982083678245544 -0.5381208062171936 -0.5937783122062683 
vn 0.0018886288162320852 -0.6985569000244141 -0.715552031993866 
vn -0.6983041763305664 0.01888401061296463 -0.715552031993866 
vn -0.5521066188812256 0.6161877512931824 -0.5616858005523682 
vn -0.7439143657684326 -0.0037755994126200676 -0.6682642698287964 
vn -0.5905683040618896 -0.5464946031570435 -0.5937783122062683 
vn 0.6226731538772583 -0.533424973487854 0.5724822878837585 
vn 0.5982083678245544 -0.5381208062171936 -0.5937783122062683 
vn 0.6704254746437073 0.060231249779462814 0.7395281791687012 
vn 0.5807205438613892 0.5606785416603088 -0.590256929397583 
vn 0.6195173859596252 0.6061835289001465 0.4987381398677826 
vn 0.6744842529296875 0.08292200416326523 -0.7336177229881287 
vn 0.9834886789321899 0.015109848231077194 -0.18033768236637115 
vn 0.44619688391685486 0.022689642384648323 -0.8946471214294434 
vn 0.46105054020881653 0.6127409934997559 -0.641857385635376 
vn 0.6154290437698364 0.7406120300292969 0.26970529556274414 
vn 0.682502269744873 0.2296873927116394 0.6938546895980835 
vn 0.8856576681137085 -0.06033395230770111 0.46040233969688416 
vn 0.5378475189208984 -0.12689882516860962 0.8334367275238037 
vn 0.3379071056842804 0.30984845757484436 -0.888714075088501 
vn 0.19355298578739166 0.362861305475235 0.9115201234817505 
vn 0.6226731538772583 -0.533424973487854 0.5724822878837585 
vn -0.0056593711487948895 -0.7409753799438477 0.6715083718299866 
vn 0.5982083678245544 -0.5381208062171936 -0.5937783122062683 
vn 0.0018886288162320852 -0.6985569000244141 -0.715552031993866 
vn -0.5905683040618896 -0.5464946031570435 -0.5937783122062683 
vn -0.5821166038513184 -0.6047907471656799 0.5434780716896057 
vn 0.5337819457054138 0.612354040145874 0.5831804275512695 
vn 0.5148341655731201 0.6507755517959595 -0.5580654144287109 
vn 0.011311312206089497 0.7320439219474792 0.681163489818573 
vn -0.10168968886137009 0.6879512667655945 -0.7185974717140198 
vn 0.016967330127954483 0.9276458024978638 0.37307560443878174 
vn 0.009431672282516956 0.8994245529174805 0.43697428703308105 
vn -0.04532512277364731 0.7541285157203674 -0.6551609039306641 
vn -0.0037806248292326927 0.6859368681907654 -0.7276512384414673 
vn -0.045244552195072174 0.9449958205223083 0.3239381015300751 
vn -0.01701335422694683 0.70147305727005 -0.7124928832054138 
vn -0.10882552713155746 0.7087705135345459 0.6969945430755615 
vn -0.07901673763990402 0.6940761208534241 0.715552031993866 
vn -0.12215184420347214 0.7338268160820007 -0.6682642698287964 
vn -0.13668696582317352 0.7101041674613953 0.6907016038894653 
vn -0.22638411819934845 0.6771858930587769 -0.7001210451126099 
vn -0.24394972622394562 0.6677950024604797 0.7032341957092285 
vn -0.7577454447746277 0.14976449310779572 0.6351318359375 
vn -0.022583846002817154 0.450111985206604 0.8926864862442017 
vn -0.09300406277179718 0.35920286178588867 0.9286137819290161 
vn -0.09300406277179718 0.35920286178588867 0.9286137819290161 
vn 0.009431672282516956 0.8994245529174805 0.43697428703308105 
vn -0.045244552195072174 0.9449958205223083 0.3239381015300751 
vn -0.6775485873222351 -0.3071657121181488 0.6682642698287964 
vn -0.67608642578125 -0.6734166741371155 -0.2990269064903259 
vn -0.796529233455658 0.06779462844133377 0.6007870435714722 
vn -0.6941397786140442 -0.1537257879972458 -0.7032341957092285 
vn -0.8485738635063171 0.09045431762933731 -0.5212872624397278 
vn -0.7214818596839905 -0.04894024506211281 0.6907016038894653 
vn -0.7311509847640991 0.12039432674646378 -0.6715083718299866 
vn -0.6605172157287598 -0.09012475609779358 0.7453821301460266 
vn -0.6824221014976501 0.7037711143493652 -0.1975002884864807 
vn -0.5718942284584045 0.5585623979568481 0.6007870435714722 
vn 0.6114070415496826 0.5820264220237732 -0.5361219048500061 
vn 0.691620945930481 0.030196821317076683 -0.7216291427612305 
vn -0.0037806248292326927 0.6859368681907654 -0.7276512384414673 
vn 0.01145524624735117 -0.06005050241947174 -0.9981296062469482 
vn 0.3379071056842804 0.30984845757484436 -0.888714075088501 
vn 0.03367573395371437 0.045705076307058334 -0.9983872175216675 
vn 0.6744842529296875 0.08292200416326523 -0.7336177229881287 
vn 0.01145524624735117 0.06005050241947174 -0.9981296062469482 
vn 0.44619688391685486 0.022689642384648323 -0.8946471214294434 
vn 0.003797774901613593 0.15228596329689026 -0.9883291721343994 
vn 0.715124785900116 0.05286921188235283 -0.6969945430755615 
vn -0.009519347921013832 0.05153689533472061 -0.9986256957054138 
vn 0.6763082146644592 -0.007561471313238144 -0.736579954624176 
vn 0.0018875952810049057 -0.08290162682533264 -0.9965559244155884 
vn 0.5498923063278198 -0.5979290008544922 -0.5831804275512695 
vn 0.03400775045156479 -0.7283545732498169 -0.6843559741973877 
vn 0.022292571142315865 -0.02093411609530449 -0.9995322823524475 
vn 1.488382747399323e-14 -0.048044804483652115 -0.9988451600074768 
vn -0.5292338728904724 -0.635940670967102 -0.5616858005523682 
vn -0.7335990071296692 -0.22327467799186707 -0.641857385635376 
vn -0.6218889951705933 -0.18975767493247986 -0.7597671151161194 
vn -0.7278761267662048 -0.1536855250597 -0.6682642698287964 
vn -0.005730303004384041 -0.03003930114209652 -0.9995322823524475 
vn 0.08155170828104019 0.015018720179796219 -0.9965559244155884 
vn -0.7036482095718384 -0.10168998688459396 -0.7032341957092285 
vn -0.04570295661687851 -0.025649743154644966 -0.9986256957054138 
vn 0.001958925975486636 0.02614004909992218 -0.9996563792228699 
vn 0.04494468495249748 0.047638583928346634 -0.9978529810905457 
vn -0.720025897026062 0.011329957284033298 -0.6938546895980835 
vn -0.8106238842010498 -0.05281582102179527 -0.5831804275512695 
vn -0.7678045630455017 -0.05284855142235756 -0.6385006904602051 
vn -0.6160722374916077 0.5333754420280457 -0.5796254277229309 
vn -0.07545609027147293 0.7130953669548035 -0.6969945430755615 
vn -0.08430277556180954 0.022588860243558884 -0.9961841106414795 
vn -0.0997636690735817 0.7517539858818054 -0.651853621006012 
vn 0.46105054020881653 0.6127409934997559 -0.641857385635376 
vn 0.6114070415496826 0.5820264220237732 -0.5361219048500061 
vn 0.691620945930481 0.030196821317076683 -0.7216291427612305 
vn 0.6653876304626465 0.7254445552825928 0.1760382205247879 
vn 0.6036555171012878 0.3050408959388733 0.736579954624176 
vn 0.715124785900116 0.05286921188235283 -0.6969945430755615 
vn 0.6545930504798889 0.15686313807964325 0.7395281791687012 
vn 0.6763082146644592 -0.007561471313238144 -0.736579954624176 
vn 0.9890409708023071 0.14289574325084686 0.03713129088282585 
vn 0.8446800708770752 -0.5297925472259521 -0.0763898640871048 
vn 0.49792546033859253 -0.560511589050293 0.661737859249115 
vn 0.5498923063278198 -0.5979290008544922 -0.5831804275512695 
vn 0.6036555171012878 0.3050408959388733 0.736579954624176 
vn 0.026392387226223946 0.6261007785797119 0.7792953848838806 
vn 0.6653876304626465 0.7254445552825928 0.1760382205247879 
vn 0.030192101374268532 0.8790100812911987 0.4758462607860565 
vn -0.0037806248292326927 0.6859368681907654 -0.7276512384414673 
vn 0.19355298578739166 0.362861305475235 0.9115201234817505 
vn 0.3379071056842804 0.30984845757484436 -0.888714075088501 
vn 0.6114070415496826 0.5820264220237732 -0.5361219048500061 
vn -0.15258637070655823 0.5573336482048035 0.8161473870277405 
vn 0.8446800708770752 -0.5297925472259521 -0.0763898640871048 
vn 0.49792546033859253 -0.560511589050293 0.661737859249115 
vn 0.5498923063278198 -0.5979290008544922 -0.5831804275512695 
vn 0.10174814611673355 -0.9488046169281006 0.2990269064903259 
vn 0.03400775045156479 -0.7283545732498169 -0.6843559741973877 
vn 0.024496305733919144 -0.6726797223091125 0.7395281791687012 
vn -0.013192386366426945 -0.6729963421821594 0.7395281791687012 
vn -0.5292338728904724 -0.635940670967102 -0.5616858005523682 
vn -0.011321541853249073 -0.9921918511390686 -0.1242060661315918 
vn -0.505794882774353 -0.5910482406616211 0.6283578276634216 
vn -0.0018818661337718368 -0.33424773812294006 0.9424833655357361 
vn -0.01889326237142086 -0.6565380096435547 -0.7540562748908997 
vn 0.017476677894592285 0 -0.9998472929000854 
vn 0.4063224196434021 -0.25132259726524353 -0.8784868121147156 
vn -0.5170638561248779 0.5956763029098511 0.6146662831306458 
vn -0.703968346118927 -0.03393465653061867 0.7094202041625977 
vn -0.5521066188812256 0.6161877512931824 -0.5616858005523682 
vn -0.6983041763305664 0.01888401061296463 -0.715552031993866 
vn -0.7439143657684326 -0.0037755994126200676 -0.6682642698287964 
vn -0.5905683040618896 -0.5464946031570435 -0.5937783122062683 
vn -0.5821166038513184 -0.6047907471656799 0.5434780716896057 
vn 0.46105054020881653 0.6127409934997559 -0.641857385635376 
vn 0.6154290437698364 0.7406120300292969 0.26970529556274414 
vn -0.0997636690735817 0.7517539858818054 -0.651853621006012 
vn -0.02259606495499611 0.6662543416023254 0.7453821301460266 
vn -0.07545609027147293 0.7130953669548035 -0.6969945430755615 
vn -0.1278679072856903 0.8941617608070374 0.42909738421440125 
vn -0.11634916812181473 0.6888020038604736 0.715552031993866 
vn -0.5288489460945129 0.8003893494606018 0.28230419754981995 
vn -0.6160722374916077 0.5333754420280457 -0.5796254277229309 
vn 0.5322341322898865 0.606896698474884 0.590256929397583 
vn 0.5337299108505249 0.6191025972366333 -0.5760593414306641 
vn -0.06966384500265121 0.7493885159492493 0.6584556698799133 
vn -0.047116998583078384 0.9434780478477478 0.3280687630176544 
vn -0.01692667230963707 0.36252379417419434 0.931820809841156 
vn 0.02456560730934143 0.7227224707603455 -0.6907016038894653 
vn -0.2210722267627716 0.707250714302063 0.6715083718299866 
vn -0.743394672870636 0.6686781644821167 -0.0152922747656703 
vn -0.7300501465797424 0.18292878568172455 0.6584556698799133 
vn -0.5053707361221313 0.5654089450836182 -0.651853621006012 
vn 0.587167501449585 -0.6031954288482666 -0.5398051738739014 
vn 0.5563057065010071 -0.5629755854606628 0.6112139225006104 
vn 0.062267791479825974 -0.7442364692687988 -0.6650074124336243 
vn 0.06784687936306 -0.8043590784072876 0.590256929397583 
vn -0.10887481272220612 -0.699455976486206 0.7063339352607727 
vn -0.5411046743392944 -0.6024618744850159 -0.5867242813110352 
vn -0.7241560220718384 -0.6881095170974731 0.04586252197623253 
vn -0.7113872766494751 -0.3079269230365753 0.6317508816719055 
vn -0.5053707361221313 0.5654089450836182 -0.651853621006012 
vn -0.6934139132499695 -0.05286667123436928 -0.7185974717140198 
vn -0.743394672870636 0.6686781644821167 -0.0152922747656703 
vn -0.7300501465797424 0.18292878568172455 0.6584556698799133 
vn -0.7425491809844971 -0.04520644247531891 0.6682642698287964 
vn -0.6645439267158508 -0.334371417760849 0.6682642698287964 
vn -0.5201948881149292 -0.6401861906051636 -0.5652954578399658 
vn 0.40957725048065186 -0.6515852212905884 0.6385006904602051 
vn 0.6565303206443787 -0.49940863251686096 -0.5652954578399658 
vn 0.8048802614212036 -0.14256027340888977 0.5760593414306641 
vn 0.5337299108505249 0.6191025972366333 -0.5760593414306641 
vn 0.5322341322898865 0.606896698474884 0.590256929397583 
vn 0.40957725048065186 -0.6515852212905884 0.6385006904602051 
vn 0.6565303206443787 -0.49940863251686096 -0.5652954578399658 
vn 0.1126508116722107 -0.7112492322921753 0.6938546895980835 
vn 0.1314978152513504 -0.682880699634552 -0.7185974717140198 
vn -0.15931503474712372 -0.838378369808197 0.5212872624397278 
vn -0.5201948881149292 -0.6401861906051636 -0.5652954578399658 
vn -0.6645439267158508 -0.334371417760849 0.6682642698287964 
vn -0.5288489460945129 0.8003893494606018 0.28230419754981995 
vn -0.6160722374916077 0.5333754420280457 -0.5796254277229309 
vn -0.6935878396034241 0.1936531960964203 0.6938546895980835 
vn -0.6991680264472961 -0.29368507862091064 0.651853621006012 
vn -0.720025897026062 0.011329957284033298 -0.6938546895980835 
vn -0.8106238842010498 -0.05281582102179527 -0.5831804275512695 
vn -0.8304533362388611 -0.37359750270843506 0.41324591636657715 
vn -0.7795733213424683 0.16467568278312683 0.6042742133140564 
vn -0.7364290356636047 -0.048976536840200424 0.67473965883255 
vn -0.8992698788642883 -0.43067193031311035 0.0763898640871048 
vn -0.6512739062309265 -0.5142035484313965 0.5580654144287109 
vn -0.7678045630455017 -0.05284855142235756 -0.6385006904602051 
vn -0.6991680264472961 -0.29368507862091064 0.651853621006012 
vn -0.8304533362388611 -0.37359750270843506 0.41324591636657715 
vn -0.15790870785713196 -0.12215383350849152 0.97986900806427 
vn 0.19355298578739166 0.362861305475235 0.9115201234817505 
vn -0.2151930034160614 -0.23376192152500153 0.9481810927391052 
vn 0.1442098468542099 -0.41457250714302063 0.8985171914100647 
vn -0.3526547849178314 0.21157900989055634 0.9115201234817505 
vn -0.4047081172466278 0.5256202816963196 0.7482877969741821 
vn -0.2052428424358368 0.36552485823631287 0.9078915119171143 
vn -0.06603435426950455 0.18385937809944153 0.9807319641113281 
vn -0.2607537508010864 -0.5470464825630188 0.7954543828964233 
vn -0.05835902318358421 -0.6802626848220825 0.7306414246559143 
vn -0.01868271268904209 -0.21592910587787628 0.976230263710022 
vn -0.010799530893564224 -0.03323753923177719 0.999389111995697 
vn -0.7678045630455017 -0.05284855142235756 -0.6385006904602051 
vn -0.9401270151138306 -0.2681814730167389 0.2103329300880432 
vn -0.8992698788642883 -0.43067193031311035 0.0763898640871048 
vn -0.6512739062309265 -0.5142035484313965 0.5580654144287109 
vn -0.9319356679916382 -0.3615100085735321 0.028397228568792343 
vn -0.9319356679916382 -0.3615100085735321 0.028397228568792343 
vn -0.9670511484146118 0.22459617257118225 0.11986933648586273 
vn -0.9132655262947083 0.28959935903549194 0.2864931523799896 
vn -0.7036482095718384 -0.10168998688459396 -0.7032341957092285 
vn -0.8908888697624207 0.109197236597538 0.4409002661705017 
vn -0.7278761267662048 -0.1536855250597 -0.6682642698287964 
vn -0.8583641052246094 -0.12029667943716049 0.4987381398677826 
vn -0.6218889951705933 -0.18975767493247986 -0.7597671151161194 
vn -0.8844748139381409 -0.12786144018173218 0.4487268626689911 
vn -0.7335990071296692 -0.22327467799186707 -0.641857385635376 
vn -0.5292338728904724 -0.635940670967102 -0.5616858005523682 
vn -0.505794882774353 -0.5910482406616211 0.6283578276634216 
vn -0.9401270151138306 -0.2681814730167389 0.2103329300880432 
vn -0.7678045630455017 -0.05284855142235756 -0.6385006904602051 
vn -0.30025243759155273 0.33083975315093994 0.8946471214294434 
vn 0.22831815481185913 0.5032435655593872 0.8334367275238037 
vn -0.41210049390792847 0.4347655475139618 0.8007197380065918 
vn 0.13757829368114471 0.3358306586742401 0.931820809841156 
vn -0.30025243759155273 0.33083975315093994 0.8946471214294434 
vn -0.6512739062309265 -0.5142035484313965 0.5580654144287109 
vn -0.5220229625701904 -0.27168896794319153 0.8085030317306519 
vn -0.08962443470954895 -0.4216498136520386 0.9023185968399048 
vn 0.02524128556251526 -0.007072276435792446 0.9996563792228699 
vn -0.5220229625701904 -0.27168896794319153 0.8085030317306519 
vn -0.6512739062309265 -0.5142035484313965 0.5580654144287109 
vn -0.9319356679916382 -0.3615100085735321 0.028397228568792343 
vn -0.15448157489299774 0.4024382531642914 0.9023185968399048 
vn -0.010799530893564224 -0.03323753923177719 0.999389111995697 
vn -0.01868271268904209 -0.21592910587787628 0.976230263710022 
vn 0.7954925298690796 0.04521329700946808 0.6042742133140564 
vn 0.10519658029079437 -0.7123898863792419 0.6938546895980835 
vn 0.8464413285255432 -0.007554671727120876 -0.5324283838272095 
vn -0.7018011808395386 -0.4334929883480072 0.5652954578399658 
vn -0.7320302128791809 -0.43862444162368774 -0.5212872624397278 
vn 0.8464413285255432 -0.007554671727120876 -0.5324283838272095 
vn 0.7954925298690796 0.04521329700946808 0.6042742133140564 
vn 0.04339659959077835 0.7955937385559082 -0.6042742133140564 
vn -0.0056544821709394455 0.6827379465103149 0.7306414246559143 
vn -0.3697015345096588 0.6906620264053345 -0.6215357780456543 
vn -0.3661286532878876 0.6894808411598206 0.6249527335166931 
vn -0.7577454447746277 0.14976449310779572 0.6351318359375 
vn -0.11645843088626862 0.737700879573822 0.6650074124336243 
vn -0.22638411819934845 0.6771858930587769 -0.7001210451126099 
vn -0.7577454447746277 0.14976449310779572 0.6351318359375 
vn -0.11645843088626862 0.737700879573822 0.6650074124336243 
vn -0.003704126225784421 0.08719801157712936 0.9961841106414795 
vn -0.4704674780368805 0.659101665019989 -0.5867242813110352 
vn -0.11663056164979935 0.6759593486785889 -0.7276512384414673 
vn -0.4496975541114807 0.6734439134597778 0.5867242813110352 
vn -0.11645843088626862 0.737700879573822 0.6650074124336243 
vn -0.22638411819934845 0.6771858930587769 -0.7001210451126099 
vn -0.7018011808395386 -0.4334929883480072 0.5652954578399658 
vn -0.3661286532878876 0.6894808411598206 0.6249527335166931 
vn 0.10519658029079437 -0.7123898863792419 0.6938546895980835 
vn -0.0056544821709394455 0.6827379465103149 0.7306414246559143 
vn 0.7954925298690796 0.04521329700946808 0.6042742133140564 
vn -0.7320302128791809 -0.43862444162368774 -0.5212872624397278 
vn -0.7018011808395386 -0.4334929883480072 0.5652954578399658 
vn -0.3697015345096588 0.6906620264053345 -0.6215357780456543 
vn -0.3661286532878876 0.6894808411598206 0.6249527335166931 
vn -0.7077196836471558 -0.47685685753822327 -0.5212872624397278 
vn -0.7127894759178162 -0.13865894079208374 0.6875353455543518 
vn -0.4704674780368805 0.659101665019989 -0.5867242813110352 
vn -0.4496975541114807 0.6734439134597778 0.5867242813110352 
vn 0.9670511484146118 0.22459617257118225 -0.11986933648586273 
vn 0.9917042851448059 0 -0.12854042649269104 
vn 0.9069420695304871 0.007547836750745773 0.42118772864341736 
vn -0.19306863844394684 -0.029821282252669334 0.9807319641113281 
vn -0.18310004472732544 -0.12375403195619583 0.9752739667892456 
vn 0.13903512060642242 -0.19838117063045502 0.9702134728431702 
vn 0.9604207873344421 0.18743406236171722 0.2060592919588089 
vn 0.9591286182403564 -0.09790075570344925 0.26549527049064636 
vn 0.4495238661766052 0.06757336109876633 0.8907088041305542 
vn 0.48205870389938354 -0.644241213798523 0.5937783122062683 
vn 0.6701629161834717 0.11263547837734222 0.7336177229881287 
vn 0.3758251368999481 -0.07475626468658447 0.9236704111099243 
vn -0.09336140006780624 0.16670876741409302 0.9815762042999268 
vn 0.2041124701499939 0.338482528924942 0.9185682535171509 
vn -0.016825338825583458 0.1600823998451233 0.986960232257843 
vn -0.006553899962455034 -0.011351687833666801 0.9999141097068787 
vn 0.18748997151851654 0.08019526302814484 0.9789873361587524 
vn -0.2717081308364868 0.0485447458922863 0.961154580116272 
vn -0.9083563685417175 -0.37523213028907776 0.18463370203971863 
vn -0.7269436717033386 -0.10920509696006775 -0.677958071231842 
vn -0.6382432579994202 0.3061664402484894 0.7063339352607727 
vn -0.5610806345939636 -0.5544130802154541 0.6146662831306458 
vn -0.5632686614990234 -0.6060012578964233 -0.5616858005523682 
vn -0.6382432579994202 0.3061664402484894 0.7063339352607727 
vn -0.7269436717033386 -0.10920509696006775 -0.677958071231842 
vn 0.009100671857595444 -0.05161247402429581 0.9986256957054138 
vn 0.2565433979034424 0.05965660884976387 0.9646899104118347 
vn -0.023692212998867035 0.031373560428619385 0.9992268681526184 
vn -0.4753861129283905 0.6523839235305786 -0.590256929397583 
vn -0.5872772932052612 -0.5792637467384338 -0.5652954578399658 
vn -0.5495963096618652 0.6468338966369629 0.528724730014801 
vn -0.5782053470611572 -0.5742063522338867 0.5796254277229309 
vn -0.6921508312225342 0.1753787398338318 0.7001210451126099 
vn -0.48264628648757935 -0.5465431809425354 0.6843559741973877 
vn -0.7003046870231628 -0.28343886137008667 0.6551609039306641 
vn -0.19946277141571045 -0.3504921793937683 0.9150791168212891 
vn -0.4010244309902191 -0.8954592943191528 0.19321508705615997 
vn 0.13534465432167053 -0.8448787927627563 -0.5175535082817078 
vn 0.48796653747558594 0.6620029807090759 0.5688942670822144 
vn 0.33804813027381897 0.6659494042396545 0.6650074124336243 
vn 0.31177008152008057 0.48227372765541077 0.8186644315719604 
vn -0.6543918251991272 0.10879649966955185 0.7482877969741821 
vn 0.6179553270339966 -0.5272872447967529 -0.5831804275512695 
vn 0.6438066959381104 -0.4463251829147339 0.6215357780456543 
vn -0.6368330717086792 -0.5540910959243774 -0.5361219048500061 
vn -0.616742730140686 -0.5207927823066711 0.590256929397583 
vn 0.1353355497121811 -0.1287292093038559 0.9824016690254211 
vn -0.28159099817276 0.13799187541007996 0.949560284614563 
vn -0.052306413650512695 0.2581423223018646 0.9646899104118347 
vn 0.6135830283164978 0.1273365318775177 0.7792953848838806 
vn 0.6107119917869568 0.4949491322040558 0.6181069612503052 
vn -0.06749660521745682 -0.11193054914474487 0.991421103477478 
vn -0.06749660521745682 -0.11193054914474487 0.991421103477478 
vn -0.052306413650512695 0.2581423223018646 0.9646899104118347 
vn 0.6107119917869568 0.4949491322040558 0.6181069612503052 
vn 0.05069795623421669 -0.3838869333267212 0.9219872951507568 
vn -0.28159099817276 0.13799187541007996 0.949560284614563 
vn 0.02211543545126915 0.11118180304765701 0.9935539960861206 
vn -0.3327632546424866 -0.2677735984325409 0.9041935205459595 
vn -0.2849014699459076 -0.3882913887500763 0.8763908743858337 
vn -0.14574946463108063 -0.18276405334472656 0.9722933769226074 
vn 0.20905549824237823 0.09472181648015976 0.9733054637908936 
vn -0.17595866322517395 -0.5391072630882263 0.8236515522003174 
vn 0.1725807785987854 0.10036233067512512 0.97986900806427 
vn -0.2151930034160614 -0.23376192152500153 0.9481810927391052 
vn -0.3526547849178314 0.21157900989055634 0.9115201234817505 
vn 0.19355298578739166 0.362861305475235 0.9115201234817505 
vn 0.04339659959077835 0.7955937385559082 -0.6042742133140564 
vn -0.3697015345096588 0.6906620264053345 -0.6215357780456543 
vn 0.8464413285255432 -0.007554671727120876 -0.5324283838272095 
vn -0.7320302128791809 -0.43862444162368774 -0.5212872624397278 
vn -0.09300406277179718 0.35920286178588867 0.9286137819290161 
vn 0.009431672282516956 0.8994245529174805 0.43697428703308105 
vn -0.024464106187224388 0.38644659519195557 0.9219872951507568 
vn 0.039623308926820755 0.9423787593841553 0.33219319581985474 
vn 0.016874419525265694 0.32556718587875366 0.9453682899475098 
vn -0.028155367821455002 0.3781016170978546 0.9253358840942383 
vn -0.2534579336643219 -0.3238674998283386 0.9115201234817505 
vn -0.5916344523429871 0.09389661252498627 0.8007197380065918 
vn -0.6663874387741089 -0.2648138701915741 0.6969945430755615 
vt 0.6007711887359619 0.16371598839759827 
vt 0.6108958721160889 0.16383807361125946 
vt 0.6211425065994263 0.18215082585811615 
vt 0.6269977688789368 0.12257333844900131 
vt 0.6363905072212219 0.16249513626098633 
vt 0.6672524809837341 0.1493099480867386 
vt 0.6644468307495117 0.13050886988639832 
vt 0.6815246343612671 0.13050886988639832 
vt 0.6764012575149536 0.12623588740825653 
vt 0.6815246343612671 0.1026734858751297 
vt 0.6779870986938477 0.11353904753923416 
vt 0.6771332025527954 0.10365016758441925 
vt 0.6815246343612671 0.0947379618883133 
vt 0.6693261861801147 0.09302876889705658 
vt 0.6635929346084595 0.07691355049610138 
vt 0.6812806129455566 0.07032095640897751 
vt 0.6549320816993713 0.057257864624261856 
vt 0.6812806129455566 0.06262960284948349 
vt 0.681036651134491 0.037358008325099945 
vt 0.6262658834457397 0.018556920811533928 
vt 0.6804267764091492 0.011964330449700356 
vt 0.6377323269844055 0.005249654874205589 
vt 0.6017470955848694 0 
vt 0.6076022982597351 0.03906720131635666 
vt 0.6528583765029907 0.05896705389022827 
vt 0.6504186987876892 0.07337308675050735 
vt 0.6288275122642517 0.07141972333192825 
vt 0.6119937300682068 0.07764606177806854 
vt 0.6007711887359619 0.06812343001365662 
vt 0.612115740776062 0.11427155882120132 
vt 0.682622492313385 0.19265012443065643 
vt 0.6510286331176758 0.08301779627799988 
vt 0.612847626209259 0.0866803526878357 
vt 0.6528583765029907 0.09205208718776703 
vt 0.6056505441665649 0.08094235509634018 
vt 0.6017470955848694 0.08887787908315659 
vt 0.6122376918792725 0.09827842563390732 
vt 0.6212645173072815 0.08997664600610733 
vt 0.6481009721755981 0.11854453384876251 
vt 0.6504186987876892 0.1068243756890297 
vt 0.6463932394981384 0.10767897218465805 
vt 0.6396840810775757 0.12330584973096848 
vt 0.6674964427947998 0.10902190208435059 
vt 0.375222772359848 0.8675360083580017 
vt 0.3946182429790497 0.887069582939148 
vt 0.3652200996875763 0.8663151860237122 
vt 0.3652200996875763 0.913195788860321 
vt 0.39449626207351685 0.9493329524993896 
vt 0.36546406149864197 0.9494550228118896 
vt 0.4260901212692261 0.639847457408905 
vt 0.4381665289402008 0.6568173170089722 
vt 0.4459735155105591 0.6432658433914185 
vt 0.455854207277298 0.6415566802024841 
vt 0.4553662836551666 0.7336087822914124 
vt 0.4371906518936157 0.7315333485603333 
vt 0.4374346137046814 0.7397130131721497 
vt 0.4556102454662323 0.7417884469032288 
vt 0.4487791359424591 0.7533865571022034 
vt 0.455854207277298 0.7670600414276123 
vt 0.43450701236724854 0.7857390642166138 
vt 0.4265780448913574 0.8200449347496033 
vt 0.4265780448913574 0.7815881967544556 
vt 0.4323112964630127 0.752165675163269 
vt 0.42596814036369324 0.7433755397796631 
vt 0.4291397035121918 0.7344633340835571 
vt 0.427919864654541 0.6573056578636169 
vt 0.425846129655838 0.7068721652030945 
vt 0.42560216784477234 0.7228652834892273 
vt 0.455854207277298 0.8199228644371033 
vt 0.6432216167449951 0.5166637301445007 
vt 0.5912564396858215 0.4788173735141754 
vt 0.6430996656417847 0.4244895577430725 
vt 0.6250460147857666 0.43620970845222473 
vt 0.5968677401542664 0.5241109132766724 
vt 0.5729588270187378 0.48382285237312317 
vt 0.5739347338676453 0.46990516781806946 
vt 0.5623462200164795 0.4672192931175232 
vt 0.5616143345832825 0.499693900346756 
vt 0.5610044002532959 0.5300930738449097 
vt 0.5972336530685425 0.46026045083999634 
vt 0.5985754728317261 0.44829612970352173 
vt 0.5910124778747559 0.44609859585762024 
vt 0.5713730454444885 0.4504936635494232 
vt 0.5628342032432556 0.4391397535800934 
vt 0.5732027888298035 0.41777485609054565 
vt 0.563322126865387 0.41972821950912476 
vt 0.5636880397796631 0.40251424908638 
vt 0.589548647403717 0.40202590823173523 
vt 0.5883288383483887 0.4149669110774994 
vt 0.6417578458786011 0.4163098633289337 
vt 0.6429776549339294 0.3909161686897278 
vt 0.5764963626861572 0.39189285039901733 
vt 0.564054012298584 0.37150466442108154 
vt 0.5944280028343201 0.35917407274246216 
vt 0.5644199848175049 0.3485526740550995 
vt 0.6149213314056396 0.34134966135025024 
vt 0.6432216167449951 0.3379312753677368 
vt 0.9240288138389587 0.9619077444076538 
vt 0.9461079239845276 0.9440833330154419 
vt 0.9237848520278931 0.9440833330154419 
vt 0.9247606992721558 0.9789996147155762 
vt 0.9457419514656067 0.9813192486763 
vt 0.9458639621734619 0.9969460964202881 
vt 0.9237848520278931 0.9978007078170776 
vt 0.5661277174949646 0.4473194479942322 
vt 0.5625901818275452 0.4528132677078247 
vt 0.5680794715881348 0.4647775888442993 
vt 0.7661815285682678 0.5838104486465454 
vt 0.8163169026374817 0.6018790602684021 
vt 0.7839911580085754 0.5850313305854797 
vt 0.801068902015686 0.5839325785636902 
vt 0.8199764490127563 0.5842987895011902 
vt 0.8192445635795593 0.6183605194091797 
vt 0.8087539076805115 0.6132329702377319 
vt 0.8066802024841309 0.6229997277259827 
vt 0.7839911580085754 0.6342315673828125 
vt 0.7998490929603577 0.6354524493217468 
vt 0.815341055393219 0.6250752210617065 
vt 0.8185126185417175 0.6282494068145752 
vt 0.7708169221878052 0.6018790602684021 
vt 0.7659375071525574 0.6305690407752991 
vt 0.7702069878578186 0.6403357982635498 
vt 0.7670353651046753 0.652910590171814 
vt 0.7736225128173828 0.6548639535903931 
vt 0.7702069878578186 0.6614565253257751 
vt 0.7775260210037231 0.6570614576339722 
vt 0.7814295291900635 0.6491259336471558 
vt 0.786430835723877 0.6494922041893005 
vt 0.7660595178604126 0.604320764541626 
vt 0.7750863432884216 0.6676828861236572 
vt 0.7677673101425171 0.668537437915802 
vt 0.7743544578552246 0.6741533875465393 
vt 0.7674013376235962 0.6784263253211975 
vt 0.7760621905326843 0.6852630972862244 
vt 0.8199764490127563 0.6841643452644348 
vt 0.7926520109176636 0.6642645001411438 
vt 0.7911882400512695 0.6576718688011169 
vt 0.7938718795776367 0.6480271816253662 
vt 0.7982633113861084 0.6407020688056946 
vt 0.8007029891014099 0.6425333619117737 
vt 0.8116815090179443 0.6345978379249573 
vt 0.8108276724815369 0.6313015222549438 
vt 0.8165609240531921 0.6295923590660095 
vt 0.8013129234313965 0.6554743647575378 
vt 0.7955796718597412 0.6455854773521423 
vt 0.8092418313026428 0.6446087956428528 
vt 0.8127793669700623 0.6342315673828125 
vt 0.8198544383049011 0.6514455676078796 
vt 0.8132673501968384 0.6646307110786438 
vt 0.29117581248283386 0.6206801533699036 
vt 0.2915417551994324 0.6510792970657349 
vt 0.3200860023498535 0.6205580830574036 
vt 0.3213058412075043 0.6825772523880005 
vt 0.32362353801727295 0.7102905511856079 
vt 0.29276159405708313 0.6834318041801453 
vt 0.2943474054336548 0.6978378891944885 
vt 0.2944693863391876 0.7113893032073975 
vt 0.32118386030197144 0.7182260751724243 
vt 0.2947133481502533 0.7308008074760437 
vt 0.32154983282089233 0.7426430583000183 
vt 0.29349350929260254 0.7480148077011108 
vt 0.31959807872772217 0.7503343820571899 
vt 0.31813427805900574 0.7754839062690735 
vt 0.29117581248283386 0.7789022922515869 
vt 0.2933715283870697 0.8018542528152466 
vt 0.3203299939632416 0.800877571105957 
vt 0.8455930948257446 0.19265012443065643 
vt 0.845349133014679 0.23244984447956085 
vt 0.8083879947662354 0.1935047209262848 
vt 0.7927740216255188 0.19265012443065643 
vt 0.8133893013000488 0.25234970450401306 
vt 0.7917981147766113 0.26089563965797424 
vt 0.7925300598144531 0.29251566529273987 
vt 0.8457150459289551 0.2938585877418518 
vt 0.8447391986846924 0.2815279960632324 
vt 0.8448612093925476 0.27285996079444885 
vt 0.8457150459289551 0.24880923330783844 
vt 0.40266919136047363 0.7622987627983093 
vt 0.37949222326278687 0.7646183371543884 
vt 0.4025472104549408 0.7550957202911377 
vt 0.3779064416885376 0.7531423568725586 
vt 0.36534208059310913 0.7525319457054138 
vt 0.3652200996875763 0.8012438416481018 
vt 0.3796142041683197 0.7840298414230347 
vt 0.37766245007514954 0.8343288898468018 
vt 0.4046209156513214 0.8364043235778809 
vt 0.3892509341239929 0.8661930561065674 
vt 0.405230849981308 0.8663151860237122 
vt 0.3652200996875763 0.8654605746269226 
vt 0.9276883006095886 0.6847747564315796 
vt 0.9320797324180603 0.6643865704536438 
vt 0.9500113725662231 0.6844084858894348 
vt 0.9506213068962097 0.6446087956428528 
vt 0.9282982349395752 0.6380162239074707 
vt 0.9491574764251709 0.6282494068145752 
vt 0.9324457049369812 0.6159188151359558 
vt 0.950377345085144 0.604320764541626 
vt 0.9393987655639648 0.6074949502944946 
vt 0.9448880553245544 0.6018790602684021 
vt 0.9328116774559021 0.6002919673919678 
vt 0.9501333832740784 0.59565269947052 
vt 0.9379349946975708 0.5830779671669006 
vt 0.9500113725662231 0.5832000374794006 
vt 0.9275663495063782 0.6669503450393677 
vt 0.9275663495063782 0.5902809500694275 
vt 0.32569727301597595 0.8480024337768555 
vt 0.3255752921104431 0.8317651152610779 
vt 0.3348460793495178 0.8370147347450256 
vt 0.3330163061618805 0.794407069683075 
vt 0.3611946105957031 0.8356718420982361 
vt 0.3652200996875763 0.7994126081466675 
vt 0.3652200996875763 0.8654605746269226 
vt 0.3263072073459625 0.8659489154815674 
vt 0.3652200996875763 0.7525319457054138 
vt 0.32911282777786255 0.7554619908332825 
vt 0.32642918825149536 0.7757281064987183 
vt 0.32362353801727295 0.7894015908241272 
vt 0.6809147000312805 0.5322905778884888 
vt 0.6917712688446045 0.5330231189727783 
vt 0.680304765701294 0.5656198263168335 
vt 0.7134844064712524 0.5536554455757141 
vt 0.6988463401794434 0.6002919673919678 
vt 0.6805487275123596 0.59553062915802 
vt 0.680304765701294 0.6103029251098633 
vt 0.6953088045120239 0.6106691956520081 
vt 0.680304765701294 0.6266623139381409 
vt 0.7188516855239868 0.639847457408905 
vt 0.7369053363800049 0.6811122298240662 
vt 0.7659375071525574 0.6464400887489319 
vt 0.7658155560493469 0.6852630972862244 
vt 0.7304401993751526 0.5330231189727783 
vt 0.6809147000312805 0.6621890664100647 
vt 0.6806707382202148 0.6724441647529602 
vt 0.7275125980377197 0.6176280379295349 
vt 0.7373932600021362 0.6056636571884155 
vt 0.765449583530426 0.5813687443733215 
vt 0.7225112318992615 0.6061519980430603 
vt 0.714094340801239 0.59565269947052 
vt 0.7112886905670166 0.5838104486465454 
vt 0.7309281229972839 0.5926005840301514 
vt 0.7356855273246765 0.5617130994796753 
vt 0.765449583530426 0.5333893895149231 
vt 0.7203155159950256 0.591257631778717 
vt 0.9587942361831665 0.09986553341150284 
vt 0.9580623507499695 0.06580381840467453 
vt 0.9368371367454529 0.09998761862516403 
vt 0.9528170228004456 0.05591493099927902 
vt 0.9376910328865051 0.03186418488621712 
vt 0.9601360559463501 0.032718781381845474 
vt 0.9368371367454529 0.0003662550006993115 
vt 0.9595261216163635 0 
vt 0.1612628549337387 0.9316306114196777 
vt 0.19005107879638672 0.9323631525039673 
vt 0.1646783947944641 0.9112424254417419 
vt 0.1902950406074524 0.9250380396842957 
vt 0.17638885974884033 0.8829187154769897 
vt 0.19005107879638672 0.8509324789047241 
vt 0.1646783947944641 0.8552054166793823 
vt 0.19005107879638672 0.8211436867713928 
vt 0.1612628549337387 0.8389680981636047 
vt 0.1612628549337387 0.8211436867713928 
vt 0.1690698266029358 0.8974468111991882 
vt 0.6718878746032715 0.49224671721458435 
vt 0.7006760835647583 0.49224671721458435 
vt 0.6733517050743103 0.5283838510513306 
vt 0.6999441981315613 0.5169078707695007 
vt 0.7004321217536926 0.5294826626777649 
vt 0.6223623752593994 0.30936339497566223 
vt 0.6207765936851501 0.3185197710990906 
vt 0.6417578458786011 0.3100959062576294 
vt 0.6417578458786011 0.334146648645401 
vt 0.6211425065994263 0.334268718957901 
vt 0.0009758719825185835 0.9350489974021912 
vt 0.028056319802999496 0.9346827864646912 
vt 0 0.8863371014595032 
vt 0.026714496314525604 0.8878021240234375 
vt 0.028178304433822632 0.8217541575431824 
vt 0 0.8221203684806824 
vt 0.28288090229034424 0.9592218399047852 
vt 0.2827589213848114 0.9512863159179688 
vt 0.3070337176322937 0.9588555693626404 
vt 0.31032729148864746 0.9138062000274658 
vt 0.2830028831958771 0.9098995327949524 
vt 0.2827589213848114 0.8849941492080688 
vt 0.3104492723941803 0.8875579237937927 
vt 0.6057725548744202 0.9007431268692017 
vt 0.6055285930633545 0.9161258339881897 
vt 0.632731020450592 0.8990339636802673 
vt 0.6326090097427368 0.9268693327903748 
vt 0.6211425065994263 0.9434728622436523 
vt 0.632731020450592 0.9726511836051941 
vt 0.6235821843147278 0.9733837246894836 
vt 0.6076022982597351 0.9724070429801941 
vt 0.6062604784965515 0.9350489974021912 
vt 0.9752621054649353 0.5830779671669006 
vt 0.9740422368049622 0.590891420841217 
vt 0.9946575164794922 0.584787130355835 
vt 0.9753840565681458 0.6321561336517334 
vt 0.9957553744316101 0.6306911110877991 
vt 0.9740422368049622 0.6569393873214722 
vt 0.9940476417541504 0.6584044098854065 
vt 0.9575744271278381 0.18788881599903107 
vt 0.9369590878486633 0.18593545258045197 
vt 0.9594041705131531 0.16225096583366394 
vt 0.9401307106018066 0.1588325798511505 
vt 0.9486695528030396 0.15199582278728485 
vt 0.9463518857955933 0.14808911085128784 
vt 0.9486695528030396 0.1429615318775177 
vt 0.9598920941352844 0.1347818374633789 
vt 0.9369590878486633 0.12831133604049683 
vt 0.9598920941352844 0.10096429288387299 
vt 0.9368371367454529 0.10560352355241776 
vt 0.9381789565086365 0.09998761862516403 
vt 0.9378129839897156 0.14015358686447144 
vt 0.8246118426322937 0.12098623812198639 
vt 0.8242458701133728 0.09522630274295807 
vt 0.8014348745346069 0.12171874195337296 
vt 0.7848450541496277 0.09339502453804016 
vt 0.8246118426322937 0.18215082585811615 
vt 0.8246118426322937 0.14845536649227142 
vt 0.8168048858642578 0.18202874064445496 
vt 0.7791118025779724 0.145036980509758 
vt 0.7593504190444946 0.17763367295265198 
vt 0.7578865885734558 0.14406029880046844 
vt 0.7571547031402588 0.1146378144621849 
vt 0.801068902015686 0.12525920569896698 
vt 0.9746521711349487 0.3398846387863159 
vt 0.9759939908981323 0.37724265456199646 
vt 0.9951454997062683 0.3379312753677368 
vt 0.992705762386322 0.38322481513023376 
vt 0.9746521711349487 0.3962879180908203 
vt 0.9951454997062683 0.4093509912490845 
vt 0.9764819145202637 0.41154852509498596 
vt 0.7659375071525574 0.5838104486465454 
vt 0.7953356504440308 0.5832000374794006 
vt 0.7683772444725037 0.5552425980567932 
vt 0.7972874045372009 0.546818733215332 
vt 0.7659375071525574 0.5044552087783813 
vt 0.7930179834365845 0.5038447976112366 
vt 0.9079269170761108 0.00012208499538246542 
vt 0.8957285284996033 0 
vt 0.9182955622673035 0.006226335186511278 
vt 0.8973143100738525 0.04797940328717232 
vt 0.9184175133705139 0.01831275038421154 
vt 0.9196373820304871 0.0282016359269619 
vt 0.9075609445571899 0.04163098335266113 
vt 0.9156119227409363 0.03748009353876114 
vt 0.9164658188819885 0.040776390582323074 
vt 0.9070730209350586 0.05554867535829544 
vt 0.9174416661262512 0.05408365651965141 
vt 0.9176856279373169 0.06922219693660736 
vt 0.915855884552002 0.10621394962072372 
vt 0.8957285284996033 0.11305070668458939 
vt 0.9141480922698975 0.15223999321460724 
vt 0.8960944414138794 0.15175165235996246 
vt 0.9513531923294067 0.5830779671669006 
vt 0.9618438482284546 0.5833221077919006 
vt 0.9531829953193665 0.5984606742858887 
vt 0.9740422368049622 0.5836883783340454 
vt 0.9596481323242188 0.6150642037391663 
vt 0.9507433176040649 0.615430474281311 
vt 0.9620878100395203 0.619581401348114 
vt 0.9734323024749756 0.6186047196388245 
vt 0.9579403400421143 0.6256856322288513 
vt 0.955622673034668 0.6376499533653259 
vt 0.9513531923294067 0.668293297290802 
vt 0.9506213068962097 0.6504688858985901 
vt 0.972090482711792 0.6573056578636169 
vt 0.9740422368049622 0.668171226978302 
vt 0.777891993522644 0.1107310950756073 
vt 0.756422758102417 0.09193000197410583 
vt 0.6438315510749817 0.3683304488658905 
vt 0.6434655785560608 0.3583194613456726 
vt 0.6505406498908997 0.366254985332489 
vt 0.6433436274528503 0.346233069896698 
vt 0.6557859778404236 0.34489011764526367 
vt 0.6587135791778564 0.3404950797557831 
vt 0.6756693720817566 0.34476804733276367 
vt 0.6668865084648132 0.353924423456192 
vt 0.664202868938446 0.36967337131500244 
vt 0.6463932394981384 0.37760889530181885 
vt 0.6696921586990356 0.3845677375793457 
vt 0.6498087644577026 0.3810272812843323 
vt 0.6506626605987549 0.3943345546722412 
vt 0.6438315510749817 0.4093509912490845 
vt 0.6713999509811401 0.4061768054962158 
vt 0.6615192294120789 0.41533318161964417 
vt 0.6749374866485596 0.42778584361076355 
vt 0.6432216167449951 0.44622066617012024 
vt 0.6689602732658386 0.4525690972805023 
vt 0.6432216167449951 0.49224671721458435 
vt 0.6896975636482239 0.47430023550987244 
vt 0.6795728802680969 0.48602038621902466 
vt 0.724219024181366 0.4789394438266754 
vt 0.7292203307151794 0.45806291699409485 
vt 0.7293423414230347 0.4733235538005829 
vt 0.729830265045166 0.43389010429382324 
vt 0.727268636226654 0.4308379590511322 
vt 0.7166560292243958 0.44011643528938293 
vt 0.7178758382797241 0.42168158292770386 
vt 0.7226332426071167 0.42192575335502625 
vt 0.7281224727630615 0.42192575335502625 
vt 0.714826226234436 0.41142645478248596 
vt 0.7142162919044495 0.4150890111923218 
vt 0.7042136192321777 0.4082522392272949 
vt 0.7067753076553345 0.41826319694519043 
vt 0.7038477063179016 0.4271754026412964 
vt 0.6815246343612671 0.43743056058883667 
vt 0.6837202906608582 0.4331575930118561 
vt 0.6806707382202148 0.4104497730731964 
vt 0.6879897713661194 0.42021656036376953 
vt 0.6870138645172119 0.40739765763282776 
vt 0.6911613345146179 0.4047117829322815 
vt 0.6839643120765686 0.4004387855529785 
vt 0.6962846517562866 0.39946213364601135 
vt 0.699090301990509 0.3966541588306427 
vt 0.6927471160888672 0.3945787250995636 
vt 0.6992123126983643 0.3881082236766815 
vt 0.6910393834114075 0.39396828413009644 
vt 0.6887216567993164 0.3887186348438263 
vt 0.6844522356987 0.3849340081214905 
vt 0.6911613345146179 0.37931808829307556 
vt 0.6981144547462463 0.38139355182647705 
vt 0.7114107012748718 0.39164867997169495 
vt 0.709946870803833 0.40605470538139343 
vt 0.7210474014282227 0.40788599848747253 
vt 0.7260487675666809 0.4152110815048218 
vt 0.7286104559898376 0.38346898555755615 
vt 0.7297083139419556 0.4164319336414337 
vt 0.6820125579833984 0.39555540680885315 
vt 0.729098379611969 0.36515623331069946 
vt 0.7031157612800598 0.37370219826698303 
vt 0.7007980942726135 0.34476804733276367 
vt 0.6964066624641418 0.34550055861473083 
vt 0.6977484822273254 0.33927422761917114 
vt 0.71067875623703 0.3379312753677368 
vt 0.7238530516624451 0.3501397669315338 
vt 0.7283664345741272 0.3381754457950592 
vt 0.6965286135673523 0.36967337131500244 
vt 0.6854280829429626 0.3643016517162323 
vt 0.6944549083709717 0.35746487975120544 
vt 0.6926251649856567 0.34501221776008606 
vt 0.6857940554618835 0.33878588676452637 
vt 0.6827444434165955 0.3486747741699219 
vt 0.6796948313713074 0.34110549092292786 
vt 0.6867699027061462 0.35490110516548157 
vt 0.6816465854644775 0.35563361644744873 
vt 0.6795728802680969 0.3506281077861786 
vt 0.674327552318573 0.3559998571872711 
vt 0.6745715141296387 0.3624703586101532 
vt 0.6753033995628357 0.37187090516090393 
vt 0.6777430772781372 0.3547790050506592 
vt 0.6815246343612671 0.35978448390960693 
vt 0.6821345090866089 0.3728475868701935 
vt 0.6785969734191895 0.38603276014328003 
vt 0.447071373462677 0.177023246884346 
vt 0.4418260455131531 0.16884355247020721 
vt 0.447071373462677 0.1650589257478714 
vt 0.9084148406982422 0.3379312753677368 
vt 0.8857257962226868 0.3384196162223816 
vt 0.9051212668418884 0.37138256430625916 
vt 0.8818223476409912 0.36527833342552185 
vt 0.8830421566963196 0.38359105587005615 
vt 0.904999315738678 0.40129339694976807 
vt 0.8849939107894897 0.4165540337562561 
vt 0.9035354852676392 0.41594359278678894 
vt 0.8880435228347778 0.42204785346984863 
vt 0.8870676755905151 0.43401217460632324 
vt 0.8847499489784241 0.4309600591659546 
vt 0.9079269170761108 0.4324250817298889 
vt 0.8852378726005554 0.45818501710891724 
vt 0.9065850973129272 0.46782973408699036 
vt 0.8867017030715942 0.4734456241130829 
vt 0.9084148406982422 0.47808486223220825 
vt 0.8859698176383972 0.4790615439414978 
vt 0.5113569498062134 0.33487915992736816 
vt 0.5113569498062134 0.3198626935482025 
vt 0.5080633759498596 0.3302399218082428 
vt 0.2858085036277771 0.4915142059326172 
vt 0.2858085036277771 0.47381189465522766 
vt 0.29459136724472046 0.48443329334259033 
vt 0.5050137639045715 0.3198626935482025 
vt 0.5015981793403625 0.3243798315525055 
vt 0.5050137639045715 0.33512333035469055 
vt 0.1612628549337387 0.17152942717075348 
vt 0.14772261679172516 0.17238402366638184 
vt 0.16004300117492676 0.12440461665391922 
vt 0.14882047474384308 0.11744576692581177 
vt 0.16040895879268646 0.09620297700166702 
vt 0.15077222883701324 0.06568173319101334 
vt 0.1328405737876892 0.09925510734319687 
vt 0.12759526073932648 0.13990941643714905 
vt 0.10600409656763077 0.12574754655361176 
vt 0.10539417713880539 0.13368307054042816 
vt 0.12076415866613388 0.15443752706050873 
vt 0.160896897315979 0.07373934239149094 
vt 0.16077491641044617 0.03967762365937233 
vt 0.15650546550750732 0.041386816650629044 
vt 0.1612628549337387 0 
vt 0.1533338874578476 0.0009766799630597234 
vt 0.13515827059745789 0.016847729682922363 
vt 0.1201542392373085 0.0031742099672555923 
vt 0.08636467158794403 0.04614812880754471 
vt 0.07282444834709167 0.0056159100495278835 
vt 0.06440754979848862 0.0944937914609909 
vt 0.049037568271160126 0.05127570033073425 
vt 0.05952819064259529 0.00720301503315568 
vt 0.03708313778042793 0.00793552491813898 
vt 0.028300287202000618 0.039555538445711136 
vt 0.012686336413025856 0.009766800329089165 
vt 0.010612607933580875 0.037358008325099945 
vt 0.008050943724811077 0.07093138247728348 
vt 0.045134078711271286 0.06763508915901184 
vt 0.03744908794760704 0.10303974151611328 
vt 0.05172121524810791 0.12306167930364609 
vt 0.04696384072303772 0.16273930668830872 
vt 0.004269440192729235 0.12330584973096848 
vt 0.001585792051628232 0.15785589814186096 
vt 0.04281638562679291 0.17995329201221466 
vt 0 0.18276125192642212 
vt 0.06562738865613937 0.17836618423461914 
vt 0.07477619498968124 0.1428394466638565 
vt 0.11551884561777115 0.17458154261112213 
vt 0.10637004673480988 0.15431544184684753 
vt 0.09478157013654709 0.1327063888311386 
vt 0.08904831856489182 0.09437170624732971 
vt 0.11161535978317261 0.08606992661952972 
vt 0.1294250190258026 0.07410559803247452 
vt 0.07136064022779465 0.11170777678489685 
vt 0.08526681363582611 0.1349039226770401 
vt 0.0674571543931961 0.12025372684001923 
vt 0.05782041698694229 0.11805619299411774 
vt 0.09331776201725006 0.17629073560237885 
vt 0.10197862237691879 0.1750698834657669 
vt 0.6021130084991455 0.33719876408576965 
vt 0.6007711887359619 0.30936339497566223 
vt 0.6207765936851501 0.3363441824913025 
vt 0.6207765936851501 0.30948546528816223 
vt 0.9958773851394653 0.48663079738616943 
vt 0.9768478870391846 0.4846774637699127 
vt 0.9942916035652161 0.45806291699409485 
vt 0.9774578213691711 0.4430464506149292 
vt 0.9958773851394653 0.4187515377998352 
vt 0.9751400947570801 0.41740861535072327 
vt 0.7586184740066528 0.6886814832687378 
vt 0.7839911580085754 0.6872164607048035 
vt 0.774842381477356 0.7100463509559631 
vt 0.8009469509124756 0.707970917224884 
vt 0.8255876898765564 0.6852630972862244 
vt 0.8235139846801758 0.7204235792160034 
vt 0.8085099458694458 0.7160285115242004 
vt 0.8072901368141174 0.7281149625778198 
vt 0.823635995388031 0.725917398929596 
vt 0.8232700228691101 0.7358062863349915 
vt 0.7950916886329651 0.7426430583000183 
vt 0.8229040503501892 0.7662054896354675 
vt 0.7860649228096008 0.7729201316833496 
vt 0.8233919739723206 0.7702342867851257 
vt 0.8013129234313965 0.7244523763656616 
vt 0.7886265516281128 0.7275044918060303 
vt 0.7837471961975098 0.7177377343177795 
vt 0.7770380973815918 0.7282370328903198 
vt 0.7810635566711426 0.7428871989250183 
vt 0.7676452994346619 0.7205456495285034 
vt 0.7588624358177185 0.7159064412117004 
vt 0.7630099058151245 0.7268940806388855 
vt 0.7611801624298096 0.7345854640007019 
vt 0.7586184740066528 0.7463055849075317 
vt 0.7600823044776917 0.7746293544769287 
vt 0.8957285284996033 0.16591352224349976 
vt 0.8756011724472046 0.17152942717075348 
vt 0.8942646980285645 0.13002052903175354 
vt 0.875723123550415 0.12440461665391922 
vt 0.8951185941696167 0.09681340306997299 
vt 0.8729175329208374 0.09620297700166702 
vt 0.8727955222129822 0.07373934239149094 
vt 0.8937767744064331 0.07666938006877899 
vt 0.8759670853614807 0.039555538445711136 
vt 0.8957285284996033 0.032108355313539505 
vt 0.8732834458351135 0 
vt 0.8913370966911316 0.0012208500411361456 
vt 0.5050137639045715 0.3325595259666443 
vt 0.5080633759498596 0.33719876408576965 
vt 0.5080633759498596 0.3198626935482025 
vt 0.410110205411911 0.1650589257478714 
vt 0.41608741879463196 0.17592447996139526 
vt 0.410110205411911 0.17787784337997437 
vt 0.9519631266593933 0.34159383177757263 
vt 0.9526950120925903 0.3866432011127472 
vt 0.9746521711349487 0.3379312753677368 
vt 0.9725784063339233 0.3944566249847412 
vt 0.9519631266593933 0.42326870560646057 
vt 0.9700167775154114 0.42326870560646057 
vt 0.756422758102417 0 
vt 0.7736225128173828 0.025027424097061157 
vt 0.7575206160545349 0.026736615225672722 
vt 0.7583745121955872 0.03845677524805069 
vt 0.7759402394294739 0.043828513473272324 
vt 0.7595943808555603 0.07325100153684616 
vt 0.7971654534339905 0.0025637850631028414 
vt 0.8069241642951965 0.032108355313539505 
vt 0.8082659840583801 0.06336211413145065 
vt 0.8322968482971191 0.05884496867656708 
vt 0.8327847719192505 0.07166389375925064 
vt 0.8327847719192505 0.005249654874205589 
vt 0.7603262662887573 0.08741285651922226 
vt 0.7713048458099365 0.08814536780118942 
vt 0.7764281630516052 0.07801231741905212 
vt 0.8094858527183533 0.0783785730600357 
vt 0.7813075184822083 0.08338405191898346 
vt 0.7952136993408203 0.08936621993780136 
vt 0.8103396892547607 0.08985456079244614 
vt 0.8318089246749878 0.09193000197410583 
vt 0.3182562589645386 0.3767543137073517 
vt 0.317646324634552 0.3622261881828308 
vt 0.3221597373485565 0.36552250385284424 
vt 0.3221597373485565 0.34720975160598755 
vt 0.15699340403079987 0.5104373693466187 
vt 0.16004300117492676 0.5210587978363037 
vt 0.15699340403079987 0.5230121612548828 
vt 0.08136332780122757 0.9444495439529419 
vt 0.07099469006061554 0.9437170624732971 
vt 0.0811193585395813 0.9529955387115479 
vt 0.05879628658294678 0.9435949921607971 
vt 0.0814853087067604 0.9968240261077881 
vt 0.05879628658294678 0.9968240261077881 
vt 0.5258730053901672 0.3307282626628876 
vt 0.5258730053901672 0.33732086420059204 
vt 0.5311183333396912 0.33304786682128906 
vt 0.5311183333396912 0.3367104232311249 
vt 0.1571153849363327 0.4474415183067322 
vt 0.1584572196006775 0.45830708742141724 
vt 0.16101887822151184 0.44573232531547546 
vt 0.16101887822151184 0.4630683958530426 
vt 0.158823162317276 0.4651438593864441 
vt 0.5206277370452881 0.3307282626628876 
vt 0.5206277370452881 0.33732086420059204 
vt 0.5247751474380493 0.3318270444869995 
vt 0.5258730053901672 0.33768710494041443 
vt 0.2054210603237152 0.1733607053756714 
vt 0.18017037212848663 0.15565837919712067 
vt 0.1687038689851761 0.1711631715297699 
vt 0.1612628549337387 0.1651810109615326 
vt 0.1790725141763687 0.12379419058561325 
vt 0.16175077855587006 0.12916593253612518 
vt 0.16150681674480438 0.09608089178800583 
vt 0.17333926260471344 0.10157471895217896 
vt 0.17309530079364777 0.08582575619220734 
vt 0.1821221113204956 0.09937719255685806 
vt 0.19151487946510315 0.12098623812198639 
vt 0.20615296065807343 0.15578046441078186 
vt 0.21822938323020935 0.1729944497346878 
vt 0.2190832644701004 0.14857745170593262 
vt 0.22359667718410492 0.16054177284240723 
vt 0.222498819231987 0.16835521161556244 
vt 0.23591706156730652 0.17189568281173706 
vt 0.22737817466259003 0.1749477982521057 
vt 0.1612628549337387 0.07593686878681183 
vt 0.22640229761600494 0.14821119606494904 
vt 0.23628300428390503 0.14613574743270874 
vt 0.25409266352653503 0.17348279058933258 
vt 0.26031386852264404 0.15175165235996246 
vt 0.2814171016216278 0.1790986955165863 
vt 0.3053259551525116 0.17397113144397736 
vt 0.31374284625053406 0.18178457021713257 
vt 0.3149626851081848 0.1729944497346878 
vt 0.3220377564430237 0.17433738708496094 
vt 0.3032522201538086 0.14576949179172516 
vt 0.314840704202652 0.1548037827014923 
vt 0.31337690353393555 0.11134152114391327 
vt 0.28593048453330994 0.10206305980682373 
vt 0.30276429653167725 0.08204112201929092 
vt 0.2867843806743622 0.08277363330125809 
vt 0.2944693863391876 0.07471601665019989 
vt 0.3080095946788788 0.06531547755002975 
vt 0.30069056153297424 0.05518241971731186 
vt 0.31301093101501465 0.05274071916937828 
vt 0.3204519748687744 0.15590254962444305 
vt 0.317646324634552 0.11414947360754013 
vt 0.2922736704349518 0.056891608983278275 
vt 0.27056050300598145 0.07874482870101929 
vt 0.29483532905578613 0.03528256341814995 
vt 0.3049600124359131 0.044194769114255905 
vt 0.3108152449131012 0.03638133034110069 
vt 0.3059358596801758 0.03503839671611786 
vt 0.3077656328678131 0.022707810625433922 
vt 0.3042280972003937 0.023684490472078323 
vt 0.3080095946788788 0.009644715115427971 
vt 0.30386215448379517 0.009400544688105583 
vt 0.2967870831489563 0.00793552491813898 
vt 0.3094733953475952 0.008912204764783382 
vt 0.2958112061023712 0.02075444906949997 
vt 0.27531787753105164 0.03039916418492794 
vt 0.27665969729423523 0.00720301503315568 
vt 0.25689831376075745 0.022707810625433922 
vt 0.2507990896701813 0.004883400164544582 
vt 0.23933260142803192 0.03308503329753876 
vt 0.20420122146606445 0.002075444906949997 
vt 0.26202163100242615 0.06958845257759094 
vt 0.26885274052619934 0.0944937914609909 
vt 0.27031654119491577 0.10975441336631775 
vt 0.26165568828582764 0.10999858379364014 
vt 0.2526288628578186 0.11170777678489685 
vt 0.25860607624053955 0.09351710975170135 
vt 0.2259143739938736 0.13136346638202667 
vt 0.2160336673259735 0.13575851917266846 
vt 0.21469183266162872 0.14247319102287292 
vt 0.21030041575431824 0.12342793494462967 
vt 0.19468645751476288 0.108655646443367 
vt 0.1893191635608673 0.08619201183319092 
vt 0.17858457565307617 0.0825294628739357 
vt 0.2234746813774109 0.1548037827014923 
vt 0.2149358093738556 0.12550337612628937 
vt 0.20993445813655853 0.10438267141580582 
vt 0.20273740589618683 0.10291765630245209 
vt 0.20359130203723907 0.09510421752929688 
vt 0.2177414447069168 0.1228175088763237 
vt 0.23384332656860352 0.11646909266710281 
vt 0.25445863604545593 0.09424962103366852 
vt 0.23884467780590057 0.08521533012390137 
vt 0.22408460080623627 0.05188612639904022 
vt 0.2242065966129303 0.1027955710887909 
vt 0.23164761066436768 0.09766799956560135 
vt 0.22615833580493927 0.08143069595098495 
vt 0.2259143739938736 0.09742382913827896 
vt 0.21127629280090332 0.09949927777051926 
vt 0.20420122146606445 0.09205208718776703 
vt 0.1910269409418106 0.08338405191898346 
vt 0.200541689991951 0.07215223461389542 
vt 0.1889532208442688 0.07715772092342377 
vt 0.17919449508190155 0.06409462541341782 
vt 0.17992639541625977 0.07911107689142227 
vt 0.17480307817459106 0.07813440263271332 
vt 0.18529368937015533 0.08155278116464615 
vt 0.17431513965129852 0.06494922190904617 
vt 0.17126554250717163 0.04614812880754471 
vt 0.17736473679542542 0.047002725303173065 
vt 0.1749250590801239 0 
vt 0.18443980813026428 0.0017091899644583464 
vt 0.21237415075302124 0.0786227434873581 
vt 0.1612628549337387 0.03137584403157234 
vt 0.16162879765033722 0.0004883399815298617 
vt 0.22188889980316162 0.08350613713264465 
vt 0.47695744037628174 0.1751919686794281 
vt 0.46976038813591003 0.1751919686794281 
vt 0.4700043499469757 0.16750061511993408 
vt 0.7589844465255737 0.9907197952270508 
vt 0.7792338132858276 0.9921848177909851 
vt 0.7594723701477051 0.9830284118652344 
vt 0.7825273871421814 0.9787554740905762 
vt 0.7819174528121948 0.946402907371521 
vt 0.7586184740066528 0.946158766746521 
vt 0.7825273871421814 0.9328514933586121 
vt 0.7628879547119141 0.9335839748382568 
vt 0.3091074526309967 0.48028239607810974 
vt 0.30239832401275635 0.4926129877567291 
vt 0.30239832401275635 0.47381189465522766 
vt 0.6432216167449951 0.49224671721458435 
vt 0.6432216167449951 0.5082398653030396 
vt 0.6718878746032715 0.4926129877567291 
vt 0.6712779402732849 0.531680166721344 
vt 0.6432216167449951 0.5321685075759888 
vt 0.1574813425540924 0.40007254481315613 
vt 0.16101887822151184 0.42412328720092773 
vt 0.16101887822151184 0.39763084053993225 
vt 0.049891456961631775 0.9914522767066956 
vt 0.028178304433822632 0.9901093244552612 
vt 0.0513552650809288 0.9836388230323792 
vt 0.028178304433822632 0.9641052484512329 
vt 0.0513552650809288 0.9260147213935852 
vt 0.033423617482185364 0.92662513256073 
vt 0.317646324634552 0.44023850560188293 
vt 0.317646324634552 0.4207049012184143 
vt 0.3208179175853729 0.4308379590511322 
vt 0.32228171825408936 0.42204785346984863 
vt 0.3208179175853729 0.4755210876464844 
vt 0.32362353801727295 0.48186948895454407 
vt 0.3208179175853729 0.487485408782959 
vt 0.9512312412261963 0.19423723220825195 
vt 0.9425703883171082 0.19411514699459076 
vt 0.9423264265060425 0.19838812947273254 
vt 0.9331775903701782 0.19265012443065643 
vt 0.9328116774559021 0.20131815969944 
vt 0.9515972137451172 0.19960898160934448 
vt 0.932323694229126 0.22903145849704742 
vt 0.9513531923294067 0.2297639697790146 
vt 0.9331775903701782 0.2518613636493683 
vt 0.9558666348457336 0.253570556640625 
vt 0.9561105966567993 0.2860451638698578 
vt 0.9330556392669678 0.29483526945114136 
vt 0.9439122080802917 0.29483526945114136 
vt 0.9564765691757202 0.2938585877418518 
vt 0.9564765691757202 0.20778867602348328 
vt 0.9553787112236023 0.22597932815551758 
vt 0.45231667160987854 0.1650589257478714 
vt 0.45719602704048157 0.17421530187129974 
vt 0.4587818384170532 0.1650589257478714 
vt 0.16101887822151184 0.33927422761917114 
vt 0.1557735651731491 0.33329203724861145 
vt 0.16077491641044617 0.3284086585044861 
vt 0.1561395227909088 0.32743197679519653 
vt 0.16101887822151184 0.3135142922401428 
vt 0.9787996411323547 0.7635195851325989 
vt 0.9797754883766174 0.7449626922607422 
vt 0.960502028465271 0.7620545625686646 
vt 0.9806293845176697 0.7273824214935303 
vt 0.9607459902763367 0.7264057397842407 
vt 0.9834350347518921 0.7055292129516602 
vt 0.960502028465271 0.6856293678283691 
vt 0.9831910133361816 0.6852630972862244 
vt 0.9697728157043457 0.9206429719924927 
vt 0.9886803030967712 0.9190558791160583 
vt 0.9700167775154114 0.897813081741333 
vt 0.9856306910514832 0.8838953971862793 
vt 0.9817272424697876 0.8785236477851868 
vt 0.9709926247596741 0.8685126900672913 
vt 0.9873384833335876 0.8685126900672913 
vt 0.9877044558525085 0.8340847492218018 
vt 0.9890462756156921 0.8379914164543152 
vt 0.9697728157043457 0.8349393010139465 
vt 0.6989682912826538 0.6890477538108826 
vt 0.7086050510406494 0.7107788920402527 
vt 0.6805487275123596 0.6897802352905273 
vt 0.680304765701294 0.7481368780136108 
vt 0.7139723300933838 0.6964949369430542 
vt 0.7165340185165405 0.688315212726593 
vt 0.7178758382797241 0.6944195032119751 
vt 0.7151921987533569 0.7129763960838318 
vt 0.7187297344207764 0.7227432131767273 
vt 0.7192176580429077 0.741300106048584 
vt 0.7204375267028809 0.7314112186431885 
vt 0.7244629859924316 0.7350738048553467 
vt 0.7355635166168213 0.7477706074714661 
vt 0.7322699427604675 0.7408117651939392 
vt 0.745566189289093 0.7511889934539795 
vt 0.7428825497627258 0.7592465877532959 
vt 0.7523972988128662 0.7730422019958496 
vt 0.7356855273246765 0.7648625373840332 
vt 0.7262927293777466 0.7746293544769287 
vt 0.7190957069396973 0.7602232694625854 
vt 0.7532511949539185 0.7528982162475586 
vt 0.709214985370636 0.7743851542472839 
vt 0.6962846517562866 0.7752397656440735 
vt 0.680304765701294 0.7757281064987183 
vt 0.7192176580429077 0.712488055229187 
vt 0.7229991555213928 0.7229873538017273 
vt 0.7255608439445496 0.732265830039978 
vt 0.7294642925262451 0.7222548723220825 
vt 0.7288544178009033 0.7343412637710571 
vt 0.74068683385849 0.727870762348175 
vt 0.756422758102417 0.7156622409820557 
vt 0.7537391185760498 0.7384921908378601 
vt 0.7320259809494019 0.7360504865646362 
vt 0.7445903420448303 0.7438638806343079 
vt 0.7238530516624451 0.7056512832641602 
vt 0.7383691668510437 0.6867281198501587 
vt 0.7586184740066528 0.6852630972862244 
vt 0.7286104559898376 0.6918556690216064 
vt 0.29459136724472046 0.4912700355052948 
vt 0.30239832401275635 0.49078169465065 
vt 0.29459136724472046 0.48186948895454407 
vt 0.30239832401275635 0.47381189465522766 
vt 0.2960551679134369 0.4746664762496948 
vt 0.34692248702049255 0.9940160512924194 
vt 0.34423884749412537 0.955193042755127 
vt 0.36375629901885986 0.9956032037734985 
vt 0.3642442226409912 0.955193042755127 
vt 0.16077491641044617 0.2904402017593384 
vt 0.15394380688667297 0.2895856201648712 
vt 0.160896897315979 0.28299301862716675 
vt 0.15394380688667297 0.25076258182525635 
vt 0.16040895879268646 0.2496638298034668 
vt 0.9779457449913025 0.2794525623321533 
vt 0.976237952709198 0.22585724294185638 
vt 0.9597700834274292 0.27859798073768616 
vt 0.9580623507499695 0.22024133801460266 
vt 0.9564765691757202 0.19265012443065643 
vt 0.9778237342834473 0.21303832530975342 
vt 0.9779457449913025 0.19277220964431763 
vt 0.5644199848175049 0.6812343001365662 
vt 0.5579547882080078 0.6803796887397766 
vt 0.5644199848175049 0.6613344550132751 
vt 0.5577108263969421 0.6603577733039856 
vt 0.6801827549934387 0.6939311623573303 
vt 0.6788409352302551 0.7342191934585571 
vt 0.6724978089332581 0.6918556690216064 
vt 0.6724978089332581 0.7343412637710571 
vt 0.3278929889202118 0.9566580653190613 
vt 0.3348460793495178 0.9555593132972717 
vt 0.32362353801727295 0.9898651838302612 
vt 0.34423884749412537 0.955193042755127 
vt 0.32435545325279236 0.9974344372749329 
vt 0.34423884749412537 0.9975565075874329 
vt 0.15979903936386108 0.2436816543340683 
vt 0.15443174540996552 0.22622349858283997 
vt 0.15979903936386108 0.22488057613372803 
vt 0.1584572196006775 0.2152358591556549 
vt 0.12405772507190704 0.9182012677192688 
vt 0.12381376326084137 0.9449378848075867 
vt 0.10136870294809341 0.917346715927124 
vt 0.10161267220973969 0.9477458596229553 
vt 0.12466764450073242 0.9565359950065613 
vt 0.12247193604707718 0.9913302063941956 
vt 0.10941965132951736 0.9764358401298523 
vt 0.10868774354457855 0.9870572090148926 
vt 0.10563814640045166 0.979610025882721 
vt 0.10136870294809341 0.9851038455963135 
vt 0.10356441885232925 0.970697820186615 
vt 0.9330556392669678 0.36710959672927856 
vt 0.9356172680854797 0.3542906641960144 
vt 0.9376910328865051 0.35734280943870544 
vt 0.9341534972190857 0.3381754457950592 
vt 0.9506213068962097 0.3379312753677368 
vt 0.9519631266593933 0.35343608260154724 
vt 0.9500113725662231 0.3638133108615875 
vt 0.9513531923294067 0.3931137025356293 
vt 0.9381789565086365 0.40739765763282776 
vt 0.9519631266593933 0.42546623945236206 
vt 0.9353733062744141 0.43608760833740234 
vt 0.9336655139923096 0.46184754371643066 
vt 0.9506213068962097 0.46196964383125305 
vt 0.934641420841217 0.3805389404296875 
vt 0.43523889780044556 0.1650589257478714 
vt 0.4367027282714844 0.17677907645702362 
vt 0.4319453537464142 0.1732386201620102 
vt 0.4307255148887634 0.17677907645702362 
vt 0.3224036991596222 0.4755210876464844 
vt 0.317646324634552 0.4655101001262665 
vt 0.3224036991596222 0.45806291699409485 
vt 0.26616910099983215 0.5217912793159485 
vt 0.269096702337265 0.5198379158973694 
vt 0.26616910099983215 0.5079956650733948 
vt 0.7328798770904541 0.5308255553245544 
vt 0.733245849609375 0.5274072289466858 
vt 0.7382471561431885 0.5311918258666992 
vt 0.7371492981910706 0.5235005021095276 
vt 0.7312940955162048 0.5245992541313171 
vt 0.729830265045166 0.5121465921401978 
vt 0.7382471561431885 0.5100711584091187 
vt 0.7382471561431885 0.5025018453598022 
vt 0.5280687212944031 0.3198626935482025 
vt 0.5280687212944031 0.32914116978645325 
vt 0.5241652727127075 0.32315900921821594 
vt 0.4307255148887634 0.1650589257478714 
vt 0.42523622512817383 0.16676810383796692 
vt 0.4306035339832306 0.17213985323905945 
vt 0.4307255148887634 0.17799992859363556 
vt 0.32362353801727295 0.4451219141483307 
vt 0.3227696716785431 0.44023850560188293 
vt 0.3227696716785431 0.44951698184013367 
vt 0.915489912033081 0.8333522081375122 
vt 0.8973143100738525 0.8340847492218018 
vt 0.9156119227409363 0.8200449347496033 
vt 0.8942646980285645 0.8261491656303406 
vt 0.8954845666885376 0.7928199768066406 
vt 0.9182955622673035 0.7907445430755615 
vt 0.896704375743866 0.745451033115387 
vt 0.91890549659729 0.7439860105514526 
vt 0.8942646980285645 0.732143759727478 
vt 0.9180516004562378 0.7181039452552795 
vt 0.8960944414138794 0.7098022103309631 
vt 0.9187834858894348 0.6979599595069885 
vt 0.9078049063682556 0.6853851675987244 
vt 0.8963384032249451 0.6852630972862244 
vt 0.9179295897483826 0.8105223178863525 
vt 0.005001343786716461 0.6403357982635498 
vt 0.015979904681444168 0.6402137279510498 
vt 0.004757375922054052 0.6347199082374573 
vt 0.040986623615026474 0.6388707756996155 
vt 0.04830566421151161 0.6343536376953125 
vt 0.055746689438819885 0.6400916576385498 
vt 0.07343436777591705 0.6343536376953125 
vt 0.0725804790854454 0.6403357982635498 
vt 0.08502284437417984 0.6367953419685364 
vt 0.10734591633081436 0.6194592714309692 
vt 0.10758988559246063 0.6382603645324707 
vt 0.10368639975786209 0.6399695873260498 
vt 0.0040254718624055386 0.6166513562202454 
vt 0.007319040130823851 0.6081053614616394 
vt 0.10722393542528152 0.6052974462509155 
vt 0.03159385547041893 0.5761191248893738 
vt 0.10795584321022034 0.5770958065986633 
vt 0.10588211566209793 0.5497487783432007 
vt 0.0619678720831871 0.5115361213684082 
vt 0.10637004673480988 0.5291163921356201 
vt 0.09075609594583511 0.5036005973815918 
vt 0.10649203509092331 0.5014030933380127 
vt 0.10637004673480988 0.49859514832496643 
vt 0.0845349133014679 0.4974963665008545 
vt 0.0009758719825185835 0.5716019868850708 
vt 0.006709119770675898 0.5899147391319275 
vt 0.0687989741563797 0.5004264116287231 
vt 0.06087001785635948 0.5010368227958679 
vt 0.04842764884233475 0.5057981610298157 
vt 0.05330700799822807 0.49871721863746643 
vt 0.045743998140096664 0.49651968479156494 
vt 0.035619329661130905 0.5095828175544739 
vt 0.01256435178220272 0.49603134393692017 
vt 0.01732172816991806 0.5139778256416321 
vt 0.025494655594229698 0.5214250087738037 
vt 0.027324415743350983 0.5308255553245544 
vt 0.01927347108721733 0.535831093788147 
vt 0.01134451199322939 0.5331451892852783 
vt 0.009636735543608665 0.5415690541267395 
vt 0.0014638080028817058 0.5326568484306335 
vt 0 0.5463303923606873 
vt 0.004757375922054052 0.5575621724128723 
vt 0.01036863960325718 0.5277734398841858 
vt 0.01707776077091694 0.5415690541267395 
vt 0.023298943415284157 0.542301595211029 
vt 0.03940083086490631 0.526918888092041 
vt 0.040376704186201096 0.5172741413116455 
vt 0.04745177552103996 0.5153207778930664 
vt 0.2296958714723587 0.7968487739562988 
vt 0.2501891851425171 0.8106443881988525 
vt 0.22993983328342438 0.8046622276306152 
vt 0.23018380999565125 0.8462932109832764 
vt 0.2529948055744171 0.849101185798645 
vt 0.23042777180671692 0.8762040734291077 
vt 0.25763019919395447 0.8941505551338196 
vt 0.23030579090118408 0.8986676931381226 
vt 0.2560444176197052 0.9179571270942688 
vt 0.2296958714723587 0.9183233976364136 
vt 0.25787419080734253 0.8237075209617615 
vt 0.2526288628578186 0.8101560473442078 
vt 0.25689831376075745 0.9122191071510315 
vt 0.4268220067024231 0.639481246471405 
vt 0.3526557385921478 0.639847457408905 
vt 0.4282858371734619 0.619825541973114 
vt 0.32472139596939087 0.624220609664917 
vt 0.3929104506969452 0.6084716320037842 
vt 0.32362353801727295 0.615552544593811 
vt 0.32496538758277893 0.584420919418335 
vt 0.32362353801727295 0.5593934655189514 
vt 0.38010215759277344 0.49639761447906494 
vt 0.3237455487251282 0.49786263704299927 
vt 0.3707093894481659 0.49639761447906494 
vt 0.32398951053619385 0.639481246471405 
vt 0.42877376079559326 0.5973619222640991 
vt 0.4302375614643097 0.5675731897354126 
vt 0.43255525827407837 0.5259422063827515 
vt 0.41096410155296326 0.4954209327697754 
vt 0.43255525827407837 0.5180066823959351 
vt 0.4337750971317291 0.5032343864440918 
vt 0.4336531162261963 0.49456632137298584 
vt 0.1902950406074524 0.8878021240234375 
vt 0.19517439603805542 0.8730298280715942 
vt 0.19127091765403748 0.9127074480056763 
vt 0.22127898037433624 0.9241834282875061 
vt 0.1948084533214569 0.9238172173500061 
vt 0.22127898037433624 0.8500778675079346 
vt 0.19761407375335693 0.8563041687011719 
vt 0.19212479889392853 0.825050413608551 
vt 0.19090496003627777 0.8437294363975525 
vt 0.21981516480445862 0.8213878870010376 
vt 0.19212479889392853 0.8211436867713928 
vt 0.9712365865707397 0.9927952289581299 
vt 0.9716025590896606 0.9768021106719971 
vt 0.9928277730941772 0.9921848177909851 
vt 0.9697728157043457 0.9638610482215881 
vt 0.9888023138046265 0.970453679561615 
vt 0.9916079640388489 0.955437183380127 
vt 0.970626711845398 0.9467691779136658 
vt 0.9705047011375427 0.9206429719924927 
vt 0.9923398494720459 0.9315085411071777 
vt 0.9928277730941772 0.9206429719924927 
vt 0.3009345233440399 0.9592218399047852 
vt 0.30044659972190857 0.9702094793319702 
vt 0.2844666838645935 0.9595881104469299 
vt 0.2827589213848114 0.9695990681648254 
vt 0.2995927035808563 0.9809529781341553 
vt 0.2844666838645935 0.9871793389320374 
vt 0.3009345233440399 0.999265730381012 
vt 0.2837347984313965 0.999509871006012 
vt 0.3583889901638031 0.16334973275661469 
vt 0.36326834559440613 0.16054177284240723 
vt 0.3228916525840759 0.1649368405342102 
vt 0.3679037392139435 0.1449148952960968 
vt 0.32264769077301025 0.1286775916814804 
vt 0.3228916525840759 0.10487101227045059 
vt 0.4001075327396393 0.10157471895217896 
vt 0.3220377564430237 0.061897095292806625 
vt 0.4370686709880829 0.16273930668830872 
vt 0.41230592131614685 0.1628613919019699 
vt 0.4384104907512665 0.14637991786003113 
vt 0.3933984041213989 0.15150748193264008 
vt 0.36985549330711365 0.1628613919019699 
vt 0.42182067036628723 0.07032095640897751 
vt 0.3816879391670227 0.06104249879717827 
vt 0.4206008315086365 0.06372836977243423 
vt 0.3946182429790497 0.0003662550006993115 
vt 0.4175512194633484 0 
vt 0.3618045449256897 0.03406171500682831 
vt 0.34423884749412537 0.025027424097061157 
vt 0.3221597373485565 0.03320711851119995 
vt 0.32264769077301025 0.011109734885394573 
vt 0.3480203449726105 0.0004883399815298617 
vt 0.3220377564430237 0.0010987649438902736 
vt 0.38973888754844666 0 
vt 0.4840325117111206 0.06922219693660736 
vt 0.45914778113365173 0.06971053779125214 
vt 0.4833005964756012 0.08729077130556107 
vt 0.4775673747062683 0.1147598996758461 
vt 0.4822027385234833 0.11378321796655655 
vt 0.48037299513816833 0.14589157700538635 
vt 0.46439307928085327 0.16457058489322662 
vt 0.4798850417137146 0.1650589257478714 
vt 0.5163582563400269 0.3282865583896637 
vt 0.5170902013778687 0.3198626935482025 
vt 0.5113569498062134 0.3198626935482025 
vt 0.22713421285152435 0.6762288212776184 
vt 0.17565695941448212 0.7238419651985168 
vt 0.1913928985595703 0.6762288212776184 
vt 0.17407116293907166 0.6764729619026184 
vt 0.22859801352024078 0.7442301511764526 
vt 0.22750015556812286 0.7631533145904541 
vt 0.16443443298339844 0.7651066780090332 
vt 0.22957389056682587 0.7735305428504944 
vt 0.2296958714723587 0.8002671599388123 
vt 0.1612628549337387 0.7908666133880615 
vt 0.16236069798469543 0.8162603378295898 
vt 0.20517708361148834 0.8194345235824585 
vt 0.2296958714723587 0.8211436867713928 
vt 0.1612628549337387 0.7571711540222168 
vt 0.16175077855587006 0.7393467426300049 
vt 0.16150681674480438 0.7188364863395691 
vt 0.1618727743625641 0.6758625507354736 
vt 0.16211673617362976 0.6706129312515259 
vt 0.19529637694358826 0.6734208464622498 
vt 0.21066637337207794 0.6752521395683289 
vt 0.2653152048587799 0.542301595211029 
vt 0.2617776691913605 0.4670972228050232 
vt 0.24738354980945587 0.542301595211029 
vt 0.2368929237127304 0.4403606057167053 
vt 0.26141172647476196 0.45977210998535156 
vt 0.25970393419265747 0.42216992378234863 
vt 0.2566543221473694 0.35905197262763977 
vt 0.18785536289215088 0.3498955965042114 
vt 0.17748671770095825 0.4045896828174591 
vt 0.16748403012752533 0.34720975160598755 
vt 0.16589823365211487 0.3982412815093994 
vt 0.16382451355457306 0.45586538314819336 
vt 0.1612628549337387 0.542301595211029 
vt 0.8022887706756592 0.8429968953132629 
vt 0.7920421361923218 0.8516649603843689 
vt 0.8208303451538086 0.8433631658554077 
vt 0.8198544383049011 0.8854824900627136 
vt 0.8216842412948608 0.9127074480056763 
vt 0.7920421361923218 0.9048939943313599 
vt 0.7920421361923218 0.9257705807685852 
vt 0.7998490929603577 0.9324852228164673 
vt 0.8211963176727295 0.9330956339836121 
vt 0.12076415866613388 0.6692699790000916 
vt 0.13162073493003845 0.6695141196250916 
vt 0.10844377428293228 0.6614565253257751 
vt 0.11356710642576218 0.6430217027664185 
vt 0.132108673453331 0.6444867253303528 
vt 0.13052287697792053 0.6098145842552185 
vt 0.11515289545059204 0.6013907194137573 
vt 0.1311327964067459 0.5574401021003723 
vt 0.10893171280622482 0.5397377610206604 
vt 0.12198399752378464 0.5184950232505798 
vt 0.132108673453331 0.5238667130470276 
vt 0.1307668536901474 0.49627551436424255 
vt 0.11930035054683685 0.49603134393692017 
vt 0.11551884561777115 0.5097048878669739 
vt 0.1125912293791771 0.49676385521888733 
vt 0.10893171280622482 0.6418008208274841 
vt 0.10795584321022034 0.5984606742858887 
vt 0.1146649569272995 0.5233783721923828 
vt 0.4654909372329712 0.35770905017852783 
vt 0.49610891938209534 0.35978448390960693 
vt 0.4743957817554474 0.34757599234580994 
vt 0.5100151300430298 0.36308079957962036 
vt 0.527336835861206 0.3406171500682831 
vt 0.4635392129421234 0.3932357728481293 
vt 0.5005003809928894 0.37321385741233826 
vt 0.4925713837146759 0.3922590911388397 
vt 0.47085824608802795 0.42216992378234863 
vt 0.4618314206600189 0.42998337745666504 
vt 0.47049227356910706 0.44206979870796204 
vt 0.46195340156555176 0.44792985916137695 
vt 0.47183412313461304 0.4468311071395874 
vt 0.4792751371860504 0.4310821294784546 
vt 0.493547260761261 0.4414593577384949 
vt 0.49074164032936096 0.43157047033309937 
vt 0.49964645504951477 0.43559926748275757 
vt 0.5114789009094238 0.40983933210372925 
vt 0.5105030536651611 0.4308379590511322 
vt 0.5059896111488342 0.43633177876472473 
vt 0.5173341631889343 0.4266870617866516 
vt 0.520139753818512 0.41814112663269043 
vt 0.5281907320022583 0.4148448407649994 
vt 0.533314049243927 0.40947309136390686 
vt 0.5305083990097046 0.4185073673725128 
vt 0.5405111312866211 0.41337981820106506 
vt 0.5363636612892151 0.40739765763282776 
vt 0.5396572351455688 0.4047117829322815 
vt 0.5064775943756104 0.3989737927913666 
vt 0.5203837156295776 0.3866432011127472 
vt 0.5252631306648254 0.382736474275589 
vt 0.5285566449165344 0.35892990231513977 
vt 0.5405111312866211 0.37370219826698303 
vt 0.5427067875862122 0.38761988282203674 
vt 0.5542953014373779 0.3923811912536621 
vt 0.5562470555305481 0.39934003353118896 
vt 0.5577108263969421 0.42803001403808594 
vt 0.5357537269592285 0.43950599431991577 
vt 0.5231893658638 0.4203386604785919 
vt 0.5547832250595093 0.4487844705581665 
vt 0.5584427714347839 0.44573232531547546 
vt 0.559174656867981 0.4655101001262665 
vt 0.5239212512969971 0.48663079738616943 
vt 0.5610044002532959 0.5219133496284485 
vt 0.548318088054657 0.5322905778884888 
vt 0.49720677733421326 0.527163028717041 
vt 0.496352881193161 0.4927350580692291 
vt 0.4723220467567444 0.5321685075759888 
vt 0.4764695167541504 0.48833999037742615 
vt 0.46768665313720703 0.5139778256416321 
vt 0.4689064919948578 0.463190495967865 
vt 0.4584158658981323 0.5023797750473022 
vt 0.4575619697570801 0.5230121612548828 
vt 0.45707404613494873 0.5322905778884888 
vt 0.5028180480003357 0.531802237033844 
vt 0.46122151613235474 0.4570862352848053 
vt 0.4707362651824951 0.4547666311264038 
vt 0.4815928339958191 0.4575745761394501 
vt 0.497694730758667 0.47210270166397095 
vt 0.5072094798088074 0.4846774637699127 
vt 0.5095271468162537 0.46831804513931274 
vt 0.5065995454788208 0.44219186902046204 
vt 0.4940352141857147 0.4486623704433441 
vt 0.49415719509124756 0.44402313232421875 
vt 0.4545123875141144 0.8200449347496033 
vt 0.45439040660858154 0.8301780223846436 
vt 0.4442657232284546 0.8216320276260376 
vt 0.42560216784477234 0.8218762278556824 
vt 0.4552443027496338 0.8657047152519226 
vt 0.42560216784477234 0.8851162791252136 
vt 0.4503649175167084 0.9024523496627808 
vt 0.42694398760795593 0.9225963354110718 
vt 0.4473153352737427 0.9206429719924927 
vt 0.4351169168949127 0.92625892162323 
vt 0.4265780448913574 0.9299214482307434 
vt 0.3228916525840759 0.3639353811740875 
vt 0.3221597373485565 0.34720975160598755 
vt 0.3221597373485565 0.3765101432800293 
vt 0.5533193945884705 0.3850560784339905 
vt 0.5525875091552734 0.3646678924560547 
vt 0.5555151104927063 0.3467214107513428 
vt 0.5480741262435913 0.3379312753677368 
vt 0.8329067230224609 0.5324127078056335 
vt 0.8326627612113953 0.5233783721923828 
vt 0.8247338533401489 0.5331451892852783 
vt 0.8035085797309875 0.5331451892852783 
vt 0.8279054164886475 0.5076294541358948 
vt 0.805216372013092 0.48211365938186646 
vt 0.8291252255439758 0.48455536365509033 
vt 0.8235139846801758 0.4773523509502411 
vt 0.8281493782997131 0.47784069180488586 
vt 0.8324187994003296 0.4707597494125366 
vt 0.8315649032592773 0.44206979870796204 
vt 0.8043624758720398 0.4243674576282501 
vt 0.829613208770752 0.4243674576282501 
vt 0.8322968482971191 0.4045896828174591 
vt 0.8314429521560669 0.3481864333152771 
vt 0.8035085797309875 0.3379312753677368 
vt 0.8325408101081848 0.5055539608001709 
vt 0.8326627612113953 0.4851658046245575 
vt 0.5258730053901672 0.8063714504241943 
vt 0.5061116218566895 0.8074702024459839 
vt 0.5258730053901672 0.7791464924812317 
vt 0.5123327970504761 0.7706004977226257 
vt 0.5252631306648254 0.7530202865600586 
vt 0.48378854990005493 0.7776814699172974 
vt 0.45707404613494873 0.8122314810752869 
vt 0.45743998885154724 0.7915991544723511 
vt 0.4584158658981323 0.7593687176704407 
vt 0.47732338309288025 0.7624208331108093 
vt 0.45780596137046814 0.7332425117492676 
vt 0.4850083887577057 0.7684029936790466 
vt 0.5057456493377686 0.7550957202911377 
vt 0.5084292888641357 0.7471601963043213 
vt 0.5247751474380493 0.7119997143745422 
vt 0.4772014021873474 0.7525319457054138 
vt 0.4682965874671936 0.7199352383613586 
vt 0.458659827709198 0.6761067509651184 
vt 0.4662228524684906 0.6953961849212646 
vt 0.5024520754814148 0.6735429167747498 
vt 0.49513304233551025 0.6657295227050781 
vt 0.511600911617279 0.6713454127311707 
vt 0.5131866931915283 0.6630436182022095 
vt 0.5247751474380493 0.6700024604797363 
vt 0.5234333276748657 0.6603577733039856 
vt 0.4587818384170532 0.6667062044143677 
vt 0.47561562061309814 0.6651190519332886 
vt 0.5142845511436462 0.6920998692512512 
vt 0.5039159059524536 0.6919777989387512 
vt 0.47012633085250854 0.7023550271987915 
vt 0.49928051233291626 0.7347075343132019 
vt 0.5073314309120178 0.7345854640007019 
vt 0.517578125 0.7221328020095825 
vt 0.48183679580688477 0.3164443075656891 
vt 0.48183679580688477 0.309851735830307 
vt 0.48317861557006836 0.31327012181282043 
vt 0.8821882605552673 0.4871191382408142 
vt 0.8849939107894897 0.5350985527038574 
vt 0.9045113325119019 0.4868749678134918 
vt 0.9062191247940063 0.5341218709945679 
vt 0.9030475616455078 0.5526788234710693 
vt 0.8849939107894897 0.5779504179954529 
vt 0.9047553539276123 0.5752645134925842 
vt 0.9039014577865601 0.6110354065895081 
vt 0.8825542330741882 0.624220609664917 
vt 0.8980461955070496 0.639481246471405 
vt 0.8821882605552673 0.6415566802024841 
vt 0.8893853425979614 0.6428996324539185 
vt 0.9025596380233765 0.6425333619117737 
vt 0.9046333432197571 0.6311794519424438 
vt 0.7131184935569763 0.9015977382659912 
vt 0.7394670248031616 0.9015977382659912 
vt 0.7123865485191345 0.9260147213935852 
vt 0.7393450140953064 0.950797975063324 
vt 0.7108007669448853 0.9688665866851807 
vt 0.7398329377174377 0.970575749874115 
vt 0.04720780625939369 0.4934675693511963 
vt 0.022567039355635643 0.495176762342453 
vt 0.010002687573432922 0.443534791469574 
vt 0.005855232011526823 0.4949325919151306 
vt 0.0040254718624055386 0.4470752775669098 
vt 0.005977216176688671 0.4211932420730591 
vt 0.0018297600327059627 0.40410134196281433 
vt 0.006099199876189232 0.4003167152404785 
vt 0 0.3579532206058502 
vt 0.014394111931324005 0.3544127643108368 
vt 0.00036595200072042644 0.3404950797557831 
vt 0.021713152527809143 0.3403729796409607 
vt 0.07587404549121857 0.3422042429447174 
vt 0.08331507444381714 0.3828585743904114 
vt 0.06611532717943192 0.39787501096725464 
vt 0.0797775387763977 0.4246116280555725 
vt 0.09112204611301422 0.4453660845756531 
vt 0.06623731553554535 0.4933454990386963 
vt 0.08721856027841568 0.46770763397216797 
vt 0.13198669254779816 0.47027140855789185 
vt 0.10368639975786209 0.4506157338619232 
vt 0.09356173127889633 0.43804097175598145 
vt 0.08819442987442017 0.4287625253200531 
vt 0.09014617651700974 0.41997238993644714 
vt 0.08368102461099625 0.40129339694976807 
vt 0.10856576263904572 0.3967762589454651 
vt 0.09819711744785309 0.3684525191783905 
vt 0.11234726756811142 0.3744347095489502 
vt 0.11051750183105469 0.3424484133720398 
vt 0.13223065435886383 0.3518489599227905 
vt 0.13088883459568024 0.34305885434150696 
vt 0.12637542188167572 0.4044676125049591 
vt 0.09612338989973068 0.41618776321411133 
vt 0.10307648032903671 0.4286404252052307 
vt 0.09392768144607544 0.4327913224697113 
vt 0.13198669254779816 0.4104497730731964 
vt 0.12271590530872345 0.4163098633289337 
vt 0.11551884561777115 0.42815208435058594 
vt 0.10697996616363525 0.4348667562007904 
vt 0.10222259163856506 0.438895583152771 
vt 0.10929766297340393 0.4409710168838501 
vt 0.12332582473754883 0.42583248019218445 
vt 0.1252775639295578 0.4210711717605591 
vt 0.13027891516685486 0.4310821294784546 
vt 0.13223065435886383 0.4403606057167053 
vt 0.12503360211849213 0.43559926748275757 
vt 0.12576550245285034 0.45354577898979187 
vt 0.11454297602176666 0.4445114731788635 
vt 0.132108673453331 0.4565978944301605 
vt 0.13186469674110413 0.4911479651927948 
vt 0.12430169433355331 0.49590927362442017 
vt 0.08758451044559479 0.49603134393692017 
vt 0.05684454366564751 0.4956651031970978 
vt 0.5280687212944031 0.32706570625305176 
vt 0.5329480767250061 0.32682153582572937 
vt 0.5280687212944031 0.3198626935482025 
vt 0.46976038813591003 0.18154039978981018 
vt 0.47488370537757874 0.1751919686794281 
vt 0.47488370537757874 0.18166248500347137 
vt 0.9819712042808533 0.15028662979602814 
vt 0.9862406253814697 0.1589546650648117 
vt 0.982215166091919 0.14259527623653412 
vt 0.9988049864768982 0.16041968762874603 
vt 0.9916079640388489 0.16762270033359528 
vt 0.9991709589958191 0.17152942717075348 
vt 0.9866065979003906 0.17482571303844452 
vt 0.9819712042808533 0.1832495778799057 
vt 0.48317861557006836 0.27859798073768616 
vt 0.48244673013687134 0.28458014130592346 
vt 0.4690284729003906 0.29678863286972046 
vt 0.4802510142326355 0.2941027581691742 
vt 0.47671347856521606 0.3037474751472473 
vt 0.47049227356910706 0.3080204427242279 
vt 0.48317861557006836 0.309851735830307 
vt 0.4307255148887634 0.17677907645702362 
vt 0.4343850314617157 0.17824409902095795 
vt 0.4307255148887634 0.181418314576149 
vt 0.5012322664260864 0.3320711851119995 
vt 0.5015981793403625 0.32523444294929504 
vt 0.49720677733421326 0.3277982175350189 
vt 0.49720677733421326 0.3198626935482025 
vt 0.5170902013778687 0.3326816260814667 
vt 0.5206277370452881 0.3281644880771637 
vt 0.5170902013778687 0.3198626935482025 
vt 0.520139753818512 0.3203510344028473 
vt 0.8491306304931641 0.6160408854484558 
vt 0.8407137393951416 0.6100587248802185 
vt 0.8421775102615356 0.6552302241325378 
vt 0.8199764490127563 0.6100587248802185 
vt 0.8199764490127563 0.6852630972862244 
vt 0.8454710841178894 0.6758625507354736 
vt 0.8368102312088013 0.6851410269737244 
vt 0.045134078711271286 0.8217541575431824 
vt 0.028300287202000618 0.8218762278556824 
vt 0.05782041698694229 0.8368926644325256 
vt 0.028178304433822632 0.8397006392478943 
vt 0.05342899262905121 0.8672918677330017 
vt 0.05782041698694229 0.9127074480056763 
vt 0.057698432356119156 0.8620421886444092 
vt 0.029520127922296524 0.9256484508514404 
vt 0.05782041698694229 0.9260147213935852 
vt 0.8668183088302612 0.6852630972862244 
vt 0.8930448889732361 0.6855072975158691 
vt 0.866696298122406 0.7056512832641602 
vt 0.8942646980285645 0.7062617540359497 
vt 0.8917030692100525 0.7328762412071228 
vt 0.884018063545227 0.7382479906082153 
vt 0.8882874846458435 0.7439860105514526 
vt 0.8881655335426331 0.7597349286079407 
vt 0.8926789164543152 0.7621766328811646 
vt 0.89255690574646 0.7787802219390869 
vt 0.8942646980285645 0.8298117518424988 
vt 0.8671842813491821 0.8301780223846436 
vt 0.8668183088302612 0.8207774758338928 
vt 0.8662083745002747 0.7638858556747437 
vt 0.8654764890670776 0.7377596497535706 
vt 0.8932888507843018 0.7431313991546631 
vt 0.2584840953350067 0.9234509468078613 
vt 0.2693406641483307 0.9232067465782166 
vt 0.2584840953350067 0.9011093974113464 
vt 0.2809291481971741 0.9152712225914001 
vt 0.2806851863861084 0.8785236477851868 
vt 0.25787419080734253 0.889022946357727 
vt 0.25860607624053955 0.8464152812957764 
vt 0.27909940481185913 0.8478803038597107 
vt 0.25787419080734253 0.8156498670578003 
vt 0.2797093093395233 0.8135744333267212 
vt 0.28153908252716064 0.7968487739562988 
vt 0.25933799147605896 0.7968487739562988 
vt 0.2812950909137726 0.9227184057235718 
vt 0.28117311000823975 0.8571587800979614 
vt 0.28190502524375916 0.83811354637146 
vt 0.40071743726730347 0.49383383989334106 
vt 0.43145740032196045 0.4935896694660187 
vt 0.4364587664604187 0.4755210876464844 
vt 0.45024293661117554 0.4935896694660187 
vt 0.43316519260406494 0.46795180439949036 
vt 0.45207270979881287 0.4463427662849426 
vt 0.40718260407447815 0.4714922606945038 
vt 0.3720512092113495 0.4672192931175232 
vt 0.3580230474472046 0.49456632137298584 
vt 0.3411892354488373 0.48186948895454407 
vt 0.3460686206817627 0.49456632137298584 
vt 0.32362353801727295 0.49444425106048584 
vt 0.32398951053619385 0.47039350867271423 
vt 0.36131662130355835 0.46453341841697693 
vt 0.36058470606803894 0.42595455050468445 
vt 0.3648541569709778 0.42558830976486206 
vt 0.4035230576992035 0.4595279395580292 
vt 0.4446316659450531 0.43779680132865906 
vt 0.4531705677509308 0.42766374349594116 
vt 0.42426034808158875 0.4126473069190979 
vt 0.40791448950767517 0.41911780834198 
vt 0.38290777802467346 0.40141546726226807 
vt 0.32362353801727295 0.410327672958374 
vt 0.3248434066772461 0.4207049012184143 
vt 0.3237455487251282 0.44182562828063965 
vt 0.4262121021747589 0.3988516926765442 
vt 0.39900967478752136 0.39384621381759644 
vt 0.45548826456069946 0.36942920088768005 
vt 0.4539024531841278 0.40520012378692627 
vt 0.33777371048927307 0.3989737927913666 
vt 0.323867529630661 0.39360204339027405 
vt 0.32362353801727295 0.36137160658836365 
vt 0.34728845953941345 0.3739463686943054 
vt 0.3237455487251282 0.34110549092292786 
vt 0.3611946105957031 0.3402509093284607 
vt 0.3672938346862793 0.3581973910331726 
vt 0.37876030802726746 0.3398846387863159 
vt 0.40510886907577515 0.33927422761917114 
vt 0.3659519851207733 0.3719930052757263 
vt 0.4391424059867859 0.3382975459098816 
vt 0.45158475637435913 0.34916308522224426 
vt 0.45707404613494873 0.34098339080810547 
vt 0.35826700925827026 0.3707721531391144 
vt 0.45646414160728455 0.3379312753677368 
vt 0.14747865498065948 0.9223521947860718 
vt 0.14747865498065948 0.9432287216186523 
vt 0.13540224730968475 0.917346715927124 
vt 0.12466764450073242 0.9422520399093628 
vt 0.12466764450073242 0.9182012677192688 
vt 0.14455103874206543 0.9569022059440613 
vt 0.12674137949943542 0.970697820186615 
vt 0.14418508112430573 0.9731395244598389 
vt 0.13564620912075043 0.9835167527198792 
vt 0.14259929955005646 0.9826621413230896 
vt 0.12759526073932648 0.9916964769363403 
vt 0.3980337977409363 0.1809299737215042 
vt 0.40413299202919006 0.1712852567434311 
vt 0.3980337977409363 0.1650589257478714 
vt 0.5380714535713196 0.32474610209465027 
vt 0.5424628257751465 0.32474610209465027 
vt 0.5390473008155823 0.33146077394485474 
vt 0.6724978089332581 0.7757281064987183 
vt 0.6703020930290222 0.7671821117401123 
vt 0.670180082321167 0.7911108136177063 
vt 0.6424897313117981 0.789523720741272 
vt 0.644319474697113 0.7707226276397705 
vt 0.6413918733596802 0.756560742855072 
vt 0.6422457695007324 0.7283591032028198 
vt 0.6709120273590088 0.7359283566474915 
vt 0.6715219020843506 0.7110230326652527 
vt 0.642855703830719 0.7010120749473572 
vt 0.6465151906013489 0.6903906464576721 
vt 0.6426116824150085 0.6805018186569214 
vt 0.6434655785560608 0.652788519859314 
vt 0.6724978089332581 0.6494922041893005 
vt 0.6460272669792175 0.6499805450439453 
vt 0.8821882605552673 0.6317898631095886 
vt 0.881700336933136 0.6066403388977051 
vt 0.8531560897827148 0.6324002742767334 
vt 0.8530341386795044 0.6052974462509155 
vt 0.854375958442688 0.5791712403297424 
vt 0.8790166974067688 0.5731890797615051 
vt 0.8531560897827148 0.5383948683738708 
vt 0.879870593547821 0.5552425980567932 
vt 0.8810904026031494 0.5348544120788574 
vt 0.8548638820648193 0.49651968479156494 
vt 0.8821882605552673 0.49212464690208435 
vt 0.8784067630767822 0.4868749678134918 
vt 0.8536440134048462 0.4868749678134918 
vt 0.8821882605552673 0.5807583332061768 
vt 0.709214985370636 0.9031848311424255 
vt 0.6843302249908447 0.902086079120636 
vt 0.709214985370636 0.9512863159179688 
vt 0.6828664541244507 0.9354152679443359 
vt 0.6832323670387268 0.950920045375824 
vt 0.6818905472755432 0.9674015641212463 
vt 0.680304765701294 0.9317527413368225 
vt 0.7090929746627808 0.9682561159133911 
vt 0.48244673013687134 0.23183941841125488 
vt 0.48012903332710266 0.2500300705432892 
vt 0.48012903332710266 0.2212180197238922 
vt 0.4774453639984131 0.18422625958919525 
vt 0.4690284729003906 0.18178457021713257 
vt 0.48012903332710266 0.23025231063365936 
vt 0.4690284729003906 0.23025231063365936 
vt 0.48183679580688477 0.32083937525749207 
vt 0.48183679580688477 0.33744293451309204 
vt 0.49037566781044006 0.3198626935482025 
vt 0.4902536869049072 0.33695459365844727 
vt 0.2296958714723587 0.9183233976364136 
vt 0.2310376912355423 0.9432287216186523 
vt 0.25750821828842163 0.9183233976364136 
vt 0.2571422755718231 0.9781450033187866 
vt 0.23042777180671692 0.9725291132926941 
vt 0.23677094280719757 0.9781450033187866 
vt 0.6046746969223022 0.9951148629188538 
vt 0.5875969529151917 0.9952369332313538 
vt 0.6039428114891052 0.9489666819572449 
vt 0.5875969529151917 0.9486004710197449 
vt 0.8790166974067688 0.19265012443065643 
vt 0.8854818344116211 0.1931384652853012 
vt 0.8777968883514404 0.20082981884479523 
vt 0.9058532118797302 0.1933826357126236 
vt 0.87755286693573 0.2273222655057907 
vt 0.9059751629829407 0.2615060806274414 
vt 0.8774309158325195 0.2455129325389862 
vt 0.8823102712631226 0.27102869749069214 
vt 0.876820981502533 0.2572330832481384 
vt 0.8786507248878479 0.27310413122177124 
vt 0.8790166974067688 0.2975211441516876 
vt 0.9068290591239929 0.29654446244239807 
vt 0.876820981502533 0.31729891896247864 
vt 0.904999315738678 0.3179093301296234 
vt 0.23567308485507965 0.7953837513923645 
vt 0.26958462595939636 0.7894015908241272 
vt 0.2296958714723587 0.7869598865509033 
vt 0.2553125023841858 0.7720655202865601 
vt 0.2854425609111786 0.7572932839393616 
vt 0.2831248641014099 0.745573103427887 
vt 0.2895900011062622 0.7581478357315063 
vt 0.2888581156730652 0.7178598046302795 
vt 0.24555379152297974 0.7209119200706482 
vt 0.2888581156730652 0.7093138694763184 
vt 0.2649492621421814 0.796116292476654 
vt 0.28983399271965027 0.7968487739562988 
vt 0.28983399271965027 0.7731643319129944 
vt 0.23164761066436768 0.7605895400047302 
vt 0.23603904247283936 0.7306787371635437 
vt 0.23262348771095276 0.7423988580703735 
vt 0.23713690042495728 0.7149297595024109 
vt 0.2558004558086395 0.6931986212730408 
vt 0.2375028431415558 0.6905127763748169 
vt 0.24933528900146484 0.6706129312515259 
vt 0.2378688007593155 0.6707350015640259 
vt 0.26507124304771423 0.673054575920105 
vt 0.28153908252716064 0.6706129312515259 
vt 0.2892240583896637 0.6797692775726318 
vt 0.2886141538619995 0.6967390775680542 
vt 0.2608017921447754 0.7096800804138184 
vt 0.10136870294809341 0.796360433101654 
vt 0.1612628549337387 0.796360433101654 
vt 0.10283251106739044 0.7546073794364929 
vt 0.15931110084056854 0.7283591032028198 
vt 0.10490623861551285 0.712365984916687 
vt 0.11417702585458755 0.7087033987045288 
vt 0.10563814640045166 0.6958845257759094 
vt 0.1465027779340744 0.7163947820663452 
vt 0.10551615804433823 0.6708570718765259 
vt 0.14601485431194305 0.6808680295944214 
vt 0.12747327983379364 0.6706129312515259 
vt 0.15650546550750732 0.6718337535858154 
vt 0.15772531926631927 0.6931986212730408 
vt 0.48012903332710266 0.23025231063365936 
vt 0.471590131521225 0.23208358883857727 
vt 0.48012903332710266 0.27847588062286377 
vt 0.4690284729003906 0.27859798073768616 
vt 0.36229246854782104 0.18154039978981018 
vt 0.36229246854782104 0.1650589257478714 
vt 0.3511919379234314 0.181418314576149 
vt 0.3511919379234314 0.1650589257478714 
vt 0.6825004816055298 0.776582658290863 
vt 0.6829884052276611 0.818335771560669 
vt 0.7103128433227539 0.7757281064987183 
vt 0.7108007669448853 0.7994126081466675 
vt 0.7082390785217285 0.8144290447235107 
vt 0.7095808982849121 0.8547170758247375 
vt 0.680304765701294 0.8608213067054749 
vt 0.7095808982849121 0.8632630109786987 
vt 0.6827444434165955 0.8771806955337524 
vt 0.7076292037963867 0.8758378028869629 
vt 0.7101908326148987 0.8928076028823853 
vt 0.6842082738876343 0.902086079120636 
vt 0.6992123126983643 0.9013535380363464 
vt 0.7108007669448853 0.901964008808136 
vt 0.32228171825408936 0.44023850560188293 
vt 0.3227696716785431 0.4533016085624695 
vt 0.317646324634552 0.4485403001308441 
vt 0.317646324634552 0.45806291699409485 
vt 0.4709802269935608 0.309851735830307 
vt 0.4800070524215698 0.31693264842033386 
vt 0.4702483117580414 0.32083937525749207 
vt 0.48183679580688477 0.33146077394485474 
vt 0.4690284729003906 0.33121660351753235 
vt 0.4747617244720459 0.33744293451309204 
vt 0.48183679580688477 0.33744293451309204 
vt 0.9775797724723816 0.18031954765319824 
vt 0.9678210616111755 0.1828833371400833 
vt 0.9707486629486084 0.173116534948349 
vt 0.9667232036590576 0.17812201380729675 
vt 0.9623317718505859 0.16762270033359528 
vt 0.9792875647544861 0.17006440460681915 
vt 0.9794095158576965 0.15333876013755798 
vt 0.9819712042808533 0.12123040854930878 
vt 0.9598920941352844 0.1087777316570282 
vt 0.9819712042808533 0.10096429288387299 
vt 0.9608679413795471 0.09998761862516403 
vt 0.36229246854782104 0.17885452508926392 
vt 0.36985549330711365 0.1729944497346878 
vt 0.36229246854782104 0.16566935181617737 
vt 0.3727830946445465 0.1650589257478714 
vt 0.5646639466285706 0.6494922041893005 
vt 0.5921103358268738 0.6490038633346558 
vt 0.5701532363891602 0.6016348600387573 
vt 0.6405379772186279 0.5969956517219543 
vt 0.6279736161231995 0.6494922041893005 
vt 0.6746935248374939 0.6492480039596558 
vt 0.680304765701294 0.5996814966201782 
vt 0.6433436274528503 0.5687940120697021 
vt 0.678475022315979 0.556097149848938 
vt 0.6452953815460205 0.5339998006820679 
vt 0.6772551536560059 0.5322905778884888 
vt 0.5646639466285706 0.6995470523834229 
vt 0.5652738809585571 0.7128543257713318 
vt 0.5694212913513184 0.7019887566566467 
vt 0.568933367729187 0.7255511283874512 
vt 0.5766183733940125 0.7121217846870422 
vt 0.5651518702507019 0.7452068328857422 
vt 0.5775942206382751 0.7447184920310974 
vt 0.5646639466285706 0.7778035402297974 
vt 0.5718609690666199 0.7870820164680481 
vt 0.6199226975440979 0.7902562022209167 
vt 0.5843033790588379 0.6750079393386841 
vt 0.564785897731781 0.6877048015594482 
vt 0.564785897731781 0.6695141196250916 
vt 0.566371738910675 0.6494922041893005 
vt 0.5835714340209961 0.6499805450439453 
vt 0.592232346534729 0.6512013673782349 
vt 0.6201666593551636 0.6753742098808289 
vt 0.6207765936851501 0.6524222493171692 
vt 0.6326090097427368 0.652910590171814 
vt 0.6329749822616577 0.68367600440979 
vt 0.6388301849365234 0.6834318041801453 
vt 0.6389521956443787 0.6946636438369751 
vt 0.6359025835990906 0.7166389226913452 
vt 0.6370004415512085 0.7515552639961243 
vt 0.6393181681632996 0.7232315540313721 
vt 0.6407819390296936 0.7513110637664795 
vt 0.6413918733596802 0.7911108136177063 
vt 0.8498625159263611 0.19265012443065643 
vt 0.848398745059967 0.2014402449131012 
vt 0.8585233688354492 0.1935047209262848 
vt 0.8765770196914673 0.19558016955852509 
vt 0.8477888107299805 0.23415902256965637 
vt 0.8758451342582703 0.2297639697790146 
vt 0.8746252655982971 0.2639477849006653 
vt 0.8501064777374268 0.25247177481651306 
vt 0.8471788763999939 0.26651155948638916 
vt 0.8457150459289551 0.2538147270679474 
vt 0.8510823845863342 0.2799409031867981 
vt 0.8471788763999939 0.2916610538959503 
vt 0.876820981502533 0.2904402017593384 
vt 0.8473008871078491 0.309851735830307 
vt 0.8727955222129822 0.3100959062576294 
vt 0.8686480522155762 0.33097243309020996 
vt 0.8724295496940613 0.32694363594055176 
vt 0.8458370566368103 0.2773771286010742 
vt 0.8457150459289551 0.329751580953598 
vt 0.4367027282714844 0.6272727251052856 
vt 0.4337750971317291 0.6099366545677185 
vt 0.449876993894577 0.6270285844802856 
vt 0.45707404613494873 0.6264181137084961 
vt 0.455854207277298 0.6051753163337708 
vt 0.43462899327278137 0.5759970545768738 
vt 0.4562201499938965 0.5781945586204529 
vt 0.4343850314617157 0.5496266484260559 
vt 0.455854207277298 0.5509696006774902 
vt 0.4343850314617157 0.5320464372634888 
vt 0.45707404613494873 0.516297459602356 
vt 0.4343850314617157 0.49456632137298584 
vt 0.45548826456069946 0.49590927362442017 
vt 0.7915541529655457 0.2942248582839966 
vt 0.7725246548652649 0.30289289355278015 
vt 0.7917981147766113 0.3282865583896637 
vt 0.7711828351020813 0.33109453320503235 
vt 0.7656935453414917 0.3024045526981354 
vt 0.7760621905326843 0.282382607460022 
vt 0.7670353651046753 0.265779048204422 
vt 0.7909442782402039 0.2599189579486847 
vt 0.7799656987190247 0.23183941841125488 
vt 0.7917981147766113 0.2334265261888504 
vt 0.7908222675323486 0.2136487513780594 
vt 0.7573986649513245 0.21633462607860565 
vt 0.7898464202880859 0.19680102169513702 
vt 0.786430835723877 0.19277220964431763 
vt 0.7903343439102173 0.19265012443065643 
vt 0.7330018281936646 0.19582433998584747 
vt 0.7233651280403137 0.19631268084049225 
vt 0.72568279504776 0.21816588938236237 
vt 0.7176318764686584 0.2052248865365982 
vt 0.7172659039497375 0.23232775926589966 
vt 0.7338557243347168 0.2374553233385086 
vt 0.7171439528465271 0.2511288523674011 
vt 0.7632538676261902 0.26223859190940857 
vt 0.7492257356643677 0.2761562764644623 
vt 0.7171439528465271 0.2712728679180145 
vt 0.7460541725158691 0.31058424711227417 
vt 0.7158021330833435 0.30313706398010254 
vt 0.7154361605644226 0.3345128893852234 
vt 0.7187297344207764 0.1971672773361206 
vt 0.08526681363582611 0.9435949921607971 
vt 0.08685261011123657 0.9228405356407166 
vt 0.06733516603708267 0.9435949921607971 
vt 0.05879628658294678 0.9361478090286255 
vt 0.05879628658294678 0.8880462646484375 
vt 0.08648665249347687 0.8670476675033569 
vt 0.059650175273418427 0.8665593266487122 
vt 0.482690691947937 0.22439223527908325 
vt 0.4830566346645355 0.2512509226799011 
vt 0.482690691947937 0.27859798073768616 
vt 0.738125205039978 0.2236597239971161 
vt 0.5290446281433105 0.3135142922401428 
vt 0.5427067875862122 0.31131675839424133 
vt 0.5281907320022583 0.28116175532341003 
vt 0.539291262626648 0.26236066222190857 
vt 0.5089172720909119 0.28323718905448914 
vt 0.5100151300430298 0.3162001371383667 
vt 0.4840325117111206 0.3197406232357025 
vt 0.4843984544277191 0.2860451638698578 
vt 0.48525235056877136 0.27676668763160706 
vt 0.507453441619873 0.2716391384601593 
vt 0.4881799817085266 0.25833186507225037 
vt 0.5105030536651611 0.2574772536754608 
vt 0.49818265438079834 0.25259387493133545 
vt 0.48622822761535645 0.2511288523674011 
vt 0.4851303696632385 0.2640698552131653 
vt 0.517578125 0.25283804535865784 
vt 0.5385593771934509 0.24258290231227875 
vt 0.49891456961631775 0.24648961424827576 
vt 0.4861062467098236 0.23049648106098175 
vt 0.4918394982814789 0.22988605499267578 
vt 0.4857402741909027 0.20839910209178925 
vt 0.5020861625671387 0.19643476605415344 
vt 0.4857402741909027 0.1932605504989624 
vt 0.49440115690231323 0.16054177284240723 
vt 0.4843984544277191 0.16371598839759827 
vt 0.4902536869049072 0.12843342125415802 
vt 0.4840325117111206 0.1247708722949028 
vt 0.4851303696632385 0.0483456589281559 
vt 0.4983046352863312 0.07984358817338943 
vt 0.5191639065742493 0.24197247624397278 
vt 0.5361196994781494 0.21841005980968475 
vt 0.48720410466194153 0.04334017634391785 
vt 0.4856182932853699 0 
vt 0.5072094798088074 0.006958845071494579 
vt 0.5086732506752014 0.04858982935547829 
vt 0.5191639065742493 0.07593686878681183 
vt 0.5251411199569702 0.09205208718776703 
vt 0.5328261256217957 0.1812962293624878 
vt 0.9791655540466309 0.19265012443065643 
vt 0.9958773851394653 0.19277220964431763 
vt 0.9779457449913025 0.20644573867321014 
vt 0.9958773851394653 0.2196309119462967 
vt 0.9794095158576965 0.2256130874156952 
vt 0.9949014782905579 0.2512509226799011 
vt 0.9783116579055786 0.2517392635345459 
vt 0.1557735651731491 0.4349888563156128 
vt 0.14930841326713562 0.45159241557121277 
vt 0.15357784926891327 0.45769667625427246 
vt 0.1554076224565506 0.46831804513931274 
vt 0.13808588683605194 0.4668530523777008 
vt 0.13357247412204742 0.49651968479156494 
vt 0.13698802888393402 0.45183658599853516 
vt 0.13869580626487732 0.42973920702934265 
vt 0.14028160274028778 0.4089847505092621 
vt 0.15687142312526703 0.4083743393421173 
vt 0.15382182598114014 0.4047117829322815 
vt 0.1366220861673355 0.3961658179759979 
vt 0.15308992564678192 0.3843235671520233 
vt 0.13613414764404297 0.38346898555755615 
vt 0.1506502330303192 0.37321385741233826 
vt 0.1334504932165146 0.3740684390068054 
vt 0.13223065435886383 0.3404950797557831 
vt 0.14882047474384308 0.3403729796409607 
vt 0.15052825212478638 0.49664178490638733 
vt 0.15004031360149384 0.5377843976020813 
vt 0.13223065435886383 0.5353427529335022 
vt 0.1334504932165146 0.6118900179862976 
vt 0.14943039417266846 0.5701369643211365 
vt 0.1516261100769043 0.6034661531448364 
vt 0.15101619064807892 0.6201918125152588 
vt 0.14808857440948486 0.6540093421936035 
vt 0.13332851231098175 0.6601135730743408 
vt 0.15040627121925354 0.6577939987182617 
vt 0.5258730053901672 0.6609681844711304 
vt 0.5527095198631287 0.6603577733039856 
vt 0.526604950428009 0.6922219395637512 
vt 0.5527095198631287 0.7002795338630676 
vt 0.543438732624054 0.712610125541687 
vt 0.5563690066337585 0.7282370328903198 
vt 0.5288006663322449 0.7240861058235168 
vt 0.5296545028686523 0.7442301511764526 
vt 0.5577108263969421 0.7568049430847168 
vt 0.5279467701911926 0.7630312442779541 
vt 0.55319744348526 0.7680367231369019 
vt 0.5488060116767883 0.7906224727630615 
vt 0.5551491975784302 0.7984359264373779 
vt 0.5278247594833374 0.7980696558952332 
vt 0.5258730053901672 0.7901341319084167 
vt 0.6071143746376038 0.30936339497566223 
vt 0.6054065823554993 0.30130577087402344 
vt 0.6223623752593994 0.30936339497566223 
vt 0.6398060917854309 0.2572330832481384 
vt 0.6846961975097656 0.3015499413013458 
vt 0.7028717994689941 0.26101773977279663 
vt 0.7126305103302002 0.27847588062286377 
vt 0.7108007669448853 0.2616281509399414 
vt 0.6677404046058655 0.30936339497566223 
vt 0.6850621700286865 0.30863088369369507 
vt 0.7154361605644226 0.3002070188522339 
vt 0.7154361605644226 0.30887505412101746 
vt 0.6007711887359619 0.2638256847858429 
vt 0.6054065823554993 0.25845393538475037 
vt 0.6034548282623291 0.2853126525878906 
vt 0.6089441180229187 0.2853126525878906 
vt 0.6207765936851501 0.2560122311115265 
vt 0.6370004415512085 0.2234155535697937 
vt 0.6069923639297485 0.23061856627464294 
vt 0.6024789810180664 0.21206164360046387 
vt 0.6011371612548828 0.23501361906528473 
vt 0.6032108664512634 0.19265012443065643 
vt 0.6348047256469727 0.19423723220825195 
vt 0.5427067875862122 0.30948546528816223 
vt 0.5692993402481079 0.31302595138549805 
vt 0.5450245141983032 0.27469125390052795 
vt 0.5867430567741394 0.2922714948654175 
vt 0.5800338983535767 0.25845393538475037 
vt 0.6004052758216858 0.28458014130592346 
vt 0.5995513796806335 0.273470401763916 
vt 0.599673330783844 0.2530822157859802 
vt 0.5985754728317261 0.2494196593761444 
vt 0.5869870185852051 0.2436816543340683 
vt 0.5950379371643066 0.22268304228782654 
vt 0.5974776148796082 0.20009730756282806 
vt 0.5845473408699036 0.19240595400333405 
vt 0.5990633964538574 0.1893538385629654 
vt 0.6001612544059753 0.1611521989107132 
vt 0.5525875091552734 0.17421530187129974 
vt 0.5549052357673645 0.1549258679151535 
vt 0.6002832651138306 0.12000955641269684 
vt 0.559906542301178 0.08961039036512375 
vt 0.564785897731781 0.07496018707752228 
vt 0.6007711887359619 0.08765702694654465 
vt 0.5927202701568604 0.04968859627842903 
vt 0.5995513796806335 0.0543278232216835 
vt 0.5984535217285156 0.03760217875242233 
vt 0.577228307723999 0.005371740087866783 
vt 0.5943060517311096 0 
vt 0.5985754728317261 0.003784635104238987 
vt 0.6007711887359619 0.317543089389801 
vt 0.599673330783844 0.20620156824588776 
vt 0.5527095198631287 0.19643476605415344 
vt 0.5523435473442078 0.21902048587799072 
vt 0.5628342032432556 0.2455129325389862 
vt 0.549781858921051 0.2621164917945862 
vt 0.5457563996315002 0.26052939891815186 
vt 0.5463663339614868 0.2413620501756668 
vt 0.5486840605735779 0.24014119803905487 
vt 0.5773502588272095 0.044805195182561874 
vt 0.5764963626861572 0.044805195182561874 
vt 0.9272003769874573 0.9431066513061523 
vt 0.9242727756500244 0.9277239441871643 
vt 0.9468398094177246 0.9440833330154419 
vt 0.9476937055587769 0.8974468111991882 
vt 0.9257365465164185 0.882430374622345 
vt 0.9472057819366455 0.8615538477897644 
vt 0.9237848520278931 0.8650943040847778 
vt 0.9476937055587769 0.8340847492218018 
vt 0.9276883006095886 0.8348172307014465 
vt 0.4254801869392395 0.7477706074714661 
vt 0.41291582584381104 0.7486252188682556 
vt 0.42560216784477234 0.7361725568771362 
vt 0.39559412002563477 0.7253069877624512 
vt 0.42560216784477234 0.701622486114502 
vt 0.3854694366455078 0.7104126214981079 
vt 0.39620402455329895 0.6953961849212646 
vt 0.4254801869392395 0.6795251369476318 
vt 0.3707093894481659 0.7275044918060303 
vt 0.3837616741657257 0.7499681711196899 
vt 0.32362353801727295 0.7525319457054138 
vt 0.35692518949508667 0.71676105260849 
vt 0.32777100801467896 0.7172493934631348 
vt 0.3877871334552765 0.7232315540313721 
vt 0.3646101653575897 0.7150518298149109 
vt 0.374490886926651 0.7061396241188049 
vt 0.3583889901638031 0.7085813283920288 
vt 0.3399693965911865 0.6940532326698303 
vt 0.33045464754104614 0.6900244355201721 
vt 0.3382616341114044 0.6818447113037109 
vt 0.3320404589176178 0.6742754578590393 
vt 0.33911553025245667 0.6731767058372498 
vt 0.3330163061618805 0.6667062044143677 
vt 0.3415552079677582 0.6619448661804199 
vt 0.33362624049186707 0.6574277281761169 
vt 0.35302168130874634 0.6627994775772095 
vt 0.34655654430389404 0.639847457408905 
vt 0.33557799458503723 0.6399695873260498 
vt 0.4254801869392395 0.6416787505149841 
vt 0.3751007914543152 0.6402137279510498 
vt 0.3968139588832855 0.668537437915802 
vt 0.359486848115921 0.6753742098808289 
vt 0.3718072175979614 0.6492480039596558 
vt 0.36095064878463745 0.639847457408905 
vt 0.35204583406448364 0.6731767058372498 
vt 0.3474104404449463 0.6842864155769348 
vt 0.35716915130615234 0.6967390775680542 
vt 0.37266111373901367 0.6960065960884094 
vt 0.35985279083251953 0.7004016637802124 
vt 0.9134162068367004 0.3380533754825592 
vt 0.9096347093582153 0.3461109697818756 
vt 0.9330556392669678 0.3379312753677368 
vt 0.9135381579399109 0.3621041178703308 
vt 0.9324457049369812 0.38749778270721436 
vt 0.9135381579399109 0.38371315598487854 
vt 0.9148799777030945 0.4124031364917755 
vt 0.9084148406982422 0.3889628052711487 
vt 0.9330556392669678 0.4310821294784546 
vt 0.9101226329803467 0.4353550970554352 
vt 0.909878671169281 0.4547666311264038 
vt 0.9325676560401917 0.4550108015537262 
vt 0.8291252255439758 0.18605753779411316 
vt 0.829247236251831 0.15626880526542664 
vt 0.8709657788276672 0.18190665543079376 
vt 0.872673511505127 0.1428394466638565 
vt 0.8291252255439758 0.12782299518585205 
vt 0.8471788763999939 0.12770090997219086 
vt 0.8727955222129822 0.12611380219459534 
vt 0.0035375359002500772 0.7475264668464661 
vt 0.025616640225052834 0.7347075343132019 
vt 0 0.7332425117492676 
vt 0.02659251168370247 0.7229873538017273 
vt 0.00012198399781482294 0.7000353932380676 
vt 0.013418239541351795 0.7057734131813049 
vt 0.036229249089956284 0.7161505818367004 
vt 0.04610995203256607 0.7235978245735168 
vt 0.059650175273418427 0.7226211428642273 
vt 0.04745177552103996 0.7443522214889526 
vt 0.06306573003530502 0.7362946271896362 
vt 0.0564785934984684 0.745573103427887 
vt 0.09990489482879639 0.7386142611503601 
vt 0.07684992253780365 0.752043604850769 
vt 0.10136870294809341 0.7531423568725586 
vt 0.028910208493471146 0.7489914894104004 
vt 0.04940351843833923 0.7505785822868347 
vt 0.09953894466161728 0.7331204414367676 
vt 0.0920979231595993 0.6993028521537781 
vt 0.08075340837240219 0.6873385310173035 
vt 0.09197593480348587 0.6890477538108826 
vt 0.08538880199193954 0.6819667816162109 
vt 0.09356173127889633 0.6742754578590393 
vt 0.0862426906824112 0.6751300692558289 
vt 0.09331776201725006 0.668537437915802 
vt 0.084900863468647 0.6570614576339722 
vt 0.0917319655418396 0.6509572267532349 
vt 0.08758451044559479 0.6498584747314453 
vt 0.09075609594583511 0.6403357982635498 
vt 0.07953356951475143 0.6404579281806946 
vt 0.07880166172981262 0.6586485505104065 
vt 0.08063142746686935 0.6801355481147766 
vt 0.06635929644107819 0.6751300692558289 
vt 0.06892096251249313 0.6703687310218811 
vt 0.07160460948944092 0.6597473621368408 
vt 0.07111667096614838 0.6418008208274841 
vt 0.06257779151201248 0.6631657481193542 
vt 0.059162240475416183 0.6403357982635498 
vt 0.09783116728067398 0.7172493934631348 
vt 0.0581863671541214 0.6910011172294617 
vt 0.06306573003530502 0.6858735084533691 
vt 0.0633096992969513 0.6956403255462646 
vt 0.06379763036966324 0.7076046466827393 
vt 0.05733247846364975 0.7143193483352661 
vt 0.05513676628470421 0.7002795338630676 
vt 0.023908864706754684 0.6763508915901184 
vt 0.0048793600872159 0.6776938438415527 
vt 0.0006099200109019876 0.6645086407661438 
vt 0.03305766358971596 0.6437541842460632 
vt 0.0040254718624055386 0.6621890664100647 
vt 0.04818367958068848 0.6548639535903931 
vt 0.04367027059197426 0.6404579281806946 
vt 0.02317696064710617 0.6408241391181946 
vt 0.0010978559730574489 0.6469284296035767 
vt 0.0014638080028817058 0.6415566802024841 
vt 0.9523290991783142 0.42351287603378296 
vt 0.9519631266593933 0.45183658599853516 
vt 0.9751400947570801 0.42326870560646057 
vt 0.9750180840492249 0.4572083353996277 
vt 0.9751400947570801 0.48650872707366943 
vt 0.952207088470459 0.48663079738616943 
vt 0.28080716729164124 0.9239392876625061 
vt 0.25799617171287537 0.9234509468078613 
vt 0.28080716729164124 0.9942602515220642 
vt 0.25787419080734253 0.9864467978477478 
vt 0.2615337073802948 0.9943823218345642 
vt 0.9565985202789307 0.33756503462791443 
vt 0.9564765691757202 0.30875295400619507 
vt 0.9791655540466309 0.33756503462791443 
vt 0.9787996411323547 0.3077762722969055 
vt 0.9591602087020874 0.28091758489608765 
vt 0.9791655540466309 0.2794525623321533 
vt 0.10454028844833374 0.9138062000274658 
vt 0.1461368352174759 0.917346715927124 
vt 0.10295449942350388 0.8908542394638062 
vt 0.14601485431194305 0.8885346055030823 
vt 0.1027105301618576 0.8814536929130554 
vt 0.14198938012123108 0.8588680028915405 
vt 0.10136870294809341 0.858013391494751 
vt 0.1461368352174759 0.8606992363929749 
vt 0.8654764890670776 0.8753494620323181 
vt 0.8631587624549866 0.8842616677284241 
vt 0.8702338337898254 0.882430374622345 
vt 0.8654764890670776 0.9026964902877808 
vt 0.8940207362174988 0.8907321691513062 
vt 0.8942646980285645 0.9199104905128479 
vt 0.8640126585960388 0.9280901551246643 
vt 0.8697459101676941 0.9323631525039673 
vt 0.8929228782653809 0.9324852228164673 
vt 0.8942646980285645 0.8306663632392883 
vt 0.8653544783592224 0.8548391461372375 
vt 0.8651105165481567 0.8301780223846436 
vt 0.8725515604019165 0.017458155751228333 
vt 0.8480327725410461 0.019777769222855568 
vt 0.872673511505127 0.04614812880754471 
vt 0.8557177782058716 0.06726883351802826 
vt 0.8363223075866699 0.028079550713300705 
vt 0.8374201655387878 0.08362822234630585 
vt 0.8485206961631775 0.09974344819784164 
vt 0.8383960127830505 0.09705757349729538 
vt 0.8429094552993774 0.10719063133001328 
vt 0.8346145153045654 0.10975441336631775 
vt 0.8437633514404297 0.12611380219459534 
vt 0.8327847719192505 0.12586963176727295 
vt 0.8724295496940613 0 
vt 0.8377861380577087 0.002319615101441741 
vt 0.8333947062492371 0.1067022904753685 
vt 0.8544979095458984 0.12550337612628937 
vt 0.8691359758377075 0.1107310950756073 
vt 0.8727955222129822 0.08875579386949539 
vt 0.8727955222129822 0.12525920569896698 
vt 0.5838153958320618 0.9963356852531433 
vt 0.5646639466285706 0.9967019557952881 
vt 0.5872309803962708 0.979365885257721 
vt 0.5875969529151917 0.9575126767158508 
vt 0.5646639466285706 0.9486004710197449 
vt 0.5845473408699036 0.9489666819572449 
vt 0.7412967681884766 0.7757281064987183 
vt 0.7415407299995422 0.7931862473487854 
vt 0.7577646374702454 0.7758501768112183 
vt 0.7575206160545349 0.8201670050621033 
vt 0.7410528063774109 0.8218762278556824 
vt 0.7569107413291931 0.8598446846008301 
vt 0.7410528063774109 0.8644838929176331 
vt 0.7550809383392334 0.8633851408958435 
vt 0.7571547031402588 0.878035306930542 
vt 0.7582525610923767 0.8996443748474121 
vt 0.7410528063774109 0.9008651971817017 
vt 0.9936816692352295 0.5778282880783081 
vt 0.9768478870391846 0.5778282880783081 
vt 0.9933156967163086 0.5431561470031738 
vt 0.9768478870391846 0.5429120063781738 
vt 0.8627928495407104 0.688315212726593 
vt 0.8636467456817627 0.7248186469078064 
vt 0.8279054164886475 0.6852630972862244 
vt 0.82692950963974 0.7294578552246094 
vt 0.8643786311149597 0.7571711540222168 
vt 0.8264415860176086 0.7691354751586914 
vt 0.8255876898765564 0.7873261570930481 
vt 0.8426654934883118 0.7980696558952332 
vt 0.8255876898765564 0.8090572953224182 
vt 0.8377861380577087 0.8108885884284973 
vt 0.8554738163948059 0.8119873404502869 
vt 0.8643786311149597 0.7864715456962585 
vt 0.8651105165481567 0.7968487739562988 
vt 0.8654764890670776 0.8122314810752869 
vt 0.8148531317710876 0.2938585877418518 
vt 0.8380300998687744 0.2938585877418518 
vt 0.8152190446853638 0.33548957109451294 
vt 0.8379080891609192 0.33512333035469055 
vt 0.8265635967254639 0.9182012677192688 
vt 0.8255876898765564 0.906725287437439 
vt 0.849496603012085 0.9180791974067688 
vt 0.8544979095458984 0.9037952423095703 
vt 0.8554738163948059 0.9182012677192688 
vt 0.8565716743469238 0.8705881237983704 
vt 0.8272954821586609 0.8721752166748047 
vt 0.8514482975006104 0.8351835012435913 
vt 0.8263196349143982 0.8500778675079346 
vt 0.8255876898765564 0.8122314810752869 
vt 0.8504724502563477 0.8122314810752869 
vt 0.8552297949790955 0.8176032304763794 
vt 0.02268902398645878 0.9351711273193359 
vt 0.0010978559730574489 0.9350489974021912 
vt 0.022445056587457657 0.9586114287376404 
vt 0 0.9516525864601135 
vt 0.023420928046107292 0.9680119752883911 
vt 0 0.990597665309906 
vt 0.02317696064710617 0.9908418655395508 
vt 0.6055285930633545 0.7911108136177063 
vt 0.6040647625923157 0.8414098024368286 
vt 0.5646639466285706 0.7953837513923645 
vt 0.6033328771591187 0.8697335124015808 
vt 0.5646639466285706 0.8766924142837524 
vt 0.45926976203918457 0.6603577733039856 
vt 0.4870821237564087 0.6597473621368408 
vt 0.45707404613494873 0.6557185053825378 
vt 0.45719602704048157 0.6259297728538513 
vt 0.4664668142795563 0.6222672462463379 
vt 0.45914778113365173 0.6133550405502319 
vt 0.46402713656425476 0.6126225590705872 
vt 0.475737601518631 0.6166513562202454 
vt 0.4723220467567444 0.6116458773612976 
vt 0.4959869384765625 0.6101808547973633 
vt 0.47829926013946533 0.6063961982727051 
vt 0.4987925887107849 0.6066403388977051 
vt 0.5208716988563538 0.6067624688148499 
vt 0.5245311856269836 0.6161630153656006 
vt 0.5200178027153015 0.6549860239028931 
vt 0.4825687110424042 0.5995594263076782 
vt 0.46061158180236816 0.6034661531448364 
vt 0.4575619697570801 0.6051753163337708 
vt 0.45707404613494873 0.5708694458007812 
vt 0.46561291813850403 0.5736774206161499 
vt 0.46024563908576965 0.5427899360656738 
vt 0.5136746168136597 0.5941876769065857 
vt 0.517578125 0.6012686491012573 
vt 0.5353877544403076 0.6037103533744812 
vt 0.5419749021530151 0.6109133362770081 
vt 0.5453904867172241 0.599803626537323 
vt 0.5561250448226929 0.5984606742858887 
vt 0.5560030937194824 0.5935772657394409 
vt 0.5616143345832825 0.5994373559951782 
vt 0.5568569302558899 0.604686975479126 
vt 0.5583207607269287 0.6209242939949036 
vt 0.5344119071960449 0.5976060628890991 
vt 0.5600285530090332 0.6361849308013916 
vt 0.5592966675758362 0.6526663899421692 
vt 0.5472202301025391 0.659259021282196 
vt 0.5094051957130432 0.6597473621368408 
vt 0.5628342032432556 0.5777062177658081 
vt 0.5422188639640808 0.575630784034729 
vt 0.5412430167198181 0.5336335301399231 
vt 0.5359976887702942 0.5465745329856873 
vt 0.5317282676696777 0.5369298458099365 
vt 0.5361196994781494 0.5641548037528992 
vt 0.5380714535713196 0.5972397923469543 
vt 0.5638100504875183 0.5486499667167664 
vt 0.5646639466285706 0.5322905778884888 
vt 0.5275807976722717 0.5767295360565186 
vt 0.5179440379142761 0.5641548037528992 
vt 0.5295325517654419 0.5349764823913574 
vt 0.5052577257156372 0.5388832092285156 
vt 0.4662228524684906 0.536197304725647 
vt 0.5196518301963806 0.5828337669372559 
vt 0.9229309558868408 0.6851410269737244 
vt 0.9230529069900513 0.6535210013389587 
vt 0.900119960308075 0.6852630972862244 
vt 0.900119960308075 0.6532768607139587 
vt 0.3851034939289093 0.9494550228118896 
vt 0.3652200996875763 0.9495771527290344 
vt 0.38864102959632874 0.9536059498786926 
vt 0.3659519851207733 0.9676457047462463 
vt 0.3868112564086914 0.9940160512924194 
vt 0.3652200996875763 0.9932835698127747 
vt 0.8773089051246643 0.6444867253303528 
vt 0.8773089051246643 0.6852630972862244 
vt 0.8999979496002197 0.6476609110832214 
vt 0.8978022336959839 0.6822109818458557 
vt 0.900119960308075 0.6851410269737244 
vt 0.2827589213848114 0.8018542528152466 
vt 0.2850766181945801 0.8748611211776733 
vt 0.32020801305770874 0.8031972050666809 
vt 0.31984204053878784 0.8313988447189331 
vt 0.32362353801727295 0.8084468841552734 
vt 0.32362353801727295 0.8365263938903809 
vt 0.3235015571117401 0.8849941492080688 
vt 0.2995927035808563 0.8805990815162659 
vt 0.2847106456756592 0.877913236618042 
vt 0.9633076190948486 0 
vt 0.9823371767997742 0.00012208499538246542 
vt 0.9601360559463501 0.003052124986425042 
vt 0.982947051525116 0.028445804491639137 
vt 0.9601360559463501 0.07605895400047302 
vt 0.982947051525116 0.07874482870101929 
vt 0.914758026599884 0.15223999321460724 
vt 0.9182955622673035 0.1668901890516281 
vt 0.8957285284996033 0.15272833406925201 
vt 0.9180516004562378 0.19045260548591614 
vt 0.8957285284996033 0.1909409463405609 
vt 0.49037566781044006 0.33548957109451294 
vt 0.4939132034778595 0.3337803781032562 
vt 0.49037566781044006 0.3198626935482025 
vt 0.9300060272216797 0.19265012443065643 
vt 0.932323694229126 0.22060759365558624 
vt 0.9074389934539795 0.1932605504989624 
vt 0.9101226329803467 0.22427015006542206 
vt 0.9068290591239929 0.23306027054786682 
vt 0.9296400547027588 0.23452527821063995 
vt 0.9074389934539795 0.24600127339363098 
vt 0.9280542731285095 0.25442513823509216 
vt 0.9286642074584961 0.2756679356098175 
vt 0.9096347093582153 0.3183976709842682 
vt 0.9279322624206543 0.31265968084335327 
vt 0.9211012125015259 0.3185197710990906 
vt 0.9320797324180603 0.3119271695613861 
vt 0.932323694229126 0.3183976709842682 
vt 0.0879504606127739 0.7531423568725586 
vt 0.08819442987442017 0.7677925825119019 
vt 0.05879628658294678 0.7533865571022034 
vt 0.05952819064259529 0.7889132499694824 
vt 0.0896582379937172 0.7732864022254944 
vt 0.08868236839771271 0.7892795205116272 
vt 0.08563277125358582 0.8058831095695496 
vt 0.090390145778656 0.8074702024459839 
vt 0.09307379275560379 0.8176032304763794 
vt 0.08929228782653809 0.8323755264282227 
vt 0.06294374167919159 0.8162603378295898 
vt 0.06318771094083786 0.8320092558860779 
vt 0.08477888256311417 0.83823561668396 
vt 0.05928422510623932 0.8397006392478943 
vt 0.08526681363582611 0.8558158278465271 
vt 0.05928422510623932 0.8488569855690002 
vt 0.05879628658294678 0.8665593266487122 
vt 0.08075340837240219 0.8664372563362122 
vt 0.16614221036434174 0.34086132049560547 
vt 0.1872454434633255 0.3437913656234741 
vt 0.16516633331775665 0.32950741052627563 
vt 0.171875461935997 0.3242577612400055 
vt 0.1752910017967224 0.2960561215877533 
vt 0.18370790779590607 0.31327012181282043 
vt 0.19968780875205994 0.28458014130592346 
vt 0.16199475526809692 0.26699990034103394 
vt 0.16284863650798798 0.2619944214820862 
vt 0.16650815308094025 0.34720975160598755 
vt 0.19871193170547485 0.34562262892723083 
vt 0.20627494156360626 0.3317049443721771 
vt 0.21274009346961975 0.3446459472179413 
vt 0.21761944890022278 0.32096147537231445 
vt 0.2296958714723587 0.3446459472179413 
vt 0.23506316542625427 0.3317049443721771 
vt 0.25555649399757385 0.34501221776008606 
vt 0.24860338866710663 0.32694363594055176 
vt 0.25445863604545593 0.31339219212532043 
vt 0.20688486099243164 0.3122934401035309 
vt 0.19529637694358826 0.32083937525749207 
vt 0.22018112242221832 0.28116175532341003 
vt 0.23286744952201843 0.28885310888290405 
vt 0.25140902400016785 0.3065554201602936 
vt 0.26104575395584106 0.30924129486083984 
vt 0.26714494824409485 0.32865282893180847 
vt 0.2725122570991516 0.3445238769054413 
vt 0.27129241824150085 0.3346349895000458 
vt 0.2809291481971741 0.3404950797557831 
vt 0.2827589213848114 0.32877489924430847 
vt 0.27202433347702026 0.3304840922355652 
vt 0.2809291481971741 0.3319491147994995 
vt 0.2800752520561218 0.33707669377326965 
vt 0.2915417551994324 0.32889699935913086 
vt 0.273244172334671 0.31265968084335327 
vt 0.26470527052879333 0.290073961019516 
vt 0.25787419080734253 0.2881205976009369 
vt 0.2516529858112335 0.28909727931022644 
vt 0.2283540517091751 0.27237164974212646 
vt 0.22335270047187805 0.2599189579486847 
vt 0.21749746799468994 0.25234970450401306 
vt 0.1999317705631256 0.2562564015388489 
vt 0.2029813826084137 0.2516171932220459 
vt 0.18736742436885834 0.2555238902568817 
vt 0.1838298887014389 0.2512509226799011 
vt 0.17443712055683136 0.2518613636493683 
vt 0.1612628549337387 0.25100675225257874 
vt 0.24104037880897522 0.27310413122177124 
vt 0.25275084376335144 0.2757900059223175 
vt 0.23701490461826324 0.270174115896225 
vt 0.2361610233783722 0.26284900307655334 
vt 0.22408460080623627 0.253570556640625 
vt 0.23213554918766022 0.2532042860984802 
vt 0.22530445456504822 0.24722212553024292 
vt 0.2520189583301544 0.27237164974212646 
vt 0.23908863961696625 0.2539367973804474 
vt 0.25592243671417236 0.26699990034103394 
vt 0.2604358494281769 0.24905340373516083 
vt 0.27226829528808594 0.27090662717819214 
vt 0.27641573548316956 0.2715170383453369 
vt 0.26812082529067993 0.2755458354949951 
vt 0.27885541319847107 0.2837255299091339 
vt 0.27019456028938293 0.2877543568611145 
vt 0.2632414698600769 0.2757900059223175 
vt 0.2605578303337097 0.28128382563591003 
vt 0.2831248641014099 0.31913018226623535 
vt 0.2830028831958771 0.3122934401035309 
vt 0.27531787753105164 0.29935240745544434 
vt 0.27714765071868896 0.29105064272880554 
vt 0.28873613476753235 0.29520153999328613 
vt 0.2941034138202667 0.29080647230148315 
vt 0.2947133481502533 0.30289289355278015 
vt 0.2881262004375458 0.31485721468925476 
vt 0.2941034138202667 0.3221823275089264 
vt 0.3059358596801758 0.3285307288169861 
vt 0.30178841948509216 0.34562262892723083 
vt 0.3228916525840759 0.329751580953598 
vt 0.32301363348960876 0.346355140209198 
vt 0.28263694047927856 0.2963002920150757 
vt 0.2858085036277771 0.3444017767906189 
vt 0.32362353801727295 0.3097296357154846 
vt 0.30922943353652954 0.30460208654403687 
vt 0.3070337176322937 0.29532361030578613 
vt 0.2765377163887024 0.25698891282081604 
vt 0.264217346906662 0.25064051151275635 
vt 0.3165484666824341 0.2512509226799011 
vt 0.28397876024246216 0.24600127339363098 
vt 0.32264769077301025 0.23684489727020264 
vt 0.2953232526779175 0.23476944863796234 
vt 0.32191577553749084 0.21657879650592804 
vt 0.2984948456287384 0.19985315203666687 
vt 0.32191577553749084 0.19484765827655792 
vt 0.27702566981315613 0.2313510775566101 
vt 0.2698286175727844 0.2295197993516922 
vt 0.25214093923568726 0.24087370932102203 
vt 0.22542643547058105 0.2392866015434265 
vt 0.32264769077301025 0.2494196593761444 
vt 0.22542643547058105 0.2335486114025116 
vt 0.2601918578147888 0.2333044409751892 
vt 0.26543718576431274 0.20913159847259521 
vt 0.25445863604545593 0.19472557306289673 
vt 0.22737817466259003 0.1931384652853012 
vt 0.2331114262342453 0.18178457021713257 
vt 0.22823207080364227 0.1831274926662445 
vt 0.28800421953201294 0.1834937483072281 
vt 0.26848679780960083 0.20009730756282806 
vt 0.29117581248283386 0.19191761314868927 
vt 0.316914439201355 0.18251708149909973 
vt 0.32362353801727295 0.1834937483072281 
vt 0.960502028465271 0.8000230193138123 
vt 0.9602580666542053 0.7846403121948242 
vt 0.9453759789466858 0.7994126081466675 
vt 0.9419604539871216 0.7671821117401123 
vt 0.9597700834274292 0.7574153542518616 
vt 0.9424483776092529 0.7531423568725586 
vt 0.9436682462692261 0.7361725568771362 
vt 0.960502028465271 0.732509970664978 
vt 0.9433022737503052 0.7102905511856079 
vt 0.9602580666542053 0.6901465058326721 
vt 0.9441561698913574 0.6934428215026855 
vt 0.9500113725662231 0.6852630972862244 
vt 0.6860380172729492 0.32938534021377563 
vt 0.693479061126709 0.3304840922355652 
vt 0.693479061126709 0.30936339497566223 
vt 0.9540368914604187 0.4871191382408142 
vt 0.9540368914604187 0.5062865018844604 
vt 0.938788890838623 0.4868749678134918 
vt 0.9313478469848633 0.4931013286113739 
vt 0.9306159615516663 0.5045772790908813 
vt 0.9502553343772888 0.5383948683738708 
vt 0.9275663495063782 0.566962718963623 
vt 0.951475203037262 0.564887285232544 
vt 0.9311038851737976 0.5830779671669006 
vt 0.9540368914604187 0.5829558968544006 
vt 0.40413299202919006 0.18031954765319824 
vt 0.40413299202919006 0.1650589257478714 
vt 0.410110205411911 0.18007537722587585 
vt 0.4206008315086365 0.1650589257478714 
vt 0.41608741879463196 0.17189568281173706 
vt 0.4206008315086365 0.1810520589351654 
vt 0.3450927436351776 0.1793428659439087 
vt 0.33704179525375366 0.1650589257478714 
vt 0.3511919379234314 0.1650589257478714 
vt 0.2653152048587799 0.49444425106048584 
vt 0.2769036889076233 0.4772302508354187 
vt 0.26604709029197693 0.4827241003513336 
vt 0.2653152048587799 0.47381189465522766 
vt 0.2761717736721039 0.47381189465522766 
vt 0.7184857726097107 0.5239888429641724 
vt 0.723121166229248 0.5098269581794739 
vt 0.7114107012748718 0.5197158455848694 
vt 0.7175098657608032 0.5062865018844604 
vt 0.7011640071868896 0.5158091187477112 
vt 0.7012860178947449 0.5009147524833679 
vt 0.7149482369422913 0.4989613890647888 
vt 0.7104347944259644 0.49224671721458435 
vt 0.7177538275718689 0.4929792284965515 
vt 0.7255608439445496 0.5054318904876709 
vt 0.7286104559898376 0.49224671721458435 
vt 0.7006760835647583 0.49236881732940674 
vt 0.3220377564430237 0.1809299737215042 
vt 0.323867529630661 0.17360487580299377 
vt 0.33704179525375366 0.18044163286685944 
vt 0.33704179525375366 0.1650589257478714 
vt 0.323867529630661 0.16566935181617737 
vt 0.3727830946445465 0.1650589257478714 
vt 0.37741848826408386 0.16750061511993408 
vt 0.37388095259666443 0.17262819409370422 
vt 0.38180992007255554 0.17409321665763855 
vt 0.3727830946445465 0.18056371808052063 
vt 0.5258730053901672 0.9083123803138733 
vt 0.5357537269592285 0.9084345102310181 
vt 0.5258730053901672 0.8856045603752136 
vt 0.555027186870575 0.8926855325698853 
vt 0.5560030937194824 0.8594784140586853 
vt 0.5264829397201538 0.8547170758247375 
vt 0.5512456893920898 0.8520312309265137 
vt 0.541608989238739 0.8478803038597107 
vt 0.5522215962409973 0.8444619178771973 
vt 0.5409990549087524 0.8409214615821838 
vt 0.5547832250595093 0.8364043235778809 
vt 0.5495378971099854 0.8207774758338928 
vt 0.555027186870575 0.8145511150360107 
vt 0.5429508090019226 0.906481146812439 
vt 0.5538073778152466 0.9080682396888733 
vt 0.5263609886169434 0.8454385995864868 
vt 0.5258730053901672 0.7984359264373779 
vt 0.5523435473442078 0.7989242672920227 
vt 0.8631587624549866 0.9951148629188538 
vt 0.8860917687416077 0.9951148629188538 
vt 0.8634027242660522 0.9702094793319702 
vt 0.880968451499939 0.9727732539176941 
vt 0.8793826699256897 0.9536059498786926 
vt 0.880968451499939 0.9389557242393494 
vt 0.8631587624549866 0.9328514933586121 
vt 0.8748692274093628 0.9324852228164673 
vt 0.8857257962226868 0.9820517301559448 
vt 0.8845059871673584 0.9691107273101807 
vt 0.7671573758125305 0.8431190252304077 
vt 0.7623999714851379 0.8648501634597778 
vt 0.7920421361923218 0.8429968953132629 
vt 0.7899683713912964 0.89329594373703 
vt 0.7634978294372559 0.8852383494377136 
vt 0.7586184740066528 0.9006210565567017 
vt 0.786430835723877 0.9074578285217285 
vt 0.7634978294372559 0.9211313128471375 
vt 0.7920421361923218 0.921863853931427 
vt 0.7914322018623352 0.9328514933586121 
vt 0.7694750428199768 0.9324852228164673 
vt 0.48208075761795044 0.1872783899307251 
vt 0.4836665689945221 0.19826604425907135 
vt 0.4836665689945221 0.18178457021713257 
vt 0.32508736848831177 0.18752256035804749 
vt 0.330576628446579 0.18447043001651764 
vt 0.32508736848831177 0.19448140263557434 
vt 0.35643723607063293 0.1909409463405609 
vt 0.3275270462036133 0.22781060636043549 
vt 0.3796142041683197 0.22060759365558624 
vt 0.32362353801727295 0.25283804535865784 
vt 0.32435545325279236 0.2297639697790146 
vt 0.35753509402275085 0.18251708149909973 
vt 0.36680588126182556 0.1894759237766266 
vt 0.39827775955200195 0.2176775485277176 
vt 0.4066946506500244 0.2333044409751892 
vt 0.3991316556930542 0.24246081709861755 
vt 0.39108070731163025 0.26309317350387573 
vt 0.3607066869735718 0.2661452889442444 
vt 0.32777100801467896 0.2742029130458832 
vt 0.3519238531589508 0.2718833088874817 
vt 0.38632333278656006 0.26846492290496826 
vt 0.3909587264060974 0.26846492290496826 
vt 0.3242334723472595 0.2742029130458832 
vt 0.4004734754562378 0.253570556640625 
vt 0.3936423659324646 0.26480236649513245 
vt 0.40242522954940796 0.2596747875213623 
vt 0.39864370226860046 0.2674882411956787 
vt 0.4093782901763916 0.24478042125701904 
vt 0.41157400608062744 0.22585724294185638 
vt 0.4091343283653259 0.22280512750148773 
vt 0.40266919136047363 0.21401500701904297 
vt 0.39315444231033325 0.20217275619506836 
vt 0.4025472104549408 0.20241692662239075 
vt 0.39010483026504517 0.1910630315542221 
vt 0.3790042996406555 0.18813298642635345 
vt 0.3875431716442108 0.18227291107177734 
vt 0.3805900812149048 0.18178457021713257 
vt 0.36704984307289124 0.1828833371400833 
vt 0.3624144494533539 0.18434834480285645 
vt 0.40828046202659607 0.21267206966876984 
vt 0.4104761481285095 0.22182844579219818 
vt 0.41706329584121704 0.23025231063365936 
vt 0.4207228124141693 0.22988605499267578 
vt 0.40779250860214233 0.2550355792045593 
vt 0.43426305055618286 0.2521055340766907 
vt 0.3981557786464691 0.29532361030578613 
vt 0.392300546169281 0.2718833088874817 
vt 0.39486220479011536 0.29471319913864136 
vt 0.39961957931518555 0.32865282893180847 
vt 0.4563421308994293 0.33695459365844727 
vt 0.40510886907577515 0.3379312753677368 
vt 0.4690284729003906 0.2656569480895996 
vt 0.46427109837532043 0.3035033047199249 
vt 0.4685405492782593 0.33536750078201294 
vt 0.46707674860954285 0.24319331347942352 
vt 0.4201129078865051 0.2174333781003952 
vt 0.4614654779434204 0.18813298642635345 
vt 0.4418260455131531 0.1914292871952057 
vt 0.4158434569835663 0.20473654568195343 
vt 0.4063287079334259 0.1870342195034027 
vt 0.4169413149356842 0.1831274926662445 
vt 0.4398742914199829 0.18581336736679077 
vt 0.4059627652168274 0.19985315203666687 
vt 0.394374281167984 0.18984217941761017 
vt 0.401083379983902 0.18483668565750122 
vt 0.39754584431648254 0.18178457021713257 
vt 0.40266919136047363 0.18239499628543854 
vt 0.40852442383766174 0.1972893625497818 
vt 0.3912026882171631 0.18886549770832062 
vt 0.160896897315979 0.37113839387893677 
vt 0.16101887822151184 0.3862769305706024 
vt 0.15760332345962524 0.3748009502887726 
vt 0.15723738074302673 0.3865211009979248 
vt 0.16101887822151184 0.39763084053993225 
vt 0.16065292060375214 0.49651968479156494 
vt 0.16065292060375214 0.5104373693466187 
vt 0.15699340403079987 0.5034785270690918 
vt 0.19127091765403748 0.9945043921470642 
vt 0.2029813826084137 0.9957252740859985 
vt 0.1902950406074524 0.9879118204116821 
vt 0.2077387571334839 0.9894989132881165 
vt 0.20786073803901672 0.9815633893013 
vt 0.2098124772310257 0.9757032990455627 
vt 0.1902950406074524 0.9241834282875061 
vt 0.21249613165855408 0.9352931976318359 
vt 0.21164223551750183 0.9254043102264404 
vt 0.9768478870391846 0.5686719417572021 
vt 0.9540368914604187 0.5686719417572021 
vt 0.9768478870391846 0.5633001923561096 
vt 0.9742861986160278 0.5354648232460022 
vt 0.9544028043746948 0.4873633086681366 
vt 0.9767258763313293 0.4868749678134918 
vt 0.26860877871513367 0.6543756127357483 
vt 0.2365269809961319 0.6536430716514587 
vt 0.26860877871513367 0.6706129312515259 
vt 0.16687411069869995 0.6692699790000916 
vt 0.16553229093551636 0.6447308659553528 
vt 0.18907520174980164 0.6389929056167603 
vt 0.1923687607049942 0.6098145842552185 
vt 0.1948084533214569 0.624464750289917 
vt 0.21749746799468994 0.6015127897262573 
vt 0.23408730328083038 0.6033440828323364 
vt 0.26860877871513367 0.6188488602638245 
vt 0.26860877871513367 0.5462082624435425 
vt 0.21957120299339294 0.5623235106468201 
vt 0.22237683832645416 0.5448653697967529 
vt 0.2022494673728943 0.5452315807342529 
vt 0.1859036087989807 0.5672069191932678 
vt 0.1920028179883957 0.5438886880874634 
vt 0.16211673617362976 0.5662302374839783 
vt 0.1612628549337387 0.542301595211029 
vt 0.16345855593681335 0.5989490151405334 
vt 0.17895053327083588 0.5895484685897827 
vt 0.21176423132419586 0.5790491700172424 
vt 0.6413918733596802 0.7911108136177063 
vt 0.6706680059432983 0.7913549542427063 
vt 0.6415138840675354 0.7958720922470093 
vt 0.6710339784622192 0.8074702024459839 
vt 0.6413918733596802 0.8255387544631958 
vt 0.6706680059432983 0.8428748250007629 
vt 0.6545661687850952 0.8343288898468018 
vt 0.6430996656417847 0.8461711406707764 
vt 0.6445634365081787 0.8379914164543152 
vt 0.645417332649231 0.8804770112037659 
vt 0.6451733708381653 0.9075798988342285 
vt 0.6706680059432983 0.9152712225914001 
vt 0.6584696173667908 0.9151491522789001 
vt 0.6420018076896667 0.9081903100013733 
vt 0.8945086598396301 0.9343165159225464 
vt 0.8951185941696167 0.906603217124939 
vt 0.9237848520278931 0.9368802905082703 
vt 0.9237848520278931 0.8350613713264465 
vt 0.8991440534591675 0.8842616677284241 
vt 0.8973143100738525 0.8464152812957764 
vt 0.9020716547966003 0.8344509601593018 
vt 0.8945086598396301 0.8340847492218018 
vt 0.8942646980285645 0.873396098613739 
vt 0.2901999354362488 0.49859514832496643 
vt 0.30410611629486084 0.5198379158973694 
vt 0.3231356143951416 0.49456632137298584 
vt 0.3227696716785431 0.5256980061531067 
vt 0.32325759530067444 0.5344881415367126 
vt 0.28800421953201294 0.5235005021095276 
vt 0.32362353801727295 0.5474291443824768 
vt 0.2725122570991516 0.5007926821708679 
vt 0.27190232276916504 0.5548763275146484 
vt 0.27202433347702026 0.5696486234664917 
vt 0.28080716729164124 0.5945539474487305 
vt 0.27190232276916504 0.6205580830574036 
vt 0.3235015571117401 0.619825541973114 
vt 0.3021543622016907 0.3545348346233368 
vt 0.2926396131515503 0.35111644864082336 
vt 0.2912977933883667 0.36503416299819946 
vt 0.2666570246219635 0.34720975160598755 
vt 0.26653504371643066 0.37516719102859497 
vt 0.27434203028678894 0.38591068983078003 
vt 0.266291081905365 0.38920697569847107 
vt 0.3172803819179535 0.3541685938835144 
vt 0.31166911125183105 0.35355815291404724 
vt 0.31410878896713257 0.36906296014785767 
vt 0.3077656328678131 0.3766322135925293 
vt 0.317646324634552 0.40202590823173523 
vt 0.3094733953475952 0.40410134196281433 
vt 0.31752434372901917 0.41191479563713074 
vt 0.2751958966255188 0.40178173780441284 
vt 0.27190232276916504 0.41350188851356506 
vt 0.2653152048587799 0.4091068208217621 
vt 0.26616910099983215 0.4302275478839874 
vt 0.2679988443851471 0.4666088819503784 
vt 0.2714143991470337 0.4729572832584381 
vt 0.3050819933414459 0.4732014536857605 
vt 0.31057125329971313 0.4734456241130829 
vt 0.31752434372901917 0.43169257044792175 
vt 0.317646324634552 0.46782973408699036 
vt 0.317646324634552 0.47381189465522766 
vt 0.711776614189148 0.7758501768112183 
vt 0.7111667394638062 0.8001450896263123 
vt 0.7334898114204407 0.7757281064987183 
vt 0.7410528063774109 0.7818323373794556 
vt 0.7408088445663452 0.7981917262077332 
vt 0.7351975440979004 0.8346951603889465 
vt 0.7108007669448853 0.8454385995864868 
vt 0.739954948425293 0.8560600280761719 
vt 0.711776614189148 0.877913236618042 
vt 0.7410528063774109 0.8848720788955688 
vt 0.7398329377174377 0.9011093974113464 
vt 0.7108007669448853 0.9015977382659912 
vt 0.8200984597206116 0.5337556004524231 
vt 0.7976533770561218 0.5337556004524231 
vt 0.820952296257019 0.5663523077964783 
vt 0.7972874045372009 0.5593934655189514 
vt 0.8011909127235413 0.5686719417572021 
vt 0.7981413006782532 0.5686719417572021 
vt 0.7993611693382263 0.5781945586204529 
vt 0.8030206561088562 0.5838104486465454 
vt 0.820220410823822 0.5838104486465454 
vt 0.6377323269844055 0.8959817886352539 
vt 0.6348047256469727 0.8989118337631226 
vt 0.6371224522590637 0.8896334171295166 
vt 0.6212645173072815 0.8987897634506226 
vt 0.6089441180229187 0.8990339636802673 
vt 0.607968270778656 0.8527637124061584 
vt 0.6312671899795532 0.8517870306968689 
vt 0.6055285930633545 0.8327417969703674 
vt 0.6343168020248413 0.8263933658599854 
vt 0.629681408405304 0.8244400024414062 
vt 0.6073583364486694 0.8223645687103271 
vt 0.6373664140701294 0.8145511150360107 
vt 0.608700156211853 0.7915991544723511 
vt 0.6377323269844055 0.7911108136177063 
vt 0.6374883651733398 0.8508103489875793 
vt 0.6328529715538025 0.8243179321289062 
vt 0.318988174200058 0.4207049012184143 
vt 0.317646324634552 0.4169202744960785 
vt 0.3221597373485565 0.41008350253105164 
vt 0.317646324634552 0.3988516926765442 
vt 0.15455372631549835 0.29080647230148315 
vt 0.16101887822151184 0.2904402017593384 
vt 0.15418776869773865 0.2998407483100891 
vt 0.16101887822151184 0.3135142922401428 
vt 0.15394380688667297 0.31314802169799805 
vt 0.941350519657135 0.29483526945114136 
vt 0.932323694229126 0.2975211441516876 
vt 0.9546467661857605 0.29532361030578613 
vt 0.9550127387046814 0.3357337415218353 
vt 0.932323694229126 0.33524540066719055 
vt 0.15796928107738495 0.24490250647068024 
vt 0.16040895879268646 0.24832089245319366 
vt 0.16040895879268646 0.2436816543340683 
vt 0.673595666885376 0.6890477538108826 
vt 0.6724978089332581 0.6514455676078796 
vt 0.6801827549934387 0.6918556690216064 
vt 0.6801827549934387 0.6494922041893005 
vt 0.09331776201725006 0.7531423568725586 
vt 0.10136870294809341 0.7553399205207825 
vt 0.09331776201725006 0.795994222164154 
vt 0.10039283335208893 0.7956279516220093 
vt 0.6906734108924866 0.18849924206733704 
vt 0.682622492313385 0.18788881599903107 
vt 0.6904294490814209 0.16591352224349976 
vt 0.682622492313385 0.16542518138885498 
vt 0.995389461517334 0.2794525623321533 
vt 0.9957553744316101 0.2860451638698578 
vt 0.9806293845176697 0.2794525623321533 
vt 0.9794095158576965 0.2875101864337921 
vt 0.9791655540466309 0.33695459365844727 
vt 0.9957553744316101 0.33512333035469055 
vt 0.7400768995285034 0 
vt 0.756422758102417 0.03882303088903427 
vt 0.6906734108924866 0.002075444906949997 
vt 0.7558128833770752 0.05737994983792305 
vt 0.6890876293182373 0.03748009353876114 
vt 0.6831104159355164 0.1087777316570282 
vt 0.6832323670387268 0.043828513473272324 
vt 0.682622492313385 0.028934145346283913 
vt 0.682622492313385 0.002441700082272291 
vt 0.754593014717102 0.08362822234630585 
vt 0.7523972988128662 0.13942107558250427 
vt 0.7128744721412659 0.14955411851406097 
vt 0.7509335279464722 0.1629834771156311 
vt 0.7171439528465271 0.16408224403858185 
vt 0.6834763288497925 0.16542518138885498 
vt 0.6861600279808044 0.1287996768951416 
vt 0.682622492313385 0.1270904839038849 
vt 0.9419604539871216 0.6852630972862244 
vt 0.9247606992721558 0.6855072975158691 
vt 0.9411065578460693 0.7392246723175049 
vt 0.9191494584083557 0.7332425117492676 
vt 0.9197593331336975 0.7431313991546631 
vt 0.9419604539871216 0.7539969682693481 
vt 0.9190274477005005 0.7629091739654541 
vt 0.9193934202194214 0.7990463376045227 
vt 0.9418384432792664 0.8047842979431152 
vt 0.9237848520278931 0.80490642786026 
vt 0.91890549659729 0.7001574635505676 
vt 0.4226745665073395 0.8709543943405151 
vt 0.42023488879203796 0.8665593266487122 
vt 0.4227965474128723 0.8440957069396973 
vt 0.40608474612236023 0.8366485238075256 
vt 0.4216986894607544 0.8119873404502869 
vt 0.405230849981308 0.8105223178863525 
vt 0.42328447103500366 0.7930641770362854 
vt 0.40608474612236023 0.7919653654098511 
vt 0.423040509223938 0.7823206782341003 
vt 0.4179171919822693 0.7703563570976257 
vt 0.4235284626483917 0.7680367231369019 
vt 0.4224306046962738 0.8958597183227539 
vt 0.40571877360343933 0.8923192620277405 
vt 0.4235284626483917 0.9153933525085449 
vt 0.40718260407447815 0.9157595634460449 
vt 0.40608474612236023 0.7525319457054138 
vt 0.4227965474128723 0.7526540160179138 
vt 0.4685405492782593 0.9455482959747314 
vt 0.4798850417137146 0.950797975063324 
vt 0.45707404613494873 0.946158766746521 
vt 0.45707404613494873 0.9975565075874329 
vt 0.4800070524215698 0.9842492938041687 
vt 0.47878721356391907 0.9897431135177612 
vt 0.4751276671886444 0.9969460964202881 
vt 0.9690408706665039 0.9294331073760986 
vt 0.9697728157043457 0.9245496988296509 
vt 0.9476937055587769 0.9299214482307434 
vt 0.9476937055587769 0.9070915579795837 
vt 0.9670891761779785 0.888900876045227 
vt 0.9490355253219604 0.902086079120636 
vt 0.9479376673698425 0.8603329658508301 
vt 0.9697728157043457 0.8697335124015808 
vt 0.9690408706665039 0.8407993912696838 
vt 0.948059618473053 0.8343288898468018 
vt 0.9641615152359009 0.8340847492218018 
vt 0.7387350797653198 0.35526734590530396 
vt 0.7476399540901184 0.3379312753677368 
vt 0.7449563145637512 0.35319191217422485 
vt 0.7967994809150696 0.3397625684738159 
vt 0.7957016229629517 0.3647899925708771 
vt 0.8028987050056458 0.36124950647354126 
vt 0.7971654534339905 0.3679641783237457 
vt 0.8014348745346069 0.37528929114341736 
vt 0.7985072731971741 0.37944018840789795 
vt 0.8035085797309875 0.3829806447029114 
vt 0.8030206561088562 0.40129339694976807 
vt 0.7964335083961487 0.40520012378692627 
vt 0.8035085797309875 0.44219186902046204 
vt 0.8035085797309875 0.3400067389011383 
vt 0.7743544578552246 0.38371315598487854 
vt 0.7342216968536377 0.36723166704177856 
vt 0.7544710636138916 0.3865211009979248 
vt 0.729830265045166 0.37773099541664124 
vt 0.7303181886672974 0.3966541588306427 
vt 0.7521533370018005 0.406909316778183 
vt 0.7320259809494019 0.4288845956325531 
vt 0.7581305503845215 0.4172865152359009 
vt 0.7765501737594604 0.45378994941711426 
vt 0.7350755929946899 0.45586538314819336 
vt 0.7442243695259094 0.48174741864204407 
vt 0.7340996861457825 0.4807707369327545 
vt 0.7355635166168213 0.5003043413162231 
vt 0.7745984196662903 0.5014030933380127 
vt 0.7726466655731201 0.49859514832496643 
vt 0.7974094152450562 0.5025018453598022 
vt 0.8032646179199219 0.45977210998535156 
vt 0.8032646179199219 0.4993276596069336 
vt 0.7777699828147888 0.41545525193214417 
vt 0.7728906273841858 0.398119181394577 
vt 0.7991172075271606 0.4430464506149292 
vt 0.32362353801727295 0.4030025899410248 
vt 0.32228171825408936 0.39995047450065613 
vt 0.32228171825408936 0.44023850560188293 
vt 0.921467125415802 0 
vt 0.9363492131233215 0.00024416999076493084 
vt 0.920003354549408 0.021242789924144745 
vt 0.9336655139923096 0.026858700439333916 
vt 0.9240288138389587 0.042973920702934265 
vt 0.935739278793335 0.04175306856632233 
vt 0.9253706336021423 0.06140875443816185 
vt 0.9342754483222961 0.09022081643342972 
vt 0.9253706336021423 0.10218514502048492 
vt 0.9363492131233215 0.1067022904753685 
vt 0.9206132292747498 0.11976538598537445 
vt 0.9331775903701782 0.1250150352716446 
vt 0.9196373820304871 0.1591988354921341 
vt 0.9367151260375977 0.16334973275661469 
vt 0.9278103113174438 0.1628613919019699 
vt 0.9196373820304871 0.03528256341814995 
vt 0.9202473163604736 0.10303974151611328 
vt 0.9202473163604736 0.06531547755002975 
vt 0.9368371367454529 0.1268463134765625 
vt 0.0581863671541214 0.8196786642074585 
vt 0.0071970559656620026 0.8217541575431824 
vt 0.058552321046590805 0.7674263119697571 
vt 0.03793702274560928 0.7687692642211914 
vt 0.05879628658294678 0.7549736499786377 
vt 0.03134988620877266 0.7531423568725586 
vt 0 0.7531423568725586 
vt 0.002805632073432207 0.780611515045166 
vt 0.1601649969816208 0.527040958404541 
vt 0.15699340403079987 0.5337556004524231 
vt 0.15699340403079987 0.5230121612548828 
vt 0.45231667160987854 0.17653490602970123 
vt 0.45207270979881287 0.17006440460681915 
vt 0.447071373462677 0.17189568281173706 
vt 0.45231667160987854 0.1650589257478714 
vt 0.5241652727127075 0.3198626935482025 
vt 0.5206277370452881 0.3237694203853607 
vt 0.5241652727127075 0.3307282626628876 
vt 0.5133086442947388 0.3282865583896637 
vt 0.5152603983879089 0.3378092050552368 
vt 0.5113569498062134 0.3378092050552368 
vt 0.3208179175853729 0.4932233989238739 
vt 0.3208179175853729 0.4755210876464844 
vt 0.317646324634552 0.4794277846813202 
vt 0.9991709589958191 0.14198485016822815 
vt 0.9819712042808533 0.14259527623653412 
vt 0.9991709589958191 0.120742067694664 
vt 0.9972192049026489 0.1047489270567894 
vt 0.9819712042808533 0.10719063133001328 
vt 0.9917299151420593 0.09998761862516403 
vt 0.820952296257019 0.5337556004524231 
vt 0.8218061923980713 0.5479174852371216 
vt 0.8301011323928833 0.5350985527038574 
vt 0.8313209414482117 0.5448653697967529 
vt 0.8270515203475952 0.551335871219635 
vt 0.820952296257019 0.5675731897354126 
vt 0.8279054164886475 0.5674510598182678 
vt 0.9234188795089722 0.4868749678134918 
vt 0.9230529069900513 0.5033564567565918 
vt 0.9062191247940063 0.4869970679283142 
vt 0.9067070484161377 0.5232563018798828 
vt 0.9223210215568542 0.5233783721923828 
vt 0.9067070484161377 0.547062873840332 
vt 0.9212231636047363 0.5836883783340454 
vt 0.9176856279373169 0.5839325785636902 
vt 0.9240288138389587 0.5962631106376648 
vt 0.906463086605072 0.5900368094444275 
vt 0.9230529069900513 0.6201918125152588 
vt 0.9078049063682556 0.6186047196388245 
vt 0.9242727756500244 0.6494922041893005 
vt 0.9062191247940063 0.6407020688056946 
vt 0.9081708788871765 0.6507130265235901 
vt 0.9262245297431946 0.6164071559906006 
vt 0.9275663495063782 0.6382603645324707 
vt 0.4587818384170532 0.1771453320980072 
vt 0.4637831747531891 0.17262819409370422 
vt 0.4587818384170532 0.1650589257478714 
vt 0.10673599690198898 0.8532520532608032 
vt 0.10515020787715912 0.8345730304718018 
vt 0.12271590530872345 0.8547170758247375 
vt 0.1563834846019745 0.8426306843757629 
vt 0.15479770302772522 0.858013391494751 
vt 0.15735936164855957 0.796360433101654 
vt 0.1167386844754219 0.7964825630187988 
vt 0.10307648032903671 0.8110106587409973 
vt 0.10136870294809341 0.796360433101654 
vt 0.8491306304931641 0.6852630972862244 
vt 0.8773089051246643 0.6852630972862244 
vt 0.8523021936416626 0.6562068462371826 
vt 0.8762110471725464 0.6736650466918945 
vt 0.875723123550415 0.6580381393432617 
vt 0.8762110471725464 0.6415566802024841 
vt 0.8497405648231506 0.6343536376953125 
vt 0.8648665547370911 0.6338652968406677 
vt 0.9156119227409363 0.974970817565918 
vt 0.9152459502220154 0.9514083862304688 
vt 0.9141480922698975 0.9936498403549194 
vt 0.894874632358551 0.9589776992797852 
vt 0.8945086598396301 0.9938939809799194 
vt 0.8942646980285645 0.9732615947723389 
vt 0.8942646980285645 0.9370023608207703 
vt 0.9156119227409363 0.9368802905082703 
vt 0.8172928094863892 0.7786581516265869 
vt 0.8130233883857727 0.7746293544769287 
vt 0.8133893013000488 0.8122314810752869 
vt 0.7767941355705261 0.8002671599388123 
vt 0.8114375472068787 0.8403110504150391 
vt 0.7600823044776917 0.8416540026664734 
vt 0.7641077637672424 0.7997788190841675 
vt 0.7594723701477051 0.8233412504196167 
vt 0.7888705134391785 0.7751176357269287 
vt 0.7643517255783081 0.7746293544769287 
vt 0.7586184740066528 0.7810998558998108 
vt 0.7589844465255737 0.800877571105957 
vt 0.8077780604362488 0.8429968953132629 
vt 0.5102590918540955 0.8344509601593018 
vt 0.4819587767124176 0.8473919630050659 
vt 0.5084292888641357 0.8487349152565002 
vt 0.5068435072898865 0.8693673014640808 
vt 0.4726879894733429 0.8604550957679749 
vt 0.45817190408706665 0.8737623691558838 
vt 0.45707404613494873 0.849345326423645 
vt 0.48830196261405945 0.8125977516174316 
vt 0.5119668245315552 0.8124756813049316 
vt 0.47671347856521606 0.8122314810752869 
vt 0.45707404613494873 0.8122314810752869 
vt 0.28934603929519653 0.6691479086875916 
vt 0.26885274052619934 0.6693920493125916 
vt 0.29117581248283386 0.6369174718856812 
vt 0.26885274052619934 0.6205580830574036 
vt 0.28837016224861145 0.6209242939949036 
vt 0.39925363659858704 0.9761916399002075 
vt 0.4038890302181244 0.9278460144996643 
vt 0.39791181683540344 0.9424961805343628 
vt 0.39693593978881836 0.9157595634460449 
vt 0.42047885060310364 0.9157595634460449 
vt 0.4235284626483917 0.9191779494285583 
vt 0.41986891627311707 0.9434728622436523 
vt 0.4227965474128723 0.9780229330062866 
vt 0.39925363659858704 0.9825400710105896 
vt 0.42023488879203796 0.9826621413230896 
vt 0.9476937055587769 0.9916964769363403 
vt 0.9486695528030396 0.9763137698173523 
vt 0.9681870341300964 0.9914522767066956 
vt 0.9681870341300964 0.9670352935791016 
vt 0.9681870341300964 0.9299214482307434 
vt 0.9500113725662231 0.9300435185432434 
vt 0.8363223075866699 0.3379312753677368 
vt 0.8530341386795044 0.3382975459098816 
vt 0.835956335067749 0.3728475868701935 
vt 0.8514482975006104 0.38737571239471436 
vt 0.8379080891609192 0.3868873715400696 
vt 0.8332726955413818 0.40605470538139343 
vt 0.8476668000221252 0.407031387090683 
vt 0.8504724502563477 0.431326299905777 
vt 0.8370541930198669 0.43791890144348145 
vt 0.8514482975006104 0.46856221556663513 
vt 0.834492564201355 0.4734456241130829 
vt 0.8360783457756042 0.4927350580692291 
vt 0.8529121279716492 0.5580505132675171 
vt 0.835956335067749 0.5582947134971619 
vt 0.8530341386795044 0.5742878317832947 
vt 0.8360783457756042 0.5730670094490051 
vt 0.8354684114456177 0.6035882234573364 
vt 0.8332726955413818 0.4512261748313904 
vt 0.8329067230224609 0.4286404252052307 
vt 0.16101887822151184 0.3483085036277771 
vt 0.15723738074302673 0.37113839387893677 
vt 0.15723738074302673 0.33927422761917114 
vt 0.48720410466194153 0.8773028254508972 
vt 0.4597576856613159 0.8737623691558838 
vt 0.48415449261665344 0.8893892168998718 
vt 0.45707404613494873 0.8786457180976868 
vt 0.4601236581802368 0.8881683945655823 
vt 0.4851303696632385 0.9179571270942688 
vt 0.460733562707901 0.941641628742218 
vt 0.48720410466194153 0.92662513256073 
vt 0.46402713656425476 0.9455482959747314 
vt 0.48683813214302063 0.9437170624732971 
vt 0.07001881301403046 0.3403729796409607 
vt 0.05977215990424156 0.33939629793167114 
vt 0.07367833703756332 0.3060671091079712 
vt 0.06355366110801697 0.28885310888290405 
vt 0.0777038112282753 0.270174115896225 
vt 0.0831930860877037 0.23708906769752502 
vt 0.08416896313428879 0.2693195044994354 
vt 0.093805693089962 0.24526876211166382 
vt 0.11783654242753983 0.2700520157814026 
vt 0.031227903440594673 0.29776531457901 
vt 0.02964211255311966 0.3384196162223816 
vt 0.023420928046107292 0.30911922454833984 
vt 0.01134451199322939 0.3378092050552368 
vt 0.014028159901499748 0.29935240745544434 
vt 0 0.3364662528038025 
vt 0 0.2539367973804474 
vt 0.01988339237868786 0.25100675225257874 
vt 0.03049599938094616 0.20229484140872955 
vt 0.006465151906013489 0.1893538385629654 
vt 0.02573862485587597 0.1874004751443863 
vt 0.032325759530067444 0.18691213428974152 
vt 0.05318502336740494 0.18422625958919525 
vt 0.057454463094472885 0.19997523725032806 
vt 0.03305766358971596 0.2514950931072235 
vt 0.06892096251249313 0.1832495778799057 
vt 0.09648934751749039 0.19362680613994598 
vt 0.11051750183105469 0.2215842753648758 
vt 0.10454028844833374 0.19814395904541016 
vt 0.11027353256940842 0.18373791873455048 
vt 0.10332044959068298 0.18276125192642212 
vt 0.07916761934757233 0.1831274926662445 
vt 0.14259929955005646 0.185325026512146 
vt 0.14394111931324005 0.2374553233385086 
vt 0.12308185547590256 0.2336706966161728 
vt 0.1447950005531311 0.2618723213672638 
vt 0.1444290578365326 0.2738366425037384 
vt 0.5897926688194275 0.9486004710197449 
vt 0.5913784503936768 0.9384673833847046 
vt 0.5743006467819214 0.9481121301651001 
vt 0.5646639466285706 0.9402986764907837 
vt 0.5919883251190186 0.9081903100013733 
vt 0.5651518702507019 0.888900876045227 
vt 0.593696117401123 0.8899996280670166 
vt 0.5735687613487244 0.8849941492080688 
vt 0.5806438326835632 0.8786457180976868 
vt 0.5646639466285706 0.8766924142837524 
vt 0.5930861830711365 0.8785236477851868 
vt 0.5258730053901672 0.9084345102310181 
vt 0.527336835861206 0.9182012677192688 
vt 0.5361196994781494 0.9088007211685181 
vt 0.5294105410575867 0.9525071978569031 
vt 0.5517336130142212 0.9432287216186523 
vt 0.5297765135765076 0.9789996147155762 
vt 0.5507577657699585 0.979365885257721 
vt 0.5517336130142212 0.9088007211685181 
vt 0.5269708633422852 0.9754591584205627 
vt 0.8658424615859985 0.3379312753677368 
vt 0.8818223476409912 0.33903005719184875 
vt 0.8534000515937805 0.3397625684738159 
vt 0.8762110471725464 0.3741905391216278 
vt 0.8530341386795044 0.42192575335502625 
vt 0.8815783858299255 0.4081301689147949 
vt 0.8806024789810181 0.4307158887386322 
vt 0.8541319966316223 0.4868749678134918 
vt 0.8802365660667419 0.4713701903820038 
vt 0.8818223476409912 0.48602038621902466 
vt 0.8813344240188599 0.37113839387893677 
vt 0.48208075761795044 0.18178457021713257 
vt 0.48208075761795044 0.22011925280094147 
vt 0.48012903332710266 0.20302735269069672 
vt 0.9768478870391846 0.4868749678134918 
vt 0.9773358106613159 0.5022577047348022 
vt 0.9981950521469116 0.48809581995010376 
vt 0.9973411560058594 0.511658251285553 
vt 0.9958773851394653 0.5232563018798828 
vt 0.9955114126205444 0.5429120063781738 
vt 0.9772137999534607 0.5429120063781738 
vt 0.32362353801727295 0.9539721608161926 
vt 0.3471664786338806 0.955193042755127 
vt 0.32569727301597595 0.941885769367218 
vt 0.352533757686615 0.9338281750679016 
vt 0.32472139596939087 0.917712926864624 
vt 0.34997209906578064 0.9108762145042419 
vt 0.3519238531589508 0.8757157325744629 
vt 0.34838631749153137 0.868878960609436 
vt 0.32362353801727295 0.8659489154815674 
vt 0.8255876898765564 0.9182012677192688 
vt 0.8487646579742432 0.9185675382614136 
vt 0.8263196349143982 0.9365140199661255 
vt 0.8314429521560669 0.9590997695922852 
vt 0.8263196349143982 0.9598322510719299 
vt 0.8487646579742432 0.970819890499115 
vt 0.8259536623954773 0.9787554740905762 
vt 0.8379080891609192 0.9843713641166687 
vt 0.8255876898765564 0.9849817752838135 
vt 0.850960373878479 0.9832726120948792 
vt 0.7398329377174377 0.902086079120636 
vt 0.7561787962913513 0.9015977382659912 
vt 0.7400768995285034 0.9359036087989807 
vt 0.7555689215660095 0.9406649470329285 
vt 0.7573986649513245 0.9632506370544434 
vt 0.7398329377174377 0.9695990681648254 
vt 0.7487378120422363 0.9694769978523254 
vt 0.7571547031402588 0.9692327976226807 
vt 0.1612628549337387 0.9912081360816956 
vt 0.16211673617362976 0.9636169075965881 
vt 0.17419315874576569 0.990475594997406 
vt 0.18614758551120758 0.9846155047416687 
vt 0.18370790779590607 0.9601985216140747 
vt 0.1841958463191986 0.9359036087989807 
vt 0.1612628549337387 0.9323631525039673 
vt 0.5103810429573059 0.9999982118606567 
vt 0.48866790533065796 0.9999982118606567 
vt 0.5097711086273193 0.9962136149406433 
vt 0.48720410466194153 0.9489666819572449 
vt 0.5103810429573059 0.9486004710197449 
vt 0.9839229583740234 0.7660833597183228 
vt 0.9622098207473755 0.7635195851325989 
vt 0.9830690622329712 0.794040858745575 
vt 0.960502028465271 0.8041738867759705 
vt 0.9823371767997742 0.8271258473396301 
vt 0.9609899520874023 0.8312767744064331 
vt 0.9839229583740234 0.8315209150314331 
vt 0.6450514197349548 0.9152712225914001 
vt 0.6699361205101013 0.9160037636756897 
vt 0.6413918733596802 0.9208871722221375 
vt 0.6421237587928772 0.9479900002479553 
vt 0.6688382625579834 0.9484783411026001 
vt 0.6678624153137207 0.955437183380127 
vt 0.6465151906013489 0.9528734087944031 
vt 0.6461492776870728 0.957390546798706 
vt 0.6429776549339294 0.9709420204162598 
vt 0.6610313057899475 0.9747266173362732 
vt 0.6430996656417847 0.9779008626937866 
vt 0.6699361205101013 0.979487955570221 
vt 0.26616910099983215 0.5307034850120544 
vt 0.2697066366672516 0.5347322821617126 
vt 0.26616910099983215 0.5392494201660156 
vt 0.15443174540996552 0.24905340373516083 
vt 0.15796928107738495 0.2457571029663086 
vt 0.15443174540996552 0.2436816543340683 
vt 0.16101887822151184 0.44573232531547546 
vt 0.15699340403079987 0.43828514218330383 
vt 0.16101887822151184 0.43401217460632324 
vt 0.15931110084056854 0.42412328720092773 
vt 0.43792256712913513 0.1650589257478714 
vt 0.4418260455131531 0.1672564446926117 
vt 0.4367027282714844 0.16982023417949677 
vt 0.4418260455131531 0.17799992859363556 
vt 0.6860380172729492 0.3362220823764801 
vt 0.679938793182373 0.32535651326179504 
vt 0.6860380172729492 0.32718780636787415 
vt 0.6860380172729492 0.30936339497566223 
vt 0.6789629459381104 0.3164443075656891 
vt 0.5097711086273193 0.9448158144950867 
vt 0.49793869256973267 0.9398103356361389 
vt 0.506721556186676 0.9381011128425598 
vt 0.48964378237724304 0.9383453130722046 
vt 0.5102590918540955 0.9327294230461121 
vt 0.49000972509384155 0.9225963354110718 
vt 0.5125767588615417 0.9183233976364136 
vt 0.48720410466194153 0.902208149433136 
vt 0.511600911617279 0.8957376480102539 
vt 0.4887898862361908 0.8953713774681091 
vt 0.4881799817085266 0.8763261437416077 
vt 0.5158703327178955 0.8737623691558838 
vt 0.5009883046150208 0.9477458596229553 
vt 0.4901317059993744 0.9486004710197449 
vt 0.5158703327178955 0.9289447665214539 
vt 0.42523622512817383 0.1650589257478714 
vt 0.42523622512817383 0.18056371808052063 
vt 0.4216986894607544 0.1670122742652893 
vt 0.4206008315086365 0.1772674173116684 
vt 0.32154983282089233 0.3767543137073517 
vt 0.32325759530067444 0.3866432011127472 
vt 0.317646324634552 0.3849340081214905 
vt 0.317646324634552 0.3988516926765442 
vt 0.15699340403079987 0.5413249135017395 
vt 0.16004300117492676 0.5337556004524231 
vt 0.16040895879268646 0.5413249135017395 
vt 0.15796928107738495 0.4651438593864441 
vt 0.15796928107738495 0.4835786819458008 
vt 0.16101887822151184 0.4745444059371948 
vt 0.447803258895874 0.9306539297103882 
vt 0.447803258895874 0.9731395244598389 
vt 0.42560216784477234 0.9299214482307434 
vt 0.44792523980140686 0.994626522064209 
vt 0.42560216784477234 0.9958473443984985 
vt 0.8147311210632324 0.9330956339836121 
vt 0.7926520109176636 0.9337061047554016 
vt 0.8144871592521667 0.9444495439529419 
vt 0.7920421361923218 0.9698432683944702 
vt 0.8147311210632324 0.9907197952270508 
vt 0.7922860980033875 0.990475594997406 
vt 0.1612628549337387 0.18276125192642212 
vt 0.16040895879268646 0.1831274926662445 
vt 0.1612628549337387 0.21413709223270416 
vt 0.3228916525840759 0.3480643332004547 
vt 0.32362353801727295 0.34720975160598755 
vt 0.32362353801727295 0.3638133108615875 
vt 0.229329913854599 0.9935277104377747 
vt 0.22859801352024078 0.9520188570022583 
vt 0.21310605108737946 0.9929172992706299 
vt 0.21249613165855408 0.9534838795661926 
vt 0.229329913854599 0.9241834282875061 
vt 0.15394380688667297 0.2496638298034668 
vt 0.1447950005531311 0.25857603549957275 
vt 0.15394380688667297 0.2715170383453369 
vt 0.14735667407512665 0.27896422147750854 
vt 0.15357784926891327 0.3146130442619324 
vt 0.1447950005531311 0.33719876408576965 
vt 0.1451609581708908 0.31485721468925476 
vt 0.15565158426761627 0.33719876408576965 
vt 0.1554076224565506 0.3146130442619324 
vt 0.6618852019309998 0.30936339497566223 
vt 0.6789629459381104 0.3138805329799652 
vt 0.6626170873641968 0.3306061923503876 
vt 0.6788409352302551 0.3306061923503876 
vt 0.482690691947937 0.2638256847858429 
vt 0.48012903332710266 0.27859798073768616 
vt 0.48012903332710266 0.2500300705432892 
vt 0.47488370537757874 0.1751919686794281 
vt 0.47488370537757874 0.18178457021713257 
vt 0.4764695167541504 0.17604656517505646 
vt 0.26616910099983215 0.5307034850120544 
vt 0.26616910099983215 0.5217912793159485 
vt 0.27019456028938293 0.5254538655281067 
vt 0.16101887822151184 0.2435595691204071 
vt 0.16101887822151184 0.2152358591556549 
vt 0.15979903936386108 0.2378215789794922 
vt 0.15699340403079987 0.4916363060474396 
vt 0.16101887822151184 0.4835786819458008 
vt 0.16101887822151184 0.49651968479156494 
vt 0.48378854990005493 0.20876534283161163 
vt 0.48208075761795044 0.21450334787368774 
vt 0.48378854990005493 0.22011925280094147 
vt 0.1612628549337387 0.2213401049375534 
vt 0.16101887822151184 0.2355019599199295 
vt 0.16101887822151184 0.21413709223270416 
vt 0.6417578458786011 0.30936339497566223 
vt 0.6441975235939026 0.33146077394485474 
vt 0.6618852019309998 0.30936339497566223 
vt 0.6584696173667908 0.33109453320503235 
vt 0.269096702337265 0.5079956650733948 
vt 0.269096702337265 0.49444425106048584 
vt 0.2653152048587799 0.5018914341926575 
vt 0.0814853087067604 0.9926731586456299 
vt 0.08172927796840668 0.9442054033279419 
vt 0.09819711744785309 0.9918185472488403 
vt 0.09819711744785309 0.9435949921607971 
vt 0.4939132034778595 0.3361000120639801 
vt 0.4939132034778595 0.3198626935482025 
vt 0.49720677733421326 0.329751580953598 
vt 0.47695744037628174 0.17275027930736542 
vt 0.48378854990005493 0.17568030953407288 
vt 0.48378854990005493 0.16750061511993408 
vt 0.2858085036277771 0.4745444059371948 
vt 0.2806851863861084 0.4769860804080963 
vt 0.2769036889076233 0.47381189465522766 
vt 0.2769036889076233 0.4917583763599396 
vt 0.7917981147766113 0.2938585877418518 
vt 0.8148531317710876 0.2938585877418518 
vt 0.7920421361923218 0.3365883529186249 
vt 0.814609169960022 0.3362220823764801 
vt 0.5380714535713196 0.33732086420059204 
vt 0.5356317162513733 0.33732086420059204 
vt 0.5356317162513733 0.32474610209465027 
vt 0.3094733953475952 0.4769860804080963 
vt 0.31093722581863403 0.482968270778656 
vt 0.31093722581863403 0.47381189465522766 
vt 0.38180992007255554 0.17482571303844452 
vt 0.3904707729816437 0.1650589257478714 
vt 0.3904707729816437 0.18080788850784302 
vt 0.31093722581863403 0.47381189465522766 
vt 0.31093722581863403 0.49236881732940674 
vt 0.317646324634552 0.4850437045097351 
vt 0.4637831747531891 0.17140734195709229 
vt 0.46976038813591003 0.16750061511993408 
vt 0.46976038813591003 0.1771453320980072 
vt 0.3904707729816437 0.1812962293624878 
vt 0.3980337977409363 0.1771453320980072 
vt 0.3904707729816437 0.1650589257478714 
vt 0.5311183333396912 0.33732086420059204 
vt 0.5311183333396912 0.32950741052627563 
vt 0.5356317162513733 0.3364662528038025 
vt 0.14833255112171173 0.23867617547512054 
vt 0.15443174540996552 0.19277220964431763 
vt 0.1447950005531311 0.2496638298034668 
vt 0.1447950005531311 0.18276125192642212 
vt 0.269096702337265 0.49444425106048584 
vt 0.269096702337265 0.5170300006866455 
vt 0.27129241824150085 0.5156870484352112 
vt 0.15443174540996552 0.19692310690879822 
vt 0.16028697788715363 0.18276125192642212 
vt 0.16028697788715363 0.2152358591556549 
vt 0.4553662836551666 0.17421530187129974 
vt 0.45231667160987854 0.181418314576149 
vt 0.458659827709198 0.181418314576149 
s on 
f 1/1/1 2/2/2 3/3/3 
f 2/2/2 4/4/4 3/3/3 
f 3/3/3 4/4/4 3/3/3 
f 4/4/4 5/5/5 3/3/3 
f 3/3/3 5/5/5 6/6/6 
f 5/5/5 7/7/7 6/6/6 
f 6/6/6 7/7/7 8/8/8 
f 7/7/7 9/9/9 8/8/8 
f 8/8/8 9/9/9 10/10/10 
f 9/9/9 11/11/11 10/10/10 
f 10/10/10 11/11/11 10/10/10 
f 11/11/11 12/12/12 10/10/10 
f 10/10/10 12/12/12 13/13/13 
f 12/12/12 14/14/14 13/13/13 
f 13/13/13 14/14/14 13/13/13 
f 14/14/14 15/15/15 13/13/13 
f 13/13/13 15/15/15 16/16/16 
f 15/15/15 17/17/17 16/16/16 
f 16/16/16 17/17/17 18/18/18 
f 17/17/17 17/17/17 18/18/18 
f 18/18/18 17/17/17 19/19/19 
f 17/17/17 20/20/20 19/19/19 
f 19/19/19 20/20/20 21/21/21 
f 20/20/20 20/20/20 21/21/21 
f 21/21/21 20/20/20 22/22/22 
f 20/20/20 20/20/20 22/22/22 
f 22/22/22 20/20/20 23/23/23 
f 20/20/20 20/20/20 23/23/23 
f 23/23/23 20/20/20 24/24/24 
f 20/20/20 17/17/17 24/24/24 
f 24/24/24 17/17/17 25/25/25 
f 17/17/17 26/26/26 25/25/25 
f 25/25/25 26/26/26 25/25/25 
f 26/26/26 27/27/27 25/25/25 
f 25/25/25 27/27/27 24/24/24 
f 27/27/27 28/28/28 24/24/24 
f 24/24/24 28/28/28 29/29/29 
f 28/28/28 29/29/29 29/29/29 
f 29/29/29 29/29/29 4/4/4 
f 29/29/29 4/4/4 4/4/4 
f 4/4/4 4/4/4 30/30/30 
f 4/4/4 2/2/2 30/30/30 
f 30/30/30 2/2/2 2/2/2 
f 2/2/2 3/3/3 2/2/2 
f 2/2/2 3/3/3 3/3/3 
f 3/3/3 6/6/6 3/3/3 
f 3/3/3 6/6/6 31/31/31 
f 6/6/6 8/8/8 31/31/31 
f 31/31/31 8/8/8 8/8/8 
f 8/8/8 17/17/17 8/8/8 
f 8/8/8 17/17/17 17/17/17 
f 17/17/17 15/15/15 17/17/17 
f 17/17/17 15/15/15 26/26/26 
f 15/15/15 32/32/32 26/26/26 
f 26/26/26 32/32/32 27/27/27 
f 32/32/32 33/33/33 27/27/27 
f 27/27/27 33/33/33 28/28/28 
f 33/33/33 28/28/28 28/28/28 
f 28/28/28 28/28/28 15/15/15 
f 28/28/28 15/15/15 15/15/15 
f 15/15/15 15/15/15 32/32/32 
f 15/15/15 14/14/14 32/32/32 
f 32/32/32 14/14/14 34/34/34 
f 14/14/14 12/12/12 34/34/34 
f 34/34/34 12/12/12 12/12/12 
f 12/12/12 35/35/35 12/12/12 
f 12/12/12 35/35/35 35/35/35 
f 35/35/35 33/33/33 35/35/35 
f 35/35/35 33/33/33 36/36/36 
f 33/33/33 33/33/33 36/36/36 
f 36/36/36 33/33/33 37/37/37 
f 33/33/33 38/38/38 37/37/37 
f 37/37/37 38/38/38 34/34/34 
f 38/38/38 38/38/38 34/34/34 
f 34/34/34 38/38/38 32/32/32 
f 38/38/38 33/33/33 32/32/32 
f 32/32/32 33/33/33 33/33/33 
f 33/33/33 7/7/7 33/33/33 
f 33/33/33 7/7/7 7/7/7 
f 7/7/7 39/39/39 7/7/7 
f 7/7/7 39/39/39 9/9/9 
f 39/39/39 11/11/11 9/9/9 
f 9/9/9 11/11/11 11/11/11 
f 11/11/11 12/12/12 11/11/11 
f 11/11/11 12/12/12 12/12/12 
f 12/12/12 40/40/40 12/12/12 
f 12/12/12 40/40/40 34/34/34 
f 40/40/40 40/40/40 34/34/34 
f 34/34/34 40/40/40 37/37/37 
f 40/40/40 41/41/41 37/37/37 
f 37/37/37 41/41/41 30/30/30 
f 41/41/41 42/42/42 30/30/30 
f 30/30/30 42/42/42 4/4/4 
f 42/42/42 42/42/42 4/4/4 
f 4/4/4 42/42/42 5/5/5 
f 42/42/42 42/42/42 5/5/5 
f 5/5/5 42/42/42 7/7/7 
f 42/42/42 42/42/42 7/7/7 
f 7/7/7 42/42/42 39/39/39 
f 42/42/42 41/41/41 39/39/39 
f 39/39/39 41/41/41 11/11/11 
f 41/41/41 43/43/43 11/11/11 
f 11/11/11 43/43/43 12/12/12 
f 43/43/43 43/43/43 12/12/12 
f 12/12/12 43/43/43 40/40/40 
f 43/43/43 41/41/41 40/40/40 
f 40/40/40 41/41/41 41/41/41 
f 41/41/41 44/44/44 41/41/41 
f 41/41/41 44/44/44 44/44/44 
f 44/44/44 45/45/45 44/44/44 
f 44/44/44 45/45/45 46/46/46 
f 45/45/45 45/45/45 46/46/46 
f 46/46/46 45/45/45 47/47/47 
f 45/45/45 48/48/48 47/47/47 
f 47/47/47 48/48/48 49/49/49 
f 48/48/48 49/49/49 49/49/49 
f 49/49/49 49/49/49 50/50/50 
f 49/49/49 50/50/50 50/50/50 
f 50/50/50 50/50/50 51/51/51 
f 50/50/50 52/52/52 51/51/51 
f 51/51/51 52/52/52 51/51/51 
f 52/52/52 53/53/53 51/51/51 
f 51/51/51 53/53/53 51/51/51 
f 53/53/53 54/54/54 51/51/51 
f 51/51/51 54/54/54 55/55/55 
f 54/54/54 54/54/54 55/55/55 
f 55/55/55 54/54/54 56/56/56 
f 54/54/54 57/57/57 56/56/56 
f 56/56/56 57/57/57 58/58/58 
f 57/57/57 59/59/59 58/58/58 
f 58/58/58 59/59/59 60/60/60 
f 59/59/59 61/61/61 60/60/60 
f 60/60/60 61/61/61 60/60/60 
f 61/61/61 62/62/62 60/60/60 
f 60/60/60 62/62/62 60/60/60 
f 62/62/62 63/63/63 60/60/60 
f 60/60/60 63/63/63 58/58/58 
f 63/63/63 63/63/63 58/58/58 
f 58/58/58 63/63/63 56/56/56 
f 63/63/63 64/64/64 56/56/56 
f 56/56/56 64/64/64 65/65/65 
f 64/64/64 65/65/65 65/65/65 
f 65/65/65 65/65/65 66/66/66 
f 65/65/65 66/66/66 66/66/66 
f 66/66/66 66/66/66 67/67/67 
f 66/66/66 51/51/51 67/67/67 
f 67/67/67 51/51/51 67/67/67 
f 51/51/51 55/55/55 67/67/67 
f 67/67/67 55/55/55 68/68/68 
f 55/55/55 68/68/68 68/68/68 
f 68/68/68 68/68/68 61/61/61 
f 68/68/68 61/61/61 61/61/61 
f 61/61/61 61/61/61 69/69/69 
f 61/61/61 59/59/59 69/69/69 
f 69/69/69 59/59/59 59/59/59 
f 59/59/59 70/70/70 59/59/59 
f 59/59/59 70/70/70 70/70/70 
f 70/70/70 71/71/71 70/70/70 
f 70/70/70 71/71/71 72/72/72 
f 71/71/71 73/73/73 72/72/72 
f 72/72/72 73/73/73 73/73/73 
f 73/73/73 70/70/70 73/73/73 
f 73/73/73 70/70/70 70/70/70 
f 70/70/70 74/74/74 70/70/70 
f 70/70/70 74/74/74 71/71/71 
f 74/74/74 75/75/75 71/71/71 
f 71/71/71 75/75/75 76/76/76 
f 75/75/75 75/75/75 76/76/76 
f 76/76/76 75/75/75 77/77/77 
f 75/75/75 75/75/75 77/77/77 
f 77/77/77 75/75/75 78/78/78 
f 75/75/75 75/75/75 78/78/78 
f 78/78/78 75/75/75 79/79/79 
f 75/75/75 74/74/74 79/79/79 
f 79/79/79 74/74/74 74/74/74 
f 74/74/74 76/76/76 74/74/74 
f 74/74/74 76/76/76 76/76/76 
f 76/76/76 80/80/80 76/76/76 
f 76/76/76 80/80/80 71/71/71 
f 80/80/80 80/80/80 71/71/71 
f 71/71/71 80/80/80 73/73/73 
f 80/80/80 81/81/81 73/73/73 
f 73/73/73 81/81/81 82/82/82 
f 81/81/81 83/83/83 82/82/82 
f 82/82/82 83/83/83 82/82/82 
f 83/83/83 84/84/84 82/82/82 
f 82/82/82 84/84/84 85/85/85 
f 84/84/84 86/86/86 85/85/85 
f 85/85/85 86/86/86 85/85/85 
f 86/86/86 87/87/87 85/85/85 
f 85/85/85 87/87/87 85/85/85 
f 87/87/87 88/88/88 85/85/85 
f 85/85/85 88/88/88 85/85/85 
f 88/88/88 89/89/89 85/85/85 
f 85/85/85 89/89/89 73/73/73 
f 89/89/89 90/90/90 73/73/73 
f 73/73/73 90/90/90 72/72/72 
f 90/90/90 72/72/72 72/72/72 
f 72/72/72 72/72/72 81/81/81 
f 72/72/72 81/81/81 81/81/81 
f 81/81/81 81/81/81 83/83/83 
f 81/81/81 80/80/80 83/83/83 
f 83/83/83 80/80/80 76/76/76 
f 80/80/80 76/76/76 76/76/76 
f 76/76/76 76/76/76 82/82/82 
f 76/76/76 82/82/82 82/82/82 
f 82/82/82 82/82/82 73/73/73 
f 82/82/82 85/85/85 73/73/73 
f 73/73/73 85/85/85 85/85/85 
f 85/85/85 90/90/90 85/85/85 
f 85/85/85 90/90/90 90/90/90 
f 90/90/90 89/89/89 90/90/90 
f 90/90/90 89/89/89 91/91/91 
f 89/89/89 88/88/88 91/91/91 
f 91/91/91 88/88/88 92/92/92 
f 88/88/88 87/87/87 92/92/92 
f 92/92/92 87/87/87 92/92/92 
f 87/87/87 93/93/93 92/92/92 
f 92/92/92 93/93/93 94/94/94 
f 93/93/93 95/95/95 94/94/94 
f 94/94/94 95/95/95 94/94/94 
f 95/95/95 96/96/96 94/94/94 
f 94/94/94 96/96/96 94/94/94 
f 96/96/96 97/97/97 94/94/94 
f 94/94/94 97/97/97 94/94/94 
f 97/97/97 91/91/91 94/94/94 
f 94/94/94 91/91/91 92/92/92 
f 91/91/91 92/92/92 92/92/92 
f 92/92/92 92/92/92 98/98/98 
f 92/92/92 98/98/98 98/98/98 
f 98/98/98 98/98/98 99/99/99 
f 98/98/98 100/100/100 99/99/99 
f 99/99/99 100/100/100 100/100/100 
f 100/100/100 98/98/98 100/100/100 
f 100/100/100 98/98/98 98/98/98 
f 98/98/98 99/99/99 98/98/98 
f 98/98/98 99/99/99 101/101/101 
f 99/99/99 101/101/101 101/101/101 
f 101/101/101 101/101/101 102/102/102 
f 101/101/101 102/102/102 102/102/102 
f 102/102/102 102/102/102 99/99/99 
f 102/102/102 101/101/101 99/99/99 
f 99/99/99 101/101/101 101/101/101 
f 101/101/101 101/101/101 101/101/101 
f 101/101/101 101/101/101 101/101/101 
f 101/101/101 102/102/102 101/101/101 
f 101/101/101 102/102/102 103/103/103 
f 102/102/102 103/103/103 103/103/103 
f 103/103/103 103/103/103 103/103/103 
f 103/103/103 103/103/103 103/103/103 
f 103/103/103 103/103/103 101/101/101 
f 103/103/103 104/104/104 101/101/101 
f 101/101/101 104/104/104 104/104/104 
f 104/104/104 83/83/83 104/104/104 
f 104/104/104 83/83/83 83/83/83 
f 83/83/83 105/105/105 83/83/83 
f 83/83/83 105/105/105 84/84/84 
f 105/105/105 105/105/105 84/84/84 
f 84/84/84 105/105/105 106/106/106 
f 105/105/105 83/83/83 106/106/106 
f 106/106/106 83/83/83 107/107/107 
f 83/83/83 76/76/76 107/107/107 
f 107/107/107 76/76/76 107/107/107 
f 76/76/76 77/77/77 107/107/107 
f 107/107/107 77/77/77 106/106/106 
f 77/77/77 106/106/106 106/106/106 
f 106/106/106 106/106/106 108/108/108 
f 106/106/106 108/108/108 108/108/108 
f 108/108/108 108/108/108 109/109/109 
f 108/108/108 110/110/110 109/109/109 
f 109/109/109 110/110/110 109/109/109 
f 110/110/110 111/111/111 109/109/109 
f 109/109/109 111/111/111 109/109/109 
f 111/111/111 112/112/112 109/109/109 
f 109/109/109 112/112/112 109/109/109 
f 112/112/112 113/113/113 109/109/109 
f 109/109/109 113/113/113 114/114/114 
f 113/113/113 115/115/115 114/114/114 
f 114/114/114 115/115/115 116/116/116 
f 115/115/115 115/115/115 116/116/116 
f 116/116/116 115/115/115 117/117/117 
f 115/115/115 115/115/115 117/117/117 
f 117/117/117 115/115/115 118/118/118 
f 115/115/115 113/113/113 118/118/118 
f 118/118/118 113/113/113 119/119/119 
f 113/113/113 119/119/119 119/119/119 
f 119/119/119 119/119/119 109/109/109 
f 119/119/119 109/109/109 109/109/109 
f 109/109/109 109/109/109 108/108/108 
f 109/109/109 114/114/114 108/108/108 
f 108/108/108 114/114/114 108/108/108 
f 114/114/114 116/116/116 108/108/108 
f 108/108/108 116/116/116 120/120/120 
f 116/116/116 116/116/116 120/120/120 
f 120/120/120 116/116/116 121/121/121 
f 116/116/116 122/122/122 121/121/121 
f 121/121/121 122/122/122 123/123/123 
f 122/122/122 124/124/124 123/123/123 
f 123/123/123 124/124/124 125/125/125 
f 124/124/124 124/124/124 125/125/125 
f 125/125/125 124/124/124 126/126/126 
f 124/124/124 127/127/127 126/126/126 
f 126/126/126 127/127/127 128/128/128 
f 127/127/127 127/127/127 128/128/128 
f 128/128/128 127/127/127 117/117/117 
f 127/127/127 127/127/127 117/117/117 
f 117/117/117 127/127/127 116/116/116 
f 127/127/127 127/127/127 116/116/116 
f 116/116/116 127/127/127 122/122/122 
f 127/127/127 124/124/124 122/122/122 
f 122/122/122 124/124/124 124/124/124 
f 124/124/124 129/129/129 124/124/124 
f 124/124/124 129/129/129 129/129/129 
f 129/129/129 108/108/108 129/129/129 
f 129/129/129 108/108/108 120/120/120 
f 108/108/108 120/120/120 120/120/120 
f 120/120/120 120/120/120 128/128/128 
f 120/120/120 128/128/128 128/128/128 
f 128/128/128 128/128/128 126/126/126 
f 128/128/128 130/130/130 126/126/126 
f 126/126/126 130/130/130 131/131/131 
f 130/130/130 132/132/132 131/131/131 
f 131/131/131 132/132/132 133/133/133 
f 132/132/132 132/132/132 133/133/133 
f 133/133/133 132/132/132 134/134/134 
f 132/132/132 132/132/132 134/134/134 
f 134/134/134 132/132/132 135/135/135 
f 132/132/132 132/132/132 135/135/135 
f 135/135/135 132/132/132 136/136/136 
f 132/132/132 130/130/130 136/136/136 
f 136/136/136 130/130/130 136/136/136 
f 130/130/130 128/128/128 136/136/136 
f 136/136/136 128/128/128 137/137/137 
f 128/128/128 128/128/128 137/137/137 
f 137/137/137 128/128/128 138/138/138 
f 128/128/128 139/139/139 138/138/138 
f 138/138/138 139/139/139 140/140/140 
f 139/139/139 139/139/139 140/140/140 
f 140/140/140 139/139/139 141/141/141 
f 139/139/139 142/142/142 141/141/141 
f 141/141/141 142/142/142 143/143/143 
f 142/142/142 143/143/143 143/143/143 
f 143/143/143 143/143/143 118/118/118 
f 143/143/143 118/118/118 118/118/118 
f 118/118/118 118/118/118 139/139/139 
f 118/118/118 142/142/142 139/139/139 
f 139/139/139 142/142/142 142/142/142 
f 142/142/142 136/136/136 142/142/142 
f 142/142/142 136/136/136 136/136/136 
f 136/136/136 137/137/137 136/136/136 
f 136/136/136 137/137/137 144/144/144 
f 137/137/137 145/145/145 144/144/144 
f 144/144/144 145/145/145 146/146/146 
f 145/145/145 147/147/147 146/146/146 
f 146/146/146 147/147/147 146/146/146 
f 147/147/147 119/119/119 146/146/146 
f 146/146/146 119/119/119 146/146/146 
f 119/119/119 148/148/148 146/146/146 
f 146/146/146 148/148/148 149/149/149 
f 148/148/148 135/135/135 149/149/149 
f 149/149/149 135/135/135 149/149/149 
f 135/135/135 136/136/136 149/149/149 
f 149/149/149 136/136/136 149/149/149 
f 136/136/136 144/144/144 149/149/149 
f 149/149/149 144/144/144 146/146/146 
f 144/144/144 146/146/146 146/146/146 
f 146/146/146 146/146/146 150/150/150 
f 146/146/146 150/150/150 150/150/150 
f 150/150/150 150/150/150 151/151/151 
f 150/150/150 152/152/152 151/151/151 
f 151/151/151 152/152/152 151/151/151 
f 152/152/152 153/153/153 151/151/151 
f 151/151/151 153/153/153 151/151/151 
f 153/153/153 154/154/154 151/151/151 
f 151/151/151 154/154/154 155/155/155 
f 154/154/154 154/154/154 155/155/155 
f 155/155/155 154/154/154 156/156/156 
f 154/154/154 154/154/154 156/156/156 
f 156/156/156 154/154/154 157/157/157 
f 154/154/154 158/158/158 157/157/157 
f 157/157/157 158/158/158 159/159/159 
f 158/158/158 160/160/160 159/159/159 
f 159/159/159 160/160/160 161/161/161 
f 160/160/160 162/162/162 161/161/161 
f 161/161/161 162/162/162 161/161/161 
f 162/162/162 163/163/163 161/161/161 
f 161/161/161 163/163/163 164/164/164 
f 163/163/163 163/163/163 164/164/164 
f 164/164/164 163/163/163 165/165/165 
f 163/163/163 166/166/166 165/165/165 
f 165/165/165 166/166/166 166/166/166 
f 166/166/166 167/167/167 166/166/166 
f 166/166/166 167/167/167 167/167/167 
f 167/167/167 168/168/168 167/167/167 
f 167/167/167 168/168/168 169/169/169 
f 168/168/168 168/168/168 169/169/169 
f 169/169/169 168/168/168 170/170/170 
f 168/168/168 171/171/171 170/170/170 
f 170/170/170 171/171/171 172/172/172 
f 171/171/171 171/171/171 172/172/172 
f 172/172/172 171/171/171 173/173/173 
f 171/171/171 171/171/171 173/173/173 
f 173/173/173 171/171/171 174/174/174 
f 171/171/171 171/171/171 174/174/174 
f 174/174/174 171/171/171 175/175/175 
f 171/171/171 171/171/171 175/175/175 
f 175/175/175 171/171/171 176/176/176 
f 171/171/171 171/171/171 176/176/176 
f 176/176/176 171/171/171 177/177/177 
f 171/171/171 168/168/168 177/177/177 
f 177/177/177 168/168/168 168/168/168 
f 168/168/168 178/178/178 168/168/168 
f 168/168/168 178/178/178 178/178/178 
f 178/178/178 179/179/179 178/178/178 
f 178/178/178 179/179/179 180/180/180 
f 179/179/179 179/179/179 180/180/180 
f 180/180/180 179/179/179 181/181/181 
f 179/179/179 179/179/179 181/181/181 
f 181/181/181 179/179/179 182/182/182 
f 179/179/179 179/179/179 182/182/182 
f 182/182/182 179/179/179 183/183/183 
f 179/179/179 184/184/184 183/183/183 
f 183/183/183 184/184/184 185/185/185 
f 184/184/184 186/186/186 185/185/185 
f 185/185/185 186/186/186 187/187/187 
f 186/186/186 188/188/188 187/187/187 
f 187/187/187 188/188/188 188/188/188 
f 188/188/188 179/179/179 188/188/188 
f 188/188/188 179/179/179 179/179/179 
f 179/179/179 178/178/178 179/179/179 
f 179/179/179 178/178/178 184/184/184 
f 178/178/178 186/186/186 184/184/184 
f 184/184/184 186/186/186 186/186/186 
f 186/186/186 183/183/183 186/186/186 
f 186/186/186 183/183/183 183/183/183 
f 183/183/183 185/185/185 183/183/183 
f 183/183/183 185/185/185 189/189/189 
f 185/185/185 187/187/187 189/189/189 
f 189/189/189 187/187/187 187/187/187 
f 187/187/187 190/190/190 187/187/187 
f 187/187/187 190/190/190 190/190/190 
f 190/190/190 191/191/191 190/190/190 
f 190/190/190 191/191/191 192/192/192 
f 191/191/191 191/191/191 192/192/192 
f 192/192/192 191/191/191 193/193/193 
f 191/191/191 194/194/194 193/193/193 
f 193/193/193 194/194/194 195/195/195 
f 194/194/194 196/196/196 195/195/195 
f 195/195/195 196/196/196 197/197/197 
f 196/196/196 198/198/198 197/197/197 
f 197/197/197 198/198/198 199/199/199 
f 198/198/198 200/200/200 199/199/199 
f 199/199/199 200/200/200 201/201/201 
f 200/200/200 202/202/202 201/201/201 
f 201/201/201 202/202/202 203/203/203 
f 202/202/202 203/203/203 203/203/203 
f 203/203/203 203/203/203 204/204/204 
f 203/203/203 204/204/204 204/204/204 
f 204/204/204 204/204/204 191/191/191 
f 204/204/204 194/194/194 191/191/191 
f 191/191/191 194/194/194 194/194/194 
f 194/194/194 199/199/199 194/194/194 
f 194/194/194 199/199/199 199/199/199 
f 199/199/199 201/201/201 199/199/199 
f 199/199/199 201/201/201 197/197/197 
f 201/201/201 197/197/197 197/197/197 
f 197/197/197 197/197/197 202/202/202 
f 197/197/197 202/202/202 202/202/202 
f 202/202/202 202/202/202 205/205/205 
f 202/202/202 200/200/200 205/205/205 
f 205/205/205 200/200/200 200/200/200 
f 200/200/200 206/206/206 200/200/200 
f 200/200/200 206/206/206 206/206/206 
f 206/206/206 207/207/207 206/206/206 
f 206/206/206 207/207/207 208/208/208 
f 207/207/207 209/209/209 208/208/208 
f 208/208/208 209/209/209 210/210/210 
f 209/209/209 211/211/211 210/210/210 
f 210/210/210 211/211/211 210/210/210 
f 211/211/211 212/212/212 210/210/210 
f 210/210/210 212/212/212 208/208/208 
f 212/212/212 213/213/213 208/208/208 
f 208/208/208 213/213/213 206/206/206 
f 213/213/213 206/206/206 206/206/206 
f 206/206/206 206/206/206 214/214/214 
f 206/206/206 214/214/214 214/214/214 
f 214/214/214 214/214/214 215/215/215 
f 214/214/214 211/211/211 215/215/215 
f 215/215/215 211/211/211 215/215/215 
f 211/211/211 209/209/209 215/215/215 
f 215/215/215 209/209/209 216/216/216 
f 209/209/209 209/209/209 216/216/216 
f 216/216/216 209/209/209 217/217/217 
f 209/209/209 207/207/207 217/217/217 
f 217/217/217 207/207/207 207/207/207 
f 207/207/207 218/218/218 207/207/207 
f 207/207/207 218/218/218 218/218/218 
f 218/218/218 219/219/219 218/218/218 
f 218/218/218 219/219/219 220/220/220 
f 219/219/219 221/221/221 220/220/220 
f 220/220/220 221/221/221 220/220/220 
f 221/221/221 222/222/222 220/220/220 
f 220/220/220 222/222/222 223/223/223 
f 222/222/222 222/222/222 223/223/223 
f 223/223/223 222/222/222 224/224/224 
f 222/222/222 225/225/225 224/224/224 
f 224/224/224 225/225/225 226/226/226 
f 225/225/225 227/227/227 226/226/226 
f 226/226/226 227/227/227 228/228/228 
f 227/227/227 229/229/229 228/228/228 
f 228/228/228 229/229/229 230/230/230 
f 229/229/229 230/230/230 230/230/230 
f 230/230/230 230/230/230 231/231/231 
f 230/230/230 231/231/231 231/231/231 
f 231/231/231 231/231/231 219/219/219 
f 231/231/231 221/221/221 219/219/219 
f 219/219/219 221/221/221 221/221/221 
f 221/221/221 226/226/226 221/221/221 
f 221/221/221 226/226/226 226/226/226 
f 226/226/226 228/228/228 226/226/226 
f 226/226/226 228/228/228 232/232/232 
f 228/228/228 233/233/233 232/232/232 
f 232/232/232 233/233/233 233/233/233 
f 233/233/233 227/227/227 233/233/233 
f 233/233/233 227/227/227 227/227/227 
f 227/227/227 234/234/234 227/227/227 
f 227/227/227 234/234/234 229/229/229 
f 234/234/234 235/235/235 229/229/229 
f 229/229/229 235/235/235 236/236/236 
f 235/235/235 236/236/236 236/236/236 
f 236/236/236 236/236/236 235/235/235 
f 236/236/236 235/235/235 235/235/235 
f 235/235/235 235/235/235 237/237/237 
f 235/235/235 234/234/234 237/237/237 
f 237/237/237 234/234/234 237/237/237 
f 234/234/234 227/227/227 237/237/237 
f 237/237/237 227/227/227 237/237/237 
f 227/227/227 225/225/225 237/237/237 
f 237/237/237 225/225/225 238/238/238 
f 225/225/225 222/222/222 238/238/238 
f 238/238/238 222/222/222 239/239/239 
f 222/222/222 221/221/221 239/239/239 
f 239/239/239 221/221/221 240/240/240 
f 221/221/221 241/241/241 240/240/240 
f 240/240/240 241/241/241 235/235/235 
f 241/241/241 241/241/241 235/235/235 
f 235/235/235 241/241/241 236/236/236 
f 241/241/241 241/241/241 236/236/236 
f 236/236/236 241/241/241 242/242/242 
f 241/241/241 241/241/241 242/242/242 
f 242/242/242 241/241/241 231/231/231 
f 241/241/241 221/221/221 231/231/231 
f 231/231/231 221/221/221 221/221/221 
f 221/221/221 235/235/235 221/221/221 
f 221/221/221 235/235/235 235/235/235 
f 235/235/235 237/237/237 235/235/235 
f 235/235/235 237/237/237 240/240/240 
f 237/237/237 238/238/238 240/240/240 
f 240/240/240 238/238/238 243/243/243 
f 238/238/238 239/239/239 243/243/243 
f 243/243/243 239/239/239 240/240/240 
f 239/239/239 240/240/240 240/240/240 
f 240/240/240 240/240/240 244/244/244 
f 240/240/240 244/244/244 244/244/244 
f 244/244/244 244/244/244 245/245/245 
f 244/244/244 246/246/246 245/245/245 
f 245/245/245 246/246/246 247/247/247 
f 246/246/246 248/248/248 247/247/247 
f 247/247/247 248/248/248 249/249/249 
f 248/248/248 250/250/250 249/249/249 
f 249/249/249 250/250/250 251/251/251 
f 250/250/250 251/251/251 251/251/251 
f 251/251/251 251/251/251 252/252/252 
f 251/251/251 252/252/252 252/252/252 
f 252/252/252 252/252/252 253/253/253 
f 252/252/252 254/254/254 253/253/253 
f 253/253/253 254/254/254 255/255/255 
f 254/254/254 256/256/256 255/255/255 
f 255/255/255 256/256/256 257/257/257 
f 256/256/256 258/258/258 257/257/257 
f 257/257/257 258/258/258 259/259/259 
f 258/258/258 260/260/260 259/259/259 
f 259/259/259 260/260/260 261/261/261 
f 260/260/260 261/261/261 261/261/261 
f 261/261/261 261/261/261 262/262/262 
f 261/261/261 262/262/262 262/262/262 
f 262/262/262 262/262/262 256/256/256 
f 262/262/262 258/258/258 256/256/256 
f 256/256/256 258/258/258 258/258/258 
f 258/258/258 263/263/263 258/258/258 
f 258/258/258 263/263/263 263/263/263 
f 263/263/263 264/264/264 263/263/263 
f 263/263/263 264/264/264 265/265/265 
f 264/264/264 266/266/266 265/265/265 
f 265/265/265 266/266/266 267/267/267 
f 266/266/266 267/267/267 267/267/267 
f 267/267/267 267/267/267 268/268/268 
f 267/267/267 268/268/268 268/268/268 
f 268/268/268 268/268/268 269/269/269 
f 268/268/268 270/270/270 269/269/269 
f 269/269/269 270/270/270 269/269/269 
f 270/270/270 271/271/271 269/269/269 
f 269/269/269 271/271/271 272/272/272 
f 271/271/271 272/272/272 272/272/272 
f 272/272/272 272/272/272 273/273/273 
f 272/272/272 273/273/273 273/273/273 
f 273/273/273 273/273/273 274/274/274 
f 273/273/273 275/275/275 274/274/274 
f 274/274/274 275/275/275 276/276/276 
f 275/275/275 275/275/275 276/276/276 
f 276/276/276 275/275/275 277/277/277 
f 275/275/275 278/278/278 277/277/277 
f 277/277/277 278/278/278 278/278/278 
f 278/278/278 279/279/279 278/278/278 
f 278/278/278 279/279/279 279/279/279 
f 279/279/279 280/280/280 279/279/279 
f 279/279/279 280/280/280 281/281/281 
f 280/280/280 280/280/280 281/281/281 
f 281/281/281 280/280/280 282/282/282 
f 280/280/280 283/283/283 282/282/282 
f 282/282/282 283/283/283 282/282/282 
f 283/283/283 284/284/284 282/282/282 
f 282/282/282 284/284/284 285/285/285 
f 284/284/284 285/285/285 285/285/285 
f 285/285/285 285/285/285 286/286/286 
f 285/285/285 286/286/286 286/286/286 
f 286/286/286 286/286/286 287/287/287 
f 286/286/286 288/288/288 287/287/287 
f 287/287/287 288/288/288 287/287/287 
f 288/288/288 289/289/289 287/287/287 
f 287/287/287 289/289/289 290/290/290 
f 289/289/289 291/291/291 290/290/290 
f 290/290/290 291/291/291 290/290/290 
f 291/291/291 292/292/292 290/290/290 
f 290/290/290 292/292/292 290/290/290 
f 292/292/292 293/293/293 290/290/290 
f 290/290/290 293/293/293 290/290/290 
f 293/293/293 294/294/294 290/290/290 
f 290/290/290 294/294/294 287/287/287 
f 294/294/294 287/287/287 287/287/287 
f 287/287/287 287/287/287 295/295/295 
f 287/287/287 295/295/295 295/295/295 
f 295/295/295 295/295/295 296/296/296 
f 295/295/295 297/297/297 296/296/296 
f 296/296/296 297/297/297 298/298/298 
f 297/297/297 299/299/299 298/298/298 
f 298/298/298 299/299/299 300/300/300 
f 299/299/299 301/301/301 300/300/300 
f 300/300/300 301/301/301 301/301/301 
f 301/301/301 302/302/302 301/301/301 
f 301/301/301 302/302/302 302/302/302 
f 302/302/302 303/303/303 302/302/302 
f 302/302/302 303/303/303 304/304/304 
f 303/303/303 305/305/305 304/304/304 
f 304/304/304 305/305/305 306/306/306 
f 305/305/305 307/307/307 306/306/306 
f 306/306/306 307/307/307 307/307/307 
f 307/307/307 306/306/306 307/307/307 
f 307/307/307 306/306/306 306/306/306 
f 306/306/306 308/308/308 306/306/306 
f 306/306/306 308/308/308 304/304/304 
f 308/308/308 308/308/308 304/304/304 
f 304/304/304 308/308/308 309/309/309 
f 308/308/308 310/310/310 309/309/309 
f 309/309/309 310/310/310 311/311/311 
f 310/310/310 312/312/312 311/311/311 
f 311/311/311 312/312/312 313/313/313 
f 312/312/312 313/313/313 313/313/313 
f 313/313/313 313/313/313 307/307/307 
f 313/313/313 307/307/307 307/307/307 
f 307/307/307 307/307/307 308/308/308 
f 307/307/307 314/314/314 308/308/308 
f 308/308/308 314/314/314 310/310/310 
f 314/314/314 310/310/310 310/310/310 
f 310/310/310 310/310/310 315/315/315 
f 310/310/310 315/315/315 315/315/315 
f 315/315/315 315/315/315 316/316/316 
f 315/315/315 317/317/317 316/316/316 
f 316/316/316 317/317/317 318/318/318 
f 317/317/317 318/318/318 318/318/318 
f 318/318/318 318/318/318 319/319/319 
f 318/318/318 319/319/319 319/319/319 
f 319/319/319 319/319/319 320/320/320 
f 319/319/319 321/321/321 320/320/320 
f 320/320/320 321/321/321 322/322/322 
f 321/321/321 323/323/323 322/322/322 
f 322/322/322 323/323/323 322/322/322 
f 323/323/323 324/324/324 322/322/322 
f 322/322/322 324/324/324 322/322/322 
f 324/324/324 325/325/325 322/322/322 
f 322/322/322 325/325/325 326/326/326 
f 325/325/325 317/317/317 326/326/326 
f 326/326/326 317/317/317 326/326/326 
f 317/317/317 315/315/315 326/326/326 
f 326/326/326 315/315/315 326/326/326 
f 315/315/315 320/320/320 326/326/326 
f 326/326/326 320/320/320 322/322/322 
f 320/320/320 322/322/322 322/322/322 
f 322/322/322 322/322/322 327/327/327 
f 322/322/322 327/327/327 327/327/327 
f 327/327/327 327/327/327 328/328/328 
f 327/327/327 329/329/329 328/328/328 
f 328/328/328 329/329/329 328/328/328 
f 329/329/329 330/330/330 328/328/328 
f 328/328/328 330/330/330 331/331/331 
f 330/330/330 332/332/332 331/331/331 
f 331/331/331 332/332/332 333/333/333 
f 332/332/332 333/333/333 333/333/333 
f 333/333/333 333/333/333 334/334/334 
f 333/333/333 334/334/334 334/334/334 
f 334/334/334 334/334/334 335/335/335 
f 334/334/334 336/336/336 335/335/335 
f 335/335/335 336/336/336 337/337/337 
f 336/336/336 338/338/338 337/337/337 
f 337/337/337 338/338/338 339/339/339 
f 338/338/338 339/339/339 339/339/339 
f 339/339/339 339/339/339 340/340/340 
f 339/339/339 340/340/340 340/340/340 
f 340/340/340 340/340/340 341/341/341 
f 340/340/340 342/342/342 341/341/341 
f 341/341/341 342/342/342 343/343/343 
f 342/342/342 344/344/344 343/343/343 
f 343/343/343 344/344/344 343/343/343 
f 344/344/344 345/345/345 343/343/343 
f 343/343/343 345/345/345 346/346/346 
f 345/345/345 347/347/347 346/346/346 
f 346/346/346 347/347/347 346/346/346 
f 347/347/347 348/348/348 346/346/346 
f 346/346/346 348/348/348 349/349/349 
f 348/348/348 350/350/350 349/349/349 
f 349/349/349 350/350/350 349/349/349 
f 350/350/350 351/351/351 349/349/349 
f 349/349/349 351/351/351 343/343/343 
f 351/351/351 352/352/352 343/343/343 
f 343/343/343 352/352/352 353/353/353 
f 352/352/352 354/354/354 353/353/353 
f 353/353/353 354/354/354 355/355/355 
f 354/354/354 355/355/355 355/355/355 
f 355/355/355 355/355/355 343/343/343 
f 355/355/355 343/343/343 343/343/343 
f 343/343/343 343/343/343 349/349/349 
f 343/343/343 346/346/346 349/349/349 
f 349/349/349 346/346/346 346/346/346 
f 346/346/346 356/356/356 346/346/346 
f 346/346/346 356/356/356 356/356/356 
f 356/356/356 357/357/357 356/356/356 
f 356/356/356 357/357/357 358/358/358 
f 357/357/357 359/359/359 358/358/358 
f 358/358/358 359/359/359 358/358/358 
f 359/359/359 360/360/360 358/358/358 
f 358/358/358 360/360/360 361/361/361 
f 360/360/360 360/360/360 361/361/361 
f 361/361/361 360/360/360 362/362/362 
f 360/360/360 363/363/363 362/362/362 
f 362/362/362 363/363/363 364/364/364 
f 363/363/363 363/363/363 364/364/364 
f 364/364/364 363/363/363 365/365/365 
f 363/363/363 366/366/366 365/365/365 
f 365/365/365 366/366/366 367/367/367 
f 366/366/366 367/367/367 367/367/367 
f 367/367/367 367/367/367 363/363/363 
f 367/367/367 363/363/363 363/363/363 
f 363/363/363 363/363/363 359/359/359 
f 363/363/363 360/360/360 359/359/359 
f 359/359/359 360/360/360 360/360/360 
f 360/360/360 363/363/363 360/360/360 
f 360/360/360 363/363/363 363/363/363 
f 363/363/363 368/368/368 363/363/363 
f 363/363/363 368/368/368 366/366/366 
f 368/368/368 369/369/369 366/366/366 
f 366/366/366 369/369/369 369/369/369 
f 369/369/369 325/325/325 369/369/369 
f 369/369/369 325/325/325 325/325/325 
f 325/325/325 370/370/370 325/325/325 
f 325/325/325 370/370/370 317/317/317 
f 370/370/370 370/370/370 317/317/317 
f 317/317/317 370/370/370 318/318/318 
f 370/370/370 370/370/370 318/318/318 
f 318/318/318 370/370/370 371/371/371 
f 370/370/370 325/325/325 371/371/371 
f 371/371/371 325/325/325 325/325/325 
f 325/325/325 372/372/372 325/325/325 
f 325/325/325 372/372/372 372/372/372 
f 372/372/372 373/373/373 372/372/372 
f 372/372/372 373/373/373 374/374/374 
f 373/373/373 375/375/375 374/374/374 
f 374/374/374 375/375/375 376/376/376 
f 375/375/375 377/377/377 376/376/376 
f 376/376/376 377/377/377 376/376/376 
f 377/377/377 378/378/378 376/376/376 
f 376/376/376 378/378/378 376/376/376 
f 378/378/378 379/379/379 376/376/376 
f 376/376/376 379/379/379 374/374/374 
f 379/379/379 380/380/380 374/374/374 
f 374/374/374 380/380/380 381/381/381 
f 380/380/380 382/382/382 381/381/381 
f 381/381/381 382/382/382 383/383/383 
f 382/382/382 382/382/382 383/383/383 
f 383/383/383 382/382/382 384/384/384 
f 382/382/382 382/382/382 384/384/384 
f 384/384/384 382/382/382 385/385/385 
f 382/382/382 386/386/386 385/385/385 
f 385/385/385 386/386/386 387/387/387 
f 386/386/386 388/388/388 387/387/387 
f 387/387/387 388/388/388 389/389/389 
f 388/388/388 390/390/390 389/389/389 
f 389/389/389 390/390/390 391/391/391 
f 390/390/390 392/392/392 391/391/391 
f 391/391/391 392/392/392 393/393/393 
f 392/392/392 392/392/392 393/393/393 
f 393/393/393 392/392/392 394/394/394 
f 392/392/392 395/395/395 394/394/394 
f 394/394/394 395/395/395 396/396/396 
f 395/395/395 396/396/396 396/396/396 
f 396/396/396 396/396/396 372/372/372 
f 396/396/396 372/372/372 372/372/372 
f 372/372/372 372/372/372 381/381/381 
f 372/372/372 374/374/374 381/381/381 
f 381/381/381 374/374/374 374/374/374 
f 374/374/374 387/387/387 374/374/374 
f 374/374/374 387/387/387 387/387/387 
f 387/387/387 389/389/389 387/387/387 
f 387/387/387 389/389/389 385/385/385 
f 389/389/389 385/385/385 385/385/385 
f 385/385/385 385/385/385 397/397/397 
f 385/385/385 397/397/397 397/397/397 
f 397/397/397 397/397/397 398/398/398 
f 397/397/397 395/395/395 398/398/398 
f 398/398/398 395/395/395 399/399/399 
f 395/395/395 392/392/392 399/399/399 
f 399/399/399 392/392/392 392/392/392 
f 392/392/392 399/399/399 392/392/392 
f 392/392/392 399/399/399 399/399/399 
f 399/399/399 400/400/400 399/399/399 
f 399/399/399 400/400/400 398/398/398 
f 400/400/400 401/401/401 398/398/398 
f 398/398/398 401/401/401 402/402/402 
f 401/401/401 401/401/401 402/402/402 
f 402/402/402 401/401/401 403/403/403 
f 401/401/401 404/404/404 403/403/403 
f 403/403/403 404/404/404 405/405/405 
f 404/404/404 404/404/404 405/405/405 
f 405/405/405 404/404/404 406/406/406 
f 404/404/404 400/400/400 406/406/406 
f 406/406/406 400/400/400 407/407/407 
f 400/400/400 399/399/399 407/407/407 
f 407/407/407 399/399/399 407/407/407 
f 399/399/399 392/392/392 407/407/407 
f 407/407/407 392/392/392 408/408/408 
f 392/392/392 390/390/390 408/408/408 
f 408/408/408 390/390/390 408/408/408 
f 390/390/390 388/388/388 408/408/408 
f 408/408/408 388/388/388 409/409/409 
f 388/388/388 410/410/410 409/409/409 
f 409/409/409 410/410/410 411/411/411 
f 410/410/410 412/412/412 411/411/411 
f 411/411/411 412/412/412 406/406/406 
f 412/412/412 413/413/413 406/406/406 
f 406/406/406 413/413/413 405/405/405 
f 413/413/413 405/405/405 405/405/405 
f 405/405/405 405/405/405 404/404/404 
f 405/405/405 404/404/404 404/404/404 
f 404/404/404 404/404/404 400/400/400 
f 404/404/404 401/401/401 400/400/400 
f 400/400/400 401/401/401 401/401/401 
f 401/401/401 388/388/388 401/401/401 
f 401/401/401 388/388/388 388/388/388 
f 388/388/388 386/386/386 388/388/388 
f 388/388/388 386/386/386 410/410/410 
f 386/386/386 410/410/410 410/410/410 
f 410/410/410 410/410/410 408/408/408 
f 410/410/410 408/408/408 408/408/408 
f 408/408/408 408/408/408 407/407/407 
f 408/408/408 411/411/411 407/407/407 
f 407/407/407 411/411/411 406/406/406 
f 411/411/411 406/406/406 406/406/406 
f 406/406/406 406/406/406 413/413/413 
f 406/406/406 413/413/413 413/413/413 
f 413/413/413 413/413/413 414/414/414 
f 413/413/413 412/412/412 414/414/414 
f 414/414/414 412/412/412 410/410/410 
f 412/412/412 410/410/410 410/410/410 
f 410/410/410 410/410/410 414/414/414 
f 410/410/410 414/414/414 414/414/414 
f 414/414/414 414/414/414 413/413/413 
f 414/414/414 415/415/415 413/413/413 
f 413/413/413 415/415/415 405/405/405 
f 415/415/415 416/416/416 405/405/405 
f 405/405/405 416/416/416 403/403/403 
f 416/416/416 403/403/403 403/403/403 
f 403/403/403 403/403/403 415/415/415 
f 403/403/403 415/415/415 415/415/415 
f 415/415/415 415/415/415 416/416/416 
f 415/415/415 417/417/417 416/416/416 
f 416/416/416 417/417/417 418/418/418 
f 417/417/417 419/419/419 418/418/418 
f 418/418/418 419/419/419 420/420/420 
f 419/419/419 421/421/421 420/420/420 
f 420/420/420 421/421/421 420/420/420 
f 421/421/421 422/422/422 420/420/420 
f 420/420/420 422/422/422 418/418/418 
f 422/422/422 423/423/423 418/418/418 
f 418/418/418 423/423/423 418/418/418 
f 423/423/423 424/424/424 418/418/418 
f 418/418/418 424/424/424 425/425/425 
f 424/424/424 426/426/426 425/425/425 
f 425/425/425 426/426/426 403/403/403 
f 426/426/426 426/426/426 403/403/403 
f 403/403/403 426/426/426 427/427/427 
f 426/426/426 428/428/428 427/427/427 
f 427/427/427 428/428/428 427/427/427 
f 428/428/428 429/429/429 427/427/427 
f 427/427/427 429/429/429 402/402/402 
f 429/429/429 402/402/402 402/402/402 
f 402/402/402 402/402/402 418/418/418 
f 402/402/402 418/418/418 418/418/418 
f 418/418/418 418/418/418 416/416/416 
f 418/418/418 425/425/425 416/416/416 
f 416/416/416 425/425/425 425/425/425 
f 425/425/425 415/415/415 425/425/425 
f 425/425/425 415/415/415 415/415/415 
f 415/415/415 414/414/414 415/415/415 
f 415/415/415 414/414/414 419/419/419 
f 414/414/414 430/430/430 419/419/419 
f 419/419/419 430/430/430 421/421/421 
f 430/430/430 421/421/421 421/421/421 
f 421/421/421 421/421/421 428/428/428 
f 421/421/421 428/428/428 428/428/428 
f 428/428/428 428/428/428 431/431/431 
f 428/428/428 426/426/426 431/431/431 
f 431/431/431 426/426/426 431/431/431 
f 426/426/426 424/424/424 431/431/431 
f 431/431/431 424/424/424 431/431/431 
f 424/424/424 432/432/432 431/431/431 
f 431/431/431 432/432/432 433/433/433 
f 432/432/432 434/434/434 433/433/433 
f 433/433/433 434/434/434 433/433/433 
f 434/434/434 435/435/435 433/433/433 
f 433/433/433 435/435/435 433/433/433 
f 435/435/435 436/436/436 433/433/433 
f 433/433/433 436/436/436 437/437/437 
f 436/436/436 438/438/438 437/437/437 
f 437/437/437 438/438/438 437/437/437 
f 438/438/438 431/431/431 437/437/437 
f 437/437/437 431/431/431 433/433/433 
f 431/431/431 433/433/433 433/433/433 
f 433/433/433 433/433/433 434/434/434 
f 433/433/433 434/434/434 434/434/434 
f 434/434/434 434/434/434 439/439/439 
f 434/434/434 432/432/432 439/439/439 
f 439/439/439 432/432/432 439/439/439 
f 432/432/432 423/423/423 439/439/439 
f 439/439/439 423/423/423 439/439/439 
f 423/423/423 422/422/422 439/439/439 
f 439/439/439 422/422/422 439/439/439 
f 422/422/422 440/440/440 439/439/439 
f 439/439/439 440/440/440 439/439/439 
f 440/440/440 441/441/441 439/439/439 
f 439/439/439 441/441/441 434/434/434 
f 441/441/441 442/442/442 434/434/434 
f 434/434/434 442/442/442 435/435/435 
f 442/442/442 442/442/442 435/435/435 
f 435/435/435 442/442/442 443/443/443 
f 442/442/442 444/444/444 443/443/443 
f 443/443/443 444/444/444 445/445/445 
f 444/444/444 445/445/445 445/445/445 
f 445/445/445 445/445/445 444/444/444 
f 445/445/445 444/444/444 444/444/444 
f 444/444/444 444/444/444 446/446/446 
f 444/444/444 442/442/442 446/446/446 
f 446/446/446 442/442/442 446/446/446 
f 442/442/442 441/441/441 446/446/446 
f 446/446/446 441/441/441 446/446/446 
f 441/441/441 440/440/440 446/446/446 
f 446/446/446 440/440/440 446/446/446 
f 440/440/440 447/447/447 446/446/446 
f 446/446/446 447/447/447 444/444/444 
f 447/447/447 448/448/448 444/444/444 
f 444/444/444 448/448/448 378/378/378 
f 448/448/448 449/449/449 378/378/378 
f 378/378/378 449/449/449 379/379/379 
f 449/449/449 450/450/450 379/379/379 
f 379/379/379 450/450/450 380/380/380 
f 450/450/450 451/451/451 380/380/380 
f 380/380/380 451/451/451 382/382/382 
f 451/451/451 382/382/382 382/382/382 
f 382/382/382 382/382/382 449/449/449 
f 382/382/382 449/449/449 449/449/449 
f 449/449/449 449/449/449 452/452/452 
f 449/449/449 448/448/448 452/452/452 
f 452/452/452 448/448/448 452/452/452 
f 448/448/448 447/447/447 452/452/452 
f 452/452/452 447/447/447 453/453/453 
f 447/447/447 440/440/440 453/453/453 
f 453/453/453 440/440/440 454/454/454 
f 440/440/440 422/422/422 454/454/454 
f 454/454/454 422/422/422 454/454/454 
f 422/422/422 421/421/421 454/454/454 
f 454/454/454 421/421/421 455/455/455 
f 421/421/421 430/430/430 455/455/455 
f 455/455/455 430/430/430 382/382/382 
f 430/430/430 410/410/410 382/382/382 
f 382/382/382 410/410/410 386/386/386 
f 410/410/410 386/386/386 386/386/386 
f 386/386/386 386/386/386 449/449/449 
f 386/386/386 449/449/449 449/449/449 
f 449/449/449 449/449/449 450/450/450 
f 449/449/449 452/452/452 450/450/450 
f 450/450/450 452/452/452 450/450/450 
f 452/452/452 453/453/453 450/450/450 
f 450/450/450 453/453/453 451/451/451 
f 453/453/453 454/454/454 451/451/451 
f 451/451/451 454/454/454 382/382/382 
f 454/454/454 455/455/455 382/382/382 
f 382/382/382 455/455/455 455/455/455 
f 455/455/455 456/456/456 455/455/455 
f 455/455/455 456/456/456 456/456/456 
f 456/456/456 457/457/457 456/456/456 
f 456/456/456 457/457/457 458/458/458 
f 457/457/457 458/458/458 458/458/458 
f 458/458/458 458/458/458 459/459/459 
f 458/458/458 459/459/459 459/459/459 
f 459/459/459 459/459/459 460/460/460 
f 459/459/459 461/461/461 460/460/460 
f 460/460/460 461/461/461 462/462/462 
f 461/461/461 461/461/461 462/462/462 
f 462/462/462 461/461/461 463/463/463 
f 461/461/461 464/464/464 463/463/463 
f 463/463/463 464/464/464 465/465/465 
f 464/464/464 466/466/466 465/465/465 
f 465/465/465 466/466/466 467/467/467 
f 466/466/466 468/468/468 467/467/467 
f 467/467/467 468/468/468 469/469/469 
f 468/468/468 469/469/469 469/469/469 
f 469/469/469 469/469/469 466/466/466 
f 469/469/469 466/466/466 466/466/466 
f 466/466/466 466/466/466 468/468/468 
f 466/466/466 470/470/470 468/468/468 
f 468/468/468 470/470/470 471/471/471 
f 470/470/470 472/472/472 471/471/471 
f 471/471/471 472/472/472 473/473/473 
f 472/472/472 474/474/474 473/473/473 
f 473/473/473 474/474/474 475/475/475 
f 474/474/474 475/475/475 475/475/475 
f 475/475/475 475/475/475 476/476/476 
f 475/475/475 476/476/476 476/476/476 
f 476/476/476 476/476/476 477/477/477 
f 476/476/476 478/478/478 477/477/477 
f 477/477/477 478/478/478 478/478/478 
f 478/478/478 479/479/479 478/478/478 
f 478/478/478 479/479/479 479/479/479 
f 479/479/479 480/480/480 479/479/479 
f 479/479/479 480/480/480 481/481/481 
f 480/480/480 481/481/481 481/481/481 
f 481/481/481 481/481/481 482/482/482 
f 481/481/481 482/482/482 482/482/482 
f 482/482/482 482/482/482 483/483/483 
f 482/482/482 484/484/484 483/483/483 
f 483/483/483 484/484/484 484/484/484 
f 484/484/484 485/485/485 484/484/484 
f 484/484/484 485/485/485 485/485/485 
f 485/485/485 486/486/486 485/485/485 
f 485/485/485 486/486/486 487/487/487 
f 486/486/486 488/488/488 487/487/487 
f 487/487/487 488/488/488 489/489/489 
f 488/488/488 488/488/488 489/489/489 
f 489/489/489 488/488/488 490/490/490 
f 488/488/488 488/488/488 490/490/490 
f 490/490/490 488/488/488 491/491/491 
f 488/488/488 492/492/492 491/491/491 
f 491/491/491 492/492/492 493/493/493 
f 492/492/492 492/492/492 493/493/493 
f 493/493/493 492/492/492 494/494/494 
f 492/492/492 492/492/492 494/494/494 
f 494/494/494 492/492/492 495/495/495 
f 492/492/492 492/492/492 495/495/495 
f 495/495/495 492/492/492 486/486/486 
f 492/492/492 488/488/488 486/486/486 
f 486/486/486 488/488/488 488/488/488 
f 488/488/488 489/489/489 488/488/488 
f 488/488/488 489/489/489 489/489/489 
f 489/489/489 490/490/490 489/489/489 
f 489/489/489 490/490/490 496/496/496 
f 490/490/490 497/497/497 496/496/496 
f 496/496/496 497/497/497 497/497/497 
f 497/497/497 497/497/497 497/497/497 
f 497/497/497 497/497/497 497/497/497 
f 497/497/497 498/498/498 497/497/497 
f 497/497/497 498/498/498 499/499/499 
f 498/498/498 498/498/498 499/499/499 
f 499/499/499 498/498/498 500/500/500 
f 498/498/498 501/501/501 500/500/500 
f 500/500/500 501/501/501 502/502/502 
f 501/501/501 503/503/503 502/502/502 
f 502/502/502 503/503/503 504/504/504 
f 503/503/503 505/505/505 504/504/504 
f 504/504/504 505/505/505 504/504/504 
f 505/505/505 506/506/506 504/504/504 
f 504/504/504 506/506/506 507/507/507 
f 506/506/506 506/506/506 507/507/507 
f 507/507/507 506/506/506 508/508/508 
f 506/506/506 509/509/509 508/508/508 
f 508/508/508 509/509/509 510/510/510 
f 509/509/509 509/509/509 510/510/510 
f 510/510/510 509/509/509 511/511/511 
f 509/509/509 509/509/509 511/511/511 
f 511/511/511 509/509/509 512/512/512 
f 509/509/509 513/513/513 512/512/512 
f 512/512/512 513/513/513 514/514/514 
f 513/513/513 515/515/515 514/514/514 
f 514/514/514 515/515/515 514/514/514 
f 515/515/515 516/516/516 514/514/514 
f 514/514/514 516/516/516 517/517/517 
f 516/516/516 516/516/516 517/517/517 
f 517/517/517 516/516/516 518/518/518 
f 516/516/516 519/519/519 518/518/518 
f 518/518/518 519/519/519 520/520/520 
f 519/519/519 520/520/520 520/520/520 
f 520/520/520 520/520/520 498/498/498 
f 520/520/520 498/498/498 498/498/498 
f 498/498/498 498/498/498 501/501/501 
f 498/498/498 490/490/490 501/501/501 
f 501/501/501 490/490/490 490/490/490 
f 490/490/490 509/509/509 490/490/490 
f 490/490/490 509/509/509 509/509/509 
f 509/509/509 506/506/506 509/509/509 
f 509/509/509 506/506/506 513/513/513 
f 506/506/506 515/515/515 513/513/513 
f 513/513/513 515/515/515 515/515/515 
f 515/515/515 512/512/512 515/515/515 
f 515/515/515 512/512/512 512/512/512 
f 512/512/512 514/514/514 512/512/512 
f 512/512/512 514/514/514 517/517/517 
f 514/514/514 517/517/517 517/517/517 
f 517/517/517 517/517/517 519/519/519 
f 517/517/517 519/519/519 519/519/519 
f 519/519/519 519/519/519 521/521/521 
f 519/519/519 516/516/516 521/521/521 
f 521/521/521 516/516/516 522/522/522 
f 516/516/516 515/515/515 522/522/522 
f 522/522/522 515/515/515 515/515/515 
f 515/515/515 486/486/486 515/515/515 
f 515/515/515 486/486/486 486/486/486 
f 486/486/486 523/523/523 486/486/486 
f 486/486/486 523/523/523 495/495/495 
f 523/523/523 524/524/524 495/495/495 
f 495/495/495 524/524/524 494/494/494 
f 524/524/524 525/525/525 494/494/494 
f 494/494/494 525/525/525 493/493/493 
f 525/525/525 526/526/526 493/493/493 
f 493/493/493 526/526/526 493/493/493 
f 526/526/526 527/527/527 493/493/493 
f 493/493/493 527/527/527 491/491/491 
f 527/527/527 528/528/528 491/491/491 
f 491/491/491 528/528/528 490/490/490 
f 528/528/528 528/528/528 490/490/490 
f 490/490/490 528/528/528 501/501/501 
f 528/528/528 527/527/527 501/501/501 
f 501/501/501 527/527/527 503/503/503 
f 527/527/527 526/526/526 503/503/503 
f 503/503/503 526/526/526 505/505/505 
f 526/526/526 526/526/526 505/505/505 
f 505/505/505 526/526/526 529/529/529 
f 526/526/526 525/525/525 529/529/529 
f 529/529/529 525/525/525 530/530/530 
f 525/525/525 522/522/522 530/530/530 
f 530/530/530 522/522/522 530/530/530 
f 522/522/522 531/531/531 530/530/530 
f 530/530/530 531/531/531 529/529/529 
f 531/531/531 531/531/531 529/529/529 
f 529/529/529 531/531/531 505/505/505 
f 531/531/531 531/531/531 505/505/505 
f 505/505/505 531/531/531 506/506/506 
f 531/531/531 532/532/532 506/506/506 
f 506/506/506 532/532/532 515/515/515 
f 532/532/532 531/531/531 515/515/515 
f 515/515/515 531/531/531 522/522/522 
f 531/531/531 522/522/522 522/522/522 
f 522/522/522 522/522/522 522/522/522 
f 522/522/522 522/522/522 522/522/522 
f 522/522/522 522/522/522 521/521/521 
f 522/522/522 525/525/525 521/521/521 
f 521/521/521 525/525/525 533/533/533 
f 525/525/525 524/524/524 533/533/533 
f 533/533/533 524/524/524 534/534/534 
f 524/524/524 523/523/523 534/534/534 
f 534/534/534 523/523/523 523/523/523 
f 523/523/523 535/535/535 523/523/523 
f 523/523/523 535/535/535 535/535/535 
f 535/535/535 536/536/536 535/535/535 
f 535/535/535 536/536/536 537/537/537 
f 536/536/536 538/538/538 537/537/537 
f 537/537/537 538/538/538 538/538/538 
f 538/538/538 539/539/539 538/538/538 
f 538/538/538 539/539/539 539/539/539 
f 539/539/539 540/540/540 539/539/539 
f 539/539/539 540/540/540 541/541/541 
f 540/540/540 542/542/542 541/541/541 
f 541/541/541 542/542/542 543/543/543 
f 542/542/542 544/544/544 543/543/543 
f 543/543/543 544/544/544 544/544/544 
f 544/544/544 545/545/545 544/544/544 
f 544/544/544 545/545/545 545/545/545 
f 545/545/545 546/546/546 545/545/545 
f 545/545/545 546/546/546 547/547/547 
f 546/546/546 546/546/546 547/547/547 
f 547/547/547 546/546/546 548/548/548 
f 546/546/546 549/549/549 548/548/548 
f 548/548/548 549/549/549 548/548/548 
f 549/549/549 550/550/550 548/548/548 
f 548/548/548 550/550/550 551/551/551 
f 550/550/550 550/550/550 551/551/551 
f 551/551/551 550/550/550 552/552/552 
f 550/550/550 553/553/553 552/552/552 
f 552/552/552 553/553/553 552/552/552 
f 553/553/553 554/554/554 552/552/552 
f 552/552/552 554/554/554 555/555/555 
f 554/554/554 556/556/556 555/555/555 
f 555/555/555 556/556/556 557/557/557 
f 556/556/556 558/558/558 557/557/557 
f 557/557/557 558/558/558 558/558/558 
f 558/558/558 551/551/551 558/558/558 
f 558/558/558 551/551/551 551/551/551 
f 551/551/551 552/552/552 551/551/551 
f 551/551/551 552/552/552 559/559/559 
f 552/552/552 560/560/560 559/559/559 
f 559/559/559 560/560/560 561/561/561 
f 560/560/560 560/560/560 561/561/561 
f 561/561/561 560/560/560 562/562/562 
f 560/560/560 560/560/560 562/562/562 
f 562/562/562 560/560/560 563/563/563 
f 560/560/560 555/555/555 563/563/563 
f 563/563/563 555/555/555 557/557/557 
f 555/555/555 557/557/557 557/557/557 
f 557/557/557 557/557/557 555/555/555 
f 557/557/557 555/555/555 555/555/555 
f 555/555/555 555/555/555 552/552/552 
f 555/555/555 560/560/560 552/552/552 
f 552/552/552 560/560/560 560/560/560 
f 560/560/560 551/551/551 560/560/560 
f 560/560/560 551/551/551 551/551/551 
f 551/551/551 559/559/559 551/551/551 
f 551/551/551 559/559/559 548/548/548 
f 559/559/559 561/561/561 548/548/548 
f 548/548/548 561/561/561 547/547/547 
f 561/561/561 564/564/564 547/547/547 
f 547/547/547 564/564/564 565/565/565 
f 564/564/564 564/564/564 565/565/565 
f 565/565/565 564/564/564 566/566/566 
f 564/564/564 564/564/564 566/566/566 
f 566/566/566 564/564/564 562/562/562 
f 564/564/564 561/561/561 562/562/562 
f 562/562/562 561/561/561 561/561/561 
f 561/561/561 565/565/565 561/561/561 
f 561/561/561 565/565/565 565/565/565 
f 565/565/565 545/545/545 565/565/565 
f 565/565/565 545/545/545 547/547/547 
f 545/545/545 547/547/547 547/547/547 
f 547/547/547 547/547/547 562/562/562 
f 547/547/547 562/562/562 562/562/562 
f 562/562/562 562/562/562 567/567/567 
f 562/562/562 563/563/563 567/567/567 
f 567/567/567 563/563/563 567/567/567 
f 563/563/563 557/557/557 567/567/567 
f 567/567/567 557/557/557 568/568/568 
f 557/557/557 569/569/569 568/568/568 
f 568/568/568 569/569/569 569/569/569 
f 569/569/569 570/570/570 569/569/569 
f 569/569/569 570/570/570 570/570/570 
f 570/570/570 571/571/571 570/570/570 
f 570/570/570 571/571/571 572/572/572 
f 571/571/571 573/573/573 572/572/572 
f 572/572/572 573/573/573 574/574/574 
f 573/573/573 575/575/575 574/574/574 
f 574/574/574 575/575/575 574/574/574 
f 575/575/575 576/576/576 574/574/574 
f 574/574/574 576/576/576 577/577/577 
f 576/576/576 578/578/578 577/577/577 
f 577/577/577 578/578/578 579/579/579 
f 578/578/578 580/580/580 579/579/579 
f 579/579/579 580/580/580 581/581/581 
f 580/580/580 581/581/581 581/581/581 
f 581/581/581 581/581/581 582/582/582 
f 581/581/581 582/582/582 582/582/582 
f 582/582/582 582/582/582 583/583/583 
f 582/582/582 584/584/584 583/583/583 
f 583/583/583 584/584/584 584/584/584 
f 584/584/584 585/585/585 584/584/584 
f 584/584/584 585/585/585 585/585/585 
f 585/585/585 586/586/586 585/585/585 
f 585/585/585 586/586/586 587/587/587 
f 586/586/586 587/587/587 587/587/587 
f 587/587/587 587/587/587 588/588/588 
f 587/587/587 588/588/588 588/588/588 
f 588/588/588 588/588/588 589/589/589 
f 588/588/588 590/590/590 589/589/589 
f 589/589/589 590/590/590 589/589/589 
f 590/590/590 591/591/591 589/589/589 
f 589/589/589 591/591/591 592/592/592 
f 591/591/591 593/593/593 592/592/592 
f 592/592/592 593/593/593 593/593/593 
f 593/593/593 594/594/594 593/593/593 
f 593/593/593 594/594/594 594/594/594 
f 594/594/594 595/595/595 594/594/594 
f 594/594/594 595/595/595 596/596/596 
f 595/595/595 595/595/595 596/596/596 
f 596/596/596 595/595/595 597/597/597 
f 595/595/595 598/598/598 597/597/597 
f 597/597/597 598/598/598 599/599/599 
f 598/598/598 599/599/599 599/599/599 
f 599/599/599 599/599/599 594/594/594 
f 599/599/599 594/594/594 594/594/594 
f 594/594/594 594/594/594 595/595/595 
f 594/594/594 600/600/600 595/595/595 
f 595/595/595 600/600/600 598/598/598 
f 600/600/600 601/601/601 598/598/598 
f 598/598/598 601/601/601 602/602/602 
f 601/601/601 603/603/603 602/602/602 
f 602/602/602 603/603/603 604/604/604 
f 603/603/603 604/604/604 604/604/604 
f 604/604/604 604/604/604 600/600/600 
f 604/604/604 600/600/600 600/600/600 
f 600/600/600 600/600/600 601/601/601 
f 600/600/600 605/605/605 601/601/601 
f 601/601/601 605/605/605 603/603/603 
f 605/605/605 603/603/603 603/603/603 
f 603/603/603 603/603/603 606/606/606 
f 603/603/603 606/606/606 606/606/606 
f 606/606/606 606/606/606 607/607/607 
f 606/606/606 599/599/599 607/607/607 
f 607/607/607 599/599/599 608/608/608 
f 599/599/599 598/598/598 608/608/608 
f 608/608/608 598/598/598 608/608/608 
f 598/598/598 602/602/602 608/608/608 
f 608/608/608 602/602/602 608/608/608 
f 602/602/602 609/609/609 608/608/608 
f 608/608/608 609/609/609 610/610/610 
f 609/609/609 611/611/611 610/610/610 
f 610/610/610 611/611/611 610/610/610 
f 611/611/611 607/607/607 610/610/610 
f 610/610/610 607/607/607 608/608/608 
f 607/607/607 608/608/608 608/608/608 
f 608/608/608 608/608/608 611/611/611 
f 608/608/608 611/611/611 611/611/611 
f 611/611/611 611/611/611 612/612/612 
f 611/611/611 609/609/609 612/612/612 
f 612/612/612 609/609/609 613/613/613 
f 609/609/609 609/609/609 613/613/613 
f 613/613/613 609/609/609 604/604/604 
f 609/609/609 602/602/602 604/604/604 
f 604/604/604 602/602/602 602/602/602 
f 602/602/602 614/614/614 602/602/602 
f 602/602/602 614/614/614 614/614/614 
f 614/614/614 615/615/615 614/614/614 
f 614/614/614 615/615/615 616/616/616 
f 615/615/615 617/617/617 616/616/616 
f 616/616/616 617/617/617 617/617/617 
f 617/617/617 618/618/618 617/617/617 
f 617/617/617 618/618/618 618/618/618 
f 618/618/618 619/619/619 618/618/618 
f 618/618/618 619/619/619 620/620/620 
f 619/619/619 620/620/620 620/620/620 
f 620/620/620 620/620/620 621/621/621 
f 620/620/620 621/621/621 621/621/621 
f 621/621/621 621/621/621 622/622/622 
f 621/621/621 623/623/623 622/622/622 
f 622/622/622 623/623/623 624/624/624 
f 623/623/623 625/625/625 624/624/624 
f 624/624/624 625/625/625 626/626/626 
f 625/625/625 626/626/626 626/626/626 
f 626/626/626 626/626/626 627/627/627 
f 626/626/626 627/627/627 627/627/627 
f 627/627/627 627/627/627 628/628/628 
f 627/627/627 629/629/629 628/628/628 
f 628/628/628 629/629/629 630/630/630 
f 629/629/629 630/630/630 630/630/630 
f 630/630/630 630/630/630 631/631/631 
f 630/630/630 631/631/631 631/631/631 
f 631/631/631 631/631/631 632/632/632 
f 631/631/631 633/633/633 632/632/632 
f 632/632/632 633/633/633 632/632/632 
f 633/633/633 634/634/634 632/632/632 
f 632/632/632 634/634/634 635/635/635 
f 634/634/634 635/635/635 635/635/635 
f 635/635/635 635/635/635 636/636/636 
f 635/635/635 636/636/636 636/636/636 
f 636/636/636 636/636/636 637/637/637 
f 636/636/636 638/638/638 637/637/637 
f 637/637/637 638/638/638 639/639/639 
f 638/638/638 639/639/639 639/639/639 
f 639/639/639 639/639/639 640/640/640 
f 639/639/639 640/640/640 640/640/640 
f 640/640/640 640/640/640 641/641/641 
f 640/640/640 642/642/642 641/641/641 
f 641/641/641 642/642/642 641/641/641 
f 642/642/642 643/643/643 641/641/641 
f 641/641/641 643/643/643 644/644/644 
f 643/643/643 645/645/645 644/644/644 
f 644/644/644 645/645/645 644/644/644 
f 645/645/645 646/646/646 644/644/644 
f 644/644/644 646/646/646 647/647/647 
f 646/646/646 648/648/648 647/647/647 
f 647/647/647 648/648/648 647/647/647 
f 648/648/648 649/649/649 647/647/647 
f 647/647/647 649/649/649 647/647/647 
f 649/649/649 650/650/650 647/647/647 
f 647/647/647 650/650/650 644/644/644 
f 650/650/650 650/650/650 644/644/644 
f 644/644/644 650/650/650 641/641/641 
f 650/650/650 651/651/651 641/641/641 
f 641/641/641 651/651/651 640/640/640 
f 651/651/651 651/651/651 640/640/640 
f 640/640/640 651/651/651 652/652/652 
f 651/651/651 653/653/653 652/652/652 
f 652/652/652 653/653/653 652/652/652 
f 653/653/653 654/654/654 652/652/652 
f 652/652/652 654/654/654 655/655/655 
f 654/654/654 656/656/656 655/655/655 
f 655/655/655 656/656/656 657/657/657 
f 656/656/656 657/657/657 657/657/657 
f 657/657/657 657/657/657 648/648/648 
f 657/657/657 648/648/648 648/648/648 
f 648/648/648 648/648/648 658/658/658 
f 648/648/648 646/646/646 658/658/658 
f 658/658/658 646/646/646 646/646/646 
f 646/646/646 654/654/654 646/646/646 
f 646/646/646 654/654/654 654/654/654 
f 654/654/654 659/659/659 654/654/654 
f 654/654/654 659/659/659 656/656/656 
f 659/659/659 660/660/660 656/656/656 
f 656/656/656 660/660/660 661/661/661 
f 660/660/660 662/662/662 661/661/661 
f 661/661/661 662/662/662 663/663/663 
f 662/662/662 664/664/664 663/663/663 
f 663/663/663 664/664/664 665/665/665 
f 664/664/664 666/666/666 665/665/665 
f 665/665/665 666/666/666 667/667/667 
f 666/666/666 668/668/668 667/667/667 
f 667/667/667 668/668/668 669/669/669 
f 668/668/668 668/668/668 669/669/669 
f 669/669/669 668/668/668 670/670/670 
f 668/668/668 671/671/671 670/670/670 
f 670/670/670 671/671/671 672/672/672 
f 671/671/671 673/673/673 672/672/672 
f 672/672/672 673/673/673 672/672/672 
f 673/673/673 674/674/674 672/672/672 
f 672/672/672 674/674/674 675/675/675 
f 674/674/674 676/676/676 675/675/675 
f 675/675/675 676/676/676 677/677/677 
f 676/676/676 677/677/677 677/677/677 
f 677/677/677 677/677/677 664/664/664 
f 677/677/677 664/664/664 664/664/664 
f 664/664/664 664/664/664 666/666/666 
f 664/664/664 662/662/662 666/666/666 
f 666/666/666 662/662/662 668/668/668 
f 662/662/662 668/668/668 668/668/668 
f 668/668/668 668/668/668 667/667/667 
f 668/668/668 667/667/667 667/667/667 
f 667/667/667 667/667/667 678/678/678 
f 667/667/667 669/669/669 678/678/678 
f 678/678/678 669/669/669 679/679/679 
f 669/669/669 679/679/679 679/679/679 
f 679/679/679 679/679/679 672/672/672 
f 679/679/679 672/672/672 672/672/672 
f 672/672/672 672/672/672 670/670/670 
f 672/672/672 677/677/677 670/670/670 
f 670/670/670 677/677/677 677/677/677 
f 677/677/677 676/676/676 677/677/677 
f 677/677/677 676/676/676 676/676/676 
f 676/676/676 674/674/674 676/676/676 
f 676/676/676 674/674/674 680/680/680 
f 674/674/674 673/673/673 680/680/680 
f 680/680/680 673/673/673 680/680/680 
f 673/673/673 681/681/681 680/680/680 
f 680/680/680 681/681/681 680/680/680 
f 681/681/681 682/682/682 680/680/680 
f 680/680/680 682/682/682 676/676/676 
f 682/682/682 683/683/683 676/676/676 
f 676/676/676 683/683/683 677/677/677 
f 683/683/683 683/683/683 677/677/677 
f 677/677/677 683/683/683 684/684/684 
f 683/683/683 685/685/685 684/684/684 
f 684/684/684 685/685/685 686/686/686 
f 685/685/685 687/687/687 686/686/686 
f 686/686/686 687/687/687 688/688/688 
f 687/687/687 687/687/687 688/688/688 
f 688/688/688 687/687/687 689/689/689 
f 687/687/687 690/690/690 689/689/689 
f 689/689/689 690/690/690 691/691/691 
f 690/690/690 691/691/691 691/691/691 
f 691/691/691 691/691/691 683/683/683 
f 691/691/691 683/683/683 683/683/683 
f 683/683/683 683/683/683 685/685/685 
f 683/683/683 682/682/682 685/685/685 
f 685/685/685 682/682/682 692/692/692 
f 682/682/682 693/693/693 692/692/692 
f 692/692/692 693/693/693 694/694/694 
f 693/693/693 695/695/695 694/694/694 
f 694/694/694 695/695/695 696/696/696 
f 695/695/695 697/697/697 696/696/696 
f 696/696/696 697/697/697 698/698/698 
f 697/697/697 698/698/698 698/698/698 
f 698/698/698 698/698/698 687/687/687 
f 698/698/698 687/687/687 687/687/687 
f 687/687/687 687/687/687 690/690/690 
f 687/687/687 692/692/692 690/690/690 
f 690/690/690 692/692/692 694/694/694 
f 692/692/692 694/694/694 694/694/694 
f 694/694/694 694/694/694 682/682/682 
f 694/694/694 682/682/682 682/682/682 
f 682/682/682 682/682/682 693/693/693 
f 682/682/682 681/681/681 693/693/693 
f 693/693/693 681/681/681 699/699/699 
f 681/681/681 681/681/681 699/699/699 
f 699/699/699 681/681/681 700/700/700 
f 681/681/681 673/673/673 700/700/700 
f 700/700/700 673/673/673 701/701/701 
f 673/673/673 671/671/671 701/701/701 
f 701/701/701 671/671/671 701/701/701 
f 671/671/671 668/668/668 701/701/701 
f 701/701/701 668/668/668 701/701/701 
f 668/668/668 662/662/662 701/701/701 
f 701/701/701 662/662/662 702/702/702 
f 662/662/662 703/703/703 702/702/702 
f 702/702/702 703/703/703 702/702/702 
f 703/703/703 704/704/704 702/702/702 
f 702/702/702 704/704/704 700/700/700 
f 704/704/704 699/699/699 700/700/700 
f 700/700/700 699/699/699 699/699/699 
f 699/699/699 693/693/693 699/699/699 
f 699/699/699 693/693/693 693/693/693 
f 693/693/693 699/699/699 693/693/693 
f 693/693/693 699/699/699 695/695/695 
f 699/699/699 697/697/697 695/695/695 
f 695/695/695 697/697/697 697/697/697 
f 697/697/697 702/702/702 697/697/697 
f 697/697/697 702/702/702 702/702/702 
f 702/702/702 700/700/700 702/702/702 
f 702/702/702 700/700/700 701/701/701 
f 700/700/700 701/701/701 701/701/701 
f 701/701/701 701/701/701 662/662/662 
f 701/701/701 662/662/662 662/662/662 
f 662/662/662 662/662/662 703/703/703 
f 662/662/662 660/660/660 703/703/703 
f 703/703/703 660/660/660 705/705/705 
f 660/660/660 659/659/659 705/705/705 
f 705/705/705 659/659/659 706/706/706 
f 659/659/659 653/653/653 706/706/706 
f 706/706/706 653/653/653 707/707/707 
f 653/653/653 651/651/651 707/707/707 
f 707/707/707 651/651/651 708/708/708 
f 651/651/651 650/650/650 708/708/708 
f 708/708/708 650/650/650 709/709/709 
f 650/650/650 649/649/649 709/709/709 
f 709/709/709 649/649/649 710/710/710 
f 649/649/649 711/711/711 710/710/710 
f 710/710/710 711/711/711 711/711/711 
f 711/711/711 712/712/712 711/711/711 
f 711/711/711 712/712/712 712/712/712 
f 712/712/712 653/653/653 712/712/712 
f 712/712/712 653/653/653 659/659/659 
f 653/653/653 659/659/659 659/659/659 
f 659/659/659 659/659/659 707/707/707 
f 659/659/659 707/707/707 707/707/707 
f 707/707/707 707/707/707 706/706/706 
f 707/707/707 713/713/713 706/706/706 
f 706/706/706 713/713/713 705/705/705 
f 713/713/713 705/705/705 705/705/705 
f 705/705/705 705/705/705 707/707/707 
f 705/705/705 707/707/707 707/707/707 
f 707/707/707 707/707/707 713/713/713 
f 707/707/707 708/708/708 713/713/713 
f 713/713/713 708/708/708 714/714/714 
f 708/708/708 708/708/708 714/714/714 
f 714/714/714 708/708/708 715/715/715 
f 708/708/708 709/709/709 715/715/715 
f 715/715/715 709/709/709 715/715/715 
f 709/709/709 710/710/710 715/715/715 
f 715/715/715 710/710/710 716/716/716 
f 710/710/710 716/716/716 716/716/716 
f 716/716/716 716/716/716 714/714/714 
f 716/716/716 714/714/714 714/714/714 
f 714/714/714 714/714/714 713/713/713 
f 714/714/714 717/717/717 713/713/713 
f 713/713/713 717/717/717 705/705/705 
f 717/717/717 718/718/718 705/705/705 
f 705/705/705 718/718/718 703/703/703 
f 718/718/718 719/719/719 703/703/703 
f 703/703/703 719/719/719 704/704/704 
f 719/719/719 719/719/719 704/704/704 
f 704/704/704 719/719/719 699/699/699 
f 719/719/719 720/720/720 699/699/699 
f 699/699/699 720/720/720 697/697/697 
f 720/720/720 721/721/721 697/697/697 
f 697/697/697 721/721/721 698/698/698 
f 721/721/721 698/698/698 698/698/698 
f 698/698/698 698/698/698 718/718/718 
f 698/698/698 718/718/718 718/718/718 
f 718/718/718 718/718/718 722/722/722 
f 718/718/718 717/717/717 722/722/722 
f 722/722/722 717/717/717 714/714/714 
f 717/717/717 714/714/714 714/714/714 
f 714/714/714 714/714/714 722/722/722 
f 714/714/714 722/722/722 722/722/722 
f 722/722/722 722/722/722 718/718/718 
f 722/722/722 723/723/723 718/718/718 
f 718/718/718 723/723/723 719/719/719 
f 723/723/723 723/723/723 719/719/719 
f 719/719/719 723/723/723 720/720/720 
f 723/723/723 724/724/724 720/720/720 
f 720/720/720 724/724/724 721/721/721 
f 724/724/724 721/721/721 721/721/721 
f 721/721/721 721/721/721 724/724/724 
f 721/721/721 724/724/724 724/724/724 
f 724/724/724 724/724/724 725/725/725 
f 724/724/724 723/723/723 725/725/725 
f 725/725/725 723/723/723 725/725/725 
f 723/723/723 722/722/722 725/725/725 
f 725/725/725 722/722/722 725/725/725 
f 722/722/722 714/714/714 725/725/725 
f 725/725/725 714/714/714 726/726/726 
f 714/714/714 715/715/715 726/726/726 
f 726/726/726 715/715/715 726/726/726 
f 715/715/715 716/716/716 726/726/726 
f 726/726/726 716/716/716 727/727/727 
f 716/716/716 728/728/728 727/727/727 
f 727/727/727 728/728/728 729/729/729 
f 728/728/728 730/730/730 729/729/729 
f 729/729/729 730/730/730 731/731/731 
f 730/730/730 732/732/732 731/731/731 
f 731/731/731 732/732/732 733/733/733 
f 732/732/732 711/711/711 733/733/733 
f 733/733/733 711/711/711 648/648/648 
f 711/711/711 649/649/649 648/648/648 
f 648/648/648 649/649/649 649/649/649 
f 649/649/649 727/727/727 649/649/649 
f 649/649/649 727/727/727 727/727/727 
f 727/727/727 725/725/725 727/727/727 
f 727/727/727 725/725/725 726/726/726 
f 725/725/725 726/726/726 726/726/726 
f 726/726/726 726/726/726 730/730/730 
f 726/726/726 730/730/730 730/730/730 
f 730/730/730 730/730/730 732/732/732 
f 730/730/730 728/728/728 732/732/732 
f 732/732/732 728/728/728 728/728/728 
f 728/728/728 711/711/711 728/728/728 
f 728/728/728 711/711/711 711/711/711 
f 711/711/711 732/732/732 711/711/711 
f 711/711/711 732/732/732 734/734/734 
f 732/732/732 734/734/734 734/734/734 
f 734/734/734 734/734/734 648/648/648 
f 734/734/734 648/648/648 648/648/648 
f 648/648/648 648/648/648 733/733/733 
f 648/648/648 658/658/658 733/733/733 
f 733/733/733 658/658/658 735/735/735 
f 658/658/658 736/736/736 735/735/735 
f 735/735/735 736/736/736 731/731/731 
f 736/736/736 736/736/736 731/731/731 
f 731/731/731 736/736/736 737/737/737 
f 736/736/736 738/738/738 737/737/737 
f 737/737/737 738/738/738 737/737/737 
f 738/738/738 739/739/739 737/737/737 
f 737/737/737 739/739/739 737/737/737 
f 739/739/739 698/698/698 737/737/737 
f 737/737/737 698/698/698 737/737/737 
f 698/698/698 721/721/721 737/737/737 
f 737/737/737 721/721/721 740/740/740 
f 721/721/721 724/724/724 740/740/740 
f 740/740/740 724/724/724 724/724/724 
f 724/724/724 731/731/731 724/724/724 
f 724/724/724 731/731/731 731/731/731 
f 731/731/731 733/733/733 731/731/731 
f 731/731/731 733/733/733 735/735/735 
f 733/733/733 735/735/735 735/735/735 
f 735/735/735 735/735/735 658/658/658 
f 735/735/735 658/658/658 658/658/658 
f 658/658/658 658/658/658 736/736/736 
f 658/658/658 741/741/741 736/736/736 
f 736/736/736 741/741/741 738/738/738 
f 741/741/741 742/742/742 738/738/738 
f 738/738/738 742/742/742 742/742/742 
f 742/742/742 731/731/731 742/742/742 
f 742/742/742 731/731/731 731/731/731 
f 731/731/731 737/737/737 731/731/731 
f 731/731/731 737/737/737 729/729/729 
f 737/737/737 740/740/740 729/729/729 
f 729/729/729 740/740/740 727/727/727 
f 740/740/740 740/740/740 727/727/727 
f 727/727/727 740/740/740 725/725/725 
f 740/740/740 743/743/743 725/725/725 
f 725/725/725 743/743/743 724/724/724 
f 743/743/743 740/740/740 724/724/724 
f 724/724/724 740/740/740 740/740/740 
f 740/740/740 744/744/744 740/740/740 
f 740/740/740 744/744/744 744/744/744 
f 744/744/744 745/745/745 744/744/744 
f 744/744/744 745/745/745 746/746/746 
f 745/745/745 746/746/746 746/746/746 
f 746/746/746 746/746/746 747/747/747 
f 746/746/746 747/747/747 747/747/747 
f 747/747/747 747/747/747 748/748/748 
f 747/747/747 749/749/749 748/748/748 
f 748/748/748 749/749/749 750/750/750 
f 749/749/749 749/749/749 750/750/750 
f 750/750/750 749/749/749 751/751/751 
f 749/749/749 752/752/752 751/751/751 
f 751/751/751 752/752/752 753/753/753 
f 752/752/752 754/754/754 753/753/753 
f 753/753/753 754/754/754 754/754/754 
f 754/754/754 755/755/755 754/754/754 
f 754/754/754 755/755/755 755/755/755 
f 755/755/755 756/756/756 755/755/755 
f 755/755/755 756/756/756 757/757/757 
f 756/756/756 757/757/757 757/757/757 
f 757/757/757 757/757/757 758/758/758 
f 757/757/757 758/758/758 758/758/758 
f 758/758/758 758/758/758 759/759/759 
f 758/758/758 760/760/760 759/759/759 
f 759/759/759 760/760/760 759/759/759 
f 760/760/760 761/761/761 759/759/759 
f 759/759/759 761/761/761 762/762/762 
f 761/761/761 762/762/762 762/762/762 
f 762/762/762 762/762/762 763/763/763 
f 762/762/762 763/763/763 763/763/763 
f 763/763/763 763/763/763 764/764/764 
f 763/763/763 765/765/765 764/764/764 
f 764/764/764 765/765/765 765/765/765 
f 765/765/765 766/766/766 765/765/765 
f 765/765/765 766/766/766 766/766/766 
f 766/766/766 767/767/767 766/766/766 
f 766/766/766 767/767/767 768/768/768 
f 767/767/767 769/769/769 768/768/768 
f 768/768/768 769/769/769 770/770/770 
f 769/769/769 771/771/771 770/770/770 
f 770/770/770 771/771/771 771/771/771 
f 771/771/771 772/772/772 771/771/771 
f 771/771/771 772/772/772 772/772/772 
f 772/772/772 773/773/773 772/772/772 
f 772/772/772 773/773/773 774/774/774 
f 773/773/773 775/775/775 774/774/774 
f 774/774/774 775/775/775 775/775/775 
f 775/775/775 776/776/776 775/775/775 
f 775/775/775 776/776/776 776/776/776 
f 776/776/776 777/777/777 776/776/776 
f 776/776/776 777/777/777 778/778/778 
f 777/777/777 778/778/778 778/778/778 
f 778/778/778 778/778/778 779/779/779 
f 778/778/778 779/779/779 779/779/779 
f 779/779/779 779/779/779 780/780/780 
f 779/779/779 781/781/781 780/780/780 
f 780/780/780 781/781/781 782/782/782 
f 781/781/781 781/781/781 782/782/782 
f 782/782/782 781/781/781 783/783/783 
f 781/781/781 784/784/784 783/783/783 
f 783/783/783 784/784/784 785/785/785 
f 784/784/784 786/786/786 785/785/785 
f 785/785/785 786/786/786 787/787/787 
f 786/786/786 788/788/788 787/787/787 
f 787/787/787 788/788/788 787/787/787 
f 788/788/788 789/789/789 787/787/787 
f 787/787/787 789/789/789 790/790/790 
f 789/789/789 789/789/789 790/790/790 
f 790/790/790 789/789/789 791/791/791 
f 789/789/789 792/792/792 791/791/791 
f 791/791/791 792/792/792 792/792/792 
f 792/792/792 784/784/784 792/792/792 
f 792/792/792 784/784/784 784/784/784 
f 784/784/784 793/793/793 784/784/784 
f 784/784/784 793/793/793 786/786/786 
f 793/793/793 794/794/794 786/786/786 
f 786/786/786 794/794/794 788/788/788 
f 794/794/794 788/788/788 788/788/788 
f 788/788/788 788/788/788 795/795/795 
f 788/788/788 795/795/795 795/795/795 
f 795/795/795 795/795/795 796/796/796 
f 795/795/795 797/797/797 796/796/796 
f 796/796/796 797/797/797 797/797/797 
f 797/797/797 798/798/798 797/797/797 
f 797/797/797 798/798/798 798/798/798 
f 798/798/798 799/799/799 798/798/798 
f 798/798/798 799/799/799 800/800/800 
f 799/799/799 801/801/801 800/800/800 
f 800/800/800 801/801/801 802/802/802 
f 801/801/801 802/802/802 802/802/802 
f 802/802/802 802/802/802 803/803/803 
f 802/802/802 803/803/803 803/803/803 
f 803/803/803 803/803/803 804/804/804 
f 803/803/803 805/805/805 804/804/804 
f 804/804/804 805/805/805 806/806/806 
f 805/805/805 807/807/807 806/806/806 
f 806/806/806 807/807/807 808/808/808 
f 807/807/807 809/809/809 808/808/808 
f 808/808/808 809/809/809 810/810/810 
f 809/809/809 810/810/810 810/810/810 
f 810/810/810 810/810/810 811/811/811 
f 810/810/810 811/811/811 811/811/811 
f 811/811/811 811/811/811 812/812/812 
f 811/811/811 813/813/813 812/812/812 
f 812/812/812 813/813/813 814/814/814 
f 813/813/813 813/813/813 814/814/814 
f 814/814/814 813/813/813 815/815/815 
f 813/813/813 816/816/816 815/815/815 
f 815/815/815 816/816/816 817/817/817 
f 816/816/816 818/818/818 817/817/817 
f 817/817/817 818/818/818 819/819/819 
f 818/818/818 819/819/819 819/819/819 
f 819/819/819 819/819/819 818/818/818 
f 819/819/819 818/818/818 818/818/818 
f 818/818/818 818/818/818 820/820/820 
f 818/818/818 816/816/816 820/820/820 
f 820/820/820 816/816/816 816/816/816 
f 816/816/816 821/821/821 816/816/816 
f 816/816/816 821/821/821 821/821/821 
f 821/821/821 822/822/822 821/821/821 
f 821/821/821 822/822/822 823/823/823 
f 822/822/822 824/824/824 823/823/823 
f 823/823/823 824/824/824 824/824/824 
f 824/824/824 822/822/822 824/824/824 
f 824/824/824 822/822/822 822/822/822 
f 822/822/822 821/821/821 822/822/822 
f 822/822/822 821/821/821 825/825/825 
f 821/821/821 826/826/826 825/825/825 
f 825/825/825 826/826/826 825/825/825 
f 826/826/826 827/827/827 825/825/825 
f 825/825/825 827/827/827 825/825/825 
f 827/827/827 828/828/828 825/825/825 
f 825/825/825 828/828/828 822/822/822 
f 828/828/828 829/829/829 822/822/822 
f 822/822/822 829/829/829 830/830/830 
f 829/829/829 831/831/831 830/830/830 
f 830/830/830 831/831/831 830/830/830 
f 831/831/831 832/832/832 830/830/830 
f 830/830/830 832/832/832 833/833/833 
f 832/832/832 834/834/834 833/833/833 
f 833/833/833 834/834/834 833/833/833 
f 834/834/834 835/835/835 833/833/833 
f 833/833/833 835/835/835 836/836/836 
f 835/835/835 837/837/837 836/836/836 
f 836/836/836 837/837/837 838/838/838 
f 837/837/837 839/839/839 838/838/838 
f 838/838/838 839/839/839 838/838/838 
f 839/839/839 840/840/840 838/838/838 
f 838/838/838 840/840/840 836/836/836 
f 840/840/840 840/840/840 836/836/836 
f 836/836/836 840/840/840 833/833/833 
f 840/840/840 840/840/840 833/833/833 
f 833/833/833 840/840/840 830/830/830 
f 840/840/840 824/824/824 830/830/830 
f 830/830/830 824/824/824 822/822/822 
f 824/824/824 822/822/822 822/822/822 
f 822/822/822 822/822/822 835/835/835 
f 822/822/822 835/835/835 835/835/835 
f 835/835/835 835/835/835 837/837/837 
f 835/835/835 841/841/841 837/837/837 
f 837/837/837 841/841/841 841/841/841 
f 841/841/841 839/839/839 841/841/841 
f 841/841/841 839/839/839 839/839/839 
f 839/839/839 842/842/842 839/839/839 
f 839/839/839 842/842/842 840/840/840 
f 842/842/842 842/842/842 840/840/840 
f 840/840/840 842/842/842 824/824/824 
f 842/842/842 843/843/843 824/824/824 
f 824/824/824 843/843/843 844/844/844 
f 843/843/843 844/844/844 844/844/844 
f 844/844/844 844/844/844 845/845/845 
f 844/844/844 845/845/845 845/845/845 
f 845/845/845 845/845/845 829/829/829 
f 845/845/845 846/846/846 829/829/829 
f 829/829/829 846/846/846 847/847/847 
f 846/846/846 848/848/848 847/847/847 
f 847/847/847 848/848/848 849/849/849 
f 848/848/848 848/848/848 849/849/849 
f 849/849/849 848/848/848 850/850/850 
f 848/848/848 851/851/851 850/850/850 
f 850/850/850 851/851/851 850/850/850 
f 851/851/851 852/852/852 850/850/850 
f 850/850/850 852/852/852 853/853/853 
f 852/852/852 854/854/854 853/853/853 
f 853/853/853 854/854/854 854/854/854 
f 854/854/854 846/846/846 854/854/854 
f 854/854/854 846/846/846 846/846/846 
f 846/846/846 855/855/855 846/846/846 
f 846/846/846 855/855/855 848/848/848 
f 855/855/855 855/855/855 848/848/848 
f 848/848/848 855/855/855 851/851/851 
f 855/855/855 856/856/856 851/851/851 
f 851/851/851 856/856/856 857/857/857 
f 856/856/856 857/857/857 857/857/857 
f 857/857/857 857/857/857 845/845/845 
f 857/857/857 845/845/845 845/845/845 
f 845/845/845 845/845/845 855/855/855 
f 845/845/845 827/827/827 855/855/855 
f 855/855/855 827/827/827 858/858/858 
f 827/827/827 826/826/826 858/858/858 
f 858/858/858 826/826/826 858/858/858 
f 826/826/826 856/856/856 858/858/858 
f 858/858/858 856/856/856 855/855/855 
f 856/856/856 855/855/855 855/855/855 
f 855/855/855 855/855/855 859/859/859 
f 855/855/855 859/859/859 859/859/859 
f 859/859/859 859/859/859 860/860/860 
f 859/859/859 861/861/861 860/860/860 
f 860/860/860 861/861/861 862/862/862 
f 861/861/861 863/863/863 862/862/862 
f 862/862/862 863/863/863 863/863/863 
f 863/863/863 864/864/864 863/863/863 
f 863/863/863 864/864/864 864/864/864 
f 864/864/864 865/865/865 864/864/864 
f 864/864/864 865/865/865 866/866/866 
f 865/865/865 867/867/867 866/866/866 
f 866/866/866 867/867/867 867/867/867 
f 867/867/867 868/868/868 867/867/867 
f 867/867/867 868/868/868 868/868/868 
f 868/868/868 869/869/869 868/868/868 
f 868/868/868 869/869/869 870/870/870 
f 869/869/869 871/871/871 870/870/870 
f 870/870/870 871/871/871 872/872/872 
f 871/871/871 872/872/872 872/872/872 
f 872/872/872 872/872/872 873/873/873 
f 872/872/872 873/873/873 873/873/873 
f 873/873/873 873/873/873 874/874/874 
f 873/873/873 875/875/875 874/874/874 
f 874/874/874 875/875/875 874/874/874 
f 875/875/875 876/876/876 874/874/874 
f 874/874/874 876/876/876 874/874/874 
f 876/876/876 877/877/877 874/874/874 
f 874/874/874 877/877/877 878/878/878 
f 877/877/877 879/879/879 878/878/878 
f 878/878/878 879/879/879 879/879/879 
f 879/879/879 880/880/880 879/879/879 
f 879/879/879 880/880/880 880/880/880 
f 880/880/880 881/881/881 880/880/880 
f 880/880/880 881/881/881 882/882/882 
f 881/881/881 883/883/883 882/882/882 
f 882/882/882 883/883/883 883/883/883 
f 883/883/883 884/884/884 883/883/883 
f 883/883/883 884/884/884 884/884/884 
f 884/884/884 885/885/885 884/884/884 
f 884/884/884 885/885/885 886/886/886 
f 885/885/885 887/887/887 886/886/886 
f 886/886/886 887/887/887 887/887/887 
f 887/887/887 888/888/888 887/887/887 
f 887/887/887 888/888/888 888/888/888 
f 888/888/888 889/889/889 888/888/888 
f 888/888/888 889/889/889 890/890/890 
f 889/889/889 891/891/891 890/890/890 
f 890/890/890 891/891/891 892/892/892 
f 891/891/891 893/893/893 892/892/892 
f 892/892/892 893/893/893 893/893/893 
f 893/893/893 894/894/894 893/893/893 
f 893/893/893 894/894/894 894/894/894 
f 894/894/894 895/895/895 894/894/894 
f 894/894/894 895/895/895 896/896/896 
f 895/895/895 897/897/897 896/896/896 
f 896/896/896 897/897/897 897/897/897 
f 897/897/897 898/898/898 897/897/897 
f 897/897/897 898/898/898 898/898/898 
f 898/898/898 899/899/899 898/898/898 
f 898/898/898 899/899/899 900/900/900 
f 899/899/899 899/899/899 900/900/900 
f 900/900/900 899/899/899 901/901/901 
f 899/899/899 902/902/902 901/901/901 
f 901/901/901 902/902/902 901/901/901 
f 902/902/902 903/903/903 901/901/901 
f 901/901/901 903/903/903 904/904/904 
f 903/903/903 905/905/905 904/904/904 
f 904/904/904 905/905/905 906/906/906 
f 905/905/905 907/907/907 906/906/906 
f 906/906/906 907/907/907 907/907/907 
f 907/907/907 901/901/901 907/907/907 
f 907/907/907 901/901/901 901/901/901 
f 901/901/901 904/904/904 901/901/901 
f 901/901/901 904/904/904 908/908/908 
f 904/904/904 906/906/906 908/908/908 
f 908/908/908 906/906/906 906/906/906 
f 906/906/906 909/909/909 906/906/906 
f 906/906/906 909/909/909 909/909/909 
f 909/909/909 910/910/910 909/909/909 
f 909/909/909 910/910/910 911/911/911 
f 910/910/910 912/912/912 911/911/911 
f 911/911/911 912/912/912 911/911/911 
f 912/912/912 913/913/913 911/911/911 
f 911/911/911 913/913/913 911/911/911 
f 913/913/913 914/914/914 911/911/911 
f 911/911/911 914/914/914 911/911/911 
f 914/914/914 915/915/915 911/911/911 
f 911/911/911 915/915/915 911/911/911 
f 915/915/915 916/916/916 911/911/911 
f 911/911/911 916/916/916 917/917/917 
f 916/916/916 918/918/918 917/917/917 
f 917/917/917 918/918/918 919/919/919 
f 918/918/918 918/918/918 919/919/919 
f 919/919/919 918/918/918 920/920/920 
f 918/918/918 921/921/921 920/920/920 
f 920/920/920 921/921/921 921/921/921 
f 921/921/921 911/911/911 921/921/921 
f 921/921/921 911/911/911 911/911/911 
f 911/911/911 917/917/917 911/911/911 
f 911/911/911 917/917/917 922/922/922 
f 917/917/917 919/919/919 922/922/922 
f 922/922/922 919/919/919 919/919/919 
f 919/919/919 923/923/923 919/919/919 
f 919/919/919 923/923/923 923/923/923 
f 923/923/923 924/924/924 923/923/923 
f 923/923/923 924/924/924 925/925/925 
f 924/924/924 926/926/926 925/925/925 
f 925/925/925 926/926/926 926/926/926 
f 926/926/926 927/927/927 926/926/926 
f 926/926/926 927/927/927 927/927/927 
f 927/927/927 928/928/928 927/927/927 
f 927/927/927 928/928/928 929/929/929 
f 928/928/928 929/929/929 929/929/929 
f 929/929/929 929/929/929 930/930/930 
f 929/929/929 930/930/930 930/930/930 
f 930/930/930 930/930/930 931/931/931 
f 930/930/930 932/932/932 931/931/931 
f 931/931/931 932/932/932 932/932/932 
f 932/932/932 933/933/933 932/932/932 
f 932/932/932 933/933/933 933/933/933 
f 933/933/933 934/934/934 933/933/933 
f 933/933/933 934/934/934 935/935/935 
f 934/934/934 934/934/934 935/935/935 
f 935/935/935 934/934/934 936/936/936 
f 934/934/934 937/937/937 936/936/936 
f 936/936/936 937/937/937 936/936/936 
f 937/937/937 938/938/938 936/936/936 
f 936/936/936 938/938/938 939/939/939 
f 938/938/938 940/940/940 939/939/939 
f 939/939/939 940/940/940 940/940/940 
f 940/940/940 941/941/941 940/940/940 
f 940/940/940 941/941/941 941/941/941 
f 941/941/941 942/942/942 941/941/941 
f 941/941/941 942/942/942 943/943/943 
f 942/942/942 943/943/943 943/943/943 
f 943/943/943 943/943/943 944/944/944 
f 943/943/943 944/944/944 944/944/944 
f 944/944/944 944/944/944 945/945/945 
f 944/944/944 946/946/946 945/945/945 
f 945/945/945 946/946/946 947/947/947 
f 946/946/946 947/947/947 947/947/947 
f 947/947/947 947/947/947 948/948/948 
f 947/947/947 948/948/948 948/948/948 
f 948/948/948 948/948/948 949/949/949 
f 948/948/948 950/950/950 949/949/949 
f 949/949/949 950/950/950 950/950/950 
f 950/950/950 951/951/951 950/950/950 
f 950/950/950 951/951/951 951/951/951 
f 951/951/951 952/952/952 951/951/951 
f 951/951/951 952/952/952 953/953/953 
f 952/952/952 954/954/954 953/953/953 
f 953/953/953 954/954/954 953/953/953 
f 954/954/954 955/955/955 953/953/953 
f 953/953/953 955/955/955 956/956/956 
f 955/955/955 957/957/957 956/956/956 
f 956/956/956 957/957/957 958/958/958 
f 957/957/957 959/959/959 958/958/958 
f 958/958/958 959/959/959 960/960/960 
f 959/959/959 961/961/961 960/960/960 
f 960/960/960 961/961/961 962/962/962 
f 961/961/961 961/961/961 962/962/962 
f 962/962/962 961/961/961 963/963/963 
f 961/961/961 964/964/964 963/963/963 
f 963/963/963 964/964/964 964/964/964 
f 964/964/964 956/956/956 964/964/964 
f 964/964/964 956/956/956 956/956/956 
f 956/956/956 965/965/965 956/956/956 
f 956/956/956 965/965/965 953/953/953 
f 965/965/965 953/953/953 953/953/953 
f 953/953/953 953/953/953 966/966/966 
f 953/953/953 966/966/966 966/966/966 
f 966/966/966 966/966/966 967/967/967 
f 966/966/966 968/968/968 967/967/967 
f 967/967/967 968/968/968 969/969/969 
f 968/968/968 970/970/970 969/969/969 
f 969/969/969 970/970/970 971/971/971 
f 970/970/970 972/972/972 971/971/971 
f 971/971/971 972/972/972 973/973/973 
f 972/972/972 972/972/972 973/973/973 
f 973/973/973 972/972/972 974/974/974 
f 972/972/972 975/975/975 974/974/974 
f 974/974/974 975/975/975 974/974/974 
f 975/975/975 976/976/976 974/974/974 
f 974/974/974 976/976/976 977/977/977 
f 976/976/976 977/977/977 977/977/977 
f 977/977/977 977/977/977 968/968/968 
f 977/977/977 968/968/968 968/968/968 
f 968/968/968 968/968/968 970/970/970 
f 968/968/968 978/978/978 970/970/970 
f 970/970/970 978/978/978 972/972/972 
f 978/978/978 979/979/979 972/972/972 
f 972/972/972 979/979/979 980/980/980 
f 979/979/979 981/981/981 980/980/980 
f 980/980/980 981/981/981 982/982/982 
f 981/981/981 981/981/981 982/982/982 
f 982/982/982 981/981/981 983/983/983 
f 981/981/981 984/984/984 983/983/983 
f 983/983/983 984/984/984 985/985/985 
f 984/984/984 986/986/986 985/985/985 
f 985/985/985 986/986/986 987/987/987 
f 986/986/986 986/986/986 987/987/987 
f 987/987/987 986/986/986 988/988/988 
f 986/986/986 989/989/989 988/988/988 
f 988/988/988 989/989/989 989/989/989 
f 989/989/989 975/975/975 989/989/989 
f 989/989/989 975/975/975 975/975/975 
f 975/975/975 972/972/972 975/975/975 
f 975/975/975 972/972/972 980/980/980 
f 972/972/972 980/980/980 980/980/980 
f 980/980/980 980/980/980 978/978/978 
f 980/980/980 978/978/978 978/978/978 
f 978/978/978 978/978/978 979/979/979 
f 978/978/978 990/990/990 979/979/979 
f 979/979/979 990/990/990 979/979/979 
f 990/990/990 991/991/991 979/979/979 
f 979/979/979 991/991/991 981/981/981 
f 991/991/991 981/981/981 981/981/981 
f 981/981/981 981/981/981 986/986/986 
f 981/981/981 986/986/986 986/986/986 
f 986/986/986 986/986/986 992/992/992 
f 986/986/986 984/984/984 992/992/992 
f 992/992/992 984/984/984 993/993/993 
f 984/984/984 994/994/994 993/993/993 
f 993/993/993 994/994/994 995/995/995 
f 994/994/994 994/994/994 995/995/995 
f 995/995/995 994/994/994 996/996/996 
f 994/994/994 997/997/997 996/996/996 
f 996/996/996 997/997/997 998/998/998 
f 997/997/997 997/997/997 998/998/998 
f 998/998/998 997/997/997 999/999/999 
f 997/997/997 997/997/997 999/999/999 
f 999/999/999 997/997/997 1000/1000/1000 
f 997/997/997 1001/1001/1001 1000/1000/1000 
f 1000/1000/1000 1001/1001/1001 1000/1000/1000 
f 1001/1001/1001 1002/1002/1002 1000/1000/1000 
f 1000/1000/1000 1002/1002/1002 1003/1003/1003 
f 1002/1002/1002 1004/1004/1004 1003/1003/1003 
f 1003/1003/1003 1004/1004/1004 1005/1005/1005 
f 1004/1004/1004 1004/1004/1004 1005/1005/1005 
f 1005/1005/1005 1004/1004/1004 1006/1006/1006 
f 1004/1004/1004 1007/1007/1007 1006/1006/1006 
f 1006/1006/1006 1007/1007/1007 990/990/990 
f 1007/1007/1007 990/990/990 990/990/990 
f 990/990/990 990/990/990 1005/1005/1005 
f 990/990/990 1005/1005/1005 1005/1005/1005 
f 1005/1005/1005 1005/1005/1005 1003/1003/1003 
f 1005/1005/1005 1008/1008/1008 1003/1003/1003 
f 1003/1003/1003 1008/1008/1008 1008/1008/1008 
f 1008/1008/1008 1004/1004/1004 1008/1008/1008 
f 1008/1008/1008 1004/1004/1004 1004/1004/1004 
f 1004/1004/1004 1009/1009/1009 1004/1004/1004 
f 1004/1004/1004 1009/1009/1009 1007/1007/1007 
f 1009/1009/1009 1009/1009/1009 1007/1007/1007 
f 1007/1007/1007 1009/1009/1009 1010/1010/1010 
f 1009/1009/1009 1002/1002/1002 1010/1010/1010 
f 1010/1010/1010 1002/1002/1002 1010/1010/1010 
f 1002/1002/1002 1001/1001/1001 1010/1010/1010 
f 1010/1010/1010 1001/1001/1001 1011/1011/1011 
f 1001/1001/1001 1012/1012/1012 1011/1011/1011 
f 1011/1011/1011 1012/1012/1012 1013/1013/1013 
f 1012/1012/1012 994/994/994 1013/1013/1013 
f 1013/1013/1013 994/994/994 1013/1013/1013 
f 994/994/994 984/984/984 1013/1013/1013 
f 1013/1013/1013 984/984/984 1011/1011/1011 
f 984/984/984 981/981/981 1011/1011/1011 
f 1011/1011/1011 981/981/981 1010/1010/1010 
f 981/981/981 981/981/981 1010/1010/1010 
f 1010/1010/1010 981/981/981 1007/1007/1007 
f 981/981/981 991/991/991 1007/1007/1007 
f 1007/1007/1007 991/991/991 991/991/991 
f 991/991/991 1001/1001/1001 991/991/991 
f 991/991/991 1001/1001/1001 1001/1001/1001 
f 1001/1001/1001 997/997/997 1001/1001/1001 
f 1001/1001/1001 997/997/997 1012/1012/1012 
f 997/997/997 994/994/994 1012/1012/1012 
f 1012/1012/1012 994/994/994 994/994/994 
f 994/994/994 1014/1014/1014 994/994/994 
f 994/994/994 1014/1014/1014 1014/1014/1014 
f 1014/1014/1014 1015/1015/1015 1014/1014/1014 
f 1014/1014/1014 1015/1015/1015 1016/1016/1016 
f 1015/1015/1015 1015/1015/1015 1016/1016/1016 
f 1016/1016/1016 1015/1015/1015 1017/1017/1017 
f 1015/1015/1015 1018/1018/1018 1017/1017/1017 
f 1017/1017/1017 1018/1018/1018 1019/1019/1019 
f 1018/1018/1018 1020/1020/1020 1019/1019/1019 
f 1019/1019/1019 1020/1020/1020 1021/1021/1021 
f 1020/1020/1020 1022/1022/1022 1021/1021/1021 
f 1021/1021/1021 1022/1022/1022 1023/1023/1023 
f 1022/1022/1022 1023/1023/1023 1023/1023/1023 
f 1023/1023/1023 1023/1023/1023 1018/1018/1018 
f 1023/1023/1023 1018/1018/1018 1018/1018/1018 
f 1018/1018/1018 1018/1018/1018 1024/1024/1024 
f 1018/1018/1018 1015/1015/1015 1024/1024/1024 
f 1024/1024/1024 1015/1015/1015 1025/1025/1025 
f 1015/1015/1015 1025/1025/1025 1025/1025/1025 
f 1025/1025/1025 1025/1025/1025 1020/1020/1020 
f 1025/1025/1025 1020/1020/1020 1020/1020/1020 
f 1020/1020/1020 1020/1020/1020 1022/1022/1022 
f 1020/1020/1020 1026/1026/1026 1022/1022/1022 
f 1022/1022/1022 1026/1026/1026 1026/1026/1026 
f 1026/1026/1026 1027/1027/1027 1026/1026/1026 
f 1026/1026/1026 1027/1027/1027 1027/1027/1027 
f 1027/1027/1027 1028/1028/1028 1027/1027/1027 
f 1027/1027/1027 1028/1028/1028 1029/1029/1029 
f 1028/1028/1028 1030/1030/1030 1029/1029/1029 
f 1029/1029/1029 1030/1030/1030 1031/1031/1031 
f 1030/1030/1030 1032/1032/1032 1031/1031/1031 
f 1031/1031/1031 1032/1032/1032 1031/1031/1031 
f 1032/1032/1032 1033/1033/1033 1031/1031/1031 
f 1031/1031/1031 1033/1033/1033 1031/1031/1031 
f 1033/1033/1033 1034/1034/1034 1031/1031/1031 
f 1031/1031/1031 1034/1034/1034 1035/1035/1035 
f 1034/1034/1034 1036/1036/1036 1035/1035/1035 
f 1035/1035/1035 1036/1036/1036 1037/1037/1037 
f 1036/1036/1036 1037/1037/1037 1037/1037/1037 
f 1037/1037/1037 1037/1037/1037 1030/1030/1030 
f 1037/1037/1037 1030/1030/1030 1030/1030/1030 
f 1030/1030/1030 1030/1030/1030 1038/1038/1038 
f 1030/1030/1030 1028/1028/1028 1038/1038/1038 
f 1038/1038/1038 1028/1028/1028 1028/1028/1028 
f 1028/1028/1028 1029/1029/1029 1028/1028/1028 
f 1028/1028/1028 1029/1029/1029 1029/1029/1029 
f 1029/1029/1029 1031/1031/1031 1029/1029/1029 
f 1029/1029/1029 1031/1031/1031 1039/1039/1039 
f 1031/1031/1031 1035/1035/1035 1039/1039/1039 
f 1039/1039/1039 1035/1035/1035 1040/1040/1040 
f 1035/1035/1035 1035/1035/1035 1040/1040/1040 
f 1040/1040/1040 1035/1035/1035 1041/1041/1041 
f 1035/1035/1035 1042/1042/1042 1041/1041/1041 
f 1041/1041/1041 1042/1042/1042 1043/1043/1043 
f 1042/1042/1042 1042/1042/1042 1043/1043/1043 
f 1043/1043/1043 1042/1042/1042 1044/1044/1044 
f 1042/1042/1042 1045/1045/1045 1044/1044/1044 
f 1044/1044/1044 1045/1045/1045 1045/1045/1045 
f 1045/1045/1045 1046/1046/1046 1045/1045/1045 
f 1045/1045/1045 1046/1046/1046 1046/1046/1046 
f 1046/1046/1046 1047/1047/1047 1046/1046/1046 
f 1046/1046/1046 1047/1047/1047 1048/1048/1048 
f 1047/1047/1047 1049/1049/1049 1048/1048/1048 
f 1048/1048/1048 1049/1049/1049 1050/1050/1050 
f 1049/1049/1049 1050/1050/1050 1050/1050/1050 
f 1050/1050/1050 1050/1050/1050 1049/1049/1049 
f 1050/1050/1050 1049/1049/1049 1049/1049/1049 
f 1049/1049/1049 1049/1049/1049 1051/1051/1051 
f 1049/1049/1049 1047/1047/1047 1051/1051/1051 
f 1051/1051/1051 1047/1047/1047 1051/1051/1051 
f 1047/1047/1047 1052/1052/1052 1051/1051/1051 
f 1051/1051/1051 1052/1052/1052 1053/1053/1053 
f 1052/1052/1052 1054/1054/1054 1053/1053/1053 
f 1053/1053/1053 1054/1054/1054 1054/1054/1054 
f 1054/1054/1054 1051/1051/1051 1054/1054/1054 
f 1054/1054/1054 1051/1051/1051 1051/1051/1051 
f 1051/1051/1051 1053/1053/1053 1051/1051/1051 
f 1051/1051/1051 1053/1053/1053 1055/1055/1055 
f 1053/1053/1053 1056/1056/1056 1055/1055/1055 
f 1055/1055/1055 1056/1056/1056 1056/1056/1056 
f 1056/1056/1056 1057/1057/1057 1056/1056/1056 
f 1056/1056/1056 1057/1057/1057 1057/1057/1057 
f 1057/1057/1057 1058/1058/1058 1057/1057/1057 
f 1057/1057/1057 1058/1058/1058 1059/1059/1059 
f 1058/1058/1058 1060/1060/1060 1059/1059/1059 
f 1059/1059/1059 1060/1060/1060 1061/1061/1061 
f 1060/1060/1060 1060/1060/1060 1061/1061/1061 
f 1061/1061/1061 1060/1060/1060 1062/1062/1062 
f 1060/1060/1060 1063/1063/1063 1062/1062/1062 
f 1062/1062/1062 1063/1063/1063 1062/1062/1062 
f 1063/1063/1063 1064/1064/1064 1062/1062/1062 
f 1062/1062/1062 1064/1064/1064 1065/1065/1065 
f 1064/1064/1064 1066/1066/1066 1065/1065/1065 
f 1065/1065/1065 1066/1066/1066 1066/1066/1066 
f 1066/1066/1066 1067/1067/1067 1066/1066/1066 
f 1066/1066/1066 1067/1067/1067 1067/1067/1067 
f 1067/1067/1067 1068/1068/1068 1067/1067/1067 
f 1067/1067/1067 1068/1068/1068 1069/1069/1069 
f 1068/1068/1068 1068/1068/1068 1069/1069/1069 
f 1069/1069/1069 1068/1068/1068 1070/1070/1070 
f 1068/1068/1068 1071/1071/1071 1070/1070/1070 
f 1070/1070/1070 1071/1071/1071 1072/1072/1072 
f 1071/1071/1071 1073/1073/1073 1072/1072/1072 
f 1072/1072/1072 1073/1073/1073 1074/1074/1074 
f 1073/1073/1073 1074/1074/1074 1074/1074/1074 
f 1074/1074/1074 1074/1074/1074 1075/1075/1075 
f 1074/1074/1074 1075/1075/1075 1075/1075/1075 
f 1075/1075/1075 1075/1075/1075 1076/1076/1076 
f 1075/1075/1075 1077/1077/1077 1076/1076/1076 
f 1076/1076/1076 1077/1077/1077 1078/1078/1078 
f 1077/1077/1077 1079/1079/1079 1078/1078/1078 
f 1078/1078/1078 1079/1079/1079 1078/1078/1078 
f 1079/1079/1079 1080/1080/1080 1078/1078/1078 
f 1078/1078/1078 1080/1080/1080 1081/1081/1081 
f 1080/1080/1080 1082/1082/1082 1081/1081/1081 
f 1081/1081/1081 1082/1082/1082 1082/1082/1082 
f 1082/1082/1082 1083/1083/1083 1082/1082/1082 
f 1082/1082/1082 1083/1083/1083 1083/1083/1083 
f 1083/1083/1083 1084/1084/1084 1083/1083/1083 
f 1083/1083/1083 1084/1084/1084 1085/1085/1085 
f 1084/1084/1084 1084/1084/1084 1085/1085/1085 
f 1085/1085/1085 1084/1084/1084 1086/1086/1086 
f 1084/1084/1084 1087/1087/1087 1086/1086/1086 
f 1086/1086/1086 1087/1087/1087 1086/1086/1086 
f 1087/1087/1087 1076/1076/1076 1086/1086/1086 
f 1086/1086/1086 1076/1076/1076 1086/1086/1086 
f 1076/1076/1076 1078/1078/1078 1086/1086/1086 
f 1086/1086/1086 1078/1078/1078 1086/1086/1086 
f 1078/1078/1078 1081/1081/1081 1086/1086/1086 
f 1086/1086/1086 1081/1081/1081 1088/1088/1088 
f 1081/1081/1081 1089/1089/1089 1088/1088/1088 
f 1088/1088/1088 1089/1089/1089 1090/1090/1090 
f 1089/1089/1089 1091/1091/1091 1090/1090/1090 
f 1090/1090/1090 1091/1091/1091 1092/1092/1092 
f 1091/1091/1091 1092/1092/1092 1092/1092/1092 
f 1092/1092/1092 1092/1092/1092 1081/1081/1081 
f 1092/1092/1092 1081/1081/1081 1081/1081/1081 
f 1081/1081/1081 1081/1081/1081 1089/1089/1089 
f 1081/1081/1081 1082/1082/1082 1089/1089/1089 
f 1089/1089/1089 1082/1082/1082 1093/1093/1093 
f 1082/1082/1082 1082/1082/1082 1093/1093/1093 
f 1093/1093/1093 1082/1082/1082 1094/1094/1094 
f 1082/1082/1082 1095/1095/1095 1094/1094/1094 
f 1094/1094/1094 1095/1095/1095 1096/1096/1096 
f 1095/1095/1095 1096/1096/1096 1096/1096/1096 
f 1096/1096/1096 1096/1096/1096 1089/1089/1089 
f 1096/1096/1096 1089/1089/1089 1089/1089/1089 
f 1089/1089/1089 1089/1089/1089 1091/1091/1091 
f 1089/1089/1089 1093/1093/1093 1091/1091/1091 
f 1091/1091/1091 1093/1093/1093 1091/1091/1091 
f 1093/1093/1093 1096/1096/1096 1091/1091/1091 
f 1091/1091/1091 1096/1096/1096 1097/1097/1097 
f 1096/1096/1096 1098/1098/1098 1097/1097/1097 
f 1097/1097/1097 1098/1098/1098 1098/1098/1098 
f 1098/1098/1098 1091/1091/1091 1098/1098/1098 
f 1098/1098/1098 1091/1091/1091 1091/1091/1091 
f 1091/1091/1091 1097/1097/1097 1091/1091/1091 
f 1091/1091/1091 1097/1097/1097 1099/1099/1099 
f 1097/1097/1097 1099/1099/1099 1099/1099/1099 
f 1099/1099/1099 1099/1099/1099 1100/1100/1100 
f 1099/1099/1099 1100/1100/1100 1100/1100/1100 
f 1100/1100/1100 1100/1100/1100 1101/1101/1101 
f 1100/1100/1100 1102/1102/1102 1101/1101/1101 
f 1101/1101/1101 1102/1102/1102 1103/1103/1103 
f 1102/1102/1102 1104/1104/1104 1103/1103/1103 
f 1103/1103/1103 1104/1104/1104 1103/1103/1103 
f 1104/1104/1104 1105/1105/1105 1103/1103/1103 
f 1103/1103/1103 1105/1105/1105 1085/1085/1085 
f 1105/1105/1105 1106/1106/1106 1085/1085/1085 
f 1085/1085/1085 1106/1106/1106 1083/1083/1083 
f 1106/1106/1106 1083/1083/1083 1083/1083/1083 
f 1083/1083/1083 1083/1083/1083 1101/1101/1101 
f 1083/1083/1083 1101/1101/1101 1101/1101/1101 
f 1101/1101/1101 1101/1101/1101 1088/1088/1088 
f 1101/1101/1101 1103/1103/1103 1088/1088/1088 
f 1088/1088/1088 1103/1103/1103 1086/1086/1086 
f 1103/1103/1103 1085/1085/1085 1086/1086/1086 
f 1086/1086/1086 1085/1085/1085 1085/1085/1085 
f 1085/1085/1085 1105/1105/1105 1085/1085/1085 
f 1085/1085/1085 1105/1105/1105 1105/1105/1105 
f 1105/1105/1105 1107/1107/1107 1105/1105/1105 
f 1105/1105/1105 1107/1107/1107 1106/1106/1106 
f 1107/1107/1107 1106/1106/1106 1106/1106/1106 
f 1106/1106/1106 1106/1106/1106 1108/1108/1108 
f 1106/1106/1106 1108/1108/1108 1108/1108/1108 
f 1108/1108/1108 1108/1108/1108 1109/1109/1109 
f 1108/1108/1108 1110/1110/1110 1109/1109/1109 
f 1109/1109/1109 1110/1110/1110 1110/1110/1110 
f 1110/1110/1110 1111/1111/1111 1110/1110/1110 
f 1110/1110/1110 1111/1111/1111 1111/1111/1111 
f 1111/1111/1111 1112/1112/1112 1111/1111/1111 
f 1111/1111/1111 1112/1112/1112 1113/1113/1113 
f 1112/1112/1112 1114/1114/1114 1113/1113/1113 
f 1113/1113/1113 1114/1114/1114 1114/1114/1114 
f 1114/1114/1114 1111/1111/1111 1114/1114/1114 
f 1114/1114/1114 1111/1111/1111 1111/1111/1111 
f 1111/1111/1111 1115/1115/1115 1111/1111/1111 
f 1111/1111/1111 1115/1115/1115 1112/1112/1112 
f 1115/1115/1115 1116/1116/1116 1112/1112/1112 
f 1112/1112/1112 1116/1116/1116 1117/1117/1117 
f 1116/1116/1116 1118/1118/1118 1117/1117/1117 
f 1117/1117/1117 1118/1118/1118 1117/1117/1117 
f 1118/1118/1118 1119/1119/1119 1117/1117/1117 
f 1117/1117/1117 1119/1119/1119 1120/1120/1120 
f 1119/1119/1119 1119/1119/1119 1120/1120/1120 
f 1120/1120/1120 1119/1119/1119 1121/1121/1121 
f 1119/1119/1119 1119/1119/1119 1121/1121/1121 
f 1121/1121/1121 1119/1119/1119 1122/1122/1122 
f 1119/1119/1119 1123/1123/1123 1122/1122/1122 
f 1122/1122/1122 1123/1123/1123 1123/1123/1123 
f 1123/1123/1123 1120/1120/1120 1123/1123/1123 
f 1123/1123/1123 1120/1120/1120 1120/1120/1120 
f 1120/1120/1120 1124/1124/1124 1120/1120/1120 
f 1120/1120/1120 1124/1124/1124 1117/1117/1117 
f 1124/1124/1124 1117/1117/1117 1117/1117/1117 
f 1117/1117/1117 1117/1117/1117 1117/1117/1117 
f 1117/1117/1117 1117/1117/1117 1117/1117/1117 
f 1117/1117/1117 1117/1117/1117 1112/1112/1112 
f 1117/1117/1117 1125/1125/1125 1112/1112/1112 
f 1112/1112/1112 1125/1125/1125 1112/1112/1112 
f 1125/1125/1125 1126/1126/1126 1112/1112/1112 
f 1112/1112/1112 1126/1126/1126 1114/1114/1114 
f 1126/1126/1126 1127/1127/1127 1114/1114/1114 
f 1114/1114/1114 1127/1127/1127 1114/1114/1114 
f 1127/1127/1127 1128/1128/1128 1114/1114/1114 
f 1114/1114/1114 1128/1128/1128 1113/1113/1113 
f 1128/1128/1128 1129/1129/1129 1113/1113/1113 
f 1113/1113/1113 1129/1129/1129 1130/1130/1130 
f 1129/1129/1129 1130/1130/1130 1130/1130/1130 
f 1130/1130/1130 1130/1130/1130 1131/1131/1131 
f 1130/1130/1130 1131/1131/1131 1131/1131/1131 
f 1131/1131/1131 1131/1131/1131 1132/1132/1132 
f 1131/1131/1131 1133/1133/1133 1132/1132/1132 
f 1132/1132/1132 1133/1133/1133 1132/1132/1132 
f 1133/1133/1133 1134/1134/1134 1132/1132/1132 
f 1132/1132/1132 1134/1134/1134 1135/1135/1135 
f 1134/1134/1134 1134/1134/1134 1135/1135/1135 
f 1135/1135/1135 1134/1134/1134 1136/1136/1136 
f 1134/1134/1134 1134/1134/1134 1136/1136/1136 
f 1136/1136/1136 1134/1134/1134 1137/1137/1137 
f 1134/1134/1134 1134/1134/1134 1137/1137/1137 
f 1137/1137/1137 1134/1134/1134 1138/1138/1138 
f 1134/1134/1134 1139/1139/1139 1138/1138/1138 
f 1138/1138/1138 1139/1139/1139 1140/1140/1140 
f 1139/1139/1139 1139/1139/1139 1140/1140/1140 
f 1140/1140/1140 1139/1139/1139 1141/1141/1141 
f 1139/1139/1139 1139/1139/1139 1141/1141/1141 
f 1141/1141/1141 1139/1139/1139 1142/1142/1142 
f 1139/1139/1139 1134/1134/1134 1142/1142/1142 
f 1142/1142/1142 1134/1134/1134 1142/1142/1142 
f 1134/1134/1134 1133/1133/1133 1142/1142/1142 
f 1142/1142/1142 1133/1133/1133 1143/1143/1143 
f 1133/1133/1133 1143/1143/1143 1143/1143/1143 
f 1143/1143/1143 1143/1143/1143 1144/1144/1144 
f 1143/1143/1143 1144/1144/1144 1144/1144/1144 
f 1144/1144/1144 1144/1144/1144 1145/1145/1145 
f 1144/1144/1144 1146/1146/1146 1145/1145/1145 
f 1145/1145/1145 1146/1146/1146 1147/1147/1147 
f 1146/1146/1146 1148/1148/1148 1147/1147/1147 
f 1147/1147/1147 1148/1148/1148 1149/1149/1149 
f 1148/1148/1148 1148/1148/1148 1149/1149/1149 
f 1149/1149/1149 1148/1148/1148 1150/1150/1150 
f 1148/1148/1148 1148/1148/1148 1150/1150/1150 
f 1150/1150/1150 1148/1148/1148 1151/1151/1151 
f 1148/1148/1148 1152/1152/1152 1151/1151/1151 
f 1151/1151/1151 1152/1152/1152 1152/1152/1152 
f 1152/1152/1152 1149/1149/1149 1152/1152/1152 
f 1152/1152/1152 1149/1149/1149 1149/1149/1149 
f 1149/1149/1149 1145/1145/1145 1149/1149/1149 
f 1149/1149/1149 1145/1145/1145 1147/1147/1147 
f 1145/1145/1145 1147/1147/1147 1147/1147/1147 
f 1147/1147/1147 1147/1147/1147 1153/1153/1153 
f 1147/1147/1147 1153/1153/1153 1153/1153/1153 
f 1153/1153/1153 1153/1153/1153 1154/1154/1154 
f 1153/1153/1153 1155/1155/1155 1154/1154/1154 
f 1154/1154/1154 1155/1155/1155 1154/1154/1154 
f 1155/1155/1155 1156/1156/1156 1154/1154/1154 
f 1154/1154/1154 1156/1156/1156 1157/1157/1157 
f 1156/1156/1156 1156/1156/1156 1157/1157/1157 
f 1157/1157/1157 1156/1156/1156 1158/1158/1158 
f 1156/1156/1156 1159/1159/1159 1158/1158/1158 
f 1158/1158/1158 1159/1159/1159 1160/1160/1160 
f 1159/1159/1159 1161/1161/1161 1160/1160/1160 
f 1160/1160/1160 1161/1161/1161 1160/1160/1160 
f 1161/1161/1161 1162/1162/1162 1160/1160/1160 
f 1160/1160/1160 1162/1162/1162 1163/1163/1163 
f 1162/1162/1162 1162/1162/1162 1163/1163/1163 
f 1163/1163/1163 1162/1162/1162 1164/1164/1164 
f 1162/1162/1162 1162/1162/1162 1164/1164/1164 
f 1164/1164/1164 1162/1162/1162 1165/1165/1165 
f 1162/1162/1162 1166/1166/1166 1165/1165/1165 
f 1165/1165/1165 1166/1166/1166 1167/1167/1167 
f 1166/1166/1166 1167/1167/1167 1167/1167/1167 
f 1167/1167/1167 1167/1167/1167 1168/1168/1168 
f 1167/1167/1167 1168/1168/1168 1168/1168/1168 
f 1168/1168/1168 1168/1168/1168 1159/1159/1159 
f 1168/1168/1168 1169/1169/1169 1159/1159/1159 
f 1159/1159/1159 1169/1169/1169 1161/1161/1161 
f 1169/1169/1169 1161/1161/1161 1161/1161/1161 
f 1161/1161/1161 1161/1161/1161 1166/1166/1166 
f 1161/1161/1161 1166/1166/1166 1166/1166/1166 
f 1166/1166/1166 1166/1166/1166 1170/1170/1170 
f 1166/1166/1166 1162/1162/1162 1170/1170/1170 
f 1170/1170/1170 1162/1162/1162 1161/1161/1161 
f 1162/1162/1162 1161/1161/1161 1161/1161/1161 
f 1161/1161/1161 1161/1161/1161 1171/1171/1171 
f 1161/1161/1161 1171/1171/1171 1171/1171/1171 
f 1171/1171/1171 1171/1171/1171 1172/1172/1172 
f 1171/1171/1171 1173/1173/1173 1172/1172/1172 
f 1172/1172/1172 1173/1173/1173 1174/1174/1174 
f 1173/1173/1173 1175/1175/1175 1174/1174/1174 
f 1174/1174/1174 1175/1175/1175 1175/1175/1175 
f 1175/1175/1175 1171/1171/1171 1175/1175/1175 
f 1175/1175/1175 1171/1171/1171 1171/1171/1171 
f 1171/1171/1171 1172/1172/1172 1171/1171/1171 
f 1171/1171/1171 1172/1172/1172 1176/1176/1176 
f 1172/1172/1172 1177/1177/1177 1176/1176/1176 
f 1176/1176/1176 1177/1177/1177 1176/1176/1176 
f 1177/1177/1177 1178/1178/1178 1176/1176/1176 
f 1176/1176/1176 1178/1178/1178 1176/1176/1176 
f 1178/1178/1178 1179/1179/1179 1176/1176/1176 
f 1176/1176/1176 1179/1179/1179 1180/1180/1180 
f 1179/1179/1179 1181/1181/1181 1180/1180/1180 
f 1180/1180/1180 1181/1181/1181 1182/1182/1182 
f 1181/1181/1181 1181/1181/1181 1182/1182/1182 
f 1182/1182/1182 1181/1181/1181 1183/1183/1183 
f 1181/1181/1181 1184/1184/1184 1183/1183/1183 
f 1183/1183/1183 1184/1184/1184 1185/1185/1185 
f 1184/1184/1184 1186/1186/1186 1185/1185/1185 
f 1185/1185/1185 1186/1186/1186 1187/1187/1187 
f 1186/1186/1186 1188/1188/1188 1187/1187/1187 
f 1187/1187/1187 1188/1188/1188 1187/1187/1187 
f 1188/1188/1188 1189/1189/1189 1187/1187/1187 
f 1187/1187/1187 1189/1189/1189 1190/1190/1190 
f 1189/1189/1189 1189/1189/1189 1190/1190/1190 
f 1190/1190/1190 1189/1189/1189 1191/1191/1191 
f 1189/1189/1189 1188/1188/1188 1191/1191/1191 
f 1191/1191/1191 1188/1188/1188 1192/1192/1192 
f 1188/1188/1188 1188/1188/1188 1192/1192/1192 
f 1192/1192/1192 1188/1188/1188 1193/1193/1193 
f 1188/1188/1188 1194/1194/1194 1193/1193/1193 
f 1193/1193/1193 1194/1194/1194 1195/1195/1195 
f 1194/1194/1194 1194/1194/1194 1195/1195/1195 
f 1195/1195/1195 1194/1194/1194 1196/1196/1196 
f 1194/1194/1194 1197/1197/1197 1196/1196/1196 
f 1196/1196/1196 1197/1197/1197 1198/1198/1198 
f 1197/1197/1197 1198/1198/1198 1198/1198/1198 
f 1198/1198/1198 1198/1198/1198 1172/1172/1172 
f 1198/1198/1198 1172/1172/1172 1172/1172/1172 
f 1172/1172/1172 1172/1172/1172 1177/1177/1177 
f 1172/1172/1172 1174/1174/1174 1177/1177/1177 
f 1177/1177/1177 1174/1174/1174 1174/1174/1174 
f 1174/1174/1174 1181/1181/1181 1174/1174/1174 
f 1174/1174/1174 1181/1181/1181 1181/1181/1181 
f 1181/1181/1181 1179/1179/1179 1181/1181/1181 
f 1181/1181/1181 1179/1179/1179 1184/1184/1184 
f 1179/1179/1179 1179/1179/1179 1184/1184/1184 
f 1184/1184/1184 1179/1179/1179 1186/1186/1186 
f 1179/1179/1179 1178/1178/1178 1186/1186/1186 
f 1186/1186/1186 1178/1178/1178 1188/1188/1188 
f 1178/1178/1178 1199/1199/1199 1188/1188/1188 
f 1188/1188/1188 1199/1199/1199 1200/1200/1200 
f 1199/1199/1199 1178/1178/1178 1200/1200/1200 
f 1200/1200/1200 1178/1178/1178 1200/1200/1200 
f 1178/1178/1178 1177/1177/1177 1200/1200/1200 
f 1200/1200/1200 1177/1177/1177 1201/1201/1201 
f 1177/1177/1177 1174/1174/1174 1201/1201/1201 
f 1201/1201/1201 1174/1174/1174 1202/1202/1202 
f 1174/1174/1174 1175/1175/1175 1202/1202/1202 
f 1202/1202/1202 1175/1175/1175 1202/1202/1202 
f 1175/1175/1175 1203/1203/1203 1202/1202/1202 
f 1202/1202/1202 1203/1203/1203 1201/1201/1201 
f 1203/1203/1203 1204/1204/1204 1201/1201/1201 
f 1201/1201/1201 1204/1204/1204 1198/1198/1198 
f 1204/1204/1204 1205/1205/1205 1198/1198/1198 
f 1198/1198/1198 1205/1205/1205 1198/1198/1198 
f 1205/1205/1205 1206/1206/1206 1198/1198/1198 
f 1198/1198/1198 1206/1206/1206 1196/1196/1196 
f 1206/1206/1206 1207/1207/1207 1196/1196/1196 
f 1196/1196/1196 1207/1207/1207 1195/1195/1195 
f 1207/1207/1207 1208/1208/1208 1195/1195/1195 
f 1195/1195/1195 1208/1208/1208 1191/1191/1191 
f 1208/1208/1208 1191/1191/1191 1191/1191/1191 
f 1191/1191/1191 1191/1191/1191 1193/1193/1193 
f 1191/1191/1191 1193/1193/1193 1193/1193/1193 
f 1193/1193/1193 1193/1193/1193 1209/1209/1209 
f 1193/1193/1193 1195/1195/1195 1209/1209/1209 
f 1209/1209/1209 1195/1195/1195 1195/1195/1195 
f 1195/1195/1195 1198/1198/1198 1195/1195/1195 
f 1195/1195/1195 1198/1198/1198 1198/1198/1198 
f 1198/1198/1198 1194/1194/1194 1198/1198/1198 
f 1198/1198/1198 1194/1194/1194 1201/1201/1201 
f 1194/1194/1194 1188/1188/1188 1201/1201/1201 
f 1201/1201/1201 1188/1188/1188 1200/1200/1200 
f 1188/1188/1188 1200/1200/1200 1200/1200/1200 
f 1200/1200/1200 1200/1200/1200 1208/1208/1208 
f 1200/1200/1200 1208/1208/1208 1208/1208/1208 
f 1208/1208/1208 1208/1208/1208 1210/1210/1210 
f 1208/1208/1208 1207/1207/1207 1210/1210/1210 
f 1210/1210/1210 1207/1207/1207 1210/1210/1210 
f 1207/1207/1207 1211/1211/1211 1210/1210/1210 
f 1210/1210/1210 1211/1211/1211 1210/1210/1210 
f 1211/1211/1211 1212/1212/1212 1210/1210/1210 
f 1210/1210/1210 1212/1212/1212 1213/1213/1213 
f 1212/1212/1212 1214/1214/1214 1213/1213/1213 
f 1213/1213/1213 1214/1214/1214 1213/1213/1213 
f 1214/1214/1214 1215/1215/1215 1213/1213/1213 
f 1213/1213/1213 1215/1215/1215 1213/1213/1213 
f 1215/1215/1215 1216/1216/1216 1213/1213/1213 
f 1213/1213/1213 1216/1216/1216 1217/1217/1217 
f 1216/1216/1216 1218/1218/1218 1217/1217/1217 
f 1217/1217/1217 1218/1218/1218 1219/1219/1219 
f 1218/1218/1218 1220/1220/1220 1219/1219/1219 
f 1219/1219/1219 1220/1220/1220 1221/1221/1221 
f 1220/1220/1220 1220/1220/1220 1221/1221/1221 
f 1221/1221/1221 1220/1220/1220 1222/1222/1222 
f 1220/1220/1220 1220/1220/1220 1222/1222/1222 
f 1222/1222/1222 1220/1220/1220 1223/1223/1223 
f 1220/1220/1220 1218/1218/1218 1223/1223/1223 
f 1223/1223/1223 1218/1218/1218 1224/1224/1224 
f 1218/1218/1218 1224/1224/1224 1224/1224/1224 
f 1224/1224/1224 1224/1224/1224 1218/1218/1218 
f 1224/1224/1224 1218/1218/1218 1218/1218/1218 
f 1218/1218/1218 1218/1218/1218 1225/1225/1225 
f 1218/1218/1218 1216/1216/1216 1225/1225/1225 
f 1225/1225/1225 1216/1216/1216 1216/1216/1216 
f 1216/1216/1216 1226/1226/1226 1216/1216/1216 
f 1216/1216/1216 1226/1226/1226 1226/1226/1226 
f 1226/1226/1226 1227/1227/1227 1226/1226/1226 
f 1226/1226/1226 1227/1227/1227 1221/1221/1221 
f 1227/1227/1227 1228/1228/1228 1221/1221/1221 
f 1221/1221/1221 1228/1228/1228 1219/1219/1219 
f 1228/1228/1228 1229/1229/1229 1219/1219/1219 
f 1219/1219/1219 1229/1229/1229 1217/1217/1217 
f 1229/1229/1229 1230/1230/1230 1217/1217/1217 
f 1217/1217/1217 1230/1230/1230 1213/1213/1213 
f 1230/1230/1230 1230/1230/1230 1213/1213/1213 
f 1213/1213/1213 1230/1230/1230 1210/1210/1210 
f 1230/1230/1230 1230/1230/1230 1210/1210/1210 
f 1210/1210/1210 1230/1230/1230 1208/1208/1208 
f 1230/1230/1230 1231/1231/1231 1208/1208/1208 
f 1208/1208/1208 1231/1231/1231 1232/1232/1232 
f 1231/1231/1231 1229/1229/1229 1232/1232/1232 
f 1232/1232/1232 1229/1229/1229 1233/1233/1233 
f 1229/1229/1229 1228/1228/1228 1233/1233/1233 
f 1233/1233/1233 1228/1228/1228 1233/1233/1233 
f 1228/1228/1228 1227/1227/1227 1233/1233/1233 
f 1233/1233/1233 1227/1227/1227 1233/1233/1233 
f 1227/1227/1227 1234/1234/1234 1233/1233/1233 
f 1233/1233/1233 1234/1234/1234 1232/1232/1232 
f 1234/1234/1234 1190/1190/1190 1232/1232/1232 
f 1232/1232/1232 1190/1190/1190 1232/1232/1232 
f 1190/1190/1190 1191/1191/1191 1232/1232/1232 
f 1232/1232/1232 1191/1191/1191 1208/1208/1208 
f 1191/1191/1191 1208/1208/1208 1208/1208/1208 
f 1208/1208/1208 1208/1208/1208 1230/1230/1230 
f 1208/1208/1208 1230/1230/1230 1230/1230/1230 
f 1230/1230/1230 1230/1230/1230 1231/1231/1231 
f 1230/1230/1230 1229/1229/1229 1231/1231/1231 
f 1231/1231/1231 1229/1229/1229 1229/1229/1229 
f 1229/1229/1229 1235/1235/1235 1229/1229/1229 
f 1229/1229/1229 1235/1235/1235 1235/1235/1235 
f 1235/1235/1235 1236/1236/1236 1235/1235/1235 
f 1235/1235/1235 1236/1236/1236 1237/1237/1237 
f 1236/1236/1236 1236/1236/1236 1237/1237/1237 
f 1237/1237/1237 1236/1236/1236 1238/1238/1238 
f 1236/1236/1236 1239/1239/1239 1238/1238/1238 
f 1238/1238/1238 1239/1239/1239 1240/1240/1240 
f 1239/1239/1239 1241/1241/1241 1240/1240/1240 
f 1240/1240/1240 1241/1241/1241 1242/1242/1242 
f 1241/1241/1241 1243/1243/1243 1242/1242/1242 
f 1242/1242/1242 1243/1243/1243 1242/1242/1242 
f 1243/1243/1243 1244/1244/1244 1242/1242/1242 
f 1242/1242/1242 1244/1244/1244 1245/1245/1245 
f 1244/1244/1244 1245/1245/1245 1245/1245/1245 
f 1245/1245/1245 1245/1245/1245 1246/1246/1246 
f 1245/1245/1245 1246/1246/1246 1246/1246/1246 
f 1246/1246/1246 1246/1246/1246 1247/1247/1247 
f 1246/1246/1246 1248/1248/1248 1247/1247/1247 
f 1247/1247/1247 1248/1248/1248 1248/1248/1248 
f 1248/1248/1248 1205/1205/1205 1248/1248/1248 
f 1248/1248/1248 1205/1205/1205 1205/1205/1205 
f 1205/1205/1205 1204/1204/1204 1205/1205/1205 
f 1205/1205/1205 1204/1204/1204 1249/1249/1249 
f 1204/1204/1204 1203/1203/1203 1249/1249/1249 
f 1249/1249/1249 1203/1203/1203 1250/1250/1250 
f 1203/1203/1203 1203/1203/1203 1250/1250/1250 
f 1250/1250/1250 1203/1203/1203 1251/1251/1251 
f 1203/1203/1203 1175/1175/1175 1251/1251/1251 
f 1251/1251/1251 1175/1175/1175 1252/1252/1252 
f 1175/1175/1175 1252/1252/1252 1252/1252/1252 
f 1252/1252/1252 1252/1252/1252 1253/1253/1253 
f 1252/1252/1252 1253/1253/1253 1253/1253/1253 
f 1253/1253/1253 1253/1253/1253 1254/1254/1254 
f 1253/1253/1253 1255/1255/1255 1254/1254/1254 
f 1254/1254/1254 1255/1255/1255 1254/1254/1254 
f 1255/1255/1255 1256/1256/1256 1254/1254/1254 
f 1254/1254/1254 1256/1256/1256 1257/1257/1257 
f 1256/1256/1256 1258/1258/1258 1257/1257/1257 
f 1257/1257/1257 1258/1258/1258 1259/1259/1259 
f 1258/1258/1258 1260/1260/1260 1259/1259/1259 
f 1259/1259/1259 1260/1260/1260 1261/1261/1261 
f 1260/1260/1260 1260/1260/1260 1261/1261/1261 
f 1261/1261/1261 1260/1260/1260 1262/1262/1262 
f 1260/1260/1260 1258/1258/1258 1262/1262/1262 
f 1262/1262/1262 1258/1258/1258 1263/1263/1263 
f 1258/1258/1258 1264/1264/1264 1263/1263/1263 
f 1263/1263/1263 1264/1264/1264 1265/1265/1265 
f 1264/1264/1264 1264/1264/1264 1265/1265/1265 
f 1265/1265/1265 1264/1264/1264 1266/1266/1266 
f 1264/1264/1264 1264/1264/1264 1266/1266/1266 
f 1266/1266/1266 1264/1264/1264 1267/1267/1267 
f 1264/1264/1264 1268/1268/1268 1267/1267/1267 
f 1267/1267/1267 1268/1268/1268 1268/1268/1268 
f 1268/1268/1268 1254/1254/1254 1268/1268/1268 
f 1268/1268/1268 1254/1254/1254 1254/1254/1254 
f 1254/1254/1254 1257/1257/1257 1254/1254/1254 
f 1254/1254/1254 1257/1257/1257 1269/1269/1269 
f 1257/1257/1257 1259/1259/1259 1269/1269/1269 
f 1269/1269/1269 1259/1259/1259 1270/1270/1270 
f 1259/1259/1259 1261/1261/1261 1270/1270/1270 
f 1270/1270/1270 1261/1261/1261 1261/1261/1261 
f 1261/1261/1261 1271/1271/1271 1261/1261/1261 
f 1261/1261/1261 1271/1271/1271 1271/1271/1271 
f 1271/1271/1271 1272/1272/1272 1271/1271/1271 
f 1271/1271/1271 1272/1272/1272 1273/1273/1273 
f 1272/1272/1272 1274/1274/1274 1273/1273/1273 
f 1273/1273/1273 1274/1274/1274 1275/1275/1275 
f 1274/1274/1274 1275/1275/1275 1275/1275/1275 
f 1275/1275/1275 1275/1275/1275 1274/1274/1274 
f 1275/1275/1275 1274/1274/1274 1274/1274/1274 
f 1274/1274/1274 1274/1274/1274 1276/1276/1276 
f 1274/1274/1274 1272/1272/1272 1276/1276/1276 
f 1276/1276/1276 1272/1272/1272 1276/1276/1276 
f 1272/1272/1272 1277/1277/1277 1276/1276/1276 
f 1276/1276/1276 1277/1277/1277 1276/1276/1276 
f 1277/1277/1277 1278/1278/1278 1276/1276/1276 
f 1276/1276/1276 1278/1278/1278 1276/1276/1276 
f 1278/1278/1278 1279/1279/1279 1276/1276/1276 
f 1276/1276/1276 1279/1279/1279 1280/1280/1280 
f 1279/1279/1279 1281/1281/1281 1280/1280/1280 
f 1280/1280/1280 1281/1281/1281 1281/1281/1281 
f 1281/1281/1281 1280/1280/1280 1281/1281/1281 
f 1281/1281/1281 1280/1280/1280 1280/1280/1280 
f 1280/1280/1280 1282/1282/1282 1280/1280/1280 
f 1280/1280/1280 1282/1282/1282 1276/1276/1276 
f 1282/1282/1282 1282/1282/1282 1276/1276/1276 
f 1276/1276/1276 1282/1282/1282 1274/1274/1274 
f 1282/1282/1282 1283/1283/1283 1274/1274/1274 
f 1274/1274/1274 1283/1283/1283 1275/1275/1275 
f 1283/1283/1283 1284/1284/1284 1275/1275/1275 
f 1275/1275/1275 1284/1284/1284 1285/1285/1285 
f 1284/1284/1284 1285/1285/1285 1285/1285/1285 
f 1285/1285/1285 1285/1285/1285 1282/1282/1282 
f 1285/1285/1285 1282/1282/1282 1282/1282/1282 
f 1282/1282/1282 1282/1282/1282 1283/1283/1283 
f 1282/1282/1282 1280/1280/1280 1283/1283/1283 
f 1283/1283/1283 1280/1280/1280 1286/1286/1286 
f 1280/1280/1280 1287/1287/1287 1286/1286/1286 
f 1286/1286/1286 1287/1287/1287 1286/1286/1286 
f 1287/1287/1287 1284/1284/1284 1286/1286/1286 
f 1286/1286/1286 1284/1284/1284 1283/1283/1283 
f 1284/1284/1284 1283/1283/1283 1283/1283/1283 
f 1283/1283/1283 1283/1283/1283 1280/1280/1280 
f 1283/1283/1283 1280/1280/1280 1280/1280/1280 
f 1280/1280/1280 1280/1280/1280 1287/1287/1287 
f 1280/1280/1280 1281/1281/1281 1287/1287/1287 
f 1287/1287/1287 1281/1281/1281 1287/1287/1287 
f 1281/1281/1281 1288/1288/1288 1287/1287/1287 
f 1287/1287/1287 1288/1288/1288 1289/1289/1289 
f 1288/1288/1288 1288/1288/1288 1289/1289/1289 
f 1289/1289/1289 1288/1288/1288 1290/1290/1290 
f 1288/1288/1288 1291/1291/1291 1290/1290/1290 
f 1290/1290/1290 1291/1291/1291 1292/1292/1292 
f 1291/1291/1291 1293/1293/1293 1292/1292/1292 
f 1292/1292/1292 1293/1293/1293 1294/1294/1294 
f 1293/1293/1293 1295/1295/1295 1294/1294/1294 
f 1294/1294/1294 1295/1295/1295 1295/1295/1295 
f 1295/1295/1295 1296/1296/1296 1295/1295/1295 
f 1295/1295/1295 1296/1296/1296 1296/1296/1296 
f 1296/1296/1296 1297/1297/1297 1296/1296/1296 
f 1296/1296/1296 1297/1297/1297 1288/1288/1288 
f 1297/1297/1297 1297/1297/1297 1288/1288/1288 
f 1288/1288/1288 1297/1297/1297 1291/1291/1291 
f 1297/1297/1297 1295/1295/1295 1291/1291/1291 
f 1291/1291/1291 1295/1295/1295 1295/1295/1295 
f 1295/1295/1295 1292/1292/1292 1295/1295/1295 
f 1295/1295/1295 1292/1292/1292 1292/1292/1292 
f 1292/1292/1292 1294/1294/1294 1292/1292/1292 
f 1292/1292/1292 1294/1294/1294 1298/1298/1298 
f 1294/1294/1294 1285/1285/1285 1298/1298/1298 
f 1298/1298/1298 1285/1285/1285 1298/1298/1298 
f 1285/1285/1285 1299/1299/1299 1298/1298/1298 
f 1298/1298/1298 1299/1299/1299 1292/1292/1292 
f 1299/1299/1299 1299/1299/1299 1292/1292/1292 
f 1292/1292/1292 1299/1299/1299 1290/1290/1290 
f 1299/1299/1299 1299/1299/1299 1290/1290/1290 
f 1290/1290/1290 1299/1299/1299 1289/1289/1289 
f 1299/1299/1299 1300/1300/1300 1289/1289/1289 
f 1289/1289/1289 1300/1300/1300 1287/1287/1287 
f 1300/1300/1300 1301/1301/1301 1287/1287/1287 
f 1287/1287/1287 1301/1301/1301 1284/1284/1284 
f 1301/1301/1301 1302/1302/1302 1284/1284/1284 
f 1284/1284/1284 1302/1302/1302 1303/1303/1303 
f 1302/1302/1302 1301/1301/1301 1303/1303/1303 
f 1303/1303/1303 1301/1301/1301 1299/1299/1299 
f 1301/1301/1301 1300/1300/1300 1299/1299/1299 
f 1299/1299/1299 1300/1300/1300 1300/1300/1300 
f 1300/1300/1300 1299/1299/1299 1300/1300/1300 
f 1300/1300/1300 1299/1299/1299 1299/1299/1299 
f 1299/1299/1299 1285/1285/1285 1299/1299/1299 
f 1299/1299/1299 1285/1285/1285 1303/1303/1303 
f 1285/1285/1285 1284/1284/1284 1303/1303/1303 
f 1303/1303/1303 1284/1284/1284 1284/1284/1284 
f 1284/1284/1284 1304/1304/1304 1284/1284/1284 
f 1284/1284/1284 1304/1304/1304 1304/1304/1304 
f 1304/1304/1304 1305/1305/1305 1304/1304/1304 
f 1304/1304/1304 1305/1305/1305 1306/1306/1306 
f 1305/1305/1305 1306/1306/1306 1306/1306/1306 
f 1306/1306/1306 1306/1306/1306 1307/1307/1307 
f 1306/1306/1306 1307/1307/1307 1307/1307/1307 
f 1307/1307/1307 1307/1307/1307 1308/1308/1308 
f 1307/1307/1307 1309/1309/1309 1308/1308/1308 
f 1308/1308/1308 1309/1309/1309 1308/1308/1308 
f 1309/1309/1309 1310/1310/1310 1308/1308/1308 
f 1308/1308/1308 1310/1310/1310 1308/1308/1308 
f 1310/1310/1310 1311/1311/1311 1308/1308/1308 
f 1308/1308/1308 1311/1311/1311 1312/1312/1312 
f 1311/1311/1311 1313/1313/1313 1312/1312/1312 
f 1312/1312/1312 1313/1313/1313 1312/1312/1312 
f 1313/1313/1313 1314/1314/1314 1312/1312/1312 
f 1312/1312/1312 1314/1314/1314 1315/1315/1315 
f 1314/1314/1314 1316/1316/1316 1315/1315/1315 
f 1315/1315/1315 1316/1316/1316 1317/1317/1317 
f 1316/1316/1316 1316/1316/1316 1317/1317/1317 
f 1317/1317/1317 1316/1316/1316 1318/1318/1318 
f 1316/1316/1316 1316/1316/1316 1318/1318/1318 
f 1318/1318/1318 1316/1316/1316 1319/1319/1319 
f 1316/1316/1316 1320/1320/1320 1319/1319/1319 
f 1319/1319/1319 1320/1320/1320 1320/1320/1320 
f 1320/1320/1320 1321/1321/1321 1320/1320/1320 
f 1320/1320/1320 1321/1321/1321 1321/1321/1321 
f 1321/1321/1321 1322/1322/1322 1321/1321/1321 
f 1321/1321/1321 1322/1322/1322 1323/1323/1323 
f 1322/1322/1322 1324/1324/1324 1323/1323/1323 
f 1323/1323/1323 1324/1324/1324 1325/1325/1325 
f 1324/1324/1324 1326/1326/1326 1325/1325/1325 
f 1325/1325/1325 1326/1326/1326 1326/1326/1326 
f 1326/1326/1326 1327/1327/1327 1326/1326/1326 
f 1326/1326/1326 1327/1327/1327 1327/1327/1327 
f 1327/1327/1327 1328/1328/1328 1327/1327/1327 
f 1327/1327/1327 1328/1328/1328 1329/1329/1329 
f 1328/1328/1328 1330/1330/1330 1329/1329/1329 
f 1329/1329/1329 1330/1330/1330 1329/1329/1329 
f 1330/1330/1330 1331/1331/1331 1329/1329/1329 
f 1329/1329/1329 1331/1331/1331 1332/1332/1332 
f 1331/1331/1331 1333/1333/1333 1332/1332/1332 
f 1332/1332/1332 1333/1333/1333 1334/1334/1334 
f 1333/1333/1333 1335/1335/1335 1334/1334/1334 
f 1334/1334/1334 1335/1335/1335 1336/1336/1336 
f 1335/1335/1335 1337/1337/1337 1336/1336/1336 
f 1336/1336/1336 1337/1337/1337 1336/1336/1336 
f 1337/1337/1337 1338/1338/1338 1336/1336/1336 
f 1336/1336/1336 1338/1338/1338 1336/1336/1336 
f 1338/1338/1338 1339/1339/1339 1336/1336/1336 
f 1336/1336/1336 1339/1339/1339 1336/1336/1336 
f 1339/1339/1339 1340/1340/1340 1336/1336/1336 
f 1336/1336/1336 1340/1340/1340 1336/1336/1336 
f 1340/1340/1340 1341/1341/1341 1336/1336/1336 
f 1336/1336/1336 1341/1341/1341 1334/1334/1334 
f 1341/1341/1341 1341/1341/1341 1334/1334/1334 
f 1334/1334/1334 1341/1341/1341 1332/1332/1332 
f 1341/1341/1341 1342/1342/1342 1332/1332/1332 
f 1332/1332/1332 1342/1342/1342 1329/1329/1329 
f 1342/1342/1342 1343/1343/1343 1329/1329/1329 
f 1329/1329/1329 1343/1343/1343 1327/1327/1327 
f 1343/1343/1343 1343/1343/1343 1327/1327/1327 
f 1327/1327/1327 1343/1343/1343 1344/1344/1344 
f 1343/1343/1343 1345/1345/1345 1344/1344/1344 
f 1344/1344/1344 1345/1345/1345 1346/1346/1346 
f 1345/1345/1345 1345/1345/1345 1346/1346/1346 
f 1346/1346/1346 1345/1345/1345 1347/1347/1347 
f 1345/1345/1345 1343/1343/1343 1347/1347/1347 
f 1347/1347/1347 1343/1343/1343 1348/1348/1348 
f 1343/1343/1343 1343/1343/1343 1348/1348/1348 
f 1348/1348/1348 1343/1343/1343 1349/1349/1349 
f 1343/1343/1343 1342/1342/1342 1349/1349/1349 
f 1349/1349/1349 1342/1342/1342 1350/1350/1350 
f 1342/1342/1342 1341/1341/1341 1350/1350/1350 
f 1350/1350/1350 1341/1341/1341 1351/1351/1351 
f 1341/1341/1341 1340/1340/1340 1351/1351/1351 
f 1351/1351/1351 1340/1340/1340 1352/1352/1352 
f 1340/1340/1340 1353/1353/1353 1352/1352/1352 
f 1352/1352/1352 1353/1353/1353 1354/1354/1354 
f 1353/1353/1353 1339/1339/1339 1354/1354/1354 
f 1354/1354/1354 1339/1339/1339 1354/1354/1354 
f 1339/1339/1339 1355/1355/1355 1354/1354/1354 
f 1354/1354/1354 1355/1355/1355 1356/1356/1356 
f 1355/1355/1355 1357/1357/1357 1356/1356/1356 
f 1356/1356/1356 1357/1357/1357 1357/1357/1357 
f 1357/1357/1357 1340/1340/1340 1357/1357/1357 
f 1357/1357/1357 1340/1340/1340 1340/1340/1340 
f 1340/1340/1340 1339/1339/1339 1340/1340/1340 
f 1340/1340/1340 1339/1339/1339 1353/1353/1353 
f 1339/1339/1339 1353/1353/1353 1353/1353/1353 
f 1353/1353/1353 1353/1353/1353 1356/1356/1356 
f 1353/1353/1353 1356/1356/1356 1356/1356/1356 
f 1356/1356/1356 1356/1356/1356 1354/1354/1354 
f 1356/1356/1356 1358/1358/1358 1354/1354/1354 
f 1354/1354/1354 1358/1358/1358 1352/1352/1352 
f 1358/1358/1358 1359/1359/1359 1352/1352/1352 
f 1352/1352/1352 1359/1359/1359 1351/1351/1351 
f 1359/1359/1359 1359/1359/1359 1351/1351/1351 
f 1351/1351/1351 1359/1359/1359 1350/1350/1350 
f 1359/1359/1359 1360/1360/1360 1350/1350/1350 
f 1350/1350/1350 1360/1360/1360 1361/1361/1361 
f 1360/1360/1360 1361/1361/1361 1361/1361/1361 
f 1361/1361/1361 1361/1361/1361 1356/1356/1356 
f 1361/1361/1361 1356/1356/1356 1356/1356/1356 
f 1356/1356/1356 1356/1356/1356 1358/1358/1358 
f 1356/1356/1356 1362/1362/1362 1358/1358/1358 
f 1358/1358/1358 1362/1362/1362 1358/1358/1358 
f 1362/1362/1362 1363/1363/1363 1358/1358/1358 
f 1358/1358/1358 1363/1363/1363 1359/1359/1359 
f 1363/1363/1363 1364/1364/1364 1359/1359/1359 
f 1359/1359/1359 1364/1364/1364 1360/1360/1360 
f 1364/1364/1364 1365/1365/1365 1360/1360/1360 
f 1360/1360/1360 1365/1365/1365 1366/1366/1366 
f 1365/1365/1365 1365/1365/1365 1366/1366/1366 
f 1366/1366/1366 1365/1365/1365 1367/1367/1367 
f 1365/1365/1365 1365/1365/1365 1367/1367/1367 
f 1367/1367/1367 1365/1365/1365 1368/1368/1368 
f 1365/1365/1365 1364/1364/1364 1368/1368/1368 
f 1368/1368/1368 1364/1364/1364 1369/1369/1369 
f 1364/1364/1364 1369/1369/1369 1369/1369/1369 
f 1369/1369/1369 1369/1369/1369 1360/1360/1360 
f 1369/1369/1369 1360/1360/1360 1360/1360/1360 
f 1360/1360/1360 1360/1360/1360 1361/1361/1361 
f 1360/1360/1360 1366/1366/1366 1361/1361/1361 
f 1361/1361/1361 1366/1366/1366 1348/1348/1348 
f 1366/1366/1366 1348/1348/1348 1348/1348/1348 
f 1348/1348/1348 1348/1348/1348 1347/1347/1347 
f 1348/1348/1348 1347/1347/1347 1347/1347/1347 
f 1347/1347/1347 1347/1347/1347 1367/1367/1367 
f 1347/1347/1347 1348/1348/1348 1367/1367/1367 
f 1367/1367/1367 1348/1348/1348 1348/1348/1348 
f 1348/1348/1348 1370/1370/1370 1348/1348/1348 
f 1348/1348/1348 1370/1370/1370 1370/1370/1370 
f 1370/1370/1370 1371/1371/1371 1370/1370/1370 
f 1370/1370/1370 1371/1371/1371 1372/1372/1372 
f 1371/1371/1371 1373/1373/1373 1372/1372/1372 
f 1372/1372/1372 1373/1373/1373 1374/1374/1374 
f 1373/1373/1373 1373/1373/1373 1374/1374/1374 
f 1374/1374/1374 1373/1373/1373 1347/1347/1347 
f 1373/1373/1373 1373/1373/1373 1347/1347/1347 
f 1347/1347/1347 1373/1373/1373 1346/1346/1346 
f 1373/1373/1373 1373/1373/1373 1346/1346/1346 
f 1346/1346/1346 1373/1373/1373 1375/1375/1375 
f 1373/1373/1373 1371/1371/1371 1375/1375/1375 
f 1375/1375/1375 1371/1371/1371 1371/1371/1371 
f 1371/1371/1371 1376/1376/1376 1371/1371/1371 
f 1371/1371/1371 1376/1376/1376 1376/1376/1376 
f 1376/1376/1376 1377/1377/1377 1376/1376/1376 
f 1376/1376/1376 1377/1377/1377 1346/1346/1346 
f 1377/1377/1377 1377/1377/1377 1346/1346/1346 
f 1346/1346/1346 1377/1377/1377 1344/1344/1344 
f 1377/1377/1377 1378/1378/1378 1344/1344/1344 
f 1344/1344/1344 1378/1378/1378 1379/1379/1379 
f 1378/1378/1378 1379/1379/1379 1379/1379/1379 
f 1379/1379/1379 1379/1379/1379 1380/1380/1380 
f 1379/1379/1379 1380/1380/1380 1380/1380/1380 
f 1380/1380/1380 1380/1380/1380 1381/1381/1381 
f 1380/1380/1380 1382/1382/1382 1381/1381/1381 
f 1381/1381/1381 1382/1382/1382 1382/1382/1382 
f 1382/1382/1382 1383/1383/1383 1382/1382/1382 
f 1382/1382/1382 1383/1383/1383 1383/1383/1383 
f 1383/1383/1383 1384/1384/1384 1383/1383/1383 
f 1383/1383/1383 1384/1384/1384 1385/1385/1385 
f 1384/1384/1384 1385/1385/1385 1385/1385/1385 
f 1385/1385/1385 1385/1385/1385 1386/1386/1386 
f 1385/1385/1385 1386/1386/1386 1386/1386/1386 
f 1386/1386/1386 1386/1386/1386 1387/1387/1387 
f 1386/1386/1386 1388/1388/1388 1387/1387/1387 
f 1387/1387/1387 1388/1388/1388 1387/1387/1387 
f 1388/1388/1388 1389/1389/1389 1387/1387/1387 
f 1387/1387/1387 1389/1389/1389 1390/1390/1390 
f 1389/1389/1389 1391/1391/1391 1390/1390/1390 
f 1390/1390/1390 1391/1391/1391 1392/1392/1392 
f 1391/1391/1391 1393/1393/1393 1392/1392/1392 
f 1392/1392/1392 1393/1393/1393 1393/1393/1393 
f 1393/1393/1393 1394/1394/1394 1393/1393/1393 
f 1393/1393/1393 1394/1394/1394 1394/1394/1394 
f 1394/1394/1394 1395/1395/1395 1394/1394/1394 
f 1394/1394/1394 1395/1395/1395 1396/1396/1396 
f 1395/1395/1395 1397/1397/1397 1396/1396/1396 
f 1396/1396/1396 1397/1397/1397 1396/1396/1396 
f 1397/1397/1397 1398/1398/1398 1396/1396/1396 
f 1396/1396/1396 1398/1398/1398 1399/1399/1399 
f 1398/1398/1398 1400/1400/1400 1399/1399/1399 
f 1399/1399/1399 1400/1400/1400 1400/1400/1400 
f 1400/1400/1400 1401/1401/1401 1400/1400/1400 
f 1400/1400/1400 1401/1401/1401 1401/1401/1401 
f 1401/1401/1401 1402/1402/1402 1401/1401/1401 
f 1401/1401/1401 1402/1402/1402 1403/1403/1403 
f 1402/1402/1402 1403/1403/1403 1403/1403/1403 
f 1403/1403/1403 1403/1403/1403 1404/1404/1404 
f 1403/1403/1403 1404/1404/1404 1404/1404/1404 
f 1404/1404/1404 1404/1404/1404 1405/1405/1405 
f 1404/1404/1404 1406/1406/1406 1405/1405/1405 
f 1405/1405/1405 1406/1406/1406 1407/1407/1407 
f 1406/1406/1406 1407/1407/1407 1407/1407/1407 
f 1407/1407/1407 1407/1407/1407 1408/1408/1408 
f 1407/1407/1407 1408/1408/1408 1408/1408/1408 
f 1408/1408/1408 1408/1408/1408 1409/1409/1409 
f 1408/1408/1408 1410/1410/1410 1409/1409/1409 
f 1409/1409/1409 1410/1410/1410 1411/1411/1411 
f 1410/1410/1410 1411/1411/1411 1411/1411/1411 
f 1411/1411/1411 1411/1411/1411 1412/1412/1412 
f 1411/1411/1411 1412/1412/1412 1412/1412/1412 
f 1412/1412/1412 1412/1412/1412 1413/1413/1413 
f 1412/1412/1412 1414/1414/1414 1413/1413/1413 
f 1413/1413/1413 1414/1414/1414 1415/1415/1415 
f 1414/1414/1414 1414/1414/1414 1415/1415/1415 
f 1415/1415/1415 1414/1414/1414 1416/1416/1416 
f 1414/1414/1414 1417/1417/1417 1416/1416/1416 
f 1416/1416/1416 1417/1417/1417 1418/1418/1418 
f 1417/1417/1417 1418/1418/1418 1418/1418/1418 
f 1418/1418/1418 1418/1418/1418 1419/1419/1419 
f 1418/1418/1418 1419/1419/1419 1419/1419/1419 
f 1419/1419/1419 1419/1419/1419 1420/1420/1420 
f 1419/1419/1419 1421/1421/1421 1420/1420/1420 
f 1420/1420/1420 1421/1421/1421 1422/1422/1422 
f 1421/1421/1421 1423/1423/1423 1422/1422/1422 
f 1422/1422/1422 1423/1423/1423 1424/1424/1424 
f 1423/1423/1423 1425/1425/1425 1424/1424/1424 
f 1424/1424/1424 1425/1425/1425 1425/1425/1425 
f 1425/1425/1425 1422/1422/1422 1425/1425/1425 
f 1425/1425/1425 1422/1422/1422 1422/1422/1422 
f 1422/1422/1422 1424/1424/1424 1422/1422/1422 
f 1422/1422/1422 1424/1424/1424 1426/1426/1426 
f 1424/1424/1424 1427/1427/1427 1426/1426/1426 
f 1426/1426/1426 1427/1427/1427 1427/1427/1427 
f 1427/1427/1427 1428/1428/1428 1427/1427/1427 
f 1427/1427/1427 1428/1428/1428 1428/1428/1428 
f 1428/1428/1428 1429/1429/1429 1428/1428/1428 
f 1428/1428/1428 1429/1429/1429 1430/1430/1430 
f 1429/1429/1429 1431/1431/1431 1430/1430/1430 
f 1430/1430/1430 1431/1431/1431 1430/1430/1430 
f 1431/1431/1431 1432/1432/1432 1430/1430/1430 
f 1430/1430/1430 1432/1432/1432 1433/1433/1433 
f 1432/1432/1432 1434/1434/1434 1433/1433/1433 
f 1433/1433/1433 1434/1434/1434 1435/1435/1435 
f 1434/1434/1434 1436/1436/1436 1435/1435/1435 
f 1435/1435/1435 1436/1436/1436 1437/1437/1437 
f 1436/1436/1436 1438/1438/1438 1437/1437/1437 
f 1437/1437/1437 1438/1438/1438 1437/1437/1437 
f 1438/1438/1438 1439/1439/1439 1437/1437/1437 
f 1437/1437/1437 1439/1439/1439 1437/1437/1437 
f 1439/1439/1439 1440/1440/1440 1437/1437/1437 
f 1437/1437/1437 1440/1440/1440 1437/1437/1437 
f 1440/1440/1440 1441/1441/1441 1437/1437/1437 
f 1437/1437/1437 1441/1441/1441 1435/1435/1435 
f 1441/1441/1441 1441/1441/1441 1435/1435/1435 
f 1435/1435/1435 1441/1441/1441 1433/1433/1433 
f 1441/1441/1441 1442/1442/1442 1433/1433/1433 
f 1433/1433/1433 1442/1442/1442 1430/1430/1430 
f 1442/1442/1442 1430/1430/1430 1430/1430/1430 
f 1430/1430/1430 1430/1430/1430 1432/1432/1432 
f 1430/1430/1430 1432/1432/1432 1432/1432/1432 
f 1432/1432/1432 1432/1432/1432 1434/1434/1434 
f 1432/1432/1432 1443/1443/1443 1434/1434/1434 
f 1434/1434/1434 1443/1443/1443 1436/1436/1436 
f 1443/1443/1443 1436/1436/1436 1436/1436/1436 
f 1436/1436/1436 1436/1436/1436 1444/1444/1444 
f 1436/1436/1436 1444/1444/1444 1444/1444/1444 
f 1444/1444/1444 1444/1444/1444 1445/1445/1445 
f 1444/1444/1444 1446/1446/1446 1445/1445/1445 
f 1445/1445/1445 1446/1446/1446 1447/1447/1447 
f 1446/1446/1446 1446/1446/1446 1447/1447/1447 
f 1447/1447/1447 1446/1446/1446 1448/1448/1448 
f 1446/1446/1446 1449/1449/1449 1448/1448/1448 
f 1448/1448/1448 1449/1449/1449 1448/1448/1448 
f 1449/1449/1449 1450/1450/1450 1448/1448/1448 
f 1448/1448/1448 1450/1450/1450 1451/1451/1451 
f 1450/1450/1450 1452/1452/1452 1451/1451/1451 
f 1451/1451/1451 1452/1452/1452 1453/1453/1453 
f 1452/1452/1452 1452/1452/1452 1453/1453/1453 
f 1453/1453/1453 1452/1452/1452 1454/1454/1454 
f 1452/1452/1452 1455/1455/1455 1454/1454/1454 
f 1454/1454/1454 1455/1455/1455 1455/1455/1455 
f 1455/1455/1455 1447/1447/1447 1455/1455/1455 
f 1455/1455/1455 1447/1447/1447 1447/1447/1447 
f 1447/1447/1447 1456/1456/1456 1447/1447/1447 
f 1447/1447/1447 1456/1456/1456 1445/1445/1445 
f 1456/1456/1456 1445/1445/1445 1445/1445/1445 
f 1445/1445/1445 1445/1445/1445 1457/1457/1457 
f 1445/1445/1445 1457/1457/1457 1457/1457/1457 
f 1457/1457/1457 1457/1457/1457 1458/1458/1458 
f 1457/1457/1457 1451/1451/1451 1458/1458/1458 
f 1458/1458/1458 1451/1451/1451 1453/1453/1453 
f 1451/1451/1451 1453/1453/1453 1453/1453/1453 
f 1453/1453/1453 1453/1453/1453 1459/1459/1459 
f 1453/1453/1453 1459/1459/1459 1459/1459/1459 
f 1459/1459/1459 1459/1459/1459 1460/1460/1460 
f 1459/1459/1459 1461/1461/1461 1460/1460/1460 
f 1460/1460/1460 1461/1461/1461 1462/1462/1462 
f 1461/1461/1461 1463/1463/1463 1462/1462/1462 
f 1462/1462/1462 1463/1463/1463 1464/1464/1464 
f 1463/1463/1463 1464/1464/1464 1464/1464/1464 
f 1464/1464/1464 1464/1464/1464 1463/1463/1463 
f 1464/1464/1464 1463/1463/1463 1463/1463/1463 
f 1463/1463/1463 1463/1463/1463 1465/1465/1465 
f 1463/1463/1463 1461/1461/1461 1465/1465/1465 
f 1465/1465/1465 1461/1461/1461 1465/1465/1465 
f 1461/1461/1461 1459/1459/1459 1465/1465/1465 
f 1465/1465/1465 1459/1459/1459 1466/1466/1466 
f 1459/1459/1459 1467/1467/1467 1466/1466/1466 
f 1466/1466/1466 1467/1467/1467 1468/1468/1468 
f 1467/1467/1467 1469/1469/1469 1468/1468/1468 
f 1468/1468/1468 1469/1469/1469 1468/1468/1468 
f 1469/1469/1469 1470/1470/1470 1468/1468/1468 
f 1468/1468/1468 1470/1470/1470 1468/1468/1468 
f 1470/1470/1470 1471/1471/1471 1468/1468/1468 
f 1468/1468/1468 1471/1471/1471 1472/1472/1472 
f 1471/1471/1471 1473/1473/1473 1472/1472/1472 
f 1472/1472/1472 1473/1473/1473 1466/1466/1466 
f 1473/1473/1473 1474/1474/1474 1466/1466/1466 
f 1466/1466/1466 1474/1474/1474 1466/1466/1466 
f 1474/1474/1474 1475/1475/1475 1466/1466/1466 
f 1466/1466/1466 1475/1475/1475 1465/1465/1465 
f 1475/1475/1475 1475/1475/1475 1465/1465/1465 
f 1465/1465/1465 1475/1475/1475 1463/1463/1463 
f 1475/1475/1475 1476/1476/1476 1463/1463/1463 
f 1463/1463/1463 1476/1476/1476 1464/1464/1464 
f 1476/1476/1476 1476/1476/1476 1464/1464/1464 
f 1464/1464/1464 1476/1476/1476 1477/1477/1477 
f 1476/1476/1476 1476/1476/1476 1477/1477/1477 
f 1477/1477/1477 1476/1476/1476 1478/1478/1478 
f 1476/1476/1476 1476/1476/1476 1478/1478/1478 
f 1478/1478/1478 1476/1476/1476 1479/1479/1479 
f 1476/1476/1476 1475/1475/1475 1479/1479/1479 
f 1479/1479/1479 1475/1475/1475 1479/1479/1479 
f 1475/1475/1475 1474/1474/1474 1479/1479/1479 
f 1479/1479/1479 1474/1474/1474 1480/1480/1480 
f 1474/1474/1474 1473/1473/1473 1480/1480/1480 
f 1480/1480/1480 1473/1473/1473 1481/1481/1481 
f 1473/1473/1473 1473/1473/1473 1481/1481/1481 
f 1481/1481/1481 1473/1473/1473 1482/1482/1482 
f 1473/1473/1473 1473/1473/1473 1482/1482/1482 
f 1482/1482/1482 1473/1473/1473 1483/1483/1483 
f 1473/1473/1473 1471/1471/1471 1483/1483/1483 
f 1483/1483/1483 1471/1471/1471 1471/1471/1471 
f 1471/1471/1471 1466/1466/1466 1471/1471/1471 
f 1471/1471/1471 1466/1466/1466 1466/1466/1466 
f 1466/1466/1466 1468/1468/1468 1466/1466/1466 
f 1466/1466/1466 1468/1468/1468 1472/1472/1472 
f 1468/1468/1468 1472/1472/1472 1472/1472/1472 
f 1472/1472/1472 1472/1472/1472 1479/1479/1479 
f 1472/1472/1472 1479/1479/1479 1479/1479/1479 
f 1479/1479/1479 1479/1479/1479 1478/1478/1478 
f 1479/1479/1479 1480/1480/1480 1478/1478/1478 
f 1478/1478/1478 1480/1480/1480 1484/1484/1484 
f 1480/1480/1480 1485/1485/1485 1484/1484/1484 
f 1484/1484/1484 1485/1485/1485 1484/1484/1484 
f 1485/1485/1485 1486/1486/1486 1484/1484/1484 
f 1484/1484/1484 1486/1486/1486 1484/1484/1484 
f 1486/1486/1486 1487/1487/1487 1484/1484/1484 
f 1484/1484/1484 1487/1487/1487 1484/1484/1484 
f 1487/1487/1487 1477/1477/1477 1484/1484/1484 
f 1484/1484/1484 1477/1477/1477 1478/1478/1478 
f 1477/1477/1477 1478/1478/1478 1478/1478/1478 
f 1478/1478/1478 1478/1478/1478 1485/1485/1485 
f 1478/1478/1478 1485/1485/1485 1485/1485/1485 
f 1485/1485/1485 1485/1485/1485 1488/1488/1488 
f 1485/1485/1485 1480/1480/1480 1488/1488/1488 
f 1488/1488/1488 1480/1480/1480 1488/1488/1488 
f 1480/1480/1480 1481/1481/1481 1488/1488/1488 
f 1488/1488/1488 1481/1481/1481 1488/1488/1488 
f 1481/1481/1481 1489/1489/1489 1488/1488/1488 
f 1488/1488/1488 1489/1489/1489 1488/1488/1488 
f 1489/1489/1489 1490/1490/1490 1488/1488/1488 
f 1488/1488/1488 1490/1490/1490 1491/1491/1491 
f 1490/1490/1490 1492/1492/1492 1491/1491/1491 
f 1491/1491/1491 1492/1492/1492 1491/1491/1491 
f 1492/1492/1492 1493/1493/1493 1491/1491/1491 
f 1491/1491/1491 1493/1493/1493 1494/1494/1494 
f 1493/1493/1493 1495/1495/1495 1494/1494/1494 
f 1494/1494/1494 1495/1495/1495 1494/1494/1494 
f 1495/1495/1495 1496/1496/1496 1494/1494/1494 
f 1494/1494/1494 1496/1496/1496 1497/1497/1497 
f 1496/1496/1496 1498/1498/1498 1497/1497/1497 
f 1497/1497/1497 1498/1498/1498 1485/1485/1485 
f 1498/1498/1498 1498/1498/1498 1485/1485/1485 
f 1485/1485/1485 1498/1498/1498 1486/1486/1486 
f 1498/1498/1498 1499/1499/1499 1486/1486/1486 
f 1486/1486/1486 1499/1499/1499 1500/1500/1500 
f 1499/1499/1499 1500/1500/1500 1500/1500/1500 
f 1500/1500/1500 1500/1500/1500 1485/1485/1485 
f 1500/1500/1500 1485/1485/1485 1485/1485/1485 
f 1485/1485/1485 1485/1485/1485 1497/1497/1497 
f 1485/1485/1485 1488/1488/1488 1497/1497/1497 
f 1497/1497/1497 1488/1488/1488 1497/1497/1497 
f 1488/1488/1488 1491/1491/1491 1497/1497/1497 
f 1497/1497/1497 1491/1491/1491 1501/1501/1501 
f 1491/1491/1491 1494/1494/1494 1501/1501/1501 
f 1501/1501/1501 1494/1494/1494 1497/1497/1497 
f 1494/1494/1494 1497/1497/1497 1497/1497/1497 
f 1497/1497/1497 1497/1497/1497 1499/1499/1499 
f 1497/1497/1497 1499/1499/1499 1499/1499/1499 
f 1499/1499/1499 1499/1499/1499 1502/1502/1502 
f 1499/1499/1499 1498/1498/1498 1502/1502/1502 
f 1502/1502/1502 1498/1498/1498 1498/1498/1498 
f 1498/1498/1498 1503/1503/1503 1498/1498/1498 
f 1498/1498/1498 1503/1503/1503 1503/1503/1503 
f 1503/1503/1503 1504/1504/1504 1503/1503/1503 
f 1503/1503/1503 1504/1504/1504 1505/1505/1505 
f 1504/1504/1504 1506/1506/1506 1505/1505/1505 
f 1505/1505/1505 1506/1506/1506 1507/1507/1507 
f 1506/1506/1506 1507/1507/1507 1507/1507/1507 
f 1507/1507/1507 1507/1507/1507 1504/1504/1504 
f 1507/1507/1507 1504/1504/1504 1504/1504/1504 
f 1504/1504/1504 1504/1504/1504 1506/1506/1506 
f 1504/1504/1504 1508/1508/1508 1506/1506/1506 
f 1506/1506/1506 1508/1508/1508 1509/1509/1509 
f 1508/1508/1508 1510/1510/1510 1509/1509/1509 
f 1509/1509/1509 1510/1510/1510 1511/1511/1511 
f 1510/1510/1510 1512/1512/1512 1511/1511/1511 
f 1511/1511/1511 1512/1512/1512 1512/1512/1512 
f 1512/1512/1512 1511/1511/1511 1512/1512/1512 
f 1512/1512/1512 1511/1511/1511 1511/1511/1511 
f 1511/1511/1511 1513/1513/1513 1511/1511/1511 
f 1511/1511/1511 1513/1513/1513 1509/1509/1509 
f 1513/1513/1513 1509/1509/1509 1509/1509/1509 
f 1509/1509/1509 1509/1509/1509 1514/1514/1514 
f 1509/1509/1509 1514/1514/1514 1514/1514/1514 
f 1514/1514/1514 1514/1514/1514 1515/1515/1515 
f 1514/1514/1514 1516/1516/1516 1515/1515/1515 
f 1515/1515/1515 1516/1516/1516 1516/1516/1516 
f 1516/1516/1516 1517/1517/1517 1516/1516/1516 
f 1516/1516/1516 1517/1517/1517 1517/1517/1517 
f 1517/1517/1517 1518/1518/1518 1517/1517/1517 
f 1517/1517/1517 1518/1518/1518 1519/1519/1519 
f 1518/1518/1518 1519/1519/1519 1519/1519/1519 
f 1519/1519/1519 1519/1519/1519 1520/1520/1520 
f 1519/1519/1519 1520/1520/1520 1520/1520/1520 
f 1520/1520/1520 1520/1520/1520 1521/1521/1521 
f 1520/1520/1520 1522/1522/1522 1521/1521/1521 
f 1521/1521/1521 1522/1522/1522 1521/1521/1521 
f 1522/1522/1522 1523/1523/1523 1521/1521/1521 
f 1521/1521/1521 1523/1523/1523 1521/1521/1521 
f 1523/1523/1523 1524/1524/1524 1521/1521/1521 
f 1521/1521/1521 1524/1524/1524 1521/1521/1521 
f 1524/1524/1524 1525/1525/1525 1521/1521/1521 
f 1521/1521/1521 1525/1525/1525 1521/1521/1521 
f 1525/1525/1525 1526/1526/1526 1521/1521/1521 
f 1521/1521/1521 1526/1526/1526 1527/1527/1527 
f 1526/1526/1526 1526/1526/1526 1527/1527/1527 
f 1527/1527/1527 1526/1526/1526 1528/1528/1528 
f 1526/1526/1526 1529/1529/1529 1528/1528/1528 
f 1528/1528/1528 1529/1529/1529 1530/1530/1530 
f 1529/1529/1529 1531/1531/1531 1530/1530/1530 
f 1530/1530/1530 1531/1531/1531 1530/1530/1530 
f 1531/1531/1531 1532/1532/1532 1530/1530/1530 
f 1530/1530/1530 1532/1532/1532 1533/1533/1533 
f 1532/1532/1532 1534/1534/1534 1533/1533/1533 
f 1533/1533/1533 1534/1534/1534 1534/1534/1534 
f 1534/1534/1534 1528/1528/1528 1534/1534/1534 
f 1534/1534/1534 1528/1528/1528 1528/1528/1528 
f 1528/1528/1528 1530/1530/1530 1528/1528/1528 
f 1528/1528/1528 1530/1530/1530 1533/1533/1533 
f 1530/1530/1530 1533/1533/1533 1533/1533/1533 
f 1533/1533/1533 1533/1533/1533 1535/1535/1535 
f 1533/1533/1533 1535/1535/1535 1535/1535/1535 
f 1535/1535/1535 1535/1535/1535 1536/1536/1536 
f 1535/1535/1535 1537/1537/1537 1536/1536/1536 
f 1536/1536/1536 1537/1537/1537 1536/1536/1536 
f 1537/1537/1537 1538/1538/1538 1536/1536/1536 
f 1536/1536/1536 1538/1538/1538 1536/1536/1536 
f 1538/1538/1538 1539/1539/1539 1536/1536/1536 
f 1536/1536/1536 1539/1539/1539 1540/1540/1540 
f 1539/1539/1539 1541/1541/1541 1540/1540/1540 
f 1540/1540/1540 1541/1541/1541 1542/1542/1542 
f 1541/1541/1541 1541/1541/1541 1542/1542/1542 
f 1542/1542/1542 1541/1541/1541 1543/1543/1543 
f 1541/1541/1541 1544/1544/1544 1543/1543/1543 
f 1543/1543/1543 1544/1544/1544 1545/1545/1545 
f 1544/1544/1544 1544/1544/1544 1545/1545/1545 
f 1545/1545/1545 1544/1544/1544 1546/1546/1546 
f 1544/1544/1544 1547/1547/1547 1546/1546/1546 
f 1546/1546/1546 1547/1547/1547 1547/1547/1547 
f 1547/1547/1547 1548/1548/1548 1547/1547/1547 
f 1547/1547/1547 1548/1548/1548 1548/1548/1548 
f 1548/1548/1548 1540/1540/1540 1548/1548/1548 
f 1548/1548/1548 1540/1540/1540 1542/1542/1542 
f 1540/1540/1540 1542/1542/1542 1542/1542/1542 
f 1542/1542/1542 1542/1542/1542 1549/1549/1549 
f 1542/1542/1542 1549/1549/1549 1549/1549/1549 
f 1549/1549/1549 1549/1549/1549 1550/1550/1550 
f 1549/1549/1549 1551/1551/1551 1550/1550/1550 
f 1550/1550/1550 1551/1551/1551 1552/1552/1552 
f 1551/1551/1551 1551/1551/1551 1552/1552/1552 
f 1552/1552/1552 1551/1551/1551 1553/1553/1553 
f 1551/1551/1551 1554/1554/1554 1553/1553/1553 
f 1553/1553/1553 1554/1554/1554 1555/1555/1555 
f 1554/1554/1554 1555/1555/1555 1555/1555/1555 
f 1555/1555/1555 1555/1555/1555 1554/1554/1554 
f 1555/1555/1555 1554/1554/1554 1554/1554/1554 
f 1554/1554/1554 1554/1554/1554 1556/1556/1556 
f 1554/1554/1554 1551/1551/1551 1556/1556/1556 
f 1556/1556/1556 1551/1551/1551 1551/1551/1551 
f 1551/1551/1551 1557/1557/1557 1551/1551/1551 
f 1551/1551/1551 1557/1557/1557 1557/1557/1557 
f 1557/1557/1557 1558/1558/1558 1557/1557/1557 
f 1557/1557/1557 1558/1558/1558 1559/1559/1559 
f 1558/1558/1558 1559/1559/1559 1559/1559/1559 
f 1559/1559/1559 1559/1559/1559 1560/1560/1560 
f 1559/1559/1559 1560/1560/1560 1560/1560/1560 
f 1560/1560/1560 1560/1560/1560 1561/1561/1561 
f 1560/1560/1560 1562/1562/1562 1561/1561/1561 
f 1561/1561/1561 1562/1562/1562 1563/1563/1563 
f 1562/1562/1562 1563/1563/1563 1563/1563/1563 
f 1563/1563/1563 1563/1563/1563 1564/1564/1564 
f 1563/1563/1563 1564/1564/1564 1564/1564/1564 
f 1564/1564/1564 1564/1564/1564 1565/1565/1565 
f 1564/1564/1564 1566/1566/1566 1565/1565/1565 
f 1565/1565/1565 1566/1566/1566 1567/1567/1567 
f 1566/1566/1566 1567/1567/1567 1567/1567/1567 
f 1567/1567/1567 1567/1567/1567 1568/1568/1568 
f 1567/1567/1567 1568/1568/1568 1568/1568/1568 
f 1568/1568/1568 1568/1568/1568 1569/1569/1569 
f 1568/1568/1568 1570/1570/1570 1569/1569/1569 
f 1569/1569/1569 1570/1570/1570 1569/1569/1569 
f 1570/1570/1570 1571/1571/1571 1569/1569/1569 
f 1569/1569/1569 1571/1571/1571 1572/1572/1572 
f 1571/1571/1571 1573/1573/1573 1572/1572/1572 
f 1572/1572/1572 1573/1573/1573 1573/1573/1573 
f 1573/1573/1573 1574/1574/1574 1573/1573/1573 
f 1573/1573/1573 1574/1574/1574 1574/1574/1574 
f 1574/1574/1574 1575/1575/1575 1574/1574/1574 
f 1574/1574/1574 1575/1575/1575 1576/1576/1576 
f 1575/1575/1575 1577/1577/1577 1576/1576/1576 
f 1576/1576/1576 1577/1577/1577 1577/1577/1577 
f 1577/1577/1577 1578/1578/1578 1577/1577/1577 
f 1577/1577/1577 1578/1578/1578 1578/1578/1578 
f 1578/1578/1578 1579/1579/1579 1578/1578/1578 
f 1578/1578/1578 1579/1579/1579 1580/1580/1580 
f 1579/1579/1579 1581/1581/1581 1580/1580/1580 
f 1580/1580/1580 1581/1581/1581 1582/1582/1582 
f 1581/1581/1581 1583/1583/1583 1582/1582/1582 
f 1582/1582/1582 1583/1583/1583 1584/1584/1584 
f 1583/1583/1583 1585/1585/1585 1584/1584/1584 
f 1584/1584/1584 1585/1585/1585 1586/1586/1586 
f 1585/1585/1585 1585/1585/1585 1586/1586/1586 
f 1586/1586/1586 1585/1585/1585 1587/1587/1587 
f 1585/1585/1585 1585/1585/1585 1587/1587/1587 
f 1587/1587/1587 1585/1585/1585 1588/1588/1588 
f 1585/1585/1585 1589/1589/1589 1588/1588/1588 
f 1588/1588/1588 1589/1589/1589 1590/1590/1590 
f 1589/1589/1589 1591/1591/1591 1590/1590/1590 
f 1590/1590/1590 1591/1591/1591 1591/1591/1591 
f 1591/1591/1591 1583/1583/1583 1591/1591/1591 
f 1591/1591/1591 1583/1583/1583 1583/1583/1583 
f 1583/1583/1583 1589/1589/1589 1583/1583/1583 
f 1583/1583/1583 1589/1589/1589 1585/1585/1585 
f 1589/1589/1589 1585/1585/1585 1585/1585/1585 
f 1585/1585/1585 1585/1585/1585 1592/1592/1592 
f 1585/1585/1585 1592/1592/1592 1592/1592/1592 
f 1592/1592/1592 1592/1592/1592 1593/1593/1593 
f 1592/1592/1592 1594/1594/1594 1593/1593/1593 
f 1593/1593/1593 1594/1594/1594 1593/1593/1593 
f 1594/1594/1594 1595/1595/1595 1593/1593/1593 
f 1593/1593/1593 1595/1595/1595 1596/1596/1596 
f 1595/1595/1595 1597/1597/1597 1596/1596/1596 
f 1596/1596/1596 1597/1597/1597 1598/1598/1598 
f 1597/1597/1597 1597/1597/1597 1598/1598/1598 
f 1598/1598/1598 1597/1597/1597 1599/1599/1599 
f 1597/1597/1597 1600/1600/1600 1599/1599/1599 
f 1599/1599/1599 1600/1600/1600 1601/1601/1601 
f 1600/1600/1600 1601/1601/1601 1601/1601/1601 
f 1601/1601/1601 1601/1601/1601 1592/1592/1592 
f 1601/1601/1601 1592/1592/1592 1592/1592/1592 
f 1592/1592/1592 1592/1592/1592 1602/1602/1602 
f 1592/1592/1592 1593/1593/1593 1602/1602/1602 
f 1602/1602/1602 1593/1593/1593 1603/1603/1603 
f 1593/1593/1593 1593/1593/1593 1603/1603/1603 
f 1603/1603/1603 1593/1593/1593 1604/1604/1604 
f 1593/1593/1593 1596/1596/1596 1604/1604/1604 
f 1604/1604/1604 1596/1596/1596 1598/1598/1598 
f 1596/1596/1596 1598/1598/1598 1598/1598/1598 
f 1598/1598/1598 1598/1598/1598 1594/1594/1594 
f 1598/1598/1598 1594/1594/1594 1594/1594/1594 
f 1594/1594/1594 1594/1594/1594 1595/1595/1595 
f 1594/1594/1594 1605/1605/1605 1595/1595/1595 
f 1595/1595/1595 1605/1605/1605 1606/1606/1606 
f 1605/1605/1605 1607/1607/1607 1606/1606/1606 
f 1606/1606/1606 1607/1607/1607 1607/1607/1607 
f 1607/1607/1607 1595/1595/1595 1607/1607/1607 
f 1607/1607/1607 1595/1595/1595 1595/1595/1595 
f 1595/1595/1595 1606/1606/1606 1595/1595/1595 
f 1595/1595/1595 1606/1606/1606 1597/1597/1597 
f 1606/1606/1606 1606/1606/1606 1597/1597/1597 
f 1597/1597/1597 1606/1606/1606 1600/1600/1600 
f 1606/1606/1606 1608/1608/1608 1600/1600/1600 
f 1600/1600/1600 1608/1608/1608 1609/1609/1609 
f 1608/1608/1608 1610/1610/1610 1609/1609/1609 
f 1609/1609/1609 1610/1610/1610 1611/1611/1611 
f 1610/1610/1610 1612/1612/1612 1611/1611/1611 
f 1611/1611/1611 1612/1612/1612 1612/1612/1612 
f 1612/1612/1612 1611/1611/1611 1612/1612/1612 
f 1612/1612/1612 1611/1611/1611 1611/1611/1611 
f 1611/1611/1611 1613/1613/1613 1611/1611/1611 
f 1611/1611/1611 1613/1613/1613 1609/1609/1609 
f 1613/1613/1613 1614/1614/1614 1609/1609/1609 
f 1609/1609/1609 1614/1614/1614 1609/1609/1609 
f 1614/1614/1614 1615/1615/1615 1609/1609/1609 
f 1609/1609/1609 1615/1615/1615 1609/1609/1609 
f 1615/1615/1615 1616/1616/1616 1609/1609/1609 
f 1609/1609/1609 1616/1616/1616 1617/1617/1617 
f 1616/1616/1616 1601/1601/1601 1617/1617/1617 
f 1617/1617/1617 1601/1601/1601 1617/1617/1617 
f 1601/1601/1601 1600/1600/1600 1617/1617/1617 
f 1617/1617/1617 1600/1600/1600 1609/1609/1609 
f 1600/1600/1600 1609/1609/1609 1609/1609/1609 
f 1609/1609/1609 1609/1609/1609 1618/1618/1618 
f 1609/1609/1609 1618/1618/1618 1618/1618/1618 
f 1618/1618/1618 1618/1618/1618 1619/1619/1619 
f 1618/1618/1618 1620/1620/1620 1619/1619/1619 
f 1619/1619/1619 1620/1620/1620 1621/1621/1621 
f 1620/1620/1620 1622/1622/1622 1621/1621/1621 
f 1621/1621/1621 1622/1622/1622 1623/1623/1623 
f 1622/1622/1622 1624/1624/1624 1623/1623/1623 
f 1623/1623/1623 1624/1624/1624 1625/1625/1625 
f 1624/1624/1624 1626/1626/1626 1625/1625/1625 
f 1625/1625/1625 1626/1626/1626 1627/1627/1627 
f 1626/1626/1626 1628/1628/1628 1627/1627/1627 
f 1627/1627/1627 1628/1628/1628 1627/1627/1627 
f 1628/1628/1628 1629/1629/1629 1627/1627/1627 
f 1627/1627/1627 1629/1629/1629 1627/1627/1627 
f 1629/1629/1629 1630/1630/1630 1627/1627/1627 
f 1627/1627/1627 1630/1630/1630 1625/1625/1625 
f 1630/1630/1630 1621/1621/1621 1625/1625/1625 
f 1625/1625/1625 1621/1621/1621 1623/1623/1623 
f 1621/1621/1621 1623/1623/1623 1623/1623/1623 
f 1623/1623/1623 1623/1623/1623 1631/1631/1631 
f 1623/1623/1623 1631/1631/1631 1631/1631/1631 
f 1631/1631/1631 1631/1631/1631 1632/1632/1632 
f 1631/1631/1631 1633/1633/1633 1632/1632/1632 
f 1632/1632/1632 1633/1633/1633 1634/1634/1634 
f 1633/1633/1633 1634/1634/1634 1634/1634/1634 
f 1634/1634/1634 1634/1634/1634 1635/1635/1635 
f 1634/1634/1634 1635/1635/1635 1635/1635/1635 
f 1635/1635/1635 1635/1635/1635 1636/1636/1636 
f 1635/1635/1635 1637/1637/1637 1636/1636/1636 
f 1636/1636/1636 1637/1637/1637 1638/1638/1638 
f 1637/1637/1637 1638/1638/1638 1638/1638/1638 
f 1638/1638/1638 1638/1638/1638 1639/1639/1639 
f 1638/1638/1638 1639/1639/1639 1639/1639/1639 
f 1639/1639/1639 1639/1639/1639 1640/1640/1640 
f 1639/1639/1639 1641/1641/1641 1640/1640/1640 
f 1640/1640/1640 1641/1641/1641 1640/1640/1640 
f 1641/1641/1641 1642/1642/1642 1640/1640/1640 
f 1640/1640/1640 1642/1642/1642 1640/1640/1640 
f 1642/1642/1642 1643/1643/1643 1640/1640/1640 
f 1640/1640/1640 1643/1643/1643 1640/1640/1640 
f 1643/1643/1643 1644/1644/1644 1640/1640/1640 
f 1640/1640/1640 1644/1644/1644 1645/1645/1645 
f 1644/1644/1644 1646/1646/1646 1645/1645/1645 
f 1645/1645/1645 1646/1646/1646 1647/1647/1647 
f 1646/1646/1646 1648/1648/1648 1647/1647/1647 
f 1647/1647/1647 1648/1648/1648 1647/1647/1647 
f 1648/1648/1648 1649/1649/1649 1647/1647/1647 
f 1647/1647/1647 1649/1649/1649 1650/1650/1650 
f 1649/1649/1649 1649/1649/1649 1650/1650/1650 
f 1650/1650/1650 1649/1649/1649 1651/1651/1651 
f 1649/1649/1649 1652/1652/1652 1651/1651/1651 
f 1651/1651/1651 1652/1652/1652 1652/1652/1652 
f 1652/1652/1652 1653/1653/1653 1652/1652/1652 
f 1652/1652/1652 1653/1653/1653 1653/1653/1653 
f 1653/1653/1653 1654/1654/1654 1653/1653/1653 
f 1653/1653/1653 1654/1654/1654 1655/1655/1655 
f 1654/1654/1654 1656/1656/1656 1655/1655/1655 
f 1655/1655/1655 1656/1656/1656 1656/1656/1656 
f 1656/1656/1656 1657/1657/1657 1656/1656/1656 
f 1656/1656/1656 1657/1657/1657 1657/1657/1657 
f 1657/1657/1657 1658/1658/1658 1657/1657/1657 
f 1657/1657/1657 1658/1658/1658 1659/1659/1659 
f 1658/1658/1658 1660/1660/1660 1659/1659/1659 
f 1659/1659/1659 1660/1660/1660 1661/1661/1661 
f 1660/1660/1660 1660/1660/1660 1661/1661/1661 
f 1661/1661/1661 1660/1660/1660 1662/1662/1662 
f 1660/1660/1660 1663/1663/1663 1662/1662/1662 
f 1662/1662/1662 1663/1663/1663 1663/1663/1663 
f 1663/1663/1663 1664/1664/1664 1663/1663/1663 
f 1663/1663/1663 1664/1664/1664 1664/1664/1664 
f 1664/1664/1664 1665/1665/1665 1664/1664/1664 
f 1664/1664/1664 1665/1665/1665 1666/1666/1666 
f 1665/1665/1665 1667/1667/1667 1666/1666/1666 
f 1666/1666/1666 1667/1667/1667 1666/1666/1666 
f 1667/1667/1667 1668/1668/1668 1666/1666/1666 
f 1666/1666/1666 1668/1668/1668 1669/1669/1669 
f 1668/1668/1668 1668/1668/1668 1669/1669/1669 
f 1669/1669/1669 1668/1668/1668 1670/1670/1670 
f 1668/1668/1668 1668/1668/1668 1670/1670/1670 
f 1670/1670/1670 1668/1668/1668 1671/1671/1671 
f 1668/1668/1668 1672/1672/1672 1671/1671/1671 
f 1671/1671/1671 1672/1672/1672 1673/1673/1673 
f 1672/1672/1672 1674/1674/1674 1673/1673/1673 
f 1673/1673/1673 1674/1674/1674 1674/1674/1674 
f 1674/1674/1674 1666/1666/1666 1674/1674/1674 
f 1674/1674/1674 1666/1666/1666 1666/1666/1666 
f 1666/1666/1666 1669/1669/1669 1666/1666/1666 
f 1666/1666/1666 1669/1669/1669 1664/1664/1664 
f 1669/1669/1669 1664/1664/1664 1664/1664/1664 
f 1664/1664/1664 1664/1664/1664 1675/1675/1675 
f 1664/1664/1664 1675/1675/1675 1675/1675/1675 
f 1675/1675/1675 1675/1675/1675 1676/1676/1676 
f 1675/1675/1675 1677/1677/1677 1676/1676/1676 
f 1676/1676/1676 1677/1677/1677 1678/1678/1678 
f 1677/1677/1677 1678/1678/1678 1678/1678/1678 
f 1678/1678/1678 1678/1678/1678 1679/1679/1679 
f 1678/1678/1678 1679/1679/1679 1679/1679/1679 
f 1679/1679/1679 1679/1679/1679 1680/1680/1680 
f 1679/1679/1679 1681/1681/1681 1680/1680/1680 
f 1680/1680/1680 1681/1681/1681 1680/1680/1680 
f 1681/1681/1681 1682/1682/1682 1680/1680/1680 
f 1680/1680/1680 1682/1682/1682 1683/1683/1683 
f 1682/1682/1682 1682/1682/1682 1683/1683/1683 
f 1683/1683/1683 1682/1682/1682 1684/1684/1684 
f 1682/1682/1682 1682/1682/1682 1684/1684/1684 
f 1684/1684/1684 1682/1682/1682 1685/1685/1685 
f 1682/1682/1682 1686/1686/1686 1685/1685/1685 
f 1685/1685/1685 1686/1686/1686 1687/1687/1687 
f 1686/1686/1686 1688/1688/1688 1687/1687/1687 
f 1687/1687/1687 1688/1688/1688 1689/1689/1689 
f 1688/1688/1688 1689/1689/1689 1689/1689/1689 
f 1689/1689/1689 1689/1689/1689 1690/1690/1690 
f 1689/1689/1689 1690/1690/1690 1690/1690/1690 
f 1690/1690/1690 1690/1690/1690 1691/1691/1691 
f 1690/1690/1690 1692/1692/1692 1691/1691/1691 
f 1691/1691/1691 1692/1692/1692 1693/1693/1693 
f 1692/1692/1692 1694/1694/1694 1693/1693/1693 
f 1693/1693/1693 1694/1694/1694 1695/1695/1695 
f 1694/1694/1694 1696/1696/1696 1695/1695/1695 
f 1695/1695/1695 1696/1696/1696 1697/1697/1697 
f 1696/1696/1696 1696/1696/1696 1697/1697/1697 
f 1697/1697/1697 1696/1696/1696 1698/1698/1698 
f 1696/1696/1696 1699/1699/1699 1698/1698/1698 
f 1698/1698/1698 1699/1699/1699 1699/1699/1699 
f 1699/1699/1699 1694/1694/1694 1699/1699/1699 
f 1699/1699/1699 1694/1694/1694 1694/1694/1694 
f 1694/1694/1694 1692/1692/1692 1694/1694/1694 
f 1694/1694/1694 1692/1692/1692 1700/1700/1700 
f 1692/1692/1692 1701/1701/1701 1700/1700/1700 
f 1700/1700/1700 1701/1701/1701 1700/1700/1700 
f 1701/1701/1701 1702/1702/1702 1700/1700/1700 
f 1700/1700/1700 1702/1702/1702 1700/1700/1700 
f 1702/1702/1702 1703/1703/1703 1700/1700/1700 
f 1700/1700/1700 1703/1703/1703 1700/1700/1700 
f 1703/1703/1703 1704/1704/1704 1700/1700/1700 
f 1700/1700/1700 1704/1704/1704 1700/1700/1700 
f 1704/1704/1704 1705/1705/1705 1700/1700/1700 
f 1700/1700/1700 1705/1705/1705 1706/1706/1706 
f 1705/1705/1705 1707/1707/1707 1706/1706/1706 
f 1706/1706/1706 1707/1707/1707 1706/1706/1706 
f 1707/1707/1707 1708/1708/1708 1706/1706/1706 
f 1706/1706/1706 1708/1708/1708 1709/1709/1709 
f 1708/1708/1708 1710/1710/1710 1709/1709/1709 
f 1709/1709/1709 1710/1710/1710 1709/1709/1709 
f 1710/1710/1710 1711/1711/1711 1709/1709/1709 
f 1709/1709/1709 1711/1711/1711 1706/1706/1706 
f 1711/1711/1711 1712/1712/1712 1706/1706/1706 
f 1706/1706/1706 1712/1712/1712 1694/1694/1694 
f 1712/1712/1712 1712/1712/1712 1694/1694/1694 
f 1694/1694/1694 1712/1712/1712 1713/1713/1713 
f 1712/1712/1712 1714/1714/1714 1713/1713/1713 
f 1713/1713/1713 1714/1714/1714 1713/1713/1713 
f 1714/1714/1714 1715/1715/1715 1713/1713/1713 
f 1713/1713/1713 1715/1715/1715 1713/1713/1713 
f 1715/1715/1715 1716/1716/1716 1713/1713/1713 
f 1713/1713/1713 1716/1716/1716 1713/1713/1713 
f 1716/1716/1716 1699/1699/1699 1713/1713/1713 
f 1713/1713/1713 1699/1699/1699 1713/1713/1713 
f 1699/1699/1699 1696/1696/1696 1713/1713/1713 
f 1713/1713/1713 1696/1696/1696 1694/1694/1694 
f 1696/1696/1696 1694/1694/1694 1694/1694/1694 
f 1694/1694/1694 1694/1694/1694 1694/1694/1694 
f 1694/1694/1694 1694/1694/1694 1694/1694/1694 
f 1694/1694/1694 1694/1694/1694 1706/1706/1706 
f 1694/1694/1694 1700/1700/1700 1706/1706/1706 
f 1706/1706/1706 1700/1700/1700 1700/1700/1700 
f 1700/1700/1700 1714/1714/1714 1700/1700/1700 
f 1700/1700/1700 1714/1714/1714 1714/1714/1714 
f 1714/1714/1714 1712/1712/1712 1714/1714/1714 
f 1714/1714/1714 1712/1712/1712 1711/1711/1711 
f 1712/1712/1712 1711/1711/1711 1711/1711/1711 
f 1711/1711/1711 1711/1711/1711 1717/1717/1717 
f 1711/1711/1711 1717/1717/1717 1717/1717/1717 
f 1717/1717/1717 1717/1717/1717 1718/1718/1718 
f 1717/1717/1717 1719/1719/1719 1718/1718/1718 
f 1718/1718/1718 1719/1719/1719 1718/1718/1718 
f 1719/1719/1719 1720/1720/1720 1718/1718/1718 
f 1718/1718/1718 1720/1720/1720 1721/1721/1721 
f 1720/1720/1720 1722/1722/1722 1721/1721/1721 
f 1721/1721/1721 1722/1722/1722 1721/1721/1721 
f 1722/1722/1722 1723/1723/1723 1721/1721/1721 
f 1721/1721/1721 1723/1723/1723 1724/1724/1724 
f 1723/1723/1723 1725/1725/1725 1724/1724/1724 
f 1724/1724/1724 1725/1725/1725 1724/1724/1724 
f 1725/1725/1725 1726/1726/1726 1724/1724/1724 
f 1724/1724/1724 1726/1726/1726 1721/1721/1721 
f 1726/1726/1726 1721/1721/1721 1721/1721/1721 
f 1721/1721/1721 1721/1721/1721 1725/1725/1725 
f 1721/1721/1721 1725/1725/1725 1725/1725/1725 
f 1725/1725/1725 1725/1725/1725 1727/1727/1727 
f 1725/1725/1725 1723/1723/1723 1727/1727/1727 
f 1727/1727/1727 1723/1723/1723 1728/1728/1728 
f 1723/1723/1723 1729/1729/1729 1728/1728/1728 
f 1728/1728/1728 1729/1729/1729 1730/1730/1730 
f 1729/1729/1729 1731/1731/1731 1730/1730/1730 
f 1730/1730/1730 1731/1731/1731 1732/1732/1732 
f 1731/1731/1731 1733/1733/1733 1732/1732/1732 
f 1732/1732/1732 1733/1733/1733 1733/1733/1733 
f 1733/1733/1733 1727/1727/1727 1733/1733/1733 
f 1733/1733/1733 1727/1727/1727 1727/1727/1727 
f 1727/1727/1727 1728/1728/1728 1727/1727/1727 
f 1727/1727/1727 1728/1728/1728 1734/1734/1734 
f 1728/1728/1728 1734/1734/1734 1734/1734/1734 
f 1734/1734/1734 1734/1734/1734 1735/1735/1735 
f 1734/1734/1734 1735/1735/1735 1735/1735/1735 
f 1735/1735/1735 1735/1735/1735 1732/1732/1732 
f 1735/1735/1735 1730/1730/1730 1732/1732/1732 
f 1732/1732/1732 1730/1730/1730 1730/1730/1730 
f 1730/1730/1730 1736/1736/1736 1730/1730/1730 
f 1730/1730/1730 1736/1736/1736 1736/1736/1736 
f 1736/1736/1736 1737/1737/1737 1736/1736/1736 
f 1736/1736/1736 1737/1737/1737 1738/1738/1738 
f 1737/1737/1737 1737/1737/1737 1738/1738/1738 
f 1738/1738/1738 1737/1737/1737 1739/1739/1739 
f 1737/1737/1737 1737/1737/1737 1739/1739/1739 
f 1739/1739/1739 1737/1737/1737 1740/1740/1740 
f 1737/1737/1737 1741/1741/1741 1740/1740/1740 
f 1740/1740/1740 1741/1741/1741 1742/1742/1742 
f 1741/1741/1741 1743/1743/1743 1742/1742/1742 
f 1742/1742/1742 1743/1743/1743 1744/1744/1744 
f 1743/1743/1743 1745/1745/1745 1744/1744/1744 
f 1744/1744/1744 1745/1745/1745 1746/1746/1746 
f 1745/1745/1745 1747/1747/1747 1746/1746/1746 
f 1746/1746/1746 1747/1747/1747 1748/1748/1748 
f 1747/1747/1747 1748/1748/1748 1748/1748/1748 
f 1748/1748/1748 1748/1748/1748 1749/1749/1749 
f 1748/1748/1748 1749/1749/1749 1749/1749/1749 
f 1749/1749/1749 1749/1749/1749 1750/1750/1750 
f 1749/1749/1749 1751/1751/1751 1750/1750/1750 
f 1750/1750/1750 1751/1751/1751 1750/1750/1750 
f 1751/1751/1751 1752/1752/1752 1750/1750/1750 
f 1750/1750/1750 1752/1752/1752 1750/1750/1750 
f 1752/1752/1752 1753/1753/1753 1750/1750/1750 
f 1750/1750/1750 1753/1753/1753 1754/1754/1754 
f 1753/1753/1753 1755/1755/1755 1754/1754/1754 
f 1754/1754/1754 1755/1755/1755 1756/1756/1756 
f 1755/1755/1755 1757/1757/1757 1756/1756/1756 
f 1756/1756/1756 1757/1757/1757 1758/1758/1758 
f 1757/1757/1757 1757/1757/1757 1758/1758/1758 
f 1758/1758/1758 1757/1757/1757 1759/1759/1759 
f 1757/1757/1757 1760/1760/1760 1759/1759/1759 
f 1759/1759/1759 1760/1760/1760 1761/1761/1761 
f 1760/1760/1760 1762/1762/1762 1761/1761/1761 
f 1761/1761/1761 1762/1762/1762 1763/1763/1763 
f 1762/1762/1762 1763/1763/1763 1763/1763/1763 
f 1763/1763/1763 1763/1763/1763 1750/1750/1750 
f 1763/1763/1763 1750/1750/1750 1750/1750/1750 
f 1750/1750/1750 1750/1750/1750 1749/1749/1749 
f 1750/1750/1750 1754/1754/1754 1749/1749/1749 
f 1749/1749/1749 1754/1754/1754 1756/1756/1756 
f 1754/1754/1754 1756/1756/1756 1756/1756/1756 
f 1756/1756/1756 1756/1756/1756 1762/1762/1762 
f 1756/1756/1756 1762/1762/1762 1762/1762/1762 
f 1762/1762/1762 1762/1762/1762 1764/1764/1764 
f 1762/1762/1762 1760/1760/1760 1764/1764/1764 
f 1764/1764/1764 1760/1760/1760 1765/1765/1765 
f 1760/1760/1760 1766/1766/1766 1765/1765/1765 
f 1765/1765/1765 1766/1766/1766 1767/1767/1767 
f 1766/1766/1766 1766/1766/1766 1767/1767/1767 
f 1767/1767/1767 1766/1766/1766 1768/1768/1768 
f 1766/1766/1766 1769/1769/1769 1768/1768/1768 
f 1768/1768/1768 1769/1769/1769 1770/1770/1770 
f 1769/1769/1769 1769/1769/1769 1770/1770/1770 
f 1770/1770/1770 1769/1769/1769 1771/1771/1771 
f 1769/1769/1769 1760/1760/1760 1771/1771/1771 
f 1771/1771/1771 1760/1760/1760 1771/1771/1771 
f 1760/1760/1760 1757/1757/1757 1771/1771/1771 
f 1771/1771/1771 1757/1757/1757 1771/1771/1771 
f 1757/1757/1757 1755/1755/1755 1771/1771/1771 
f 1771/1771/1771 1755/1755/1755 1771/1771/1771 
f 1755/1755/1755 1753/1753/1753 1771/1771/1771 
f 1771/1771/1771 1753/1753/1753 1771/1771/1771 
f 1753/1753/1753 1772/1772/1772 1771/1771/1771 
f 1771/1771/1771 1772/1772/1772 1770/1770/1770 
f 1772/1772/1772 1772/1772/1772 1770/1770/1770 
f 1770/1770/1770 1772/1772/1772 1773/1773/1773 
f 1772/1772/1772 1774/1774/1774 1773/1773/1773 
f 1773/1773/1773 1774/1774/1774 1775/1775/1775 
f 1774/1774/1774 1774/1774/1774 1775/1775/1775 
f 1775/1775/1775 1774/1774/1774 1776/1776/1776 
f 1774/1774/1774 1774/1774/1774 1776/1776/1776 
f 1776/1776/1776 1774/1774/1774 1752/1752/1752 
f 1774/1774/1774 1774/1774/1774 1752/1752/1752 
f 1752/1752/1752 1774/1774/1774 1753/1753/1753 
f 1774/1774/1774 1772/1772/1772 1753/1753/1753 
f 1753/1753/1753 1772/1772/1772 1772/1772/1772 
f 1772/1772/1772 1767/1767/1767 1772/1772/1772 
f 1772/1772/1772 1767/1767/1767 1767/1767/1767 
f 1767/1767/1767 1777/1777/1777 1767/1767/1767 
f 1767/1767/1767 1777/1777/1777 1765/1765/1765 
f 1777/1777/1777 1765/1765/1765 1765/1765/1765 
f 1765/1765/1765 1765/1765/1765 1778/1778/1778 
f 1765/1765/1765 1778/1778/1778 1778/1778/1778 
f 1778/1778/1778 1778/1778/1778 1779/1779/1779 
f 1778/1778/1778 1780/1780/1780 1779/1779/1779 
f 1779/1779/1779 1780/1780/1780 1779/1779/1779 
f 1780/1780/1780 1781/1781/1781 1779/1779/1779 
f 1779/1779/1779 1781/1781/1781 1779/1779/1779 
f 1781/1781/1781 1782/1782/1782 1779/1779/1779 
f 1779/1779/1779 1782/1782/1782 1783/1783/1783 
f 1782/1782/1782 1784/1784/1784 1783/1783/1783 
f 1783/1783/1783 1784/1784/1784 1784/1784/1784 
f 1784/1784/1784 1785/1785/1785 1784/1784/1784 
f 1784/1784/1784 1785/1785/1785 1785/1785/1785 
f 1785/1785/1785 1786/1786/1786 1785/1785/1785 
f 1785/1785/1785 1786/1786/1786 1787/1787/1787 
f 1786/1786/1786 1787/1787/1787 1787/1787/1787 
f 1787/1787/1787 1787/1787/1787 1769/1769/1769 
f 1787/1787/1787 1769/1769/1769 1769/1769/1769 
f 1769/1769/1769 1769/1769/1769 1788/1788/1788 
f 1769/1769/1769 1766/1766/1766 1788/1788/1788 
f 1788/1788/1788 1766/1766/1766 1788/1788/1788 
f 1766/1766/1766 1760/1760/1760 1788/1788/1788 
f 1788/1788/1788 1760/1760/1760 1769/1769/1769 
f 1760/1760/1760 1769/1769/1769 1769/1769/1769 
f 1769/1769/1769 1769/1769/1769 1789/1789/1789 
f 1769/1769/1769 1789/1789/1789 1789/1789/1789 
f 1789/1789/1789 1789/1789/1789 1790/1790/1790 
f 1789/1789/1789 1791/1791/1791 1790/1790/1790 
f 1790/1790/1790 1791/1791/1791 1792/1792/1792 
f 1791/1791/1791 1792/1792/1792 1792/1792/1792 
f 1792/1792/1792 1792/1792/1792 1791/1791/1791 
f 1792/1792/1792 1791/1791/1791 1791/1791/1791 
f 1791/1791/1791 1791/1791/1791 1793/1793/1793 
f 1791/1791/1791 1789/1789/1789 1793/1793/1793 
f 1793/1793/1793 1789/1789/1789 1793/1793/1793 
f 1789/1789/1789 1794/1794/1794 1793/1793/1793 
f 1793/1793/1793 1794/1794/1794 1793/1793/1793 
f 1794/1794/1794 1795/1795/1795 1793/1793/1793 
f 1793/1793/1793 1795/1795/1795 1793/1793/1793 
f 1795/1795/1795 1796/1796/1796 1793/1793/1793 
f 1793/1793/1793 1796/1796/1796 1793/1793/1793 
f 1796/1796/1796 1797/1797/1797 1793/1793/1793 
f 1793/1793/1793 1797/1797/1797 1798/1798/1798 
f 1797/1797/1797 1799/1799/1799 1798/1798/1798 
f 1798/1798/1798 1799/1799/1799 1800/1800/1800 
f 1799/1799/1799 1799/1799/1799 1800/1800/1800 
f 1800/1800/1800 1799/1799/1799 1801/1801/1801 
f 1799/1799/1799 1799/1799/1799 1801/1801/1801 
f 1801/1801/1801 1799/1799/1799 1802/1802/1802 
f 1799/1799/1799 1799/1799/1799 1802/1802/1802 
f 1802/1802/1802 1799/1799/1799 1803/1803/1803 
f 1799/1799/1799 1797/1797/1797 1803/1803/1803 
f 1803/1803/1803 1797/1797/1797 1797/1797/1797 
f 1797/1797/1797 1793/1793/1793 1797/1797/1797 
f 1797/1797/1797 1793/1793/1793 1793/1793/1793 
f 1793/1793/1793 1798/1798/1798 1793/1793/1793 
f 1793/1793/1793 1798/1798/1798 1791/1791/1791 
f 1798/1798/1798 1800/1800/1800 1791/1791/1791 
f 1791/1791/1791 1800/1800/1800 1792/1792/1792 
f 1800/1800/1800 1804/1804/1804 1792/1792/1792 
f 1792/1792/1792 1804/1804/1804 1805/1805/1805 
f 1804/1804/1804 1805/1805/1805 1805/1805/1805 
f 1805/1805/1805 1805/1805/1805 1800/1800/1800 
f 1805/1805/1805 1800/1800/1800 1800/1800/1800 
f 1800/1800/1800 1800/1800/1800 1804/1804/1804 
f 1800/1800/1800 1801/1801/1801 1804/1804/1804 
f 1804/1804/1804 1801/1801/1801 1806/1806/1806 
f 1801/1801/1801 1802/1802/1802 1806/1806/1806 
f 1806/1806/1806 1802/1802/1802 1806/1806/1806 
f 1802/1802/1802 1807/1807/1807 1806/1806/1806 
f 1806/1806/1806 1807/1807/1807 1808/1808/1808 
f 1807/1807/1807 1809/1809/1809 1808/1808/1808 
f 1808/1808/1808 1809/1809/1809 1810/1810/1810 
f 1809/1809/1809 1811/1811/1811 1810/1810/1810 
f 1810/1810/1810 1811/1811/1811 1812/1812/1812 
f 1811/1811/1811 1813/1813/1813 1812/1812/1812 
f 1812/1812/1812 1813/1813/1813 1814/1814/1814 
f 1813/1813/1813 1815/1815/1815 1814/1814/1814 
f 1814/1814/1814 1815/1815/1815 1814/1814/1814 
f 1815/1815/1815 1816/1816/1816 1814/1814/1814 
f 1814/1814/1814 1816/1816/1816 1814/1814/1814 
f 1816/1816/1816 1817/1817/1817 1814/1814/1814 
f 1814/1814/1814 1817/1817/1817 1812/1812/1812 
f 1817/1817/1817 1812/1812/1812 1812/1812/1812 
f 1812/1812/1812 1812/1812/1812 1808/1808/1808 
f 1812/1812/1812 1808/1808/1808 1808/1808/1808 
f 1808/1808/1808 1808/1808/1808 1806/1806/1806 
f 1808/1808/1808 1818/1818/1818 1806/1806/1806 
f 1806/1806/1806 1818/1818/1818 1804/1804/1804 
f 1818/1818/1818 1818/1818/1818 1804/1804/1804 
f 1804/1804/1804 1818/1818/1818 1805/1805/1805 
f 1818/1818/1818 1818/1818/1818 1805/1805/1805 
f 1805/1805/1805 1818/1818/1818 1819/1819/1819 
f 1818/1818/1818 1818/1818/1818 1819/1819/1819 
f 1819/1819/1819 1818/1818/1818 1810/1810/1810 
f 1818/1818/1818 1808/1808/1808 1810/1810/1810 
f 1810/1810/1810 1808/1808/1808 1808/1808/1808 
f 1808/1808/1808 1817/1817/1817 1808/1808/1808 
f 1808/1808/1808 1817/1817/1817 1817/1817/1817 
f 1817/1817/1817 1816/1816/1816 1817/1817/1817 
f 1817/1817/1817 1816/1816/1816 1820/1820/1820 
f 1816/1816/1816 1821/1821/1821 1820/1820/1820 
f 1820/1820/1820 1821/1821/1821 1820/1820/1820 
f 1821/1821/1821 1822/1822/1822 1820/1820/1820 
f 1820/1820/1820 1822/1822/1822 1820/1820/1820 
f 1822/1822/1822 1823/1823/1823 1820/1820/1820 
f 1820/1820/1820 1823/1823/1823 1817/1817/1817 
f 1823/1823/1823 1824/1824/1824 1817/1817/1817 
f 1817/1817/1817 1824/1824/1824 1817/1817/1817 
f 1824/1824/1824 1825/1825/1825 1817/1817/1817 
f 1817/1817/1817 1825/1825/1825 1812/1812/1812 
f 1825/1825/1825 1826/1826/1826 1812/1812/1812 
f 1812/1812/1812 1826/1826/1826 1810/1810/1810 
f 1826/1826/1826 1819/1819/1819 1810/1810/1810 
f 1810/1810/1810 1819/1819/1819 1819/1819/1819 
f 1819/1819/1819 1827/1827/1827 1819/1819/1819 
f 1819/1819/1819 1827/1827/1827 1827/1827/1827 
f 1827/1827/1827 1828/1828/1828 1827/1827/1827 
f 1827/1827/1827 1828/1828/1828 1829/1829/1829 
f 1828/1828/1828 1830/1830/1830 1829/1829/1829 
f 1829/1829/1829 1830/1830/1830 1831/1831/1831 
f 1830/1830/1830 1832/1832/1832 1831/1831/1831 
f 1831/1831/1831 1832/1832/1832 1833/1833/1833 
f 1832/1832/1832 1833/1833/1833 1833/1833/1833 
f 1833/1833/1833 1833/1833/1833 1834/1834/1834 
f 1833/1833/1833 1834/1834/1834 1834/1834/1834 
f 1834/1834/1834 1834/1834/1834 1835/1835/1835 
f 1834/1834/1834 1836/1836/1836 1835/1835/1835 
f 1835/1835/1835 1836/1836/1836 1835/1835/1835 
f 1836/1836/1836 1837/1837/1837 1835/1835/1835 
f 1835/1835/1835 1837/1837/1837 1838/1838/1838 
f 1837/1837/1837 1839/1839/1839 1838/1838/1838 
f 1838/1838/1838 1839/1839/1839 1839/1839/1839 
f 1839/1839/1839 1838/1838/1838 1839/1839/1839 
f 1839/1839/1839 1838/1838/1838 1838/1838/1838 
f 1838/1838/1838 1840/1840/1840 1838/1838/1838 
f 1838/1838/1838 1840/1840/1840 1835/1835/1835 
f 1840/1840/1840 1841/1841/1841 1835/1835/1835 
f 1835/1835/1835 1841/1841/1841 1835/1835/1835 
f 1841/1841/1841 1842/1842/1842 1835/1835/1835 
f 1835/1835/1835 1842/1842/1842 1843/1843/1843 
f 1842/1842/1842 1842/1842/1842 1843/1843/1843 
f 1843/1843/1843 1842/1842/1842 1844/1844/1844 
f 1842/1842/1842 1845/1845/1845 1844/1844/1844 
f 1844/1844/1844 1845/1845/1845 1846/1846/1846 
f 1845/1845/1845 1847/1847/1847 1846/1846/1846 
f 1846/1846/1846 1847/1847/1847 1848/1848/1848 
f 1847/1847/1847 1849/1849/1849 1848/1848/1848 
f 1848/1848/1848 1849/1849/1849 1848/1848/1848 
f 1849/1849/1849 1850/1850/1850 1848/1848/1848 
f 1848/1848/1848 1850/1850/1850 1851/1851/1851 
f 1850/1850/1850 1851/1851/1851 1851/1851/1851 
f 1851/1851/1851 1851/1851/1851 1837/1837/1837 
f 1851/1851/1851 1837/1837/1837 1837/1837/1837 
f 1837/1837/1837 1837/1837/1837 1839/1839/1839 
f 1837/1837/1837 1852/1852/1852 1839/1839/1839 
f 1839/1839/1839 1852/1852/1852 1839/1839/1839 
f 1852/1852/1852 1853/1853/1853 1839/1839/1839 
f 1839/1839/1839 1853/1853/1853 1854/1854/1854 
f 1853/1853/1853 1853/1853/1853 1854/1854/1854 
f 1854/1854/1854 1853/1853/1853 1855/1855/1855 
f 1853/1853/1853 1856/1856/1856 1855/1855/1855 
f 1855/1855/1855 1856/1856/1856 1855/1855/1855 
f 1856/1856/1856 1857/1857/1857 1855/1855/1855 
f 1855/1855/1855 1857/1857/1857 1855/1855/1855 
f 1857/1857/1857 1858/1858/1858 1855/1855/1855 
f 1855/1855/1855 1858/1858/1858 1855/1855/1855 
f 1858/1858/1858 1859/1859/1859 1855/1855/1855 
f 1855/1855/1855 1859/1859/1859 1860/1860/1860 
f 1859/1859/1859 1861/1861/1861 1860/1860/1860 
f 1860/1860/1860 1861/1861/1861 1861/1861/1861 
f 1861/1861/1861 1862/1862/1862 1861/1861/1861 
f 1861/1861/1861 1862/1862/1862 1862/1862/1862 
f 1862/1862/1862 1863/1863/1863 1862/1862/1862 
f 1862/1862/1862 1863/1863/1863 1864/1864/1864 
f 1863/1863/1863 1865/1865/1865 1864/1864/1864 
f 1864/1864/1864 1865/1865/1865 1866/1866/1866 
f 1865/1865/1865 1867/1867/1867 1866/1866/1866 
f 1866/1866/1866 1867/1867/1867 1868/1868/1868 
f 1867/1867/1867 1867/1867/1867 1868/1868/1868 
f 1868/1868/1868 1867/1867/1867 1869/1869/1869 
f 1867/1867/1867 1870/1870/1870 1869/1869/1869 
f 1869/1869/1869 1870/1870/1870 1871/1871/1871 
f 1870/1870/1870 1872/1872/1872 1871/1871/1871 
f 1871/1871/1871 1872/1872/1872 1873/1873/1873 
f 1872/1872/1872 1874/1874/1874 1873/1873/1873 
f 1873/1873/1873 1874/1874/1874 1873/1873/1873 
f 1874/1874/1874 1875/1875/1875 1873/1873/1873 
f 1873/1873/1873 1875/1875/1875 1873/1873/1873 
f 1875/1875/1875 1876/1876/1876 1873/1873/1873 
f 1873/1873/1873 1876/1876/1876 1871/1871/1871 
f 1876/1876/1876 1871/1871/1871 1871/1871/1871 
f 1871/1871/1871 1871/1871/1871 1868/1868/1868 
f 1871/1871/1871 1868/1868/1868 1868/1868/1868 
f 1868/1868/1868 1868/1868/1868 1866/1866/1866 
f 1868/1868/1868 1864/1864/1864 1866/1866/1866 
f 1866/1866/1866 1864/1864/1864 1864/1864/1864 
f 1864/1864/1864 1877/1877/1877 1864/1864/1864 
f 1864/1864/1864 1877/1877/1877 1877/1877/1877 
f 1877/1877/1877 1878/1878/1878 1877/1877/1877 
f 1877/1877/1877 1878/1878/1878 1879/1879/1879 
f 1878/1878/1878 1880/1880/1880 1879/1879/1879 
f 1879/1879/1879 1880/1880/1880 1881/1881/1881 
f 1880/1880/1880 1882/1882/1882 1881/1881/1881 
f 1881/1881/1881 1882/1882/1882 1883/1883/1883 
f 1882/1882/1882 1884/1884/1884 1883/1883/1883 
f 1883/1883/1883 1884/1884/1884 1884/1884/1884 
f 1884/1884/1884 1879/1879/1879 1884/1884/1884 
f 1884/1884/1884 1879/1879/1879 1879/1879/1879 
f 1879/1879/1879 1881/1881/1881 1879/1879/1879 
f 1879/1879/1879 1881/1881/1881 1885/1885/1885 
f 1881/1881/1881 1881/1881/1881 1885/1885/1885 
f 1885/1885/1885 1881/1881/1881 1886/1886/1886 
f 1881/1881/1881 1887/1887/1887 1886/1886/1886 
f 1886/1886/1886 1887/1887/1887 1888/1888/1888 
f 1887/1887/1887 1888/1888/1888 1888/1888/1888 
f 1888/1888/1888 1888/1888/1888 1883/1883/1883 
f 1888/1888/1888 1883/1883/1883 1883/1883/1883 
f 1883/1883/1883 1883/1883/1883 1881/1881/1881 
f 1883/1883/1883 1887/1887/1887 1881/1881/1881 
f 1881/1881/1881 1887/1887/1887 1887/1887/1887 
f 1887/1887/1887 1889/1889/1889 1887/1887/1887 
f 1887/1887/1887 1889/1889/1889 1889/1889/1889 
f 1889/1889/1889 1890/1890/1890 1889/1889/1889 
f 1889/1889/1889 1890/1890/1890 1891/1891/1891 
f 1890/1890/1890 1892/1892/1892 1891/1891/1891 
f 1891/1891/1891 1892/1892/1892 1878/1878/1878 
f 1892/1892/1892 1893/1893/1893 1878/1878/1878 
f 1878/1878/1878 1893/1893/1893 1880/1880/1880 
f 1893/1893/1893 1893/1893/1893 1880/1880/1880 
f 1880/1880/1880 1893/1893/1893 1894/1894/1894 
f 1893/1893/1893 1895/1895/1895 1894/1894/1894 
f 1894/1894/1894 1895/1895/1895 1896/1896/1896 
f 1895/1895/1895 1895/1895/1895 1896/1896/1896 
f 1896/1896/1896 1895/1895/1895 1897/1897/1897 
f 1895/1895/1895 1895/1895/1895 1897/1897/1897 
f 1897/1897/1897 1895/1895/1895 1890/1890/1890 
f 1895/1895/1895 1893/1893/1893 1890/1890/1890 
f 1890/1890/1890 1893/1893/1893 1892/1892/1892 
f 1893/1893/1893 1892/1892/1892 1892/1892/1892 
f 1892/1892/1892 1892/1892/1892 1896/1896/1896 
f 1892/1892/1892 1896/1896/1896 1896/1896/1896 
f 1896/1896/1896 1896/1896/1896 1894/1894/1894 
f 1896/1896/1896 1898/1898/1898 1894/1894/1894 
f 1894/1894/1894 1898/1898/1898 1899/1899/1899 
f 1898/1898/1898 1899/1899/1899 1899/1899/1899 
f 1899/1899/1899 1899/1899/1899 1900/1900/1900 
f 1899/1899/1899 1900/1900/1900 1900/1900/1900 
f 1900/1900/1900 1900/1900/1900 1901/1901/1901 
f 1900/1900/1900 1902/1902/1902 1901/1901/1901 
f 1901/1901/1901 1902/1902/1902 1903/1903/1903 
f 1902/1902/1902 1904/1904/1904 1903/1903/1903 
f 1903/1903/1903 1904/1904/1904 1905/1905/1905 
f 1904/1904/1904 1904/1904/1904 1905/1905/1905 
f 1905/1905/1905 1904/1904/1904 1906/1906/1906 
f 1904/1904/1904 1904/1904/1904 1906/1906/1906 
f 1906/1906/1906 1904/1904/1904 1907/1907/1907 
f 1904/1904/1904 1904/1904/1904 1907/1907/1907 
f 1907/1907/1907 1904/1904/1904 1908/1908/1908 
f 1904/1904/1904 1909/1909/1909 1908/1908/1908 
f 1908/1908/1908 1909/1909/1909 1910/1910/1910 
f 1909/1909/1909 1909/1909/1909 1910/1910/1910 
f 1910/1910/1910 1909/1909/1909 1911/1911/1911 
f 1909/1909/1909 1912/1912/1912 1911/1911/1911 
f 1911/1911/1911 1912/1912/1912 1913/1913/1913 
f 1912/1912/1912 1912/1912/1912 1913/1913/1913 
f 1913/1913/1913 1912/1912/1912 1914/1914/1914 
f 1912/1912/1912 1915/1915/1915 1914/1914/1914 
f 1914/1914/1914 1915/1915/1915 1914/1914/1914 
f 1915/1915/1915 1916/1916/1916 1914/1914/1914 
f 1914/1914/1914 1916/1916/1916 1917/1917/1917 
f 1916/1916/1916 1918/1918/1918 1917/1917/1917 
f 1917/1917/1917 1918/1918/1918 1917/1917/1917 
f 1918/1918/1918 1919/1919/1919 1917/1917/1917 
f 1917/1917/1917 1919/1919/1919 1920/1920/1920 
f 1919/1919/1919 1921/1921/1921 1920/1920/1920 
f 1920/1920/1920 1921/1921/1921 1922/1922/1922 
f 1921/1921/1921 1921/1921/1921 1922/1922/1922 
f 1922/1922/1922 1921/1921/1921 1923/1923/1923 
f 1921/1921/1921 1924/1924/1924 1923/1923/1923 
f 1923/1923/1923 1924/1924/1924 1923/1923/1923 
f 1924/1924/1924 1925/1925/1925 1923/1923/1923 
f 1923/1923/1923 1925/1925/1925 1926/1926/1926 
f 1925/1925/1925 1926/1926/1926 1926/1926/1926 
f 1926/1926/1926 1926/1926/1926 1905/1905/1905 
f 1926/1926/1926 1905/1905/1905 1905/1905/1905 
f 1905/1905/1905 1905/1905/1905 1903/1903/1903 
f 1905/1905/1905 1927/1927/1927 1903/1903/1903 
f 1903/1903/1903 1927/1927/1927 1901/1901/1901 
f 1927/1927/1927 1901/1901/1901 1901/1901/1901 
f 1901/1901/1901 1901/1901/1901 1908/1908/1908 
f 1901/1901/1901 1908/1908/1908 1908/1908/1908 
f 1908/1908/1908 1908/1908/1908 1928/1928/1928 
f 1908/1908/1908 1910/1910/1910 1928/1928/1928 
f 1928/1928/1928 1910/1910/1910 1910/1910/1910 
f 1910/1910/1910 1915/1915/1915 1910/1910/1910 
f 1910/1910/1910 1915/1915/1915 1915/1915/1915 
f 1915/1915/1915 1912/1912/1912 1915/1915/1915 
f 1915/1915/1915 1912/1912/1912 1929/1929/1929 
f 1912/1912/1912 1912/1912/1912 1929/1929/1929 
f 1929/1929/1929 1912/1912/1912 1930/1930/1930 
f 1912/1912/1912 1909/1909/1909 1930/1930/1930 
f 1930/1930/1930 1909/1909/1909 1931/1931/1931 
f 1909/1909/1909 1904/1904/1904 1931/1931/1931 
f 1931/1931/1931 1904/1904/1904 1931/1931/1931 
f 1904/1904/1904 1902/1902/1902 1931/1931/1931 
f 1931/1931/1931 1902/1902/1902 1932/1932/1932 
f 1902/1902/1902 1933/1933/1933 1932/1932/1932 
f 1932/1932/1932 1933/1933/1933 1932/1932/1932 
f 1933/1933/1933 1934/1934/1934 1932/1932/1932 
f 1932/1932/1932 1934/1934/1934 1932/1932/1932 
f 1934/1934/1934 1935/1935/1935 1932/1932/1932 
f 1932/1932/1932 1935/1935/1935 1931/1931/1931 
f 1935/1935/1935 1930/1930/1930 1931/1931/1931 
f 1931/1931/1931 1930/1930/1930 1930/1930/1930 
f 1930/1930/1930 1936/1936/1936 1930/1930/1930 
f 1930/1930/1930 1936/1936/1936 1936/1936/1936 
f 1936/1936/1936 1921/1921/1921 1936/1936/1936 
f 1936/1936/1936 1921/1921/1921 1919/1919/1919 
f 1921/1921/1921 1919/1919/1919 1919/1919/1919 
f 1919/1919/1919 1919/1919/1919 1937/1937/1937 
f 1919/1919/1919 1937/1937/1937 1937/1937/1937 
f 1937/1937/1937 1937/1937/1937 1921/1921/1921 
f 1937/1937/1937 1924/1924/1924 1921/1921/1921 
f 1921/1921/1921 1924/1924/1924 1924/1924/1924 
f 1924/1924/1924 1938/1938/1938 1924/1924/1924 
f 1924/1924/1924 1938/1938/1938 1938/1938/1938 
f 1938/1938/1938 1939/1939/1939 1938/1938/1938 
f 1938/1938/1938 1939/1939/1939 1940/1940/1940 
f 1939/1939/1939 1939/1939/1939 1940/1940/1940 
f 1940/1940/1940 1939/1939/1939 1941/1941/1941 
f 1939/1939/1939 1942/1942/1942 1941/1941/1941 
f 1941/1941/1941 1942/1942/1942 1943/1943/1943 
f 1942/1942/1942 1944/1944/1944 1943/1943/1943 
f 1943/1943/1943 1944/1944/1944 1945/1945/1945 
f 1944/1944/1944 1946/1946/1946 1945/1945/1945 
f 1945/1945/1945 1946/1946/1946 1946/1946/1946 
f 1946/1946/1946 1947/1947/1947 1946/1946/1946 
f 1946/1946/1946 1947/1947/1947 1947/1947/1947 
f 1947/1947/1947 1948/1948/1948 1947/1947/1947 
f 1947/1947/1947 1948/1948/1948 1949/1949/1949 
f 1948/1948/1948 1950/1950/1950 1949/1949/1949 
f 1949/1949/1949 1950/1950/1950 1951/1951/1951 
f 1950/1950/1950 1952/1952/1952 1951/1951/1951 
f 1951/1951/1951 1952/1952/1952 1951/1951/1951 
f 1952/1952/1952 1953/1953/1953 1951/1951/1951 
f 1951/1951/1951 1953/1953/1953 1954/1954/1954 
f 1953/1953/1953 1954/1954/1954 1954/1954/1954 
f 1954/1954/1954 1954/1954/1954 1950/1950/1950 
f 1954/1954/1954 1950/1950/1950 1950/1950/1950 
f 1950/1950/1950 1950/1950/1950 1955/1955/1955 
f 1950/1950/1950 1948/1948/1948 1955/1955/1955 
f 1955/1955/1955 1948/1948/1948 1955/1955/1955 
f 1948/1948/1948 1956/1956/1956 1955/1955/1955 
f 1955/1955/1955 1956/1956/1956 1955/1955/1955 
f 1956/1956/1956 1957/1957/1957 1955/1955/1955 
f 1955/1955/1955 1957/1957/1957 1958/1958/1958 
f 1957/1957/1957 1959/1959/1959 1958/1958/1958 
f 1958/1958/1958 1959/1959/1959 1959/1959/1959 
f 1959/1959/1959 1950/1950/1950 1959/1959/1959 
f 1959/1959/1959 1950/1950/1950 1950/1950/1950 
f 1950/1950/1950 1955/1955/1955 1950/1950/1950 
f 1950/1950/1950 1955/1955/1955 1960/1960/1960 
f 1955/1955/1955 1961/1961/1961 1960/1960/1960 
f 1960/1960/1960 1961/1961/1961 1962/1962/1962 
f 1961/1961/1961 1961/1961/1961 1962/1962/1962 
f 1962/1962/1962 1961/1961/1961 1963/1963/1963 
f 1961/1961/1961 1958/1958/1958 1963/1963/1963 
f 1963/1963/1963 1958/1958/1958 1963/1963/1963 
f 1958/1958/1958 1959/1959/1959 1963/1963/1963 
f 1963/1963/1963 1959/1959/1959 1964/1964/1964 
f 1959/1959/1959 1965/1965/1965 1964/1964/1964 
f 1964/1964/1964 1965/1965/1965 1966/1966/1966 
f 1965/1965/1965 1967/1967/1967 1966/1966/1966 
f 1966/1966/1966 1967/1967/1967 1968/1968/1968 
f 1967/1967/1967 1969/1969/1969 1968/1968/1968 
f 1968/1968/1968 1969/1969/1969 1970/1970/1970 
f 1969/1969/1969 1971/1971/1971 1970/1970/1970 
f 1970/1970/1970 1971/1971/1971 1972/1972/1972 
f 1971/1971/1971 1971/1971/1971 1972/1972/1972 
f 1972/1972/1972 1971/1971/1971 1973/1973/1973 
f 1971/1971/1971 1974/1974/1974 1973/1973/1973 
f 1973/1973/1973 1974/1974/1974 1974/1974/1974 
f 1974/1974/1974 1955/1955/1955 1974/1974/1974 
f 1974/1974/1974 1955/1955/1955 1955/1955/1955 
f 1955/1955/1955 1958/1958/1958 1955/1955/1955 
f 1955/1955/1955 1958/1958/1958 1961/1961/1961 
f 1958/1958/1958 1961/1961/1961 1961/1961/1961 
f 1961/1961/1961 1961/1961/1961 1950/1950/1950 
f 1961/1961/1961 1950/1950/1950 1950/1950/1950 
f 1950/1950/1950 1950/1950/1950 1952/1952/1952 
f 1950/1950/1950 1960/1960/1960 1952/1952/1952 
f 1952/1952/1952 1960/1960/1960 1952/1952/1952 
f 1960/1960/1960 1962/1962/1962 1952/1952/1952 
f 1952/1952/1952 1962/1962/1962 1953/1953/1953 
f 1962/1962/1962 1953/1953/1953 1953/1953/1953 
f 1953/1953/1953 1953/1953/1953 1975/1975/1975 
f 1953/1953/1953 1975/1975/1975 1975/1975/1975 
f 1975/1975/1975 1975/1975/1975 1976/1976/1976 
f 1975/1975/1975 1954/1954/1954 1976/1976/1976 
f 1976/1976/1976 1954/1954/1954 1977/1977/1977 
f 1954/1954/1954 1953/1953/1953 1977/1977/1977 
f 1977/1977/1977 1953/1953/1953 1977/1977/1977 
f 1953/1953/1953 1978/1978/1978 1977/1977/1977 
f 1977/1977/1977 1978/1978/1978 1979/1979/1979 
f 1978/1978/1978 1972/1972/1972 1979/1979/1979 
f 1979/1979/1979 1972/1972/1972 1979/1979/1979 
f 1972/1972/1972 1973/1973/1973 1979/1979/1979 
f 1979/1979/1979 1973/1973/1973 1979/1979/1979 
f 1973/1973/1973 1980/1980/1980 1979/1979/1979 
f 1979/1979/1979 1980/1980/1980 1979/1979/1979 
f 1980/1980/1980 1976/1976/1976 1979/1979/1979 
f 1979/1979/1979 1976/1976/1976 1977/1977/1977 
f 1976/1976/1976 1977/1977/1977 1977/1977/1977 
f 1977/1977/1977 1977/1977/1977 1968/1968/1968 
f 1977/1977/1977 1968/1968/1968 1968/1968/1968 
f 1968/1968/1968 1968/1968/1968 1981/1981/1981 
f 1968/1968/1968 1970/1970/1970 1981/1981/1981 
f 1981/1981/1981 1970/1970/1970 1981/1981/1981 
f 1970/1970/1970 1972/1972/1972 1981/1981/1981 
f 1981/1981/1981 1972/1972/1972 1981/1981/1981 
f 1972/1972/1972 1978/1978/1978 1981/1981/1981 
f 1981/1981/1981 1978/1978/1978 1982/1982/1982 
f 1978/1978/1978 1983/1983/1983 1982/1982/1982 
f 1982/1982/1982 1983/1983/1983 1964/1964/1964 
f 1983/1983/1983 1963/1963/1963 1964/1964/1964 
f 1964/1964/1964 1963/1963/1963 1963/1963/1963 
f 1963/1963/1963 1981/1981/1981 1963/1963/1963 
f 1963/1963/1963 1981/1981/1981 1981/1981/1981 
f 1981/1981/1981 1982/1982/1982 1981/1981/1981 
f 1981/1981/1981 1982/1982/1982 1968/1968/1968 
f 1982/1982/1982 1982/1982/1982 1968/1968/1968 
f 1968/1968/1968 1982/1982/1982 1966/1966/1966 
f 1982/1982/1982 1964/1964/1964 1966/1966/1966 
f 1966/1966/1966 1964/1964/1964 1964/1964/1964 
f 1964/1964/1964 1983/1983/1983 1964/1964/1964 
f 1964/1964/1964 1983/1983/1983 1983/1983/1983 
f 1983/1983/1983 1978/1978/1978 1983/1983/1983 
f 1983/1983/1983 1978/1978/1978 1984/1984/1984 
f 1978/1978/1978 1953/1953/1953 1984/1984/1984 
f 1984/1984/1984 1953/1953/1953 1984/1984/1984 
f 1953/1953/1953 1962/1962/1962 1984/1984/1984 
f 1984/1984/1984 1962/1962/1962 1984/1984/1984 
f 1962/1962/1962 1963/1963/1963 1984/1984/1984 
f 1984/1984/1984 1963/1963/1963 1985/1985/1985 
f 1963/1963/1963 1983/1983/1983 1985/1985/1985 
f 1985/1985/1985 1983/1983/1983 1984/1984/1984 
f 1983/1983/1983 1984/1984/1984 1984/1984/1984 
f 1984/1984/1984 1984/1984/1984 1986/1986/1986 
f 1984/1984/1984 1986/1986/1986 1986/1986/1986 
f 1986/1986/1986 1986/1986/1986 1987/1987/1987 
f 1986/1986/1986 1988/1988/1988 1987/1987/1987 
f 1987/1987/1987 1988/1988/1988 1989/1989/1989 
f 1988/1988/1988 1990/1990/1990 1989/1989/1989 
f 1989/1989/1989 1990/1990/1990 1991/1991/1991 
f 1990/1990/1990 1992/1992/1992 1991/1991/1991 
f 1991/1991/1991 1992/1992/1992 1993/1993/1993 
f 1992/1992/1992 1993/1993/1993 1993/1993/1993 
f 1993/1993/1993 1993/1993/1993 1990/1990/1990 
f 1993/1993/1993 1990/1990/1990 1990/1990/1990 
f 1990/1990/1990 1990/1990/1990 1992/1992/1992 
f 1990/1990/1990 1994/1994/1994 1992/1992/1992 
f 1992/1992/1992 1994/1994/1994 1995/1995/1995 
f 1994/1994/1994 1994/1994/1994 1995/1995/1995 
f 1995/1995/1995 1994/1994/1994 1996/1996/1996 
f 1994/1994/1994 1997/1997/1997 1996/1996/1996 
f 1996/1996/1996 1997/1997/1997 1997/1997/1997 
f 1997/1997/1997 1998/1998/1998 1997/1997/1997 
f 1997/1997/1997 1998/1998/1998 1998/1998/1998 
f 1998/1998/1998 1999/1999/1999 1998/1998/1998 
f 1998/1998/1998 1999/1999/1999 2000/2000/2000 
f 1999/1999/1999 1999/1999/1999 2000/2000/2000 
f 2000/2000/2000 1999/1999/1999 2001/2001/2001 
f 1999/1999/1999 2002/2002/2002 2001/2001/2001 
f 2001/2001/2001 2002/2002/2002 2001/2001/2001 
f 2002/2002/2002 2003/2003/2003 2001/2001/2001 
f 2001/2001/2001 2003/2003/2003 2004/2004/2004 
f 2003/2003/2003 2004/2004/2004 2004/2004/2004 
f 2004/2004/2004 2004/2004/2004 2005/2005/2005 
f 2004/2004/2004 2005/2005/2005 2005/2005/2005 
f 2005/2005/2005 2005/2005/2005 2006/2006/2006 
f 2005/2005/2005 2007/2007/2007 2006/2006/2006 
f 2006/2006/2006 2007/2007/2007 2008/2008/2008 
f 2007/2007/2007 2009/2009/2009 2008/2008/2008 
f 2008/2008/2008 2009/2009/2009 2008/2008/2008 
f 2009/2009/2009 2010/2010/2010 2008/2008/2008 
f 2008/2008/2008 2010/2010/2010 2008/2008/2008 
f 2010/2010/2010 2011/2011/2011 2008/2008/2008 
f 2008/2008/2008 2011/2011/2011 2012/2012/2012 
f 2011/2011/2011 2013/2013/2013 2012/2012/2012 
f 2012/2012/2012 2013/2013/2013 2014/2014/2014 
f 2013/2013/2013 2015/2015/2015 2014/2014/2014 
f 2014/2014/2014 2015/2015/2015 2016/2016/2016 
f 2015/2015/2015 2017/2017/2017 2016/2016/2016 
f 2016/2016/2016 2017/2017/2017 2018/2018/2018 
f 2017/2017/2017 2019/2019/2019 2018/2018/2018 
f 2018/2018/2018 2019/2019/2019 2019/2019/2019 
f 2019/2019/2019 2005/2005/2005 2019/2019/2019 
f 2019/2019/2019 2005/2005/2005 2005/2005/2005 
f 2005/2005/2005 2006/2006/2006 2005/2005/2005 
f 2005/2005/2005 2006/2006/2006 2020/2020/2020 
f 2006/2006/2006 2012/2012/2012 2020/2020/2020 
f 2020/2020/2020 2012/2012/2012 2014/2014/2014 
f 2012/2012/2012 2014/2014/2014 2014/2014/2014 
f 2014/2014/2014 2014/2014/2014 2006/2006/2006 
f 2014/2014/2014 2006/2006/2006 2006/2006/2006 
f 2006/2006/2006 2006/2006/2006 2012/2012/2012 
f 2006/2006/2006 2008/2008/2008 2012/2012/2012 
f 2012/2012/2012 2008/2008/2008 2008/2008/2008 
f 2008/2008/2008 2021/2021/2021 2008/2008/2008 
f 2008/2008/2008 2021/2021/2021 2021/2021/2021 
f 2021/2021/2021 2016/2016/2016 2021/2021/2021 
f 2021/2021/2021 2016/2016/2016 2018/2018/2018 
f 2016/2016/2016 2018/2018/2018 2018/2018/2018 
f 2018/2018/2018 2018/2018/2018 2017/2017/2017 
f 2018/2018/2018 2017/2017/2017 2017/2017/2017 
f 2017/2017/2017 2017/2017/2017 2022/2022/2022 
f 2017/2017/2017 2015/2015/2015 2022/2022/2022 
f 2022/2022/2022 2015/2015/2015 2023/2023/2023 
f 2015/2015/2015 2024/2024/2024 2023/2023/2023 
f 2023/2023/2023 2024/2024/2024 2025/2025/2025 
f 2024/2024/2024 2026/2026/2026 2025/2025/2025 
f 2025/2025/2025 2026/2026/2026 2027/2027/2027 
f 2026/2026/2026 2028/2028/2028 2027/2027/2027 
f 2027/2027/2027 2028/2028/2028 2029/2029/2029 
f 2028/2028/2028 2030/2030/2030 2029/2029/2029 
f 2029/2029/2029 2030/2030/2030 2031/2031/2031 
f 2030/2030/2030 2032/2032/2032 2031/2031/2031 
f 2031/2031/2031 2032/2032/2032 2033/2033/2033 
f 2032/2032/2032 2032/2032/2032 2033/2033/2033 
f 2033/2033/2033 2032/2032/2032 2034/2034/2034 
f 2032/2032/2032 2032/2032/2032 2034/2034/2034 
f 2034/2034/2034 2032/2032/2032 2035/2035/2035 
f 2032/2032/2032 2030/2030/2030 2035/2035/2035 
f 2035/2035/2035 2030/2030/2030 2035/2035/2035 
f 2030/2030/2030 2028/2028/2028 2035/2035/2035 
f 2035/2035/2035 2028/2028/2028 2036/2036/2036 
f 2028/2028/2028 2026/2026/2026 2036/2036/2036 
f 2036/2036/2036 2026/2026/2026 2036/2036/2036 
f 2026/2026/2026 2024/2024/2024 2036/2036/2036 
f 2036/2036/2036 2024/2024/2024 2036/2036/2036 
f 2024/2024/2024 2037/2037/2037 2036/2036/2036 
f 2036/2036/2036 2037/2037/2037 2036/2036/2036 
f 2037/2037/2037 2038/2038/2038 2036/2036/2036 
f 2036/2036/2036 2038/2038/2038 2035/2035/2035 
f 2038/2038/2038 2039/2039/2039 2035/2035/2035 
f 2035/2035/2035 2039/2039/2039 2040/2040/2040 
f 2039/2039/2039 2041/2041/2041 2040/2040/2040 
f 2040/2040/2040 2041/2041/2041 2040/2040/2040 
f 2041/2041/2041 2042/2042/2042 2040/2040/2040 
f 2040/2040/2040 2042/2042/2042 2040/2040/2040 
f 2042/2042/2042 2034/2034/2034 2040/2040/2040 
f 2040/2040/2040 2034/2034/2034 2035/2035/2035 
f 2034/2034/2034 2035/2035/2035 2035/2035/2035 
f 2035/2035/2035 2035/2035/2035 2023/2023/2023 
f 2035/2035/2035 2023/2023/2023 2023/2023/2023 
f 2023/2023/2023 2023/2023/2023 2022/2022/2022 
f 2023/2023/2023 2043/2043/2043 2022/2022/2022 
f 2022/2022/2022 2043/2043/2043 2043/2043/2043 
f 2043/2043/2043 2039/2039/2039 2043/2043/2043 
f 2043/2043/2043 2039/2039/2039 2039/2039/2039 
f 2039/2039/2039 2038/2038/2038 2039/2039/2039 
f 2039/2039/2039 2038/2038/2038 2041/2041/2041 
f 2038/2038/2038 2037/2037/2037 2041/2041/2041 
f 2041/2041/2041 2037/2037/2037 2044/2044/2044 
f 2037/2037/2037 2045/2045/2045 2044/2044/2044 
f 2044/2044/2044 2045/2045/2045 2046/2046/2046 
f 2045/2045/2045 2037/2037/2037 2046/2046/2046 
f 2046/2046/2046 2037/2037/2037 2046/2046/2046 
f 2037/2037/2037 2024/2024/2024 2046/2046/2046 
f 2046/2046/2046 2024/2024/2024 2047/2047/2047 
f 2024/2024/2024 2015/2015/2015 2047/2047/2047 
f 2047/2047/2047 2015/2015/2015 2047/2047/2047 
f 2015/2015/2015 2013/2013/2013 2047/2047/2047 
f 2047/2047/2047 2013/2013/2013 2048/2048/2048 
f 2013/2013/2013 2011/2011/2011 2048/2048/2048 
f 2048/2048/2048 2011/2011/2011 2049/2049/2049 
f 2011/2011/2011 2044/2044/2044 2049/2049/2049 
f 2049/2049/2049 2044/2044/2044 2049/2049/2049 
f 2044/2044/2044 2046/2046/2046 2049/2049/2049 
f 2049/2049/2049 2046/2046/2046 2049/2049/2049 
f 2046/2046/2046 2047/2047/2047 2049/2049/2049 
f 2049/2049/2049 2047/2047/2047 2048/2048/2048 
f 2047/2047/2047 2048/2048/2048 2048/2048/2048 
f 2048/2048/2048 2048/2048/2048 2011/2011/2011 
f 2048/2048/2048 2011/2011/2011 2011/2011/2011 
f 2011/2011/2011 2011/2011/2011 2044/2044/2044 
f 2011/2011/2011 2050/2050/2050 2044/2044/2044 
f 2044/2044/2044 2050/2050/2050 2041/2041/2041 
f 2050/2050/2050 2041/2041/2041 2041/2041/2041 
f 2041/2041/2041 2041/2041/2041 2011/2011/2011 
f 2041/2041/2041 2011/2011/2011 2011/2011/2011 
f 2011/2011/2011 2011/2011/2011 2050/2050/2050 
f 2011/2011/2011 2010/2010/2010 2050/2050/2050 
f 2050/2050/2050 2010/2010/2010 2051/2051/2051 
f 2010/2010/2010 2009/2009/2009 2051/2051/2051 
f 2051/2051/2051 2009/2009/2009 2052/2052/2052 
f 2009/2009/2009 2052/2052/2052 2052/2052/2052 
f 2052/2052/2052 2052/2052/2052 2050/2050/2050 
f 2052/2052/2052 2050/2050/2050 2050/2050/2050 
f 2050/2050/2050 2050/2050/2050 2053/2053/2053 
f 2050/2050/2050 2051/2051/2051 2053/2053/2053 
f 2053/2053/2053 2051/2051/2051 2054/2054/2054 
f 2051/2051/2051 2054/2054/2054 2054/2054/2054 
f 2054/2054/2054 2054/2054/2054 2053/2053/2053 
f 2054/2054/2054 2053/2053/2053 2053/2053/2053 
f 2053/2053/2053 2053/2053/2053 2050/2050/2050 
f 2053/2053/2053 2055/2055/2055 2050/2050/2050 
f 2050/2050/2050 2055/2055/2055 2041/2041/2041 
f 2055/2055/2055 2055/2055/2055 2041/2041/2041 
f 2041/2041/2041 2055/2055/2055 2042/2042/2042 
f 2055/2055/2055 2055/2055/2055 2042/2042/2042 
f 2042/2042/2042 2055/2055/2055 2056/2056/2056 
f 2055/2055/2055 2053/2053/2053 2056/2056/2056 
f 2056/2056/2056 2053/2053/2053 2057/2057/2057 
f 2053/2053/2053 2058/2058/2058 2057/2057/2057 
f 2057/2057/2057 2058/2058/2058 2059/2059/2059 
f 2058/2058/2058 2059/2059/2059 2059/2059/2059 
f 2059/2059/2059 2059/2059/2059 2053/2053/2053 
f 2059/2059/2059 2053/2053/2053 2053/2053/2053 
f 2053/2053/2053 2053/2053/2053 2058/2058/2058 
f 2053/2053/2053 2054/2054/2054 2058/2058/2058 
f 2058/2058/2058 2054/2054/2054 2052/2052/2052 
f 2054/2054/2054 2052/2052/2052 2052/2052/2052 
f 2052/2052/2052 2052/2052/2052 2060/2060/2060 
f 2052/2052/2052 2060/2060/2060 2060/2060/2060 
f 2060/2060/2060 2060/2060/2060 2061/2061/2061 
f 2060/2060/2060 2062/2062/2062 2061/2061/2061 
f 2061/2061/2061 2062/2062/2062 2061/2061/2061 
f 2062/2062/2062 2063/2063/2063 2061/2061/2061 
f 2061/2061/2061 2063/2063/2063 2061/2061/2061 
f 2063/2063/2063 2064/2064/2064 2061/2061/2061 
f 2061/2061/2061 2064/2064/2064 2065/2065/2065 
f 2064/2064/2064 2065/2065/2065 2065/2065/2065 
f 2065/2065/2065 2065/2065/2065 2066/2066/2066 
f 2065/2065/2065 2066/2066/2066 2066/2066/2066 
f 2066/2066/2066 2066/2066/2066 2067/2067/2067 
f 2066/2066/2066 2068/2068/2068 2067/2067/2067 
f 2067/2067/2067 2068/2068/2068 2069/2069/2069 
f 2068/2068/2068 2070/2070/2070 2069/2069/2069 
f 2069/2069/2069 2070/2070/2070 2070/2070/2070 
f 2070/2070/2070 2071/2071/2071 2070/2070/2070 
f 2070/2070/2070 2071/2071/2071 2071/2071/2071 
f 2071/2071/2071 2072/2072/2072 2071/2071/2071 
f 2071/2071/2071 2072/2072/2072 2073/2073/2073 
f 2072/2072/2072 2072/2072/2072 2073/2073/2073 
f 2073/2073/2073 2072/2072/2072 2074/2074/2074 
f 2072/2072/2072 2075/2075/2075 2074/2074/2074 
f 2074/2074/2074 2075/2075/2075 2076/2076/2076 
f 2075/2075/2075 2076/2076/2076 2076/2076/2076 
f 2076/2076/2076 2076/2076/2076 2077/2077/2077 
f 2076/2076/2076 2077/2077/2077 2077/2077/2077 
f 2077/2077/2077 2077/2077/2077 2078/2078/2078 
f 2077/2077/2077 2079/2079/2079 2078/2078/2078 
f 2078/2078/2078 2079/2079/2079 2080/2080/2080 
f 2079/2079/2079 2081/2081/2081 2080/2080/2080 
f 2080/2080/2080 2081/2081/2081 2082/2082/2082 
f 2081/2081/2081 2083/2083/2083 2082/2082/2082 
f 2082/2082/2082 2083/2083/2083 2083/2083/2083 
f 2083/2083/2083 2080/2080/2080 2083/2083/2083 
f 2083/2083/2083 2080/2080/2080 2080/2080/2080 
f 2080/2080/2080 2082/2082/2082 2080/2080/2080 
f 2080/2080/2080 2082/2082/2082 2084/2084/2084 
f 2082/2082/2082 2084/2084/2084 2084/2084/2084 
f 2084/2084/2084 2084/2084/2084 2085/2085/2085 
f 2084/2084/2084 2085/2085/2085 2085/2085/2085 
f 2085/2085/2085 2085/2085/2085 2086/2086/2086 
f 2085/2085/2085 2087/2087/2087 2086/2086/2086 
f 2086/2086/2086 2087/2087/2087 2088/2088/2088 
f 2087/2087/2087 2089/2089/2089 2088/2088/2088 
f 2088/2088/2088 2089/2089/2089 2088/2088/2088 
f 2089/2089/2089 2090/2090/2090 2088/2088/2088 
f 2088/2088/2088 2090/2090/2090 2091/2091/2091 
f 2090/2090/2090 2090/2090/2090 2091/2091/2091 
f 2091/2091/2091 2090/2090/2090 2092/2092/2092 
f 2090/2090/2090 2093/2093/2093 2092/2092/2092 
f 2092/2092/2092 2093/2093/2093 2093/2093/2093 
f 2093/2093/2093 2089/2089/2089 2093/2093/2093 
f 2093/2093/2093 2089/2089/2089 2089/2089/2089 
f 2089/2089/2089 2087/2087/2087 2089/2089/2089 
f 2089/2089/2089 2087/2087/2087 2094/2094/2094 
f 2087/2087/2087 2095/2095/2095 2094/2094/2094 
f 2094/2094/2094 2095/2095/2095 2096/2096/2096 
f 2095/2095/2095 2096/2096/2096 2096/2096/2096 
f 2096/2096/2096 2096/2096/2096 2097/2097/2097 
f 2096/2096/2096 2097/2097/2097 2097/2097/2097 
f 2097/2097/2097 2097/2097/2097 2098/2098/2098 
f 2097/2097/2097 2099/2099/2099 2098/2098/2098 
f 2098/2098/2098 2099/2099/2099 2098/2098/2098 
f 2099/2099/2099 2100/2100/2100 2098/2098/2098 
f 2098/2098/2098 2100/2100/2100 2101/2101/2101 
f 2100/2100/2100 2100/2100/2100 2101/2101/2101 
f 2101/2101/2101 2100/2100/2100 2102/2102/2102 
f 2100/2100/2100 2103/2103/2103 2102/2102/2102 
f 2102/2102/2102 2103/2103/2103 2104/2104/2104 
f 2103/2103/2103 2105/2105/2105 2104/2104/2104 
f 2104/2104/2104 2105/2105/2105 2106/2106/2106 
f 2105/2105/2105 2107/2107/2107 2106/2106/2106 
f 2106/2106/2106 2107/2107/2107 2108/2108/2108 
f 2107/2107/2107 2108/2108/2108 2108/2108/2108 
f 2108/2108/2108 2108/2108/2108 2097/2097/2097 
f 2108/2108/2108 2097/2097/2097 2097/2097/2097 
f 2097/2097/2097 2097/2097/2097 2109/2109/2109 
f 2097/2097/2097 2098/2098/2098 2109/2109/2109 
f 2109/2109/2109 2098/2098/2098 2110/2110/2110 
f 2098/2098/2098 2101/2101/2101 2110/2110/2110 
f 2110/2110/2110 2101/2101/2101 2101/2101/2101 
f 2101/2101/2101 2102/2102/2102 2101/2101/2101 
f 2101/2101/2101 2102/2102/2102 2102/2102/2102 
f 2102/2102/2102 2104/2104/2104 2102/2102/2102 
f 2102/2102/2102 2104/2104/2104 2111/2111/2111 
f 2104/2104/2104 2111/2111/2111 2111/2111/2111 
f 2111/2111/2111 2111/2111/2111 2107/2107/2107 
f 2111/2111/2111 2107/2107/2107 2107/2107/2107 
f 2107/2107/2107 2107/2107/2107 2112/2112/2112 
f 2107/2107/2107 2105/2105/2105 2112/2112/2112 
f 2112/2112/2112 2105/2105/2105 2112/2112/2112 
f 2105/2105/2105 2103/2103/2103 2112/2112/2112 
f 2112/2112/2112 2103/2103/2103 2113/2113/2113 
f 2103/2103/2103 2100/2100/2100 2113/2113/2113 
f 2113/2113/2113 2100/2100/2100 2114/2114/2114 
f 2100/2100/2100 2099/2099/2099 2114/2114/2114 
f 2114/2114/2114 2099/2099/2099 2099/2099/2099 
f 2099/2099/2099 2112/2112/2112 2099/2099/2099 
f 2099/2099/2099 2112/2112/2112 2112/2112/2112 
f 2112/2112/2112 2113/2113/2113 2112/2112/2112 
f 2112/2112/2112 2113/2113/2113 2115/2115/2115 
f 2113/2113/2113 2114/2114/2114 2115/2115/2115 
f 2115/2115/2115 2114/2114/2114 2114/2114/2114 
f 2114/2114/2114 2116/2116/2116 2114/2114/2114 
f 2114/2114/2114 2116/2116/2116 2116/2116/2116 
f 2116/2116/2116 2117/2117/2117 2116/2116/2116 
f 2116/2116/2116 2117/2117/2117 2118/2118/2118 
f 2117/2117/2117 2117/2117/2117 2118/2118/2118 
f 2118/2118/2118 2117/2117/2117 2119/2119/2119 
f 2117/2117/2117 2120/2120/2120 2119/2119/2119 
f 2119/2119/2119 2120/2120/2120 2121/2121/2121 
f 2120/2120/2120 2121/2121/2121 2121/2121/2121 
f 2121/2121/2121 2121/2121/2121 2122/2122/2122 
f 2121/2121/2121 2122/2122/2122 2122/2122/2122 
f 2122/2122/2122 2122/2122/2122 2123/2123/2123 
f 2122/2122/2122 2124/2124/2124 2123/2123/2123 
f 2123/2123/2123 2124/2124/2124 2123/2123/2123 
f 2124/2124/2124 2125/2125/2125 2123/2123/2123 
f 2123/2123/2123 2125/2125/2125 2126/2126/2126 
f 2125/2125/2125 2127/2127/2127 2126/2126/2126 
f 2126/2126/2126 2127/2127/2127 2128/2128/2128 
f 2127/2127/2127 2129/2129/2129 2128/2128/2128 
f 2128/2128/2128 2129/2129/2129 2130/2130/2130 
f 2129/2129/2129 2127/2127/2127 2130/2130/2130 
f 2130/2130/2130 2127/2127/2127 2127/2127/2127 
f 2127/2127/2127 2130/2130/2130 2127/2127/2127 
f 2127/2127/2127 2130/2130/2130 2130/2130/2130 
f 2130/2130/2130 2131/2131/2131 2130/2130/2130 
f 2130/2130/2130 2131/2131/2131 2128/2128/2128 
f 2131/2131/2131 2132/2132/2132 2128/2128/2128 
f 2128/2128/2128 2132/2132/2132 2132/2132/2132 
f 2132/2132/2132 2133/2133/2133 2132/2132/2132 
f 2132/2132/2132 2133/2133/2133 2133/2133/2133 
f 2133/2133/2133 2134/2134/2134 2133/2133/2133 
f 2133/2133/2133 2134/2134/2134 2135/2135/2135 
f 2134/2134/2134 2136/2136/2136 2135/2135/2135 
f 2135/2135/2135 2136/2136/2136 2136/2136/2136 
f 2136/2136/2136 2137/2137/2137 2136/2136/2136 
f 2136/2136/2136 2137/2137/2137 2137/2137/2137 
f 2137/2137/2137 2138/2138/2138 2137/2137/2137 
f 2137/2137/2137 2138/2138/2138 2139/2139/2139 
f 2138/2138/2138 2138/2138/2138 2139/2139/2139 
f 2139/2139/2139 2138/2138/2138 2140/2140/2140 
f 2138/2138/2138 2141/2141/2141 2140/2140/2140 
f 2140/2140/2140 2141/2141/2141 2142/2142/2142 
f 2141/2141/2141 2141/2141/2141 2142/2142/2142 
f 2142/2142/2142 2141/2141/2141 2143/2143/2143 
f 2141/2141/2141 2144/2144/2144 2143/2143/2143 
f 2143/2143/2143 2144/2144/2144 2145/2145/2145 
f 2144/2144/2144 2144/2144/2144 2145/2145/2145 
f 2145/2145/2145 2144/2144/2144 2146/2146/2146 
f 2144/2144/2144 2144/2144/2144 2146/2146/2146 
f 2146/2146/2146 2144/2144/2144 2147/2147/2147 
f 2144/2144/2144 2148/2148/2148 2147/2147/2147 
f 2147/2147/2147 2148/2148/2148 2147/2147/2147 
f 2148/2148/2148 2149/2149/2149 2147/2147/2147 
f 2147/2147/2147 2149/2149/2149 2150/2150/2150 
f 2149/2149/2149 2150/2150/2150 2150/2150/2150 
f 2150/2150/2150 2150/2150/2150 2141/2141/2141 
f 2150/2150/2150 2141/2141/2141 2141/2141/2141 
f 2141/2141/2141 2141/2141/2141 2144/2144/2144 
f 2141/2141/2141 2148/2148/2148 2144/2144/2144 
f 2144/2144/2144 2148/2148/2148 2148/2148/2148 
f 2148/2148/2148 2151/2151/2151 2148/2148/2148 
f 2148/2148/2148 2151/2151/2151 2151/2151/2151 
f 2151/2151/2151 2152/2152/2152 2151/2151/2151 
f 2151/2151/2151 2152/2152/2152 2153/2153/2153 
f 2152/2152/2152 2154/2154/2154 2153/2153/2153 
f 2153/2153/2153 2154/2154/2154 2154/2154/2154 
f 2154/2154/2154 2155/2155/2155 2154/2154/2154 
f 2154/2154/2154 2155/2155/2155 2155/2155/2155 
f 2155/2155/2155 2156/2156/2156 2155/2155/2155 
f 2155/2155/2155 2156/2156/2156 2157/2157/2157 
f 2156/2156/2156 2158/2158/2158 2157/2157/2157 
f 2157/2157/2157 2158/2158/2158 2159/2159/2159 
f 2158/2158/2158 2159/2159/2159 2159/2159/2159 
f 2159/2159/2159 2159/2159/2159 2158/2158/2158 
f 2159/2159/2159 2158/2158/2158 2158/2158/2158 
f 2158/2158/2158 2158/2158/2158 2160/2160/2160 
f 2158/2158/2158 2156/2156/2156 2160/2160/2160 
f 2160/2160/2160 2156/2156/2156 2160/2160/2160 
f 2156/2156/2156 2161/2161/2161 2160/2160/2160 
f 2160/2160/2160 2161/2161/2161 2162/2162/2162 
f 2161/2161/2161 2163/2163/2163 2162/2162/2162 
f 2162/2162/2162 2163/2163/2163 2162/2162/2162 
f 2163/2163/2163 2164/2164/2164 2162/2162/2162 
f 2162/2162/2162 2164/2164/2164 2162/2162/2162 
f 2164/2164/2164 2165/2165/2165 2162/2162/2162 
f 2162/2162/2162 2165/2165/2165 2166/2166/2166 
f 2165/2165/2165 2166/2166/2166 2166/2166/2166 
f 2166/2166/2166 2166/2166/2166 2167/2167/2167 
f 2166/2166/2166 2167/2167/2167 2167/2167/2167 
f 2167/2167/2167 2167/2167/2167 2168/2168/2168 
f 2167/2167/2167 2169/2169/2169 2168/2168/2168 
f 2168/2168/2168 2169/2169/2169 2170/2170/2170 
f 2169/2169/2169 2171/2171/2171 2170/2170/2170 
f 2170/2170/2170 2171/2171/2171 2172/2172/2172 
f 2171/2171/2171 2173/2173/2173 2172/2172/2172 
f 2172/2172/2172 2173/2173/2173 2173/2173/2173 
f 2173/2173/2173 2174/2174/2174 2173/2173/2173 
f 2173/2173/2173 2174/2174/2174 2174/2174/2174 
f 2174/2174/2174 2175/2175/2175 2174/2174/2174 
f 2174/2174/2174 2175/2175/2175 2176/2176/2176 
f 2175/2175/2175 2177/2177/2177 2176/2176/2176 
f 2176/2176/2176 2177/2177/2177 2178/2178/2178 
f 2177/2177/2177 2178/2178/2178 2178/2178/2178 
f 2178/2178/2178 2178/2178/2178 2179/2179/2179 
f 2178/2178/2178 2179/2179/2179 2179/2179/2179 
f 2179/2179/2179 2179/2179/2179 2180/2180/2180 
f 2179/2179/2179 2181/2181/2181 2180/2180/2180 
f 2180/2180/2180 2181/2181/2181 2180/2180/2180 
f 2181/2181/2181 2182/2182/2182 2180/2180/2180 
f 2180/2180/2180 2182/2182/2182 2183/2183/2183 
f 2182/2182/2182 2184/2184/2184 2183/2183/2183 
f 2183/2183/2183 2184/2184/2184 2183/2183/2183 
f 2184/2184/2184 2185/2185/2185 2183/2183/2183 
f 2183/2183/2183 2185/2185/2185 2186/2186/2186 
f 2185/2185/2185 2187/2187/2187 2186/2186/2186 
f 2186/2186/2186 2187/2187/2187 2188/2188/2188 
f 2187/2187/2187 2189/2189/2189 2188/2188/2188 
f 2188/2188/2188 2189/2189/2189 2188/2188/2188 
f 2189/2189/2189 2190/2190/2190 2188/2188/2188 
f 2188/2188/2188 2190/2190/2190 2188/2188/2188 
f 2190/2190/2190 2191/2191/2191 2188/2188/2188 
f 2188/2188/2188 2191/2191/2191 2188/2188/2188 
f 2191/2191/2191 2192/2192/2192 2188/2188/2188 
f 2188/2188/2188 2192/2192/2192 2183/2183/2183 
f 2192/2192/2192 2193/2193/2193 2183/2183/2183 
f 2183/2183/2183 2193/2193/2193 2180/2180/2180 
f 2193/2193/2193 2180/2180/2180 2180/2180/2180 
f 2180/2180/2180 2180/2180/2180 2186/2186/2186 
f 2180/2180/2180 2186/2186/2186 2186/2186/2186 
f 2186/2186/2186 2186/2186/2186 2183/2183/2183 
f 2186/2186/2186 2188/2188/2188 2183/2183/2183 
f 2183/2183/2183 2188/2188/2188 2188/2188/2188 
f 2188/2188/2188 2187/2187/2187 2188/2188/2188 
f 2188/2188/2188 2187/2187/2187 2187/2187/2187 
f 2187/2187/2187 2185/2185/2185 2187/2187/2187 
f 2187/2187/2187 2185/2185/2185 2189/2189/2189 
f 2185/2185/2185 2194/2194/2194 2189/2189/2189 
f 2189/2189/2189 2194/2194/2194 2190/2190/2190 
f 2194/2194/2194 2190/2190/2190 2190/2190/2190 
f 2190/2190/2190 2190/2190/2190 2194/2194/2194 
f 2190/2190/2190 2194/2194/2194 2194/2194/2194 
f 2194/2194/2194 2194/2194/2194 2195/2195/2195 
f 2194/2194/2194 2185/2185/2185 2195/2195/2195 
f 2195/2195/2195 2185/2185/2185 2195/2195/2195 
f 2185/2185/2185 2184/2184/2184 2195/2195/2195 
f 2195/2195/2195 2184/2184/2184 2195/2195/2195 
f 2184/2184/2184 2196/2196/2196 2195/2195/2195 
f 2195/2195/2195 2196/2196/2196 2195/2195/2195 
f 2196/2196/2196 2197/2197/2197 2195/2195/2195 
f 2195/2195/2195 2197/2197/2197 2198/2198/2198 
f 2197/2197/2197 2199/2199/2199 2198/2198/2198 
f 2198/2198/2198 2199/2199/2199 2194/2194/2194 
f 2199/2199/2199 2200/2200/2200 2194/2194/2194 
f 2194/2194/2194 2200/2200/2200 2190/2190/2190 
f 2200/2200/2200 2201/2201/2201 2190/2190/2190 
f 2190/2190/2190 2201/2201/2201 2191/2191/2191 
f 2201/2201/2201 2202/2202/2202 2191/2191/2191 
f 2191/2191/2191 2202/2202/2202 2192/2192/2192 
f 2202/2202/2202 2202/2202/2202 2192/2192/2192 
f 2192/2192/2192 2202/2202/2202 2203/2203/2203 
f 2202/2202/2202 2204/2204/2204 2203/2203/2203 
f 2203/2203/2203 2204/2204/2204 2205/2205/2205 
f 2204/2204/2204 2206/2206/2206 2205/2205/2205 
f 2205/2205/2205 2206/2206/2206 2205/2205/2205 
f 2206/2206/2206 2207/2207/2207 2205/2205/2205 
f 2205/2205/2205 2207/2207/2207 2205/2205/2205 
f 2207/2207/2207 2208/2208/2208 2205/2205/2205 
f 2205/2205/2205 2208/2208/2208 2203/2203/2203 
f 2208/2208/2208 2209/2209/2209 2203/2203/2203 
f 2203/2203/2203 2209/2209/2209 2192/2192/2192 
f 2209/2209/2209 2192/2192/2192 2192/2192/2192 
f 2192/2192/2192 2192/2192/2192 2198/2198/2198 
f 2192/2192/2192 2198/2198/2198 2198/2198/2198 
f 2198/2198/2198 2198/2198/2198 2195/2195/2195 
f 2198/2198/2198 2194/2194/2194 2195/2195/2195 
f 2195/2195/2195 2194/2194/2194 2194/2194/2194 
f 2194/2194/2194 2204/2204/2204 2194/2194/2194 
f 2194/2194/2194 2204/2204/2204 2204/2204/2204 
f 2204/2204/2204 2202/2202/2202 2204/2204/2204 
f 2204/2204/2204 2202/2202/2202 2210/2210/2210 
f 2202/2202/2202 2201/2201/2201 2210/2210/2210 
f 2210/2210/2210 2201/2201/2201 2200/2200/2200 
f 2201/2201/2201 2200/2200/2200 2200/2200/2200 
f 2200/2200/2200 2200/2200/2200 2208/2208/2208 
f 2200/2200/2200 2208/2208/2208 2208/2208/2208 
f 2208/2208/2208 2208/2208/2208 2209/2209/2209 
f 2208/2208/2208 2207/2207/2207 2209/2209/2209 
f 2209/2209/2209 2207/2207/2207 2209/2209/2209 
f 2207/2207/2207 2211/2211/2211 2209/2209/2209 
f 2209/2209/2209 2211/2211/2211 2209/2209/2209 
f 2211/2211/2211 2212/2212/2212 2209/2209/2209 
f 2209/2209/2209 2212/2212/2212 2193/2193/2193 
f 2212/2212/2212 2213/2213/2213 2193/2193/2193 
f 2193/2193/2193 2213/2213/2213 2214/2214/2214 
f 2213/2213/2213 2214/2214/2214 2214/2214/2214 
f 2214/2214/2214 2214/2214/2214 2192/2192/2192 
f 2214/2214/2214 2192/2192/2192 2192/2192/2192 
f 2192/2192/2192 2192/2192/2192 2193/2193/2193 
f 2192/2192/2192 2209/2209/2209 2193/2193/2193 
f 2193/2193/2193 2209/2209/2209 2209/2209/2209 
f 2209/2209/2209 2207/2207/2207 2209/2209/2209 
f 2209/2209/2209 2207/2207/2207 2207/2207/2207 
f 2207/2207/2207 2206/2206/2206 2207/2207/2207 
f 2207/2207/2207 2206/2206/2206 2215/2215/2215 
f 2206/2206/2206 2216/2216/2216 2215/2215/2215 
f 2215/2215/2215 2216/2216/2216 2217/2217/2217 
f 2216/2216/2216 2218/2218/2218 2217/2217/2217 
f 2217/2217/2217 2218/2218/2218 2219/2219/2219 
f 2218/2218/2218 2218/2218/2218 2219/2219/2219 
f 2219/2219/2219 2218/2218/2218 2220/2220/2220 
f 2218/2218/2218 2216/2216/2216 2220/2220/2220 
f 2220/2220/2220 2216/2216/2216 2221/2221/2221 
f 2216/2216/2216 2206/2206/2206 2221/2221/2221 
f 2221/2221/2221 2206/2206/2206 2206/2206/2206 
f 2206/2206/2206 2215/2215/2215 2206/2206/2206 
f 2206/2206/2206 2215/2215/2215 2215/2215/2215 
f 2215/2215/2215 2217/2217/2217 2215/2215/2215 
f 2215/2215/2215 2217/2217/2217 2222/2222/2222 
f 2217/2217/2217 2223/2223/2223 2222/2222/2222 
f 2222/2222/2222 2223/2223/2223 2223/2223/2223 
f 2223/2223/2223 2221/2221/2221 2223/2223/2223 
f 2223/2223/2223 2221/2221/2221 2221/2221/2221 
f 2221/2221/2221 2210/2210/2210 2221/2221/2221 
f 2221/2221/2221 2210/2210/2210 2220/2220/2220 
f 2210/2210/2210 2224/2224/2224 2220/2220/2220 
f 2220/2220/2220 2224/2224/2224 2219/2219/2219 
f 2224/2224/2224 2225/2225/2225 2219/2219/2219 
f 2219/2219/2219 2225/2225/2225 2226/2226/2226 
f 2225/2225/2225 2225/2225/2225 2226/2226/2226 
f 2226/2226/2226 2225/2225/2225 2227/2227/2227 
f 2225/2225/2225 2199/2199/2199 2227/2227/2227 
f 2227/2227/2227 2199/2199/2199 2228/2228/2228 
f 2199/2199/2199 2228/2228/2228 2228/2228/2228 
f 2228/2228/2228 2228/2228/2228 2199/2199/2199 
f 2228/2228/2228 2199/2199/2199 2199/2199/2199 
f 2199/2199/2199 2199/2199/2199 2200/2200/2200 
f 2199/2199/2199 2225/2225/2225 2200/2200/2200 
f 2200/2200/2200 2225/2225/2225 2229/2229/2229 
f 2225/2225/2225 2224/2224/2224 2229/2229/2229 
f 2229/2229/2229 2224/2224/2224 2229/2229/2229 
f 2224/2224/2224 2210/2210/2210 2229/2229/2229 
f 2229/2229/2229 2210/2210/2210 2200/2200/2200 
f 2210/2210/2210 2200/2200/2200 2200/2200/2200 
f 2200/2200/2200 2200/2200/2200 2230/2230/2230 
f 2200/2200/2200 2230/2230/2230 2230/2230/2230 
f 2230/2230/2230 2230/2230/2230 2231/2231/2231 
f 2230/2230/2230 2232/2232/2232 2231/2231/2231 
f 2231/2231/2231 2232/2232/2232 2233/2233/2233 
f 2232/2232/2232 2233/2233/2233 2233/2233/2233 
f 2233/2233/2233 2233/2233/2233 2234/2234/2234 
f 2233/2233/2233 2234/2234/2234 2234/2234/2234 
f 2234/2234/2234 2234/2234/2234 2235/2235/2235 
f 2234/2234/2234 2236/2236/2236 2235/2235/2235 
f 2235/2235/2235 2236/2236/2236 2237/2237/2237 
f 2236/2236/2236 2238/2238/2238 2237/2237/2237 
f 2237/2237/2237 2238/2238/2238 2239/2239/2239 
f 2238/2238/2238 2239/2239/2239 2239/2239/2239 
f 2239/2239/2239 2239/2239/2239 2240/2240/2240 
f 2239/2239/2239 2240/2240/2240 2240/2240/2240 
f 2240/2240/2240 2240/2240/2240 2241/2241/2241 
f 2240/2240/2240 2242/2242/2242 2241/2241/2241 
f 2241/2241/2241 2242/2242/2242 2243/2243/2243 
f 2242/2242/2242 2244/2244/2244 2243/2243/2243 
f 2243/2243/2243 2244/2244/2244 2241/2241/2241 
f 2244/2244/2244 2241/2241/2241 2241/2241/2241 
f 2241/2241/2241 2241/2241/2241 2245/2245/2245 
f 2241/2241/2241 2245/2245/2245 2245/2245/2245 
f 2245/2245/2245 2245/2245/2245 2246/2246/2246 
f 2245/2245/2245 2247/2247/2247 2246/2246/2246 
f 2246/2246/2246 2247/2247/2247 2248/2248/2248 
f 2247/2247/2247 2249/2249/2249 2248/2248/2248 
f 2248/2248/2248 2249/2249/2249 2248/2248/2248 
f 2249/2249/2249 2250/2250/2250 2248/2248/2248 
f 2248/2248/2248 2250/2250/2250 2248/2248/2248 
f 2250/2250/2250 2251/2251/2251 2248/2248/2248 
f 2248/2248/2248 2251/2251/2251 2248/2248/2248 
f 2251/2251/2251 2252/2252/2252 2248/2248/2248 
f 2248/2248/2248 2252/2252/2252 2246/2246/2246 
f 2252/2252/2252 2253/2253/2253 2246/2246/2246 
f 2246/2246/2246 2253/2253/2253 2253/2253/2253 
f 2253/2253/2253 2254/2254/2254 2253/2253/2253 
f 2253/2253/2253 2254/2254/2254 2254/2254/2254 
f 2254/2254/2254 2255/2255/2255 2254/2254/2254 
f 2254/2254/2254 2255/2255/2255 2256/2256/2256 
f 2255/2255/2255 2257/2257/2257 2256/2256/2256 
f 2256/2256/2256 2257/2257/2257 2258/2258/2258 
f 2257/2257/2257 2259/2259/2259 2258/2258/2258 
f 2258/2258/2258 2259/2259/2259 2259/2259/2259 
f 2259/2259/2259 2260/2260/2260 2259/2259/2259 
f 2259/2259/2259 2260/2260/2260 2260/2260/2260 
f 2260/2260/2260 2261/2261/2261 2260/2260/2260 
f 2260/2260/2260 2261/2261/2261 2262/2262/2262 
f 2261/2261/2261 2263/2263/2263 2262/2262/2262 
f 2262/2262/2262 2263/2263/2263 2264/2264/2264 
f 2263/2263/2263 2264/2264/2264 2264/2264/2264 
f 2264/2264/2264 2264/2264/2264 2265/2265/2265 
f 2264/2264/2264 2265/2265/2265 2265/2265/2265 
f 2265/2265/2265 2265/2265/2265 2266/2266/2266 
f 2265/2265/2265 2267/2267/2267 2266/2266/2266 
f 2266/2266/2266 2267/2267/2267 2267/2267/2267 
f 2267/2267/2267 2268/2268/2268 2267/2267/2267 
f 2267/2267/2267 2268/2268/2268 2268/2268/2268 
f 2268/2268/2268 2269/2269/2269 2268/2268/2268 
f 2268/2268/2268 2269/2269/2269 2270/2270/2270 
f 2269/2269/2269 2269/2269/2269 2270/2270/2270 
f 2270/2270/2270 2269/2269/2269 2271/2271/2271 
f 2269/2269/2269 2269/2269/2269 2271/2271/2271 
f 2271/2271/2271 2269/2269/2269 2272/2272/2272 
f 2269/2269/2269 2273/2273/2273 2272/2272/2272 
f 2272/2272/2272 2273/2273/2273 2274/2274/2274 
f 2273/2273/2273 2275/2275/2275 2274/2274/2274 
f 2274/2274/2274 2275/2275/2275 2274/2274/2274 
f 2275/2275/2275 2276/2276/2276 2274/2274/2274 
f 2274/2274/2274 2276/2276/2276 2277/2277/2277 
f 2276/2276/2276 2278/2278/2278 2277/2277/2277 
f 2277/2277/2277 2278/2278/2278 2279/2279/2279 
f 2278/2278/2278 2280/2280/2280 2279/2279/2279 
f 2279/2279/2279 2280/2280/2280 2281/2281/2281 
f 2280/2280/2280 2281/2281/2281 2281/2281/2281 
f 2281/2281/2281 2281/2281/2281 2280/2280/2280 
f 2281/2281/2281 2280/2280/2280 2280/2280/2280 
f 2280/2280/2280 2280/2280/2280 2276/2276/2276 
f 2280/2280/2280 2278/2278/2278 2276/2276/2276 
f 2276/2276/2276 2278/2278/2278 2278/2278/2278 
f 2278/2278/2278 2282/2282/2282 2278/2278/2278 
f 2278/2278/2278 2282/2282/2282 2282/2282/2282 
f 2282/2282/2282 2283/2283/2283 2282/2282/2282 
f 2282/2282/2282 2283/2283/2283 2284/2284/2284 
f 2283/2283/2283 2283/2283/2283 2284/2284/2284 
f 2284/2284/2284 2283/2283/2283 2285/2285/2285 
f 2283/2283/2283 2286/2286/2286 2285/2285/2285 
f 2285/2285/2285 2286/2286/2286 2285/2285/2285 
f 2286/2286/2286 2287/2287/2287 2285/2285/2285 
f 2285/2285/2285 2287/2287/2287 2288/2288/2288 
f 2287/2287/2287 2289/2289/2289 2288/2288/2288 
f 2288/2288/2288 2289/2289/2289 2288/2288/2288 
f 2289/2289/2289 2290/2290/2290 2288/2288/2288 
f 2288/2288/2288 2290/2290/2290 2288/2288/2288 
f 2290/2290/2290 2291/2291/2291 2288/2288/2288 
f 2288/2288/2288 2291/2291/2291 2292/2292/2292 
f 2291/2291/2291 2291/2291/2291 2292/2292/2292 
f 2292/2292/2292 2291/2291/2291 2293/2293/2293 
f 2291/2291/2291 2294/2294/2294 2293/2293/2293 
f 2293/2293/2293 2294/2294/2294 2295/2295/2295 
f 2294/2294/2294 2296/2296/2296 2295/2295/2295 
f 2295/2295/2295 2296/2296/2296 2297/2297/2297 
f 2296/2296/2296 2296/2296/2296 2297/2297/2297 
f 2297/2297/2297 2296/2296/2296 2298/2298/2298 
f 2296/2296/2296 2299/2299/2299 2298/2298/2298 
f 2298/2298/2298 2299/2299/2299 2299/2299/2299 
f 2299/2299/2299 2285/2285/2285 2299/2299/2299 
f 2299/2299/2299 2285/2285/2285 2285/2285/2285 
f 2285/2285/2285 2288/2288/2288 2285/2285/2285 
f 2285/2285/2285 2288/2288/2288 2292/2292/2292 
f 2288/2288/2288 2292/2292/2292 2292/2292/2292 
f 2292/2292/2292 2292/2292/2292 2300/2300/2300 
f 2292/2292/2292 2300/2300/2300 2300/2300/2300 
f 2300/2300/2300 2300/2300/2300 2301/2301/2301 
f 2300/2300/2300 2302/2302/2302 2301/2301/2301 
f 2301/2301/2301 2302/2302/2302 2303/2303/2303 
f 2302/2302/2302 2304/2304/2304 2303/2303/2303 
f 2303/2303/2303 2304/2304/2304 2305/2305/2305 
f 2304/2304/2304 2304/2304/2304 2305/2305/2305 
f 2305/2305/2305 2304/2304/2304 2306/2306/2306 
f 2304/2304/2304 2307/2307/2307 2306/2306/2306 
f 2306/2306/2306 2307/2307/2307 2308/2308/2308 
f 2307/2307/2307 2308/2308/2308 2308/2308/2308 
f 2308/2308/2308 2308/2308/2308 2304/2304/2304 
f 2308/2308/2308 2304/2304/2304 2304/2304/2304 
f 2304/2304/2304 2304/2304/2304 2307/2307/2307 
f 2304/2304/2304 2302/2302/2302 2307/2307/2307 
f 2307/2307/2307 2302/2302/2302 2302/2302/2302 
f 2302/2302/2302 2309/2309/2309 2302/2302/2302 
f 2302/2302/2302 2309/2309/2309 2309/2309/2309 
f 2309/2309/2309 2301/2301/2301 2309/2309/2309 
f 2309/2309/2309 2301/2301/2301 2310/2310/2310 
f 2301/2301/2301 2311/2311/2311 2310/2310/2310 
f 2310/2310/2310 2311/2311/2311 2312/2312/2312 
f 2311/2311/2311 2313/2313/2313 2312/2312/2312 
f 2312/2312/2312 2313/2313/2313 2314/2314/2314 
f 2313/2313/2313 2315/2315/2315 2314/2314/2314 
f 2314/2314/2314 2315/2315/2315 2316/2316/2316 
f 2315/2315/2315 2315/2315/2315 2316/2316/2316 
f 2316/2316/2316 2315/2315/2315 2317/2317/2317 
f 2315/2315/2315 2315/2315/2315 2317/2317/2317 
f 2317/2317/2317 2315/2315/2315 2318/2318/2318 
f 2315/2315/2315 2313/2313/2313 2318/2318/2318 
f 2318/2318/2318 2313/2313/2313 2319/2319/2319 
f 2313/2313/2313 2320/2320/2320 2319/2319/2319 
f 2319/2319/2319 2320/2320/2320 2305/2305/2305 
f 2320/2320/2320 2320/2320/2320 2305/2305/2305 
f 2305/2305/2305 2320/2320/2320 2303/2303/2303 
f 2320/2320/2320 2311/2311/2311 2303/2303/2303 
f 2303/2303/2303 2311/2311/2311 2301/2301/2301 
f 2311/2311/2311 2301/2301/2301 2301/2301/2301 
f 2301/2301/2301 2301/2301/2301 2320/2320/2320 
f 2301/2301/2301 2320/2320/2320 2320/2320/2320 
f 2320/2320/2320 2320/2320/2320 2311/2311/2311 
f 2320/2320/2320 2313/2313/2313 2311/2311/2311 
f 2311/2311/2311 2313/2313/2313 2313/2313/2313 
f 2313/2313/2313 2305/2305/2305 2313/2313/2313 
f 2313/2313/2313 2305/2305/2305 2305/2305/2305 
f 2305/2305/2305 2306/2306/2306 2305/2305/2305 
f 2305/2305/2305 2306/2306/2306 2319/2319/2319 
f 2306/2306/2306 2321/2321/2321 2319/2319/2319 
f 2319/2319/2319 2321/2321/2321 2319/2319/2319 
f 2321/2321/2321 2322/2322/2322 2319/2319/2319 
f 2319/2319/2319 2322/2322/2322 2319/2319/2319 
f 2322/2322/2322 2323/2323/2323 2319/2319/2319 
f 2319/2319/2319 2323/2323/2323 2318/2318/2318 
f 2323/2323/2323 2324/2324/2324 2318/2318/2318 
f 2318/2318/2318 2324/2324/2324 2318/2318/2318 
f 2324/2324/2324 2325/2325/2325 2318/2318/2318 
f 2318/2318/2318 2325/2325/2325 2317/2317/2317 
f 2325/2325/2325 2325/2325/2325 2317/2317/2317 
f 2317/2317/2317 2325/2325/2325 2316/2316/2316 
f 2325/2325/2325 2325/2325/2325 2316/2316/2316 
f 2316/2316/2316 2325/2325/2325 2326/2326/2326 
f 2325/2325/2325 2327/2327/2327 2326/2326/2326 
f 2326/2326/2326 2327/2327/2327 2328/2328/2328 
f 2327/2327/2327 2328/2328/2328 2328/2328/2328 
f 2328/2328/2328 2328/2328/2328 2329/2329/2329 
f 2328/2328/2328 2329/2329/2329 2329/2329/2329 
f 2329/2329/2329 2329/2329/2329 2330/2330/2330 
f 2329/2329/2329 2331/2331/2331 2330/2330/2330 
f 2330/2330/2330 2331/2331/2331 2327/2327/2327 
f 2331/2331/2331 2331/2331/2331 2327/2327/2327 
f 2327/2327/2327 2331/2331/2331 2332/2332/2332 
f 2331/2331/2331 2333/2333/2333 2332/2332/2332 
f 2332/2332/2332 2333/2333/2333 2333/2333/2333 
f 2333/2333/2333 2327/2327/2327 2333/2333/2333 
f 2333/2333/2333 2327/2327/2327 2327/2327/2327 
f 2327/2327/2327 2325/2325/2325 2327/2327/2327 
f 2327/2327/2327 2325/2325/2325 2330/2330/2330 
f 2325/2325/2325 2330/2330/2330 2330/2330/2330 
f 2330/2330/2330 2330/2330/2330 2329/2329/2329 
f 2330/2330/2330 2329/2329/2329 2329/2329/2329 
f 2329/2329/2329 2329/2329/2329 2334/2334/2334 
f 2329/2329/2329 2325/2325/2325 2334/2334/2334 
f 2334/2334/2334 2325/2325/2325 2334/2334/2334 
f 2325/2325/2325 2324/2324/2324 2334/2334/2334 
f 2334/2334/2334 2324/2324/2324 2335/2335/2335 
f 2324/2324/2324 2324/2324/2324 2335/2335/2335 
f 2335/2335/2335 2324/2324/2324 2336/2336/2336 
f 2324/2324/2324 2323/2323/2323 2336/2336/2336 
f 2336/2336/2336 2323/2323/2323 2337/2337/2337 
f 2323/2323/2323 2322/2322/2322 2337/2337/2337 
f 2337/2337/2337 2322/2322/2322 2338/2338/2338 
f 2322/2322/2322 2321/2321/2321 2338/2338/2338 
f 2338/2338/2338 2321/2321/2321 2339/2339/2339 
f 2321/2321/2321 2321/2321/2321 2339/2339/2339 
f 2339/2339/2339 2321/2321/2321 2340/2340/2340 
f 2321/2321/2321 2341/2341/2341 2340/2340/2340 
f 2340/2340/2340 2341/2341/2341 2342/2342/2342 
f 2341/2341/2341 2343/2343/2343 2342/2342/2342 
f 2342/2342/2342 2343/2343/2343 2344/2344/2344 
f 2343/2343/2343 2344/2344/2344 2344/2344/2344 
f 2344/2344/2344 2344/2344/2344 2321/2321/2321 
f 2344/2344/2344 2321/2321/2321 2321/2321/2321 
f 2321/2321/2321 2321/2321/2321 2341/2341/2341 
f 2321/2321/2321 2306/2306/2306 2341/2341/2341 
f 2341/2341/2341 2306/2306/2306 2343/2343/2343 
f 2306/2306/2306 2308/2308/2308 2343/2343/2343 
f 2343/2343/2343 2308/2308/2308 2345/2345/2345 
f 2308/2308/2308 2346/2346/2346 2345/2345/2345 
f 2345/2345/2345 2346/2346/2346 2346/2346/2346 
f 2346/2346/2346 2338/2338/2338 2346/2346/2346 
f 2346/2346/2346 2338/2338/2338 2338/2338/2338 
f 2338/2338/2338 2347/2347/2347 2338/2338/2338 
f 2338/2338/2338 2347/2347/2347 2337/2337/2337 
f 2347/2347/2347 2348/2348/2348 2337/2337/2337 
f 2337/2337/2337 2348/2348/2348 2348/2348/2348 
f 2348/2348/2348 2347/2347/2347 2348/2348/2348 
f 2348/2348/2348 2347/2347/2347 2347/2347/2347 
f 2347/2347/2347 2338/2338/2338 2347/2347/2347 
f 2347/2347/2347 2338/2338/2338 2349/2349/2349 
f 2338/2338/2338 2339/2339/2339 2349/2349/2349 
f 2349/2349/2349 2339/2339/2339 2350/2350/2350 
f 2339/2339/2339 2351/2351/2351 2350/2350/2350 
f 2350/2350/2350 2351/2351/2351 2352/2352/2352 
f 2351/2351/2351 2353/2353/2353 2352/2352/2352 
f 2352/2352/2352 2353/2353/2353 2353/2353/2353 
f 2353/2353/2353 2349/2349/2349 2353/2353/2353 
f 2353/2353/2353 2349/2349/2349 2349/2349/2349 
f 2349/2349/2349 2350/2350/2350 2349/2349/2349 
f 2349/2349/2349 2350/2350/2350 2354/2354/2354 
f 2350/2350/2350 2355/2355/2355 2354/2354/2354 
f 2354/2354/2354 2355/2355/2355 2356/2356/2356 
f 2355/2355/2355 2357/2357/2357 2356/2356/2356 
f 2356/2356/2356 2357/2357/2357 2358/2358/2358 
f 2357/2357/2357 2359/2359/2359 2358/2358/2358 
f 2358/2358/2358 2359/2359/2359 2360/2360/2360 
f 2359/2359/2359 2361/2361/2361 2360/2360/2360 
f 2360/2360/2360 2361/2361/2361 2360/2360/2360 
f 2361/2361/2361 2362/2362/2362 2360/2360/2360 
f 2360/2360/2360 2362/2362/2362 2363/2363/2363 
f 2362/2362/2362 2364/2364/2364 2363/2363/2363 
f 2363/2363/2363 2364/2364/2364 2348/2348/2348 
f 2364/2364/2364 2336/2336/2336 2348/2348/2348 
f 2348/2348/2348 2336/2336/2336 2337/2337/2337 
f 2336/2336/2336 2337/2337/2337 2337/2337/2337 
f 2337/2337/2337 2337/2337/2337 2350/2350/2350 
f 2337/2337/2337 2350/2350/2350 2350/2350/2350 
f 2350/2350/2350 2350/2350/2350 2355/2355/2355 
f 2350/2350/2350 2352/2352/2352 2355/2355/2355 
f 2355/2355/2355 2352/2352/2352 2352/2352/2352 
f 2352/2352/2352 2354/2354/2354 2352/2352/2352 
f 2352/2352/2352 2354/2354/2354 2354/2354/2354 
f 2354/2354/2354 2356/2356/2356 2354/2354/2354 
f 2354/2354/2354 2356/2356/2356 2363/2363/2363 
f 2356/2356/2356 2356/2356/2356 2363/2363/2363 
f 2363/2363/2363 2356/2356/2356 2360/2360/2360 
f 2356/2356/2356 2358/2358/2358 2360/2360/2360 
f 2360/2360/2360 2358/2358/2358 2358/2358/2358 
f 2358/2358/2358 2335/2335/2335 2358/2358/2358 
f 2358/2358/2358 2335/2335/2335 2335/2335/2335 
f 2335/2335/2335 2336/2336/2336 2335/2335/2335 
f 2335/2335/2335 2336/2336/2336 2364/2364/2364 
f 2336/2336/2336 2364/2364/2364 2364/2364/2364 
f 2364/2364/2364 2364/2364/2364 2365/2365/2365 
f 2364/2364/2364 2365/2365/2365 2365/2365/2365 
f 2365/2365/2365 2365/2365/2365 2366/2366/2366 
f 2365/2365/2365 2334/2334/2334 2366/2366/2366 
f 2366/2366/2366 2334/2334/2334 2367/2367/2367 
f 2334/2334/2334 2335/2335/2335 2367/2367/2367 
f 2367/2367/2367 2335/2335/2335 2367/2367/2367 
f 2335/2335/2335 2362/2362/2362 2367/2367/2367 
f 2367/2367/2367 2362/2362/2362 2368/2368/2368 
f 2362/2362/2362 2361/2361/2361 2368/2368/2368 
f 2368/2368/2368 2361/2361/2361 2369/2369/2369 
f 2361/2361/2361 2370/2370/2370 2369/2369/2369 
f 2369/2369/2369 2370/2370/2370 2369/2369/2369 
f 2370/2370/2370 2371/2371/2371 2369/2369/2369 
f 2369/2369/2369 2371/2371/2371 2372/2372/2372 
f 2371/2371/2371 2373/2373/2373 2372/2372/2372 
f 2372/2372/2372 2373/2373/2373 2333/2333/2333 
f 2373/2373/2373 2374/2374/2374 2333/2333/2333 
f 2333/2333/2333 2374/2374/2374 2375/2375/2375 
f 2374/2374/2374 2376/2376/2376 2375/2375/2375 
f 2375/2375/2375 2376/2376/2376 2377/2377/2377 
f 2376/2376/2376 2377/2377/2377 2377/2377/2377 
f 2377/2377/2377 2377/2377/2377 2367/2367/2367 
f 2377/2377/2377 2367/2367/2367 2367/2367/2367 
f 2367/2367/2367 2367/2367/2367 2378/2378/2378 
f 2367/2367/2367 2368/2368/2368 2378/2378/2378 
f 2378/2378/2378 2368/2368/2368 2368/2368/2368 
f 2368/2368/2368 2370/2370/2370 2368/2368/2368 
f 2368/2368/2368 2370/2370/2370 2370/2370/2370 
f 2370/2370/2370 2361/2361/2361 2370/2370/2370 
f 2370/2370/2370 2361/2361/2361 2359/2359/2359 
f 2361/2361/2361 2359/2359/2359 2359/2359/2359 
f 2359/2359/2359 2359/2359/2359 2379/2379/2379 
f 2359/2359/2359 2379/2379/2379 2379/2379/2379 
f 2379/2379/2379 2379/2379/2379 2375/2375/2375 
f 2379/2379/2379 2333/2333/2333 2375/2375/2375 
f 2375/2375/2375 2333/2333/2333 2333/2333/2333 
f 2333/2333/2333 2376/2376/2376 2333/2333/2333 
f 2333/2333/2333 2376/2376/2376 2376/2376/2376 
f 2376/2376/2376 2374/2374/2374 2376/2376/2376 
f 2376/2376/2376 2374/2374/2374 2380/2380/2380 
f 2374/2374/2374 2381/2381/2381 2380/2380/2380 
f 2380/2380/2380 2381/2381/2381 2382/2382/2382 
f 2381/2381/2381 2371/2371/2371 2382/2382/2382 
f 2382/2382/2382 2371/2371/2371 2382/2382/2382 
f 2371/2371/2371 2370/2370/2370 2382/2382/2382 
f 2382/2382/2382 2370/2370/2370 2383/2383/2383 
f 2370/2370/2370 2359/2359/2359 2383/2383/2383 
f 2383/2383/2383 2359/2359/2359 2384/2384/2384 
f 2359/2359/2359 2357/2357/2357 2384/2384/2384 
f 2384/2384/2384 2357/2357/2357 2357/2357/2357 
f 2357/2357/2357 2371/2371/2371 2357/2357/2357 
f 2357/2357/2357 2371/2371/2371 2371/2371/2371 
f 2371/2371/2371 2381/2381/2381 2371/2371/2371 
f 2371/2371/2371 2381/2381/2381 2373/2373/2373 
f 2381/2381/2381 2374/2374/2374 2373/2373/2373 
f 2373/2373/2373 2374/2374/2374 2374/2374/2374 
f 2374/2374/2374 2382/2382/2382 2374/2374/2374 
f 2374/2374/2374 2382/2382/2382 2382/2382/2382 
f 2382/2382/2382 2383/2383/2383 2382/2382/2382 
f 2382/2382/2382 2383/2383/2383 2385/2385/2385 
f 2383/2383/2383 2386/2386/2386 2385/2385/2385 
f 2385/2385/2385 2386/2386/2386 2387/2387/2387 
f 2386/2386/2386 2388/2388/2388 2387/2387/2387 
f 2387/2387/2387 2388/2388/2388 2389/2389/2389 
f 2388/2388/2388 2390/2390/2390 2389/2389/2389 
f 2389/2389/2389 2390/2390/2390 2391/2391/2391 
f 2390/2390/2390 2391/2391/2391 2391/2391/2391 
f 2391/2391/2391 2391/2391/2391 2383/2383/2383 
f 2391/2391/2391 2383/2383/2383 2383/2383/2383 
f 2383/2383/2383 2383/2383/2383 2386/2386/2386 
f 2383/2383/2383 2384/2384/2384 2386/2386/2386 
f 2386/2386/2386 2384/2384/2384 2392/2392/2392 
f 2384/2384/2384 2357/2357/2357 2392/2392/2392 
f 2392/2392/2392 2357/2357/2357 2393/2393/2393 
f 2357/2357/2357 2357/2357/2357 2393/2393/2393 
f 2393/2393/2393 2357/2357/2357 2394/2394/2394 
f 2357/2357/2357 2355/2355/2355 2394/2394/2394 
f 2394/2394/2394 2355/2355/2355 2395/2395/2395 
f 2355/2355/2355 2353/2353/2353 2395/2395/2395 
f 2395/2395/2395 2353/2353/2353 2353/2353/2353 
f 2353/2353/2353 2382/2382/2382 2353/2353/2353 
f 2353/2353/2353 2382/2382/2382 2382/2382/2382 
f 2382/2382/2382 2385/2385/2385 2382/2382/2382 
f 2382/2382/2382 2385/2385/2385 2380/2380/2380 
f 2385/2385/2385 2385/2385/2385 2380/2380/2380 
f 2380/2380/2380 2385/2385/2385 2396/2396/2396 
f 2385/2385/2385 2387/2387/2387 2396/2396/2396 
f 2396/2396/2396 2387/2387/2387 2387/2387/2387 
f 2387/2387/2387 2386/2386/2386 2387/2387/2387 
f 2387/2387/2387 2386/2386/2386 2386/2386/2386 
f 2386/2386/2386 2392/2392/2392 2386/2386/2386 
f 2386/2386/2386 2392/2392/2392 2388/2388/2388 
f 2392/2392/2392 2390/2390/2390 2388/2388/2388 
f 2388/2388/2388 2390/2390/2390 2390/2390/2390 
f 2390/2390/2390 2395/2395/2395 2390/2390/2390 
f 2390/2390/2390 2395/2395/2395 2395/2395/2395 
f 2395/2395/2395 2397/2397/2397 2395/2395/2395 
f 2395/2395/2395 2397/2397/2397 2394/2394/2394 
f 2397/2397/2397 2398/2398/2398 2394/2394/2394 
f 2394/2394/2394 2398/2398/2398 2393/2393/2393 
f 2398/2398/2398 2398/2398/2398 2393/2393/2393 
f 2393/2393/2393 2398/2398/2398 2399/2399/2399 
f 2398/2398/2398 2397/2397/2397 2399/2399/2399 
f 2399/2399/2399 2397/2397/2397 2400/2400/2400 
f 2397/2397/2397 2401/2401/2401 2400/2400/2400 
f 2400/2400/2400 2401/2401/2401 2402/2402/2402 
f 2401/2401/2401 2403/2403/2403 2402/2402/2402 
f 2402/2402/2402 2403/2403/2403 2403/2403/2403 
f 2403/2403/2403 2402/2402/2402 2403/2403/2403 
f 2403/2403/2403 2402/2402/2402 2402/2402/2402 
f 2402/2402/2402 2404/2404/2404 2402/2402/2402 
f 2402/2402/2402 2404/2404/2404 2400/2400/2400 
f 2404/2404/2404 2405/2405/2405 2400/2400/2400 
f 2400/2400/2400 2405/2405/2405 2399/2399/2399 
f 2405/2405/2405 2405/2405/2405 2399/2399/2399 
f 2399/2399/2399 2405/2405/2405 2393/2393/2393 
f 2405/2405/2405 2405/2405/2405 2393/2393/2393 
f 2393/2393/2393 2405/2405/2405 2392/2392/2392 
f 2405/2405/2405 2406/2406/2406 2392/2392/2392 
f 2392/2392/2392 2406/2406/2406 2390/2390/2390 
f 2406/2406/2406 2406/2406/2406 2390/2390/2390 
f 2390/2390/2390 2406/2406/2406 2391/2391/2391 
f 2406/2406/2406 2407/2407/2407 2391/2391/2391 
f 2391/2391/2391 2407/2407/2407 2408/2408/2408 
f 2407/2407/2407 2408/2408/2408 2408/2408/2408 
f 2408/2408/2408 2408/2408/2408 2405/2405/2405 
f 2408/2408/2408 2405/2405/2405 2405/2405/2405 
f 2405/2405/2405 2405/2405/2405 2406/2406/2406 
f 2405/2405/2405 2404/2404/2404 2406/2406/2406 
f 2406/2406/2406 2404/2404/2404 2407/2407/2407 
f 2404/2404/2404 2407/2407/2407 2407/2407/2407 
f 2407/2407/2407 2407/2407/2407 2409/2409/2409 
f 2407/2407/2407 2409/2409/2409 2409/2409/2409 
f 2409/2409/2409 2409/2409/2409 2410/2410/2410 
f 2409/2409/2409 2411/2411/2411 2410/2410/2410 
f 2410/2410/2410 2411/2411/2411 2410/2410/2410 
f 2411/2411/2411 2412/2412/2412 2410/2410/2410 
f 2410/2410/2410 2412/2412/2412 2413/2413/2413 
f 2412/2412/2412 2414/2414/2414 2413/2413/2413 
f 2413/2413/2413 2414/2414/2414 2413/2413/2413 
f 2414/2414/2414 2415/2415/2415 2413/2413/2413 
f 2413/2413/2413 2415/2415/2415 2416/2416/2416 
f 2415/2415/2415 2417/2417/2417 2416/2416/2416 
f 2416/2416/2416 2417/2417/2417 2418/2418/2418 
f 2417/2417/2417 2419/2419/2419 2418/2418/2418 
f 2418/2418/2418 2419/2419/2419 2420/2420/2420 
f 2419/2419/2419 2420/2420/2420 2420/2420/2420 
f 2420/2420/2420 2420/2420/2420 2421/2421/2421 
f 2420/2420/2420 2421/2421/2421 2421/2421/2421 
f 2421/2421/2421 2421/2421/2421 2422/2422/2422 
f 2421/2421/2421 2423/2423/2423 2422/2422/2422 
f 2422/2422/2422 2423/2423/2423 2423/2423/2423 
f 2423/2423/2423 2424/2424/2424 2423/2423/2423 
f 2423/2423/2423 2424/2424/2424 2424/2424/2424 
f 2424/2424/2424 2425/2425/2425 2424/2424/2424 
f 2424/2424/2424 2425/2425/2425 2426/2426/2426 
f 2425/2425/2425 2425/2425/2425 2426/2426/2426 
f 2426/2426/2426 2425/2425/2425 2427/2427/2427 
f 2425/2425/2425 2425/2425/2425 2427/2427/2427 
f 2427/2427/2427 2425/2425/2425 2428/2428/2428 
f 2425/2425/2425 2429/2429/2429 2428/2428/2428 
f 2428/2428/2428 2429/2429/2429 2430/2430/2430 
f 2429/2429/2429 2431/2431/2431 2430/2430/2430 
f 2430/2430/2430 2431/2431/2431 2432/2432/2432 
f 2431/2431/2431 2433/2433/2433 2432/2432/2432 
f 2432/2432/2432 2433/2433/2433 2433/2433/2433 
f 2433/2433/2433 2434/2434/2434 2433/2433/2433 
f 2433/2433/2433 2434/2434/2434 2434/2434/2434 
f 2434/2434/2434 2435/2435/2435 2434/2434/2434 
f 2434/2434/2434 2435/2435/2435 2436/2436/2436 
f 2435/2435/2435 2436/2436/2436 2436/2436/2436 
f 2436/2436/2436 2436/2436/2436 2437/2437/2437 
f 2436/2436/2436 2437/2437/2437 2437/2437/2437 
f 2437/2437/2437 2437/2437/2437 2438/2438/2438 
f 2437/2437/2437 2439/2439/2439 2438/2438/2438 
f 2438/2438/2438 2439/2439/2439 2439/2439/2439 
f 2439/2439/2439 2440/2440/2440 2439/2439/2439 
f 2439/2439/2439 2440/2440/2440 2440/2440/2440 
f 2440/2440/2440 2441/2441/2441 2440/2440/2440 
f 2440/2440/2440 2441/2441/2441 2442/2442/2442 
f 2441/2441/2441 2442/2442/2442 2442/2442/2442 
f 2442/2442/2442 2442/2442/2442 2443/2443/2443 
f 2442/2442/2442 2443/2443/2443 2443/2443/2443 
f 2443/2443/2443 2443/2443/2443 2444/2444/2444 
f 2443/2443/2443 2445/2445/2445 2444/2444/2444 
f 2444/2444/2444 2445/2445/2445 2444/2444/2444 
f 2445/2445/2445 2446/2446/2446 2444/2444/2444 
f 2444/2444/2444 2446/2446/2446 2447/2447/2447 
f 2446/2446/2446 2447/2447/2447 2447/2447/2447 
f 2447/2447/2447 2447/2447/2447 2448/2448/2448 
f 2447/2447/2447 2448/2448/2448 2448/2448/2448 
f 2448/2448/2448 2448/2448/2448 2449/2449/2449 
f 2448/2448/2448 2450/2450/2450 2449/2449/2449 
f 2449/2449/2449 2450/2450/2450 2451/2451/2451 
f 2450/2450/2450 2452/2452/2452 2451/2451/2451 
f 2451/2451/2451 2452/2452/2452 2451/2451/2451 
f 2452/2452/2452 2453/2453/2453 2451/2451/2451 
f 2451/2451/2451 2453/2453/2453 2454/2454/2454 
f 2453/2453/2453 2455/2455/2455 2454/2454/2454 
f 2454/2454/2454 2455/2455/2455 2454/2454/2454 
f 2455/2455/2455 2456/2456/2456 2454/2454/2454 
f 2454/2454/2454 2456/2456/2456 2457/2457/2457 
f 2456/2456/2456 2458/2458/2458 2457/2457/2457 
f 2457/2457/2457 2458/2458/2458 2458/2458/2458 
f 2458/2458/2458 2451/2451/2451 2458/2458/2458 
f 2458/2458/2458 2451/2451/2451 2451/2451/2451 
f 2451/2451/2451 2454/2454/2454 2451/2451/2451 
f 2451/2451/2451 2454/2454/2454 2457/2457/2457 
f 2454/2454/2454 2457/2457/2457 2457/2457/2457 
f 2457/2457/2457 2457/2457/2457 2453/2453/2453 
f 2457/2457/2457 2453/2453/2453 2453/2453/2453 
f 2453/2453/2453 2453/2453/2453 2455/2455/2455 
f 2453/2453/2453 2459/2459/2459 2455/2455/2455 
f 2455/2455/2455 2459/2459/2459 2459/2459/2459 
f 2459/2459/2459 2460/2460/2460 2459/2459/2459 
f 2459/2459/2459 2460/2460/2460 2460/2460/2460 
f 2460/2460/2460 2461/2461/2461 2460/2460/2460 
f 2460/2460/2460 2461/2461/2461 2462/2462/2462 
f 2461/2461/2461 2461/2461/2461 2462/2462/2462 
f 2462/2462/2462 2461/2461/2461 2463/2463/2463 
f 2461/2461/2461 2464/2464/2464 2463/2463/2463 
f 2463/2463/2463 2464/2464/2464 2464/2464/2464 
f 2464/2464/2464 2465/2465/2465 2464/2464/2464 
f 2464/2464/2464 2465/2465/2465 2465/2465/2465 
f 2465/2465/2465 2466/2466/2466 2465/2465/2465 
f 2465/2465/2465 2466/2466/2466 2467/2467/2467 
f 2466/2466/2466 2468/2468/2468 2467/2467/2467 
f 2467/2467/2467 2468/2468/2468 2469/2469/2469 
f 2468/2468/2468 2469/2469/2469 2469/2469/2469 
f 2469/2469/2469 2469/2469/2469 2470/2470/2470 
f 2469/2469/2469 2470/2470/2470 2470/2470/2470 
f 2470/2470/2470 2470/2470/2470 2471/2471/2471 
f 2470/2470/2470 2472/2472/2472 2471/2471/2471 
f 2471/2471/2471 2472/2472/2472 2473/2473/2473 
f 2472/2472/2472 2472/2472/2472 2473/2473/2473 
f 2473/2473/2473 2472/2472/2472 2474/2474/2474 
f 2472/2472/2472 2475/2475/2475 2474/2474/2474 
f 2474/2474/2474 2475/2475/2475 2476/2476/2476 
f 2475/2475/2475 2477/2477/2477 2476/2476/2476 
f 2476/2476/2476 2477/2477/2477 2478/2478/2478 
f 2477/2477/2477 2479/2479/2479 2478/2478/2478 
f 2478/2478/2478 2479/2479/2479 2480/2480/2480 
f 2479/2479/2479 2481/2481/2481 2480/2480/2480 
f 2480/2480/2480 2481/2481/2481 2482/2482/2482 
f 2481/2481/2481 2482/2482/2482 2482/2482/2482 
f 2482/2482/2482 2482/2482/2482 2471/2471/2471 
f 2482/2482/2482 2471/2471/2471 2471/2471/2471 
f 2471/2471/2471 2471/2471/2471 2483/2483/2483 
f 2471/2471/2471 2473/2473/2473 2483/2483/2483 
f 2483/2483/2483 2473/2473/2473 2484/2484/2484 
f 2473/2473/2473 2484/2484/2484 2484/2484/2484 
f 2484/2484/2484 2484/2484/2484 2475/2475/2475 
f 2484/2484/2484 2475/2475/2475 2475/2475/2475 
f 2475/2475/2475 2475/2475/2475 2477/2477/2477 
f 2475/2475/2475 2485/2485/2485 2477/2477/2477 
f 2477/2477/2477 2485/2485/2485 2479/2479/2479 
f 2485/2485/2485 2485/2485/2485 2479/2479/2479 
f 2479/2479/2479 2485/2485/2485 2481/2481/2481 
f 2485/2485/2485 2486/2486/2486 2481/2481/2481 
f 2481/2481/2481 2486/2486/2486 2487/2487/2487 
f 2486/2486/2486 2487/2487/2487 2487/2487/2487 
f 2487/2487/2487 2487/2487/2487 2488/2488/2488 
f 2487/2487/2487 2488/2488/2488 2488/2488/2488 
f 2488/2488/2488 2488/2488/2488 2489/2489/2489 
f 2488/2488/2488 2490/2490/2490 2489/2489/2489 
f 2489/2489/2489 2490/2490/2490 2491/2491/2491 
f 2490/2490/2490 2490/2490/2490 2491/2491/2491 
f 2491/2491/2491 2490/2490/2490 2492/2492/2492 
f 2490/2490/2490 2490/2490/2490 2492/2492/2492 
f 2492/2492/2492 2490/2490/2490 2493/2493/2493 
f 2490/2490/2490 2494/2494/2494 2493/2493/2493 
f 2493/2493/2493 2494/2494/2494 2495/2495/2495 
f 2494/2494/2494 2495/2495/2495 2495/2495/2495 
f 2495/2495/2495 2495/2495/2495 2489/2489/2489 
f 2495/2495/2495 2489/2489/2489 2489/2489/2489 
f 2489/2489/2489 2489/2489/2489 2496/2496/2496 
f 2489/2489/2489 2491/2491/2491 2496/2496/2496 
f 2496/2496/2496 2491/2491/2491 2497/2497/2497 
f 2491/2491/2491 2497/2497/2497 2497/2497/2497 
f 2497/2497/2497 2497/2497/2497 2498/2498/2498 
f 2497/2497/2497 2498/2498/2498 2498/2498/2498 
f 2498/2498/2498 2498/2498/2498 2499/2499/2499 
f 2498/2498/2498 2500/2500/2500 2499/2499/2499 
f 2499/2499/2499 2500/2500/2500 2499/2499/2499 
f 2500/2500/2500 2501/2501/2501 2499/2499/2499 
f 2499/2499/2499 2501/2501/2501 2502/2502/2502 
f 2501/2501/2501 2501/2501/2501 2502/2502/2502 
f 2502/2502/2502 2501/2501/2501 2503/2503/2503 
f 2501/2501/2501 2504/2504/2504 2503/2503/2503 
f 2503/2503/2503 2504/2504/2504 2505/2505/2505 
f 2504/2504/2504 2506/2506/2506 2505/2505/2505 
f 2505/2505/2505 2506/2506/2506 2505/2505/2505 
f 2506/2506/2506 2507/2507/2507 2505/2505/2505 
f 2505/2505/2505 2507/2507/2507 2508/2508/2508 
f 2507/2507/2507 2508/2508/2508 2508/2508/2508 
f 2508/2508/2508 2508/2508/2508 2509/2509/2509 
f 2508/2508/2508 2509/2509/2509 2509/2509/2509 
f 2509/2509/2509 2509/2509/2509 2510/2510/2510 
f 2509/2509/2509 2511/2511/2511 2510/2510/2510 
f 2510/2510/2510 2511/2511/2511 2511/2511/2511 
f 2511/2511/2511 2512/2512/2512 2511/2511/2511 
f 2511/2511/2511 2512/2512/2512 2512/2512/2512 
f 2512/2512/2512 2513/2513/2513 2512/2512/2512 
f 2512/2512/2512 2513/2513/2513 2514/2514/2514 
f 2513/2513/2513 2515/2515/2515 2514/2514/2514 
f 2514/2514/2514 2515/2515/2515 2516/2516/2516 
f 2515/2515/2515 2517/2517/2517 2516/2516/2516 
f 2516/2516/2516 2517/2517/2517 2516/2516/2516 
f 2517/2517/2517 2518/2518/2518 2516/2516/2516 
f 2516/2516/2516 2518/2518/2518 2516/2516/2516 
f 2518/2518/2518 2519/2519/2519 2516/2516/2516 
f 2516/2516/2516 2519/2519/2519 2514/2514/2514 
f 2519/2519/2519 2514/2514/2514 2514/2514/2514 
f 2514/2514/2514 2514/2514/2514 2513/2513/2513 
f 2514/2514/2514 2513/2513/2513 2513/2513/2513 
f 2513/2513/2513 2513/2513/2513 2515/2515/2515 
f 2513/2513/2513 2520/2520/2520 2515/2515/2515 
f 2515/2515/2515 2520/2520/2520 2515/2515/2515 
f 2520/2520/2520 2521/2521/2521 2515/2515/2515 
f 2515/2515/2515 2521/2521/2521 2517/2517/2517 
f 2521/2521/2521 2522/2522/2522 2517/2517/2517 
f 2517/2517/2517 2522/2522/2522 2517/2517/2517 
f 2522/2522/2522 2523/2523/2523 2517/2517/2517 
f 2517/2517/2517 2523/2523/2523 2517/2517/2517 
f 2523/2523/2523 2524/2524/2524 2517/2517/2517 
f 2517/2517/2517 2524/2524/2524 2517/2517/2517 
f 2524/2524/2524 2525/2525/2525 2517/2517/2517 
f 2517/2517/2517 2525/2525/2525 2518/2518/2518 
f 2525/2525/2525 2526/2526/2526 2518/2518/2518 
f 2518/2518/2518 2526/2526/2526 2527/2527/2527 
f 2526/2526/2526 2526/2526/2526 2527/2527/2527 
f 2527/2527/2527 2526/2526/2526 2528/2528/2528 
f 2526/2526/2526 2526/2526/2526 2528/2528/2528 
f 2528/2528/2528 2526/2526/2526 2529/2529/2529 
f 2526/2526/2526 2525/2525/2525 2529/2529/2529 
f 2529/2529/2529 2525/2525/2525 2530/2530/2530 
f 2525/2525/2525 2530/2530/2530 2530/2530/2530 
f 2530/2530/2530 2530/2530/2530 2531/2531/2531 
f 2530/2530/2530 2531/2531/2531 2531/2531/2531 
f 2531/2531/2531 2531/2531/2531 2527/2527/2527 
f 2531/2531/2531 2518/2518/2518 2527/2527/2527 
f 2527/2527/2527 2518/2518/2518 2518/2518/2518 
f 2518/2518/2518 2524/2524/2524 2518/2518/2518 
f 2518/2518/2518 2524/2524/2524 2524/2524/2524 
f 2524/2524/2524 2532/2532/2532 2524/2524/2524 
f 2524/2524/2524 2532/2532/2532 2525/2525/2525 
f 2532/2532/2532 2532/2532/2532 2525/2525/2525 
f 2525/2525/2525 2532/2532/2532 2533/2533/2533 
f 2532/2532/2532 2534/2534/2534 2533/2533/2533 
f 2533/2533/2533 2534/2534/2534 2535/2535/2535 
f 2534/2534/2534 2535/2535/2535 2535/2535/2535 
f 2535/2535/2535 2535/2535/2535 2534/2534/2534 
f 2535/2535/2535 2534/2534/2534 2534/2534/2534 
f 2534/2534/2534 2534/2534/2534 2536/2536/2536 
f 2534/2534/2534 2532/2532/2532 2536/2536/2536 
f 2536/2536/2536 2532/2532/2532 2536/2536/2536 
f 2532/2532/2532 2524/2524/2524 2536/2536/2536 
f 2536/2536/2536 2524/2524/2524 2536/2536/2536 
f 2524/2524/2524 2523/2523/2523 2536/2536/2536 
f 2536/2536/2536 2523/2523/2523 2537/2537/2537 
f 2523/2523/2523 2523/2523/2523 2537/2537/2537 
f 2537/2537/2537 2523/2523/2523 2538/2538/2538 
f 2523/2523/2523 2522/2522/2522 2538/2538/2538 
f 2538/2538/2538 2522/2522/2522 2539/2539/2539 
f 2522/2522/2522 2540/2540/2540 2539/2539/2539 
f 2539/2539/2539 2540/2540/2540 2541/2541/2541 
f 2540/2540/2540 2540/2540/2540 2541/2541/2541 
f 2541/2541/2541 2540/2540/2540 2542/2542/2542 
f 2540/2540/2540 2543/2543/2543 2542/2542/2542 
f 2542/2542/2542 2543/2543/2543 2544/2544/2544 
f 2543/2543/2543 2543/2543/2543 2544/2544/2544 
f 2544/2544/2544 2543/2543/2543 2545/2545/2545 
f 2543/2543/2543 2521/2521/2521 2545/2545/2545 
f 2545/2545/2545 2521/2521/2521 2546/2546/2546 
f 2521/2521/2521 2547/2547/2547 2546/2546/2546 
f 2546/2546/2546 2547/2547/2547 2547/2547/2547 
f 2547/2547/2547 2538/2538/2538 2547/2547/2547 
f 2547/2547/2547 2538/2538/2538 2538/2538/2538 
f 2538/2538/2538 2539/2539/2539 2538/2538/2538 
f 2538/2538/2538 2539/2539/2539 2548/2548/2548 
f 2539/2539/2539 2541/2541/2541 2548/2548/2548 
f 2548/2548/2548 2541/2541/2541 2541/2541/2541 
f 2541/2541/2541 2540/2540/2540 2541/2541/2541 
f 2541/2541/2541 2540/2540/2540 2540/2540/2540 
f 2540/2540/2540 2522/2522/2522 2540/2540/2540 
f 2540/2540/2540 2522/2522/2522 2543/2543/2543 
f 2522/2522/2522 2521/2521/2521 2543/2543/2543 
f 2543/2543/2543 2521/2521/2521 2521/2521/2521 
f 2521/2521/2521 2549/2549/2549 2521/2521/2521 
f 2521/2521/2521 2549/2549/2549 2549/2549/2549 
f 2549/2549/2549 2550/2550/2550 2549/2549/2549 
f 2549/2549/2549 2550/2550/2550 2537/2537/2537 
f 2550/2550/2550 2550/2550/2550 2537/2537/2537 
f 2537/2537/2537 2550/2550/2550 2536/2536/2536 
f 2550/2550/2550 2551/2551/2551 2536/2536/2536 
f 2536/2536/2536 2551/2551/2551 2552/2552/2552 
f 2551/2551/2551 2553/2553/2553 2552/2552/2552 
f 2552/2552/2552 2553/2553/2553 2535/2535/2535 
f 2553/2553/2553 2554/2554/2554 2535/2535/2535 
f 2535/2535/2535 2554/2554/2554 2555/2555/2555 
f 2554/2554/2554 2554/2554/2554 2555/2555/2555 
f 2555/2555/2555 2554/2554/2554 2556/2556/2556 
f 2554/2554/2554 2554/2554/2554 2556/2556/2556 
f 2556/2556/2556 2554/2554/2554 2557/2557/2557 
f 2554/2554/2554 2558/2558/2558 2557/2557/2557 
f 2557/2557/2557 2558/2558/2558 2559/2559/2559 
f 2558/2558/2558 2559/2559/2559 2559/2559/2559 
f 2559/2559/2559 2559/2559/2559 2555/2555/2555 
f 2559/2559/2559 2555/2555/2555 2555/2555/2555 
f 2555/2555/2555 2555/2555/2555 2535/2535/2535 
f 2555/2555/2555 2530/2530/2530 2535/2535/2535 
f 2535/2535/2535 2530/2530/2530 2530/2530/2530 
f 2530/2530/2530 2554/2554/2554 2530/2530/2530 
f 2530/2530/2530 2554/2554/2554 2554/2554/2554 
f 2554/2554/2554 2553/2553/2553 2554/2554/2554 
f 2554/2554/2554 2553/2553/2553 2558/2558/2558 
f 2553/2553/2553 2560/2560/2560 2558/2558/2558 
f 2558/2558/2558 2560/2560/2560 2558/2558/2558 
f 2560/2560/2560 2561/2561/2561 2558/2558/2558 
f 2558/2558/2558 2561/2561/2561 2562/2562/2562 
f 2561/2561/2561 2562/2562/2562 2562/2562/2562 
f 2562/2562/2562 2562/2562/2562 2560/2560/2560 
f 2562/2562/2562 2560/2560/2560 2560/2560/2560 
f 2560/2560/2560 2560/2560/2560 2563/2563/2563 
f 2560/2560/2560 2553/2553/2553 2563/2563/2563 
f 2563/2563/2563 2553/2553/2553 2563/2563/2563 
f 2553/2553/2553 2551/2551/2551 2563/2563/2563 
f 2563/2563/2563 2551/2551/2551 2564/2564/2564 
f 2551/2551/2551 2550/2550/2550 2564/2564/2564 
f 2564/2564/2564 2550/2550/2550 2548/2548/2548 
f 2550/2550/2550 2548/2548/2548 2548/2548/2548 
f 2548/2548/2548 2548/2548/2548 2563/2563/2563 
f 2548/2548/2548 2563/2563/2563 2563/2563/2563 
f 2563/2563/2563 2563/2563/2563 2565/2565/2565 
f 2563/2563/2563 2564/2564/2564 2565/2565/2565 
f 2565/2565/2565 2564/2564/2564 2566/2566/2566 
f 2564/2564/2564 2567/2567/2567 2566/2566/2566 
f 2566/2566/2566 2567/2567/2567 2566/2566/2566 
f 2567/2567/2567 2568/2568/2568 2566/2566/2566 
f 2566/2566/2566 2568/2568/2568 2566/2566/2566 
f 2568/2568/2568 2569/2569/2569 2566/2566/2566 
f 2566/2566/2566 2569/2569/2569 2566/2566/2566 
f 2569/2569/2569 2570/2570/2570 2566/2566/2566 
f 2566/2566/2566 2570/2570/2570 2565/2565/2565 
f 2570/2570/2570 2565/2565/2565 2565/2565/2565 
f 2565/2565/2565 2565/2565/2565 2564/2564/2564 
f 2565/2565/2565 2564/2564/2564 2564/2564/2564 
f 2564/2564/2564 2564/2564/2564 2567/2567/2567 
f 2564/2564/2564 2548/2548/2548 2567/2567/2567 
f 2567/2567/2567 2548/2548/2548 2571/2571/2571 
f 2548/2548/2548 2541/2541/2541 2571/2571/2571 
f 2571/2571/2571 2541/2541/2541 2571/2571/2571 
f 2541/2541/2541 2572/2572/2572 2571/2571/2571 
f 2571/2571/2571 2572/2572/2572 2573/2573/2573 
f 2572/2572/2572 2574/2574/2574 2573/2573/2573 
f 2573/2573/2573 2574/2574/2574 2573/2573/2573 
f 2574/2574/2574 2575/2575/2575 2573/2573/2573 
f 2573/2573/2573 2575/2575/2575 2568/2568/2568 
f 2575/2575/2575 2568/2568/2568 2568/2568/2568 
f 2568/2568/2568 2568/2568/2568 2571/2571/2571 
f 2568/2568/2568 2571/2571/2571 2571/2571/2571 
f 2571/2571/2571 2571/2571/2571 2567/2567/2567 
f 2571/2571/2571 2576/2576/2576 2567/2567/2567 
f 2567/2567/2567 2576/2576/2576 2568/2568/2568 
f 2576/2576/2576 2568/2568/2568 2568/2568/2568 
f 2568/2568/2568 2568/2568/2568 2574/2574/2574 
f 2568/2568/2568 2574/2574/2574 2574/2574/2574 
f 2574/2574/2574 2574/2574/2574 2577/2577/2577 
f 2574/2574/2574 2572/2572/2572 2577/2577/2577 
f 2577/2577/2577 2572/2572/2572 2572/2572/2572 
f 2572/2572/2572 2578/2578/2578 2572/2572/2572 
f 2572/2572/2572 2578/2578/2578 2578/2578/2578 
f 2578/2578/2578 2579/2579/2579 2578/2578/2578 
f 2578/2578/2578 2579/2579/2579 2580/2580/2580 
f 2579/2579/2579 2579/2579/2579 2580/2580/2580 
f 2580/2580/2580 2579/2579/2579 2581/2581/2581 
f 2579/2579/2579 2582/2582/2582 2581/2581/2581 
f 2581/2581/2581 2582/2582/2582 2582/2582/2582 
f 2582/2582/2582 2583/2583/2583 2582/2582/2582 
f 2582/2582/2582 2583/2583/2583 2583/2583/2583 
f 2583/2583/2583 2584/2584/2584 2583/2583/2583 
f 2583/2583/2583 2584/2584/2584 2585/2585/2585 
f 2584/2584/2584 2585/2585/2585 2585/2585/2585 
f 2585/2585/2585 2585/2585/2585 2586/2586/2586 
f 2585/2585/2585 2586/2586/2586 2586/2586/2586 
f 2586/2586/2586 2586/2586/2586 2587/2587/2587 
f 2586/2586/2586 2588/2588/2588 2587/2587/2587 
f 2587/2587/2587 2588/2588/2588 2589/2589/2589 
f 2588/2588/2588 2588/2588/2588 2589/2589/2589 
f 2589/2589/2589 2588/2588/2588 2590/2590/2590 
f 2588/2588/2588 2588/2588/2588 2590/2590/2590 
f 2590/2590/2590 2588/2588/2588 2591/2591/2591 
f 2588/2588/2588 2592/2592/2592 2591/2591/2591 
f 2591/2591/2591 2592/2592/2592 2593/2593/2593 
f 2592/2592/2592 2594/2594/2594 2593/2593/2593 
f 2593/2593/2593 2594/2594/2594 2594/2594/2594 
f 2594/2594/2594 2595/2595/2595 2594/2594/2594 
f 2594/2594/2594 2595/2595/2595 2595/2595/2595 
f 2595/2595/2595 2596/2596/2596 2595/2595/2595 
f 2595/2595/2595 2596/2596/2596 2597/2597/2597 
f 2596/2596/2596 2596/2596/2596 2597/2597/2597 
f 2597/2597/2597 2596/2596/2596 2598/2598/2598 
f 2596/2596/2596 2599/2599/2599 2598/2598/2598 
f 2598/2598/2598 2599/2599/2599 2600/2600/2600 
f 2599/2599/2599 2600/2600/2600 2600/2600/2600 
f 2600/2600/2600 2600/2600/2600 2601/2601/2601 
f 2600/2600/2600 2601/2601/2601 2601/2601/2601 
f 2601/2601/2601 2601/2601/2601 2602/2602/2602 
f 2601/2601/2601 2603/2603/2603 2602/2602/2602 
f 2602/2602/2602 2603/2603/2603 2602/2602/2602 
f 2603/2603/2603 2604/2604/2604 2602/2602/2602 
f 2602/2602/2602 2604/2604/2604 2602/2602/2602 
f 2604/2604/2604 2605/2605/2605 2602/2602/2602 
f 2602/2602/2602 2605/2605/2605 2606/2606/2606 
f 2605/2605/2605 2607/2607/2607 2606/2606/2606 
f 2606/2606/2606 2607/2607/2607 2608/2608/2608 
f 2607/2607/2607 2609/2609/2609 2608/2608/2608 
f 2608/2608/2608 2609/2609/2609 2602/2602/2602 
f 2609/2609/2609 2610/2610/2610 2602/2602/2602 
f 2602/2602/2602 2610/2610/2610 2601/2601/2601 
f 2610/2610/2610 2610/2610/2610 2601/2601/2601 
f 2601/2601/2601 2610/2610/2610 2611/2611/2611 
f 2610/2610/2610 2610/2610/2610 2611/2611/2611 
f 2611/2611/2611 2610/2610/2610 2612/2612/2612 
f 2610/2610/2610 2613/2613/2613 2612/2612/2612 
f 2612/2612/2612 2613/2613/2613 2614/2614/2614 
f 2613/2613/2613 2613/2613/2613 2614/2614/2614 
f 2614/2614/2614 2613/2613/2613 2615/2615/2615 
f 2613/2613/2613 2616/2616/2616 2615/2615/2615 
f 2615/2615/2615 2616/2616/2616 2617/2617/2617 
f 2616/2616/2616 2618/2618/2618 2617/2617/2617 
f 2617/2617/2617 2618/2618/2618 2619/2619/2619 
f 2618/2618/2618 2619/2619/2619 2619/2619/2619 
f 2619/2619/2619 2619/2619/2619 2605/2605/2605 
f 2619/2619/2619 2605/2605/2605 2605/2605/2605 
f 2605/2605/2605 2605/2605/2605 2607/2607/2607 
f 2605/2605/2605 2620/2620/2620 2607/2607/2607 
f 2607/2607/2607 2620/2620/2620 2621/2621/2621 
f 2620/2620/2620 2618/2618/2618 2621/2621/2621 
f 2621/2621/2621 2618/2618/2618 2621/2621/2621 
f 2618/2618/2618 2616/2616/2616 2621/2621/2621 
f 2621/2621/2621 2616/2616/2616 2621/2621/2621 
f 2616/2616/2616 2613/2613/2613 2621/2621/2621 
f 2621/2621/2621 2613/2613/2613 2622/2622/2622 
f 2613/2613/2613 2610/2610/2610 2622/2622/2622 
f 2622/2622/2622 2610/2610/2610 2622/2622/2622 
f 2610/2610/2610 2609/2609/2609 2622/2622/2622 
f 2622/2622/2622 2609/2609/2609 2622/2622/2622 
f 2609/2609/2609 2607/2607/2607 2622/2622/2622 
f 2622/2622/2622 2607/2607/2607 2621/2621/2621 
f 2607/2607/2607 2621/2621/2621 2621/2621/2621 
f 2621/2621/2621 2621/2621/2621 2608/2608/2608 
f 2621/2621/2621 2608/2608/2608 2608/2608/2608 
f 2608/2608/2608 2608/2608/2608 2606/2606/2606 
f 2608/2608/2608 2602/2602/2602 2606/2606/2606 
f 2606/2606/2606 2602/2602/2602 2602/2602/2602 
f 2602/2602/2602 2623/2623/2623 2602/2602/2602 
f 2602/2602/2602 2623/2623/2623 2623/2623/2623 
f 2623/2623/2623 2624/2624/2624 2623/2623/2623 
f 2623/2623/2623 2624/2624/2624 2625/2625/2625 
f 2624/2624/2624 2626/2626/2626 2625/2625/2625 
f 2625/2625/2625 2626/2626/2626 2627/2627/2627 
f 2626/2626/2626 2628/2628/2628 2627/2627/2627 
f 2627/2627/2627 2628/2628/2628 2629/2629/2629 
f 2628/2628/2628 2630/2630/2630 2629/2629/2629 
f 2629/2629/2629 2630/2630/2630 2629/2629/2629 
f 2630/2630/2630 2631/2631/2631 2629/2629/2629 
f 2629/2629/2629 2631/2631/2631 2627/2627/2627 
f 2631/2631/2631 2627/2627/2627 2627/2627/2627 
f 2627/2627/2627 2627/2627/2627 2630/2630/2630 
f 2627/2627/2627 2630/2630/2630 2630/2630/2630 
f 2630/2630/2630 2630/2630/2630 2632/2632/2632 
f 2630/2630/2630 2628/2628/2628 2632/2632/2632 
f 2632/2632/2632 2628/2628/2628 2633/2633/2633 
f 2628/2628/2628 2634/2634/2634 2633/2633/2633 
f 2633/2633/2633 2634/2634/2634 2635/2635/2635 
f 2634/2634/2634 2635/2635/2635 2635/2635/2635 
f 2635/2635/2635 2635/2635/2635 2632/2632/2632 
f 2635/2635/2635 2632/2632/2632 2632/2632/2632 
f 2632/2632/2632 2632/2632/2632 2636/2636/2636 
f 2632/2632/2632 2633/2633/2633 2636/2636/2636 
f 2636/2636/2636 2633/2633/2633 2633/2633/2633 
f 2633/2633/2633 2637/2637/2637 2633/2633/2633 
f 2633/2633/2633 2637/2637/2637 2637/2637/2637 
f 2637/2637/2637 2638/2638/2638 2637/2637/2637 
f 2637/2637/2637 2638/2638/2638 2639/2639/2639 
f 2638/2638/2638 2638/2638/2638 2639/2639/2639 
f 2639/2639/2639 2638/2638/2638 2640/2640/2640 
f 2638/2638/2638 2641/2641/2641 2640/2640/2640 
f 2640/2640/2640 2641/2641/2641 2640/2640/2640 
f 2641/2641/2641 2642/2642/2642 2640/2640/2640 
f 2640/2640/2640 2642/2642/2642 2643/2643/2643 
f 2642/2642/2642 2644/2644/2644 2643/2643/2643 
f 2643/2643/2643 2644/2644/2644 2644/2644/2644 
f 2644/2644/2644 2645/2645/2645 2644/2644/2644 
f 2644/2644/2644 2645/2645/2645 2645/2645/2645 
f 2645/2645/2645 2641/2641/2641 2645/2645/2645 
f 2645/2645/2645 2641/2641/2641 2638/2638/2638 
f 2641/2641/2641 2638/2638/2638 2638/2638/2638 
f 2638/2638/2638 2638/2638/2638 2646/2646/2646 
f 2638/2638/2638 2646/2646/2646 2646/2646/2646 
f 2646/2646/2646 2646/2646/2646 2647/2647/2647 
f 2646/2646/2646 2648/2648/2648 2647/2647/2647 
f 2647/2647/2647 2648/2648/2648 2647/2647/2647 
f 2648/2648/2648 2649/2649/2649 2647/2647/2647 
f 2647/2647/2647 2649/2649/2649 2647/2647/2647 
f 2649/2649/2649 2650/2650/2650 2647/2647/2647 
f 2647/2647/2647 2650/2650/2650 2651/2651/2651 
f 2650/2650/2650 2652/2652/2652 2651/2651/2651 
f 2651/2651/2651 2652/2652/2652 2652/2652/2652 
f 2652/2652/2652 2647/2647/2647 2652/2652/2652 
f 2652/2652/2652 2647/2647/2647 2647/2647/2647 
f 2647/2647/2647 2651/2651/2651 2647/2647/2647 
f 2647/2647/2647 2651/2651/2651 2646/2646/2646 
f 2651/2651/2651 2651/2651/2651 2646/2646/2646 
f 2646/2646/2646 2651/2651/2651 2653/2653/2653 
f 2651/2651/2651 2651/2651/2651 2653/2653/2653 
f 2653/2653/2653 2651/2651/2651 2654/2654/2654 
f 2651/2651/2651 2651/2651/2651 2654/2654/2654 
f 2654/2654/2654 2651/2651/2651 2655/2655/2655 
f 2651/2651/2651 2656/2656/2656 2655/2655/2655 
f 2655/2655/2655 2656/2656/2656 2657/2657/2657 
f 2656/2656/2656 2656/2656/2656 2657/2657/2657 
f 2657/2657/2657 2656/2656/2656 2658/2658/2658 
f 2656/2656/2656 2651/2651/2651 2658/2658/2658 
f 2658/2658/2658 2651/2651/2651 2652/2652/2652 
f 2651/2651/2651 2652/2652/2652 2652/2652/2652 
f 2652/2652/2652 2652/2652/2652 2659/2659/2659 
f 2652/2652/2652 2659/2659/2659 2659/2659/2659 
f 2659/2659/2659 2659/2659/2659 2660/2660/2660 
f 2659/2659/2659 2661/2661/2661 2660/2660/2660 
f 2660/2660/2660 2661/2661/2661 2662/2662/2662 
f 2661/2661/2661 2661/2661/2661 2662/2662/2662 
f 2662/2662/2662 2661/2661/2661 2663/2663/2663 
f 2661/2661/2661 2664/2664/2664 2663/2663/2663 
f 2663/2663/2663 2664/2664/2664 2665/2665/2665 
f 2664/2664/2664 2665/2665/2665 2665/2665/2665 
f 2665/2665/2665 2665/2665/2665 2666/2666/2666 
f 2665/2665/2665 2666/2666/2666 2666/2666/2666 
f 2666/2666/2666 2666/2666/2666 2667/2667/2667 
f 2666/2666/2666 2668/2668/2668 2667/2667/2667 
f 2667/2667/2667 2668/2668/2668 2669/2669/2669 
f 2668/2668/2668 2670/2670/2670 2669/2669/2669 
f 2669/2669/2669 2670/2670/2670 2671/2671/2671 
f 2670/2670/2670 2672/2672/2672 2671/2671/2671 
f 2671/2671/2671 2672/2672/2672 2672/2672/2672 
f 2672/2672/2672 2667/2667/2667 2672/2672/2672 
f 2672/2672/2672 2667/2667/2667 2667/2667/2667 
f 2667/2667/2667 2669/2669/2669 2667/2667/2667 
f 2667/2667/2667 2669/2669/2669 2659/2659/2659 
f 2669/2669/2669 2669/2669/2669 2659/2659/2659 
f 2659/2659/2659 2669/2669/2669 2661/2661/2661 
f 2669/2669/2669 2669/2669/2669 2661/2661/2661 
f 2661/2661/2661 2669/2669/2669 2664/2664/2664 
f 2669/2669/2669 2673/2673/2673 2664/2664/2664 
f 2664/2664/2664 2673/2673/2673 2665/2665/2665 
f 2673/2673/2673 2674/2674/2674 2665/2665/2665 
f 2665/2665/2665 2674/2674/2674 2675/2675/2675 
f 2674/2674/2674 2674/2674/2674 2675/2675/2675 
f 2675/2675/2675 2674/2674/2674 2676/2676/2676 
f 2674/2674/2674 2674/2674/2674 2676/2676/2676 
f 2676/2676/2676 2674/2674/2674 2677/2677/2677 
f 2674/2674/2674 2674/2674/2674 2677/2677/2677 
f 2677/2677/2677 2674/2674/2674 2678/2678/2678 
f 2674/2674/2674 2674/2674/2674 2678/2678/2678 
f 2678/2678/2678 2674/2674/2674 2679/2679/2679 
f 2674/2674/2674 2671/2671/2671 2679/2679/2679 
f 2679/2679/2679 2671/2671/2671 2680/2680/2680 
f 2671/2671/2671 2672/2672/2672 2680/2680/2680 
f 2680/2680/2680 2672/2672/2672 2680/2680/2680 
f 2672/2672/2672 2681/2681/2681 2680/2680/2680 
f 2680/2680/2680 2681/2681/2681 2680/2680/2680 
f 2681/2681/2681 2682/2682/2682 2680/2680/2680 
f 2680/2680/2680 2682/2682/2682 2683/2683/2683 
f 2682/2682/2682 2683/2683/2683 2683/2683/2683 
f 2683/2683/2683 2683/2683/2683 2669/2669/2669 
f 2683/2683/2683 2669/2669/2669 2669/2669/2669 
f 2669/2669/2669 2669/2669/2669 2673/2673/2673 
f 2669/2669/2669 2671/2671/2671 2673/2673/2673 
f 2673/2673/2673 2671/2671/2671 2674/2674/2674 
f 2671/2671/2671 2674/2674/2674 2674/2674/2674 
f 2674/2674/2674 2674/2674/2674 2684/2684/2684 
f 2674/2674/2674 2684/2684/2684 2684/2684/2684 
f 2684/2684/2684 2684/2684/2684 2685/2685/2685 
f 2684/2684/2684 2686/2686/2686 2685/2685/2685 
f 2685/2685/2685 2686/2686/2686 2685/2685/2685 
f 2686/2686/2686 2687/2687/2687 2685/2685/2685 
f 2685/2685/2685 2687/2687/2687 2685/2685/2685 
f 2687/2687/2687 2688/2688/2688 2685/2685/2685 
f 2685/2685/2685 2688/2688/2688 2685/2685/2685 
f 2688/2688/2688 2689/2689/2689 2685/2685/2685 
f 2685/2685/2685 2689/2689/2689 2690/2690/2690 
f 2689/2689/2689 2691/2691/2691 2690/2690/2690 
f 2690/2690/2690 2691/2691/2691 2692/2692/2692 
f 2691/2691/2691 2693/2693/2693 2692/2692/2692 
f 2692/2692/2692 2693/2693/2693 2692/2692/2692 
f 2693/2693/2693 2694/2694/2694 2692/2692/2692 
f 2692/2692/2692 2694/2694/2694 2695/2695/2695 
f 2694/2694/2694 2695/2695/2695 2695/2695/2695 
f 2695/2695/2695 2695/2695/2695 2696/2696/2696 
f 2695/2695/2695 2696/2696/2696 2696/2696/2696 
f 2696/2696/2696 2696/2696/2696 2697/2697/2697 
f 2696/2696/2696 2698/2698/2698 2697/2697/2697 
f 2697/2697/2697 2698/2698/2698 2699/2699/2699 
f 2698/2698/2698 2700/2700/2700 2699/2699/2699 
f 2699/2699/2699 2700/2700/2700 2701/2701/2701 
f 2700/2700/2700 2700/2700/2700 2701/2701/2701 
f 2701/2701/2701 2700/2700/2700 2702/2702/2702 
f 2700/2700/2700 2698/2698/2698 2702/2702/2702 
f 2702/2702/2702 2698/2698/2698 2703/2703/2703 
f 2698/2698/2698 2704/2704/2704 2703/2703/2703 
f 2703/2703/2703 2704/2704/2704 2704/2704/2704 
f 2704/2704/2704 2705/2705/2705 2704/2704/2704 
f 2704/2704/2704 2705/2705/2705 2705/2705/2705 
f 2705/2705/2705 2706/2706/2706 2705/2705/2705 
f 2705/2705/2705 2706/2706/2706 2707/2707/2707 
f 2706/2706/2706 2708/2708/2708 2707/2707/2707 
f 2707/2707/2707 2708/2708/2708 2707/2707/2707 
f 2708/2708/2708 2709/2709/2709 2707/2707/2707 
f 2707/2707/2707 2709/2709/2709 2707/2707/2707 
f 2709/2709/2709 2710/2710/2710 2707/2707/2707 
f 2707/2707/2707 2710/2710/2710 2711/2711/2711 
f 2710/2710/2710 2712/2712/2712 2711/2711/2711 
f 2711/2711/2711 2712/2712/2712 2713/2713/2713 
f 2712/2712/2712 2712/2712/2712 2713/2713/2713 
f 2713/2713/2713 2712/2712/2712 2714/2714/2714 
f 2712/2712/2712 2715/2715/2715 2714/2714/2714 
f 2714/2714/2714 2715/2715/2715 2716/2716/2716 
f 2715/2715/2715 2717/2717/2717 2716/2716/2716 
f 2716/2716/2716 2717/2717/2717 2718/2718/2718 
f 2717/2717/2717 2718/2718/2718 2718/2718/2718 
f 2718/2718/2718 2718/2718/2718 2707/2707/2707 
f 2718/2718/2718 2707/2707/2707 2707/2707/2707 
f 2707/2707/2707 2707/2707/2707 2719/2719/2719 
f 2707/2707/2707 2711/2711/2711 2719/2719/2719 
f 2719/2719/2719 2711/2711/2711 2713/2713/2713 
f 2711/2711/2711 2713/2713/2713 2713/2713/2713 
f 2713/2713/2713 2713/2713/2713 2714/2714/2714 
f 2713/2713/2713 2714/2714/2714 2714/2714/2714 
f 2714/2714/2714 2714/2714/2714 2720/2720/2720 
f 2714/2714/2714 2716/2716/2716 2720/2720/2720 
f 2720/2720/2720 2716/2716/2716 2716/2716/2716 
f 2716/2716/2716 2721/2721/2721 2716/2716/2716 
f 2716/2716/2716 2721/2721/2721 2721/2721/2721 
f 2721/2721/2721 2722/2722/2722 2721/2721/2721 
f 2721/2721/2721 2722/2722/2722 2723/2723/2723 
f 2722/2722/2722 2724/2724/2724 2723/2723/2723 
f 2723/2723/2723 2724/2724/2724 2724/2724/2724 
f 2724/2724/2724 2725/2725/2725 2724/2724/2724 
f 2724/2724/2724 2725/2725/2725 2725/2725/2725 
f 2725/2725/2725 2726/2726/2726 2725/2725/2725 
f 2725/2725/2725 2726/2726/2726 2727/2727/2727 
f 2726/2726/2726 2728/2728/2728 2727/2727/2727 
f 2727/2727/2727 2728/2728/2728 2729/2729/2729 
f 2728/2728/2728 2729/2729/2729 2729/2729/2729 
f 2729/2729/2729 2729/2729/2729 2730/2730/2730 
f 2729/2729/2729 2730/2730/2730 2730/2730/2730 
f 2730/2730/2730 2730/2730/2730 2731/2731/2731 
f 2730/2730/2730 2732/2732/2732 2731/2731/2731 
f 2731/2731/2731 2732/2732/2732 2731/2731/2731 
f 2732/2732/2732 2733/2733/2733 2731/2731/2731 
f 2731/2731/2731 2733/2733/2733 2734/2734/2734 
f 2733/2733/2733 2734/2734/2734 2734/2734/2734 
f 2734/2734/2734 2734/2734/2734 2735/2735/2735 
f 2734/2734/2734 2735/2735/2735 2735/2735/2735 
f 2735/2735/2735 2735/2735/2735 2736/2736/2736 
f 2735/2735/2735 2737/2737/2737 2736/2736/2736 
f 2736/2736/2736 2737/2737/2737 2737/2737/2737 
f 2737/2737/2737 2738/2738/2738 2737/2737/2737 
f 2737/2737/2737 2738/2738/2738 2738/2738/2738 
f 2738/2738/2738 2739/2739/2739 2738/2738/2738 
f 2738/2738/2738 2739/2739/2739 2740/2740/2740 
f 2739/2739/2739 2741/2741/2741 2740/2740/2740 
f 2740/2740/2740 2741/2741/2741 2741/2741/2741 
f 2741/2741/2741 2742/2742/2742 2741/2741/2741 
f 2741/2741/2741 2742/2742/2742 2742/2742/2742 
f 2742/2742/2742 2743/2743/2743 2742/2742/2742 
f 2742/2742/2742 2743/2743/2743 2744/2744/2744 
f 2743/2743/2743 2745/2745/2745 2744/2744/2744 
f 2744/2744/2744 2745/2745/2745 2745/2745/2745 
f 2745/2745/2745 2746/2746/2746 2745/2745/2745 
f 2745/2745/2745 2746/2746/2746 2746/2746/2746 
f 2746/2746/2746 2747/2747/2747 2746/2746/2746 
f 2746/2746/2746 2747/2747/2747 2748/2748/2748 
f 2747/2747/2747 2749/2749/2749 2748/2748/2748 
f 2748/2748/2748 2749/2749/2749 2749/2749/2749 
f 2749/2749/2749 2750/2750/2750 2749/2749/2749 
f 2749/2749/2749 2750/2750/2750 2750/2750/2750 
f 2750/2750/2750 2751/2751/2751 2750/2750/2750 
f 2750/2750/2750 2751/2751/2751 2752/2752/2752 
f 2751/2751/2751 2751/2751/2751 2752/2752/2752 
f 2752/2752/2752 2751/2751/2751 2753/2753/2753 
f 2751/2751/2751 2751/2751/2751 2753/2753/2753 
f 2753/2753/2753 2751/2751/2751 2754/2754/2754 
f 2751/2751/2751 2755/2755/2755 2754/2754/2754 
f 2754/2754/2754 2755/2755/2755 2755/2755/2755 
f 2755/2755/2755 2756/2756/2756 2755/2755/2755 
f 2755/2755/2755 2756/2756/2756 2756/2756/2756 
f 2756/2756/2756 2757/2757/2757 2756/2756/2756 
f 2756/2756/2756 2757/2757/2757 2758/2758/2758 
f 2757/2757/2757 2759/2759/2759 2758/2758/2758 
f 2758/2758/2758 2759/2759/2759 2760/2760/2760 
f 2759/2759/2759 2761/2761/2761 2760/2760/2760 
f 2760/2760/2760 2761/2761/2761 2760/2760/2760 
f 2761/2761/2761 2762/2762/2762 2760/2760/2760 
f 2760/2760/2760 2762/2762/2762 2760/2760/2760 
f 2762/2762/2762 2763/2763/2763 2760/2760/2760 
f 2760/2760/2760 2763/2763/2763 2760/2760/2760 
f 2763/2763/2763 2764/2764/2764 2760/2760/2760 
f 2760/2760/2760 2764/2764/2764 2758/2758/2758 
f 2764/2764/2764 2758/2758/2758 2758/2758/2758 
f 2758/2758/2758 2758/2758/2758 2759/2759/2759 
f 2758/2758/2758 2759/2759/2759 2759/2759/2759 
f 2759/2759/2759 2759/2759/2759 2761/2761/2761 
f 2759/2759/2759 2765/2765/2765 2761/2761/2761 
f 2761/2761/2761 2765/2765/2765 2761/2761/2761 
f 2765/2765/2765 2766/2766/2766 2761/2761/2761 
f 2761/2761/2761 2766/2766/2766 2767/2767/2767 
f 2766/2766/2766 2768/2768/2768 2767/2767/2767 
f 2767/2767/2767 2768/2768/2768 2767/2767/2767 
f 2768/2768/2768 2769/2769/2769 2767/2767/2767 
f 2767/2767/2767 2769/2769/2769 2767/2767/2767 
f 2769/2769/2769 2770/2770/2770 2767/2767/2767 
f 2767/2767/2767 2770/2770/2770 2771/2771/2771 
f 2770/2770/2770 2772/2772/2772 2771/2771/2771 
f 2771/2771/2771 2772/2772/2772 2772/2772/2772 
f 2772/2772/2772 2761/2761/2761 2772/2772/2772 
f 2772/2772/2772 2761/2761/2761 2761/2761/2761 
f 2761/2761/2761 2767/2767/2767 2761/2761/2761 
f 2761/2761/2761 2767/2767/2767 2771/2771/2771 
f 2767/2767/2767 2771/2771/2771 2771/2771/2771 
f 2771/2771/2771 2771/2771/2771 2773/2773/2773 
f 2771/2771/2771 2773/2773/2773 2773/2773/2773 
f 2773/2773/2773 2773/2773/2773 2774/2774/2774 
f 2773/2773/2773 2775/2775/2775 2774/2774/2774 
f 2774/2774/2774 2775/2775/2775 2776/2776/2776 
f 2775/2775/2775 2775/2775/2775 2776/2776/2776 
f 2776/2776/2776 2775/2775/2775 2777/2777/2777 
f 2775/2775/2775 2778/2778/2778 2777/2777/2777 
f 2777/2777/2777 2778/2778/2778 2779/2779/2779 
f 2778/2778/2778 2778/2778/2778 2779/2779/2779 
f 2779/2779/2779 2778/2778/2778 2780/2780/2780 
f 2778/2778/2778 2781/2781/2781 2780/2780/2780 
f 2780/2780/2780 2781/2781/2781 2782/2782/2782 
f 2781/2781/2781 2782/2782/2782 2782/2782/2782 
f 2782/2782/2782 2782/2782/2782 2776/2776/2776 
f 2782/2782/2782 2776/2776/2776 2776/2776/2776 
f 2776/2776/2776 2776/2776/2776 2774/2774/2774 
f 2776/2776/2776 2783/2783/2783 2774/2774/2774 
f 2774/2774/2774 2783/2783/2783 2783/2783/2783 
f 2783/2783/2783 2784/2784/2784 2783/2783/2783 
f 2783/2783/2783 2784/2784/2784 2784/2784/2784 
f 2784/2784/2784 2785/2785/2785 2784/2784/2784 
f 2784/2784/2784 2785/2785/2785 2786/2786/2786 
f 2785/2785/2785 2787/2787/2787 2786/2786/2786 
f 2786/2786/2786 2787/2787/2787 2788/2788/2788 
f 2787/2787/2787 2789/2789/2789 2788/2788/2788 
f 2788/2788/2788 2789/2789/2789 2790/2790/2790 
f 2789/2789/2789 2791/2791/2791 2790/2790/2790 
f 2790/2790/2790 2791/2791/2791 2792/2792/2792 
f 2791/2791/2791 2793/2793/2793 2792/2792/2792 
f 2792/2792/2792 2793/2793/2793 2794/2794/2794 
f 2793/2793/2793 2794/2794/2794 2794/2794/2794 
f 2794/2794/2794 2794/2794/2794 2784/2784/2784 
f 2794/2794/2794 2784/2784/2784 2784/2784/2784 
f 2784/2784/2784 2784/2784/2784 2785/2785/2785 
f 2784/2784/2784 2795/2795/2795 2785/2785/2785 
f 2785/2785/2785 2795/2795/2795 2796/2796/2796 
f 2795/2795/2795 2797/2797/2797 2796/2796/2796 
f 2796/2796/2796 2797/2797/2797 2798/2798/2798 
f 2797/2797/2797 2798/2798/2798 2798/2798/2798 
f 2798/2798/2798 2798/2798/2798 2785/2785/2785 
f 2798/2798/2798 2785/2785/2785 2785/2785/2785 
f 2785/2785/2785 2785/2785/2785 2787/2787/2787 
f 2785/2785/2785 2796/2796/2796 2787/2787/2787 
f 2787/2787/2787 2796/2796/2796 2796/2796/2796 
f 2796/2796/2796 2791/2791/2791 2796/2796/2796 
f 2796/2796/2796 2791/2791/2791 2791/2791/2791 
f 2791/2791/2791 2799/2799/2799 2791/2791/2791 
f 2791/2791/2791 2799/2799/2799 2793/2793/2793 
f 2799/2799/2799 2800/2800/2800 2793/2793/2793 
f 2793/2793/2793 2800/2800/2800 2800/2800/2800 
f 2800/2800/2800 2801/2801/2801 2800/2800/2800 
f 2800/2800/2800 2801/2801/2801 2801/2801/2801 
f 2801/2801/2801 2802/2802/2802 2801/2801/2801 
f 2801/2801/2801 2802/2802/2802 2803/2803/2803 
f 2802/2802/2802 2802/2802/2802 2803/2803/2803 
f 2803/2803/2803 2802/2802/2802 2804/2804/2804 
f 2802/2802/2802 2805/2805/2805 2804/2804/2804 
f 2804/2804/2804 2805/2805/2805 2804/2804/2804 
f 2805/2805/2805 2806/2806/2806 2804/2804/2804 
f 2804/2804/2804 2806/2806/2806 2807/2807/2807 
f 2806/2806/2806 2807/2807/2807 2807/2807/2807 
f 2807/2807/2807 2807/2807/2807 2808/2808/2808 
f 2807/2807/2807 2808/2808/2808 2808/2808/2808 
f 2808/2808/2808 2808/2808/2808 2809/2809/2809 
f 2808/2808/2808 2810/2810/2810 2809/2809/2809 
f 2809/2809/2809 2810/2810/2810 2809/2809/2809 
f 2810/2810/2810 2811/2811/2811 2809/2809/2809 
f 2809/2809/2809 2811/2811/2811 2812/2812/2812 
f 2811/2811/2811 2813/2813/2813 2812/2812/2812 
f 2812/2812/2812 2813/2813/2813 2812/2812/2812 
f 2813/2813/2813 2814/2814/2814 2812/2812/2812 
f 2812/2812/2812 2814/2814/2814 2815/2815/2815 
f 2814/2814/2814 2814/2814/2814 2815/2815/2815 
f 2815/2815/2815 2814/2814/2814 2816/2816/2816 
f 2814/2814/2814 2817/2817/2817 2816/2816/2816 
f 2816/2816/2816 2817/2817/2817 2818/2818/2818 
f 2817/2817/2817 2818/2818/2818 2818/2818/2818 
f 2818/2818/2818 2818/2818/2818 2812/2812/2812 
f 2818/2818/2818 2812/2812/2812 2812/2812/2812 
f 2812/2812/2812 2812/2812/2812 2809/2809/2809 
f 2812/2812/2812 2815/2815/2815 2809/2809/2809 
f 2809/2809/2809 2815/2815/2815 2815/2815/2815 
f 2815/2815/2815 2819/2819/2819 2815/2815/2815 
f 2815/2815/2815 2819/2819/2819 2819/2819/2819 
f 2819/2819/2819 2820/2820/2820 2819/2819/2819 
f 2819/2819/2819 2820/2820/2820 2821/2821/2821 
f 2820/2820/2820 2822/2822/2822 2821/2821/2821 
f 2821/2821/2821 2822/2822/2822 2823/2823/2823 
f 2822/2822/2822 2824/2824/2824 2823/2823/2823 
f 2823/2823/2823 2824/2824/2824 2825/2825/2825 
f 2824/2824/2824 2826/2826/2826 2825/2825/2825 
f 2825/2825/2825 2826/2826/2826 2827/2827/2827 
f 2826/2826/2826 2828/2828/2828 2827/2827/2827 
f 2827/2827/2827 2828/2828/2828 2827/2827/2827 
f 2828/2828/2828 2829/2829/2829 2827/2827/2827 
f 2827/2827/2827 2829/2829/2829 2830/2830/2830 
f 2829/2829/2829 2831/2831/2831 2830/2830/2830 
f 2830/2830/2830 2831/2831/2831 2831/2831/2831 
f 2831/2831/2831 2832/2832/2832 2831/2831/2831 
f 2831/2831/2831 2832/2832/2832 2832/2832/2832 
f 2832/2832/2832 2824/2824/2824 2832/2832/2832 
f 2832/2832/2832 2824/2824/2824 2822/2822/2822 
f 2824/2824/2824 2822/2822/2822 2822/2822/2822 
f 2822/2822/2822 2822/2822/2822 2827/2827/2827 
f 2822/2822/2822 2827/2827/2827 2827/2827/2827 
f 2827/2827/2827 2827/2827/2827 2825/2825/2825 
f 2827/2827/2827 2830/2830/2830 2825/2825/2825 
f 2825/2825/2825 2830/2830/2830 2830/2830/2830 
f 2830/2830/2830 2830/2830/2830 2830/2830/2830 
f 2830/2830/2830 2830/2830/2830 2830/2830/2830 
f 2830/2830/2830 2833/2833/2833 2830/2830/2830 
f 2830/2830/2830 2833/2833/2833 2823/2823/2823 
f 2833/2833/2833 2833/2833/2833 2823/2823/2823 
f 2823/2823/2823 2833/2833/2833 2821/2821/2821 
f 2833/2833/2833 2833/2833/2833 2821/2821/2821 
f 2821/2821/2821 2833/2833/2833 2834/2834/2834 
f 2833/2833/2833 2835/2835/2835 2834/2834/2834 
f 2834/2834/2834 2835/2835/2835 2836/2836/2836 
f 2835/2835/2835 2835/2835/2835 2836/2836/2836 
f 2836/2836/2836 2835/2835/2835 2837/2837/2837 
f 2835/2835/2835 2838/2838/2838 2837/2837/2837 
f 2837/2837/2837 2838/2838/2838 2839/2839/2839 
f 2838/2838/2838 2840/2840/2840 2839/2839/2839 
f 2839/2839/2839 2840/2840/2840 2839/2839/2839 
f 2840/2840/2840 2841/2841/2841 2839/2839/2839 
f 2839/2839/2839 2841/2841/2841 2842/2842/2842 
f 2841/2841/2841 2843/2843/2843 2842/2842/2842 
f 2842/2842/2842 2843/2843/2843 2844/2844/2844 
f 2843/2843/2843 2843/2843/2843 2844/2844/2844 
f 2844/2844/2844 2843/2843/2843 2845/2845/2845 
f 2843/2843/2843 2843/2843/2843 2845/2845/2845 
f 2845/2845/2845 2843/2843/2843 2846/2846/2846 
f 2843/2843/2843 2847/2847/2847 2846/2846/2846 
f 2846/2846/2846 2847/2847/2847 2848/2848/2848 
f 2847/2847/2847 2849/2849/2849 2848/2848/2848 
f 2848/2848/2848 2849/2849/2849 2850/2850/2850 
f 2849/2849/2849 2850/2850/2850 2850/2850/2850 
f 2850/2850/2850 2850/2850/2850 2847/2847/2847 
f 2850/2850/2850 2847/2847/2847 2847/2847/2847 
f 2847/2847/2847 2847/2847/2847 2849/2849/2849 
f 2847/2847/2847 2843/2843/2843 2849/2849/2849 
f 2849/2849/2849 2843/2843/2843 2849/2849/2849 
f 2843/2843/2843 2841/2841/2841 2849/2849/2849 
f 2849/2849/2849 2841/2841/2841 2851/2851/2851 
f 2841/2841/2841 2840/2840/2840 2851/2851/2851 
f 2851/2851/2851 2840/2840/2840 2852/2852/2852 
f 2840/2840/2840 2838/2838/2838 2852/2852/2852 
f 2852/2852/2852 2838/2838/2838 2852/2852/2852 
f 2838/2838/2838 2835/2835/2835 2852/2852/2852 
f 2852/2852/2852 2835/2835/2835 2852/2852/2852 
f 2835/2835/2835 2833/2833/2833 2852/2852/2852 
f 2852/2852/2852 2833/2833/2833 2851/2851/2851 
f 2833/2833/2833 2830/2830/2830 2851/2851/2851 
f 2851/2851/2851 2830/2830/2830 2851/2851/2851 
f 2830/2830/2830 2853/2853/2853 2851/2851/2851 
f 2851/2851/2851 2853/2853/2853 2849/2849/2849 
f 2853/2853/2853 2849/2849/2849 2849/2849/2849 
f 2849/2849/2849 2849/2849/2849 2854/2854/2854 
f 2849/2849/2849 2854/2854/2854 2854/2854/2854 
f 2854/2854/2854 2854/2854/2854 2855/2855/2855 
f 2854/2854/2854 2856/2856/2856 2855/2855/2855 
f 2855/2855/2855 2856/2856/2856 2856/2856/2856 
f 2856/2856/2856 2857/2857/2857 2856/2856/2856 
f 2856/2856/2856 2857/2857/2857 2857/2857/2857 
f 2857/2857/2857 2858/2858/2858 2857/2857/2857 
f 2857/2857/2857 2858/2858/2858 2859/2859/2859 
f 2858/2858/2858 2860/2860/2860 2859/2859/2859 
f 2859/2859/2859 2860/2860/2860 2861/2861/2861 
f 2860/2860/2860 2862/2862/2862 2861/2861/2861 
f 2861/2861/2861 2862/2862/2862 2863/2863/2863 
f 2862/2862/2862 2864/2864/2864 2863/2863/2863 
f 2863/2863/2863 2864/2864/2864 2865/2865/2865 
f 2864/2864/2864 2866/2866/2866 2865/2865/2865 
f 2865/2865/2865 2866/2866/2866 2867/2867/2867 
f 2866/2866/2866 2868/2868/2868 2867/2867/2867 
f 2867/2867/2867 2868/2868/2868 2869/2869/2869 
f 2868/2868/2868 2870/2870/2870 2869/2869/2869 
f 2869/2869/2869 2870/2870/2870 2871/2871/2871 
f 2870/2870/2870 2871/2871/2871 2871/2871/2871 
f 2871/2871/2871 2871/2871/2871 2859/2859/2859 
f 2871/2871/2871 2859/2859/2859 2859/2859/2859 
f 2859/2859/2859 2859/2859/2859 2872/2872/2872 
f 2859/2859/2859 2861/2861/2861 2872/2872/2872 
f 2872/2872/2872 2861/2861/2861 2861/2861/2861 
f 2861/2861/2861 2866/2866/2866 2861/2861/2861 
f 2861/2861/2861 2866/2866/2866 2866/2866/2866 
f 2866/2866/2866 2864/2864/2864 2866/2866/2866 
f 2866/2866/2866 2864/2864/2864 2862/2862/2862 
f 2864/2864/2864 2862/2862/2862 2862/2862/2862 
f 2862/2862/2862 2862/2862/2862 2867/2867/2867 
f 2862/2862/2862 2867/2867/2867 2867/2867/2867 
f 2867/2867/2867 2867/2867/2867 2865/2865/2865 
f 2867/2867/2867 2873/2873/2873 2865/2865/2865 
f 2865/2865/2865 2873/2873/2873 2874/2874/2874 
f 2873/2873/2873 2874/2874/2874 2874/2874/2874 
f 2874/2874/2874 2874/2874/2874 2875/2875/2875 
f 2874/2874/2874 2875/2875/2875 2875/2875/2875 
f 2875/2875/2875 2875/2875/2875 2866/2866/2866 
f 2875/2875/2875 2868/2868/2868 2866/2866/2866 
f 2866/2866/2866 2868/2868/2868 2868/2868/2868 
f 2868/2868/2868 2876/2876/2876 2868/2868/2868 
f 2868/2868/2868 2876/2876/2876 2876/2876/2876 
f 2876/2876/2876 2877/2877/2877 2876/2876/2876 
f 2876/2876/2876 2877/2877/2877 2878/2878/2878 
f 2877/2877/2877 2879/2879/2879 2878/2878/2878 
f 2878/2878/2878 2879/2879/2879 2880/2880/2880 
f 2879/2879/2879 2879/2879/2879 2880/2880/2880 
f 2880/2880/2880 2879/2879/2879 2881/2881/2881 
f 2879/2879/2879 2879/2879/2879 2881/2881/2881 
f 2881/2881/2881 2879/2879/2879 2882/2882/2882 
f 2879/2879/2879 2879/2879/2879 2882/2882/2882 
f 2882/2882/2882 2879/2879/2879 2883/2883/2883 
f 2879/2879/2879 2877/2877/2877 2883/2883/2883 
f 2883/2883/2883 2877/2877/2877 2877/2877/2877 
f 2877/2877/2877 2884/2884/2884 2877/2877/2877 
f 2877/2877/2877 2884/2884/2884 2884/2884/2884 
f 2884/2884/2884 2885/2885/2885 2884/2884/2884 
f 2884/2884/2884 2885/2885/2885 2886/2886/2886 
f 2885/2885/2885 2886/2886/2886 2886/2886/2886 
f 2886/2886/2886 2886/2886/2886 2887/2887/2887 
f 2886/2886/2886 2887/2887/2887 2887/2887/2887 
f 2887/2887/2887 2887/2887/2887 2888/2888/2888 
f 2887/2887/2887 2889/2889/2889 2888/2888/2888 
f 2888/2888/2888 2889/2889/2889 2890/2890/2890 
f 2889/2889/2889 2890/2890/2890 2890/2890/2890 
f 2890/2890/2890 2890/2890/2890 2891/2891/2891 
f 2890/2890/2890 2891/2891/2891 2891/2891/2891 
f 2891/2891/2891 2891/2891/2891 2892/2892/2892 
f 2891/2891/2891 2893/2893/2893 2892/2892/2892 
f 2892/2892/2892 2893/2893/2893 2893/2893/2893 
f 2893/2893/2893 2894/2894/2894 2893/2893/2893 
f 2893/2893/2893 2894/2894/2894 2894/2894/2894 
f 2894/2894/2894 2895/2895/2895 2894/2894/2894 
f 2894/2894/2894 2895/2895/2895 2896/2896/2896 
f 2895/2895/2895 2896/2896/2896 2896/2896/2896 
f 2896/2896/2896 2896/2896/2896 2897/2897/2897 
f 2896/2896/2896 2897/2897/2897 2897/2897/2897 
f 2897/2897/2897 2897/2897/2897 2898/2898/2898 
f 2897/2897/2897 2899/2899/2899 2898/2898/2898 
f 2898/2898/2898 2899/2899/2899 2899/2899/2899 
f 2899/2899/2899 2900/2900/2900 2899/2899/2899 
f 2899/2899/2899 2900/2900/2900 2900/2900/2900 
f 2900/2900/2900 2901/2901/2901 2900/2900/2900 
f 2900/2900/2900 2901/2901/2901 2902/2902/2902 
f 2901/2901/2901 2901/2901/2901 2902/2902/2902 
f 2902/2902/2902 2901/2901/2901 2903/2903/2903 
f 2901/2901/2901 2904/2904/2904 2903/2903/2903 
f 2903/2903/2903 2904/2904/2904 2905/2905/2905 
f 2904/2904/2904 2905/2905/2905 2905/2905/2905 
f 2905/2905/2905 2905/2905/2905 2906/2906/2906 
f 2905/2905/2905 2906/2906/2906 2906/2906/2906 
f 2906/2906/2906 2906/2906/2906 2907/2907/2907 
f 2906/2906/2906 2908/2908/2908 2907/2907/2907 
f 2907/2907/2907 2908/2908/2908 2907/2907/2907 
f 2908/2908/2908 2909/2909/2909 2907/2907/2907 
f 2907/2907/2907 2909/2909/2909 2907/2907/2907 
f 2909/2909/2909 2910/2910/2910 2907/2907/2907 
f 2907/2907/2907 2910/2910/2910 2911/2911/2911 
f 2910/2910/2910 2912/2912/2912 2911/2911/2911 
f 2911/2911/2911 2912/2912/2912 2912/2912/2912 
f 2912/2912/2912 2913/2913/2913 2912/2912/2912 
f 2912/2912/2912 2913/2913/2913 2913/2913/2913 
f 2913/2913/2913 2914/2914/2914 2913/2913/2913 
f 2913/2913/2913 2914/2914/2914 2915/2915/2915 
f 2914/2914/2914 2914/2914/2914 2915/2915/2915 
f 2915/2915/2915 2914/2914/2914 2916/2916/2916 
f 2914/2914/2914 2917/2917/2917 2916/2916/2916 
f 2916/2916/2916 2917/2917/2917 2918/2918/2918 
f 2917/2917/2917 2919/2919/2919 2918/2918/2918 
f 2918/2918/2918 2919/2919/2919 2920/2920/2920 
f 2919/2919/2919 2921/2921/2921 2920/2920/2920 
f 2920/2920/2920 2921/2921/2921 2922/2922/2922 
f 2921/2921/2921 2923/2923/2923 2922/2922/2922 
f 2922/2922/2922 2923/2923/2923 2924/2924/2924 
f 2923/2923/2923 2925/2925/2925 2924/2924/2924 
f 2924/2924/2924 2925/2925/2925 2926/2926/2926 
f 2925/2925/2925 2927/2927/2927 2926/2926/2926 
f 2926/2926/2926 2927/2927/2927 2927/2927/2927 
f 2927/2927/2927 2920/2920/2920 2927/2927/2927 
f 2927/2927/2927 2920/2920/2920 2920/2920/2920 
f 2920/2920/2920 2922/2922/2922 2920/2920/2920 
f 2920/2920/2920 2922/2922/2922 2918/2918/2918 
f 2922/2922/2922 2918/2918/2918 2918/2918/2918 
f 2918/2918/2918 2918/2918/2918 2921/2921/2921 
f 2918/2918/2918 2921/2921/2921 2921/2921/2921 
f 2921/2921/2921 2921/2921/2921 2923/2923/2923 
f 2921/2921/2921 2928/2928/2928 2923/2923/2923 
f 2923/2923/2923 2928/2928/2928 2923/2923/2923 
f 2928/2928/2928 2929/2929/2929 2923/2923/2923 
f 2923/2923/2923 2929/2929/2929 2925/2925/2925 
f 2929/2929/2929 2925/2925/2925 2925/2925/2925 
f 2925/2925/2925 2925/2925/2925 2930/2930/2930 
f 2925/2925/2925 2930/2930/2930 2930/2930/2930 
f 2930/2930/2930 2930/2930/2930 2931/2931/2931 
f 2930/2930/2930 2932/2932/2932 2931/2931/2931 
f 2931/2931/2931 2932/2932/2932 2932/2932/2932 
f 2932/2932/2932 2933/2933/2933 2932/2932/2932 
f 2932/2932/2932 2933/2933/2933 2933/2933/2933 
f 2933/2933/2933 2934/2934/2934 2933/2933/2933 
f 2933/2933/2933 2934/2934/2934 2935/2935/2935 
f 2934/2934/2934 2936/2936/2936 2935/2935/2935 
f 2935/2935/2935 2936/2936/2936 2937/2937/2937 
f 2936/2936/2936 2937/2937/2937 2937/2937/2937 
f 2937/2937/2937 2937/2937/2937 2936/2936/2936 
f 2937/2937/2937 2936/2936/2936 2936/2936/2936 
f 2936/2936/2936 2936/2936/2936 2938/2938/2938 
f 2936/2936/2936 2934/2934/2934 2938/2938/2938 
f 2938/2938/2938 2934/2934/2934 2939/2939/2939 
f 2934/2934/2934 2940/2940/2940 2939/2939/2939 
f 2939/2939/2939 2940/2940/2940 2941/2941/2941 
f 2940/2940/2940 2941/2941/2941 2941/2941/2941 
f 2941/2941/2941 2941/2941/2941 2942/2942/2942 
f 2941/2941/2941 2942/2942/2942 2942/2942/2942 
f 2942/2942/2942 2942/2942/2942 2943/2943/2943 
f 2942/2942/2942 2944/2944/2944 2943/2943/2943 
f 2943/2943/2943 2944/2944/2944 2945/2945/2945 
f 2944/2944/2944 2944/2944/2944 2945/2945/2945 
f 2945/2945/2945 2944/2944/2944 2946/2946/2946 
f 2944/2944/2944 2944/2944/2944 2946/2946/2946 
f 2946/2946/2946 2944/2944/2944 2947/2947/2947 
f 2944/2944/2944 2948/2948/2948 2947/2947/2947 
f 2947/2947/2947 2948/2948/2948 2949/2949/2949 
f 2948/2948/2948 2949/2949/2949 2949/2949/2949 
f 2949/2949/2949 2949/2949/2949 2950/2950/2950 
f 2949/2949/2949 2950/2950/2950 2950/2950/2950 
f 2950/2950/2950 2950/2950/2950 2951/2951/2951 
f 2950/2950/2950 2952/2952/2952 2951/2951/2951 
f 2951/2951/2951 2952/2952/2952 2953/2953/2953 
f 2952/2952/2952 2954/2954/2954 2953/2953/2953 
f 2953/2953/2953 2954/2954/2954 2955/2955/2955 
f 2954/2954/2954 2955/2955/2955 2955/2955/2955 
f 2955/2955/2955 2955/2955/2955 2953/2953/2953 
f 2955/2955/2955 2953/2953/2953 2953/2953/2953 
f 2953/2953/2953 2953/2953/2953 2951/2951/2951 
f 2953/2953/2953 2956/2956/2956 2951/2951/2951 
f 2951/2951/2951 2956/2956/2956 2957/2957/2957 
f 2956/2956/2956 2957/2957/2957 2957/2957/2957 
f 2957/2957/2957 2957/2957/2957 2958/2958/2958 
f 2957/2957/2957 2958/2958/2958 2958/2958/2958 
f 2958/2958/2958 2958/2958/2958 2959/2959/2959 
f 2958/2958/2958 2960/2960/2960 2959/2959/2959 
f 2959/2959/2959 2960/2960/2960 2961/2961/2961 
f 2960/2960/2960 2962/2962/2962 2961/2961/2961 
f 2961/2961/2961 2962/2962/2962 2961/2961/2961 
f 2962/2962/2962 2963/2963/2963 2961/2961/2961 
f 2961/2961/2961 2963/2963/2963 2964/2964/2964 
f 2963/2963/2963 2965/2965/2965 2964/2964/2964 
f 2964/2964/2964 2965/2965/2965 2965/2965/2965 
f 2965/2965/2965 2959/2959/2959 2965/2965/2965 
f 2965/2965/2965 2959/2959/2959 2959/2959/2959 
f 2959/2959/2959 2961/2961/2961 2959/2959/2959 
f 2959/2959/2959 2961/2961/2961 2966/2966/2966 
f 2961/2961/2961 2961/2961/2961 2966/2966/2966 
f 2966/2966/2966 2961/2961/2961 2967/2967/2967 
f 2961/2961/2961 2964/2964/2964 2967/2967/2967 
f 2967/2967/2967 2964/2964/2964 2968/2968/2968 
f 2964/2964/2964 2969/2969/2969 2968/2968/2968 
f 2968/2968/2968 2969/2969/2969 2969/2969/2969 
f 2969/2969/2969 2962/2962/2962 2969/2969/2969 
f 2969/2969/2969 2962/2962/2962 2962/2962/2962 
f 2962/2962/2962 2970/2970/2970 2962/2962/2962 
f 2962/2962/2962 2970/2970/2970 2963/2963/2963 
f 2970/2970/2970 2963/2963/2963 2963/2963/2963 
f 2963/2963/2963 2963/2963/2963 2971/2971/2971 
f 2963/2963/2963 2971/2971/2971 2971/2971/2971 
f 2971/2971/2971 2971/2971/2971 2972/2972/2972 
f 2971/2971/2971 2973/2973/2973 2972/2972/2972 
f 2972/2972/2972 2973/2973/2973 2972/2972/2972 
f 2973/2973/2973 2974/2974/2974 2972/2972/2972 
f 2972/2972/2972 2974/2974/2974 2975/2975/2975 
f 2974/2974/2974 2976/2976/2976 2975/2975/2975 
f 2975/2975/2975 2976/2976/2976 2975/2975/2975 
f 2976/2976/2976 2977/2977/2977 2975/2975/2975 
f 2975/2975/2975 2977/2977/2977 2972/2972/2972 
f 2977/2977/2977 2978/2978/2978 2972/2972/2972 
f 2972/2972/2972 2978/2978/2978 2971/2971/2971 
f 2978/2978/2978 2979/2979/2979 2971/2971/2971 
f 2971/2971/2971 2979/2979/2979 2979/2979/2979 
f 2979/2979/2979 2978/2978/2978 2979/2979/2979 
f 2979/2979/2979 2978/2978/2978 2978/2978/2978 
f 2978/2978/2978 2977/2977/2977 2978/2978/2978 
f 2978/2978/2978 2977/2977/2977 2980/2980/2980 
f 2977/2977/2977 2981/2981/2981 2980/2980/2980 
f 2980/2980/2980 2981/2981/2981 2981/2981/2981 
f 2981/2981/2981 2982/2982/2982 2981/2981/2981 
f 2981/2981/2981 2982/2982/2982 2982/2982/2982 
f 2982/2982/2982 2983/2983/2983 2982/2982/2982 
f 2982/2982/2982 2983/2983/2983 2984/2984/2984 
f 2983/2983/2983 2985/2985/2985 2984/2984/2984 
f 2984/2984/2984 2985/2985/2985 2986/2986/2986 
f 2985/2985/2985 2986/2986/2986 2986/2986/2986 
f 2986/2986/2986 2986/2986/2986 2987/2987/2987 
f 2986/2986/2986 2987/2987/2987 2987/2987/2987 
f 2987/2987/2987 2987/2987/2987 2988/2988/2988 
f 2987/2987/2987 2989/2989/2989 2988/2988/2988 
f 2988/2988/2988 2989/2989/2989 2988/2988/2988 
f 2989/2989/2989 2990/2990/2990 2988/2988/2988 
f 2988/2988/2988 2990/2990/2990 2988/2988/2988 
f 2990/2990/2990 2991/2991/2991 2988/2988/2988 
f 2988/2988/2988 2991/2991/2991 2988/2988/2988 
f 2991/2991/2991 2992/2992/2992 2988/2988/2988 
f 2988/2988/2988 2992/2992/2992 2988/2988/2988 
f 2992/2992/2992 2993/2993/2993 2988/2988/2988 
f 2988/2988/2988 2993/2993/2993 2988/2988/2988 
f 2993/2993/2993 2994/2994/2994 2988/2988/2988 
f 2988/2988/2988 2994/2994/2994 2987/2987/2987 
f 2994/2994/2994 2994/2994/2994 2987/2987/2987 
f 2987/2987/2987 2994/2994/2994 2995/2995/2995 
f 2994/2994/2994 2996/2996/2996 2995/2995/2995 
f 2995/2995/2995 2996/2996/2996 2996/2996/2996 
f 2996/2996/2996 2997/2997/2997 2996/2996/2996 
f 2996/2996/2996 2997/2997/2997 2997/2997/2997 
f 2997/2997/2997 2998/2998/2998 2997/2997/2997 
f 2997/2997/2997 2998/2998/2998 2999/2999/2999 
f 2998/2998/2998 2998/2998/2998 2999/2999/2999 
f 2999/2999/2999 2998/2998/2998 3000/3000/3000 
f 2998/2998/2998 2998/2998/2998 3000/3000/3000 
f 3000/3000/3000 2998/2998/2998 3001/3001/3001 
f 2998/2998/2998 3002/3002/3002 3001/3001/3001 
f 3001/3001/3001 3002/3002/3002 3002/3002/3002 
f 3002/3002/3002 3003/3003/3003 3002/3002/3002 
f 3002/3002/3002 3003/3003/3003 3003/3003/3003 
f 3003/3003/3003 3004/3004/3004 3003/3003/3003 
f 3003/3003/3003 3004/3004/3004 3005/3005/3005 
f 3004/3004/3004 3006/3006/3006 3005/3005/3005 
f 3005/3005/3005 3006/3006/3006 3007/3007/3007 
f 3006/3006/3006 3006/3006/3006 3007/3007/3007 
f 3007/3007/3007 3006/3006/3006 3008/3008/3008 
f 3006/3006/3006 3009/3009/3009 3008/3008/3008 
f 3008/3008/3008 3009/3009/3009 3008/3008/3008 
f 3009/3009/3009 3010/3010/3010 3008/3008/3008 
f 3008/3008/3008 3010/3010/3010 3011/3011/3011 
f 3010/3010/3010 3012/3012/3012 3011/3011/3011 
f 3011/3011/3011 3012/3012/3012 3013/3013/3013 
f 3012/3012/3012 3012/3012/3012 3013/3013/3013 
f 3013/3013/3013 3012/3012/3012 3014/3014/3014 
f 3012/3012/3012 3015/3015/3015 3014/3014/3014 
f 3014/3014/3014 3015/3015/3015 3016/3016/3016 
f 3015/3015/3015 3017/3017/3017 3016/3016/3016 
f 3016/3016/3016 3017/3017/3017 3018/3018/3018 
f 3017/3017/3017 3019/3019/3019 3018/3018/3018 
f 3018/3018/3018 3019/3019/3019 3019/3019/3019 
f 3019/3019/3019 3013/3013/3013 3019/3019/3019 
f 3019/3019/3019 3013/3013/3013 3013/3013/3013 
f 3013/3013/3013 3020/3020/3020 3013/3013/3013 
f 3013/3013/3013 3020/3020/3020 3011/3011/3011 
f 3020/3020/3020 3021/3021/3021 3011/3011/3011 
f 3011/3011/3011 3021/3021/3021 3021/3021/3021 
f 3021/3021/3021 3022/3022/3022 3021/3021/3021 
f 3021/3021/3021 3022/3022/3022 3022/3022/3022 
f 3022/3022/3022 3023/3023/3023 3022/3022/3022 
f 3022/3022/3022 3023/3023/3023 3024/3024/3024 
f 3023/3023/3023 3024/3024/3024 3024/3024/3024 
f 3024/3024/3024 3024/3024/3024 3025/3025/3025 
f 3024/3024/3024 3025/3025/3025 3025/3025/3025 
f 3025/3025/3025 3025/3025/3025 3026/3026/3026 
f 3025/3025/3025 3027/3027/3027 3026/3026/3026 
f 3026/3026/3026 3027/3027/3027 3028/3028/3028 
f 3027/3027/3027 3027/3027/3027 3028/3028/3028 
f 3028/3028/3028 3027/3027/3027 3029/3029/3029 
f 3027/3027/3027 3030/3030/3030 3029/3029/3029 
f 3029/3029/3029 3030/3030/3030 3031/3031/3031 
f 3030/3030/3030 3032/3032/3032 3031/3031/3031 
f 3031/3031/3031 3032/3032/3032 3033/3033/3033 
f 3032/3032/3032 3034/3034/3034 3033/3033/3033 
f 3033/3033/3033 3034/3034/3034 3034/3034/3034 
f 3034/3034/3034 3035/3035/3035 3034/3034/3034 
f 3034/3034/3034 3035/3035/3035 3035/3035/3035 
f 3035/3035/3035 3036/3036/3036 3035/3035/3035 
f 3035/3035/3035 3036/3036/3036 3037/3037/3037 
f 3036/3036/3036 3038/3038/3038 3037/3037/3037 
f 3037/3037/3037 3038/3038/3038 3039/3039/3039 
f 3038/3038/3038 3040/3040/3040 3039/3039/3039 
f 3039/3039/3039 3040/3040/3040 3041/3041/3041 
f 3040/3040/3040 3042/3042/3042 3041/3041/3041 
f 3041/3041/3041 3042/3042/3042 3043/3043/3043 
f 3042/3042/3042 3043/3043/3043 3043/3043/3043 
f 3043/3043/3043 3043/3043/3043 3038/3038/3038 
f 3043/3043/3043 3038/3038/3038 3038/3038/3038 
f 3038/3038/3038 3038/3038/3038 3044/3044/3044 
f 3038/3038/3038 3036/3036/3036 3044/3044/3044 
f 3044/3044/3044 3036/3036/3036 3044/3044/3044 
f 3036/3036/3036 3045/3045/3045 3044/3044/3044 
f 3044/3044/3044 3045/3045/3045 3046/3046/3046 
f 3045/3045/3045 3047/3047/3047 3046/3046/3046 
f 3046/3046/3046 3047/3047/3047 3048/3048/3048 
f 3047/3047/3047 3049/3049/3049 3048/3048/3048 
f 3048/3048/3048 3049/3049/3049 3048/3048/3048 
f 3049/3049/3049 3050/3050/3050 3048/3048/3048 
f 3048/3048/3048 3050/3050/3050 3051/3051/3051 
f 3050/3050/3050 3050/3050/3050 3051/3051/3051 
f 3051/3051/3051 3050/3050/3050 3052/3052/3052 
f 3050/3050/3050 3053/3053/3053 3052/3052/3052 
f 3052/3052/3052 3053/3053/3053 3052/3052/3052 
f 3053/3053/3053 3054/3054/3054 3052/3052/3052 
f 3052/3052/3052 3054/3054/3054 3052/3052/3052 
f 3054/3054/3054 3055/3055/3055 3052/3052/3052 
f 3052/3052/3052 3055/3055/3055 3052/3052/3052 
f 3055/3055/3055 3056/3056/3056 3052/3052/3052 
f 3052/3052/3052 3056/3056/3056 3052/3052/3052 
f 3056/3056/3056 3057/3057/3057 3052/3052/3052 
f 3052/3052/3052 3057/3057/3057 3051/3051/3051 
f 3057/3057/3057 3040/3040/3040 3051/3051/3051 
f 3051/3051/3051 3040/3040/3040 3058/3058/3058 
f 3040/3040/3040 3038/3038/3038 3058/3058/3058 
f 3058/3058/3058 3038/3038/3038 3058/3058/3058 
f 3038/3038/3038 3044/3044/3044 3058/3058/3058 
f 3058/3058/3058 3044/3044/3044 3058/3058/3058 
f 3044/3044/3044 3046/3046/3046 3058/3058/3058 
f 3058/3058/3058 3046/3046/3046 3058/3058/3058 
f 3046/3046/3046 3048/3048/3048 3058/3058/3058 
f 3058/3058/3058 3048/3048/3048 3051/3051/3051 
f 3048/3048/3048 3051/3051/3051 3051/3051/3051 
f 3051/3051/3051 3051/3051/3051 3056/3056/3056 
f 3051/3051/3051 3056/3056/3056 3056/3056/3056 
f 3056/3056/3056 3056/3056/3056 3057/3057/3057 
f 3056/3056/3056 3059/3059/3059 3057/3057/3057 
f 3057/3057/3057 3059/3059/3059 3040/3040/3040 
f 3059/3059/3059 3060/3060/3060 3040/3040/3040 
f 3040/3040/3040 3060/3060/3060 3061/3061/3061 
f 3060/3060/3060 3062/3062/3062 3061/3061/3061 
f 3061/3061/3061 3062/3062/3062 3063/3063/3063 
f 3062/3062/3062 3062/3062/3062 3063/3063/3063 
f 3063/3063/3063 3062/3062/3062 3064/3064/3064 
f 3062/3062/3062 3060/3060/3060 3064/3064/3064 
f 3064/3064/3064 3060/3060/3060 3065/3065/3065 
f 3060/3060/3060 3059/3059/3059 3065/3065/3065 
f 3065/3065/3065 3059/3059/3059 3059/3059/3059 
f 3059/3059/3059 3063/3063/3063 3059/3059/3059 
f 3059/3059/3059 3063/3063/3063 3063/3063/3063 
f 3063/3063/3063 3066/3066/3066 3063/3063/3063 
f 3063/3063/3063 3066/3066/3066 3061/3061/3061 
f 3066/3066/3066 3067/3067/3067 3061/3061/3061 
f 3061/3061/3061 3067/3067/3067 3068/3068/3068 
f 3067/3067/3067 3069/3069/3069 3068/3068/3068 
f 3068/3068/3068 3069/3069/3069 3043/3043/3043 
f 3069/3069/3069 3070/3070/3070 3043/3043/3043 
f 3043/3043/3043 3070/3070/3070 3070/3070/3070 
f 3070/3070/3070 3040/3040/3040 3070/3070/3070 
f 3070/3070/3070 3040/3040/3040 3040/3040/3040 
f 3040/3040/3040 3061/3061/3061 3040/3040/3040 
f 3040/3040/3040 3061/3061/3061 3042/3042/3042 
f 3061/3061/3061 3068/3068/3068 3042/3042/3042 
f 3042/3042/3042 3068/3068/3068 3043/3043/3043 
f 3068/3068/3068 3043/3043/3043 3043/3043/3043 
f 3043/3043/3043 3043/3043/3043 3071/3071/3071 
f 3043/3043/3043 3071/3071/3071 3071/3071/3071 
f 3071/3071/3071 3071/3071/3071 3072/3072/3072 
f 3071/3071/3071 3073/3073/3073 3072/3072/3072 
f 3072/3072/3072 3073/3073/3073 3072/3072/3072 
f 3073/3073/3073 3074/3074/3074 3072/3072/3072 
f 3072/3072/3072 3074/3074/3074 3075/3075/3075 
f 3074/3074/3074 3076/3076/3076 3075/3075/3075 
f 3075/3075/3075 3076/3076/3076 3077/3077/3077 
f 3076/3076/3076 3078/3078/3078 3077/3077/3077 
f 3077/3077/3077 3078/3078/3078 3079/3079/3079 
f 3078/3078/3078 3078/3078/3078 3079/3079/3079 
f 3079/3079/3079 3078/3078/3078 3080/3080/3080 
f 3078/3078/3078 3076/3076/3076 3080/3080/3080 
f 3080/3080/3080 3076/3076/3076 3076/3076/3076 
f 3076/3076/3076 3079/3079/3079 3076/3076/3076 
f 3076/3076/3076 3079/3079/3079 3079/3079/3079 
f 3079/3079/3079 3081/3081/3081 3079/3079/3079 
f 3079/3079/3079 3081/3081/3081 3077/3077/3077 
f 3081/3081/3081 3077/3077/3077 3077/3077/3077 
f 3077/3077/3077 3077/3077/3077 3082/3082/3082 
f 3077/3077/3077 3082/3082/3082 3082/3082/3082 
f 3082/3082/3082 3082/3082/3082 3083/3083/3083 
f 3082/3082/3082 3084/3084/3084 3083/3083/3083 
f 3083/3083/3083 3084/3084/3084 3085/3085/3085 
f 3084/3084/3084 3086/3086/3086 3085/3085/3085 
f 3085/3085/3085 3086/3086/3086 3087/3087/3087 
f 3086/3086/3086 3088/3088/3088 3087/3087/3087 
f 3087/3087/3087 3088/3088/3088 3088/3088/3088 
f 3088/3088/3088 3084/3084/3084 3088/3088/3088 
f 3088/3088/3088 3084/3084/3084 3084/3084/3084 
f 3084/3084/3084 3089/3089/3089 3084/3084/3084 
f 3084/3084/3084 3089/3089/3089 3086/3086/3086 
f 3089/3089/3089 3086/3086/3086 3086/3086/3086 
f 3086/3086/3086 3086/3086/3086 3087/3087/3087 
f 3086/3086/3086 3087/3087/3087 3087/3087/3087 
f 3087/3087/3087 3087/3087/3087 3085/3085/3085 
f 3087/3087/3087 3090/3090/3090 3085/3085/3085 
f 3085/3085/3085 3090/3090/3090 3090/3090/3090 
f 3090/3090/3090 3091/3091/3091 3090/3090/3090 
f 3090/3090/3090 3091/3091/3091 3091/3091/3091 
f 3091/3091/3091 3092/3092/3092 3091/3091/3091 
f 3091/3091/3091 3092/3092/3092 3093/3093/3093 
f 3092/3092/3092 3094/3094/3094 3093/3093/3093 
f 3093/3093/3093 3094/3094/3094 3095/3095/3095 
f 3094/3094/3094 3096/3096/3096 3095/3095/3095 
f 3095/3095/3095 3096/3096/3096 3095/3095/3095 
f 3096/3096/3096 3097/3097/3097 3095/3095/3095 
f 3095/3095/3095 3097/3097/3097 3098/3098/3098 
f 3097/3097/3097 3099/3099/3099 3098/3098/3098 
f 3098/3098/3098 3099/3099/3099 3100/3100/3100 
f 3099/3099/3099 3097/3097/3097 3100/3100/3100 
f 3100/3100/3100 3097/3097/3097 3097/3097/3097 
f 3097/3097/3097 3092/3092/3092 3097/3097/3097 
f 3097/3097/3097 3092/3092/3092 3092/3092/3092 
f 3092/3092/3092 3101/3101/3101 3092/3092/3092 
f 3092/3092/3092 3101/3101/3101 3094/3094/3094 
f 3101/3101/3101 3096/3096/3096 3094/3094/3094 
f 3094/3094/3094 3096/3096/3096 3096/3096/3096 
f 3096/3096/3096 3102/3102/3102 3096/3096/3096 
f 3096/3096/3096 3102/3102/3102 3102/3102/3102 
f 3102/3102/3102 3103/3103/3103 3102/3102/3102 
f 3102/3102/3102 3103/3103/3103 3104/3104/3104 
f 3103/3103/3103 3104/3104/3104 3104/3104/3104 
f 3104/3104/3104 3104/3104/3104 3105/3105/3105 
f 3104/3104/3104 3105/3105/3105 3105/3105/3105 
f 3105/3105/3105 3105/3105/3105 3106/3106/3106 
f 3105/3105/3105 3107/3107/3107 3106/3106/3106 
f 3106/3106/3106 3107/3107/3107 3106/3106/3106 
f 3107/3107/3107 3108/3108/3108 3106/3106/3106 
f 3106/3106/3106 3108/3108/3108 3106/3106/3106 
f 3108/3108/3108 3109/3109/3109 3106/3106/3106 
f 3106/3106/3106 3109/3109/3109 3106/3106/3106 
f 3109/3109/3109 3110/3110/3110 3106/3106/3106 
f 3106/3106/3106 3110/3110/3110 3111/3111/3111 
f 3110/3110/3110 3111/3111/3111 3111/3111/3111 
f 3111/3111/3111 3111/3111/3111 3112/3112/3112 
f 3111/3111/3111 3112/3112/3112 3112/3112/3112 
f 3112/3112/3112 3112/3112/3112 3113/3113/3113 
f 3112/3112/3112 3114/3114/3114 3113/3113/3113 
f 3113/3113/3113 3114/3114/3114 3115/3115/3115 
f 3114/3114/3114 3116/3116/3116 3115/3115/3115 
f 3115/3115/3115 3116/3116/3116 3117/3117/3117 
f 3116/3116/3116 3116/3116/3116 3117/3117/3117 
f 3117/3117/3117 3116/3116/3116 3118/3118/3118 
f 3116/3116/3116 3116/3116/3116 3118/3118/3118 
f 3118/3118/3118 3116/3116/3116 3119/3119/3119 
f 3116/3116/3116 3120/3120/3120 3119/3119/3119 
f 3119/3119/3119 3120/3120/3120 3120/3120/3120 
f 3120/3120/3120 3121/3121/3121 3120/3120/3120 
f 3120/3120/3120 3121/3121/3121 3121/3121/3121 
f 3121/3121/3121 3122/3122/3122 3121/3121/3121 
f 3121/3121/3121 3122/3122/3122 3123/3123/3123 
f 3122/3122/3122 3124/3124/3124 3123/3123/3123 
f 3123/3123/3123 3124/3124/3124 3125/3125/3125 
f 3124/3124/3124 3125/3125/3125 3125/3125/3125 
f 3125/3125/3125 3125/3125/3125 3122/3122/3122 
f 3125/3125/3125 3122/3122/3122 3122/3122/3122 
f 3122/3122/3122 3122/3122/3122 3124/3124/3124 
f 3122/3122/3122 3126/3126/3126 3124/3124/3124 
f 3124/3124/3124 3126/3126/3126 3127/3127/3127 
f 3126/3126/3126 3128/3128/3128 3127/3127/3127 
f 3127/3127/3127 3128/3128/3128 3129/3129/3129 
f 3128/3128/3128 3129/3129/3129 3129/3129/3129 
f 3129/3129/3129 3129/3129/3129 3130/3130/3130 
f 3129/3129/3129 3130/3130/3130 3130/3130/3130 
f 3130/3130/3130 3130/3130/3130 3126/3126/3126 
f 3130/3130/3130 3128/3128/3128 3126/3126/3126 
f 3126/3126/3126 3128/3128/3128 3128/3128/3128 
f 3128/3128/3128 3131/3131/3131 3128/3128/3128 
f 3128/3128/3128 3131/3131/3131 3131/3131/3131 
f 3131/3131/3131 3132/3132/3132 3131/3131/3131 
f 3131/3131/3131 3132/3132/3132 3133/3133/3133 
f 3132/3132/3132 3134/3134/3134 3133/3133/3133 
f 3133/3133/3133 3134/3134/3134 3133/3133/3133 
f 3134/3134/3134 3135/3135/3135 3133/3133/3133 
f 3133/3133/3133 3135/3135/3135 3136/3136/3136 
f 3135/3135/3135 3135/3135/3135 3136/3136/3136 
f 3136/3136/3136 3135/3135/3135 3137/3137/3137 
f 3135/3135/3135 3138/3138/3138 3137/3137/3137 
f 3137/3137/3137 3138/3138/3138 3138/3138/3138 
f 3138/3138/3138 3139/3139/3139 3138/3138/3138 
f 3138/3138/3138 3139/3139/3139 3139/3139/3139 
f 3139/3139/3139 3140/3140/3140 3139/3139/3139 
f 3139/3139/3139 3140/3140/3140 3141/3141/3141 
f 3140/3140/3140 3140/3140/3140 3141/3141/3141 
f 3141/3141/3141 3140/3140/3140 3142/3142/3142 
f 3140/3140/3140 3140/3140/3140 3142/3142/3142 
f 3142/3142/3142 3140/3140/3140 3143/3143/3143 
f 3140/3140/3140 3140/3140/3140 3143/3143/3143 
f 3143/3143/3143 3140/3140/3140 3144/3144/3144 
f 3140/3140/3140 3145/3145/3145 3144/3144/3144 
f 3144/3144/3144 3145/3145/3145 3145/3145/3145 
f 3145/3145/3145 3146/3146/3146 3145/3145/3145 
f 3145/3145/3145 3146/3146/3146 3146/3146/3146 
f 3146/3146/3146 3147/3147/3147 3146/3146/3146 
f 3146/3146/3146 3147/3147/3147 3148/3148/3148 
f 3147/3147/3147 3149/3149/3149 3148/3148/3148 
f 3148/3148/3148 3149/3149/3149 3150/3150/3150 
f 3149/3149/3149 3150/3150/3150 3150/3150/3150 
f 3150/3150/3150 3150/3150/3150 3151/3151/3151 
f 3150/3150/3150 3151/3151/3151 3151/3151/3151 
f 3151/3151/3151 3151/3151/3151 3152/3152/3152 
f 3151/3151/3151 3153/3153/3153 3152/3152/3152 
f 3152/3152/3152 3153/3153/3153 3154/3154/3154 
f 3153/3153/3153 3155/3155/3155 3154/3154/3154 
f 3154/3154/3154 3155/3155/3155 3156/3156/3156 
f 3155/3155/3155 3157/3157/3157 3156/3156/3156 
f 3156/3156/3156 3157/3157/3157 3157/3157/3157 
f 3157/3157/3157 3158/3158/3158 3157/3157/3157 
f 3157/3157/3157 3158/3158/3158 3158/3158/3158 
f 3158/3158/3158 3159/3159/3159 3158/3158/3158 
f 3158/3158/3158 3159/3159/3159 3160/3160/3160 
f 3159/3159/3159 3159/3159/3159 3160/3160/3160 
f 3160/3160/3160 3159/3159/3159 3161/3161/3161 
f 3159/3159/3159 3162/3162/3162 3161/3161/3161 
f 3161/3161/3161 3162/3162/3162 3161/3161/3161 
f 3162/3162/3162 3163/3163/3163 3161/3161/3161 
f 3161/3161/3161 3163/3163/3163 3164/3164/3164 
f 3163/3163/3163 3163/3163/3163 3164/3164/3164 
f 3164/3164/3164 3163/3163/3163 3165/3165/3165 
f 3163/3163/3163 3163/3163/3163 3165/3165/3165 
f 3165/3165/3165 3163/3163/3163 3166/3166/3166 
f 3163/3163/3163 3167/3167/3167 3166/3166/3166 
f 3166/3166/3166 3167/3167/3167 3168/3168/3168 
f 3167/3167/3167 3168/3168/3168 3168/3168/3168 
f 3168/3168/3168 3168/3168/3168 3167/3167/3167 
f 3168/3168/3168 3167/3167/3167 3167/3167/3167 
f 3167/3167/3167 3167/3167/3167 3169/3169/3169 
f 3167/3167/3167 3163/3163/3163 3169/3169/3169 
f 3169/3169/3169 3163/3163/3163 3163/3163/3163 
f 3163/3163/3163 3170/3170/3170 3163/3163/3163 
f 3163/3163/3163 3170/3170/3170 3170/3170/3170 
f 3170/3170/3170 3171/3171/3171 3170/3170/3170 
f 3170/3170/3170 3171/3171/3171 3172/3172/3172 
f 3171/3171/3171 3172/3172/3172 3172/3172/3172 
f 3172/3172/3172 3172/3172/3172 3173/3173/3173 
f 3172/3172/3172 3173/3173/3173 3173/3173/3173 
f 3173/3173/3173 3173/3173/3173 3174/3174/3174 
f 3173/3173/3173 3175/3175/3175 3174/3174/3174 
f 3174/3174/3174 3175/3175/3175 3175/3175/3175 
f 3175/3175/3175 3176/3176/3176 3175/3175/3175 
f 3175/3175/3175 3176/3176/3176 3176/3176/3176 
f 3176/3176/3176 3177/3177/3177 3176/3176/3176 
f 3176/3176/3176 3177/3177/3177 3178/3178/3178 
f 3177/3177/3177 3179/3179/3179 3178/3178/3178 
f 3178/3178/3178 3179/3179/3179 3179/3179/3179 
f 3179/3179/3179 3180/3180/3180 3179/3179/3179 
f 3179/3179/3179 3180/3180/3180 3180/3180/3180 
f 3180/3180/3180 3181/3181/3181 3180/3180/3180 
f 3180/3180/3180 3181/3181/3181 3182/3182/3182 
f 3181/3181/3181 3183/3183/3183 3182/3182/3182 
f 3182/3182/3182 3183/3183/3183 3183/3183/3183 
f 3183/3183/3183 3184/3184/3184 3183/3183/3183 
f 3183/3183/3183 3184/3184/3184 3184/3184/3184 
f 3184/3184/3184 3185/3185/3185 3184/3184/3184 
f 3184/3184/3184 3185/3185/3185 3186/3186/3186 
f 3185/3185/3185 3185/3185/3185 3186/3186/3186 
f 3186/3186/3186 3185/3185/3185 3187/3187/3187 
f 3185/3185/3185 3188/3188/3188 3187/3187/3187 
f 3187/3187/3187 3188/3188/3188 3188/3188/3188 
f 3188/3188/3188 3189/3189/3189 3188/3188/3188 
f 3188/3188/3188 3189/3189/3189 3189/3189/3189 
f 3189/3189/3189 3190/3190/3190 3189/3189/3189 
f 3189/3189/3189 3190/3190/3190 3191/3191/3191 
f 3190/3190/3190 3192/3192/3192 3191/3191/3191 
f 3191/3191/3191 3192/3192/3192 3193/3193/3193 
f 3192/3192/3192 3194/3194/3194 3193/3193/3193 
f 3193/3193/3193 3194/3194/3194 3195/3195/3195 
f 3194/3194/3194 3196/3196/3196 3195/3195/3195 
f 3195/3195/3195 3196/3196/3196 3197/3197/3197 
f 3196/3196/3196 3198/3198/3198 3197/3197/3197 
f 3197/3197/3197 3198/3198/3198 3197/3197/3197 
f 3198/3198/3198 3199/3199/3199 3197/3197/3197 
f 3197/3197/3197 3199/3199/3199 3200/3200/3200 
f 3199/3199/3199 3200/3200/3200 3200/3200/3200 
f 3200/3200/3200 3200/3200/3200 3189/3189/3189 
f 3200/3200/3200 3189/3189/3189 3189/3189/3189 
f 3189/3189/3189 3189/3189/3189 3190/3190/3190 
f 3189/3189/3189 3201/3201/3201 3190/3190/3190 
f 3190/3190/3190 3201/3201/3201 3190/3190/3190 
f 3201/3201/3201 3202/3202/3202 3190/3190/3190 
f 3190/3190/3190 3202/3202/3202 3192/3192/3192 
f 3202/3202/3202 3192/3192/3192 3192/3192/3192 
f 3192/3192/3192 3192/3192/3192 3193/3193/3193 
f 3192/3192/3192 3193/3193/3193 3193/3193/3193 
f 3193/3193/3193 3193/3193/3193 3203/3203/3203 
f 3193/3193/3193 3195/3195/3195 3203/3203/3203 
f 3203/3203/3203 3195/3195/3195 3195/3195/3195 
f 3195/3195/3195 3204/3204/3204 3195/3195/3195 
f 3195/3195/3195 3204/3204/3204 3204/3204/3204 
f 3204/3204/3204 3205/3205/3205 3204/3204/3204 
f 3204/3204/3204 3205/3205/3205 3206/3206/3206 
f 3205/3205/3205 3207/3207/3207 3206/3206/3206 
f 3206/3206/3206 3207/3207/3207 3207/3207/3207 
f 3207/3207/3207 3208/3208/3208 3207/3207/3207 
f 3207/3207/3207 3208/3208/3208 3208/3208/3208 
f 3208/3208/3208 3209/3209/3209 3208/3208/3208 
f 3208/3208/3208 3209/3209/3209 3210/3210/3210 
f 3209/3209/3209 3211/3211/3211 3210/3210/3210 
f 3210/3210/3210 3211/3211/3211 3211/3211/3211 
f 3211/3211/3211 3212/3212/3212 3211/3211/3211 
f 3211/3211/3211 3212/3212/3212 3212/3212/3212 
f 3212/3212/3212 3213/3213/3213 3212/3212/3212 
f 3212/3212/3212 3213/3213/3213 3214/3214/3214 
f 3213/3213/3213 3214/3214/3214 3214/3214/3214 
f 3214/3214/3214 3214/3214/3214 3215/3215/3215 
f 3214/3214/3214 3215/3215/3215 3215/3215/3215 
f 3215/3215/3215 3215/3215/3215 3216/3216/3216 
f 3215/3215/3215 3217/3217/3217 3216/3216/3216 
f 3216/3216/3216 3217/3217/3217 3217/3217/3217 
f 3217/3217/3217 3218/3218/3218 3217/3217/3217 
f 3217/3217/3217 3218/3218/3218 3218/3218/3218 
f 3218/3218/3218 3219/3219/3219 3218/3218/3218 
f 3218/3218/3218 3219/3219/3219 3220/3220/3220 
f 3219/3219/3219 3221/3221/3221 3220/3220/3220 
f 3220/3220/3220 3221/3221/3221 3222/3222/3222 
f 3221/3221/3221 3222/3222/3222 3222/3222/3222 
f 3222/3222/3222 3222/3222/3222 3223/3223/3223 
f 3222/3222/3222 3223/3223/3223 3223/3223/3223 
f 3223/3223/3223 3223/3223/3223 3224/3224/3224 
f 3223/3223/3223 3225/3225/3225 3224/3224/3224 
f 3224/3224/3224 3225/3225/3225 3226/3226/3226 
f 3225/3225/3225 3227/3227/3227 3226/3226/3226 
f 3226/3226/3226 3227/3227/3227 3228/3228/3228 
f 3227/3227/3227 3228/3228/3228 3228/3228/3228 
f 3228/3228/3228 3228/3228/3228 3229/3229/3229 
f 3228/3228/3228 3229/3229/3229 3229/3229/3229 
f 3229/3229/3229 3229/3229/3229 3230/3230/3230 
f 3229/3229/3229 3231/3231/3231 3230/3230/3230 
f 3230/3230/3230 3231/3231/3231 3231/3231/3231 
f 3231/3231/3231 3232/3232/3232 3231/3231/3231 
f 3231/3231/3231 3232/3232/3232 3232/3232/3232 
f 3232/3232/3232 3233/3233/3233 3232/3232/3232 
f 3232/3232/3232 3233/3233/3233 3234/3234/3234 
f 3233/3233/3233 3234/3234/3234 3234/3234/3234 
f 3234/3234/3234 3234/3234/3234 3235/3235/3235 
f 3234/3234/3234 3235/3235/3235 3235/3235/3235 
f 3235/3235/3235 3235/3235/3235 3236/3236/3236 
f 3235/3235/3235 3237/3237/3237 3236/3236/3236 
f 3236/3236/3236 3237/3237/3237 3236/3236/3236 
f 3237/3237/3237 3238/3238/3238 3236/3236/3236 
f 3236/3236/3236 3238/3238/3238 3239/3239/3239 
f 3238/3238/3238 3239/3239/3239 3239/3239/3239 
f 3239/3239/3239 3239/3239/3239 3240/3240/3240 
f 3239/3239/3239 3240/3240/3240 3240/3240/3240 
f 3240/3240/3240 3240/3240/3240 3241/3241/3241 
f 3240/3240/3240 3242/3242/3242 3241/3241/3241 
f 3241/3241/3241 3242/3242/3242 3243/3243/3243 
f 3242/3242/3242 3244/3244/3244 3243/3243/3243 
f 3243/3243/3243 3244/3244/3244 3244/3244/3244 
f 3244/3244/3244 3245/3245/3245 3244/3244/3244 
f 3244/3244/3244 3245/3245/3245 3245/3245/3245 
f 3245/3245/3245 3246/3246/3246 3245/3245/3245 
f 3245/3245/3245 3246/3246/3246 3247/3247/3247 
f 3246/3246/3246 3248/3248/3248 3247/3247/3247 
f 3247/3247/3247 3248/3248/3248 3248/3248/3248 
f 3248/3248/3248 3249/3249/3249 3248/3248/3248 
f 3248/3248/3248 3249/3249/3249 3249/3249/3249 
f 3249/3249/3249 3250/3250/3250 3249/3249/3249 
f 3249/3249/3249 3250/3250/3250 3251/3251/3251 
f 3250/3250/3250 3252/3252/3252 3251/3251/3251 
f 3251/3251/3251 3252/3252/3252 3252/3252/3252 
f 3252/3252/3252 3253/3253/3253 3252/3252/3252 
f 3252/3252/3252 3253/3253/3253 3253/3253/3253 
f 3253/3253/3253 3254/3254/3254 3253/3253/3253 
f 3253/3253/3253 3254/3254/3254 3255/3255/3255 
f 3254/3254/3254 3255/3255/3255 3255/3255/3255 
f 3255/3255/3255 3255/3255/3255 3256/3256/3256 
f 3255/3255/3255 3256/3256/3256 3256/3256/3256 
f 3256/3256/3256 3256/3256/3256 3257/3257/3257 
f 3256/3256/3256 3258/3258/3258 3257/3257/3257 
f 3257/3257/3257 3258/3258/3258 3258/3258/3258 
f 3258/3258/3258 3259/3259/3259 3258/3258/3258 
f 3258/3258/3258 3259/3259/3259 3259/3259/3259 
f 3259/3259/3259 3260/3260/3260 3259/3259/3259 
f 3259/3259/3259 3260/3260/3260 3261/3261/3261 
f 3260/3260/3260 3261/3261/3261 3261/3261/3261 
f 3261/3261/3261 3261/3261/3261 3262/3262/3262 
f 3261/3261/3261 3262/3262/3262 3262/3262/3262 
f 3262/3262/3262 3262/3262/3262 3263/3263/3263 
f 3262/3262/3262 3264/3264/3264 3263/3263/3263 
f 3263/3263/3263 3264/3264/3264 3264/3264/3264 
f 3264/3264/3264 3265/3265/3265 3264/3264/3264 
f 3264/3264/3264 3265/3265/3265 3265/3265/3265 
f 3265/3265/3265 3266/3266/3266 3265/3265/3265 
f 3265/3265/3265 3266/3266/3266 3267/3267/3267 
f 3266/3266/3266 3267/3267/3267 3267/3267/3267 
f 3267/3267/3267 3267/3267/3267 3268/3268/3268 
f 3267/3267/3267 3268/3268/3268 3268/3268/3268 
f 3268/3268/3268 3268/3268/3268 3269/3269/3269 
f 3268/3268/3268 3270/3270/3270 3269/3269/3269 
f 3269/3269/3269 3270/3270/3270 3270/3270/3270 
f 3270/3270/3270 3271/3271/3271 3270/3270/3270 
f 3270/3270/3270 3271/3271/3271 3271/3271/3271 
f 3271/3271/3271 3272/3272/3272 3271/3271/3271 
f 3271/3271/3271 3272/3272/3272 3273/3273/3273 
f 3272/3272/3272 3273/3273/3273 3273/3273/3273 
f 3273/3273/3273 3273/3273/3273 3274/3274/3274 
f 3273/3273/3273 3274/3274/3274 3274/3274/3274 
f 3274/3274/3274 3274/3274/3274 3275/3275/3275 
f 3274/3274/3274 3276/3276/3276 3275/3275/3275 
f 3275/3275/3275 3276/3276/3276 3277/3277/3277 
f 3276/3276/3276 3277/3277/3277 3277/3277/3277 
f 3277/3277/3277 3277/3277/3277 3278/3278/3278 
f 3277/3277/3277 3278/3278/3278 3278/3278/3278 
f 3278/3278/3278 3278/3278/3278 3279/3279/3279 
f 3278/3278/3278 3280/3280/3280 3279/3279/3279 
f 3279/3279/3279 3280/3280/3280 3280/3280/3280 
f 3280/3280/3280 3281/3281/3281 3280/3280/3280 
f 3280/3280/3280 3281/3281/3281 3281/3281/3281 
f 3281/3281/3281 3282/3282/3282 3281/3281/3281 
f 3281/3281/3281 3282/3282/3282 3283/3283/3283 
f 3282/3282/3282 3284/3284/3284 3283/3283/3283 
f 3283/3283/3283 3284/3284/3284 3284/3284/3284 
f 3284/3284/3284 3285/3285/3285 3284/3284/3284 
f 3284/3284/3284 3285/3285/3285 3285/3285/3285 
f 3285/3285/3285 3286/3286/3286 3285/3285/3285 
f 3285/3285/3285 3286/3286/3286 3287/3287/3287 
f 3286/3286/3286 3287/3287/3287 3287/3287/3287 
f 3287/3287/3287 3287/3287/3287 3288/3288/3288 
f 3287/3287/3287 3288/3288/3288 3288/3288/3288 
f 3288/3288/3288 3288/3288/3288 3289/3289/3289 
f 3288/3288/3288 3290/3290/3290 3289/3289/3289 
f 3289/3289/3289 3290/3290/3290 3290/3290/3290 
f 3290/3290/3290 3291/3291/3291 3290/3290/3290 
f 3290/3290/3290 3291/3291/3291 3291/3291/3291 
f 3291/3291/3291 3292/3292/3292 3291/3291/3291 
f 3291/3291/3291 3292/3292/3292 3293/3293/3293 
f 3292/3292/3292 3294/3294/3294 3293/3293/3293 
f 3293/3293/3293 3294/3294/3294 3294/3294/3294 
f 3294/3294/3294 3295/3295/3295 3294/3294/3294 
f 3294/3294/3294 3295/3295/3295 3295/3295/3295 
f 3295/3295/3295 3296/3296/3296 3295/3295/3295 
f 3295/3295/3295 3296/3296/3296 3297/3297/3297 
f 3296/3296/3296 3298/3298/3298 3297/3297/3297 
f 3297/3297/3297 3298/3298/3298 3298/3298/3298 
f 3298/3298/3298 3299/3299/3299 3298/3298/3298 
f 3298/3298/3298 3299/3299/3299 3299/3299/3299 
f 3299/3299/3299 3300/3300/3300 3299/3299/3299 
f 3299/3299/3299 3300/3300/3300 3301/3301/3301 
f 3300/3300/3300 3301/3301/3301 3301/3301/3301 
f 3301/3301/3301 3301/3301/3301 3302/3302/3302 
f 3301/3301/3301 3302/3302/3302 3302/3302/3302 
f 3302/3302/3302 3302/3302/3302 3303/3303/3303 
f 3302/3302/3302 3304/3304/3304 3303/3303/3303 
f 3303/3303/3303 3304/3304/3304 3304/3304/3304 
f 3304/3304/3304 3305/3305/3305 3304/3304/3304 
f 3304/3304/3304 3305/3305/3305 3305/3305/3305 
f 3305/3305/3305 3306/3306/3306 3305/3305/3305 
f 3305/3305/3305 3306/3306/3306 3307/3307/3307 
f 3306/3306/3306 3307/3307/3307 3307/3307/3307 
f 3307/3307/3307 3307/3307/3307 3308/3308/3308 
f 3307/3307/3307 3308/3308/3308 3308/3308/3308 
f 3308/3308/3308 3308/3308/3308 3309/3309/3309 
f 3308/3308/3308 3310/3310/3310 3309/3309/3309 
f 3309/3309/3309 3310/3310/3310 3310/3310/3310 
f 3310/3310/3310 3311/3311/3311 3310/3310/3310 
f 3310/3310/3310 3311/3311/3311 3311/3311/3311 
f 3311/3311/3311 3312/3312/3312 3311/3311/3311 
f 3311/3311/3311 3312/3312/3312 3313/3313/3313 
f 3312/3312/3312 3313/3313/3313 3313/3313/3313 
f 3313/3313/3313 3313/3313/3313 3314/3314/3314 
f 3313/3313/3313 3314/3314/3314 3314/3314/3314 
f 3314/3314/3314 3314/3314/3314 3315/3315/3315 
f 3314/3314/3314 3316/3316/3316 3315/3315/3315 
f 3315/3315/3315 3316/3316/3316 3316/3316/3316 
f 3316/3316/3316 3317/3317/3317 3316/3316/3316 
f 3316/3316/3316 3317/3317/3317 3317/3317/3317 
f 3317/3317/3317 3318/3318/3318 3317/3317/3317 
f 3317/3317/3317 3318/3318/3318 3319/3319/3319 
f 3318/3318/3318 3319/3319/3319 3319/3319/3319 
f 3319/3319/3319 3319/3319/3319 3320/3320/3320 
f 3319/3319/3319 3320/3320/3320 3320/3320/3320 
f 3320/3320/3320 3320/3320/3320 3321/3321/3321 
f 3320/3320/3320 3322/3322/3322 3321/3321/3321 
f 3321/3321/3321 3322/3322/3322 3323/3323/3323 
f 3322/3322/3322 3323/3323/3323 3323/3323/3323 
f 3323/3323/3323 3323/3323/3323 3324/3324/3324 
f 3323/3323/3323 3324/3324/3324 3324/3324/3324 
f 3324/3324/3324 3324/3324/3324 3325/3325/3325 
f 3324/3324/3324 3326/3326/3326 3325/3325/3325 
f 3325/3325/3325 3326/3326/3326 3326/3326/3326 
f 3326/3326/3326 3327/3327/3327 3326/3326/3326 
f 3326/3326/3326 3327/3327/3327 3327/3327/3327 
f 3327/3327/3327 3328/3328/3328 3327/3327/3327 
f 3327/3327/3327 3328/3328/3328 3329/3329/3329 
f 3328/3328/3328 3329/3329/3329 3329/3329/3329 
f 3329/3329/3329 3329/3329/3329 3330/3330/3330 
f 3329/3329/3329 3330/3330/3330 3330/3330/3330 
f 3330/3330/3330 3330/3330/3330 3331/3331/3331 
f 3330/3330/3330 3332/3332/3332 3331/3331/3331 

