mtllib model_4.mtl
o model_4
v 10.066457748413086 5.512712001800537 0.6975847482681274 
v 10.072572708129883 5.522589206695557 0.5467372536659241 
v 9.986968994140625 5.5297722816467285 0.927363932132721 
v 9.705700874328613 5.54683256149292 0.9460737109184265 
v 9.925824165344238 5.49206018447876 1.0729492902755737 
v 9.693471908569336 5.475897789001465 0.5408904552459717 
v 10.048114776611328 5.503732681274414 0.34677672386169434 
v 9.222654342651367 5.564790725708008 0.5864955186843872 
v 9.320486068725586 5.5513224601745605 0.9425656199455261 
v 9.112592697143555 5.499243259429932 1.0665178298950195 
v 8.831324577331543 5.545934677124023 1.025005578994751 
v 8.923042297363281 5.507324695587158 1.0787960290908813 
v 8.745721817016602 5.509120464324951 1.0665178298950195 
v 8.739606857299805 5.543241024017334 1.0092191696166992 
v 8.751835823059082 5.571076393127441 0.7262340188026428 
v 8.947501182556152 5.58364725112915 0.6554877758026123 
v 8.739606857299805 5.55401611328125 0.3859502673149109 
v 9.308257102966309 5.5423431396484375 0.1503242403268814 
v 9.699586868286133 5.525282859802246 0.1491548866033554 
v 9.986968994140625 5.518099308013916 0.09536431729793549 
v 10.054228782653809 5.51450777053833 0.1538323163986206 
v 9.889137268066406 5.472305774688721 0.011755079962313175 
v 8.9169282913208 5.5405473709106445 0.14389276504516602 
v 8.739606857299805 5.54683256149292 0.05619075894355774 
v 8.770179748535156 5.5441389083862305 0.006492959801107645 
v 8.9169282913208 5.486672401428223 0.007077639922499657 
v 9.112592697143555 5.487570285797119 0.012924440205097198 
v 9.925824165344238 5.49206018447876 1.0729492902755737 
v 9.705700874328613 5.299008846282959 1.1051067113876343 
v 9.999197959899902 5.396881103515625 1.07002592086792 
v 9.821877479553223 5.015268325805664 1.0939977169036865 
v 9.28991413116455 5.32594633102417 1.0366991758346558 
v 9.705700874328613 5.54683256149292 0.9460737109184265 
v 9.320486068725586 5.5513224601745605 0.9425656199455261 
v 9.112592697143555 5.499243259429932 1.0665178298950195 
v 8.923042297363281 5.507324695587158 1.0787960290908813 
v 8.929157257080078 4.8949480056762695 1.0904896259307861 
v 8.745721817016602 5.509120464324951 1.0665178298950195 
v 8.739606857299805 4.446889400482178 1.0624250173568726 
v 8.806866645812988 4.551047325134277 1.0828888416290283 
v 8.76406478881836 4.391218662261963 1.0676871538162231 
v 8.868012428283691 4.42893123626709 1.0811347961425781 
v 8.84355354309082 4.367872714996338 1.089905023574829 
v 8.794637680053711 4.3472208976745605 1.0647637844085693 
v 8.874126434326172 4.275387763977051 1.0723645687103271 
v 8.78852367401123 4.149680137634277 1.0589169263839722 
v 8.825210571289062 3.8210439682006836 1.0618404150009155 
v 8.782408714294434 3.827329397201538 1.0600863695144653 
v 9.082019805908203 4.339139938354492 1.0875662565231323 
v 9.063676834106445 4.19098424911499 1.0717799663543701 
v 8.941386222839355 4.289754390716553 1.0741186141967773 
v 8.898584365844727 4.333752155303955 1.0939977169036865 
v 9.253227233886719 4.080540657043457 1.0647637844085693 
v 9.271570205688477 3.8354105949401855 1.0647637844085693 
v 9.418318748474121 3.882999897003174 1.0653483867645264 
v 9.363287925720215 3.830920934677124 1.0647637844085693 
v 9.613983154296875 3.848879098892212 1.0285135507583618 
v 9.669013977050781 3.8767144680023193 1.0127272605895996 
v 9.613983154296875 3.9925453662872314 1.0226668119430542 
v 9.436662673950195 4.149680137634277 1.0086344480514526 
v 9.296028137207031 4.52321195602417 1.0741186141967773 
v 9.895251274108887 4.385831356048584 1.0624250173568726 
v 10.0053129196167 5.044001579284668 1.025590181350708 
v 10.017541885375977 4.4953765869140625 0.9565979838371277 
v 10.0053129196167 4.292448043823242 0.9951868653297424 
v 10.066457748413086 4.41187047958374 0.9267792701721191 
v 10.066457748413086 4.368771076202393 0.9378882050514221 
v 10.01142692565918 4.170331954956055 0.9957715272903442 
v 9.950282096862793 4.155965328216553 1.04313063621521 
v 9.944167137145996 3.993443250656128 1.0595016479492188 
v 10.01142692565918 3.96830153465271 1.0098038911819458 
v 9.901366233825684 3.870429039001465 1.0174046754837036 
v 9.785189628601074 3.8533687591552734 1.0583323240280151 
v 9.724044799804688 3.941364288330078 1.061255693435669 
v 9.71181583404541 3.8569605350494385 1.0419611930847168 
v 9.919709205627441 4.107478141784668 1.0624250173568726 
v 10.066457748413086 5.31876277923584 1.0366991758346558 
v 8.617316246032715 5.547730445861816 1.0682718753814697 
v 8.672347068786621 5.522589206695557 1.0174046754837036 
v 8.647889137268066 5.486672401428223 1.07002592086792 
v 8.654004096984863 5.321456432342529 0.8864363431930542 
v 8.605087280273438 5.409451961517334 1.0676871538162231 
v 8.605087280273438 5.131997108459473 1.0758726596832275 
v 8.598973274230957 4.719854831695557 1.0366991758346558 
v 8.641775131225586 4.517824172973633 0.7309114933013916 
v 8.562286376953125 4.341833591461182 0.8905290961265564 
v 8.556171417236328 3.95573091506958 0.871234655380249 
v 8.647889137268066 3.8991622924804688 0.6911532282829285 
v 8.519484519958496 3.845287561416626 0.8151053786277771 
v 8.654004096984863 5.5423431396484375 0.7326655387878418 
v 8.647889137268066 5.401371002197266 0.47014421224594116 
v 8.647889137268066 4.574392795562744 0.28129255771636963 
v 8.647889137268066 4.677652835845947 0.021694639697670937 
v 8.641775131225586 5.0179619789123535 0.021109959110617638 
v 8.647889137268066 5.527078628540039 0.34034523367881775 
v 8.647889137268066 5.5172014236450195 0.023448679596185684 
v 8.635660171508789 5.05836820602417 0.008831679821014404 
v 8.635660171508789 5.502834796905518 0.005323600023984909 
v 8.562286376953125 3.8120648860931396 0.32748228311538696 
v 8.556171417236328 3.8210439682006836 0.5303662419319153 
v 8.654004096984863 3.9332830905914307 0.3666558265686035 
v 8.641775131225586 4.235879898071289 0.003569559892639518 
v 8.647889137268066 4.234083652496338 0.020525280386209488 
v 8.678462028503418 4.143394470214844 0.052682679146528244 
v 8.647889137268066 4.1029887199401855 0.09770303964614868 
v 8.654004096984863 3.832716703414917 0.09477964043617249 
v 8.678462028503418 3.865041732788086 0.05385204032063484 
v 8.647889137268066 3.8138606548309326 0.2362722009420395 
v 10.0053129196167 5.044001579284668 1.025590181350708 
v 10.017541885375977 4.4953765869140625 0.9565979838371277 
v 10.072572708129883 4.519620418548584 0.8759121298789978 
v 10.066457748413086 4.41187047958374 0.9267792701721191 
v 10.066457748413086 4.368771076202393 0.9378882050514221 
v 10.072572708129883 3.952139139175415 0.9226865172386169 
v 10.01142692565918 4.170331954956055 0.9957715272903442 
v 10.01142692565918 3.96830153465271 1.0098038911819458 
v 10.054228782653809 3.8874895572662354 0.8858516812324524 
v 10.072572708129883 3.9494454860687256 0.6911532282829285 
v 10.0053129196167 3.8425939083099365 0.7899641394615173 
v 9.993083953857422 3.8587563037872314 0.32865163683891296 
v 10.048114776611328 3.948547601699829 0.3169580399990082 
v 10.035884857177734 3.8425939083099365 0.2187318056821823 
v 10.054228782653809 3.8479812145233154 0.010585719719529152 
v 10.066457748413086 3.895570755004883 0.004154239781200886 
v 10.072572708129883 4.097600936889648 0.017017200589179993 
v 10.066457748413086 4.005115985870361 0.007077639922499657 
v 10.072572708129883 4.234083652496338 0.2976635992527008 
v 10.072572708129883 4.920089244842529 0.40056729316711426 
v 10.072572708129883 5.132894992828369 0.8782508373260498 
v 10.066457748413086 5.31876277923584 1.0366991758346558 
v 10.072572708129883 5.401371002197266 0.9197631478309631 
v 9.999197959899902 5.396881103515625 1.07002592086792 
v 9.986968994140625 5.5297722816467285 0.927363932132721 
v 9.925824165344238 5.49206018447876 1.0729492902755737 
v 10.054228782653809 4.170331954956055 0.06554564088582993 
v 10.066457748413086 5.512712001800537 0.6975847482681274 
v 10.072572708129883 5.522589206695557 0.5467372536659241 
v 10.048114776611328 5.25680685043335 0.2912321090698242 
v 10.048114776611328 5.503732681274414 0.34677672386169434 
v 10.072572708129883 5.386106491088867 0.11115068197250366 
v 10.054228782653809 5.51450777053833 0.1538323163986206 
v 10.048114776611328 5.323252201080322 0.045081838965415955 
v 10.035884857177734 5.258602619171143 0.037480998784303665 
v 10.035884857177734 5.191259384155273 0.11582811921834946 
v 10.01142692565918 5.031430721282959 0.08893284201622009 
v 10.072572708129883 4.6183905601501465 0.28129255771636963 
v 10.060343742370605 4.377749919891357 0.158509761095047 
v 10.029770851135254 4.259225368499756 0.052097998559474945 
v 10.01142692565918 4.345425128936768 0.05034396052360535 
v 9.968626022338867 4.404687404632568 0.015847839415073395 
v 9.999197959899902 4.38223934173584 0.06028351932764053 
v 9.986968994140625 4.526803493499756 0.05443672090768814 
v 10.029770851135254 4.548353672027588 0.14389276504516602 
v 9.968626022338867 4.630063533782959 0.04157375916838646 
v 10.0053129196167 4.175719738006592 0.007077639922499657 
v 10.035884857177734 4.120946884155273 0.007077639922499657 
v 10.023655891418457 4.781810760498047 0.1561710387468338 
v 9.986968994140625 4.8877644538879395 0.058529481291770935 
v 9.980854988098145 5.047593116760254 0.030464839190244675 
v 9.968626022338867 4.856337547302246 0.04098907858133316 
v 9.980854988098145 4.793483734130859 0.07256180047988892 
v 9.968626022338867 4.696508884429932 0.0860094428062439 
v 10.0053129196167 5.222686290740967 0.03923504054546356 
v 9.986968994140625 5.246031761169434 0.013509119860827923 
v 7.871345043182373 5.4229207038879395 0.9881706833839417 
v 8.04255199432373 5.288233757019043 0.9981102347373962 
v 8.073123931884766 5.462429046630859 0.9899247288703918 
v 8.189300537109375 5.369045734405518 1.0641790628433228 
v 8.29324722290039 5.493855953216553 1.0624250173568726 
v 8.421651840209961 5.281948566436768 1.0653483867645264 
v 8.46445369720459 5.353781223297119 1.061255693435669 
v 8.605087280273438 5.409451961517334 1.0676871538162231 
v 8.488911628723145 5.496549606323242 1.0653483867645264 
v 8.617316246032715 5.547730445861816 1.0682718753814697 
v 8.647889137268066 5.486672401428223 1.07002592086792 
v 8.605087280273438 5.131997108459473 1.0758726596832275 
v 8.409422874450684 5.11314058303833 1.047808051109314 
v 8.421651840209961 4.931762218475342 0.9910940527915955 
v 8.598973274230957 4.719854831695557 1.0366991758346558 
v 8.1709566116333 4.7503838539123535 0.9074848294258118 
v 8.562286376953125 4.341833591461182 0.8905290961265564 
v 8.29324722290039 4.123640537261963 0.7776858806610107 
v 8.556171417236328 3.95573091506958 0.871234655380249 
v 8.384964942932129 3.870429039001465 0.757222056388855 
v 8.519484519958496 3.845287561416626 0.8151053786277771 
v 8.097582817077637 3.8785102367401123 0.7583914399147034 
v 7.71848201751709 4.598636627197266 0.9180091023445129 
v 7.920261383056641 4.64981746673584 0.8940371870994568 
v 7.75516939163208 4.693815231323242 0.9256099462509155 
v 7.932490348815918 4.78360652923584 0.9086542129516602 
v 7.816314697265625 4.814135551452637 0.9185937643051147 
v 7.908032417297363 4.848256587982178 0.9408115744590759 
v 7.810200214385986 4.908416748046875 0.9232711791992188 
v 7.577848434448242 4.91739559173584 1.0086344480514526 
v 7.645108222961426 4.599534511566162 0.9478277564048767 
v 7.547275543212891 4.4953765869140625 0.9700456261634827 
v 7.327152729034424 4.542068004608154 1.0355297327041626 
v 7.480015754699707 4.401993751525879 0.9799851775169373 
v 7.321038246154785 4.267306804656982 1.0086344480514526 
v 7.50447416305542 4.066174030303955 0.9396422505378723 
v 7.620649814605713 3.8641438484191895 0.8595410585403442 
v 7.46778678894043 3.957526683807373 0.9244405627250671 
v 7.3149237632751465 3.907243490219116 0.9449043869972229 
v 7.431099891662598 4.013197422027588 0.9583520293235779 
v 7.3149237632751465 4.113763332366943 0.9887553453445435 
v 7.394412517547607 4.091315746307373 0.9817392230033875 
v 7.333267688751221 3.8515729904174805 0.9332107305526733 
v 7.424985408782959 3.827329397201538 0.8969606161117554 
v 7.321038246154785 4.867112636566162 1.030267596244812 
v 7.302694797515869 5.062857627868652 0.9887553453445435 
v 7.6695661544799805 5.0053911209106445 0.9682915806770325 
v 7.914146900177002 5.009880542755127 0.9513358473777771 
v 7.638993263244629 5.106855392456055 0.8835129737854004 
v 7.357725620269775 5.1786885261535645 0.9104082584381104 
v 7.284351348876953 5.173300743103027 0.9098235368728638 
v 7.38218355178833 5.281050682067871 0.8525249361991882 
v 7.657337188720703 5.310681343078613 0.7192178964614868 
v 8.024208068847656 5.068244934082031 1.0220820903778076 
v 7.975292205810547 5.01167631149292 0.9776464104652405 
v 7.9630632400512695 4.902131080627441 0.9449043869972229 
v 8.109811782836914 5.134690761566162 1.012142539024353 
v 8.250445365905762 5.208319664001465 1.0542395114898682 
v 8.079238891601562 5.027839183807373 0.9846625924110413 
v 8.073123931884766 4.939843654632568 0.9396422505378723 
v 8.195414543151855 4.936251640319824 0.9805698394775391 
v 8.134269714355469 5.053878307342529 1.0109732151031494 
v 8.177071571350098 5.05118465423584 1.0086344480514526 
v 8.189300537109375 5.105059623718262 0.9852472543716431 
v 8.287132263183594 5.1517510414123535 1.0559935569763184 
v 8.323820114135742 5.036818027496338 0.9776464104652405 
v 8.238216400146484 5.082611560821533 0.9951868653297424 
v 8.647889137268066 5.401371002197266 0.47014421224594116 
v 8.647889137268066 5.527078628540039 0.34034523367881775 
v 8.482797622680664 5.466918468475342 0.5233500599861145 
v 8.495026588439941 5.550424575805664 0.14213871955871582 
v 8.09146785736084 5.536057949066162 0.13746127486228943 
v 8.29324722290039 5.483978748321533 0.0018155199941247702 
v 8.635660171508789 5.502834796905518 0.005323600023984909 
v 8.647889137268066 5.5172014236450195 0.023448679596185684 
v 8.58674430847168 5.545036792755127 0.043327800929546356 
v 7.871345043182373 5.4229207038879395 0.9881706833839417 
v 8.073123931884766 5.462429046630859 0.9899247288703918 
v 7.657337188720703 5.310681343078613 0.7192178964614868 
v 8.097582817077637 5.55401611328125 0.5321202874183655 
v 7.681795120239258 5.490263938903809 0.4637127220630646 
v 7.63287878036499 5.550424575805664 0.13161447644233704 
v 8.299361228942871 5.44536828994751 0.7297421097755432 
v 8.654004096984863 5.5423431396484375 0.7326655387878418 
v 8.46445369720459 5.5513224601745605 0.9969408512115479 
v 8.29324722290039 5.536057949066162 0.9197631478309631 
v 8.29324722290039 5.493855953216553 1.0624250173568726 
v 8.672347068786621 5.522589206695557 1.0174046754837036 
v 8.617316246032715 5.547730445861816 1.0682718753814697 
v 8.488911628723145 5.496549606323242 1.0653483867645264 
v 7.284351348876953 5.173300743103027 0.9098235368728638 
v 7.38218355178833 5.281050682067871 0.8525249361991882 
v 7.272122383117676 5.302600383758545 0.7741777896881104 
v 7.41887092590332 5.336720943450928 0.7250646948814392 
v 7.272122383117676 5.360964775085449 0.6309311985969543 
v 7.327152729034424 5.537853717803955 0.3730873167514801 
v 7.327152729034424 5.5531182289123535 0.045081838965415955 
v 7.510588645935059 5.496549606323242 0.0018155199941247702 
v 8.745721817016602 5.432797908782959 0.010585719719529152 
v 8.770179748535156 5.5441389083862305 0.006492959801107645 
v 8.745721817016602 5.317864894866943 0.01117040030658245 
v 8.745721817016602 5.196646690368652 0.011755079962313175 
v 8.9169282913208 5.486672401428223 0.007077639922499657 
v 9.112592697143555 5.487570285797119 0.012924440205097198 
v 9.302143096923828 5.270275592803955 0.017601879313588142 
v 9.308257102966309 5.5423431396484375 0.1503242403268814 
v 9.699586868286133 5.525282859802246 0.1491548866033554 
v 9.693471908569336 5.271173477172852 0.01818655990064144 
v 9.889137268066406 5.472305774688721 0.011755079962313175 
v 9.986968994140625 5.246031761169434 0.013509119860827923 
v 10.048114776611328 5.323252201080322 0.045081838965415955 
v 9.986968994140625 5.518099308013916 0.09536431729793549 
v 10.054228782653809 5.51450777053833 0.1538323163986206 
v 8.739606857299805 5.0161662101745605 0.007662320043891668 
v 8.739606857299805 4.91470193862915 0.011755079962313175 
v 8.751835823059082 4.674061298370361 0.01117040030658245 
v 8.739606857299805 4.807850360870361 0.011755079962313175 
v 10.035884857177734 5.258602619171143 0.037480998784303665 
v 10.0053129196167 5.222686290740967 0.03923504054546356 
v 9.369402885437012 4.037440776824951 0.0012308399891480803 
v 9.88302230834961 4.7414045333862305 0.005323600023984909 
v 9.980854988098145 5.047593116760254 0.030464839190244675 
v 9.968626022338867 4.856337547302246 0.04098907858133316 
v 9.968626022338867 4.630063533782959 0.04157375916838646 
v 9.968626022338867 4.404687404632568 0.015847839415073395 
v 10.0053129196167 4.175719738006592 0.007077639922499657 
v 9.699586868286133 3.902754068374634 0.0012308399891480803 
v 9.503922462463379 3.902754068374634 0.0006461599841713905 
v 9.308257102966309 3.839900016784668 0.12635235488414764 
v 9.112592697143555 3.9018561840057373 0.002400200115516782 
v 8.776293754577637 4.171229839324951 0.004738919902592897 
v 8.855782508850098 3.8515729904174805 0.008831679821014404 
v 8.984188079833984 3.825533390045166 0.03397291898727417 
v 8.794637680053711 3.8336145877838135 0.022864000871777534 
v 8.76406478881836 3.8803062438964844 0.01526315975934267 
v 10.035884857177734 4.120946884155273 0.007077639922499657 
v 8.751835823059082 4.467541217803955 0.005908280145376921 
v 8.745721817016602 4.261919021606445 0.004154239781200886 
v 8.739606857299805 4.157761096954346 0.04215843975543976 
v 8.745721817016602 3.8425939083099365 0.04742056131362915 
v 10.054228782653809 4.170331954956055 0.06554564088582993 
v 10.072572708129883 4.097600936889648 0.017017200589179993 
v 10.066457748413086 4.005115985870361 0.007077639922499657 
v 10.066457748413086 3.895570755004883 0.004154239781200886 
v 9.797418594360352 3.838104248046875 0.028710799291729927 
v 10.029770851135254 3.839900016784668 0.028710799291729927 
v 10.054228782653809 3.8479812145233154 0.010585719719529152 
v 8.745721817016602 3.814758539199829 0.9975255727767944 
v 8.71514892578125 3.9638121128082275 0.8133513331413269 
v 8.739606857299805 3.84169602394104 0.8215368986129761 
v 8.739606857299805 3.928793430328369 0.6806290149688721 
v 8.819095611572266 3.812962770462036 0.7022621631622314 
v 8.782408714294434 3.827329397201538 1.0600863695144653 
v 8.78852367401123 4.149680137634277 1.0589169263839722 
v 8.71514892578125 4.337343692779541 0.9185937643051147 
v 8.794637680053711 4.3472208976745605 1.0647637844085693 
v 8.76406478881836 4.391218662261963 1.0676871538162231 
v 8.70903491973877 4.466643333435059 0.9191784262657166 
v 8.739606857299805 4.446889400482178 1.0624250173568726 
v 8.727377891540527 4.5043559074401855 0.8536942601203918 
v 8.745721817016602 4.454970359802246 0.17605015635490417 
v 8.745721817016602 3.923405885696411 0.33508312702178955 
v 8.739606857299805 4.157761096954346 0.04215843975543976 
v 8.745721817016602 3.8425939083099365 0.04742056131362915 
v 8.76406478881836 3.8803062438964844 0.01526315975934267 
v 8.776293754577637 4.171229839324951 0.004738919902592897 
v 8.819095611572266 3.8138606548309326 0.3502848148345947 
v 8.745721817016602 3.834512710571289 0.2321794331073761 
v 8.745721817016602 4.261919021606445 0.004154239781200886 
v 8.739606857299805 4.447787284851074 0.021694639697670937 
v 8.751835823059082 4.467541217803955 0.005908280145376921 
v 8.739606857299805 4.657898902893066 0.02637208066880703 
v 8.751835823059082 4.674061298370361 0.01117040030658245 
v 8.739606857299805 4.807850360870361 0.011755079962313175 
v 8.745721817016602 4.566311836242676 0.3122805953025818 
v 8.745721817016602 4.665979862213135 0.7537140250205994 
v 8.751835823059082 4.94972038269043 0.5473219752311707 
v 8.745721817016602 5.134690761566162 0.41810768842697144 
v 8.733492851257324 5.08799934387207 0.030464839190244675 
v 8.739606857299805 4.91470193862915 0.011755079962313175 
v 8.739606857299805 5.0161662101745605 0.007662320043891668 
v 8.745721817016602 5.196646690368652 0.011755079962313175 
v 8.739606857299805 5.55401611328125 0.3859502673149109 
v 8.745721817016602 5.317864894866943 0.01117040030658245 
v 8.745721817016602 5.432797908782959 0.010585719719529152 
v 8.739606857299805 5.54683256149292 0.05619075894355774 
v 8.770179748535156 5.5441389083862305 0.006492959801107645 
v 8.751835823059082 5.571076393127441 0.7262340188026428 
v 8.751835823059082 5.121222019195557 0.6198222637176514 
v 8.745721817016602 5.05118465423584 0.5566768646240234 
v 8.745721817016602 4.895845890045166 0.6864758133888245 
v 8.739606857299805 4.838379383087158 0.750205934047699 
v 8.745721817016602 5.509120464324951 1.0665178298950195 
v 8.745721817016602 5.356475353240967 0.8800048828125 
v 8.739606857299805 5.543241024017334 1.0092191696166992 
v 8.739606857299805 4.600432395935059 0.9519205093383789 
v 8.739606857299805 4.498070240020752 0.9870012998580933 
v 8.727377891540527 4.554638862609863 0.8922831416130066 
v 8.733492851257324 4.698305130004883 0.8285530209541321 
v 10.01142692565918 3.96830153465271 1.0098038911819458 
v 10.054228782653809 3.8874895572662354 0.8858516812324524 
v 9.901366233825684 3.870429039001465 1.0174046754837036 
v 9.944167137145996 3.8407979011535645 0.9320414066314697 
v 9.766846656799316 3.8372063636779785 1.0361144542694092 
v 9.864678382873535 3.84169602394104 0.7870407700538635 
v 10.0053129196167 3.8425939083099365 0.7899641394615173 
v 9.993083953857422 3.8587563037872314 0.32865163683891296 
v 9.785189628601074 3.8533687591552734 1.0583323240280151 
v 9.71181583404541 3.8569605350494385 1.0419611930847168 
v 9.669013977050781 3.8767144680023193 1.0127272605895996 
v 9.644556045532227 3.865041732788086 0.9852472543716431 
v 9.613983154296875 3.848879098892212 1.0285135507583618 
v 9.626212120056152 3.87402081489563 0.8881903886795044 
v 9.534494400024414 3.8407979011535645 0.8811742663383484 
v 9.613983154296875 3.8425939083099365 0.6765362620353699 
v 9.173737525939941 3.827329397201538 0.7244799733161926 
v 9.363287925720215 3.830920934677124 1.0647637844085693 
v 9.143165588378906 3.829125165939331 0.9875860214233398 
v 9.271570205688477 3.8354105949401855 1.0647637844085693 
v 8.825210571289062 3.8210439682006836 1.0618404150009155 
v 8.892470359802246 3.8084731101989746 0.9513358473777771 
v 8.745721817016602 3.814758539199829 0.9975255727767944 
v 8.95973014831543 3.818350076675415 0.8209521770477295 
v 8.739606857299805 3.84169602394104 0.8215368986129761 
v 8.819095611572266 3.812962770462036 0.7022621631622314 
v 9.01476001739502 3.834512710571289 0.7782705426216125 
v 9.155394554138184 3.816554307937622 0.602866530418396 
v 8.782408714294434 3.827329397201538 1.0600863695144653 
v 9.754617691040039 3.872225046157837 0.8010730743408203 
v 9.2593412399292 3.832716703414917 0.5373824238777161 
v 9.149279594421387 3.825533390045166 0.40524470806121826 
v 8.819095611572266 3.8138606548309326 0.3502848148345947 
v 9.03921890258789 3.8084731101989746 0.33157503604888916 
v 8.996417045593262 3.812962770462036 0.25205856561660767 
v 9.106478691101074 3.830920934677124 0.26024407148361206 
v 8.941386222839355 3.8192481994628906 0.16669528186321259 
v 8.874126434326172 3.8174521923065186 0.11641280353069305 
v 8.745721817016602 3.834512710571289 0.2321794331073761 
v 8.745721817016602 3.8425939083099365 0.04742056131362915 
v 8.794637680053711 3.8336145877838135 0.022864000871777534 
v 8.984188079833984 3.825533390045166 0.03397291898727417 
v 9.112592697143555 3.8336145877838135 0.12810640037059784 
v 9.112592697143555 3.9018561840057373 0.002400200115516782 
v 9.308257102966309 3.839900016784668 0.12635235488414764 
v 9.448891639709473 3.839900016784668 0.5180879831314087 
v 9.687357902526855 3.839900016784668 0.5040556192398071 
v 9.742388725280762 3.877612352371216 0.6560724377632141 
v 10.035884857177734 3.8425939083099365 0.2187318056821823 
v 9.803533554077148 3.8372063636779785 0.32280483841896057 
v 9.693471908569336 3.8390021324157715 0.12810640037059784 
v 9.503922462463379 3.902754068374634 0.0006461599841713905 
v 9.699586868286133 3.902754068374634 0.0012308399891480803 
v 9.797418594360352 3.838104248046875 0.028710799291729927 
v 10.029770851135254 3.839900016784668 0.028710799291729927 
v 10.054228782653809 3.8479812145233154 0.010585719719529152 
v 5.792408466339111 5.199340343475342 1.0179893970489502 
v 5.804637432098389 5.238848686218262 0.925025224685669 
v 5.810751914978027 5.038613796234131 1.1103688478469849 
v 5.871897220611572 5.096080303192139 0.8145207166671753 
v 5.890240669250488 4.700100898742676 0.8256296515464783 
v 5.829095363616943 4.699203014373779 1.1512963771820068 
v 5.804637432098389 4.164944648742676 1.0752880573272705 
v 5.835209846496582 4.040134906768799 0.9460737109184265 
v 5.79852294921875 3.9296913146972656 0.9589366912841797 
v 5.847439289093018 3.8605520725250244 0.7262340188026428 
v 5.694576263427734 3.848879098892212 0.9121623039245605 
v 5.847439289093018 4.05719518661499 0.5303662419319153 
v 5.706805229187012 3.82194185256958 0.5315356254577637 
v 5.841324806213379 3.8677353858947754 0.33332908153533936 
v 5.853553771972656 4.330160617828369 0.17254208028316498 
v 5.853553771972656 4.586963653564453 0.028126120567321777 
v 5.871897220611572 4.900335311889648 0.41050684452056885 
v 5.847439289093018 5.272071361541748 0.5286121964454651 
v 5.804637432098389 5.4085540771484375 0.7496212124824524 
v 5.786293983459473 5.339414596557617 0.895791232585907 
v 5.67623233795166 5.290029525756836 0.9799851775169373 
v 5.71291971206665 5.4229207038879395 0.9016380310058594 
v 5.737377643585205 5.378922939300537 0.8899444341659546 
v 5.761836051940918 5.5297722816467285 0.627423107624054 
v 5.847439289093018 5.460633277893066 0.34385332465171814 
v 5.847439289093018 5.0071868896484375 0.03572696074843407 
v 5.835209846496582 5.5333638191223145 0.2403649538755417 
v 5.841324806213379 5.518099308013916 0.02637208066880703 
v 5.847439289093018 4.878785610198975 0.021109959110617638 
v 5.835209846496582 5.486672401428223 0.007662320043891668 
v 5.853553771972656 4.82311487197876 0.17546547949314117 
v 5.859668254852295 4.778219223022461 0.05034396052360535 
v 5.841324806213379 4.301427364349365 0.005323600023984909 
v 5.841324806213379 4.058990955352783 0.004154239781200886 
v 5.853553771972656 4.032053470611572 0.005323600023984909 
v 5.841324806213379 3.8605520725250244 0.14155404269695282 
v 5.853553771972656 3.8946728706359863 0.010585719719529152 
v 5.865782737731934 3.863245725631714 0.06788436323404312 
v 7.2170915603637695 3.825533390045166 0.8186134696006775 
v 7.2354350090026855 3.875816583633423 0.707524299621582 
v 7.2170915603637695 3.8390021324157715 0.9396422505378723 
v 7.2354350090026855 4.122742652893066 0.7005081176757812 
v 7.186519145965576 4.135313510894775 1.0062958002090454 
v 7.1804046630859375 4.903028964996338 1.0267595052719116 
v 7.223206043243408 5.044001579284668 0.8501862287521362 
v 7.143717288970947 5.122119903564453 0.9367188215255737 
v 7.174290180206299 5.193055152893066 0.8595410585403442 
v 7.210977077484131 5.403166770935059 0.5280275344848633 
v 7.162060737609863 5.2496232986450195 0.8045811653137207 
v 7.247663974761963 3.881204128265381 0.33742183446884155 
v 7.2354350090026855 5.525282859802246 0.037480998784303665 
v 7.2354350090026855 5.491162300109863 0.34209927916526794 
v 7.2354350090026855 5.470510005950928 0.007077639922499657 
v 7.2354350090026855 5.3995747566223145 0.007662320043891668 
v 7.2354350090026855 5.301702499389648 0.006492959801107645 
v 7.2354350090026855 5.200238227844238 0.004738919902592897 
v 7.2354350090026855 5.123915672302246 0.004154239781200886 
v 7.2354350090026855 5.0323286056518555 0.002400200115516782 
v 7.241549491882324 4.776423454284668 0.009416360408067703 
v 7.2354350090026855 4.922783374786377 0.0018155199941247702 
v 7.229320526123047 4.837481498718262 -0.0022772399242967367 
v 7.229320526123047 4.731527805328369 -0.0028619200456887484 
v 7.241549491882324 4.637246608734131 0.00006148000102257356 
v 7.241549491882324 4.427134990692139 0.00298488000407815 
v 7.2354350090026855 4.114661693572998 0.0819166824221611 
v 7.2354350090026855 4.334650039672852 0.002400200115516782 
v 7.241549491882324 4.2260026931762695 0.0018155199941247702 
v 7.2354350090026855 4.127232074737549 0.0012308399891480803 
v 7.2354350090026855 4.02756404876709 0.00006148000102257356 
v 7.2354350090026855 3.9278955459594727 -0.0028619200456887484 
v 7.2354350090026855 3.839900016784668 0.0018155199941247702 
v 7.229320526123047 3.8192481994628906 0.0883481577038765 
v 7.229320526123047 3.80218768119812 0.2286713570356369 
v 7.901917934417725 3.8982644081115723 0.00006148000102257356 
v 7.7062530517578125 3.8946728706359863 -0.004031280055642128 
v 8.097582817077637 4.099396705627441 0.0006461599841713905 
v 7.345496654510498 4.445991516113281 0.00006148000102257356 
v 8.244331359863281 4.856337547302246 -0.015140200033783913 
v 7.345496654510498 4.75846529006958 -0.005200639832764864 
v 8.097582817077637 3.8210439682006836 0.12401363998651505 
v 8.29324722290039 3.8928768634796143 0.002400200115516782 
v 8.482797622680664 4.093111515045166 0.010585719719529152 
v 8.488911628723145 3.8910810947418213 0.01117040030658245 
v 8.660118103027344 4.085030555725098 0.08016263693571091 
v 8.641775131225586 3.8695311546325684 0.09185624122619629 
v 8.46445369720459 3.8246355056762695 0.02637208066880703 
v 8.641775131225586 4.235879898071289 0.003569559892639518 
v 8.635660171508789 5.05836820602417 0.008831679821014404 
v 8.09146785736084 5.281050682067871 -0.005200639832764864 
v 8.635660171508789 5.502834796905518 0.005323600023984909 
v 8.29324722290039 5.483978748321533 0.0018155199941247702 
v 8.09146785736084 5.536057949066162 0.13746127486228943 
v 7.700138568878174 5.291825294494629 -0.0034465999342501163 
v 7.63287878036499 5.550424575805664 0.13161447644233704 
v 7.510588645935059 5.496549606323242 0.0018155199941247702 
v 7.339382171630859 5.2729692459106445 0.0018155199941247702 
v 7.339382171630859 5.070040702819824 -0.0005232000257819891 
v 7.339382171630859 4.91470193862915 -0.004031280055642128 
v 7.327152729034424 4.781810760498047 0.009416360408067703 
v 7.333267688751221 4.6543073654174805 0.00824700016528368 
v 7.345496654510498 4.655205249786377 -0.0022772399242967367 
v 7.345496654510498 4.550149440765381 0.00006148000102257356 
v 8.678462028503418 4.143394470214844 0.052682679146528244 
v 7.333267688751221 4.4971723556518555 0.010585719719529152 
v 7.339382171630859 4.3472208976745605 0.0018155199941247702 
v 7.339382171630859 4.243960857391357 0.002400200115516782 
v 7.339382171630859 4.145190715789795 0.00006148000102257356 
v 7.333267688751221 4.046420097351074 0.002400200115516782 
v 7.333267688751221 3.9512412548065186 -0.0016925600357353687 
v 7.437214374542236 3.8318188190460205 -0.0034465999342501163 
v 7.333267688751221 3.829125165939331 0.00298488000407815 
v 7.565619468688965 3.816554307937622 0.030464839190244675 
v 7.333267688751221 5.487570285797119 0.007077639922499657 
v 7.327152729034424 5.373535633087158 0.008831679821014404 
v 7.327152729034424 5.5531182289123535 0.045081838965415955 
v 7.321038246154785 5.263092041015625 0.5069790482521057 
v 7.327152729034424 5.537853717803955 0.3730873167514801 
v 7.272122383117676 5.360964775085449 0.6309311985969543 
v 7.290465831756592 5.237052917480469 0.7431897521018982 
v 7.266007900238037 5.247827529907227 0.7794399261474609 
v 7.284351348876953 5.1643218994140625 0.8513555526733398 
v 7.284351348876953 5.173300743103027 0.9098235368728638 
v 7.302694797515869 5.062857627868652 0.9887553453445435 
v 7.321038246154785 4.867112636566162 1.030267596244812 
v 7.327152729034424 5.094284534454346 0.6584111452102661 
v 7.333267688751221 4.623778343200684 0.5303662419319153 
v 7.327152729034424 4.542068004608154 1.0355297327041626 
v 7.327152729034424 5.268479824066162 0.014678480103611946 
v 7.272122383117676 5.302600383758545 0.7741777896881104 
v 7.321038246154785 4.267306804656982 1.0086344480514526 
v 7.327152729034424 4.1173553466796875 0.7116170525550842 
v 7.327152729034424 4.067071914672852 0.9694609045982361 
v 7.327152729034424 3.85426664352417 0.620406985282898 
v 7.333267688751221 3.8515729904174805 0.9332107305526733 
v 7.327152729034424 4.302325248718262 0.5549228191375732 
v 7.333267688751221 3.890183210372925 0.302925705909729 
v 7.327152729034424 3.8354105949401855 0.07490052282810211 
v 7.333267688751221 4.4971723556518555 0.010585719719529152 
v 7.333267688751221 4.046420097351074 0.002400200115516782 
v 7.333267688751221 3.9512412548065186 -0.0016925600357353687 
v 7.333267688751221 3.829125165939331 0.00298488000407815 
v 7.327152729034424 3.8390021324157715 0.4227851331233978 
v 7.400527000427246 3.80218768119812 0.3175427317619324 
v 7.339382171630859 3.807575225830078 0.19768331944942474 
v 7.339382171630859 4.243960857391357 0.002400200115516782 
v 7.339382171630859 4.3472208976745605 0.0018155199941247702 
v 7.333267688751221 4.6543073654174805 0.00824700016528368 
v 7.327152729034424 4.781810760498047 0.009416360408067703 
v 7.327152729034424 4.941639423370361 0.010001040063798428 
v 7.327152729034424 5.069142818450928 0.009416360408067703 
v 7.333267688751221 5.173300743103027 0.004738919902592897 
v 7.339382171630859 4.91470193862915 -0.004031280055642128 
v 7.339382171630859 5.070040702819824 -0.0005232000257819891 
v 7.174290180206299 5.193055152893066 0.8595410585403442 
v 7.162060737609863 5.2496232986450195 0.8045811653137207 
v 7.113144874572754 5.211911201477051 0.8431700468063354 
v 7.143717288970947 5.353781223297119 0.6736128330230713 
v 7.082571983337402 5.19215726852417 0.8332304954528809 
v 6.874678611755371 5.241542339324951 0.7162944674491882 
v 7.210977077484131 5.403166770935059 0.5280275344848633 
v 7.076457500457764 5.4193291664123535 0.6233303546905518 
v 6.886907577514648 5.44536828994751 0.4631280303001404 
v 6.458890914916992 5.44536828994751 0.4432489275932312 
v 6.3182573318481445 5.374433517456055 0.712201714515686 
v 6.128706932067871 5.536057949066162 0.5151645541191101 
v 6.13482141494751 5.5423431396484375 0.1479855179786682 
v 6.5322651863098145 5.557607650756836 0.1485701948404312 
v 6.330486297607422 5.498345375061035 0.01117040030658245 
v 6.04921817779541 5.490263938903809 0.009416360408067703 
v 5.988072872161865 5.527078628540039 0.006492959801107645 
v 5.9269280433654785 5.5279765129089355 0.04858991876244545 
v 5.9269280433654785 5.501039028167725 0.007077639922499657 
v 7.2354350090026855 5.491162300109863 0.34209927916526794 
v 5.933042526245117 5.5333638191223145 0.5251041054725647 
v 5.969729423522949 5.415737628936768 0.8191981315612793 
v 6.098134517669678 5.231665134429932 1.0536547899246216 
v 6.4344329833984375 5.157138347625732 0.9688762426376343 
v 6.538379669189453 5.203829765319824 0.7876254320144653 
v 6.575067043304443 5.094284534454346 0.8794202208518982 
v 5.896355152130127 5.439980983734131 0.77066969871521 
v 5.878011703491211 5.3995747566223145 0.8431700468063354 
v 5.9452714920043945 5.342108726501465 0.9203478097915649 
v 5.847439289093018 5.345700263977051 0.8770814538002014 
v 5.88412618637085 5.280152320861816 0.9665375351905823 
v 9.968626022338867 4.696508884429932 0.0860094428062439 
v 9.968626022338867 4.630063533782959 0.04157375916838646 
v 10.023655891418457 4.781810760498047 0.1561710387468338 
v 8.519484519958496 3.845287561416626 0.8151053786277771 
v 8.550057411193848 3.8102688789367676 0.6835523843765259 
v 8.647889137268066 3.8991622924804688 0.6911532282829285 
v 8.556171417236328 3.8210439682006836 0.5303662419319153 
v 8.409422874450684 3.857858419418335 0.7227259874343872 
v 8.384964942932129 3.870429039001465 0.757222056388855 
v 8.29324722290039 3.830920934677124 0.7051855325698853 
v 8.097582817077637 3.8785102367401123 0.7583914399147034 
v 8.115925788879395 3.84169602394104 0.6496409773826599 
v 7.6512227058410645 3.838104248046875 0.8168594241142273 
v 7.620649814605713 3.8641438484191895 0.8595410585403442 
v 7.424985408782959 3.827329397201538 0.8969606161117554 
v 7.498359680175781 3.827329397201538 0.7396816611289978 
v 7.363840103149414 3.8318188190460205 0.6233303546905518 
v 7.46778678894043 3.8264312744140625 0.557846188545227 
v 7.541161060333252 3.8174521923065186 0.40056729316711426 
v 7.565619468688965 3.816554307937622 0.555507481098175 
v 7.797970771789551 3.832716703414917 0.4432489275932312 
v 7.333267688751221 3.8515729904174805 0.9332107305526733 
v 7.327152729034424 3.85426664352417 0.620406985282898 
v 7.327152729034424 3.8390021324157715 0.4227851331233978 
v 7.400527000427246 3.80218768119812 0.3175427317619324 
v 7.583962917327881 3.814758539199829 0.24328835308551788 
v 7.6512227058410645 3.8210439682006836 0.2818772494792938 
v 7.700138568878174 3.8210439682006836 0.3649018108844757 
v 7.339382171630859 3.807575225830078 0.19768331944942474 
v 7.437214374542236 3.829125165939331 0.09068688005208969 
v 7.327152729034424 3.8354105949401855 0.07490052282810211 
v 7.406641483306885 3.8156564235687256 0.03338823840022087 
v 7.333267688751221 3.829125165939331 0.00298488000407815 
v 7.437214374542236 3.8318188190460205 -0.0034465999342501163 
v 7.565619468688965 3.816554307937622 0.030464839190244675 
v 7.7062530517578125 3.832716703414917 0.12401363998651505 
v 8.097582817077637 3.8210439682006836 0.12401363998651505 
v 8.225987434387207 3.825533390045166 0.41869235038757324 
v 8.073123931884766 3.8318188190460205 0.5572615265846252 
v 8.207643508911133 3.8192481994628906 0.5052250027656555 
v 8.354392051696777 3.832716703414917 0.34209927916526794 
v 8.562286376953125 3.8120648860931396 0.32748228311538696 
v 8.378849983215332 3.823737621307373 0.26141342520713806 
v 8.29324722290039 3.8246355056762695 0.13512256741523743 
v 8.29324722290039 3.8928768634796143 0.002400200115516782 
v 8.46445369720459 3.8246355056762695 0.02637208066880703 
v 8.54394245147705 3.8192481994628906 0.13161447644233704 
v 8.641775131225586 3.8695311546325684 0.09185624122619629 
v 8.605087280273438 3.832716703414917 0.14330807328224182 
v 8.647889137268066 3.8138606548309326 0.2362722009420395 
v 8.654004096984863 3.832716703414917 0.09477964043617249 
v 7.7062530517578125 3.8946728706359863 -0.004031280055642128 
v 7.901917934417725 3.8982644081115723 0.00006148000102257356 
v 8.654004096984863 3.9332830905914307 0.3666558265686035 
v 8.46445369720459 3.82194185256958 0.19242119789123535 
v 5.248216152191162 3.8937747478485107 0.9174243807792664 
v 5.095353126525879 4.044624328613281 1.0109732151031494 
v 5.346048355102539 4.087724208831787 1.057162880897522 
v 5.2604451179504395 4.278979778289795 1.1015986204147339 
v 5.804637432098389 4.164944648742676 1.0752880573272705 
v 5.388850212097168 4.819523334503174 1.153050422668457 
v 5.829095363616943 4.699203014373779 1.1512963771820068 
v 5.443881034851074 4.978453636169434 1.1694214344024658 
v 5.810751914978027 5.038613796234131 1.1103688478469849 
v 5.364391803741455 3.9036519527435303 0.9741383790969849 
v 5.694576263427734 3.848879098892212 0.9121623039245605 
v 5.79852294921875 3.9296913146972656 0.9589366912841797 
v 5.003635406494141 4.004218101501465 0.9723843336105347 
v 5.040322303771973 4.142496585845947 1.0483927726745605 
v 4.991406440734863 4.269102573394775 1.0916590690612793 
v 4.948604583740234 4.046420097351074 1.007465124130249 
v 4.954719066619873 4.197269439697266 1.0542395114898682 
v 4.856886863708496 4.109273910522461 0.9449043869972229 
v 4.911917686462402 4.2421650886535645 1.0472233295440674 
v 4.850772380828857 4.247552394866943 1.0396225452423096 
v 4.7529401779174805 4.05988883972168 1.0098038911819458 
v 4.679565906524658 4.166740417480469 1.061255693435669 
v 4.655107498168945 3.9099373817443848 0.9226865172386169 
v 4.557275295257568 3.9458537101745605 0.9513358473777771 
v 4.526702880859375 3.8821020126342773 0.8952065706253052 
v 4.520588397979736 4.16135311126709 1.0513161420822144 
v 4.655107498168945 4.340935707092285 1.0752880573272705 
v 4.520588397979736 4.2260026931762695 1.0583323240280151 
v 4.520588397979736 4.377749919891357 1.065933108329773 
v 4.563389778137207 4.440603733062744 1.085227608680725 
v 4.520588397979736 4.6147990226745605 1.0630097389221191 
v 4.648993015289307 4.569005489349365 1.1056913137435913 
v 4.557275295257568 4.736915111541748 1.112122893333435 
v 4.710138320922852 4.454970359802246 1.0939977169036865 
v 4.697909355163574 4.334650039672852 1.0875662565231323 
v 4.875230312347412 4.32746696472168 1.0530701875686646 
v 4.746825695037842 4.384035587310791 1.0758726596832275 
v 4.80185604095459 4.424441337585449 1.0326063632965088 
v 4.7896270751953125 4.514232635498047 1.0267595052719116 
v 4.844657897949219 4.540272235870361 1.0413765907287598 
v 4.814085006713867 4.6058197021484375 1.0109732151031494 
v 4.795741558074951 4.715365409851074 1.0092191696166992 
v 4.7712836265563965 4.91739559173584 1.025005578994751 
v 4.918032169342041 4.795279502868652 1.139018177986145 
v 4.918032169342041 4.595942974090576 1.1220624446868896 
v 5.107582092285156 4.784504413604736 1.143695592880249 
v 5.187070846557617 4.765648365020752 1.143695592880249 
v 5.1442694664001465 4.908416748046875 1.092828392982483 
v 4.911917686462402 4.383137226104736 1.0682718753814697 
v 5.034207820892334 4.445093631744385 1.110953450202942 
v 5.291018009185791 4.834787845611572 1.1314172744750977 
v 5.235987186431885 4.8608269691467285 1.0828888416290283 
v 5.3399338722229 4.930864334106445 1.1226470470428467 
v 5.254330635070801 4.894050121307373 1.0472233295440674 
v 5.284903049468994 4.952414512634277 1.030267596244812 
v 5.284903049468994 5.017064094543457 1.0285135507583618 
v 5.168727397918701 5.082611560821533 1.0144813060760498 
v 5.272674083709717 5.114038467407227 1.0022029876708984 
v 5.077009677886963 5.167015552520752 0.9332107305526733 
v 4.96694803237915 5.0448994636535645 1.083473563194275 
v 4.740711212158203 5.109549045562744 1.0127272605895996 
v 4.55116081237793 5.18497371673584 1.074703335762024 
v 4.593962669372559 5.400472640991211 0.9753077030181885 
v 4.50224494934082 5.38071870803833 0.9975255727767944 
v 4.496129989624023 5.470510005950928 0.9466583728790283 
v 5.382735729217529 5.089795112609863 1.103352665901184 
v 4.6917948722839355 5.404064655303955 0.8870210647583008 
v 4.911917686462402 5.240644454956055 1.0214974880218506 
v 5.040322303771973 5.349291801452637 0.898129940032959 
v 5.235987186431885 5.321456432342529 0.8870210647583008 
v 5.254330635070801 5.414839267730713 0.8051658272743225 
v 4.899688720703125 5.468714237213135 0.85310959815979 
v 5.376621246337891 5.280152320861816 1.0062958002090454 
v 5.437766075134277 5.114038467407227 1.0863969326019287 
v 5.523369789123535 5.1786885261535645 1.079380750656128 
v 5.602858543395996 5.30888557434082 1.0261749029159546 
v 5.627316474914551 5.238848686218262 1.0519007444381714 
v 5.664003372192383 5.278356552124023 1.04313063621521 
v 5.792408466339111 5.199340343475342 1.0179893970489502 
v 5.5111403465271 5.063755512237549 1.1378487348556519 
v 5.6334309577941895 5.389698028564453 0.9864166378974915 
v 5.67623233795166 5.290029525756836 0.9799851775169373 
v 5.71291971206665 5.4229207038879395 0.9016380310058594 
v 5.492796897888184 5.129302978515625 1.1015986204147339 
v 5.370506763458252 5.04130744934082 1.1220624446868896 
v 5.333819389343262 4.978453636169434 1.1115381717681885 
v 7.247663974761963 3.881204128265381 0.33742183446884155 
v 7.125373840332031 3.836308479309082 0.34209927916526794 
v 7.2354350090026855 3.875816583633423 0.707524299621582 
v 7.125373840332031 3.82194185256958 0.7180485129356384 
v 6.954167366027832 3.8659396171569824 0.6572418212890625 
v 7.229320526123047 3.80218768119812 0.2286713570356369 
v 7.058114051818848 3.87402081489563 0.21522371470928192 
v 7.143717288970947 3.82194185256958 0.13746127486228943 
v 7.229320526123047 3.8192481994628906 0.0883481577038765 
v 7.13148832321167 3.836308479309082 0.028126120567321777 
v 7.2354350090026855 3.839900016784668 0.0018155199941247702 
v 7.143717288970947 3.8569605350494385 0.0012308399891480803 
v 7.015312671661377 3.8282272815704346 0.028710799291729927 
v 7.064228534698486 3.875816583633423 0.13161447644233704 
v 6.990854263305664 3.820146083831787 0.12167491763830185 
v 7.064228534698486 3.8838977813720703 0.18306632339954376 
v 6.954167366027832 3.809370994567871 0.3052644431591034 
v 6.911365509033203 3.8892853260040283 -0.0028619200456887484 
v 6.715701103210449 3.9018561840057373 -0.0005232000257819891 
v 6.520036220550537 3.8425939083099365 0.12342896312475204 
v 6.715701103210449 3.8372063636779785 0.40524470806121826 
v 6.899136543273926 3.807575225830078 0.299417644739151 
v 6.911365509033203 3.8084731101989746 0.40816810727119446 
v 7.015312671661377 3.850675106048584 0.41518428921699524 
v 7.021427154541016 3.8767144680023193 0.2929861545562744 
v 6.868564128875732 3.8228397369384766 0.5876649022102356 
v 6.837991237640381 3.816554307937622 0.4543578326702118 
v 6.782960891723633 3.816554307937622 0.47657567262649536 
v 6.734044551849365 3.845287561416626 0.5233500599861145 
v 6.611753940582275 3.865041732788086 0.5023015737533569 
v 6.593410491943359 3.877612352371216 0.6724435091018677 
v 6.862449645996094 3.8102688789367676 0.6595805287361145 
v 6.948052883148193 3.8856935501098633 0.7443591356277466 
v 6.801304340362549 3.8336145877838135 0.7431897521018982 
v 6.917479991912842 3.8892853260040283 0.8355692028999329 
v 6.801304340362549 3.8461854457855225 0.9238559007644653 
v 6.893022060394287 3.912631034851074 0.9238559007644653 
v 6.605639457702637 3.941364288330078 0.9694609045982361 
v 7.2170915603637695 3.825533390045166 0.8186134696006775 
v 7.033656120300293 3.823737621307373 0.7958109378814697 
v 7.2170915603637695 3.8390021324157715 0.9396422505378723 
v 7.021427154541016 3.830920934677124 0.911577582359314 
v 7.094801425933838 3.85426664352417 0.9706302881240845 
v 6.996968746185303 3.919814348220825 0.998694896697998 
v 6.782960891723633 3.9314873218536377 0.9899247288703918 
v 6.391631603240967 3.879408359527588 0.8706499934196472 
v 6.465005874633789 3.8695311546325684 0.5455679297447205 
v 6.446661949157715 3.8443896770477295 0.46663612127304077 
v 6.232654094696045 3.847083330154419 0.05443672090768814 
v 6.324371814727783 3.9081413745880127 0.0012308399891480803 
v 6.29991340637207 3.8372063636779785 0.3619784116744995 
v 6.073676586151123 3.843491792678833 0.052097998559474945 
v 6.1715087890625 3.834512710571289 0.25498196482658386 
v 5.969729423522949 3.845287561416626 0.10471919924020767 
v 5.969729423522949 3.830920934677124 0.33683717250823975 
v 5.92081356048584 3.8838977813720703 0.17312675714492798 
v 5.9269280433654785 3.850675106048584 0.06554564088582993 
v 5.933042526245117 3.890183210372925 0.005323600023984909 
v 5.92081356048584 3.875816583633423 0.02637208066880703 
v 6.208195686340332 3.8407979011535645 0.34619203209877014 
v 6.269340991973877 3.84169602394104 0.47716036438941956 
v 6.269340991973877 3.8246355056762695 0.3578856289386749 
v 6.2571120262146 3.839900016784668 0.6087133884429932 
v 6.214310169219971 3.8479812145233154 0.8110126256942749 
v 6.238768577575684 3.8874895572662354 0.9232711791992188 
v 6.110363483428955 3.8937747478485107 0.9478277564048767 
v 5.969729423522949 3.8192481994628906 0.855448305606842 
v 8.605087280273438 3.832716703414917 0.14330807328224182 
v 8.654004096984863 3.832716703414917 0.09477964043617249 
v 8.641775131225586 3.8695311546325684 0.09185624122619629 
v 8.678462028503418 3.865041732788086 0.05385204032063484 
v 8.660118103027344 4.085030555725098 0.08016263693571091 
v 8.678462028503418 4.143394470214844 0.052682679146528244 
v 8.678462028503418 4.143394470214844 0.052682679146528244 
v 8.647889137268066 4.1029887199401855 0.09770303964614868 
v 8.647889137268066 4.234083652496338 0.020525280386209488 
v 7.088686466217041 5.54683256149292 0.157925084233284 
v 7.2354350090026855 5.525282859802246 0.037480998784303665 
v 7.113144874572754 5.48487663269043 0.004154239781200886 
v 6.721815586090088 5.497447490692139 0.008831679821014404 
v 7.143717288970947 5.122119903564453 0.9367188215255737 
v 7.1804046630859375 4.903028964996338 1.0267595052719116 
v 6.960281848907471 5.0161662101745605 1.0045417547225952 
v 6.8074188232421875 4.8967437744140625 1.0355297327041626 
v 6.776845932006836 4.957801818847656 0.9998642802238464 
v 6.685128211975098 4.930864334106445 0.925025224685669 
v 6.63009786605835 4.785402297973633 0.9221018552780151 
v 6.63009786605835 4.8823771476745605 0.904561460018158 
v 6.623983383178711 4.932660102844238 0.9384728670120239 
v 6.75850248336792 4.9928202629089355 0.8952065706253052 
v 6.575067043304443 5.094284534454346 0.8794202208518982 
v 6.801304340362549 5.046695232391357 0.8887750506401062 
v 6.893022060394287 5.12032413482666 0.8455087542533875 
v 7.186519145965576 4.135313510894775 1.0062958002090454 
v 6.79518985748291 4.677652835845947 1.0530701875686646 
v 6.984739780426025 4.166740417480469 0.9817392230033875 
v 6.54449462890625 4.958699703216553 0.9267792701721191 
v 6.550609111785889 4.85543966293335 0.9846625924110413 
v 6.465005874633789 4.92457914352417 0.9396422505378723 
v 6.4344329833984375 5.157138347625732 0.9688762426376343 
v 6.3182573318481445 5.086203098297119 1.0817195177078247 
v 6.098134517669678 5.231665134429932 1.0536547899246216 
v 6.177623271942139 5.029634952545166 1.1542197465896606 
v 5.951385974884033 5.100569725036621 1.1489577293395996 
v 5.957500457763672 4.941639423370361 1.1758530139923096 
v 6.147050380706787 4.738710880279541 1.1472036838531494 
v 5.9636149406433105 4.562719821929932 1.143695592880249 
v 5.939157009124756 4.417258262634277 1.0934131145477295 
v 6.195966720581055 4.680346488952637 1.0817195177078247 
v 5.988072872161865 4.3615875244140625 1.0653483867645264 
v 5.92081356048584 4.232287883758545 1.0618404150009155 
v 6.073676586151123 4.253838062286377 1.0425459146499634 
v 6.110363483428955 3.8937747478485107 0.9478277564048767 
v 5.92081356048584 4.105682373046875 1.0179893970489502 
v 5.92081356048584 3.930589199066162 0.9571826457977295 
v 5.969729423522949 3.8192481994628906 0.855448305606842 
v 6.348829746246338 4.942537307739258 1.0910743474960327 
v 5.88412618637085 5.280152320861816 0.9665375351905823 
v 5.9452714920043945 5.342108726501465 0.9203478097915649 
v 6.391631603240967 3.879408359527588 0.8706499934196472 
v 6.238768577575684 3.8874895572662354 0.9232711791992188 
v 6.38551664352417 3.9691996574401855 0.9337954521179199 
v 6.2571120262146 4.073357582092285 0.9735536575317383 
v 6.324371814727783 4.173025608062744 0.9133316278457642 
v 6.220424652099609 4.172127723693848 0.9794004559516907 
v 6.122592449188232 4.177515506744385 1.0133118629455566 
v 6.116477966308594 4.397503852844238 1.0554088354110718 
v 6.165394306182861 4.45856237411499 1.0548242330551147 
v 6.605639457702637 3.941364288330078 0.9694609045982361 
v 6.281569957733154 4.427134990692139 1.0010336637496948 
v 6.2571120262146 4.54565954208374 1.0513161420822144 
v 6.287684440612793 4.635450839996338 1.047808051109314 
v 6.348829746246338 4.816829204559326 1.0483927726745605 
v 6.3977460861206055 4.770137786865234 1.0384531021118164 
v 6.287684440612793 4.549251556396484 1.0220820903778076 
v 6.379402160644531 4.692917346954346 1.0442999601364136 
v 6.893022060394287 3.912631034851074 0.9238559007644653 
v 6.801304340362549 3.8461854457855225 0.9238559007644653 
v 6.782960891723633 3.9314873218536377 0.9899247288703918 
v 6.617868423461914 4.325671195983887 0.9460737109184265 
v 6.42220401763916 4.400197982788086 0.9337954521179199 
v 7.2170915603637695 3.8390021324157715 0.9396422505378723 
v 7.094801425933838 3.85426664352417 0.9706302881240845 
v 6.996968746185303 3.919814348220825 0.998694896697998 
v 6.617868423461914 4.688427925109863 1.0022029876708984 
v 6.440547466278076 4.72165060043335 1.0442999601364136 
v 6.446661949157715 4.763852596282959 1.0384531021118164 
v 6.50780725479126 4.817727565765381 1.0004489421844482 
v 6.501692771911621 4.78091287612915 0.9946021437644958 
v 6.526150703430176 4.789892196655273 0.9694609045982361 
v 6.587296009063721 4.757567405700684 0.9647834897041321 
v 6.593410491943359 4.825808525085449 0.9051461219787598 
v 8.495026588439941 5.550424575805664 0.14213871955871582 
v 8.58674430847168 5.545036792755127 0.043327800929546356 
v 8.635660171508789 5.502834796905518 0.005323600023984909 
v 7.174290180206299 5.193055152893066 0.8595410585403442 
v 7.113144874572754 5.1535468101501465 0.893452525138855 
v 7.113144874572754 5.211911201477051 0.8431700468063354 
v 7.082571983337402 5.19215726852417 0.8332304954528809 
v 6.874678611755371 5.241542339324951 0.7162944674491882 
v 7.082571983337402 5.19215726852417 0.8332304954528809 
v 7.003083229064941 5.133792877197266 0.8566176891326904 
v 7.143717288970947 5.353781223297119 0.6736128330230713 
v 7.076457500457764 5.4193291664123535 0.6233303546905518 
v 7.2354350090026855 5.3995747566223145 0.007662320043891668 
v 7.113144874572754 5.48487663269043 0.004154239781200886 
v 7.2354350090026855 5.301702499389648 0.006492959801107645 
v 7.2354350090026855 5.200238227844238 0.004738919902592897 
v 7.2354350090026855 5.123915672302246 0.004154239781200886 
v 7.2354350090026855 5.0323286056518555 0.002400200115516782 
v 7.2354350090026855 4.922783374786377 0.0018155199941247702 
v 7.229320526123047 4.837481498718262 -0.0022772399242967367 
v 7.229320526123047 4.731527805328369 -0.0028619200456887484 
v 7.241549491882324 4.637246608734131 0.00006148000102257356 
v 6.495578289031982 4.623778343200684 -0.001107880030758679 
v 7.2354350090026855 4.542965888977051 0.0006461599841713905 
v 7.241549491882324 4.427134990692139 0.00298488000407815 
v 7.2354350090026855 5.470510005950928 0.007077639922499657 
v 7.2354350090026855 5.525282859802246 0.037480998784303665 
v 7.2354350090026855 4.334650039672852 0.002400200115516782 
v 7.241549491882324 4.2260026931762695 0.0018155199941247702 
v 7.2354350090026855 4.127232074737549 0.0012308399891480803 
v 7.2354350090026855 4.02756404876709 0.00006148000102257356 
v 7.2354350090026855 3.9278955459594727 -0.0028619200456887484 
v 6.911365509033203 3.8892853260040283 -0.0028619200456887484 
v 7.143717288970947 3.8569605350494385 0.0012308399891480803 
v 7.015312671661377 3.8282272815704346 0.028710799291729927 
v 7.2354350090026855 3.839900016784668 0.0018155199941247702 
v 6.073676586151123 3.843491792678833 0.052097998559474945 
v 5.933042526245117 3.890183210372925 0.005323600023984909 
v 6.232654094696045 3.847083330154419 0.05443672090768814 
v 6.324371814727783 3.9081413745880127 0.0012308399891480803 
v 6.581181526184082 4.038338661193848 0.0006461599841713905 
v 6.520036220550537 3.8425939083099365 0.12342896312475204 
v 6.715701103210449 3.9018561840057373 -0.0005232000257819891 
v 5.933042526245117 4.305916786193848 0.004154239781200886 
v 5.9269280433654785 3.9925453662872314 0.004154239781200886 
v 5.9269280433654785 4.085928440093994 0.007077639922499657 
v 5.9269280433654785 4.198167324066162 0.007662320043891668 
v 5.957500457763672 4.816829204559326 0.043327800929546356 
v 5.939157009124756 4.6417365074157715 0.036896318197250366 
v 6.036989212036133 4.690223693847656 0.03163420036435127 
v 5.939157009124756 4.560026168823242 0.024033360183238983 
v 5.933042526245117 4.418156147003174 0.00824700016528368 
v 5.939157009124756 4.868908405303955 0.021694639697670937 
v 6.599524974822998 5.366352081298828 0.007662320043891668 
v 6.330486297607422 5.498345375061035 0.01117040030658245 
v 6.5322651863098145 5.557607650756836 0.1485701948404312 
v 6.721815586090088 5.497447490692139 0.008831679821014404 
v 5.9452714920043945 5.061959743499756 0.015847839415073395 
v 6.04921817779541 5.490263938903809 0.009416360408067703 
v 5.939157009124756 5.229869365692139 0.008831679821014404 
v 5.988072872161865 5.527078628540039 0.006492959801107645 
v 5.9269280433654785 5.4103498458862305 0.01117040030658245 
v 5.9269280433654785 5.501039028167725 0.007077639922499657 
v 5.9269280433654785 5.180484294891357 0.01877124048769474 
v 5.9269280433654785 5.313375473022461 0.012924440205097198 
v 7.174290180206299 5.193055152893066 0.8595410585403442 
v 7.143717288970947 5.122119903564453 0.9367188215255737 
v 7.113144874572754 5.1535468101501465 0.893452525138855 
v 7.003083229064941 5.114936351776123 0.8992993235588074 
v 7.04588508605957 5.159832000732422 0.8630491495132446 
v 7.003083229064941 5.133792877197266 0.8566176891326904 
v 7.082571983337402 5.19215726852417 0.8332304954528809 
v 6.954167366027832 5.097876071929932 0.8870210647583008 
v 6.893022060394287 5.12032413482666 0.8455087542533875 
v 6.801304340362549 5.046695232391357 0.8887750506401062 
v 6.79518985748291 5.015268325805664 0.9185937643051147 
v 6.960281848907471 5.0161662101745605 1.0045417547225952 
v 6.776845932006836 4.957801818847656 0.9998642802238464 
v 6.75850248336792 4.9928202629089355 0.8952065706253052 
v 6.685128211975098 4.930864334106445 0.925025224685669 
v 6.874678611755371 5.241542339324951 0.7162944674491882 
v 6.575067043304443 5.094284534454346 0.8794202208518982 
v 5.957500457763672 4.816829204559326 0.043327800929546356 
v 5.939157009124756 4.868908405303955 0.021694639697670937 
v 6.036989212036133 4.690223693847656 0.03163420036435127 
v 7.143717288970947 5.122119903564453 0.9367188215255737 
v 6.954167366027832 5.097876071929932 0.8870210647583008 
v 7.003083229064941 5.114936351776123 0.8992993235588074 
v 7.327152729034424 4.941639423370361 0.010001040063798428 
v 7.327152729034424 5.069142818450928 0.009416360408067703 
v 7.333267688751221 5.173300743103027 0.004738919902592897 
v 7.327152729034424 5.268479824066162 0.014678480103611946 
v 7.327152729034424 5.373535633087158 0.008831679821014404 
v 7.333267688751221 5.487570285797119 0.007077639922499657 
v 7.327152729034424 5.5531182289123535 0.045081838965415955 
v 7.333267688751221 3.8515729904174805 0.9332107305526733 
v 7.327152729034424 4.067071914672852 0.9694609045982361 
v 7.3149237632751465 3.907243490219116 0.9449043869972229 
v 7.3149237632751465 4.113763332366943 0.9887553453445435 
v 7.321038246154785 4.267306804656982 1.0086344480514526 
v 5.376621246337891 5.280152320861816 1.0062958002090454 
v 5.235987186431885 5.321456432342529 0.8870210647583008 
v 5.6334309577941895 5.389698028564453 0.9864166378974915 
v 5.5111403465271 5.466020584106445 0.8583717346191406 
v 5.71291971206665 5.4229207038879395 0.9016380310058594 
v 5.761836051940918 5.5297722816467285 0.627423107624054 
v 5.719034194946289 5.539649486541748 0.3719179630279541 
v 5.847439289093018 5.460633277893066 0.34385332465171814 
v 5.835209846496582 5.5333638191223145 0.2403649538755417 
v 5.737377643585205 5.528874397277832 0.14506211876869202 
v 5.841324806213379 5.518099308013916 0.02637208066880703 
v 5.254330635070801 5.414839267730713 0.8051658272743225 
v 5.346048355102539 5.535160064697266 0.5625236630439758 
v 5.358277320861816 5.535160064697266 0.17371143400669098 
v 5.541713237762451 5.472305774688721 0.00824700016528368 
v 5.835209846496582 5.486672401428223 0.007662320043891668 
v 4.96694803237915 5.558505535125732 0.1643565595149994 
v 4.704023838043213 5.555811882019043 0.709863007068634 
v 4.899688720703125 5.468714237213135 0.85310959815979 
v 4.6917948722839355 5.404064655303955 0.8870210647583008 
v 4.569504261016846 5.547730445861816 0.7484518885612488 
v 4.520588397979736 5.495651721954346 0.9028074145317078 
v 4.593962669372559 5.400472640991211 0.9753077030181885 
v 4.496129989624023 5.470510005950928 0.9466583728790283 
v 4.569504261016846 5.566586971282959 0.5590155720710754 
v 4.679565906524658 5.543241024017334 0.059114158153533936 
v 4.765169143676758 5.492958068847656 0.01877124048769474 
v 4.557275295257568 5.55401611328125 0.21639308333396912 
v 4.538931846618652 5.480387210845947 0.01935591921210289 
v 6.3182573318481445 5.374433517456055 0.712201714515686 
v 6.538379669189453 5.203829765319824 0.7876254320144653 
v 6.874678611755371 5.241542339324951 0.7162944674491882 
v 6.575067043304443 5.094284534454346 0.8794202208518982 
v 8.409422874450684 3.857858419418335 0.7227259874343872 
v 8.29324722290039 3.830920934677124 0.7051855325698853 
v 8.550057411193848 3.8102688789367676 0.6835523843765259 
v 7.345496654510498 4.445991516113281 0.00006148000102257356 
v 7.345496654510498 4.75846529006958 -0.005200639832764864 
v 7.345496654510498 4.550149440765381 0.00006148000102257356 
v 4.037541389465332 5.473203659057617 1.0577476024627686 
v 4.331037998199463 5.52169132232666 0.9221018552780151 
v 3.805189371109009 5.5333638191223145 0.9472430944442749 
v 4.196518898010254 5.5513224601745605 0.5631083250045776 
v 4.3982977867126465 5.547730445861816 0.7542986869812012 
v 4.477786540985107 5.459734916687012 0.557846188545227 
v 4.392183303833008 5.539649486541748 0.3573009669780731 
v 4.3616108894348145 5.5513224601745605 0.17780420184135437 
v 4.477786540985107 5.5567097663879395 0.25088921189308167 
v 4.471672058105469 5.509120464324951 0.02637208066880703 
v 4.000854015350342 5.475897789001465 0.017601879313588142 
v 3.805189371109009 5.536057949066162 0.1555863618850708 
v 3.3466005325317383 5.530670166015625 0.5104871392250061 
v 3.236539125442505 5.530670166015625 0.9946021437644958 
v 3.603410243988037 5.462429046630859 1.0548242330551147 
v 3.3588294982910156 5.459734916687012 1.0922436714172363 
v 3.236539125442505 5.493855953216553 1.079380750656128 
v 3.1509358882904053 5.497447490692139 1.0355297327041626 
v 3.1509358882904053 5.519895076751709 0.8525249361991882 
v 3.2181954383850098 5.535160064697266 0.7601454854011536 
v 3.157050371170044 5.4193291664123535 0.5479066371917725 
v 3.1631648540496826 5.516303539276123 0.27778446674346924 
v 3.407745599746704 5.5279765129089355 0.1631872057914734 
v 3.603410243988037 5.478591442108154 0.03981972113251686 
v 3.407745599746704 5.474101543426514 0.02695675939321518 
v 3.273226261138916 5.5189971923828125 0.016432520002126694 
v 3.157050371170044 5.523487091064453 0.07256180047988892 
v 3.157050371170044 5.522589206695557 0.004154239781200886 
v 4.471672058105469 5.541445255279541 0.848432183265686 
v 4.441099643707275 5.458837032318115 0.9612753987312317 
v 7.021427154541016 3.8767144680023193 0.2929861545562744 
v 7.058114051818848 3.87402081489563 0.21522371470928192 
v 6.954167366027832 3.809370994567871 0.3052644431591034 
v 7.064228534698486 3.8838977813720703 0.18306632339954376 
v 7.064228534698486 3.875816583633423 0.13161447644233704 
v 7.058114051818848 3.87402081489563 0.21522371470928192 
v 6.623983383178711 4.932660102844238 0.9384728670120239 
v 6.593410491943359 4.825808525085449 0.9051461219787598 
v 6.550609111785889 4.85543966293335 0.9846625924110413 
v 6.526150703430176 4.789892196655273 0.9694609045982361 
v 6.50780725479126 4.817727565765381 1.0004489421844482 
v 6.526150703430176 4.789892196655273 0.9694609045982361 
v 6.501692771911621 4.78091287612915 0.9946021437644958 
v 6.440547466278076 4.72165060043335 1.0442999601364136 
v 6.348829746246338 4.942537307739258 1.0910743474960327 
v 6.3182573318481445 5.086203098297119 1.0817195177078247 
v 6.465005874633789 4.92457914352417 0.9396422505378723 
v 5.835209846496582 5.486672401428223 0.007662320043891668 
v 5.657888889312744 5.244235992431641 0.023448679596185684 
v 5.541713237762451 5.472305774688721 0.00824700016528368 
v 5.352162837982178 5.284642219543457 0.029295479878783226 
v 5.358277320861816 5.535160064697266 0.17371143400669098 
v 4.960833549499512 5.2999067306518555 0.028126120567321777 
v 4.96694803237915 5.558505535125732 0.1643565595149994 
v 4.765169143676758 5.492958068847656 0.01877124048769474 
v 4.96694803237915 4.675857067108154 0.029295479878783226 
v 5.492796897888184 4.987432956695557 0.010001040063798428 
v 5.847439289093018 4.878785610198975 0.021109959110617638 
v 5.688461780548096 4.685734272003174 0.03572696074843407 
v 5.841324806213379 4.301427364349365 0.005323600023984909 
v 5.346048355102539 4.1065802574157715 0.004738919902592897 
v 5.541713237762451 3.9090394973754883 0.005908280145376921 
v 5.346048355102539 3.838104248046875 0.12752172350883484 
v 5.859668254852295 4.778219223022461 0.05034396052360535 
v 5.853553771972656 4.586963653564453 0.028126120567321777 
v 5.841324806213379 4.058990955352783 0.004154239781200886 
v 5.743492126464844 3.919814348220825 0.009416360408067703 
v 5.853553771972656 4.032053470611572 0.005323600023984909 
v 5.853553771972656 3.8946728706359863 0.010585719719529152 
v 5.645659923553467 3.861449956893921 0.03865035995841026 
v 5.150383949279785 3.9054477214813232 0.002400200115516782 
v 4.71625280380249 4.365179061889648 0.01117040030658245 
v 4.954719066619873 3.9045498371124268 0.005323600023984909 
v 4.667336940765381 3.9063456058502197 0.004738919902592897 
v 4.856886863708496 3.8407979011535645 0.03221888095140457 
v 4.661222457885742 3.8407979011535645 0.03221888095140457 
v 4.538931846618652 3.85426664352417 0.003569559892639518 
v 4.526702880859375 3.9530370235443115 0.006492959801107645 
v 4.538931846618652 4.228696346282959 0.006492959801107645 
v 4.526702880859375 4.078744888305664 0.00824700016528368 
v 4.526702880859375 4.3867292404174805 0.01526315975934267 
v 4.538931846618652 4.536680698394775 0.024618040770292282 
v 4.532817363739014 4.678550720214844 0.017601879313588142 
v 4.538931846618652 4.81593132019043 0.01994059979915619 
v 4.538931846618652 4.921885013580322 0.01117040030658245 
v 4.532817363739014 5.096978187561035 0.022864000871777534 
v 4.545046329498291 5.2496232986450195 0.01935591921210289 
v 4.532817363739014 5.3852081298828125 0.021109959110617638 
v 4.538931846618652 5.480387210845947 0.01935591921210289 
v 4.679565906524658 5.543241024017334 0.059114158153533936 
v 5.878011703491211 5.3995747566223145 0.8431700468063354 
v 5.88412618637085 5.336720943450928 0.8724040389060974 
v 5.896355152130127 5.439980983734131 0.77066969871521 
v 5.908584117889404 5.208319664001465 0.9373035430908203 
v 5.914699077606201 5.316967010498047 0.7788552641868591 
v 5.92081356048584 5.18228006362915 0.7811939716339111 
v 5.92081356048584 5.1266093254089355 0.6911532282829285 
v 5.951385974884033 5.1302008628845215 0.8940371870994568 
v 5.951385974884033 5.100569725036621 1.1489577293395996 
v 5.88412618637085 5.280152320861816 0.9665375351905823 
v 5.933042526245117 5.5333638191223145 0.5251041054725647 
v 5.92081356048584 5.087101459503174 0.629761815071106 
v 5.957500457763672 5.077224254608154 0.7560527324676514 
v 5.957500457763672 4.941639423370361 1.1758530139923096 
v 5.9636149406433105 4.576188564300537 0.7870407700538635 
v 5.9636149406433105 4.562719821929932 1.143695592880249 
v 5.92081356048584 4.387627124786377 0.9098235368728638 
v 5.939157009124756 4.417258262634277 1.0934131145477295 
v 5.92081356048584 4.232287883758545 1.0618404150009155 
v 5.92081356048584 4.105682373046875 1.0179893970489502 
v 5.92081356048584 3.930589199066162 0.9571826457977295 
v 5.9269280433654785 4.369668960571289 0.7788552641868591 
v 5.933042526245117 4.406483173370361 0.6414554119110107 
v 5.92081356048584 3.9674036502838135 0.33274438977241516 
v 5.969729423522949 3.8192481994628906 0.855448305606842 
v 5.969729423522949 3.830920934677124 0.33683717250823975 
v 5.92081356048584 3.8838977813720703 0.17312675714492798 
v 5.9269280433654785 4.388525009155273 0.16903400421142578 
v 5.9269280433654785 4.085928440093994 0.007077639922499657 
v 5.9269280433654785 4.198167324066162 0.007662320043891668 
v 5.92081356048584 4.357995986938477 0.024033360183238983 
v 5.933042526245117 4.305916786193848 0.004154239781200886 
v 5.933042526245117 4.418156147003174 0.00824700016528368 
v 5.9269280433654785 4.485499382019043 0.037480998784303665 
v 5.939157009124756 4.560026168823242 0.024033360183238983 
v 5.939157009124756 4.6417365074157715 0.036896318197250366 
v 5.939157009124756 4.835685729980469 0.19242119789123535 
v 5.939157009124756 4.797973155975342 0.07256180047988892 
v 5.957500457763672 4.816829204559326 0.043327800929546356 
v 5.9269280433654785 3.9925453662872314 0.004154239781200886 
v 5.92081356048584 3.875816583633423 0.02637208066880703 
v 5.9269280433654785 3.850675106048584 0.06554564088582993 
v 5.933042526245117 3.890183210372925 0.005323600023984909 
v 5.939157009124756 4.868908405303955 0.021694639697670937 
v 5.9269280433654785 5.025145053863525 0.04040440171957016 
v 5.933042526245117 4.943435192108154 0.024618040770292282 
v 5.9452714920043945 5.061959743499756 0.015847839415073395 
v 5.9269280433654785 5.180484294891357 0.01877124048769474 
v 5.92081356048584 5.44985818862915 0.17254208028316498 
v 5.9269280433654785 5.0071868896484375 0.34677672386169434 
v 5.9269280433654785 5.5279765129089355 0.04858991876244545 
v 5.9269280433654785 5.4103498458862305 0.01117040030658245 
v 5.9269280433654785 5.501039028167725 0.007077639922499657 
v 5.9269280433654785 5.313375473022461 0.012924440205097198 
v 5.951385974884033 4.702794551849365 0.40758344531059265 
v 5.9452714920043945 4.563618183135986 0.5818181037902832 
v 5.951385974884033 4.833889961242676 0.6209916472434998 
v 5.9452714920043945 5.059266090393066 0.6566570997238159 
v 5.92081356048584 5.059266090393066 0.5385517477989197 
v 5.957500457763672 5.006289005279541 0.5514147281646729 
v 3.157050371170044 4.254735946655273 1.0507314205169678 
v 3.157050371170044 4.34991455078125 1.061255693435669 
v 3.1876230239868164 4.196371555328369 1.0536547899246216 
v 3.309913396835327 4.187392234802246 1.0635943412780762 
v 3.3771729469299316 4.090417861938477 1.0513161420822144 
v 3.432203769683838 4.189188003540039 1.0717799663543701 
v 3.1876230239868164 4.463051795959473 1.0764573812484741 
v 3.8846781253814697 4.524109840393066 1.0969212055206299 
v 3.3588294982910156 4.939843654632568 1.1279091835021973 
v 3.1448211669921875 3.9458537101745605 0.9583520293235779 
v 3.2854552268981934 3.961118221282959 0.9671221971511841 
v 3.157050371170044 4.021278381347656 0.9864166378974915 
v 3.4811198711395264 4.022176265716553 1.012142539024353 
v 3.7379298210144043 4.145190715789795 1.029682993888855 
v 3.609524726867676 3.98805570602417 0.9712149500846863 
v 3.7501587867736816 4.023074150085449 0.9595213532447815 
v 3.8724491596221924 4.053603172302246 1.0062958002090454 
v 3.982510566711426 4.035645008087158 1.0366991758346558 
v 3.994739532470703 3.9745869636535645 1.0156506299972534 
v 4.0253119468688965 3.991647481918335 1.0179893970489502 
v 4.123144626617432 3.9548330307006836 0.9887553453445435 
v 4.117030143737793 4.0248703956604 1.0290982723236084 
v 4.09257173538208 4.123640537261963 1.0489773750305176 
v 3.5361504554748535 3.970097541809082 0.9823238849639893 
v 4.147602558135986 4.08233642578125 1.0174046754837036 
v 4.404412269592285 4.139802932739258 1.0448846817016602 
v 4.46555757522583 4.224206924438477 1.0595016479492188 
v 4.459443092346191 3.961118221282959 0.9472430944442749 
v 4.135373592376709 4.047317981719971 0.9998642802238464 
v 4.172060489654541 3.9512412548065186 0.9542592167854309 
v 4.471672058105469 4.584270000457764 1.0963364839553833 
v 4.392183303833008 4.704590320587158 1.0922436714172363 
v 4.190404415130615 4.897641658782959 1.121477723121643 
v 4.46555757522583 4.71895694732666 1.0185739994049072 
v 4.392183303833008 5.096080303192139 1.0910743474960327 
v 4.306580066680908 5.353781223297119 1.0671024322509766 
v 4.46555757522583 5.228971481323242 1.079380750656128 
v 4.459443092346191 5.332231521606445 1.0349451303482056 
v 4.441099643707275 5.458837032318115 0.9612753987312317 
v 4.331037998199463 5.52169132232666 0.9221018552780151 
v 4.037541389465332 5.473203659057617 1.0577476024627686 
v 3.79907488822937 5.2891316413879395 1.094582438468933 
v 3.805189371109009 5.5333638191223145 0.9472430944442749 
v 3.603410243988037 5.462429046630859 1.0548242330551147 
v 3.3588294982910156 5.459734916687012 1.0922436714172363 
v 3.2059664726257324 5.095182418823242 1.115630865097046 
v 3.1509358882904053 4.897641658782959 0.9671221971511841 
v 3.212080955505371 4.704590320587158 1.092828392982483 
v 3.1509358882904053 4.601330280303955 1.0589169263839722 
v 3.157050371170044 4.444195747375488 1.0466387271881104 
v 3.1509358882904053 5.497447490692139 1.0355297327041626 
v 3.236539125442505 5.493855953216553 1.079380750656128 
v 3.138706684112549 5.396881103515625 1.0869816541671753 
v 3.1876230239868164 5.353781223297119 1.1097841262817383 
v 3.1509358882904053 5.1768927574157715 1.0635943412780762 
v 5.382735729217529 5.089795112609863 1.103352665901184 
v 5.370506763458252 5.04130744934082 1.1220624446868896 
v 5.284903049468994 5.017064094543457 1.0285135507583618 
v 5.284903049468994 4.952414512634277 1.030267596244812 
v 5.333819389343262 4.978453636169434 1.1115381717681885 
v 5.254330635070801 4.894050121307373 1.0472233295440674 
v 5.969729423522949 5.415737628936768 0.8191981315612793 
v 5.878011703491211 5.3995747566223145 0.8431700468063354 
v 5.847439289093018 5.345700263977051 0.8770814538002014 
v 5.804637432098389 5.4085540771484375 0.7496212124824524 
v 5.786293983459473 5.339414596557617 0.895791232585907 
v 5.737377643585205 5.378922939300537 0.8899444341659546 
v 5.706805229187012 3.82194185256958 0.5315356254577637 
v 5.6701178550720215 3.814758539199829 0.27836915850639343 
v 5.841324806213379 3.8677353858947754 0.33332908153533936 
v 5.804637432098389 3.8354105949401855 0.2397802770137787 
v 5.841324806213379 3.8605520725250244 0.14155404269695282 
v 5.71291971206665 3.84169602394104 0.13979999721050262 
v 5.584514617919922 3.8228397369384766 0.27778446674346924 
v 5.492796897888184 3.8282272815704346 0.4327246844768524 
v 5.5722856521606445 3.8228397369384766 0.875327467918396 
v 5.847439289093018 3.8605520725250244 0.7262340188026428 
v 5.694576263427734 3.848879098892212 0.9121623039245605 
v 5.364391803741455 3.9036519527435303 0.9741383790969849 
v 5.248216152191162 3.8937747478485107 0.9174243807792664 
v 5.358277320861816 3.82194185256958 0.6168988943099976 
v 5.101467609405518 3.970097541809082 0.8922831416130066 
v 5.095353126525879 4.044624328613281 1.0109732151031494 
v 5.003635406494141 4.004218101501465 0.9723843336105347 
v 4.997520923614502 3.973689079284668 0.8466781377792358 
v 4.936375617980957 4.021278381347656 0.9536745548248291 
v 4.960833549499512 3.9997286796569824 0.877666175365448 
v 4.814085006713867 4.02756404876709 0.8677266240119934 
v 4.881344795227051 3.9817702770233154 0.8232909440994263 
v 4.734596252441406 3.9997286796569824 0.7999036908149719 
v 4.71625280380249 3.9656078815460205 0.7420204281806946 
v 4.83854341506958 3.928793430328369 0.7174638509750366 
v 4.844657897949219 3.8991622924804688 0.6046205759048462 
v 4.911917686462402 3.9530370235443115 0.6893991827964783 
v 5.003635406494141 3.979076623916626 0.7963956594467163 
v 5.058666229248047 3.9458537101745605 0.6929072737693787 
v 4.948604583740234 4.046420097351074 1.007465124130249 
v 4.722367286682129 3.9512412548065186 0.9221018552780151 
v 4.636764049530029 3.8767144680023193 0.6315158605575562 
v 5.003635406494141 3.9440579414367676 0.7110323309898376 
v 4.991406440734863 3.9117331504821777 0.6513950228691101 
v 4.722367286682129 3.8407979011535645 0.5204266905784607 
v 4.526702880859375 3.9090394973754883 0.4543578326702118 
v 4.636764049530029 3.870429039001465 0.8384925723075867 
v 4.520588397979736 3.9135289192199707 0.8408313393592834 
v 4.526702880859375 3.8821020126342773 0.8952065706253052 
v 4.655107498168945 3.9099373817443848 0.9226865172386169 
v 5.046436786651611 3.907243490219116 0.6081286668777466 
v 4.55116081237793 3.84169602394104 0.33800652623176575 
v 4.532817363739014 3.84169602394104 0.08893284201622009 
v 4.856886863708496 3.8407979011535645 0.03221888095140457 
v 4.661222457885742 3.8407979011535645 0.03221888095140457 
v 4.526702880859375 3.839900016784668 0.01877124048769474 
v 4.538931846618652 3.85426664352417 0.003569559892639518 
v 4.979177474975586 3.8354105949401855 0.41693833470344543 
v 4.960833549499512 3.839900016784668 0.12986044585704803 
v 4.954719066619873 3.9045498371124268 0.005323600023984909 
v 5.150383949279785 3.9054477214813232 0.002400200115516782 
v 5.346048355102539 3.838104248046875 0.12752172350883484 
v 5.0647807121276855 3.8443896770477295 0.3812728524208069 
v 5.021978855133057 3.8587563037872314 0.5017169117927551 
v 5.083124160766602 3.8821020126342773 0.5116564631462097 
v 5.1992998123168945 3.859654188156128 0.5192573070526123 
v 5.321590423583984 3.8246355056762695 0.5233500599861145 
v 5.394964694976807 3.8102688789367676 0.47014421224594116 
v 5.443881034851074 3.8102688789367676 0.33917587995529175 
v 5.615087509155273 3.838104248046875 0.12050555646419525 
v 5.541713237762451 3.9090394973754883 0.005908280145376921 
v 5.645659923553467 3.861449956893921 0.03865035995841026 
v 5.786293983459473 3.881204128265381 0.08016263693571091 
v 5.743492126464844 3.919814348220825 0.009416360408067703 
v 5.853553771972656 3.8946728706359863 0.010585719719529152 
v 5.865782737731934 3.863245725631714 0.06788436323404312 
v 5.786293983459473 3.8731229305267334 0.14330807328224182 
v 5.602858543395996 5.30888557434082 1.0261749029159546 
v 5.664003372192383 5.278356552124023 1.04313063621521 
v 5.67623233795166 5.290029525756836 0.9799851775169373 
v 5.792408466339111 5.199340343475342 1.0179893970489502 
v 5.804637432098389 5.238848686218262 0.925025224685669 
v 5.694576263427734 5.295416831970215 0.9577673077583313 
v 5.382735729217529 5.089795112609863 1.103352665901184 
v 5.272674083709717 5.114038467407227 1.0022029876708984 
v 5.437766075134277 5.114038467407227 1.0863969326019287 
v 5.786293983459473 5.339414596557617 0.895791232585907 
v 5.67623233795166 5.290029525756836 0.9799851775169373 
v 5.694576263427734 5.295416831970215 0.9577673077583313 
v 1.9647189378738403 3.9009580612182617 0.005323600023984909 
v 1.7629398107528687 3.8587563037872314 0.3783494532108307 
v 2.1114673614501953 3.9090394973754883 0.06846904009580612 
v 2.1664981842041016 3.9081413745880127 0.28363126516342163 
v 2.4844532012939453 3.925201892852783 0.11232004314661026 
v 2.4171934127807617 3.943160057067871 0.0012308399891480803 
v 2.8146371841430664 3.9440579414367676 0.0012308399891480803 
v 2.802408218383789 3.91622257232666 0.12986044585704803 
v 3.0041873455047607 3.868633270263672 0.007662320043891668 
v 1.8730010986328125 3.852470874786377 0.5373824238777161 
v 1.7568252086639404 3.84169602394104 0.5788946747779846 
v 1.7568252086639404 3.8336145877838135 0.7835326790809631 
v 1.9219173192977905 3.8677353858947754 0.5537534356117249 
v 2.038093090057373 3.863245725631714 0.7712544202804565 
v 2.3193609714508057 3.8892853260040283 0.5245194435119629 
v 2.447766065597534 3.881204128265381 0.7718390822410583 
v 1.7384816408157349 3.9404664039611816 0.9712149500846863 
v 1.8424285650253296 3.8937747478485107 0.9384728670120239 
v 2.062551259994507 3.9709954261779785 0.8741580843925476 
v 2.5945143699645996 3.9422621726989746 0.8648031949996948 
v 2.447766065597534 3.9171206951141357 0.5519993901252747 
v 2.3866207599639893 3.9171206951141357 0.48593056201934814 
v 2.4966821670532227 3.9054477214813232 0.5157492160797119 
v 2.429422378540039 3.9045498371124268 0.39588984847068787 
v 2.5822854042053223 3.9018561840057373 0.5479066371917725 
v 2.686232328414917 3.9135289192199707 0.3935511112213135 
v 2.7351484298706055 3.9036519527435303 0.6712741255760193 
v 2.6128580570220947 3.9225080013275146 0.6473022103309631 
v 2.5211403369903564 3.941364288330078 0.5835721492767334 
v 2.6373162269592285 3.8946728706359863 0.765992283821106 
v 2.7779500484466553 3.919814348220825 0.7537140250205994 
v 2.7534921169281006 3.9090394973754883 0.8338151574134827 
v 3.059217929840088 3.884795665740967 0.8051658272743225 
v 2.9552712440490723 3.912631034851074 0.9028074145317078 
v 3.0714471340179443 3.943160057067871 0.9109929203987122 
v 2.9675002098083496 3.9018561840057373 0.7215566039085388 
v 2.845209836959839 3.9153246879577637 0.25322791934013367 
v 2.8880114555358887 3.9009580612182617 0.17195740342140198 
v 3.059217929840088 3.9548330307006836 0.725649356842041 
v 3.0714471340179443 3.952139139175415 0.34560737013816833 
v 2.9552712440490723 3.9000601768493652 0.32748228311538696 
v 3.059217929840088 3.897366523742676 0.2286713570356369 
v 2.9552712440490723 3.907243490219116 0.13863064348697662 
v 2.998072862625122 3.8964686393737793 0.0836707204580307 
v 3.0225307941436768 3.863245725631714 0.05677543953061104 
v 3.0653324127197266 3.852470874786377 0.045081838965415955 
v 5.786293983459473 5.339414596557617 0.895791232585907 
v 5.694576263427734 5.295416831970215 0.9577673077583313 
v 5.804637432098389 5.238848686218262 0.925025224685669 
v 5.847439289093018 5.345700263977051 0.8770814538002014 
v 5.88412618637085 5.336720943450928 0.8724040389060974 
v 5.865782737731934 5.375331401824951 0.8525249361991882 
v 5.878011703491211 5.3995747566223145 0.8431700468063354 
v 5.878011703491211 5.3995747566223145 0.8431700468063354 
v 5.847439289093018 5.345700263977051 0.8770814538002014 
v 5.865782737731934 5.375331401824951 0.8525249361991882 
v 5.786293983459473 5.339414596557617 0.895791232585907 
v 5.737377643585205 5.378922939300537 0.8899444341659546 
v 5.67623233795166 5.290029525756836 0.9799851775169373 
v 5.737377643585205 5.528874397277832 0.14506211876869202 
v 5.835209846496582 5.486672401428223 0.007662320043891668 
v 5.841324806213379 5.518099308013916 0.02637208066880703 
v 3.138706684112549 5.396881103515625 1.0869816541671753 
v 3.1509358882904053 5.4193291664123535 0.7753471732139587 
v 3.1509358882904053 5.1768927574157715 1.0635943412780762 
v 3.1509358882904053 5.173300743103027 0.5835721492767334 
v 3.157050371170044 5.4193291664123535 0.5479066371917725 
v 3.1509358882904053 5.247827529907227 0.3596396744251251 
v 3.1509358882904053 5.412145614624023 0.34619203209877014 
v 3.1631648540496826 5.516303539276123 0.27778446674346924 
v 3.157050371170044 5.429205894470215 0.029295479878783226 
v 3.157050371170044 5.523487091064453 0.07256180047988892 
v 3.157050371170044 5.522589206695557 0.004154239781200886 
v 3.1509358882904053 5.497447490692139 1.0355297327041626 
v 3.1509358882904053 5.519895076751709 0.8525249361991882 
v 3.2181954383850098 5.535160064697266 0.7601454854011536 
v 3.157050371170044 5.177790641784668 0.02578740008175373 
v 3.1509358882904053 4.983841419219971 0.5660316944122314 
v 3.1509358882904053 4.772831916809082 0.9314567446708679 
v 3.157050371170044 4.886866569519043 0.12869107723236084 
v 3.1509358882904053 4.601330280303955 1.0589169263839722 
v 3.157050371170044 3.9108352661132812 0.34092992544174194 
v 3.157050371170044 4.116457462310791 0.12576767802238464 
v 3.1631648540496826 3.861449956893921 0.17721952497959137 
v 3.2181954383850098 3.9171206951141357 0.0012308399891480803 
v 3.2059664726257324 5.095182418823242 1.115630865097046 
v 3.1509358882904053 4.897641658782959 0.9671221971511841 
v 3.212080955505371 4.704590320587158 1.092828392982483 
v 3.1815083026885986 3.87402081489563 0.2947402000427246 
v 3.236539125442505 3.861449956893921 0.4508497714996338 
v 3.17539381980896 3.870429039001465 0.6788749694824219 
v 3.1631648540496826 3.882999897003174 0.7782705426216125 
v 3.157050371170044 3.895570755004883 0.582402765750885 
v 3.157050371170044 4.093111515045166 0.9028074145317078 
v 3.157050371170044 4.444195747375488 1.0466387271881104 
v 3.157050371170044 4.254735946655273 1.0507314205169678 
v 3.157050371170044 4.34991455078125 1.061255693435669 
v 3.1876230239868164 4.463051795959473 1.0764573812484741 
v 3.1509358882904053 3.888387441635132 0.8519402146339417 
v 3.157050371170044 4.021278381347656 0.9864166378974915 
v 3.1448211669921875 3.9458537101745605 0.9583520293235779 
v 3.1876230239868164 4.196371555328369 1.0536547899246216 
v 5.847439289093018 5.345700263977051 0.8770814538002014 
v 5.88412618637085 5.336720943450928 0.8724040389060974 
v 5.88412618637085 5.280152320861816 0.9665375351905823 
v 6.29991340637207 3.8372063636779785 0.3619784116744995 
v 6.208195686340332 3.8407979011535645 0.34619203209877014 
v 6.269340991973877 3.8246355056762695 0.3578856289386749 
v 5.957500457763672 4.816829204559326 0.043327800929546356 
v 5.939157009124756 4.797973155975342 0.07256180047988892 
v 5.939157009124756 4.868908405303955 0.021694639697670937 
v 5.841324806213379 3.8605520725250244 0.14155404269695282 
v 5.786293983459473 3.8731229305267334 0.14330807328224182 
v 5.71291971206665 3.84169602394104 0.13979999721050262 
v 6.1715087890625 3.834512710571289 0.25498196482658386 
v 6.208195686340332 3.8407979011535645 0.34619203209877014 
v 6.269340991973877 3.84169602394104 0.47716036438941956 
v 4.795741558074951 4.715365409851074 1.0092191696166992 
v 4.918032169342041 4.595942974090576 1.1220624446868896 
v 4.814085006713867 4.6058197021484375 1.0109732151031494 
v 4.844657897949219 4.540272235870361 1.0413765907287598 
v 4.722367286682129 3.9512412548065186 0.9221018552780151 
v 4.734596252441406 3.9997286796569824 0.7999036908149719 
v 4.636764049530029 3.870429039001465 0.8384925723075867 
v 4.71625280380249 3.9656078815460205 0.7420204281806946 
v 4.636764049530029 3.8767144680023193 0.6315158605575562 
v 5.254330635070801 4.894050121307373 1.0472233295440674 
v 5.235987186431885 4.8608269691467285 1.0828888416290283 
v 5.3399338722229 4.930864334106445 1.1226470470428467 
v 4.471672058105469 4.584270000457764 1.0963364839553833 
v 4.46555757522583 4.71895694732666 1.0185739994049072 
v 4.471672058105469 4.602228164672852 0.8425853848457336 
v 4.46555757522583 4.82042121887207 0.6309311985969543 
v 4.471672058105469 4.637246608734131 0.10413452237844467 
v 4.477786540985107 4.931762218475342 0.5701245069503784 
v 4.477786540985107 5.436389446258545 0.35379287600517273 
v 4.471672058105469 5.122119903564453 0.6572418212890625 
v 4.477786540985107 5.459734916687012 0.557846188545227 
v 4.471672058105469 5.447164535522461 0.7484518885612488 
v 4.3982977867126465 5.547730445861816 0.7542986869812012 
v 4.471672058105469 5.541445255279541 0.848432183265686 
v 4.471672058105469 5.432797908782959 0.9419809579849243 
v 4.441099643707275 5.458837032318115 0.9612753987312317 
v 4.459443092346191 5.332231521606445 1.0349451303482056 
v 4.46555757522583 5.228971481323242 1.079380750656128 
v 4.471672058105469 5.102365970611572 0.9852472543716431 
v 4.392183303833008 5.096080303192139 1.0910743474960327 
v 4.46555757522583 4.224206924438477 1.0595016479492188 
v 4.392183303833008 5.539649486541748 0.3573009669780731 
v 4.477786540985107 5.5567097663879395 0.25088921189308167 
v 4.477786540985107 5.376229286193848 0.021694639697670937 
v 4.471672058105469 5.439083099365234 0.021694639697670937 
v 4.471672058105469 5.509120464324951 0.02637208066880703 
v 4.471672058105469 5.284642219543457 0.024033360183238983 
v 4.471672058105469 5.225379943847656 0.021109959110617638 
v 4.477786540985107 5.1553425788879395 0.02637208066880703 
v 4.471672058105469 5.086203098297119 0.024618040770292282 
v 4.471672058105469 5.004493236541748 0.021109959110617638 
v 4.471672058105469 4.929966449737549 0.01935591921210289 
v 4.46555757522583 4.88507080078125 0.029880160465836525 
v 4.471672058105469 4.796177387237549 0.023448679596185684 
v 4.46555757522583 4.709977626800537 0.03514228016138077 
v 4.46555757522583 4.592350959777832 0.028126120567321777 
v 4.471672058105469 4.4810099601745605 0.021694639697670937 
v 4.471672058105469 4.381341457366943 0.014678480103611946 
v 4.471672058105469 4.157761096954346 0.00824700016528368 
v 4.471672058105469 3.970097541809082 0.8086739182472229 
v 4.459443092346191 3.961118221282959 0.9472430944442749 
v 4.46555757522583 3.9018561840057373 0.8905290961265564 
v 4.404412269592285 3.8803062438964844 0.7858713865280151 
v 4.471672058105469 3.95573091506958 0.4368174374103546 
v 4.404412269592285 3.8443896770477295 0.4356480836868286 
v 4.471672058105469 3.859654188156128 0.32280483841896057 
v 4.471672058105469 3.979076623916626 0.006492959801107645 
v 4.471672058105469 3.84169602394104 0.07256180047988892 
v 4.471672058105469 3.839900016784668 0.003569559892639518 
v 4.471672058105469 5.004493236541748 0.021109959110617638 
v 4.471672058105469 5.225379943847656 0.021109959110617638 
v 4.471672058105469 4.929966449737549 0.01935591921210289 
v 4.294351100921631 5.009880542755127 0.04858991876244545 
v 4.386068820953369 4.876091480255127 0.037480998784303665 
v 4.21486234664917 4.847358703613281 0.02637208066880703 
v 4.46555757522583 4.709977626800537 0.03514228016138077 
v 4.135373592376709 4.5079474449157715 0.015847839415073395 
v 4.46555757522583 4.592350959777832 0.028126120567321777 
v 4.471672058105469 4.381341457366943 0.014678480103611946 
v 4.471672058105469 4.4810099601745605 0.021694639697670937 
v 4.46555757522583 4.88507080078125 0.029880160465836525 
v 4.471672058105469 4.796177387237549 0.023448679596185684 
v 4.233205795288086 5.169709205627441 0.01994059979915619 
v 4.471672058105469 4.261919021606445 0.011755079962313175 
v 4.471672058105469 4.157761096954346 0.00824700016528368 
v 4.269893169403076 3.9045498371124268 0.007077639922499657 
v 4.000854015350342 3.9054477214813232 0.007077639922499657 
v 3.805189371109009 4.101192951202393 0.0123397596180439 
v 3.805189371109009 3.839900016784668 0.13102979958057404 
v 3.4138600826263428 3.843491792678833 0.12576767802238464 
v 3.450547218322754 4.142496585845947 -0.008124040439724922 
v 3.2181954383850098 3.9171206951141357 0.0012308399891480803 
v 3.157050371170044 4.116457462310791 0.12576767802238464 
v 3.157050371170044 4.886866569519043 0.12869107723236084 
v 3.407745599746704 4.8877644538879395 0.03163420036435127 
v 3.2181954383850098 5.082611560821533 0.002400200115516782 
v 3.157050371170044 5.177790641784668 0.02578740008175373 
v 3.1815083026885986 5.422022819519043 0.00824700016528368 
v 3.157050371170044 5.429205894470215 0.029295479878783226 
v 3.157050371170044 5.522589206695557 0.004154239781200886 
v 3.273226261138916 5.5189971923828125 0.016432520002126694 
v 3.407745599746704 5.474101543426514 0.02695675939321518 
v 3.8174185752868652 4.868908405303955 0.05736012011766434 
v 4.3616108894348145 3.8605520725250244 0.010585719719529152 
v 4.471672058105469 3.839900016784668 0.003569559892639518 
v 4.471672058105469 3.979076623916626 0.006492959801107645 
v 4.471672058105469 4.05719518661499 0.007077639922499657 
v 4.000854015350342 5.475897789001465 0.017601879313588142 
v 4.471672058105469 5.284642219543457 0.024033360183238983 
v 4.471672058105469 5.509120464324951 0.02637208066880703 
v 3.805189371109009 5.282846450805664 0.021109959110617638 
v 3.603410243988037 5.478591442108154 0.03981972113251686 
v 3.805189371109009 5.536057949066162 0.1555863618850708 
v 1.8424285650253296 3.8937747478485107 0.9384728670120239 
v 1.7384816408157349 3.9404664039611816 0.9712149500846863 
v 2.062551259994507 3.9709954261779785 0.8741580843925476 
v 1.854657530784607 4.152373790740967 0.9887553453445435 
v 2.154268980026245 4.198167324066162 0.9355494976043701 
v 2.5945143699645996 3.9422621726989746 0.8648031949996948 
v 1.7384816408157349 4.098498821258545 1.025005578994751 
v 1.7935123443603516 4.233185768127441 0.9706302881240845 
v 1.7323671579360962 4.164046764373779 1.0086344480514526 
v 1.7629398107528687 4.235879898071289 0.9887553453445435 
v 1.7262526750564575 4.212533950805664 0.9747230410575867 
v 1.7384816408157349 4.426237106323242 0.9776464104652405 
v 1.8179703950881958 4.334650039672852 0.9870012998580933 
v 1.824084997177124 4.256531715393066 1.0098038911819458 
v 1.8668866157531738 4.316691875457764 1.0109732151031494 
v 1.8668866157531738 4.246654510498047 1.0519007444381714 
v 1.8974591493606567 4.332854270935059 1.0290982723236084 
v 1.9647189378738403 4.326569080352783 1.04313063621521 
v 1.8791155815124512 4.401993751525879 1.0039570331573486 
v 1.903573751449585 4.443297386169434 1.0314370393753052 
v 1.8974591493606567 4.601330280303955 1.0062958002090454 
v 1.9586044549942017 4.432522773742676 1.0320216417312622 
v 1.9463753700256348 4.398401737213135 1.0355297327041626 
v 1.9891769886016846 4.422645568847656 1.0536547899246216 
v 2.154268980026245 4.449583053588867 1.056578278541565 
v 2.2643303871154785 4.3490166664123535 1.0203280448913574 
v 2.845209836959839 4.337343692779541 1.025005578994751 
v 3.034759998321533 4.1191511154174805 1.0179893970489502 
v 2.9552712440490723 3.912631034851074 0.9028074145317078 
v 3.0714471340179443 3.943160057067871 0.9109929203987122 
v 1.7690542936325073 4.81323766708374 0.9864166378974915 
v 3.0714471340179443 4.32477331161499 0.9203478097915649 
v 3.0653324127197266 4.715365409851074 0.9332107305526733 
v 2.7534921169281006 4.609411716461182 1.0513161420822144 
v 2.21541428565979 4.693815231323242 1.0326063632965088 
v 2.1420400142669678 4.621982097625732 1.034360408782959 
v 2.056436777114868 4.652511119842529 1.0355297327041626 
v 2.019749641418457 4.529497146606445 1.04313063621521 
v 2.038093090057373 4.928170680999756 1.0191587209701538 
v 2.3193609714508057 4.815033435821533 1.020912766456604 
v 2.5150256156921387 4.938945770263672 1.0290982723236084 
v 2.588399887084961 5.050286769866943 1.020912766456604 
v 2.5150256156921387 4.995513916015625 1.0144813060760498 
v 2.4416515827178955 4.8967437744140625 1.029682993888855 
v 2.21541428565979 5.1266093254089355 1.0238361358642578 
v 1.7629398107528687 5.343006610870361 1.0290982723236084 
v 2.117581844329834 5.528874397277832 1.002787709236145 
v 1.8607721328735352 5.55401611328125 0.9922634363174438 
v 1.7629398107528687 5.547730445861816 1.0045417547225952 
v 2.2887885570526123 5.400472640991211 0.994017481803894 
v 2.5822854042053223 5.227175712585449 1.0238361358642578 
v 2.6923468112945557 5.1391801834106445 1.0413765907287598 
v 2.8085227012634277 5.091590881347656 1.0407918691635132 
v 2.6801178455352783 5.240644454956055 1.034360408782959 
v 2.6556596755981445 5.478591442108154 0.9887553453445435 
v 2.5027966499328613 5.525282859802246 0.98934006690979 
v 2.7534921169281006 5.587238788604736 0.9191784262657166 
v 2.8757824897766113 5.471407890319824 1.0010336637496948 
v 2.9124696254730225 5.516303539276123 0.9513358473777771 
v 2.3193609714508057 5.592626094818115 0.8800048828125 
v 3.059217929840088 5.480387210845947 1.0138965845108032 
v 2.943042039871216 5.4067583084106445 1.0185739994049072 
v 2.863553285598755 5.328639984130859 1.0355297327041626 
v 3.059217929840088 5.414839267730713 1.04313063621521 
v 2.943042039871216 5.328639984130859 1.0606709718704224 
v 3.0103018283843994 5.2496232986450195 1.079380750656128 
v 3.016416311264038 4.9075188636779785 1.0682718753814697 
v 2.7901790142059326 5.280152320861816 1.0419611930847168 
v 4.532817363739014 5.3852081298828125 0.021109959110617638 
v 4.538931846618652 5.480387210845947 0.01935591921210289 
v 4.526702880859375 5.495651721954346 0.27076831459999084 
v 4.557275295257568 5.55401611328125 0.21639308333396912 
v 4.526702880859375 5.234358787536621 0.03865035995841026 
v 4.545046329498291 5.2496232986450195 0.01935591921210289 
v 4.532817363739014 5.096978187561035 0.022864000871777534 
v 4.526702880859375 5.003595352172852 0.03455759957432747 
v 4.526702880859375 4.899437427520752 0.03338823840022087 
v 4.538931846618652 4.921885013580322 0.01117040030658245 
v 4.538931846618652 4.81593132019043 0.01994059979915619 
v 4.520588397979736 4.798871040344238 0.04215843975543976 
v 4.532817363739014 4.678550720214844 0.017601879313588142 
v 4.526702880859375 4.612105369567871 0.04098907858133316 
v 4.538931846618652 4.536680698394775 0.024618040770292282 
v 4.526702880859375 4.51602840423584 0.043327800929546356 
v 4.526702880859375 4.3867292404174805 0.01526315975934267 
v 4.526702880859375 4.29514217376709 0.025202719494700432 
v 4.538931846618652 4.228696346282959 0.006492959801107645 
v 4.526702880859375 4.157761096954346 0.023448679596185684 
v 4.526702880859375 4.078744888305664 0.00824700016528368 
v 4.526702880859375 3.9063456058502197 0.14272339642047882 
v 4.526702880859375 3.9530370235443115 0.006492959801107645 
v 4.532817363739014 3.84169602394104 0.08893284201622009 
v 4.526702880859375 3.839900016784668 0.01877124048769474 
v 4.538931846618652 3.85426664352417 0.003569559892639518 
v 4.520588397979736 4.16135311126709 1.0513161420822144 
v 4.526702880859375 3.9090394973754883 0.4543578326702118 
v 4.520588397979736 3.9135289192199707 0.8408313393592834 
v 4.557275295257568 3.9458537101745605 0.9513358473777771 
v 4.526702880859375 3.8821020126342773 0.8952065706253052 
v 4.55116081237793 3.84169602394104 0.33800652623176575 
v 4.520588397979736 4.2260026931762695 1.0583323240280151 
v 4.526702880859375 4.444195747375488 0.8262143135070801 
v 4.526702880859375 4.7378129959106445 0.5701245069503784 
v 4.520588397979736 4.377749919891357 1.065933108329773 
v 4.520588397979736 4.6147990226745605 1.0630097389221191 
v 4.520588397979736 4.7485880851745605 0.9641988277435303 
v 4.557275295257568 4.736915111541748 1.112122893333435 
v 4.55116081237793 5.18497371673584 1.074703335762024 
v 4.520588397979736 5.229869365692139 1.0372837781906128 
v 4.50224494934082 5.38071870803833 0.9975255727767944 
v 4.526702880859375 5.434593677520752 0.927363932132721 
v 4.496129989624023 5.470510005950928 0.9466583728790283 
v 4.520588397979736 5.495651721954346 0.9028074145317078 
v 4.569504261016846 5.547730445861816 0.7484518885612488 
v 4.569504261016846 5.566586971282959 0.5590155720710754 
v 4.532817363739014 5.101468086242676 0.4485110342502594 
v 4.526702880859375 4.906620502471924 0.5835721492767334 
v 4.526702880859375 5.055674076080322 0.6373626589775085 
v 4.526702880859375 5.205625534057617 0.741435706615448 
v 3.0103018283843994 5.300804615020752 -0.006954680196940899 
v 3.0714471340179443 5.107753276824951 0.13219915330410004 
v 3.0714471340179443 5.400472640991211 0.04098907858133316 
v 3.0714471340179443 5.501936912536621 0.17312675714492798 
v 2.998072862625122 5.520793437957764 -0.005785319954156876 
v 3.0714471340179443 5.503732681274414 0.5438138842582703 
v 3.0714471340179443 4.850950241088867 0.40056729316711426 
v 2.8146371841430664 4.720752716064453 -0.00461596017703414 
v 3.0714471340179443 4.334650039672852 0.13921532034873962 
v 3.0714471340179443 4.32477331161499 0.9203478097915649 
v 3.0653324127197266 4.715365409851074 0.9332107305526733 
v 3.0653324127197266 5.299008846282959 0.9519205093383789 
v 3.016416311264038 4.9075188636779785 1.0682718753814697 
v 3.0103018283843994 5.2496232986450195 1.079380750656128 
v 3.059217929840088 5.414839267730713 1.04313063621521 
v 3.0653324127197266 5.501039028167725 0.9431503415107727 
v 3.059217929840088 5.480387210845947 1.0138965845108032 
v 3.0103018283843994 4.137109279632568 0.0012308399891480803 
v 3.0653324127197266 4.055399417877197 0.04742056131362915 
v 3.0714471340179443 3.952139139175415 0.34560737013816833 
v 3.0653324127197266 3.852470874786377 0.045081838965415955 
v 3.059217929840088 3.897366523742676 0.2286713570356369 
v 3.059217929840088 3.9548330307006836 0.725649356842041 
v 3.034759998321533 4.1191511154174805 1.0179893970489502 
v 3.0714471340179443 3.943160057067871 0.9109929203987122 
v 3.059217929840088 3.884795665740967 0.8051658272743225 
v 4.46555757522583 3.9018561840057373 0.8905290961265564 
v 4.404412269592285 3.8803062438964844 0.7858713865280151 
v 4.3982977867126465 3.8910810947418213 0.8852670192718506 
v 4.34326696395874 3.9081413745880127 0.8800048828125 
v 4.239320278167725 3.8919789791107178 0.8256296515464783 
v 4.172060489654541 3.9512412548065186 0.9542592167854309 
v 4.196518898010254 3.9135289192199707 0.8069198727607727 
v 4.165946006774902 3.863245725631714 0.42044639587402344 
v 4.239320278167725 3.8407979011535645 0.3023410439491272 
v 4.404412269592285 3.8443896770477295 0.4356480836868286 
v 4.453328609466553 3.84169602394104 0.20002204179763794 
v 4.471672058105469 3.859654188156128 0.32280483841896057 
v 4.471672058105469 3.84169602394104 0.07256180047988892 
v 4.276007652282715 3.8407979011535645 0.11582811921834946 
v 4.459443092346191 3.961118221282959 0.9472430944442749 
v 4.471672058105469 3.839900016784668 0.003569559892639518 
v 4.3616108894348145 3.8605520725250244 0.010585719719529152 
v 4.269893169403076 3.9045498371124268 0.007077639922499657 
v 3.805189371109009 3.839900016784668 0.13102979958057404 
v 4.000854015350342 3.9054477214813232 0.007077639922499657 
v 3.0714471340179443 5.309783458709717 0.7408510446548462 
v 2.9124696254730225 5.527078628540039 0.7192178964614868 
v 4.21486234664917 3.850675106048584 0.2988329529762268 
v 4.043655872344971 3.8569605350494385 0.441494882106781 
v 4.037541389465332 3.8919789791107178 0.6853064298629761 
v 3.9335944652557373 3.866837501525879 0.5017169117927551 
v 3.5972957611083984 3.843491792678833 0.40699875354766846 
v 3.4138600826263428 3.843491792678833 0.12576767802238464 
v 3.994739532470703 3.9745869636535645 1.0156506299972534 
v 4.123144626617432 3.9548330307006836 0.9887553453445435 
v 3.915250778198242 3.962914228439331 0.9332107305526733 
v 3.8724491596221924 4.053603172302246 1.0062958002090454 
v 3.8663346767425537 3.9889535903930664 0.9168397188186646 
v 3.7501587867736816 4.023074150085449 0.9595213532447815 
v 3.8907926082611084 3.9368746280670166 0.7689156532287598 
v 3.8541057109832764 3.882999897003174 0.5297815799713135 
v 3.5911812782287598 3.8803062438964844 0.6016972064971924 
v 3.725700616836548 3.9260997772216797 0.734419584274292 
v 3.7501587867736816 3.9745869636535645 0.8519402146339417 
v 3.701242685317993 3.970097541809082 0.8969606161117554 
v 3.6584410667419434 3.977280855178833 0.9425656199455261 
v 3.609524726867676 3.98805570602417 0.9712149500846863 
v 3.5728375911712646 3.9476497173309326 0.9185937643051147 
v 3.4750053882598877 3.884795665740967 0.7063549160957336 
v 3.17539381980896 3.870429039001465 0.6788749694824219 
v 3.236539125442505 3.861449956893921 0.4508497714996338 
v 3.157050371170044 3.895570755004883 0.582402765750885 
v 3.157050371170044 3.9108352661132812 0.34092992544174194 
v 3.1815083026885986 3.87402081489563 0.2947402000427246 
v 3.1631648540496826 3.861449956893921 0.17721952497959137 
v 3.2181954383850098 3.9171206951141357 0.0012308399891480803 
v 3.5361504554748535 3.970097541809082 0.9823238849639893 
v 3.4138600826263428 3.9332830905914307 0.8800048828125 
v 3.4811198711395264 4.022176265716553 1.012142539024353 
v 3.2854552268981934 3.961118221282959 0.9671221971511841 
v 3.316027879714966 3.8946728706359863 0.8075045347213745 
v 3.2426536083221436 3.9296913146972656 0.9028074145317078 
v 3.1631648540496826 3.882999897003174 0.7782705426216125 
v 3.1509358882904053 3.888387441635132 0.8519402146339417 
v 3.2243099212646484 3.923405885696411 0.925025224685669 
v 3.1448211669921875 3.9458537101745605 0.9583520293235779 
v 4.471672058105469 5.439083099365234 0.021694639697670937 
v 4.471672058105469 5.284642219543457 0.024033360183238983 
v 4.471672058105469 5.509120464324951 0.02637208066880703 
v 4.477786540985107 5.376229286193848 0.021694639697670937 
v 4.471672058105469 5.439083099365234 0.021694639697670937 
v 4.471672058105469 5.284642219543457 0.024033360183238983 
v 4.856886863708496 4.109273910522461 0.9449043869972229 
v 4.7529401779174805 4.05988883972168 1.0098038911819458 
v 4.820199966430664 4.085928440093994 0.9215171337127686 
v 4.948604583740234 4.046420097351074 1.007465124130249 
v 4.936375617980957 4.021278381347656 0.9536745548248291 
v 4.856886863708496 4.109273910522461 0.9449043869972229 
v 4.814085006713867 4.02756404876709 0.8677266240119934 
v 4.820199966430664 4.085928440093994 0.9215171337127686 
v 4.722367286682129 3.9512412548065186 0.9221018552780151 
v 4.7529401779174805 4.05988883972168 1.0098038911819458 
v 4.655107498168945 3.9099373817443848 0.9226865172386169 
v 4.814085006713867 4.02756404876709 0.8677266240119934 
v 4.820199966430664 4.085928440093994 0.9215171337127686 
v 4.936375617980957 4.021278381347656 0.9536745548248291 
v 4.856886863708496 4.109273910522461 0.9449043869972229 
v 5.321590423583984 3.8246355056762695 0.5233500599861145 
v 5.083124160766602 3.8821020126342773 0.5116564631462097 
v 5.1992998123168945 3.859654188156128 0.5192573070526123 
v 4.147602558135986 4.08233642578125 1.0174046754837036 
v 4.117030143737793 4.0248703956604 1.0290982723236084 
v 4.135373592376709 4.047317981719971 0.9998642802238464 
v 4.172060489654541 3.9512412548065186 0.9542592167854309 
v 4.123144626617432 3.9548330307006836 0.9887553453445435 
v 4.34326696395874 3.9081413745880127 0.8800048828125 
v 4.3982977867126465 3.8910810947418213 0.8852670192718506 
v 4.459443092346191 3.961118221282959 0.9472430944442749 
v 4.46555757522583 3.9018561840057373 0.8905290961265564 
v 2.8757824897766113 5.471407890319824 1.0010336637496948 
v 3.059217929840088 5.480387210845947 1.0138965845108032 
v 2.9124696254730225 5.516303539276123 0.9513358473777771 
v 3.0653324127197266 5.501039028167725 0.9431503415107727 
v 2.9124696254730225 5.527078628540039 0.7192178964614868 
v 2.7534921169281006 5.587238788604736 0.9191784262657166 
v 2.7168049812316895 5.523487091064453 0.4993782043457031 
v 2.5150256156921387 5.571974277496338 0.7040162086486816 
v 2.46610951423645 5.596218109130859 0.3502848148345947 
v 2.3193609714508057 5.592626094818115 0.8800048828125 
v 1.7690542936325073 5.578259468078613 0.7689156532287598 
v 2.0136351585388184 5.578259468078613 0.9548439383506775 
v 1.7690542936325073 5.552220344543457 0.9051461219787598 
v 1.8607721328735352 5.55401611328125 0.9922634363174438 
v 1.7996268272399902 5.564790725708008 0.9554286003112793 
v 1.7629398107528687 5.547730445861816 1.0045417547225952 
v 3.0714471340179443 5.503732681274414 0.5438138842582703 
v 2.5027966499328613 5.525282859802246 0.98934006690979 
v 2.117581844329834 5.528874397277832 1.002787709236145 
v 1.8179703950881958 5.55401611328125 0.25498196482658386 
v 1.7507107257843018 5.545934677124023 0.32631292939186096 
v 1.7507107257843018 5.498345375061035 0.12693704664707184 
v 1.854657530784607 5.5189971923828125 0.06437627971172333 
v 1.7812833786010742 5.510916233062744 -0.004031280055642128 
v 1.8607721328735352 5.507324695587158 -0.0016925600357353687 
v 1.983062505722046 5.5333638191223145 -0.0034465999342501163 
v 1.9769479036331177 5.560301303863525 0.07782392203807831 
v 2.080894708633423 5.5513224601745605 -0.0022772399242967367 
v 2.21541428565979 5.568382740020752 0.12576767802238464 
v 2.154268980026245 5.547730445861816 -0.00987808033823967 
v 2.252101421356201 5.562097072601318 -0.006954680196940899 
v 2.349933624267578 5.557607650756836 -0.005200639832764864 
v 2.447766065597534 5.557607650756836 -0.007539359852671623 
v 2.5211403369903564 5.566586971282959 0.09419496357440948 
v 2.527254819869995 5.5549139976501465 -0.0022772399242967367 
v 2.643430709838867 5.552220344543457 -0.006370000075548887 
v 2.7351484298706055 5.5513224601745605 -0.011632120236754417 
v 2.7596065998077393 5.584545135498047 0.2865546941757202 
v 3.0041873455047607 5.520793437957764 0.2356875240802765 
v 3.0714471340179443 5.501936912536621 0.17312675714492798 
v 2.998072862625122 5.520793437957764 -0.005785319954156876 
v 2.9491565227508545 5.522589206695557 -0.0016925600357353687 
v 2.845209836959839 5.5315680503845215 -0.012216799892485142 
v 2.8757824897766113 5.54683256149292 0.07314647734165192 
v 1.4449846744537354 5.541445255279541 0.9051461219787598 
v 1.6467639207839966 5.315171241760254 1.0273442268371582 
v 1.0536553859710693 5.281050682067871 1.0103884935379028 
v 1.4816718101501465 4.900335311889648 0.9571826457977295 
v 1.6895655393600464 4.970372676849365 0.9846625924110413 
v 1.6467639207839966 4.797075271606445 0.9840779304504395 
v 1.6834510564804077 4.789892196655273 0.9688762426376343 
v 1.695680022239685 4.608513832092285 0.9747230410575867 
v 1.6345348358154297 4.365179061889648 0.9981102347373962 
v 1.6834510564804077 4.307712554931641 0.9688762426376343 
v 1.6345348358154297 4.112865447998047 1.0495620965957642 
v 1.6834510564804077 4.05270528793335 1.0133118629455566 
v 1.5305880308151245 3.9512412548065186 1.0536547899246216 
v 1.6161912679672241 3.9018561840057373 1.0314370393753052 
v 1.4816718101501465 3.907243490219116 1.016819953918457 
v 1.3104653358459473 3.930589199066162 1.0396225452423096 
v 1.4388701915740967 4.11196756362915 1.0583323240280151 
v 1.432755708694458 4.516926288604736 0.9443196654319763 
v 1.041426420211792 4.4971723556518555 1.0542395114898682 
v 1.695680022239685 5.322354316711426 0.9823238849639893 
v 1.695680022239685 5.416635513305664 0.8963758945465088 
v 1.7017945051193237 3.9054477214813232 0.9934328198432922 
v 1.041426420211792 4.105682373046875 1.0630097389221191 
v 0.6439825892448425 4.4828057289123535 1.0653483867645264 
v 0.6378681063652039 3.8964686393737793 1.070610523223877 
v 1.041426420211792 3.838104248046875 0.9565979838371277 
v 0.6439825892448425 4.881479263305664 1.0595016479492188 
v 0.650097131729126 5.281050682067871 1.0542395114898682 
v 0.650097131729126 5.518099308013916 0.9314567446708679 
v 0.45443248748779297 5.483080863952637 1.0893203020095825 
v 0.45443248748779297 5.284642219543457 1.0600863695144653 
v 0.3627146780490875 5.407656192779541 1.0811347961425781 
v 0.3688291907310486 5.2837443351745605 0.9782311320304871 
v 0.35660016536712646 4.946128845214844 0.9910940527915955 
v 0.45443248748779297 5.084407329559326 1.0741186141967773 
v 0.35660016536712646 4.314896106719971 0.9858319759368896 
v 0.4483179748058319 4.28795862197876 1.0630097389221191 
v 0.35660016536712646 4.137109279632568 1.0548242330551147 
v 0.38717275857925415 3.814758539199829 1.0665178298950195 
v 0.35660016536712646 3.812962770462036 1.043715238571167 
v 0.5094631314277649 3.8138606548309326 1.0425459146499634 
v 1.7507107257843018 5.188565254211426 0.0123397596180439 
v 1.7507107257843018 5.096080303192139 0.11232004314661026 
v 1.824084997177124 5.085305213928223 -0.005785319954156876 
v 1.8301994800567627 4.8967437744140625 -0.005200639832764864 
v 1.7507107257843018 4.706386089324951 0.10764259845018387 
v 1.7568252086639404 4.449583053588867 0.5788946747779846 
v 1.7507107257843018 4.313998222351074 0.11173535883426666 
v 1.7507107257843018 4.1155595779418945 0.11641280353069305 
v 1.8301994800567627 4.1191511154174805 0.0018155199941247702 
v 1.7507107257843018 4.02038049697876 0.017017200589179993 
v 1.7507107257843018 3.8821020126342773 0.007077639922499657 
v 1.7568252086639404 3.8749186992645264 0.3649018108844757 
v 1.7629398107528687 3.8587563037872314 0.3783494532108307 
v 1.7568252086639404 3.84169602394104 0.5788946747779846 
v 1.7568252086639404 3.9566287994384766 0.6882298588752747 
v 1.7568252086639404 3.8336145877838135 0.7835326790809631 
v 1.7568252086639404 3.9889535903930664 0.8741580843925476 
v 1.7384816408157349 3.9404664039611816 0.9712149500846863 
v 1.7568252086639404 4.123640537261963 0.9758924245834351 
v 1.7384816408157349 4.098498821258545 1.025005578994751 
v 1.7323671579360962 4.164046764373779 1.0086344480514526 
v 1.7262526750564575 4.212533950805664 0.9747230410575867 
v 1.7568252086639404 4.424441337585449 0.9419809579849243 
v 1.7629398107528687 5.201136112213135 0.6806290149688721 
v 1.7690542936325073 4.81323766708374 0.9864166378974915 
v 1.7629398107528687 5.343006610870361 1.0290982723236084 
v 1.7690542936325073 5.360066890716553 0.8343998193740845 
v 1.7629398107528687 5.547730445861816 1.0045417547225952 
v 1.7690542936325073 5.552220344543457 0.9051461219787598 
v 1.7690542936325073 5.578259468078613 0.7689156532287598 
v 1.7507107257843018 5.545934677124023 0.32631292939186096 
v 1.7507107257843018 5.41304349899292 -0.006370000075548887 
v 1.7384816408157349 4.426237106323242 0.9776464104652405 
v 1.7507107257843018 5.498345375061035 0.12693704664707184 
v 1.7812833786010742 5.510916233062744 -0.004031280055642128 
v 3.0714471340179443 5.400472640991211 0.04098907858133316 
v 3.0103018283843994 5.300804615020752 -0.006954680196940899 
v 2.998072862625122 5.520793437957764 -0.005785319954156876 
v 2.845209836959839 5.5315680503845215 -0.012216799892485142 
v 2.8146371841430664 5.12032413482666 -0.005200639832764864 
v 2.643430709838867 5.552220344543457 -0.006370000075548887 
v 2.4233078956604004 5.370841979980469 -0.020987000316381454 
v 2.527254819869995 5.5549139976501465 -0.0022772399242967367 
v 2.447766065597534 5.557607650756836 -0.007539359852671623 
v 2.349933624267578 5.557607650756836 -0.005200639832764864 
v 2.252101421356201 5.562097072601318 -0.006954680196940899 
v 1.824084997177124 5.085305213928223 -0.005785319954156876 
v 2.154268980026245 5.547730445861816 -0.00987808033823967 
v 3.0714471340179443 5.107753276824951 0.13219915330410004 
v 2.8146371841430664 4.720752716064453 -0.00461596017703414 
v 2.0319786071777344 4.71177339553833 -0.011632120236754417 
v 1.8301994800567627 4.8967437744140625 -0.005200639832764864 
v 1.7507107257843018 4.706386089324951 0.10764259845018387 
v 2.0258641242980957 4.31758975982666 -0.0022772399242967367 
v 1.7507107257843018 4.313998222351074 0.11173535883426666 
v 1.8301994800567627 4.1191511154174805 0.0018155199941247702 
v 2.160383462905884 4.058093070983887 0.00006148000102257356 
v 1.7507107257843018 3.8821020126342773 0.007077639922499657 
v 1.9647189378738403 3.9009580612182617 0.005323600023984909 
v 2.1114673614501953 3.9090394973754883 0.06846904009580612 
v 2.4171934127807617 3.943160057067871 0.0012308399891480803 
v 2.8146371841430664 3.9440579414367676 0.0012308399891480803 
v 2.8146371841430664 4.332854270935059 0.0018155199941247702 
v 3.0103018283843994 4.137109279632568 0.0012308399891480803 
v 3.0714471340179443 4.334650039672852 0.13921532034873962 
v 2.7351484298706055 5.5513224601745605 -0.011632120236754417 
v 1.7507107257843018 4.02038049697876 0.017017200589179993 
v 3.0041873455047607 3.868633270263672 0.007662320043891668 
v 3.0653324127197266 4.055399417877197 0.04742056131362915 
v 3.0653324127197266 3.852470874786377 0.045081838965415955 
v 1.628420352935791 5.5405473709106445 0.3175427317619324 
v 1.6467639207839966 5.500141143798828 -0.0034465999342501163 
v 1.6773364543914795 5.342108726501465 0.1462314873933792 
v 1.6712219715118408 5.471407890319824 -0.006370000075548887 
v 1.6773364543914795 5.333129405975342 0.03514228016138077 
v 1.6773364543914795 5.167015552520752 0.12927575409412384 
v 1.6100767850875854 5.169709205627441 -0.005785319954156876 
v 1.6039621829986572 4.765648365020752 0.006492959801107645 
v 1.6773364543914795 4.592350959777832 0.13161447644233704 
v 1.6773364543914795 4.201758861541748 0.13921532034873962 
v 1.6773364543914795 4.014095306396484 0.14155404269695282 
v 1.6161912679672241 4.005115985870361 0.00298488000407815 
v 1.6651074886322021 3.879408359527588 0.007662320043891668 
v 1.6651074886322021 3.8587563037872314 0.20820756256580353 
v 1.658992886543274 3.8713269233703613 0.714540421962738 
v 1.6834510564804077 4.009605407714844 0.7227259874343872 
v 1.6712219715118408 3.85426664352417 0.8601257801055908 
v 1.6895655393600464 4.970372676849365 0.9846625924110413 
v 1.695680022239685 5.322354316711426 0.9823238849639893 
v 1.6834510564804077 4.789892196655273 0.9688762426376343 
v 1.695680022239685 4.608513832092285 0.9747230410575867 
v 1.6834510564804077 4.307712554931641 0.9688762426376343 
v 1.6834510564804077 4.05270528793335 1.0133118629455566 
v 1.695680022239685 3.902754068374634 0.9361341595649719 
v 1.7017945051193237 3.9054477214813232 0.9934328198432922 
v 1.6834510564804077 5.415737628936768 0.5058096647262573 
v 1.695680022239685 5.416635513305664 0.8963758945465088 
v 1.6834510564804077 5.415737628936768 0.5058096647262573 
v 1.628420352935791 5.5405473709106445 0.3175427317619324 
v 1.4388701915740967 5.530670166015625 0.5210113525390625 
v 1.432755708694458 5.510018348693848 0.13161447644233704 
v 1.0475409030914307 5.507324695587158 0.48826926946640015 
v 1.041426420211792 5.508222579956055 0.11992087960243225 
v 0.6378681063652039 5.497447490692139 0.1462314873933792 
v 0.845761775970459 5.458837032318115 0.0012308399891480803 
v 0.650097131729126 5.461531162261963 0.004154239781200886 
v 0.546150267124176 5.511814117431641 0.04040440171957016 
v 0.3627146780490875 5.5172014236450195 0.04917459934949875 
v 0.4666615128517151 5.502834796905518 0.3672405183315277 
v 0.3627146780490875 5.512712001800537 0.2397802770137787 
v 0.35660016536712646 5.4336957931518555 0.3573009669780731 
v 0.45443248748779297 5.5189971923828125 0.7437744140625 
v 0.3627146780490875 5.429205894470215 0.7466978430747986 
v 1.6467639207839966 5.500141143798828 -0.0034465999342501163 
v 1.5611605644226074 5.497447490692139 0.002400200115516782 
v 1.432755708694458 5.455245494842529 -0.0005232000257819891 
v 1.2309764623641968 5.44985818862915 -0.01689423993229866 
v 0.650097131729126 5.518099308013916 0.9314567446708679 
v 0.45443248748779297 5.52169132232666 0.9431503415107727 
v 0.45443248748779297 5.483080863952637 1.0893203020095825 
v 0.3627146780490875 5.407656192779541 1.0811347961425781 
v 0.3627146780490875 5.4319000244140625 0.9484124183654785 
v 0.3627146780490875 5.520793437957764 0.8466781377792358 
v 1.0536553859710693 5.281050682067871 1.0103884935379028 
v 1.4449846744537354 5.541445255279541 0.9051461219787598 
v 1.695680022239685 5.416635513305664 0.8963758945465088 
v 1.6467639207839966 5.315171241760254 1.0273442268371582 
v 3.701242685317993 3.970097541809082 0.8969606161117554 
v 3.6584410667419434 3.977280855178833 0.9425656199455261 
v 3.7501587867736816 3.9745869636535645 0.8519402146339417 
v 1.7507107257843018 3.8821020126342773 0.007077639922499657 
v 1.7568252086639404 3.8749186992645264 0.3649018108844757 
v 1.9647189378738403 3.9009580612182617 0.005323600023984909 
v 2.998072862625122 3.8964686393737793 0.0836707204580307 
v 3.0225307941436768 3.863245725631714 0.05677543953061104 
v 3.0653324127197266 3.852470874786377 0.045081838965415955 
v 1.6773364543914795 4.592350959777832 0.13161447644233704 
v 1.4021830558776855 4.559128284454346 0.012924440205097198 
v 1.6773364543914795 4.201758861541748 0.13921532034873962 
v 1.4082976579666138 4.178413391113281 0.009416360408067703 
v 1.6161912679672241 4.005115985870361 0.00298488000407815 
v 1.2432055473327637 3.8390021324157715 0.014093800447881222 
v 1.6039621829986572 4.765648365020752 0.006492959801107645 
v 1.3288087844848633 5.095182418823242 -0.001107880030758679 
v 1.2004039287567139 5.029634952545166 0.0018155199941247702 
v 1.2309764623641968 5.44985818862915 -0.01689423993229866 
v 1.0658844709396362 4.889560222625732 0.010001040063798428 
v 1.029197335243225 5.243338108062744 -0.0005232000257819891 
v 1.0047392845153809 4.835685729980469 0.008831679821014404 
v 0.845761775970459 5.458837032318115 0.0012308399891480803 
v 1.041426420211792 5.508222579956055 0.11992087960243225 
v 1.6100767850875854 5.169709205627441 -0.005785319954156876 
v 1.4572137594223022 5.2873358726501465 0.0006461599841713905 
v 1.432755708694458 5.455245494842529 -0.0005232000257819891 
v 1.5611605644226074 5.497447490692139 0.002400200115516782 
v 1.6467639207839966 5.500141143798828 -0.0034465999342501163 
v 1.6161912679672241 5.371739864349365 -0.005200639832764864 
v 1.6712219715118408 5.471407890319824 -0.006370000075548887 
v 1.6773364543914795 5.333129405975342 0.03514228016138077 
v 0.650097131729126 5.461531162261963 0.004154239781200886 
v 0.45443248748779297 5.255908966064453 0.00824700016528368 
v 0.3627146780490875 5.448062419891357 -0.0022772399242967367 
v 0.546150267124176 5.511814117431641 0.04040440171957016 
v 0.3627146780490875 5.5172014236450195 0.04917459934949875 
v 0.4360889196395874 4.64981746673584 0.017601879313588142 
v 0.9007924199104309 4.7539753913879395 0.01526315975934267 
v 0.9435940980911255 4.623778343200684 0.0123397596180439 
v 0.7907310724258423 4.584270000457764 0.021109959110617638 
v 0.650097131729126 3.825533390045166 0.011755079962313175 
v 0.845761775970459 3.811166763305664 0.01935591921210289 
v 0.9986247420310974 3.7869231700897217 0.051513321697711945 
v 0.4238598942756653 4.430727005004883 0.01877124048769474 
v 0.3382565975189209 4.148782253265381 0.01935591921210289 
v 0.3382565975189209 4.339139938354492 0.021109959110617638 
v 0.39940181374549866 3.814758539199829 0.01117040030658245 
v 0.46054700016975403 3.8102688789367676 0.010585719719529152 
v 0.6011809706687927 3.803983449935913 0.023448679596185684 
v 0.6867842674255371 3.8048815727233887 0.043912481516599655 
v 1.353266954421997 3.8174521923065186 0.012924440205097198 
v 1.463328242301941 3.8300230503082275 0.009416360408067703 
v 1.5244734287261963 3.8569605350494385 0.00824700016528368 
v 1.6651074886322021 3.879408359527588 0.007662320043891668 
v 1.6651074886322021 3.879408359527588 0.007662320043891668 
v 1.5244734287261963 3.8569605350494385 0.00824700016528368 
v 1.6651074886322021 3.8587563037872314 0.20820756256580353 
v 1.267663598060608 3.816554307937622 0.043912481516599655 
v 1.3471523523330688 3.838104248046875 0.5519993901252747 
v 1.1392587423324585 3.7959022521972656 0.05326735973358154 
v 1.224861979484558 3.8264312744140625 0.6186529397964478 
v 0.9986247420310974 3.7869231700897217 0.051513321697711945 
v 1.2432055473327637 3.8390021324157715 0.014093800447881222 
v 1.353266954421997 3.8174521923065186 0.012924440205097198 
v 1.463328242301941 3.8300230503082275 0.009416360408067703 
v 1.658992886543274 3.8713269233703613 0.714540421962738 
v 1.3288087844848633 3.886591672897339 0.6765362620353699 
v 1.5183589458465576 3.8874895572662354 0.7127863764762878 
v 1.5733896493911743 3.8587563037872314 0.8361538648605347 
v 1.6712219715118408 3.85426664352417 0.8601257801055908 
v 1.5672751665115356 3.8767144680023193 0.9489971399307251 
v 1.6161912679672241 3.9018561840057373 1.0314370393753052 
v 1.4816718101501465 3.907243490219116 1.016819953918457 
v 1.4755573272705078 3.8695311546325684 0.8431700468063354 
v 1.4939008951187134 3.857858419418335 0.77066969871521 
v 1.3777250051498413 3.8533687591552734 0.7882100939750671 
v 1.7017945051193237 3.9054477214813232 0.9934328198432922 
v 1.3104653358459473 3.930589199066162 1.0396225452423096 
v 1.3104653358459473 3.8838977813720703 0.8273836970329285 
v 1.3288087844848633 3.888387441635132 0.7320808172225952 
v 1.2004039287567139 3.8354105949401855 0.7361736297607422 
v 1.2860071659088135 3.8497772216796875 0.6572418212890625 
v 0.9680521488189697 3.8048815727233887 0.4543578326702118 
v 0.8274182081222534 3.7896170616149902 0.0842553973197937 
v 0.845761775970459 3.811166763305664 0.01935591921210289 
v 0.6867842674255371 3.8048815727233887 0.043912481516599655 
v 0.650097131729126 3.825533390045166 0.011755079962313175 
v 0.845761775970459 3.8120648860931396 0.5876649022102356 
v 1.1637167930603027 3.8354105949401855 0.8466781377792358 
v 0.625639021396637 3.818350076675415 0.8513555526733398 
v 1.041426420211792 3.838104248046875 0.9565979838371277 
v 0.6562116146087646 3.814758539199829 0.9641988277435303 
v 0.6378681063652039 3.8964686393737793 1.070610523223877 
v 0.5094631314277649 3.8138606548309326 1.0425459146499634 
v 0.5339212417602539 3.8282272815704346 0.9437350034713745 
v 0.35660016536712646 3.8174521923065186 0.6806290149688721 
v 0.3627146780490875 3.823737621307373 0.7841173410415649 
v 0.35660016536712646 3.812962770462036 1.043715238571167 
v 0.38717275857925415 3.814758539199829 1.0665178298950195 
v 0.37494373321533203 3.80218768119812 0.6128061413764954 
v 0.46054700016975403 3.818350076675415 0.6280078291893005 
v 0.42997440695762634 3.809370994567871 0.5058096647262573 
v 0.47277602553367615 3.8012897968292236 0.25615131855010986 
v 0.35660016536712646 3.7976982593536377 0.4227851331233978 
v 0.3260275721549988 3.7653732299804688 0.33917587995529175 
v 0.34437111020088196 3.7779440879821777 0.10238047689199448 
v 0.46054700016975403 3.8102688789367676 0.010585719719529152 
v 0.39940181374549866 3.814758539199829 0.01117040030658245 
v 0.34437111020088196 3.798596143722534 0.028126120567321777 
v 0.35660016536712646 3.7833316326141357 0.47189822793006897 
v 0.6011809706687927 3.803983449935913 0.023448679596185684 
v 0.6562116146087646 3.8246355056762695 0.8010730743408203 
v 0.3627146780490875 5.448062419891357 -0.0022772399242967367 
v 0.3627146780490875 5.263092041015625 0.10471919924020767 
v 0.45443248748779297 5.255908966064453 0.00824700016528368 
v 0.3627146780490875 4.868908405303955 0.09887240082025528 
v 0.35660016536712646 5.259500503540039 0.2397802770137787 
v 0.34437111020088196 5.062857627868652 0.443833589553833 
v 0.35660016536712646 5.4336957931518555 0.3573009669780731 
v 0.35660016536712646 5.054776191711426 0.5917576551437378 
v 0.3627146780490875 5.429205894470215 0.7466978430747986 
v 0.3627146780490875 5.5172014236450195 0.04917459934949875 
v 0.3627146780490875 5.512712001800537 0.2397802770137787 
v 0.35660016536712646 4.946128845214844 0.9910940527915955 
v 0.35660016536712646 4.314896106719971 0.9858319759368896 
v 0.34437111020088196 4.727936267852783 0.5835721492767334 
v 0.3382565975189209 4.639042854309082 0.5134105086326599 
v 0.3688291907310486 5.2837443351745605 0.9782311320304871 
v 0.3627146780490875 5.4319000244140625 0.9484124183654785 
v 0.3627146780490875 5.520793437957764 0.8466781377792358 
v 0.45443248748779297 5.5189971923828125 0.7437744140625 
v 0.3627146780490875 5.407656192779541 1.0811347961425781 
v 0.35660016536712646 4.137109279632568 1.0548242330551147 
v 0.3504856526851654 4.076949119567871 0.8928678631782532 
v 0.3382565975189209 4.276285648345947 0.6882298588752747 
v 0.34437111020088196 4.319385528564453 0.5572615265846252 
v 0.35660016536712646 4.400197982788086 0.3777647614479065 
v 0.35660016536712646 3.812962770462036 1.043715238571167 
v 0.3504856526851654 3.838104248046875 0.8420006632804871 
v 0.35660016536712646 3.9180185794830322 0.5859108567237854 
v 0.3627146780490875 3.823737621307373 0.7841173410415649 
v 0.35660016536712646 3.8174521923065186 0.6806290149688721 
v 0.37494373321533203 3.80218768119812 0.6128061413764954 
v 0.35660016536712646 3.7833316326141357 0.47189822793006897 
v 0.33214208483695984 3.773454427719116 0.41869235038757324 
v 0.3260275721549988 3.7653732299804688 0.33917587995529175 
v 0.3260275721549988 4.014993190765381 0.16669528186321259 
v 0.34437111020088196 4.445093631744385 0.11465875804424286 
v 0.3382565975189209 4.339139938354492 0.021109959110617638 
v 0.4238598942756653 4.430727005004883 0.01877124048769474 
v 0.4360889196395874 4.64981746673584 0.017601879313588142 
v 0.3382565975189209 4.148782253265381 0.01935591921210289 
v 0.33214208483695984 4.088622093200684 0.03455759957432747 
v 0.34437111020088196 3.798596143722534 0.028126120567321777 
v 0.34437111020088196 3.7779440879821777 0.10238047689199448 
v 0.39940181374549866 3.814758539199829 0.01117040030658245 
v 0.23430976271629333 4.164046764373779 0.9846625924110413 
v 0.264882355928421 4.354404449462891 0.9291179776191711 
v 0.05087415874004364 4.364281177520752 0.9612753987312317 
v 0.2709968686103821 4.754873275756836 0.9320414066314697 
v 0.03253059834241867 4.770137786865234 1.0559935569763184 
v 0.22208072245121002 5.01885986328125 1.079380750656128 
v 0.008072519674897194 5.102365970611572 1.102183222770691 
v -0.004156520124524832 5.251419544219971 1.0998445749282837 
v 0.22208072245121002 5.344802379608154 1.083473563194275 
v 0.06310319900512695 5.339414596557617 1.108030080795288 
v 0.2771114110946655 5.439980983734131 1.092828392982483 
v 0.11813388019800186 5.483080863952637 1.1004292964935303 
v 0.22819523513317108 5.52438497543335 1.0858122110366821 
v 0.2771114110946655 5.339414596557617 1.0290982723236084 
v -0.3404551148414612 5.461531162261963 1.0957517623901367 
v -0.4749745726585388 5.282846450805664 1.121477723121643 
v -0.5361197590827942 5.526180744171143 0.9653681516647339 
v -0.8418457508087158 5.476795673370361 1.07002592086792 
v -0.7256698608398438 5.093386650085449 1.0717799663543701 
v -0.9152200222015381 5.292723178863525 1.0665178298950195 
v -1.0375103950500488 5.102365970611572 0.9788157939910889 
v -1.0313959121704102 5.280152320861816 0.9928480982780457 
v -1.0313959121704102 5.4193291664123535 1.057162880897522 
v -1.025281310081482 5.526180744171143 1.0092191696166992 
v -0.9396780729293823 4.9111104011535645 0.9449043869972229 
v -1.0313959121704102 4.802463054656982 0.8887750506401062 
v -0.9213345050811768 4.702794551849365 0.9928480982780457 
v -1.0375103950500488 4.418156147003174 0.9753077030181885 
v -0.9763652086257935 4.427134990692139 1.029682993888855 
v -1.0375103950500488 4.197269439697266 1.0214974880218506 
v -0.9029909372329712 4.319385528564453 1.0279289484024048 
v -0.8968764543533325 4.180209159851074 1.0460540056228638 
v -1.0375103950500488 4.1029887199401855 1.0630097389221191 
v -0.8724183440208435 3.939568519592285 1.0595016479492188 
v -1.0191668272018433 3.8785102367401123 1.0238361358642578 
v -0.8724183440208435 3.847083330154419 1.0238361358642578 
v -0.5605778694152832 3.836308479309082 1.0133118629455566 
v -0.6217230558395386 4.27808141708374 0.9946021437644958 
v -0.3649131953716278 3.973689079284668 1.0407918691635132 
v -0.7317844033241272 4.273591995239258 0.9875860214233398 
v -0.8418457508087158 4.284367084503174 1.0010336637496948 
v -0.878532886505127 4.401095867156982 1.0144813060760498 
v -0.7929295897483826 4.3849334716796875 1.0068804025650024 
v -0.7440134286880493 4.426237106323242 0.9946021437644958 
v -0.8112731575965881 4.447787284851074 1.0337756872177124 
v -0.7623569965362549 4.494478702545166 1.0366991758346558 
v -0.7134408354759216 4.695611000061035 1.0548242330551147 
v -0.7256698608398438 4.897641658782959 1.0875662565231323 
v -0.40771484375 4.899437427520752 1.1004292964935303 
v -0.5911504626274109 4.4828057289123535 1.0010336637496948 
v -0.24873732030391693 4.3723626136779785 0.9601060152053833 
v -0.49943265318870544 4.851848125457764 1.084058165550232 
v -0.4627455174922943 4.7378129959106445 1.0665178298950195 
v -0.603379487991333 4.578882694244385 1.0407918691635132 
v -0.40160033106803894 4.58516788482666 1.0308523178100586 
v -0.29153895378112793 4.842868804931641 1.083473563194275 
v -0.2793099284172058 4.931762218475342 1.0922436714172363 
v -0.24873732030391693 5.109549045562744 1.0998445749282837 
v -0.23039376735687256 4.980249404907227 1.0934131145477295 
v 0.03253059834241867 3.9566287994384766 0.9975255727767944 
v -0.169248566031456 3.872225046157837 0.9858319759368896 
v 0.01418703980743885 3.8102688789367676 1.0092191696166992 
v 0.1548209935426712 3.8120648860931396 1.0425459146499634 
v 0.22819523513317108 3.8919789791107178 1.0583323240280151 
v 0.25876784324645996 3.8084731101989746 1.065933108329773 
v 0.2709968686103821 4.753077507019043 0.14389276504516602 
v 0.2098516821861267 4.952414512634277 0.005323600023984909 
v 0.01418703980743885 4.753077507019043 0.006492959801107645 
v 0.21596619486808777 5.156240463256836 0.005908280145376921 
v 0.008072519674897194 4.351710319519043 0.010001040063798428 
v 0.2526533305644989 4.329262733459473 0.1485701948404312 
v 0.19150811433792114 4.135313510894775 0.017601879313588142 
v -0.19982115924358368 3.8623478412628174 0.009416360408067703 
v -0.004156520124524832 3.836308479309082 0.014678480103611946 
v 0.22819523513317108 3.8946728706359863 0.017601879313588142 
v 0.14870648086071014 3.811166763305664 0.021109959110617638 
v 0.2404242753982544 3.791412830352783 0.015847839415073395 
v 0.0019580000080168247 3.793208599090576 0.05736012011766434 
v -0.1814776062965393 3.820146083831787 0.05443672090768814 
v -0.3343406021595001 3.8210439682006836 0.04625120013952255 
v -0.4382874369621277 3.886591672897339 0.006492959801107645 
v -0.30376800894737244 4.934455871582031 0.002400200115516782 
v 0.13036291301250458 5.467816352844238 0.002400200115516782 
v 0.1976226419210434 5.510916233062744 0.00298488000407815 
v 0.25876784324645996 5.401371002197266 0.00298488000407815 
v 0.2709968686103821 5.505528926849365 0.00298488000407815 
v -0.3343406021595001 5.468714237213135 0.002400200115516782 
v -0.5300052165985107 5.273867130279541 0.0018155199941247702 
v -0.5300052165985107 5.52438497543335 0.13687659800052643 
v -0.7256698608398438 5.472305774688721 0.00006148000102257356 
v -0.9152200222015381 5.278356552124023 0.00006148000102257356 
v -0.994708776473999 5.525282859802246 0.0012308399891480803 
v -1.0130523443222046 5.378922939300537 0.0012308399891480803 
v -1.0313959121704102 5.492958068847656 0.00824700016528368 
v -1.0313959121704102 5.284642219543457 0.07665456086397171 
v -1.0313959121704102 5.086203098297119 0.07723923772573471 
v -0.9335635304450989 4.86262321472168 0.005323600023984909 
v -0.9213345050811768 4.67944860458374 0.003569559892639518 
v -1.025281310081482 4.230492115020752 0.00298488000407815 
v -0.6767536997795105 3.8964686393737793 0.007662320043891668 
v -0.9335635304450989 3.897366523742676 0.004154239781200886 
v -1.0436248779296875 4.206248760223389 0.003569559892639518 
v -1.0436248779296875 4.029359817504883 0.020525280386209488 
v -1.0313959121704102 3.879408359527588 0.007662320043891668 
v -1.0008232593536377 3.838104248046875 0.030464839190244675 
v -0.8540747761726379 3.830920934677124 0.06846904009580612 
v -0.7440134286880493 3.8372063636779785 0.06613031774759293 
v -0.5483487844467163 3.857858419418335 0.036896318197250366 
v -0.46886003017425537 3.836308479309082 0.03514228016138077 
v -0.41382935643196106 3.848879098892212 0.05034396052360535 
v -1.0375103950500488 4.68663215637207 0.08016263693571091 
v -1.0191668272018433 4.583372116088867 0.004154239781200886 
v -1.6734204292297363 5.515405654907227 0.9197631478309631 
v -1.6734204292297363 5.301702499389648 1.0109732151031494 
v -1.3799234628677368 5.47499942779541 0.9846625924110413 
v -1.269862174987793 5.28643798828125 1.0197434425354004 
v -1.0925410985946655 5.474101543426514 1.0711952447891235 
v -1.0925410985946655 5.295416831970215 1.0653483867645264 
v -1.0925410985946655 5.112242698669434 0.9934328198432922 
v -1.07419753074646 4.731527805328369 0.9150856733322144 
v -1.1659153699874878 4.610309600830078 0.875327467918396 
v -1.07419753074646 4.602228164672852 0.9238559007644653 
v -1.2026023864746094 4.489989280700684 0.884682297706604 
v -1.0680830478668213 4.478316307067871 0.9489971399307251 
v -1.1169991493225098 4.354404449462891 0.998694896697998 
v -1.0803120136260986 4.401095867156982 0.9910940527915955 
v -1.0986555814743042 4.2134318351745605 1.030267596244812 
v -1.1964879035949707 4.273591995239258 1.0489773750305176 
v -1.1964879035949707 4.101192951202393 1.0635943412780762 
v -1.3187782764434814 4.198167324066162 1.0589169263839722 
v -1.3921525478363037 4.116457462310791 1.061255693435669 
v -1.3799234628677368 4.008707523345947 1.0600863695144653 
v -1.0864266157150269 3.8838977813720703 1.0080498456954956 
v -1.3187782764434814 3.8821020126342773 1.0010336637496948 
v -1.5144429206848145 3.9835660457611084 1.0618404150009155 
v -1.6367334127426147 3.8533687591552734 0.9957715272903442 
v -1.3554654121398926 4.2655110359191895 1.0355297327041626 
v -1.5205575227737427 4.198167324066162 1.0647637844085693 
v -1.190373420715332 4.366974830627441 0.9419809579849243 
v -1.465526819229126 4.3759541511535645 0.9852472543716431 
v -1.4838703870773315 4.306814670562744 1.0419611930847168 
v -1.5144429206848145 4.706386089324951 0.9226865172386169 
v -1.691763997077942 4.905722618103027 1.0138965845108032 
v -1.74068021774292 4.415462493896484 0.998694896697998 
v -1.6734204292297363 3.9404664039611816 1.0308523178100586 
v -1.5878171920776367 3.9566287994384766 1.0618404150009155 
v -1.6367334127426147 3.907243490219116 1.0285135507583618 
v -1.691763997077942 3.8605520725250244 0.9647834897041321 
v -1.8751996755599976 3.952139139175415 1.0004489421844482 
v -1.7957109212875366 3.861449956893921 0.9548439383506775 
v -1.8935432434082031 3.9018561840057373 0.9495818018913269 
v -2.0219480991363525 3.9207122325897217 1.0308523178100586 
v -1.973031997680664 3.868633270263672 0.9811545014381409 
v -2.089207887649536 3.8479812145233154 1.0057110786437988 
v -2.0830934047698975 3.9225080013275146 1.0618404150009155 
v -2.327674150466919 3.8372063636779785 1.0326063632965088 
v -2.382704734802246 3.9036519527435303 1.0624250173568726 
v -2.089207887649536 4.147884368896484 1.0635943412780762 
v -2.4193918704986572 4.142496585845947 1.0624250173568726 
v -2.4193918704986572 4.2152276039123535 1.0618404150009155 
v -2.3521320819854736 4.366974830627441 1.0624250173568726 
v -2.4132773876190186 4.3867292404174805 0.9905093908309937 
v -2.382704734802246 4.46125602722168 0.9794004559516907 
v -2.211498260498047 4.542965888977051 1.0483927726745605 
v -1.856856107711792 4.167638301849365 1.0279289484024048 
v -2.1564676761627197 5.000003814697266 1.0530701875686646 
v -2.0647497177124023 5.288233757019043 1.0641790628433228 
v -2.36436128616333 5.469612121582031 1.0618404150009155 
v -2.2604143619537354 5.483978748321533 1.0635943412780762 
v -2.3582468032836914 5.512712001800537 1.0214974880218506 
v -2.0647497177124023 5.52438497543335 0.9238559007644653 
v -2.425506353378296 5.478591442108154 0.9998642802238464 
v -2.4132773876190186 5.418431282043457 1.0355297327041626 
v -2.3521320819854736 4.946128845214844 0.9852472543716431 
v -2.223727226257324 4.702794551849365 1.0290982723236084 
v -2.3521320819854736 4.6381449699401855 0.9788157939910889 
v 0.22208072245121002 5.01885986328125 1.079380750656128 
v 0.2709968686103821 5.158934116363525 0.9361341595649719 
v 0.2771114110946655 5.339414596557617 1.0290982723236084 
v 0.2709968686103821 5.355576992034912 0.7437744140625 
v 0.2709968686103821 5.435491561889648 0.21113096177577972 
v 0.2709968686103821 4.754873275756836 0.9320414066314697 
v 0.2526533305644989 4.329262733459473 0.1485701948404312 
v 0.264882355928421 4.354404449462891 0.9291179776191711 
v 0.264882355928421 3.868633270263672 0.9390575885772705 
v 0.23430976271629333 4.164046764373779 0.9846625924110413 
v 0.22819523513317108 3.8919789791107178 1.0583323240280151 
v 0.2709968686103821 3.812962770462036 1.0331910848617554 
v 0.25876784324645996 3.8084731101989746 1.065933108329773 
v 0.22819523513317108 3.812962770462036 0.9384728670120239 
v 0.22819523513317108 3.805779457092285 0.7063549160957336 
v 0.25876784324645996 3.9368746280670166 0.7408510446548462 
v 0.20373715460300446 3.7581899166107178 0.25205856561660767 
v 0.2526533305644989 4.112865447998047 0.19008247554302216 
v 0.24653880298137665 3.9476497173309326 0.06496095657348633 
v 0.19150811433792114 4.135313510894775 0.017601879313588142 
v 0.22819523513317108 3.8946728706359863 0.017601879313588142 
v 0.2404242753982544 3.791412830352783 0.015847839415073395 
v 0.2709968686103821 4.753077507019043 0.14389276504516602 
v 0.2709968686103821 5.15264892578125 0.14155404269695282 
v 0.2098516821861267 4.952414512634277 0.005323600023984909 
v 0.21596619486808777 5.156240463256836 0.005908280145376921 
v 0.2771114110946655 5.314273357391357 0.043912481516599655 
v 0.25876784324645996 5.401371002197266 0.00298488000407815 
v 0.2709968686103821 5.505528926849365 0.00298488000407815 
v 0.2526533305644989 5.516303539276123 0.17546547949314117 
v 0.2526533305644989 5.516303539276123 0.5455679297447205 
v 0.11813388019800186 5.52169132232666 0.6853064298629761 
v 0.2526533305644989 5.522589206695557 0.9495818018913269 
v 0.2771114110946655 5.439980983734131 1.092828392982483 
v 0.22819523513317108 5.52438497543335 1.0858122110366821 
v 2.080894708633423 5.5513224601745605 -0.0022772399242967367 
v 1.983062505722046 5.5333638191223145 -0.0034465999342501163 
v 1.775168776512146 5.354679107666016 -0.005785319954156876 
v 1.7507107257843018 5.188565254211426 0.0123397596180439 
v 1.7507107257843018 5.41304349899292 -0.006370000075548887 
v 1.7812833786010742 5.510916233062744 -0.004031280055642128 
v 1.8607721328735352 5.507324695587158 -0.0016925600357353687 
v 1.463328242301941 3.8300230503082275 0.009416360408067703 
v 1.267663598060608 3.816554307937622 0.043912481516599655 
v 1.5244734287261963 3.8569605350494385 0.00824700016528368 
v -1.0925410985946655 5.474101543426514 1.0711952447891235 
v -1.0925410985946655 5.5297722816467285 0.9337954521179199 
v -1.3799234628677368 5.47499942779541 0.9846625924110413 
v -1.6734204292297363 5.515405654907227 0.9197631478309631 
v -2.3582468032836914 5.520793437957764 0.26492151618003845 
v -2.0647497177124023 5.52438497543335 0.9238559007644653 
v -1.2637476921081543 5.538751602172852 0.1520782858133316 
v -1.0864266157150269 5.552220344543457 0.3251435458660126 
v -1.0864266157150269 5.528874397277832 0.13921532034873962 
v -1.0864266157150269 5.536955833435059 0.03397291898727417 
v -1.2820911407470703 5.481285095214844 0.00006148000102257356 
v -1.4777557849884033 5.474101543426514 0.0006461599841713905 
v -1.6734204292297363 5.523487091064453 0.13979999721050262 
v -2.0647497177124023 5.52438497543335 0.13746127486228943 
v -2.3521320819854736 5.518099308013916 0.07548519968986511 
v -2.2604143619537354 5.472305774688721 0.00006148000102257356 
v -2.3949339389801025 5.510018348693848 0.12810640037059784 
v -2.40716290473938 5.487570285797119 0.7151251435279846 
v -2.3582468032836914 5.5189971923828125 0.8022424578666687 
v -2.425506353378296 5.478591442108154 0.9998642802238464 
v -2.3582468032836914 5.512712001800537 1.0214974880218506 
v -2.36436128616333 5.469612121582031 1.0618404150009155 
v -2.2604143619537354 5.483978748321533 1.0635943412780762 
v -2.3521320819854736 5.518099308013916 0.07548519968986511 
v -2.3582468032836914 5.430103778839111 0.02637208066880703 
v -2.2604143619537354 5.472305774688721 0.00006148000102257356 
v -2.248185396194458 5.161628246307373 0.00006148000102257356 
v -2.0647497177124023 5.2765607833862305 0.0012308399891480803 
v -2.0647497177124023 5.52438497543335 0.13746127486228943 
v -1.6734204292297363 5.2765607833862305 0.003569559892639518 
v -1.6734204292297363 5.523487091064453 0.13979999721050262 
v -1.4777557849884033 5.474101543426514 0.0006461599841713905 
v -2.4132773876190186 5.204727649688721 0.12810640037059784 
v -2.346017599105835 4.962291240692139 0.09244091808795929 
v -2.0402917861938477 4.843766689300537 0.004738919902592897 
v -2.3765902519226074 4.489989280700684 0.0789932832121849 
v -2.0647497177124023 4.101192951202393 0.00006148000102257356 
v -2.4193918704986572 4.044624328613281 0.043912481516599655 
v -2.266528844833374 3.9054477214813232 0.00298488000407815 
v -2.4132773876190186 3.9054477214813232 0.03280356153845787 
v -2.3582468032836914 3.84169602394104 0.052097998559474945 
v -2.0647497177124023 3.875816583633423 0.12752172350883484 
v -1.6734204292297363 4.101192951202393 0.0006461599841713905 
v -1.6734204292297363 3.8587563037872314 0.13863064348697662 
v -1.3554654121398926 3.9153246879577637 0.00824700016528368 
v -1.2882057428359985 4.094907283782959 0.0012308399891480803 
v -1.0986555814743042 3.8928768634796143 0.005323600023984909 
v -1.2270605564117432 3.832716703414917 0.03338823840022087 
v -1.2820911407470703 4.888662338256836 0.007077639922499657 
v -1.0925410985946655 5.08350944519043 0.004154239781200886 
v -1.2820911407470703 5.481285095214844 0.00006148000102257356 
v -1.0864266157150269 5.470510005950928 0.00298488000407815 
v -1.0864266157150269 5.536955833435059 0.03397291898727417 
v -0.5361197590827942 5.526180744171143 0.9653681516647339 
v 0.05087415874004364 5.523487091064453 0.9589366912841797 
v -0.3404551148414612 5.461531162261963 1.0957517623901367 
v 0.11813388019800186 5.483080863952637 1.1004292964935303 
v 0.22819523513317108 5.52438497543335 1.0858122110366821 
v 0.2526533305644989 5.522589206695557 0.9495818018913269 
v 0.11813388019800186 5.52169132232666 0.6853064298629761 
v -0.7073262929916382 5.536955833435059 0.7975649833679199 
v -0.8418457508087158 5.476795673370361 1.07002592086792 
v -1.025281310081482 5.526180744171143 1.0092191696166992 
v -1.0130523443222046 5.536057949066162 0.8267989754676819 
v -0.9152200222015381 5.536955833435059 0.7262340188026428 
v -0.9213345050811768 5.543241024017334 0.33099037408828735 
v -1.0313959121704102 5.471407890319824 0.7835326790809631 
v -1.0313959121704102 5.469612121582031 0.3783494532108307 
v -1.0069377422332764 5.548628330230713 0.2321794331073761 
v -0.8601893186569214 5.5315680503845215 0.04975927993655205 
v -1.0313959121704102 5.528874397277832 0.04683588072657585 
v -0.994708776473999 5.525282859802246 0.0012308399891480803 
v -1.0313959121704102 5.492958068847656 0.00824700016528368 
v -0.7256698608398438 5.472305774688721 0.00006148000102257356 
v -0.5300052165985107 5.52438497543335 0.13687659800052643 
v 0.0569886788725853 5.520793437957764 0.13804596662521362 
v 0.2526533305644989 5.516303539276123 0.5455679297447205 
v 0.2526533305644989 5.516303539276123 0.17546547949314117 
v 0.1976226419210434 5.510916233062744 0.00298488000407815 
v 0.2709968686103821 5.505528926849365 0.00298488000407815 
v -0.3343406021595001 5.468714237213135 0.002400200115516782 
v 0.13036291301250458 5.467816352844238 0.002400200115516782 
v 1.0047392845153809 4.835685729980469 0.008831679821014404 
v 1.0658844709396362 4.889560222625732 0.010001040063798428 
v 1.2004039287567139 5.029634952545166 0.0018155199941247702 
v 1.903573751449585 4.443297386169434 1.0314370393753052 
v 1.8974591493606567 4.332854270935059 1.0290982723236084 
v 1.8791155815124512 4.401993751525879 1.0039570331573486 
v 1.7629398107528687 4.235879898071289 0.9887553453445435 
v 1.7935123443603516 4.233185768127441 0.9706302881240845 
v 1.824084997177124 4.256531715393066 1.0098038911819458 
v 1.7568252086639404 4.123640537261963 0.9758924245834351 
v 1.7568252086639404 4.424441337585449 0.9419809579849243 
v 1.7262526750564575 4.212533950805664 0.9747230410575867 
v 2.038093090057373 3.863245725631714 0.7712544202804565 
v 2.447766065597534 3.881204128265381 0.7718390822410583 
v 2.062551259994507 3.9709954261779785 0.8741580843925476 
v 1.7507107257843018 4.1155595779418945 0.11641280353069305 
v 1.7629398107528687 3.8587563037872314 0.3783494532108307 
v 1.7568252086639404 3.8749186992645264 0.3649018108844757 
v 1.824084997177124 4.256531715393066 1.0098038911819458 
v 1.7935123443603516 4.233185768127441 0.9706302881240845 
v 1.8668866157531738 4.246654510498047 1.0519007444381714 
v 1.7629398107528687 3.8587563037872314 0.3783494532108307 
v 1.9647189378738403 3.9009580612182617 0.005323600023984909 
v 1.7568252086639404 3.8749186992645264 0.3649018108844757 
v 1.3288087844848633 3.886591672897339 0.6765362620353699 
v 1.2860071659088135 3.8497772216796875 0.6572418212890625 
v 1.224861979484558 3.8264312744140625 0.6186529397964478 
v 0.22819523513317108 3.805779457092285 0.7063549160957336 
v 0.20373715460300446 3.7581899166107178 0.25205856561660767 
v 0.05087415874004364 3.7923107147216797 0.5742172598838806 
v -0.212050199508667 3.812962770462036 0.5280275344848633 
v 0.12424840033054352 3.7770462036132812 0.736758291721344 
v 0.22819523513317108 3.812962770462036 0.9384728670120239 
v 0.026416080072522163 3.7869231700897217 0.8075045347213745 
v 0.06310319900512695 3.7896170616149902 0.884682297706604 
v 0.01418703980743885 3.8102688789367676 1.0092191696166992 
v 0.1548209935426712 3.8120648860931396 1.0425459146499634 
v 0.25876784324645996 3.8084731101989746 1.065933108329773 
v 0.2709968686103821 3.812962770462036 1.0331910848617554 
v -0.06530171632766724 3.7851274013519287 0.6923226118087769 
v -0.14479048550128937 3.7761483192443848 0.7595608234405518 
v -0.169248566031456 3.872225046157837 0.9858319759368896 
v -0.3832567632198334 3.863245725631714 0.848432183265686 
v -0.3649131953716278 3.973689079284668 1.0407918691635132 
v -0.5605778694152832 3.836308479309082 1.0133118629455566 
v -0.6156085133552551 3.818350076675415 0.754883348941803 
v -0.6950972676277161 3.820146083831787 0.9349647760391235 
v -0.8724183440208435 3.847083330154419 1.0238361358642578 
v -0.994708776473999 3.838104248046875 0.9618600606918335 
v -1.0191668272018433 3.8785102367401123 1.0238361358642578 
v -1.0313959121704102 3.865041732788086 1.0080498456954956 
v -1.0375103950500488 3.845287561416626 0.8256296515464783 
v -0.7623569965362549 3.829125165939331 0.8227062225341797 
v -0.6706392168998718 3.818350076675415 0.7046008706092834 
v -0.6156085133552551 3.8192481994628906 0.6420401334762573 
v -0.7256698608398438 3.818350076675415 0.555507481098175 
v -0.8846474289894104 3.8282272815704346 0.557846188545227 
v -0.9213345050811768 3.834512710571289 0.6467175483703613 
v -0.9152200222015381 3.814758539199829 0.56895512342453 
v -1.0130523443222046 3.8372063636779785 0.5362130403518677 
v -0.9152200222015381 3.8318188190460205 0.47306761145591736 
v -1.0375103950500488 3.836308479309082 0.39530515670776367 
v -1.0130523443222046 3.8354105949401855 0.2234092354774475 
v -1.0375103950500488 3.856062412261963 0.24679644405841827 
v -1.0375103950500488 3.839900016784668 0.6999234557151794 
v -0.6339520812034607 3.823737621307373 0.3912124037742615 
v -0.5605778694152832 3.845287561416626 0.5748019218444824 
v -0.48720359802246094 3.863245725631714 0.6812136769294739 
v -0.297653466463089 3.8102688789367676 0.6385320425033569 
v -0.14479048550128937 3.7779440879821777 0.6326852440834045 
v -0.19982115924358368 3.7887189388275146 0.6011125445365906 
v 0.2404242753982544 3.791412830352783 0.015847839415073395 
v 0.0019580000080168247 3.793208599090576 0.05736012011766434 
v -0.29153895378112793 3.791412830352783 0.25673601031303406 
v -0.1814776062965393 3.820146083831787 0.05443672090768814 
v -0.37102770805358887 3.820146083831787 0.25322791934013367 
v -0.3526841700077057 3.8246355056762695 0.40115195512771606 
v -0.2793099284172058 3.8390021324157715 0.5338743329048157 
v -0.3404551148414612 3.84169602394104 0.5005475878715515 
v -0.3832567632198334 3.861449956893921 0.5543380975723267 
v -0.4627455174922943 3.8838977813720703 0.5350436568260193 
v -0.42605841159820557 3.8605520725250244 0.3561316132545471 
v -0.38937127590179443 3.812962770462036 0.16727995872497559 
v -0.3343406021595001 3.8210439682006836 0.04625120013952255 
v -0.41382935643196106 3.848879098892212 0.05034396052360535 
v -0.4382874369621277 3.886591672897339 0.006492959801107645 
v -1.0008232593536377 3.838104248046875 0.030464839190244675 
v -0.8540747761726379 3.830920934677124 0.06846904009580612 
v -0.7440134286880493 3.8372063636779785 0.06613031774759293 
v -0.5300052165985107 3.8300230503082275 0.14447744190692902 
v -0.5483487844467163 3.857858419418335 0.036896318197250366 
v -0.46886003017425537 3.836308479309082 0.03514228016138077 
v -0.1814776062965393 3.820146083831787 0.05443672090768814 
v -0.004156520124524832 3.836308479309082 0.014678480103611946 
v -0.19982115924358368 3.8623478412628174 0.009416360408067703 
v -1.0375103950500488 5.102365970611572 0.9788157939910889 
v -1.0313959121704102 5.280152320861816 0.9928480982780457 
v -1.0313959121704102 4.802463054656982 0.8887750506401062 
v -1.0313959121704102 5.077224254608154 0.48768460750579834 
v -1.0375103950500488 4.418156147003174 0.9753077030181885 
v -0.9152200222015381 5.536955833435059 0.7262340188026428 
v -1.0130523443222046 5.536057949066162 0.8267989754676819 
v -1.0313959121704102 5.471407890319824 0.7835326790809631 
v -1.025281310081482 5.526180744171143 1.0092191696166992 
v -1.0313959121704102 5.4193291664123535 1.057162880897522 
v -1.0313959121704102 5.469612121582031 0.3783494532108307 
v -1.0313959121704102 4.832992076873779 0.2228245586156845 
v -1.0375103950500488 4.197269439697266 1.0214974880218506 
v -1.0375103950500488 3.845287561416626 0.8256296515464783 
v -1.0375103950500488 4.1029887199401855 1.0630097389221191 
v -1.0313959121704102 3.865041732788086 1.0080498456954956 
v -1.0191668272018433 3.8785102367401123 1.0238361358642578 
v -1.0375103950500488 3.839900016784668 0.6999234557151794 
v -1.0375103950500488 3.923405885696411 0.5180879831314087 
v -1.0436248779296875 4.204452991485596 0.017017200589179993 
v -1.0375103950500488 3.856062412261963 0.24679644405841827 
v -1.0436248779296875 4.029359817504883 0.020525280386209488 
v -1.0313959121704102 3.879408359527588 0.007662320043891668 
v -1.0008232593536377 3.838104248046875 0.030464839190244675 
v -1.0130523443222046 3.8354105949401855 0.2234092354774475 
v -1.0130523443222046 3.8372063636779785 0.5362130403518677 
v -1.0375103950500488 3.836308479309082 0.39530515670776367 
v -1.0436248779296875 4.206248760223389 0.003569559892639518 
v -1.025281310081482 4.230492115020752 0.00298488000407815 
v -1.0375103950500488 4.68663215637207 0.08016263693571091 
v -1.0191668272018433 4.583372116088867 0.004154239781200886 
v -0.9335635304450989 4.86262321472168 0.005323600023984909 
v -1.0313959121704102 5.086203098297119 0.07723923772573471 
v -1.0313959121704102 5.52438497543335 0.2280866801738739 
v -1.0069377422332764 5.548628330230713 0.2321794331073761 
v -1.0313959121704102 5.528874397277832 0.04683588072657585 
v -1.0313959121704102 5.492958068847656 0.00824700016528368 
v -1.0313959121704102 5.284642219543457 0.07665456086397171 
v -1.0130523443222046 5.378922939300537 0.0012308399891480803 
v 0.3260275721549988 3.7653732299804688 0.33917587995529175 
v 0.33214208483695984 3.773454427719116 0.41869235038757324 
v 0.35660016536712646 3.7976982593536377 0.4227851331233978 
v 0.35660016536712646 3.7833316326141357 0.47189822793006897 
v -0.38937127590179443 3.812962770462036 0.16727995872497559 
v -0.41382935643196106 3.848879098892212 0.05034396052360535 
v -0.42605841159820557 3.8605520725250244 0.3561316132545471 
v -2.425506353378296 5.478591442108154 0.9998642802238464 
v -2.425506353378296 5.412145614624023 0.9285333156585693 
v -2.4132773876190186 5.418431282043457 1.0355297327041626 
v -2.425506353378296 5.181382179260254 0.911577582359314 
v -2.425506353378296 5.4336957931518555 0.14506211876869202 
v -2.40716290473938 5.487570285797119 0.7151251435279846 
v -2.3949339389801025 5.510018348693848 0.12810640037059784 
v -2.425506353378296 5.4085540771484375 0.10238047689199448 
v -2.3582468032836914 5.430103778839111 0.02637208066880703 
v -2.4132773876190186 5.204727649688721 0.12810640037059784 
v -2.425506353378296 5.300804615020752 0.14155404269695282 
v -2.425506353378296 5.091590881347656 0.2263326346874237 
v -2.346017599105835 4.962291240692139 0.09244091808795929 
v -2.425506353378296 4.688427925109863 0.2222398817539215 
v -2.3765902519226074 4.489989280700684 0.0789932832121849 
v -2.4316210746765137 4.440603733062744 0.35496222972869873 
v -2.4193918704986572 4.044624328613281 0.043912481516599655 
v -2.3521320819854736 5.518099308013916 0.07548519968986511 
v -2.4193918704986572 5.174198627471924 0.35262352228164673 
v -2.4132773876190186 5.070040702819824 0.49119266867637634 
v -2.401048421859741 4.678550720214844 0.5210113525390625 
v -2.3521320819854736 4.946128845214844 0.9852472543716431 
v -2.4132773876190186 5.072734832763672 0.8121820092201233 
v -2.401048421859741 4.603126049041748 0.7542986869812012 
v -2.3521320819854736 4.6381449699401855 0.9788157939910889 
v -2.40716290473938 4.527701377868652 0.895791232585907 
v -2.382704734802246 4.46125602722168 0.9794004559516907 
v -2.382704734802246 4.433420658111572 0.8782508373260498 
v -2.401048421859741 4.439705848693848 0.8420006632804871 
v -2.3949339389801025 4.390320777893066 0.7186331748962402 
v -2.4132773876190186 4.499866008758545 0.8098433017730713 
v -2.4132773876190186 4.38223934173584 0.9104082584381104 
v -2.4132773876190186 4.3867292404174805 0.9905093908309937 
v -2.4193918704986572 4.2152276039123535 1.0618404150009155 
v -2.443850040435791 4.093111515045166 0.5946810245513916 
v -2.4193918704986572 4.142496585845947 1.0624250173568726 
v -2.425506353378296 3.9018561840057373 0.9840779304504395 
v -2.382704734802246 3.9036519527435303 1.0624250173568726 
v -2.382704734802246 3.8425939083099365 0.9823238849639893 
v -2.4316210746765137 3.9009580612182617 0.627423107624054 
v -2.401048421859741 3.856062412261963 0.5251041054725647 
v -2.4193918704986572 3.861449956893921 0.3532082140445709 
v -2.425506353378296 4.08233642578125 0.3000023066997528 
v -2.4132773876190186 4.5187225341796875 0.6654273271560669 
v -2.4132773876190186 4.663286209106445 0.6619192361831665 
v -2.401048421859741 4.78091287612915 0.707524299621582 
v -2.4193918704986572 4.959597587585449 0.609298050403595 
v -2.40716290473938 4.851848125457764 0.5537534356117249 
v -2.401048421859741 4.763852596282959 0.598189115524292 
v -2.401048421859741 3.8892853260040283 0.24855047464370728 
v -2.4132773876190186 3.8803062438964844 0.1678646355867386 
v -2.4132773876190186 3.9054477214813232 0.03280356153845787 
v -2.3582468032836914 3.84169602394104 0.052097998559474945 
v -1.0925410985946655 5.5297722816467285 0.9337954521179199 
v -1.0864266157150269 5.552220344543457 0.3251435458660126 
v -1.0925410985946655 5.474101543426514 1.0711952447891235 
v -1.0864266157150269 5.025145053863525 0.5186726450920105 
v -1.0925410985946655 5.112242698669434 0.9934328198432922 
v -1.0864266157150269 4.926374912261963 0.6519796848297119 
v -1.0680830478668213 4.92457914352417 0.8724040389060974 
v -1.0680830478668213 4.830297946929932 0.6905685663223267 
v -1.07419753074646 4.731527805328369 0.9150856733322144 
v -1.0680830478668213 4.61749267578125 0.7537140250205994 
v -1.07419753074646 4.602228164672852 0.9238559007644653 
v -1.0925410985946655 4.538476467132568 0.9408115744590759 
v -1.0925410985946655 4.4863972663879395 0.8004884123802185 
v -1.0803120136260986 4.401095867156982 0.9910940527915955 
v -1.0986555814743042 4.2134318351745605 1.030267596244812 
v -1.0925410985946655 3.91622257232666 0.4982088506221771 
v -1.0925410985946655 3.8605520725250244 0.9706302881240845 
v -1.110884666442871 3.838104248046875 0.6905685663223267 
v -1.0925410985946655 5.295416831970215 1.0653483867645264 
v -1.0864266157150269 3.8838977813720703 1.0080498456954956 
v -1.0864266157150269 4.796177387237549 0.6303465366363525 
v -1.0864266157150269 4.891355991363525 0.20762288570404053 
v -1.0864266157150269 5.150853157043457 0.40582939982414246 
v -1.0864266157150269 5.536955833435059 0.03397291898727417 
v -1.0864266157150269 5.528874397277832 0.13921532034873962 
v -1.0864266157150269 5.470510005950928 0.00298488000407815 
v -1.0925410985946655 5.08350944519043 0.004154239781200886 
v -1.2820911407470703 4.888662338256836 0.007077639922499657 
v -1.2882057428359985 4.094907283782959 0.0012308399891480803 
v -1.0986555814743042 4.090417861938477 0.20119139552116394 
v -1.0986555814743042 3.8928768634796143 0.005323600023984909 
v -1.110884666442871 3.8300230503082275 0.2245786041021347 
v -1.0864266157150269 3.8838977813720703 1.0080498456954956 
v -1.3187782764434814 3.8821020126342773 1.0010336637496948 
v -1.1047700643539429 3.8461854457855225 0.9525051712989807 
v -1.306549310684204 3.8425939083099365 0.9337954521179199 
v -1.110884666442871 3.838104248046875 0.6905685663223267 
v -1.2148314714431763 3.838104248046875 0.602866530418396 
v -1.0925410985946655 3.91622257232666 0.4982088506221771 
v -1.2148314714431763 3.8336145877838135 0.39764389395713806 
v -1.110884666442871 3.8300230503082275 0.2245786041021347 
v -1.2270605564117432 3.832716703414917 0.03338823840022087 
v -1.0986555814743042 3.8928768634796143 0.005323600023984909 
v -1.6367334127426147 3.8533687591552734 0.9957715272903442 
v -1.6978785991668701 3.839900016784668 0.7917181849479675 
v -1.691763997077942 3.8605520725250244 0.9647834897041321 
v -1.0925410985946655 3.8605520725250244 0.9706302881240845 
v -1.6061607599258423 3.838104248046875 0.5438138842582703 
v -1.4471832513809204 3.838104248046875 0.2526432275772095 
v -1.728451132774353 3.839900016784668 0.5636929869651794 
v -1.807939887046814 3.843491792678833 0.6280078291893005 
v -1.807939887046814 3.8533687591552734 0.7332502007484436 
v -1.844627022743225 3.848879098892212 0.8601257801055908 
v -1.7957109212875366 3.861449956893921 0.9548439383506775 
v -1.8935432434082031 3.9018561840057373 0.9495818018913269 
v -1.9302303791046143 3.865041732788086 0.8583717346191406 
v -1.973031997680664 3.868633270263672 0.9811545014381409 
v -2.089207887649536 3.8479812145233154 1.0057110786437988 
v -2.1381239891052246 3.834512710571289 0.7999036908149719 
v -2.327674150466919 3.8372063636779785 1.0326063632965088 
v -1.8507415056228638 3.830920934677124 0.7975649833679199 
v -1.8813141584396362 3.856062412261963 0.7133710980415344 
v -1.887428641319275 3.8587563037872314 0.616314172744751 
v -1.9669173955917358 3.87402081489563 0.6104673743247986 
v -2.0830934047698975 3.852470874786377 0.741435706615448 
v -2.0647497177124023 3.859654188156128 0.6309311985969543 
v -1.9424593448638916 3.859654188156128 0.557846188545227 
v -2.089207887649536 3.912631034851074 0.4321399927139282 
v -2.3765902519226074 3.8479812145233154 0.48300716280937195 
v -2.3582468032836914 3.838104248046875 0.9127469658851624 
v -2.382704734802246 3.8425939083099365 0.9823238849639893 
v -2.382704734802246 3.9036519527435303 1.0624250173568726 
v -2.401048421859741 3.856062412261963 0.5251041054725647 
v -2.4193918704986572 3.861449956893921 0.3532082140445709 
v -2.3582468032836914 3.872225046157837 0.24855047464370728 
v -2.401048421859741 3.8892853260040283 0.24855047464370728 
v -2.3582468032836914 3.84169602394104 0.052097998559474945 
v -2.0647497177124023 3.875816583633423 0.12752172350883484 
v -2.266528844833374 3.9054477214813232 0.00298488000407815 
v -2.4132773876190186 3.8803062438964844 0.1678646355867386 
v -1.8629705905914307 3.8390021324157715 0.3725026547908783 
v -1.6734204292297363 3.8587563037872314 0.13863064348697662 
v -1.4227252006530762 3.859654188156128 0.11056599766016006 
v -1.3554654121398926 3.9153246879577637 0.00824700016528368 
v -1.07419753074646 4.602228164672852 0.9238559007644653 
v -1.0925410985946655 4.538476467132568 0.9408115744590759 
v -1.0680830478668213 4.478316307067871 0.9489971399307251 
v -1.0803120136260986 4.401095867156982 0.9910940527915955 
v -1.3554654121398926 4.2655110359191895 1.0355297327041626 
v -1.190373420715332 4.366974830627441 0.9419809579849243 
v -1.1964879035949707 4.273591995239258 1.0489773750305176 
v -1.1169991493225098 4.354404449462891 0.998694896697998 
v -2.0219480991363525 3.9207122325897217 1.0308523178100586 
v -1.8751996755599976 3.952139139175415 1.0004489421844482 
v -1.8935432434082031 3.9018561840057373 0.9495818018913269 
v -2.401048421859741 3.8892853260040283 0.24855047464370728 
v -2.3765902519226074 3.9045498371124268 0.2275020033121109 
v -2.3582468032836914 3.872225046157837 0.24855047464370728 
v -2.3582468032836914 3.872225046157837 0.24855047464370728 
v -2.4132773876190186 3.8803062438964844 0.1678646355867386 
v -2.3765902519226074 3.9045498371124268 0.2275020033121109 
v -2.401048421859741 3.8892853260040283 0.24855047464370728 
v -2.4132773876190186 3.8803062438964844 0.1678646355867386 
v -2.3765902519226074 3.9045498371124268 0.2275020033121109 
v 6.801304340362549 5.046695232391357 0.8887750506401062 
v 6.79518985748291 5.015268325805664 0.9185937643051147 
v 6.75850248336792 4.9928202629089355 0.8952065706253052 
v 0.39940181374549866 3.814758539199829 0.01117040030658245 
v 0.34437111020088196 3.798596143722534 0.028126120567321777 
v 0.33214208483695984 4.088622093200684 0.03455759957432747 
vn 0.8321449160575867 0.5486482977867126 0.08074574917554855 
vn 0.6750047206878662 0.7323706746101379 -0.08945280313491821 
vn 0.47166013717651367 0.8496432900428772 0.23588760197162628 
vn -0.05465260520577431 0.9143260717391968 0.401274174451828 
vn 0.22010675072669983 0.6188312768936157 0.7540562748908997 
vn 0.0150928208604455 0.9991964101791382 -0.03713129088282585 
vn 0.6909050345420837 0.7229422330856323 0.002184694167226553 
vn 0.06791467219591141 0.9976887702941895 0.002184694167226553 
vn 0.1072431206703186 0.8832265138626099 0.456519216299057 
vn 0.14349476993083954 0.5634183287620544 0.8136147856712341 
vn -0.024525977671146393 0.9354079961776733 0.3527185618877411 
vn 0.031983159482479095 0.4843704104423523 0.87427818775177 
vn -0.6339574456214905 0.3602149784564972 0.6843559741973877 
vn -0.6904798746109009 0.6838088631629944 0.23588760197162628 
vn -0.7069026231765747 0.7069026231765747 0.024029340595006943 
vn 0.015098875388503075 0.9995972514152527 0.024029340595006943 
vn -0.7225558161735535 0.6905357241630554 -0.03276457265019417 
vn 0.13544993102550507 0.8793426752090454 -0.456519216299057 
vn -0.06038079410791397 0.9067971110343933 -0.417220801115036 
vn 0.319402813911438 0.8217049837112427 -0.4719987213611603 
vn 0.6788514256477356 0.7095545530319214 -0.18892620503902435 
vn 0.016990620642900467 0.5154029726982117 -0.8567795157432556 
vn 0.0660301148891449 0.9821662902832031 -0.1760382205247879 
vn -0.7126576900482178 0.6779360771179199 -0.18033768236637115 
vn -0.22804370522499084 0.6602888703346252 -0.715552031993866 
vn 0.10507288575172424 0.4894799590110779 -0.865661084651947 
vn 0.11455433070659637 0.5480324029922485 -0.8285757899284363 
vn 0.22010675072669983 0.6188312768936157 0.7540562748908997 
vn -0.08467789739370346 0.1616503745317459 0.983208417892456 
vn 0.5349142551422119 0.2617793083190918 0.8033295273780823 
vn 0.1273098737001419 -0.02960464358329773 0.991421103477478 
vn 0.07448802888393402 0.17128470540046692 0.9824016690254211 
vn -0.05465260520577431 0.9143260717391968 0.401274174451828 
vn 0.1072431206703186 0.8832265138626099 0.456519216299057 
vn 0.14349476993083954 0.5634183287620544 0.8136147856712341 
vn 0.031983159482479095 0.4843704104423523 0.87427818775177 
vn -0.02827353961765766 0.020541928708553314 0.999389111995697 
vn -0.6339574456214905 0.3602149784564972 0.6843559741973877 
vn -0.7767859101295471 -0.1014738455414772 0.6215357780456543 
vn -0.11239016801118851 -0.01479644700884819 0.9935539960861206 
vn -0.6311571598052979 -0.24308562278747559 0.736579954624176 
vn -0.04924805089831352 0.017924824729561806 0.9986256957054138 
vn -0.1849510818719864 -0.02607705257833004 0.9824016690254211 
vn -0.5554694533348083 -0.2591351568698883 0.790128231048584 
vn -0.09683475643396378 -0.12313541024923325 0.9876541495323181 
vn -0.6297738552093506 -0.018848413601517677 0.7765498161315918 
vn -0.03579330816864967 -0.6721733212471008 0.7395281791687012 
vn -0.5115998983383179 -0.44239747524261475 0.736579954624176 
vn 0.03484489023685455 -0.055455323308706284 0.9978529810905457 
vn -0.01457377802580595 -0.06385189294815063 0.9978529810905457 
vn 0.025492655113339424 -0.08801085501909256 0.9957932829856873 
vn 0.25060853362083435 0.00750042824074626 0.9680594801902771 
vn 0.11861065775156021 0.04360947385430336 0.9919826984405518 
vn -0.024501189589500427 -0.6464052200317383 0.762600839138031 
vn 0.12181100249290466 -0.007439921144396067 0.9925254583358765 
vn 0.04332881048321724 -0.7127082943916321 0.7001210451126099 
vn 0.3562238812446594 -0.6597026586532593 0.661737859249115 
vn -0.21961985528469086 -0.5905399918556213 0.7765498161315918 
vn -0.21499206125736237 -0.22828415036201477 0.949560284614563 
vn 0.0663185864686966 0.02193930558860302 0.9975572824478149 
vn 0.03446967154741287 -0.026828821748495102 0.9990455508232117 
vn 0.29267004132270813 -0.00750736054033041 0.9561840295791626 
vn 0.6873193383216858 -0.08272549510002136 0.7216291427612305 
vn 0.7429691553115845 0.03767913207411766 0.6682642698287964 
vn 0.6057111024856567 0.06770538538694382 0.7927988767623901 
vn 0.7779802083969116 0.1720450222492218 0.6042742133140564 
vn 0.8448650240898132 0.12026114016771317 0.5212872624397278 
vn 0.6855748891830444 0.022600458934903145 0.7276512384414673 
vn 0.5316806435585022 0.05260232463479042 0.8453097939491272 
vn 0.34923890233039856 -0.12533408403396606 0.9286137819290161 
vn 0.6749508380889893 -0.2510119676589966 0.6938546895980835 
vn 0.3895947337150574 -0.6572142839431763 0.6452018022537231 
vn 0.08440165966749191 -0.5461314916610718 0.8334367275238037 
vn -0.1985480934381485 -0.1312534064054489 0.9712626934051514 
vn -0.42599591612815857 -0.5376347899436951 0.7276512384414673 
vn 0.206053227186203 0.029797615483403206 0.9780870079994202 
vn 0.8106289505958557 0.05273791402578354 0.5831804275512695 
vn 0.23777417838573456 0.76596999168396 0.5972883701324463 
vn 0.8445068597793579 0.5100980401039124 0.16312000155448914 
vn 0.6091923117637634 -0.06769144535064697 0.790128231048584 
vn 0.9941898584365845 -0.052795931696891785 0.09380380809307098 
vn 0.45426666736602783 -0.147995725274086 0.8784868121147156 
vn 0.5659428238868713 -0.097453773021698 0.8186644315719604 
vn 0.49622872471809387 -0.17705406248569489 0.8499464392662048 
vn 0.9861473441123962 -0.06037840619683266 0.15449213981628418 
vn 0.4352288544178009 -0.19707056879997253 0.8784868121147156 
vn 0.31571638584136963 -0.25727617740631104 0.913308322429657 
vn 0.8928741812705994 -0.39588063955307007 0.21460255980491638 
vn 0.06404722481966019 -0.744085431098938 0.6650074124336243 
vn 0.6324937343597412 0.7671607732772827 -0.10684575140476227 
vn 0.9450268745422363 0.3261086046695709 -0.024029340595006943 
vn 0.999997615814209 0 -0.002184694167226553 
vn 0.9652334451675415 0.0075527578592300415 -0.2612801790237427 
vn 0.9629132747650146 0.007553416769951582 -0.26970529556274414 
vn 0.6308971643447876 0.7720966935157776 0.0763898640871048 
vn 0.7298170924186707 0.5806299448013306 -0.36088213324546814 
vn 0.5081198215484619 0.007565987762063742 -0.8612531423568726 
vn 0.3558127284049988 0.33578813076019287 -0.872148871421814 
vn 0.26274171471595764 -0.9550614953041077 0.1372016966342926 
vn 0.3685797452926636 -0.9292855262756348 -0.024029340595006943 
vn 0.9602805376052856 -0.2683763802051544 0.0763898640871048 
vn 0.4860578179359436 -0.08272140473127365 -0.8700028657913208 
vn 0.9692537784576416 0.08300799876451492 -0.23163928091526031 
vn 0.9730722308158875 -0.03775963559746742 -0.22738653421401978 
vn 0.9590979814529419 0.05278235673904419 0.2781098484992981 
vn 0.32050463557243347 -0.6935354471206665 -0.6452018022537231 
vn 0.5912633538246155 -0.36609476804733276 -0.7185974717140198 
vn 0.6638259887695312 -0.7425181865692139 0.08945280313491821 
vn 0.6873193383216858 -0.08272549510002136 0.7216291427612305 
vn 0.7429691553115845 0.03767913207411766 0.6682642698287964 
vn 0.9704762697219849 0.02264401689171791 0.2401314377784729 
vn 0.7779802083969116 0.1720450222492218 0.6042742133140564 
vn 0.8448650240898132 0.12026114016771317 0.5212872624397278 
vn 0.9179157614707947 -0.21697531640529633 0.33219319581985474 
vn 0.6855748891830444 0.022600458934903145 0.7276512384414673 
vn 0.6749508380889893 -0.2510119676589966 0.6938546895980835 
vn 0.7621206045150757 -0.6077709197998047 0.22312943637371063 
vn 0.9587184190750122 -0.28293558955192566 -0.028397228568792343 
vn 0.44445905089378357 -0.8955833911895752 -0.01966099627315998 
vn 0.5336511135101318 -0.8262534737586975 0.18033768236637115 
vn 0.9680131673812866 -0.24667201936244965 0.04586252197623253 
vn 0.640454888343811 -0.7564141750335693 0.1328723281621933 
vn 0.3342769145965576 -0.5538040399551392 -0.762600839138031 
vn 0.7048379182815552 -0.2087496519088745 -0.677958071231842 
vn 0.8451130986213684 0.2020200490951538 -0.4949462115764618 
vn 0.5072751641273499 0.03024718165397644 -0.8612531423568726 
vn 0.9982519745826721 -0.02264721319079399 -0.05459024757146835 
vn 0.9972879886627197 0.015100298449397087 -0.07203252613544464 
vn 0.989509105682373 -0.04524800181388855 0.1372016966342926 
vn 0.8106289505958557 0.05273791402578354 0.5831804275512695 
vn 0.9442436099052429 0.27546754479408264 0.18033768236637115 
vn 0.5349142551422119 0.2617793083190918 0.8033295273780823 
vn 0.47166013717651367 0.8496432900428772 0.23588760197162628 
vn 0.22010675072669983 0.6188312768936157 0.7540562748908997 
vn 0.9449621438980103 0.20240211486816406 -0.25706008076667786 
vn 0.8321449160575867 0.5486482977867126 0.08074574917554855 
vn 0.6750047206878662 0.7323706746101379 -0.08945280313491821 
vn 0.9991101026535034 -0.007545328699052334 -0.04149730131030083 
vn 0.6909050345420837 0.7229422330856323 0.002184694167226553 
vn 0.9708762764930725 0.0754624754190445 -0.22738653421401978 
vn 0.6788514256477356 0.7095545530319214 -0.18892620503902435 
vn 0.768286406993866 0.04530822113156319 -0.6385006904602051 
vn 0.7457674145698547 -0.23079204559326172 -0.6249527335166931 
vn 0.9633111357688904 -0.13555409014225006 -0.23163928091526031 
vn 0.9322252869606018 -0.06039154529571533 -0.3568037748336792 
vn 0.9888451099395752 0.030206702649593353 -0.1458524912595749 
vn 0.9594802856445312 0.04530465602874756 -0.2781098484992981 
vn 0.8764045238494873 0.12791506946086884 -0.4642767012119293 
vn 0.8170059323310852 0.23846331238746643 -0.5250110030174255 
vn 0.7086961269378662 0.12773200869560242 -0.6938546895980835 
vn 0.8465579748153687 0.23855794966220856 -0.4758462607860565 
vn 0.849341094493866 0.08294136822223663 -0.5212872624397278 
vn 0.9079181551933289 0.09048943966627121 -0.40926313400268555 
vn 0.7144177556037903 0.0904042199254036 -0.6938546895980835 
vn 0.3913600444793701 0.12636615335941315 -0.9115201234817505 
vn 0.3573160171508789 0.25493550300598145 -0.8985171914100647 
vn 0.8964133262634277 -0.04527805373072624 -0.4409002661705017 
vn 0.8272923827171326 -0.09049767255783081 -0.5544344186782837 
vn 0.7100332975387573 -0.07538694888353348 -0.7001210451126099 
vn 0.6394283175468445 -0.0978335440158844 -0.762600839138031 
vn 0.8970692157745361 -0.10555684566497803 -0.42909738421440125 
vn 0.8286765813827515 0.23866739869117737 -0.5062933564186096 
vn 0.7256746292114258 -0.28780263662338257 -0.6249527335166931 
vn 0.3049122393131256 -0.05269734561443329 -0.9509214162826538 
vn -0.29015254974365234 0.6881690621376038 0.6650074124336243 
vn -0.2464885413646698 -5.097952835157911e-14 0.9691457152366638 
vn -0.29268506169319153 0.7324758172035217 0.6146662831306458 
vn -0.2469758838415146 0.06325733661651611 0.9669547080993652 
vn -0.1601918786764145 0.5808472037315369 0.7980946898460388 
vn -0.03841542825102806 -0.020789390429854393 0.9990455508232117 
vn -0.0381675660610199 0.04202673211693764 0.9983872175216675 
vn 0.45426666736602783 -0.147995725274086 0.8784868121147156 
vn -0.09496044367551804 0.3628826141357422 0.926983654499054 
vn 0.23777417838573456 0.76596999168396 0.5972883701324463 
vn 0.6091923117637634 -0.06769144535064697 0.790128231048584 
vn 0.5659428238868713 -0.097453773021698 0.8186644315719604 
vn -0.13269568979740143 -0.2749262750148773 0.9522643685340881 
vn -0.24452602863311768 -0.13683336973190308 0.9599394202232361 
vn 0.49622872471809387 -0.17705406248569489 0.8499464392662048 
vn -0.12090655416250229 -0.22445529699325562 0.9669547080993652 
vn 0.4352288544178009 -0.19707056879997253 0.8784868121147156 
vn -0.1325072944164276 -0.15500189363956451 0.9789873361587524 
vn 0.31571638584136963 -0.25727617740631104 0.913308322429657 
vn -0.18255403637886047 -0.6545831561088562 0.7336177229881287 
vn 0.06404722481966019 -0.744085431098938 0.6650074124336243 
vn 0.08824782073497772 -0.6065555810928345 0.790128231048584 
vn 0.270943284034729 -0.15787644684314728 0.949560284614563 
vn 0.08908610045909882 -0.1442982256412506 0.9855159521102905 
vn 0.22840215265750885 -0.12248235195875168 0.9658315181732178 
vn 0.06269130110740662 -0.20747102797031403 0.976230263710022 
vn 0.11217565834522247 -0.08979794383049011 0.9896226525306702 
vn -0.0018808468012139201 -0.2718018889427185 0.962351381778717 
vn 0.06749660521745682 -0.11193054914474487 0.991421103477478 
vn 0.19648408889770508 0.10116664320230484 0.9752739667892456 
vn 0.3278201222419739 -0.1459549218416214 0.933397650718689 
vn 0.3321521282196045 -0.14623607695102692 0.931820809841156 
vn -0.602627694606781 -0.06397051364183426 0.7954543828964233 
vn 0.28974682092666626 -0.09612169861793518 0.9522643685340881 
vn -0.6221226453781128 -0.07524712383747101 0.7792953848838806 
vn 0.2997281849384308 -0.13838347792625427 0.9439348578453064 
vn 0.23781134188175201 -0.5421552658081055 0.8059239983558655 
vn 0.270607590675354 -0.2825671136379242 0.9202865362167358 
vn -0.16914749145507812 -0.9689517021179199 -0.18033768236637115 
vn 0.26158589124679565 -0.24564549326896667 0.933397650718689 
vn -0.9335312247276306 -0.06410197168588638 0.3527185618877411 
vn 0.17741629481315613 -0.1456017941236496 0.9733054637908936 
vn -0.5495076775550842 -0.5348461866378784 0.641857385635376 
vn 0.06033504381775856 -0.858022153377533 0.5100564956665039 
vn -0.6620793342590332 0.041427936404943466 0.7482877969741821 
vn -0.5923711657524109 0.2912493050098419 0.7511792182922363 
vn 0.11475672572851181 0.19876447319984436 0.9733054637908936 
vn -0.2792990505695343 -0.022547351196408272 0.9599394202232361 
vn -0.10063930600881577 0.4312734603881836 0.8965907096862793 
vn 0.07129143923521042 0.5294986367225647 0.8453097939491272 
vn -0.7528296113014221 0.305201917886734 0.5831804275512695 
vn -0.11071398109197617 0.7267153859138489 0.677958071231842 
vn -0.20347940921783447 0.8334239721298218 0.5138099193572998 
vn -0.20996931195259094 -0.20996931195259094 0.9548956751823425 
vn -0.2002151608467102 -0.3267214596271515 0.9236704111099243 
vn 0.17547135055065155 -0.3315283954143524 0.926983654499054 
vn 0.0073329973965883255 -0.06508214771747589 0.9978529810905457 
vn -0.18881064653396606 -0.1649588942527771 0.9680594801902771 
vn -0.06011030822992325 -0.5382971167564392 0.8406086564064026 
vn -0.04681520536541939 -0.3639884889125824 0.9302261471748352 
vn -0.11000817269086838 -0.2802962362766266 0.953589141368866 
vn 0.046325426548719406 -0.17650820314884186 0.983208417892456 
vn 0.1523333042860031 0 0.9883291721343994 
vn -0.009296656586229801 -0.12168338149785995 0.9925254583358765 
vn -0.1795504242181778 -0.305970162153244 0.9349566102027893 
vn -0.13541562855243683 -0.25956639647483826 0.9561840295791626 
vn -0.07890701293945312 -0.20643247663974762 0.9752739667892456 
vn 0.9450268745422363 0.3261086046695709 -0.024029340595006943 
vn 0.6308971643447876 0.7720966935157776 0.0763898640871048 
vn 0.08293090015649796 0.9960165619850159 0.03276457265019417 
vn 0.03583899885416031 0.9926571846008301 -0.11553031951189041 
vn -0.07544470578432083 0.9056681990623474 -0.417220801115036 
vn -0.10529059916734695 0.5535675883293152 -0.8261215686798096 
vn 0.3558127284049988 0.33578813076019287 -0.872148871421814 
vn 0.7298170924186707 0.5806299448013306 -0.36088213324546814 
vn -0.23507802188396454 0.8797534704208374 -0.41324591636657715 
vn -0.29015254974365234 0.6881690621376038 0.6650074124336243 
vn -0.29268506169319153 0.7324758172035217 0.6146662831306458 
vn -0.20347940921783447 0.8334239721298218 0.5138099193572998 
vn -0.020766617730259895 0.98177170753479 0.18892620503902435 
vn -0.08475878089666367 0.9555732607841492 0.28230419754981995 
vn 0.13180802762508392 0.9263995885848999 -0.3527185618877411 
vn 0.01510031707584858 0.9996926784515381 -0.01966099627315998 
vn 0.6324937343597412 0.7671607732772827 -0.10684575140476227 
vn -0.09418155252933502 0.9730826616287231 0.2103329300880432 
vn -0.17651928961277008 0.9720972776412964 -0.15449213981628418 
vn -0.1601918786764145 0.5808472037315369 0.7980946898460388 
vn 0.8445068597793579 0.5100980401039124 0.16312000155448914 
vn 0.23777417838573456 0.76596999168396 0.5972883701324463 
vn -0.09496044367551804 0.3628826141357422 0.926983654499054 
vn -0.7528296113014221 0.305201917886734 0.5831804275512695 
vn -0.11071398109197617 0.7267153859138489 0.677958071231842 
vn -0.6558656096458435 0.6585331559181213 0.3690181374549866 
vn -0.009434275329113007 0.8876602053642273 0.46040233969688416 
vn -0.8733765482902527 0.45411890745162964 0.1760382205247879 
vn -0.6482403874397278 0.7376254200935364 0.18892620503902435 
vn -0.5960268378257751 0.7067263722419739 -0.3811691105365753 
vn 0.17222750186920166 0.4860726296901703 -0.8567795157432556 
vn -0.7468271851539612 0.003778175450861454 -0.6650074124336243 
vn -0.22804370522499084 0.6602888703346252 -0.715552031993866 
vn -0.7497352957725525 -1.550625811563497e-13 -0.661737859249115 
vn -0.6782916784286499 0.041538674384355545 -0.7336177229881287 
vn 0.10507288575172424 0.4894799590110779 -0.865661084651947 
vn 0.11455433070659637 0.5480324029922485 -0.8285757899284363 
vn 0.0720207467675209 0.16767290234565735 -0.983208417892456 
vn 0.13544993102550507 0.8793426752090454 -0.456519216299057 
vn -0.06038079410791397 0.9067971110343933 -0.417220801115036 
vn -0.07036365568637848 0.18224643170833588 -0.9807319641113281 
vn 0.016990620642900467 0.5154029726982117 -0.8567795157432556 
vn 0.3049122393131256 -0.05269734561443329 -0.9509214162826538 
vn 0.768286406993866 0.04530822113156319 -0.6385006904602051 
vn 0.319402813911438 0.8217049837112427 -0.4719987213611603 
vn 0.6788514256477356 0.7095545530319214 -0.18892620503902435 
vn -0.6022359728813171 -0.01888822577893734 -0.7980946898460388 
vn -0.5416429042816162 -1.1202426790021813e-13 -0.8406086564064026 
vn -0.4852924644947052 -0.011351384222507477 -0.87427818775177 
vn -0.7321215867996216 -0.003776762168854475 -0.681163489818573 
vn 0.7457674145698547 -0.23079204559326172 -0.6249527335166931 
vn 0.7256746292114258 -0.28780263662338257 -0.6249527335166931 
vn -0.003785256529226899 -0.15660449862480164 -0.9876541495323181 
vn 0.19092193245887756 0.00754857063293457 -0.9815762042999268 
vn 0.7100332975387573 -0.07538694888353348 -0.7001210451126099 
vn 0.6394283175468445 -0.0978335440158844 -0.762600839138031 
vn 0.7144177556037903 0.0904042199254036 -0.6938546895980835 
vn 0.7086961269378662 0.12773200869560242 -0.6938546895980835 
vn 0.3913600444793701 0.12636615335941315 -0.9115201234817505 
vn -0.08276677131652832 -0.4548719823360443 -0.8867024183273315 
vn -0.001890450599603355 -0.537961483001709 -0.8429672718048096 
vn 0.007549809291958809 -0.9228001236915588 -0.3852050006389618 
vn 0.07893601059913635 -0.4476683735847473 -0.8907088041305542 
vn -0.34896406531333923 -0.06387617439031601 -0.9349566102027893 
vn -0.02075067162513733 -0.34184709191322327 -0.9395264387130737 
vn 0.11490167677402496 -0.8546722531318665 -0.5062933564186096 
vn -0.20545460283756256 -0.7643336653709412 -0.6112139225006104 
vn -0.5017227530479431 -0.1344362050294876 -0.8545181155204773 
vn 0.3573160171508789 0.25493550300598145 -0.8985171914100647 
vn -0.3782248795032501 0.02644805982708931 -0.9253358840942383 
vn -0.6825942993164062 -0.01510410662740469 -0.7306414246559143 
vn -0.9451663494110107 -0.04152936860918999 -0.3239381015300751 
vn -0.7487759590148926 -0.5850611329078674 -0.31150925159454346 
vn 0.9449621438980103 0.20240211486816406 -0.25706008076667786 
vn 0.8451130986213684 0.2020200490951538 -0.4949462115764618 
vn 0.5072751641273499 0.03024718165397644 -0.8612531423568726 
vn 0.7048379182815552 -0.2087496519088745 -0.677958071231842 
vn -0.09049545228481293 -0.8369115591049194 -0.5398051738739014 
vn 0.06413666158914566 -0.8750937581062317 -0.4796847105026245 
vn 0.3342769145965576 -0.5538040399551392 -0.762600839138031 
vn -0.7644197940826416 -0.5796263813972473 0.28230419754981995 
vn -0.9980588555335999 -0.060371436178684235 0.0152922747656703 
vn -0.7165989279747009 -0.6899127960205078 -0.10250037163496017 
vn -0.9578707218170166 -0.26480311155319214 -0.1111890971660614 
vn -0.3824779689311981 -0.9233834743499756 -0.03276457265019417 
vn -0.5115998983383179 -0.44239747524261475 0.736579954624176 
vn -0.6297738552093506 -0.018848413601517677 0.7765498161315918 
vn -0.991797149181366 -0.03018677607178688 0.1242060661315918 
vn -0.5554694533348083 -0.2591351568698883 0.790128231048584 
vn -0.6311571598052979 -0.24308562278747559 0.736579954624176 
vn -0.980231761932373 0.1913711428642273 0.05022686347365379 
vn -0.7767859101295471 -0.1014738455414772 0.6215357780456543 
vn -0.9967476725578308 0.07541686296463013 -0.028397228568792343 
vn -0.9999691247940063 -0.007551815826445818 -0.002184694167226553 
vn -0.9731473922729492 -0.21713750064373016 0.0763898640871048 
vn -0.9451663494110107 -0.04152936860918999 -0.3239381015300751 
vn -0.7487759590148926 -0.5850611329078674 -0.31150925159454346 
vn -0.5017227530479431 -0.1344362050294876 -0.8545181155204773 
vn -0.34896406531333923 -0.06387617439031601 -0.9349566102027893 
vn -0.42069846391677856 -0.9046729207038879 0.06767380982637405 
vn -0.7780737280845642 -0.6249741315841675 0.0633138045668602 
vn -0.6825942993164062 -0.01510410662740469 -0.7306414246559143 
vn -0.9737752676010132 0.007553744595497847 -0.22738653421401978 
vn -0.3782248795032501 0.02644805982708931 -0.9253358840942383 
vn -0.9707110524177551 -0.007548614405095577 -0.2401314377784729 
vn -0.4852924644947052 -0.011351384222507477 -0.87427818775177 
vn -0.7321215867996216 -0.003776762168854475 -0.681163489818573 
vn -0.9999499917030334 0.0075516714714467525 -0.006554040592163801 
vn -0.9979309439659119 0.03396717831492424 -0.05459024757146835 
vn -0.9988545179367065 -0.03018219955265522 -0.03713129088282585 
vn -0.9996827244758606 -0.007549653295427561 0.024029340595006943 
vn -0.9885947704315186 0.011321621015667915 -0.15017375349998474 
vn -0.5416429042816162 -1.1202426790021813e-13 -0.8406086564064026 
vn -0.6022359728813171 -0.01888822577893734 -0.7980946898460388 
vn -0.6782916784286499 0.041538674384355545 -0.7336177229881287 
vn -0.7225558161735535 0.6905357241630554 -0.03276457265019417 
vn -0.7497352957725525 -1.550625811563497e-13 -0.661737859249115 
vn -0.7468271851539612 0.003778175450861454 -0.6650074124336243 
vn -0.7126576900482178 0.6779360771179199 -0.18033768236637115 
vn -0.22804370522499084 0.6602888703346252 -0.715552031993866 
vn -0.7069026231765747 0.7069026231765747 0.024029340595006943 
vn -0.9996837377548218 0.02265242673456669 0.010923261754214764 
vn -0.999997615814209 -2.0682260971124217e-13 -0.002184694167226553 
vn -0.9977729916572571 0.06035414710640907 -0.028397228568792343 
vn -0.9988834857940674 0.011329312808811665 -0.04586252197623253 
vn -0.6339574456214905 0.3602149784564972 0.6843559741973877 
vn -0.9998830556869507 -2.0679891989377336e-13 -0.0152922747656703 
vn -0.6904798746109009 0.6838088631629944 0.23588760197162628 
vn -0.997911274433136 0.02641436643898487 0.058952588587999344 
vn -0.9805701971054077 0.16161379218101501 0.1111890971660614 
vn -0.9967886209487915 0.04902810975909233 0.0633138045668602 
vn -0.999265730381012 0.037749744951725006 0.006554040592163801 
vn 0.6749508380889893 -0.2510119676589966 0.6938546895980835 
vn 0.7621206045150757 -0.6077709197998047 0.22312943637371063 
vn 0.3895947337150574 -0.6572142839431763 0.6452018022537231 
vn 0.2986326217651367 -0.9190966486930847 0.25706008076667786 
vn -0.09042976796627045 -0.93739914894104 0.3363112509250641 
vn -0.11487825214862823 -0.9918784499168396 -0.05459024757146835 
vn 0.44445905089378357 -0.8955833911895752 -0.01966099627315998 
vn 0.5336511135101318 -0.8262534737586975 0.18033768236637115 
vn 0.08440165966749191 -0.5461314916610718 0.8334367275238037 
vn -0.42599591612815857 -0.5376347899436951 0.7276512384414673 
vn -0.21961985528469086 -0.5905399918556213 0.7765498161315918 
vn 0.11862722039222717 -0.9914370775222778 -0.05459024757146835 
vn 0.3562238812446594 -0.6597026586532593 0.661737859249115 
vn 0.1875772625207901 -0.9817032217979431 -0.03276457265019417 
vn 0.16537824273109436 -0.986227810382843 0.002184694167226553 
vn 0.1484767496585846 -0.9868870377540588 0.0633138045668602 
vn 0.022641615942120552 -0.9992066025733948 0.03276457265019417 
vn 0.04332881048321724 -0.7127082943916321 0.7001210451126099 
vn 0.03019719012081623 -0.9993505477905273 0.01966099627315998 
vn -0.024501189589500427 -0.6464052200317383 0.762600839138031 
vn -0.03579330816864967 -0.6721733212471008 0.7395281791687012 
vn 0.007551383227109909 -0.9999118447303772 0.010923261754214764 
vn -0.7644197940826416 -0.5796263813972473 0.28230419754981995 
vn 0.07732749730348587 -0.9933671951293945 -0.08510008454322815 
vn -0.7165989279747009 -0.6899127960205078 -0.10250037163496017 
vn -0.3824779689311981 -0.9233834743499756 -0.03276457265019417 
vn 0.07544567435979843 -0.9971283674240112 -0.006554040592163801 
vn 0.09045028686523438 -0.995361864566803 0.03276457265019417 
vn -0.5115998983383179 -0.44239747524261475 0.736579954624176 
vn -0.16911634802818298 -0.983269989490509 -0.06767380982637405 
vn 0.07544567435979843 -0.9971283674240112 -0.006554040592163801 
vn 0.07542550563812256 -0.9968618750572205 -0.024029340595006943 
vn -0.42069846391677856 -0.9046729207038879 0.06767380982637405 
vn 0.07540678232908249 -0.996614396572113 0.03276457265019417 
vn 0.07354961335659027 -0.9910739064216614 -0.1111890971660614 
vn 0.10178471356630325 -0.992501974105835 -0.06767380982637405 
vn 0.09606988728046417 -0.9886472225189209 -0.11553031951189041 
vn -0.04715646430850029 -0.9971463680267334 -0.058952588587999344 
vn -0.7780737280845642 -0.6249741315841675 0.0633138045668602 
vn -0.7487759590148926 -0.5850611329078674 -0.31150925159454346 
vn -0.20545460283756256 -0.7643336653709412 -0.6112139225006104 
vn 0.11490167677402496 -0.8546722531318665 -0.5062933564186096 
vn 0.10178442299365997 -0.9732314944267273 -0.2060592919588089 
vn 0.07893601059913635 -0.4476683735847473 -0.8907088041305542 
vn 0.007549809291958809 -0.9228001236915588 -0.3852050006389618 
vn 0.02265329100191593 -0.999721884727478 -0.006554040592163801 
vn 0.1091885045170784 -0.9907360672950745 0.08074574917554855 
vn 0.0377180390059948 -0.9984264373779297 0.04149730131030083 
vn 0.640454888343811 -0.7564141750335693 0.1328723281621933 
vn 0.04338642582297325 -0.9973174929618835 0.058952588587999344 
vn -0.0622621588408947 -0.9824123382568359 -0.1760382205247879 
vn -0.001890450599603355 -0.537961483001709 -0.8429672718048096 
vn -0.08276677131652832 -0.4548719823360443 -0.8867024183273315 
vn -0.09049545228481293 -0.8369115591049194 -0.5398051738739014 
vn 0.06413666158914566 -0.8750937581062317 -0.4796847105026245 
vn 0.3342769145965576 -0.5538040399551392 -0.762600839138031 
vn 0.6735579371452332 0.5126789808273315 0.5324283838272095 
vn 0.8346768617630005 0.40136080980300903 0.37712597846984863 
vn 0.6520262360572815 0.25069332122802734 0.715552031993866 
vn 0.9850148558616638 0.13538718223571777 0.10684575140476227 
vn 0.9967347383499146 0 0.08074574917554855 
vn 0.6364166140556335 -0.02260115183889866 0.7710143327713013 
vn 0.5880680084228516 -0.23542693257331848 0.7737894654273987 
vn 0.9417444467544556 -0.21688124537467957 0.25706008076667786 
vn 0.4675249457359314 -0.5672682523727417 0.677958071231842 
vn 0.7719656229019165 -0.628040611743927 0.0981530249118805 
vn 0.26872318983078003 -0.7977457046508789 0.5398051738739014 
vn 0.9874297380447388 -0.1579226851463318 -0.006554040592163801 
vn 0.34751296043395996 -0.9376115798950195 0.010923261754214764 
vn 0.813748836517334 -0.5800294280052185 0.03713129088282585 
vn 0.9992066025733948 -0.022641615942120552 -0.03276457265019417 
vn 0.6939476132392883 0.04532589763402939 -0.7185974717140198 
vn 0.9972336888313293 0.04527152702212334 -0.058952588587999344 
vn 0.9877638220787048 0.150334894657135 0.04149730131030083 
vn 0.8733274340629578 0.4163815379142761 0.25283506512641907 
vn 0.6776495575904846 0.46157893538475037 0.5724822878837585 
vn 0.5917988419532776 0.5851295590400696 0.5544344186782837 
vn 0.5300426483154297 0.6352667808532715 0.5616858005523682 
vn 0.6728371381759644 0.4218178391456604 0.607749879360199 
vn 0.5288366675376892 0.8254243731498718 0.1975002884864807 
vn 0.9149404764175415 0.38918882608413696 0.10684575140476227 
vn 0.9885443449020386 0.015095237642526627 -0.15017375349998474 
vn 0.6833387017250061 0.7273510694503784 0.0633138045668602 
vn 0.40744152665138245 0.7057093977928162 -0.5796254277229309 
vn 0.6683541536331177 -0.0453050322830677 -0.7424622178077698 
vn 0.43688586354255676 0.3501327335834503 -0.8285757899284363 
vn 0.9982811212539673 0.030201194807887077 -0.05022686347365379 
vn 0.8156986832618713 -0.052832961082458496 -0.5760593414306641 
vn 0.6759700775146484 0.022680632770061493 -0.736579954624176 
vn 0.4505687654018402 0.1197500079870224 -0.8846737742424011 
vn 0.7229818105697632 0.015119103714823723 -0.6907016038894653 
vn 0.6842153072357178 -0.7162576913833618 -0.1372016966342926 
vn 0.5819926261901855 -0.4993032217025757 -0.641857385635376 
vn 0.8231068849563599 -0.555091381072998 -0.11986933648586273 
vn 0.604758083820343 -0.7964062690734863 -0.002184694167226553 
vn 0.869796097278595 -0.49127528071403503 -0.04586252197623253 
vn 0.6271334886550903 -0.5951274633407593 0.5025205612182617 
vn 0.9962579607963562 0.015102901495993137 0.08510008454322815 
vn 0.6117835640907288 -0.03765948861837387 0.790128231048584 
vn 0.6173205971717834 0.14200393855571747 0.7737894654273987 
vn 0.9557449817657471 0.1504194140434265 0.25283506512641907 
vn 0.3245823085308075 0.5822815299034119 0.7453821301460266 
vn 0.5634059906005859 0.5634059906005859 0.6042742133140564 
vn 0.6437979340553284 0.681163489818573 0.34862664341926575 
vn 0.3156128525733948 0.7373161315917969 0.5972883701324463 
vn 0.8746224045753479 -0.4708380103111267 0.11553031951189041 
vn 0.6114805340766907 0.6889041066169739 -0.3892335295677185 
vn 0.7037711143493652 0.6824221014976501 0.1975002884864807 
vn 0.6644219160079956 0.15718340873718262 -0.7306414246559143 
vn 0.6795203685760498 0.007557041477411985 -0.7336177229881287 
vn 0.6599254012107849 0.01510804332792759 -0.7511792182922363 
vn 0.7409584522247314 -0.007558020297437906 -0.6715083718299866 
vn 0.4613507091999054 0.030238524079322815 -0.8867024183273315 
vn 0.7047452330589294 0.007556680589914322 -0.7094202041625977 
vn 0.95159512758255 0 -0.30735430121421814 
vn 0.7493932843208313 0.022644275799393654 -0.661737859249115 
vn 0.37884679436683655 -0.015121448785066605 -0.9253358840942383 
vn 0.12546959519386292 -0.015088272280991077 -0.9919826984405518 
vn 0.7291480898857117 0 -0.6843559741973877 
vn 0.7291480898857117 0 -0.6843559741973877 
vn 0.9996827244758606 -0.007549653295427561 -0.024029340595006943 
vn 0.695385217666626 -0.0075595262460410595 -0.7185974717140198 
vn 0.7231003642082214 0.007559964898973703 -0.6907016038894653 
vn 0.7016792893409729 0 -0.7124928832054138 
vn 0.7229818105697632 0.015119103714823723 -0.6907016038894653 
vn 0.7105966806411743 -0.02267170138657093 -0.7032341957092285 
vn 0.5703812837600708 -0.528991162776947 -0.6283578276634216 
vn 0.5659754276275635 -0.8168897032737732 -0.1111890971660614 
vn 0.46411725878715515 -0.8793060779571533 0.10684575140476227 
vn 0.0037830988876521587 -0.5081620812416077 -0.8612531423568726 
vn 0.08843071013689041 -0.4773024618625641 -0.87427818775177 
vn 0.011395451612770557 -0.1084204763174057 -0.9940398335456848 
vn -0.2969174385070801 0.0037766960449516773 -0.9548956751823425 
vn 0.0205277930945158 0.007471505552530289 -0.9997613430023193 
vn -0.3628402054309845 -0.0075500705279409885 -0.931820809841156 
vn 2.8153927756832675e-13 -0.9088051319122314 -0.417220801115036 
vn -0.037782974541187286 -0.46079421043395996 -0.8867024183273315 
vn 0.14508548378944397 -0.05907199904322624 -0.9876541495323181 
vn 0.2516425549983978 -0.15763959288597107 -0.9548956751823425 
vn -0.20967352390289307 -0.1523367315530777 -0.9658315181732178 
vn -0.3028174638748169 -0.34422212839126587 -0.888714075088501 
vn 0.09416022151708603 -0.7610210180282593 -0.641857385635376 
vn 0.4860578179359436 -0.08272140473127365 -0.8700028657913208 
vn 0.5081198215484619 0.007565987762063742 -0.8612531423568726 
vn -0.05063965171575546 0.1975332796573639 -0.9789873361587524 
vn 0.3558127284049988 0.33578813076019287 -0.872148871421814 
vn -0.10529059916734695 0.5535675883293152 -0.8261215686798096 
vn -0.07544470578432083 0.9056681990623474 -0.417220801115036 
vn 0.05418951064348221 0.20102070271968842 -0.9780870079994202 
vn 0.13180802762508392 0.9263995885848999 -0.3527185618877411 
vn 0.17222750186920166 0.4860726296901703 -0.8567795157432556 
vn -0.35458096861839294 0.011332150548696518 -0.9349566102027893 
vn -0.3506530225276947 0.0037857447750866413 -0.9364978075027466 
vn -0.1952112317085266 0.007575084920972586 -0.9807319641113281 
vn -0.9727357625961304 -0.011332797817885876 -0.23163928091526031 
vn -0.7832402586936951 -0.015097709372639656 -0.6215357780456543 
vn -0.38251498341560364 -0.022700296714901924 -0.9236704111099243 
vn -0.7695841789245605 -0.007555617485195398 -0.6385006904602051 
vn 0.9730722308158875 -0.03775963559746742 -0.22738653421401978 
vn -0.8753040432929993 -0.007554716896265745 -0.4835140109062195 
vn -0.41920527815818787 -8.670133702778568e-14 -0.9078915119171143 
vn -0.3871464729309082 0.0075553469359874725 -0.9219872951507568 
vn -0.2925461530685425 0.011352122761309147 -0.9561840295791626 
vn -0.6922798156738281 -1.431794678478926e-13 -0.7216291427612305 
vn -0.6501843333244324 0.003775669727474451 -0.7597671151161194 
vn -0.0037813500966876745 -0.5416297316551208 -0.8406086564064026 
vn -0.60297030210495 -0.5629101991653442 -0.5652954578399658 
vn 0.11682813614606857 -0.9284076690673828 -0.3527185618877411 
vn -0.6218889951705933 0.18975767493247986 -0.7597671151161194 
vn -0.7316540479660034 0.02643170766532421 -0.681163489818573 
vn -0.5960268378257751 0.7067263722419739 -0.3811691105365753 
vn -0.9912695288658142 -0.08293622732162476 -0.10250037163496017 
vn -0.6482403874397278 0.7376254200935364 0.18892620503902435 
vn -0.8733765482902527 0.45411890745162964 0.1760382205247879 
vn -0.9048954248428345 -0.3222098648548126 -0.2781098484992981 
vn -0.9825621843338013 -0.15791632235050201 -0.0981530249118805 
vn -0.9784446358680725 -0.19510602951049805 -0.06767380982637405 
vn -0.7528296113014221 0.305201917886734 0.5831804275512695 
vn -0.5923711657524109 0.2912493050098419 0.7511792182922363 
vn -0.6620793342590332 0.041427936404943466 0.7482877969741821 
vn -0.9936231374740601 -0.08293189108371735 -0.0763898640871048 
vn -0.9999118447303772 -0.007551383227109909 -0.010923261754214764 
vn -0.602627694606781 -0.06397051364183426 0.7954543828964233 
vn -0.9194218516349792 0.003775771474465728 -0.3932546079158783 
vn -0.6558656096458435 0.6585331559181213 0.3690181374549866 
vn -0.6221226453781128 -0.07524712383747101 0.7792953848838806 
vn -0.9999499917030334 -0.0075516714714467525 -0.006554040592163801 
vn -0.888504683971405 0.07541807740926743 -0.45262736082077026 
vn -0.8888872265815735 -0.45799577236175537 0.010923261754214764 
vn -0.5495076775550842 -0.5348461866378784 0.641857385635376 
vn -0.999854564666748 0.007550950627774 -0.0152922747656703 
vn -0.9775379300117493 -0.2098405361175537 0.01966099627315998 
vn -0.7914990782737732 -0.6105102896690369 -0.028397228568792343 
vn -0.8753040432929993 -0.007554716896265745 -0.4835140109062195 
vn -0.6922798156738281 -1.431794678478926e-13 -0.7216291427612305 
vn -0.6501843333244324 0.003775669727474451 -0.7597671151161194 
vn -0.60297030210495 -0.5629101991653442 -0.5652954578399658 
vn -0.8708476424217224 -0.4911596477031708 0.01966099627315998 
vn -0.3046164810657501 -0.9521719217300415 0.024029340595006943 
vn -0.6122322678565979 -0.7893467545509338 -0.04586252197623253 
vn -0.3871464729309082 0.0075553469359874725 -0.9219872951507568 
vn -0.41920527815818787 -8.670133702778568e-14 -0.9078915119171143 
vn -0.7832402586936951 -0.015097709372639656 -0.6215357780456543 
vn -0.9727357625961304 -0.011332797817885876 -0.23163928091526031 
vn -0.9766941666603088 0.0037741579581052065 -0.21460255980491638 
vn -0.8710697293281555 -0.0037745703011751175 -0.4911448359489441 
vn -0.692115068435669 0.015102004632353783 -0.7216291427612305 
vn -0.1952112317085266 0.007575084920972586 -0.9807319641113281 
vn -0.3506530225276947 0.0037857447750866413 -0.9364978075027466 
vn 0.5634059906005859 0.5634059906005859 0.6042742133140564 
vn 0.3156128525733948 0.7373161315917969 0.5972883701324463 
vn -0.321249395608902 0.6869393587112427 0.651853621006012 
vn 0.22311125695705414 0.745243489742279 0.6283578276634216 
vn -0.3847912549972534 0.6916308403015137 0.6112139225006104 
vn -0.07156027108430862 0.743400514125824 0.6650074124336243 
vn 0.6437979340553284 0.681163489818573 0.34862664341926575 
vn 0.005658173467963934 0.8248690962791443 0.5652954578399658 
vn -0.02830064669251442 0.9137577414512634 0.405272513628006 
vn 0.12603338062763214 0.9272028803825378 0.3527185618877411 
vn 0.25641655921936035 0.8233575224876404 0.5062933564186096 
vn 0.11851479113101959 0.9568001627922058 0.26549527049064636 
vn 0.030189042910933495 0.9942747354507446 -0.10250037163496017 
vn 0.028311746194958687 0.9790212512016296 -0.2017817199230194 
vn -0.02079946920275688 0.559490442276001 -0.8285757899284363 
vn 0.1588280200958252 0.400742769241333 -0.9023185968399048 
vn 0.030199667438864708 0.6724478006362915 -0.7395281791687012 
vn -0.7045616507530212 0.6885490417480469 -0.17173540592193604 
vn -0.6084542870521545 0.264288991689682 -0.7482877969741821 
vn 0.7037711143493652 0.6824221014976501 0.1975002884864807 
vn -0.6551173329353333 0.7445123791694641 0.12854042649269104 
vn 0.08092354238033295 0.8540788888931274 0.5138099193572998 
vn 0.14050140976905823 0.690639078617096 0.7094202041625977 
vn 0.5276702046394348 0.4810349643230438 0.7001210451126099 
vn 0.25426745414733887 0.6606363654136658 0.7063339352607727 
vn 0.28220078349113464 0.4536673128604889 0.8453097939491272 
vn -0.7212797403335571 0.6599360108375549 0.2103329300880432 
vn -0.8024463057518005 0.434262216091156 0.40926313400268555 
vn -0.10527753084897995 0.770767867565155 0.6283578276634216 
vn -0.9924368858337402 0.04149471968412399 -0.11553031951189041 
vn -0.8300126194953918 0.2780166566371918 0.4835140109062195 
vn 0.8286765813827515 0.23866739869117737 -0.5062933564186096 
vn 0.7144177556037903 0.0904042199254036 -0.6938546895980835 
vn 0.8964133262634277 -0.04527805373072624 -0.4409002661705017 
vn 0.06404722481966019 -0.744085431098938 0.6650074124336243 
vn 0.307964950799942 -0.9380499720573425 0.15880759060382843 
vn 0.8928741812705994 -0.39588063955307007 0.21460255980491638 
vn 0.3685797452926636 -0.9292855262756348 -0.024029340595006943 
vn -0.07160905003547668 -0.8593830466270447 0.5062933564186096 
vn -0.18255403637886047 -0.6545831561088562 0.7336177229881287 
vn -0.02639647386968136 -0.9384048581123352 0.34452807903289795 
vn 0.08824782073497772 -0.6065555810928345 0.790128231048584 
vn -0.043373290449380875 -0.9801972508430481 0.19321508705615997 
vn 0.11102462559938431 -0.9576981663703918 0.26549527049064636 
vn 0.23781134188175201 -0.5421552658081055 0.8059239983558655 
vn 0.06033504381775856 -0.858022153377533 0.5100564956665039 
vn 0.007548788096755743 -0.9995682239532471 0.028397228568792343 
vn -0.3117210566997528 -0.949608564376831 0.03276457265019417 
vn -0.06035414710640907 -0.9977729916572571 0.028397228568792343 
vn 0.030186811462044716 -0.9990071058273315 0.03276457265019417 
vn 3.0962423380395676e-13 -0.9994630813598633 0.03276457265019417 
vn 0.03773965314030647 -0.9989986419677734 0.024029340595006943 
vn -0.5495076775550842 -0.5348461866378784 0.641857385635376 
vn -0.8888872265815735 -0.45799577236175537 0.010923261754214764 
vn -0.8708476424217224 -0.4911596477031708 0.01966099627315998 
vn -0.3046164810657501 -0.9521719217300415 0.024029340595006943 
vn 0.06604087352752686 -0.9967623949050903 -0.04586252197623253 
vn 0.09048829227685928 -0.9957801103591919 -0.0152922747656703 
vn 0.12614892423152924 -0.9907389879226685 -0.05022686347365379 
vn -0.6122322678565979 -0.7893467545509338 -0.04586252197623253 
vn 3.0962423380395676e-13 -0.9994630813598633 0.03276457265019417 
vn -0.7914990782737732 -0.6105102896690369 -0.028397228568792343 
vn -0.054708052426576614 -0.9970089793205261 -0.05459024757146835 
vn -0.60297030210495 -0.5629101991653442 -0.5652954578399658 
vn -0.0037813500966876745 -0.5416297316551208 -0.8406086564064026 
vn 0.11682813614606857 -0.9284076690673828 -0.3527185618877411 
vn 0.08293221145868301 -0.9767885804176331 -0.1975002884864807 
vn 2.8153927756832675e-13 -0.9088051319122314 -0.417220801115036 
vn 3.097011308430403e-13 -0.999711275100708 -0.024029340595006943 
vn -0.056559983640909195 -0.9951286911964417 0.08074574917554855 
vn -0.02265329100191593 -0.999721884727478 -0.006554040592163801 
vn -0.022644642740488052 -0.9993401765823364 0.028397228568792343 
vn 0.26274171471595764 -0.9550614953041077 0.1372016966342926 
vn -0.08290397375822067 -0.9956932067871094 0.04149730131030083 
vn -0.04150768369436264 -0.9819304943084717 -0.18463370203971863 
vn -0.037782974541187286 -0.46079421043395996 -0.8867024183273315 
vn 0.09416022151708603 -0.7610210180282593 -0.641857385635376 
vn 0.13167504966259003 -0.9784895777702332 -0.15880759060382843 
vn -0.3028174638748169 -0.34422212839126587 -0.888714075088501 
vn 0.0848950445652008 -0.9450675845146179 -0.31565824151039124 
vn 0.6638259887695312 -0.7425181865692139 0.08945280313491821 
vn 0.32050463557243347 -0.6935354471206665 -0.6452018022537231 
vn 0.08843071013689041 -0.4773024618625641 -0.87427818775177 
vn 0.0037830988876521587 -0.5081620812416077 -0.8612531423568726 
vn 0.9602805376052856 -0.2683763802051544 0.0763898640871048 
vn -0.030202379450201988 -0.99952232837677 -0.006554040592163801 
vn -0.32640761137008667 -0.8361011147499084 0.4409002661705017 
vn -0.11225941777229309 -0.5595395565032959 0.8211658596992493 
vn -0.05984393134713173 -0.3538185656070709 0.933397650718689 
vn -0.02989010512828827 -0.18871869146823883 0.9815762042999268 
vn 0.5880680084228516 -0.23542693257331848 0.7737894654273987 
vn -0.10467331111431122 -2.164885939514704e-14 0.9945066571235657 
vn 0.6364166140556335 -0.02260115183889866 0.7710143327713013 
vn -0.2039136439561844 0.2436634749174118 0.9481810927391052 
vn 0.6520262360572815 0.25069332122802734 0.715552031993866 
vn -0.14761464297771454 -0.646742045879364 0.7482877969741821 
vn 0.26872318983078003 -0.7977457046508789 0.5398051738739014 
vn 0.4675249457359314 -0.5672682523727417 0.677958071231842 
vn -0.10721920430660248 -0.8228408098220825 0.5580654144287109 
vn 0.03937122970819473 -0.3194533884525299 0.946783721446991 
vn -0.21522101759910583 -0.2045828402042389 0.9548956751823425 
vn -0.33855071663856506 -0.5512017607688904 0.762600839138031 
vn -0.3180494010448456 -0.35135194659233093 0.8805659413337708 
vn -0.08443786948919296 -0.568030595779419 0.8186644315719604 
vn -0.33708813786506653 -0.2932201623916626 0.8946471214294434 
vn 0.04487825185060501 -0.29774776101112366 0.953589141368866 
vn 0.37317076325416565 -0.5283782482147217 0.762600839138031 
vn 0.06339951604604721 -0.27294111251831055 0.9599394202232361 
vn 0.26641786098480225 -0.7564840316772461 0.5972883701324463 
vn -0.4562492370605469 -0.4815619885921478 0.7482877969741821 
vn -0.5456711649894714 -0.7844130396842957 0.2948545813560486 
vn -0.6977627873420715 -0.1898902803659439 0.6907016038894653 
vn -0.1601768583059311 -0.09607440233230591 0.9824016690254211 
vn -0.7030805945396423 -0.048996131867170334 0.7094202041625977 
vn -0.7619225382804871 -0.05646844208240509 0.6452018022537231 
vn -0.24942749738693237 -0.07039456069469452 0.9658315181732178 
vn -0.8533729314804077 -0.0037706999573856592 0.5212872624397278 
vn 0.12290345877408981 0.029411114752292633 0.9919826984405518 
vn -0.41433387994766235 0.08601595461368561 0.9060511589050293 
vn 0.28819337487220764 0.015040789730846882 0.9574540853500366 
vn -0.03456937149167061 -0.08953691273927689 0.9953833818435669 
vn -0.07159432023763657 -0.07028333842754364 0.994954526424408 
vn 0.3517404794692993 0.08937923610210419 0.931820809841156 
vn 0.1833442747592926 0.1647467166185379 0.9691457152366638 
vn 0.17752990126609802 0.10033397376537323 0.9789873361587524 
vn -0.5403351187705994 0.03761618956923485 0.8406086564064026 
vn -0.20113977789878845 0.03356429189443588 0.9789873361587524 
vn -0.1680908501148224 -0.02244493179023266 0.9855159521102905 
vn -0.07658941298723221 0.06480398029088974 0.994954526424408 
vn -0.3384345769882202 0.052460115402936935 0.9395264387130737 
vn -0.4040983021259308 -0.11152404546737671 0.9078915119171143 
vn 0.027674170210957527 0.11885879188776016 0.9925254583358765 
vn 0.0018710092408582568 0.13935284316539764 0.9902410507202148 
vn 0.16184143722057343 0.3428715467453003 0.9253358840942383 
vn -0.3633545935153961 -0.09313812106847763 0.926983654499054 
vn -0.10810104012489319 -0.11337310820817947 0.9876541495323181 
vn -0.21553485095500946 0.37331733107566833 0.9023185968399048 
vn -0.08266659080982208 0.6038511395454407 0.7927988767623901 
vn -0.5040276646614075 0.17722131311893463 0.8453097939491272 
vn -0.16677288711071014 0.5230226516723633 0.8358433246612549 
vn -0.31835630536079407 0.26658737659454346 0.9097144603729248 
vn -0.3539527952671051 0.2014578878879547 0.913308322429657 
vn 0.11936348676681519 0.49395886063575745 0.8612531423568726 
vn -0.3043411076068878 0.34287574887275696 0.888714075088501 
vn 0.21326684951782227 0.4571048319339752 0.8634653687477112 
vn 0.003761886153370142 0.34245565533638 0.9395264387130737 
vn 0.06279672682285309 0.20297618210315704 0.9771679639816284 
vn -0.33794161677360535 0.1806335598230362 0.9236704111099243 
vn 0.3802417814731598 0.5355514287948608 0.7540562748908997 
vn -0.8197900056838989 0.21998746693134308 0.528724730014801 
vn -0.8018608093261719 0.547134518623352 0.2401314377784729 
vn -0.2488171011209488 0.5563811659812927 0.7927988767623901 
vn 0.22205068171024323 0.6590229272842407 0.7185974717140198 
vn 0.07113491743803024 0.43710967898368835 0.8965907096862793 
vn 0.17193515598773956 0.490139901638031 0.8545181155204773 
vn -0.16166406869888306 0.5584762096405029 0.8136147856712341 
vn -0.04526092857122421 0.8059455156326294 0.590256929397583 
vn 0.0847218856215477 0.7507239580154419 0.6551609039306641 
vn -0.3461146652698517 0.5141838192939758 0.7847417593002319 
vn -0.2605527639389038 0.4914546608924866 0.8310141563415527 
vn -0.1137048602104187 0.44012391567230225 0.8907088041305542 
vn 0.09169925004243851 0.4766852855682373 0.87427818775177 
vn 0.07999446988105774 0.328776091337204 0.9410139322280884 
vn 0.31415829062461853 0.569261372089386 0.7597671151161194 
vn 0.6735579371452332 0.5126789808273315 0.5324283838272095 
vn -0.054429296404123306 0.38337570428848267 0.9219872951507568 
vn 0.2195737659931183 0.5977660417556763 0.7710143327713013 
vn 0.5917988419532776 0.5851295590400696 0.5544344186782837 
vn 0.5300426483154297 0.6352667808532715 0.5616858005523682 
vn -0.26171502470970154 0.4784025251865387 0.838234007358551 
vn -0.43666020035743713 0.24486489593982697 0.865661084651947 
vn -0.6572732925415039 0.254391074180603 0.7094202041625977 
vn 0.8746224045753479 -0.4708380103111267 0.11553031951189041 
vn -0.037746138870716095 -0.9991703629493713 0.0152922747656703 
vn 0.869796097278595 -0.49127528071403503 -0.04586252197623253 
vn 0.08478759229183197 -0.9919737577438354 -0.09380380809307098 
vn 0.09426852315664291 -0.9932440519332886 0.06767380982637405 
vn 0.46411725878715515 -0.8793060779571533 0.10684575140476227 
vn 0.03018219955265522 -0.9988545179367065 0.03713129088282585 
vn -0.34743332862854004 -0.937396764755249 -0.024029340595006943 
vn 0.5659754276275635 -0.8168897032737732 -0.1111890971660614 
vn -0.09049598127603531 -0.952532172203064 -0.29067665338516235 
vn 0.5703812837600708 -0.528991162776947 -0.6283578276634216 
vn -0.030221842229366302 -0.4418276846408844 -0.8965907096862793 
vn -0.062221311032772064 -0.9240695238113403 -0.37712597846984863 
vn 0.007551673799753189 -0.9951426982879639 0.0981530249118805 
vn 0.21908347308635712 -0.9719878435134888 -0.08510008454322815 
vn -0.6682952046394348 -0.7429689168930054 0.03713129088282585 
vn 0.3403443694114685 -0.9399937987327576 0.024029340595006943 
vn -0.08469124138355255 -0.4972473978996277 -0.8634653687477112 
vn -0.032094698399305344 -0.5221649408340454 -0.8522403836250305 
vn -0.013218622654676437 -0.9244108200073242 -0.3811691105365753 
vn -0.12047196179628372 -0.9921758770942688 0.03276457265019417 
vn -0.11865762621164322 -0.9892817139625549 -0.08510008454322815 
vn 0.11668527871370316 -0.989881157875061 0.08074574917554855 
vn 0.13548985123634338 -0.9905836582183838 0.01966099627315998 
vn 0.29738306999206543 -0.9543358683586121 0.028397228568792343 
vn 0.09797760844230652 -0.9947834014892578 0.028397228568792343 
vn -0.0754384696483612 -0.9970331788063049 -0.0152922747656703 
vn -0.1875772625207901 -0.9817032217979431 0.03276457265019417 
vn -0.23174218833446503 -0.9668917059898376 0.10684575140476227 
vn -0.05281473696231842 -0.9837263822555542 0.17173540592193604 
vn -0.09613490104675293 -0.9917237758636475 0.08510008454322815 
vn 0.15421062707901 -0.9857176542282104 0.06767380982637405 
vn -0.13536036014556885 -0.9800023436546326 0.1458524912595749 
vn 0.01132776215672493 -0.9879290461540222 0.15449213981628418 
vn -0.058469947427511215 -0.99427330493927 0.08945280313491821 
vn 0.16308631002902985 -0.8766591548919678 0.45262736082077026 
vn 0.04335472360253334 -0.9149313569068909 0.401274174451828 
vn -0.1628115177154541 -0.5010823607444763 0.8499464392662048 
vn 0.604758083820343 -0.7964062690734863 -0.002184694167226553 
vn -0.24657002091407776 -0.9688270092010498 -0.024029340595006943 
vn 0.6271334886550903 -0.5951274633407593 0.5025205612182617 
vn -0.280568927526474 -0.9147612452507019 0.29067665338516235 
vn 0.015059951692819595 -0.6230638027191162 0.7820260524749756 
vn -0.12061963975429535 -0.3931691646575928 0.9115201234817505 
vn -0.03379544988274574 -0.36950549483299255 0.9286137819290161 
vn 0.04713762551546097 -0.8982380032539368 0.43697428703308105 
vn 0.09980077296495438 -0.9808197021484375 0.16742929816246033 
vn 0.05657823383808136 -0.9906420707702637 0.1242060661315918 
vn 0.047182001173496246 -0.9038938879966736 -0.42514660954475403 
vn 0.039641622453927994 -0.413337767124176 -0.9097144603729248 
vn 0.11867936700582504 -0.9918729066848755 -0.04586252197623253 
vn -0.001886979560367763 -0.9069715142250061 -0.42118772864341736 
vn 0.02264723740518093 -0.99945467710495 -0.024029340595006943 
vn -0.21717113256454468 -0.9757204055786133 0.028397228568792343 
vn -0.5428854823112488 -0.8396674990653992 0.0152922747656703 
vn -0.9233834743499756 -0.3824779689311981 0.03276457265019417 
vn -0.5825597047805786 -0.797970175743103 -0.15449213981628418 
vn -0.4128686487674713 -0.3727665841579437 -0.8310141563415527 
vn -0.7042521238327026 -0.5564493536949158 -0.4409002661705017 
vn 0.7815307974815369 -0.4810276925563812 -0.3972681760787964 
vn 0.022649399936199188 -0.9995501041412354 0.01966099627315998 
vn 0.08673377335071564 -0.839672863483429 -0.5361219048500061 
vn -0.07542550563812256 -0.9968618750572205 0.024029340595006943 
vn 0.12240178883075714 -0.9743329286575317 0.18892620503902435 
vn 0.14212998747825623 -0.6807472109794617 0.7185974717140198 
vn 0.09193640202283859 -0.6129665970802307 0.7847417593002319 
vn -0.441252738237381 -0.8597767949104309 0.25706008076667786 
vn 0.0848950445652008 -0.9450675845146179 -0.31565824151039124 
vn 0.32050463557243347 -0.6935354471206665 -0.6452018022537231 
vn -0.3028174638748169 -0.34422212839126587 -0.888714075088501 
vn 0.5912633538246155 -0.36609476804733276 -0.7185974717140198 
vn -0.20967352390289307 -0.1523367315530777 -0.9658315181732178 
vn 0.9730722308158875 -0.03775963559746742 -0.22738653421401978 
vn 0.9730722308158875 -0.03775963559746742 -0.22738653421401978 
vn 0.9590979814529419 0.05278235673904419 0.2781098484992981 
vn 0.9692537784576416 0.08300799876451492 -0.23163928091526031 
vn 0.037749744951725006 0.999265730381012 -0.006554040592163801 
vn 0.6114805340766907 0.6889041066169739 -0.3892335295677185 
vn -0.032094698399305344 0.5221649408340454 -0.8522403836250305 
vn 0.007560293190181255 0.5919708013534546 -0.8059239983558655 
vn 0.3245823085308075 0.5822815299034119 0.7453821301460266 
vn 0.6173205971717834 0.14200393855571747 0.7737894654273987 
vn -0.108546182513237 0.5529384613037109 0.8261215686798096 
vn -0.29466432332992554 0.20479702949523926 0.933397650718689 
vn -0.49193963408470154 0.5132806301116943 0.7032341957092285 
vn -0.26158589124679565 0.24564549326896667 0.933397650718689 
vn -0.1371331661939621 0.44153523445129395 0.8867024183273315 
vn 0.11475672572851181 -0.19876447319984436 0.9733054637908936 
vn 0.24953222274780273 0.05227085202932358 0.9669547080993652 
vn -0.32153546810150146 0.5418351292610168 0.7765498161315918 
vn 0.28220078349113464 0.4536673128604889 0.8453097939491272 
vn -0.17613638937473297 0.5688915848731995 0.8033295273780823 
vn -0.1089063286781311 0.6900179386138916 0.715552031993866 
vn 0.6117835640907288 -0.03765948861837387 0.790128231048584 
vn -0.17429453134536743 0.03704744949936867 0.9839963912963867 
vn -0.1216186061501503 -0.06805607676506042 0.9902410507202148 
vn -0.00939613301306963 0.3911321461200714 0.9202865362167358 
vn 0.44841480255126953 0.04511094465851784 0.8926864862442017 
vn 0.3673149347305298 0.267801433801651 0.8907088041305542 
vn 0.5276702046394348 0.4810349643230438 0.7001210451126099 
vn 0.48071765899658203 0.345538854598999 0.8059239983558655 
vn 0.14050140976905823 0.690639078617096 0.7094202041625977 
vn 0.19355036318302155 0.23066434264183044 0.953589141368866 
vn -0.6250552535057068 0.2747162878513336 0.7306414246559143 
vn -0.6534979343414307 0.0037670589517802 0.7569189071655273 
vn 0.283540278673172 -0.18465574085712433 0.9410139322280884 
vn -0.5499665141105652 -0.18859417736530304 0.8136147856712341 
vn -0.5689929127693176 -0.1635042428970337 0.8059239983558655 
vn 0.36711084842681885 -0.25462934374809265 0.8946471214294434 
vn 0.24539408087730408 -0.18849462270736694 0.9509214162826538 
vn -0.6307952404022217 -0.1273958384990692 0.7654199600219727 
vn 0.18888415396213531 -0.18356522917747498 0.9646899104118347 
vn 0.09193640202283859 -0.6129665970802307 0.7847417593002319 
vn -0.6936542987823486 -0.20438919961452484 0.6907016038894653 
vn -0.696537435054779 -0.41302573680877686 0.5867242813110352 
vn -0.441252738237381 -0.8597767949104309 0.25706008076667786 
vn 0.5915881395339966 0.022584186866879463 0.8059239983558655 
vn -0.8300126194953918 0.2780166566371918 0.4835140109062195 
vn -0.10527753084897995 0.770767867565155 0.6283578276634216 
vn 0.04713762551546097 -0.8982380032539368 0.43697428703308105 
vn 0.14212998747825623 -0.6807472109794617 0.7185974717140198 
vn 0.009378238581120968 -0.2590010166168213 0.9658315181732178 
vn 0.29351720213890076 -0.04496518522500992 0.9548956751823425 
vn 0.23753570020198822 0.015019777230918407 0.9712626934051514 
vn 0.43494299054145813 0.0075292023830115795 0.9004265069961548 
vn 0.24474303424358368 -0.18246492743492126 0.9522643685340881 
vn 0.21594221889972687 -0.1355268806219101 0.9669547080993652 
vn 0.2359633594751358 -0.20017436146736145 0.9509214162826538 
vn -0.1628115177154541 -0.5010823607444763 0.8499464392662048 
vn 0.37950441241264343 -0.23576021194458008 0.8946471214294434 
vn 0.4215489327907562 -0.18988248705863953 0.8867024183273315 
vn 0.3123668134212494 -0.1926298588514328 0.9302261471748352 
vn 0.5171903371810913 -0.13403525948524475 0.8453097939491272 
vn 0.20059534907341003 0.12810271978378296 0.9712626934051514 
vn 0.4735146164894104 -0.23936742544174194 0.8476362228393555 
vn 0.08536223322153091 -0.11558692902326584 0.9896226525306702 
vn 0.04335472360253334 -0.9149313569068909 0.401274174451828 
vn 0.16308631002902985 -0.8766591548919678 0.45262736082077026 
vn -0.03379544988274574 -0.36950549483299255 0.9286137819290161 
vn -0.13470794260501862 -0.06133316829800606 0.9889853596687317 
vn 0.11585620045661926 -0.19318059086799622 0.9742990136146545 
vn 0.6271334886550903 -0.5951274633407593 0.5025205612182617 
vn 0.015059951692819595 -0.6230638027191162 0.7820260524749756 
vn -0.12061963975429535 -0.3931691646575928 0.9115201234817505 
vn -0.0037497419398278 0.21243515610694885 0.9771679639816284 
vn 0.19306863844394684 -0.029821282252669334 0.9807319641113281 
vn 0.2962627708911896 0.2366049736738205 0.9253358840942383 
vn 0.49395886063575745 -0.11936348676681519 0.8612531423568726 
vn 0.7189760804176331 -0.1793040633201599 0.6715083718299866 
vn 0.5919442176818848 0.11245875060558319 0.7980946898460388 
vn 0.3702605664730072 0.5660009384155273 0.736579954624176 
vn 0.3840447664260864 0.0747145563364029 0.9202865362167358 
vn 0.03583899885416031 0.9926571846008301 -0.11553031951189041 
vn -0.23507802188396454 0.8797534704208374 -0.41324591636657715 
vn 0.3558127284049988 0.33578813076019287 -0.872148871421814 
vn 0.5634059906005859 0.5634059906005859 0.6042742133140564 
vn -0.19948066771030426 0.7286780476570129 0.6551609039306641 
vn -0.321249395608902 0.6869393587112427 0.651853621006012 
vn -0.3847912549972534 0.6916308403015137 0.6112139225006104 
vn -0.07156027108430862 0.743400514125824 0.6650074124336243 
vn -0.3847912549972534 0.6916308403015137 0.6112139225006104 
vn -0.2803705036640167 0.7458183765411377 0.6042742133140564 
vn 0.22311125695705414 0.745243489742279 0.6283578276634216 
vn 0.005658173467963934 0.8248690962791443 0.5652954578399658 
vn 0.6795203685760498 0.007557041477411985 -0.7336177229881287 
vn -0.032094698399305344 0.5221649408340454 -0.8522403836250305 
vn 0.6599254012107849 0.01510804332792759 -0.7511792182922363 
vn 0.7409584522247314 -0.007558020297437906 -0.6715083718299866 
vn 0.4613507091999054 0.030238524079322815 -0.8867024183273315 
vn 0.7047452330589294 0.007556680589914322 -0.7094202041625977 
vn 0.7493932843208313 0.022644275799393654 -0.661737859249115 
vn 0.37884679436683655 -0.015121448785066605 -0.9253358840942383 
vn 0.12546959519386292 -0.015088272280991077 -0.9919826984405518 
vn 0.7291480898857117 0 -0.6843559741973877 
vn -0.0205277930945158 0.007471505552530289 -0.9997613430023193 
vn 0.11671379953622818 -0.015205458737909794 -0.9930492043495178 
vn 0.7291480898857117 0 -0.6843559741973877 
vn 0.6644219160079956 0.15718340873718262 -0.7306414246559143 
vn 0.6114805340766907 0.6889041066169739 -0.3892335295677185 
vn 0.695385217666626 -0.0075595262460410595 -0.7185974717140198 
vn 0.7231003642082214 0.007559964898973703 -0.6907016038894653 
vn 0.7016792893409729 0 -0.7124928832054138 
vn 0.7229818105697632 0.015119103714823723 -0.6907016038894653 
vn 0.7105966806411743 -0.02267170138657093 -0.7032341957092285 
vn -0.08469124138355255 -0.4972473978996277 -0.8634653687477112 
vn -0.030221842229366302 -0.4418276846408844 -0.8965907096862793 
vn -0.062221311032772064 -0.9240695238113403 -0.37712597846984863 
vn 0.5703812837600708 -0.528991162776947 -0.6283578276634216 
vn -0.001886979560367763 -0.9069715142250061 -0.42118772864341736 
vn -0.4128686487674713 -0.3727665841579437 -0.8310141563415527 
vn 0.047182001173496246 -0.9038938879966736 -0.42514660954475403 
vn 0.039641622453927994 -0.413337767124176 -0.9097144603729248 
vn -0.013250683434307575 -0.16474300622940063 -0.9862475395202637 
vn -0.013218622654676437 -0.9244108200073242 -0.3811691105365753 
vn -0.032094698399305344 -0.5221649408340454 -0.8522403836250305 
vn -0.41749823093414307 0.037792645394802094 -0.9078915119171143 
vn -0.6468693614006042 -1.337875394236826e-13 -0.762600839138031 
vn -0.8896814584732056 0.007554281037300825 -0.456519216299057 
vn -0.8322274088859558 -1.721238575931247e-13 -0.5544344186782837 
vn -0.7289577126502991 -0.36421841382980347 -0.5796254277229309 
vn -0.7524780631065369 0.0941467434167862 -0.651853621006012 
vn -0.09131556749343872 0.007566623389720917 -0.9957932829856873 
vn -0.7173285484313965 0.11284887790679932 -0.6875353455543518 
vn -0.4561653137207031 0.07531319558620453 -0.8867024183273315 
vn -0.7124075293540955 -0.12412397563457489 -0.6907016038894653 
vn -0.009434331208467484 0.1908380389213562 -0.9815762042999268 
vn -0.02079946920275688 0.559490442276001 -0.8285757899284363 
vn 0.028311746194958687 0.9790212512016296 -0.2017817199230194 
vn 0.007560293190181255 0.5919708013534546 -0.8059239983558655 
vn -0.43180137872695923 -0.052722711116075516 -0.9004265069961548 
vn 0.1588280200958252 0.400742769241333 -0.9023185968399048 
vn -0.23502041399478912 -0.037605926394462585 -0.9712626934051514 
vn 0.030199667438864708 0.6724478006362915 -0.7395281791687012 
vn -0.7321215867996216 0.003776762168854475 -0.681163489818573 
vn -0.6084542870521545 0.264288991689682 -0.7482877969741821 
vn -0.8657573461532593 -0.04152753949165344 -0.4987381398677826 
vn -0.83219313621521 -0.007556311320513487 -0.5544344186782837 
vn 0.5634059906005859 0.5634059906005859 0.6042742133140564 
vn 0.3245823085308075 0.5822815299034119 0.7453821301460266 
vn -0.19948066771030426 0.7286780476570129 0.6551609039306641 
vn -0.3419623374938965 0.4918431043624878 0.8007197380065918 
vn -0.37800225615501404 0.8054219484329224 0.456519216299057 
vn -0.2803705036640167 0.7458183765411377 0.6042742133140564 
vn -0.3847912549972534 0.6916308403015137 0.6112139225006104 
vn -0.2554129362106323 0.7519336938858032 0.607749879360199 
vn -0.1089063286781311 0.6900179386138916 0.715552031993866 
vn -0.17613638937473297 0.5688915848731995 0.8033295273780823 
vn -0.4794161319732666 0.7348896265029907 0.4796847105026245 
vn -0.108546182513237 0.5529384613037109 0.8261215686798096 
vn -0.49193963408470154 0.5132806301116943 0.7032341957092285 
vn -0.32153546810150146 0.5418351292610168 0.7765498161315918 
vn -0.26158589124679565 0.24564549326896667 0.933397650718689 
vn -0.07156027108430862 0.743400514125824 0.6650074124336243 
vn 0.28220078349113464 0.4536673128604889 0.8453097939491272 
vn -0.7289577126502991 -0.36421841382980347 -0.5796254277229309 
vn -0.7124075293540955 -0.12412397563457489 -0.6907016038894653 
vn -0.09131556749343872 0.007566623389720917 -0.9957932829856873 
vn 0.3245823085308075 0.5822815299034119 0.7453821301460266 
vn -0.2554129362106323 0.7519336938858032 0.607749879360199 
vn -0.3419623374938965 0.4918431043624878 0.8007197380065918 
vn -0.9766941666603088 0.0037741579581052065 -0.21460255980491638 
vn -0.8710697293281555 -0.0037745703011751175 -0.4911448359489441 
vn -0.692115068435669 0.015102004632353783 -0.7216291427612305 
vn -0.9194218516349792 0.003775771474465728 -0.3932546079158783 
vn -0.7316540479660034 0.02643170766532421 -0.681163489818573 
vn -0.6218889951705933 0.18975767493247986 -0.7597671151161194 
vn -0.5960268378257751 0.7067263722419739 -0.3811691105365753 
vn -0.5495076775550842 -0.5348461866378784 0.641857385635376 
vn -0.888504683971405 0.07541807740926743 -0.45262736082077026 
vn -0.16914749145507812 -0.9689517021179199 -0.18033768236637115 
vn -0.9335312247276306 -0.06410197168588638 0.3527185618877411 
vn -0.6221226453781128 -0.07524712383747101 0.7792953848838806 
vn -0.3461146652698517 0.5141838192939758 0.7847417593002319 
vn -0.16166406869888306 0.5584762096405029 0.8136147856712341 
vn 0.2195737659931183 0.5977660417556763 0.7710143327713013 
vn -0.12032409012317657 0.8754227757453918 0.46814218163490295 
vn 0.5300426483154297 0.6352667808532715 0.5616858005523682 
vn 0.5288366675376892 0.8254243731498718 0.1975002884864807 
vn 0.20973636209964752 0.9770526885986328 0.03713129088282585 
vn 0.9149404764175415 0.38918882608413696 0.10684575140476227 
vn 0.6833387017250061 0.7273510694503784 0.0633138045668602 
vn -0.02641865611076355 0.9824522733688354 -0.18463370203971863 
vn 0.40744152665138245 0.7057093977928162 -0.5796254277229309 
vn -0.04526092857122421 0.8059455156326294 0.590256929397583 
vn 0.0018876449903473258 0.9866044521331787 0.16312000155448914 
vn -0.07544470578432083 0.9056681990623474 -0.417220801115036 
vn -0.14407651126384735 0.563269853591919 -0.8136147856712341 
vn 0.43688586354255676 0.3501327335834503 -0.8285757899284363 
vn 0.12052541226148605 0.8913624882698059 -0.43697428703308105 
vn 0.07730606943368912 0.9497880935668945 0.30319350957870483 
vn 0.0847218856215477 0.7507239580154419 0.6551609039306641 
vn 0.22205068171024323 0.6590229272842407 0.7185974717140198 
vn -0.454511433839798 0.8475804328918457 0.27391019463539124 
vn -0.648781955242157 0.7288200855255127 0.21886809170246124 
vn 0.3802417814731598 0.5355514287948608 0.7540562748908997 
vn -0.8018608093261719 0.547134518623352 0.2401314377784729 
vn -0.5170600414276123 0.8553218245506287 0.03276457265019417 
vn -0.06034861505031586 0.8774556517601013 -0.4758462607860565 
vn 0.1590183526277542 0.42585328221321106 -0.8907088041305542 
vn -0.522160530090332 0.8490161895751953 -0.08074574917554855 
vn -0.6242111325263977 0.3938106894493103 -0.67473965883255 
vn 0.25641655921936035 0.8233575224876404 0.5062933564186096 
vn 0.25426745414733887 0.6606363654136658 0.7063339352607727 
vn -0.07156027108430862 0.743400514125824 0.6650074124336243 
vn 0.28220078349113464 0.4536673128604889 0.8453097939491272 
vn -0.07160905003547668 -0.8593830466270447 0.5062933564186096 
vn -0.02639647386968136 -0.9384048581123352 0.34452807903289795 
vn 0.307964950799942 -0.9380499720573425 0.15880759060382843 
vn -0.2969174385070801 0.0037766960449516773 -0.9548956751823425 
vn -0.3628402054309845 -0.0075500705279409885 -0.931820809841156 
vn -0.7695841789245605 -0.007555617485195398 -0.6385006904602051 
vn 0.05459082871675491 0.6035496592521667 0.7954543828964233 
vn 0.0809505507349968 0.8880177140235901 0.45262736082077026 
vn -0.001886979560367763 0.9069715142250061 0.42118772864341736 
vn 0.06790688633918762 0.9975744485855103 0.0152922747656703 
vn 0.29734331369400024 0.954208254814148 -0.03276457265019417 
vn 0.8634456396102905 0.5043236613273621 -0.010923261754214764 
vn 0.36989790201187134 0.9188858866691589 0.1372016966342926 
vn -0.001886976882815361 0.9886578321456909 -0.15017375349998474 
vn 0.6776007413864136 0.7269760966300964 0.1111890971660614 
vn 0.5702517032623291 0.5168460607528687 -0.6385006904602051 
vn -0.02454940602183342 0.5225740671157837 -0.8522403836250305 
vn -0.03397921100258827 0.9153274893760681 -0.401274174451828 
vn -0.18025116622447968 0.9835987687110901 0.006554040592163801 
vn -0.07914586365222931 0.9695767760276794 0.23163928091526031 
vn 0.06959104537963867 0.6020045280456543 0.7954543828964233 
vn 0.06573154032230377 0.5076969861984253 0.8590245246887207 
vn -0.05650575831532478 0.6675004959106445 0.7424622178077698 
vn -0.7225788831710815 0.5920901894569397 0.3568037748336792 
vn -0.7668396830558777 0.6336012482643127 -0.10250037163496017 
vn -0.41561973094940186 0.905947208404541 -0.08074574917554855 
vn -0.9118802547454834 0.4104039967060089 0.006554040592163801 
vn -0.6908654570579529 0.7229008078575134 0.010923261754214764 
vn 0.02076881006360054 0.9890882968902588 -0.1458524912595749 
vn 0.007554755080491304 0.6059663891792297 -0.7954543828964233 
vn 0.13462594151496887 0.5170369148254395 -0.8453097939491272 
vn 0.11468496173620224 0.689081072807312 -0.715552031993866 
vn -0.707024097442627 0.707024097442627 0.0152922747656703 
vn -0.5446147918701172 0.5593109726905823 -0.6249527335166931 
vn 0.6734219789505005 0.7321178317070007 0.10250037163496017 
vn 0.4236910343170166 0.5934162139892578 0.6843559741973877 
vn 0.29738306999206543 -0.9543358683586121 0.028397228568792343 
vn 0.03018219955265522 -0.9988545179367065 0.03713129088282585 
vn 0.3403443694114685 -0.9399937987327576 0.024029340595006943 
vn -0.6682952046394348 -0.7429689168930054 0.03713129088282585 
vn 0.007551673799753189 -0.9951426982879639 0.0981530249118805 
vn 0.03018219955265522 -0.9988545179367065 0.03713129088282585 
vn 0.24953222274780273 0.05227085202932358 0.9669547080993652 
vn 0.3840447664260864 0.0747145563364029 0.9202865362167358 
vn 0.44841480255126953 0.04511094465851784 0.8926864862442017 
vn 0.5919442176818848 0.11245875060558319 0.7980946898460388 
vn 0.49395886063575745 -0.11936348676681519 0.8612531423568726 
vn 0.5919442176818848 0.11245875060558319 0.7980946898460388 
vn 0.7189760804176331 -0.1793040633201599 0.6715083718299866 
vn 0.19306863844394684 -0.029821282252669334 0.9807319641113281 
vn 0.5915881395339966 0.022584186866879463 0.8059239983558655 
vn 0.48071765899658203 0.345538854598999 0.8059239983558655 
vn 0.3673149347305298 0.267801433801651 0.8907088041305542 
vn 0.43688586354255676 0.3501327335834503 -0.8285757899284363 
vn -0.019215743988752365 -0.01782960444688797 -0.9996563792228699 
vn -0.14407651126384735 0.563269853591919 -0.8136147856712341 
vn -0.08617523312568665 0.1895248144865036 -0.9780870079994202 
vn -0.07544470578432083 0.9056681990623474 -0.417220801115036 
vn 0.09636730700731277 0.18455126881599426 -0.9780870079994202 
vn 0.12052541226148605 0.8913624882698059 -0.43697428703308105 
vn 0.1590183526277542 0.42585328221321106 -0.8907088041305542 
vn 0.010896530002355576 0.013663816265761852 -0.9998472929000854 
vn -0.007873271591961384 -0.0037915678694844246 -0.999961793422699 
vn 0.6683541536331177 -0.0453050322830677 -0.7424622178077698 
vn 0.025048762559890747 0.007726519834250212 -0.9996563792228699 
vn 0.6759700775146484 0.022680632770061493 -0.736579954624176 
vn 2.703748479986924e-14 -0.0872766524553299 -0.9961841106414795 
vn -0.026438361033797264 -0.47318559885025024 -0.8805659413337708 
vn -0.018875662237405777 -0.891499936580658 -0.45262736082077026 
vn 0.8156986832618713 -0.052832961082458496 -0.5760593414306641 
vn 0.6939476132392883 0.04532589763402939 -0.7185974717140198 
vn 0.4505687654018402 0.1197500079870224 -0.8846737742424011 
vn 0.052803438156843185 -0.4397008717060089 -0.8965907096862793 
vn 0.7229818105697632 0.015119103714823723 -0.6907016038894653 
vn 0.5819926261901855 -0.4993032217025757 -0.641857385635376 
vn 0.011333925649523735 -0.8297195434570312 -0.5580654144287109 
vn -0.0018909800564870238 -0.504404604434967 -0.8634653687477112 
vn -0.005730303004384041 0.03003930114209652 -0.9995322823524475 
vn 0.07531319558620453 -0.4561653137207031 -0.8867024183273315 
vn 0.03192508593201637 -0.16655059158802032 -0.9855159521102905 
vn 0.0867428258061409 -0.8301222920417786 -0.5507928133010864 
vn 0.04904524236917496 -0.8565009832382202 -0.5138099193572998 
vn -0.2991141080856323 -0.3525473177433014 -0.8867024183273315 
vn -0.7047452330589294 -0.007556680589914322 -0.7094202041625977 
vn -0.41097790002822876 0.015107679180800915 -0.9115201234817505 
vn -0.7833493947982788 -0.007549205329269171 -0.6215357780456543 
vn -0.614717960357666 0.04534432291984558 -0.7874425053596497 
vn -0.5081198215484619 -0.007565987762063742 -0.8612531423568726 
vn -0.6060134768486023 -1.2533759295198232e-13 -0.7954543828964233 
vn -0.4885266125202179 -0.026421938091516495 -0.872148871421814 
vn -0.48910945653915405 -0.011328186839818954 -0.872148871421814 
vn -0.7086994051933289 0.05662881210446358 -0.7032341957092285 
vn -0.44227924942970276 -0.022674093022942543 -0.8965907096862793 
vn -0.6983041763305664 0.01888401061296463 -0.715552031993866 
vn -0.6242111325263977 0.3938106894493103 -0.67473965883255 
vn -0.06034861505031586 0.8774556517601013 -0.4758462607860565 
vn -0.8024463057518005 0.434262216091156 0.40926313400268555 
vn -0.6121730208396912 -0.5454431176185608 -0.5724822878837585 
vn -0.7212797403335571 0.6599360108375549 0.2103329300880432 
vn -0.9449859261512756 -0.3225235641002655 -0.05459024757146835 
vn -0.9912378191947937 -0.12796127796173096 0.03276457265019417 
vn -0.9894376993179321 -0.1429530680179596 0.024029340595006943 
vn -0.981677770614624 -0.1577741801738739 0.10684575140476227 
vn -0.9611947536468506 -0.2757927477359772 0.006554040592163801 
vn -0.6250552535057068 0.2747162878513336 0.7306414246559143 
vn -0.8300126194953918 0.2780166566371918 0.4835140109062195 
vn -0.6551173329353333 0.7445123791694641 0.12854042649269104 
vn -0.9426607489585876 -0.31899333000183105 0.0981530249118805 
vn -0.9698686599731445 -0.228282168507576 0.08510008454322815 
vn -0.6534979343414307 0.0037670589517802 0.7569189071655273 
vn -0.996263861656189 0.08295149356126785 0.024029340595006943 
vn -0.5499665141105652 -0.18859417736530304 0.8136147856712341 
vn -0.9935315847396851 0.11302972584962845 -0.010923261754214764 
vn -0.5689929127693176 -0.1635042428970337 0.8059239983558655 
vn -0.6307952404022217 -0.1273958384990692 0.7654199600219727 
vn -0.6936542987823486 -0.20438919961452484 0.6907016038894653 
vn -0.696537435054779 -0.41302573680877686 0.5867242813110352 
vn -0.9960165619850159 0.08293090015649796 -0.03276457265019417 
vn -0.9968618750572205 0.07542550563812256 0.024029340595006943 
vn -0.9903755784034729 -0.13546140491962433 0.028397228568792343 
vn -0.441252738237381 -0.8597767949104309 0.25706008076667786 
vn -0.5428854823112488 -0.8396674990653992 0.0152922747656703 
vn -0.9233834743499756 -0.3824779689311981 0.03276457265019417 
vn -0.9992551803588867 0.03019430674612522 0.024029340595006943 
vn -0.8896814584732056 0.007554281037300825 -0.456519216299057 
vn -0.8322274088859558 -1.721238575931247e-13 -0.5544344186782837 
vn -0.9578962326049805 0.01888148859143257 -0.2864931523799896 
vn -0.41749823093414307 0.037792645394802094 -0.9078915119171143 
vn -0.4561653137207031 0.07531319558620453 -0.8867024183273315 
vn -0.9886564612388611 0.09049718081951141 -0.11986933648586273 
vn -0.7173285484313965 0.11284887790679932 -0.6875353455543518 
vn -0.7524780631065369 0.0941467434167862 -0.651853621006012 
vn -0.9992551803588867 -0.03019430674612522 0.024029340595006943 
vn -0.9774473309516907 -0.01888759806752205 -0.2103329300880432 
vn -0.7289577126502991 -0.36421841382980347 -0.5796254277229309 
vn -0.6468693614006042 -1.337875394236826e-13 -0.762600839138031 
vn -0.7042521238327026 -0.5564493536949158 -0.4409002661705017 
vn -0.5825597047805786 -0.797970175743103 -0.15449213981628418 
vn -0.4128686487674713 -0.3727665841579437 -0.8310141563415527 
vn -0.7124075293540955 -0.12412397563457489 -0.6907016038894653 
vn -0.9704762697219849 -0.02264401689171791 -0.2401314377784729 
vn -0.8666786551475525 -0.011329707689583302 -0.4987381398677826 
vn -0.43180137872695923 -0.052722711116075516 -0.9004265069961548 
vn -0.8657573461532593 -0.04152753949165344 -0.4987381398677826 
vn -0.9998644590377808 0.015102911740541458 0.006554040592163801 
vn -0.9982003569602966 -0.052817411720752716 0.028397228568792343 
vn -0.7045616507530212 0.6885490417480469 -0.17173540592193604 
vn -0.7321215867996216 0.003776762168854475 -0.681163489818573 
vn -0.6084542870521545 0.264288991689682 -0.7482877969741821 
vn -0.83219313621521 -0.007556311320513487 -0.5544344186782837 
vn -0.9993491172790527 0.015095127746462822 0.03276457265019417 
vn -0.994850218296051 0.07914794236421585 0.0633138045668602 
vn -0.9995967149734497 -2.0673969535010134e-13 0.028397228568792343 
vn -0.9182337522506714 -0.3788132965564728 0.11553031951189041 
vn -0.9649505615234375 -0.2575804889202118 0.05022686347365379 
vn -0.9715738892555237 -0.2281131148338318 0.0633138045668602 
vn -0.8291422128677368 -0.0715937539935112 0.5544344186782837 
vn -0.7481352090835571 -0.04895669221878052 0.661737859249115 
vn -0.5396886467933655 -0.17416734993457794 0.8236515522003174 
vn -0.07831497490406036 -0.13066063821315765 0.9883291721343994 
vn -0.02816944010555744 -0.34954020380973816 0.9364978075027466 
vn 0.014931275509297848 -0.15159977972507477 0.9883291721343994 
vn -0.3719130754470825 -0.04880506172776222 0.926983654499054 
vn 0.0018539319280534983 -0.10030980408191681 0.994954526424408 
vn -0.18584632873535156 -0.018656352534890175 0.9824016690254211 
vn -0.7436426877975464 -0.4322475492954254 0.5100564956665039 
vn 0.030173923820257187 -0.7103176712989807 0.7032341957092285 
vn -0.7051477432250977 -0.23704329133033752 0.6682642698287964 
vn 0.024470502510666847 -0.5520728826522827 0.8334367275238037 
vn 0.011255311779677868 -0.3175310790538788 0.9481810927391052 
vn 0.189809188246727 -0.6525163054466248 0.7336177229881287 
vn 0.08270827680826187 -0.7244420051574707 0.6843559741973877 
vn -0.2820613980293274 -0.6390827298164368 0.715552031993866 
vn -0.1031293272972107 -0.2784574627876282 0.9548956751823425 
vn -0.13493609428405762 -0.707359790802002 0.6938546895980835 
vn 0.08384505659341812 -0.36976149678230286 0.9253358840942383 
vn 0.259979784488678 -0.8245505690574646 0.5025205612182617 
vn 0.3996451199054718 -0.3015206456184387 0.865661084651947 
vn 0.0645429790019989 -0.18892042338848114 0.97986900806427 
vn 0.04335033893585205 -0.7034512758255005 0.7094202041625977 
vn 0.22622926533222198 -0.4294856786727905 0.87427818775177 
vn 0.12335783243179321 -0.345632940530777 0.9302261471748352 
vn 0.6949129700660706 -0.13486407697200775 0.7063339352607727 
vn 0.6468603014945984 -0.44667163491249084 0.6181069612503052 
vn 0.5336363911628723 -0.4259052276611328 0.7306414246559143 
vn 0.07910206913948059 -0.8007310032844543 0.5937783122062683 
vn 0.6902695894241333 0.05271850898861885 0.7216291427612305 
vn 0.268073707818985 0.08156497031450272 0.9599394202232361 
vn 0.10901768505573273 0 0.9940398335456848 
vn 0.8989719152450562 0.10535600036382675 0.42514660954475403 
vn 0.418935090303421 -0.015047877095639706 0.9078915119171143 
vn 0.13105984032154083 0.3643662929534912 0.9219872951507568 
vn 0.6939578056335449 0.04516982287168503 0.7185974717140198 
vn 0.6395099759101868 0.3743039667606354 0.6715083718299866 
vn 0.4236910343170166 0.5934162139892578 0.6843559741973877 
vn 0.0809505507349968 0.8880177140235901 0.45262736082077026 
vn 0.05459082871675491 0.6035496592521667 0.7954543828964233 
vn 0.022446727380156517 0.23268380761146545 0.9722933769226074 
vn -0.001886979560367763 0.9069715142250061 0.42118772864341736 
vn 0.06959104537963867 0.6020045280456543 0.7954543828964233 
vn 0.06573154032230377 0.5076969861984253 0.8590245246887207 
vn -0.46279388666152954 -0.05633922666311264 0.8846737742424011 
vn -0.941512405872345 -0.05658738687634468 0.33219319581985474 
vn -0.5397600531578064 0.04512343183159828 0.8406086564064026 
vn -0.8602489233016968 0.06032257527112961 0.5062933564186096 
vn -0.9244745373725891 0.007543862331658602 0.3811691105365753 
vn -0.7225788831710815 0.5920901894569397 0.3568037748336792 
vn -0.05650575831532478 0.6675004959106445 0.7424622178077698 
vn -0.7864313125610352 0.15739236772060394 0.5972883701324463 
vn -0.24089176952838898 0.052227932959795 0.9691457152366638 
vn -0.9194011092185974 -0.056558478623628616 0.3892335295677185 
vn -0.2488171011209488 0.5563811659812927 0.7927988767623901 
vn -0.43666020035743713 0.24486489593982697 0.865661084651947 
vn -0.3539527952671051 0.2014578878879547 0.913308322429657 
vn -0.31835630536079407 0.26658737659454346 0.9097144603729248 
vn -0.6572732925415039 0.254391074180603 0.7094202041625977 
vn -0.16677288711071014 0.5230226516723633 0.8358433246612549 
vn 0.08092354238033295 0.8540788888931274 0.5138099193572998 
vn -0.8024463057518005 0.434262216091156 0.40926313400268555 
vn -0.9924368858337402 0.04149471968412399 -0.11553031951189041 
vn 0.8733274340629578 0.4163815379142761 0.25283506512641907 
vn 0.6776495575904846 0.46157893538475037 0.5724822878837585 
vn 0.6728371381759644 0.4218178391456604 0.607749879360199 
vn 0.34751296043395996 -0.9376115798950195 0.010923261754214764 
vn 0.056615184992551804 -0.9960998892784119 -0.06767380982637405 
vn 0.813748836517334 -0.5800294280052185 0.03713129088282585 
vn 0.3118877410888672 -0.9501164555549622 -0.002184694167226553 
vn 0.6842153072357178 -0.7162576913833618 -0.1372016966342926 
vn 0.13549022376537323 -0.9471797347068787 -0.29067665338516235 
vn -0.0018864546436816454 -0.9979918599128723 -0.0633138045668602 
vn 0.08107014000415802 -0.9952123165130615 0.05459024757146835 
vn -0.005662730894982815 -0.9529122114181519 0.30319350957870483 
vn 0.7719656229019165 -0.628040611743927 0.0981530249118805 
vn 0.26872318983078003 -0.7977457046508789 0.5398051738739014 
vn -0.14761464297771454 -0.646742045879364 0.7482877969741821 
vn -0.32640761137008667 -0.8361011147499084 0.4409002661705017 
vn -0.14859050512313843 -0.9852303266525269 0.08510008454322815 
vn -0.2787933051586151 -0.9166220426559448 0.2864931523799896 
vn -0.11225941777229309 -0.5595395565032959 0.8211658596992493 
vn -0.10721920430660248 -0.8228408098220825 0.5580654144287109 
vn -0.11861221492290497 -0.9889031052589417 0.08945280313491821 
vn -0.42761334776878357 -0.8060089945793152 0.40926313400268555 
vn -0.32912886142730713 -0.8956880569458008 0.2990269064903259 
vn 0.12589074671268463 -0.8683629035949707 0.4796847105026245 
vn -0.08290009945631027 -0.8994459509849548 0.42909738421440125 
vn 0.39100050926208496 -0.900791585445404 0.18892620503902435 
vn 0.3815235495567322 -0.8717643618583679 0.30735430121421814 
vn 0.05280439183115959 -0.9402693510055542 0.3363112509250641 
vn 0.06033099442720413 -0.9012411236763 0.42909738421440125 
vn 0.06222322955727577 -0.9120758771896362 0.405272513628006 
vn -0.086736299097538 -0.9889935255050659 0.11986933648586273 
vn -0.09793934971094131 -0.9366443157196045 0.3363112509250641 
vn -0.33855071663856506 -0.5512017607688904 0.762600839138031 
vn 0.6770733594894409 -0.6970858573913574 0.23588760197162628 
vn -0.03773367404937744 -0.9844201803207397 0.17173540592193604 
vn -0.001886979560367763 -0.9069715142250061 0.42118772864341736 
vn 0.022628597915172577 -0.8833633661270142 0.46814218163490295 
vn -0.05656339228153229 -0.9711559414863586 0.23163928091526031 
vn -0.8580169081687927 -0.5004595518112183 0.11553031951189041 
vn 0.2811478078365326 -0.9581105709075928 0.05459024757146835 
vn -0.8354001641273499 -0.5491166710853577 -0.024029340595006943 
vn -0.5456711649894714 -0.7844130396842957 0.2948545813560486 
vn 0.26641786098480225 -0.7564840316772461 0.5972883701324463 
vn -0.024525977671146393 -0.9354079961776733 0.3527185618877411 
vn -0.5600131154060364 -0.8241015076637268 0.08510008454322815 
vn -0.6629945039749146 -0.7483660578727722 0.01966099627315998 
vn 0.0867428258061409 -0.8301222920417786 -0.5507928133010864 
vn 0.04904524236917496 -0.8565009832382202 -0.5138099193572998 
vn -0.6437979340553284 -0.681163489818573 -0.34862664341926575 
vn -0.2991141080856323 -0.3525473177433014 -0.8867024183273315 
vn 0.07164226472377777 -0.989666759967804 0.1242060661315918 
vn 0.052812617272138596 -0.9788792133331299 -0.1975002884864807 
vn 0.07531319558620453 -0.4561653137207031 -0.8867024183273315 
vn -0.0018909800564870238 -0.504404604434967 -0.8634653687477112 
vn -0.018875662237405777 -0.891499936580658 -0.45262736082077026 
vn 0.018868831917643547 -0.9968994855880737 0.0763898640871048 
vn -0.1652023196220398 -0.9079236388206482 0.3852050006389618 
vn -0.011315853334963322 -0.9628764390945435 0.26970529556274414 
vn -0.23262882232666016 -0.7965217232704163 0.5580654144287109 
vn -0.18937671184539795 -0.9798611402511597 0.0633138045668602 
vn -0.01510031707584858 -0.9996926784515381 0.01966099627315998 
vn 0.03775046393275261 -0.9992848038673401 0.002184694167226553 
vn 0.007552213501185179 -0.9663659334182739 -0.25706008076667786 
vn -0.026438361033797264 -0.47318559885025024 -0.8805659413337708 
vn 0.011333925649523735 -0.8297195434570312 -0.5580654144287109 
vn -0.022645773366093636 -0.9513256549835205 -0.30735430121421814 
vn 0.052803438156843185 -0.4397008717060089 -0.8965907096862793 
vn 0.5819926261901855 -0.4993032217025757 -0.641857385635376 
vn 0.8231068849563599 -0.555091381072998 -0.11986933648586273 
vn 0.09784664213657379 -0.6757137775421143 -0.7306414246559143 
vn 0.09169925004243851 0.4766852855682373 0.87427818775177 
vn 0.31415829062461853 0.569261372089386 0.7597671151161194 
vn 0.5917988419532776 0.5851295590400696 0.5544344186782837 
vn 0.6735579371452332 0.5126789808273315 0.5324283838272095 
vn 0.8346768617630005 0.40136080980300903 0.37712597846984863 
vn 0.7779703140258789 -0.11272095143795013 0.6181069612503052 
vn -0.2488171011209488 0.5563811659812927 0.7927988767623901 
vn -0.3043411076068878 0.34287574887275696 0.888714075088501 
vn -0.2605527639389038 0.4914546608924866 0.8310141563415527 
vn 0.6776495575904846 0.46157893538475037 0.5724822878837585 
vn 0.5917988419532776 0.5851295590400696 0.5544344186782837 
vn 0.7779703140258789 -0.11272095143795013 0.6181069612503052 
vn 0.0471944659948349 -0.6779216527938843 -0.7336177229881287 
vn -0.6419764161109924 -0.756597101688385 -0.1242060661315918 
vn 0.06418514996767044 -0.8853868842124939 -0.46040233969688416 
vn 0.07168927788734436 -0.9951285719871521 -0.06767380982637405 
vn 0.020762236788868904 -0.9935823678970337 -0.1111890971660614 
vn 0.03213245049118996 -0.6360065937042236 -0.7710143327713013 
vn -0.10530366003513336 -0.5681676864624023 -0.8161473870277405 
vn -0.12421812862157822 -0.989310085773468 -0.0763898640871048 
vn 0.06040516495704651 -0.7145277261734009 -0.6969945430755615 
vn 0.1355079710483551 -0.9907160401344299 -0.010923261754214764 
vn -0.6701086759567261 -0.7408447861671448 -0.04586252197623253 
vn -0.6248806118965149 -0.7714632749557495 0.11986933648586273 
vn 0.12785863876342773 -0.9663671255111694 0.22312943637371063 
vn 0.13718794286251068 -0.9469353556632996 0.29067665338516235 
vn 0.1652885526418686 -0.9760376214981079 -0.1415284425020218 
vn 0.05843479931354523 -0.9720497727394104 0.22738653421401978 
vn -0.639172375202179 -0.3806331157684326 0.6682642698287964 
vn 0.15292392671108246 -0.6216473579406738 0.7682244777679443 
vn 0.1911521852016449 -0.4909704029560089 0.8499464392662048 
vn -0.05650575831532478 -0.6675004959106445 0.7424622178077698 
vn 0.15042105317115784 -0.9883299469947815 0.024029340595006943 
vn 0.07350515574216843 -0.9952830672264099 -0.0633138045668602 
vn -0.07914867252111435 -0.9744206070899963 0.2103329300880432 
vn -0.015102335251867771 -0.9998263120651245 0.010923261754214764 
vn -0.12233918905258179 -0.9810611605644226 0.15017375349998474 
vn 0.007546626031398773 -0.9992818832397461 -0.03713129088282585 
vn -0.007550950627774 -0.999854564666748 0.0152922747656703 
vn -0.09049693495035172 -0.9958751797676086 0.006554040592163801 
vn -0.026414383202791214 -0.9919047951698303 0.1242060661315918 
vn 0.030202345922589302 -0.9947129487991333 0.0981530249118805 
vn -0.007551383227109909 -0.9999118447303772 -0.010923261754214764 
vn -0.04527553543448448 -0.984102189540863 0.17173540592193604 
vn 0.5849030613899231 -0.8095465898513794 -0.05022686347365379 
vn -0.018863731995224953 -0.7804346084594727 0.6249527335166931 
vn 0.709237813949585 -0.48268115520477295 0.5138099193572998 
vn 0.1411602944135666 -0.984204113483429 -0.10684575140476227 
vn -0.09799819439649582 -0.9949923753738403 0.01966099627315998 
vn -0.09230422228574753 -0.9937158823013306 0.0633138045668602 
vn 0.9003292918205261 -0.4239966571331024 -0.0981530249118805 
vn 0.8675653338432312 -0.49072444438934326 0.08074574917554855 
vn 0.0735248327255249 -0.9955494403839111 0.058952588587999344 
vn 0.4098673462867737 -0.8958324193954468 0.17173540592193604 
vn 0.09229741245508194 -0.976805567741394 0.19321508705615997 
vn -0.14277131855487823 -0.9448159337043762 0.2948545813560486 
vn -0.2764701247215271 -0.8435602784156799 0.46040233969688416 
vn 0.5753108859062195 -0.7629404664039612 -0.2948545813560486 
vn 0.6776495575904846 0.46157893538475037 0.5724822878837585 
vn 0.7779703140258789 -0.11272095143795013 0.6181069612503052 
vn 0.8346768617630005 0.40136080980300903 0.37712597846984863 
vn -0.9924368858337402 0.04149471968412399 -0.11553031951189041 
vn -0.6121730208396912 -0.5454431176185608 -0.5724822878837585 
vn -0.5081070065498352 -0.15277482569217682 -0.8476362228393555 
vn -0.8024463057518005 0.434262216091156 0.40926313400268555 
vn -0.8024463057518005 0.434262216091156 0.40926313400268555 
vn -0.9924368858337402 0.04149471968412399 -0.11553031951189041 
vn -0.5081070065498352 -0.15277482569217682 -0.8476362228393555 
vn 0.6776495575904846 0.46157893538475037 0.5724822878837585 
vn 0.6728371381759644 0.4218178391456604 0.607749879360199 
vn 0.5917988419532776 0.5851295590400696 0.5544344186782837 
vn -0.02641865611076355 0.9824522733688354 -0.18463370203971863 
vn 0.43688586354255676 0.3501327335834503 -0.8285757899284363 
vn 0.40744152665138245 0.7057093977928162 -0.5796254277229309 
vn -0.7864313125610352 0.15739236772060394 0.5972883701324463 
vn -0.9822765588760376 0.16915327310562134 -0.08074574917554855 
vn -0.9194011092185974 -0.056558478623628616 0.3892335295677185 
vn -0.999997615814209 -2.0682260971124217e-13 -0.002184694167226553 
vn -0.9118802547454834 0.4104039967060089 0.006554040592163801 
vn -0.9999499917030334 -0.0075516714714467525 -0.006554040592163801 
vn -0.998173177242279 0.06037835404276848 -0.002184694167226553 
vn -0.6908654570579529 0.7229008078575134 0.010923261754214764 
vn -0.9297332763671875 -0.04904019087553024 -0.3649536371231079 
vn -0.707024097442627 0.707024097442627 0.0152922747656703 
vn -0.5446147918701172 0.5593109726905823 -0.6249527335166931 
vn -0.7225788831710815 0.5920901894569397 0.3568037748336792 
vn -0.7668396830558777 0.6336012482643127 -0.10250037163496017 
vn -0.41561973094940186 0.905947208404541 -0.08074574917554855 
vn -0.830547034740448 -0.05285929888486862 -0.5544344186782837 
vn -0.9994269013404846 -0.03019949607551098 -0.0152922747656703 
vn -0.9922564625740051 -2.0522155481060567e-13 0.1242060661315918 
vn -0.8629504442214966 -0.10170918703079224 -0.4949462115764618 
vn -0.8602489233016968 0.06032257527112961 0.5062933564186096 
vn -0.9295677542686462 -0.3615453839302063 0.07203252613544464 
vn -0.8786777853965759 0.07171179354190826 -0.4719987213611603 
vn -0.7029643058776855 -0.7002956867218018 -0.1242060661315918 
vn -0.4025779664516449 -0.3838573098182678 -0.8310141563415527 
vn -0.46279388666152954 -0.05633922666311264 0.8846737742424011 
vn -0.941512405872345 -0.05658738687634468 0.33219319581985474 
vn -0.5397600531578064 0.04512343183159828 0.8406086564064026 
vn -0.46946242451667786 -0.8735458850860596 0.12854042649269104 
vn -0.2612491250038147 -0.9652689099311829 -0.002184694167226553 
vn -0.4032363295555115 -0.9143422245979309 0.03713129088282585 
vn -0.6577041149139404 -0.7443642020225525 0.11553031951189041 
vn -0.881883978843689 -0.4677662253379822 -0.058952588587999344 
vn -0.9974502325057983 -0.02265629731118679 0.06767380982637405 
vn -0.9244745373725891 0.007543862331658602 0.3811691105365753 
vn -0.8291422128677368 -0.0715937539935112 0.5544344186782837 
vn -0.7481352090835571 -0.04895669221878052 0.661737859249115 
vn -0.3719130754470825 -0.04880506172776222 0.926983654499054 
vn -0.5980422496795654 -0.794883131980896 0.10250037163496017 
vn -0.7051477432250977 -0.23704329133033752 0.6682642698287964 
vn -0.7436426877975464 -0.4322475492954254 0.5100564956665039 
vn -0.5396886467933655 -0.17416734993457794 0.8236515522003174 
vn -0.9924368858337402 0.04149471968412399 -0.11553031951189041 
vn -0.6121730208396912 -0.5454431176185608 -0.5724822878837585 
vn -0.8300126194953918 0.2780166566371918 0.4835140109062195 
vn 0.11867936700582504 -0.9918729066848755 -0.04586252197623253 
vn 0.7815307974815369 -0.4810276925563812 -0.3972681760787964 
vn 0.08673377335071564 -0.839672863483429 -0.5361219048500061 
vn -0.7289577126502991 -0.36421841382980347 -0.5796254277229309 
vn -0.9774473309516907 -0.01888759806752205 -0.2103329300880432 
vn -0.7124075293540955 -0.12412397563457489 -0.6907016038894653 
vn 0.6842153072357178 -0.7162576913833618 -0.1372016966342926 
vn 0.09784664213657379 -0.6757137775421143 -0.7306414246559143 
vn 0.13549022376537323 -0.9471797347068787 -0.29067665338516235 
vn 0.02264723740518093 -0.99945467710495 -0.024029340595006943 
vn 0.7815307974815369 -0.4810276925563812 -0.3972681760787964 
vn 0.022649399936199188 -0.9995501041412354 0.01966099627315998 
vn -0.1680908501148224 -0.02244493179023266 0.9855159521102905 
vn -0.4040983021259308 -0.11152404546737671 0.9078915119171143 
vn -0.20113977789878845 0.03356429189443588 0.9789873361587524 
vn -0.5403351187705994 0.03761618956923485 0.8406086564064026 
vn 0.6770733594894409 -0.6970858573913574 0.23588760197162628 
vn 0.39100050926208496 -0.900791585445404 0.18892620503902435 
vn 0.2811478078365326 -0.9581105709075928 0.05459024757146835 
vn 0.3815235495567322 -0.8717643618583679 0.30735430121421814 
vn -0.03773367404937744 -0.9844201803207397 0.17173540592193604 
vn -0.16677288711071014 0.5230226516723633 0.8358433246612549 
vn -0.08266659080982208 0.6038511395454407 0.7927988767623901 
vn -0.5040276646614075 0.17722131311893463 0.8453097939491272 
vn 0.6902695894241333 0.05271850898861885 0.7216291427612305 
vn 0.8989719152450562 0.10535600036382675 0.42514660954475403 
vn 0.9998263120651245 0.015102335251867771 0.010923261754214764 
vn 0.999854564666748 -0.007550950627774 0.0152922747656703 
vn 0.9998067021369934 0 -0.01966099627315998 
vn 0.99945467710495 -0.02264723740518093 0.024029340595006943 
vn 0.9731473922729492 0.21713750064373016 0.0763898640871048 
vn 0.9992551803588867 0.03019430674612522 -0.024029340595006943 
vn 0.8634456396102905 0.5043236613273621 -0.010923261754214764 
vn 0.9689242839813232 0.23911729454994202 -0.0633138045668602 
vn 0.29734331369400024 0.954208254814148 -0.03276457265019417 
vn 0.6734219789505005 0.7321178317070007 0.10250037163496017 
vn 0.923812985420227 0.23906594514846802 0.2990269064903259 
vn 0.4236910343170166 0.5934162139892578 0.6843559741973877 
vn 0.6395099759101868 0.3743039667606354 0.6715083718299866 
vn 0.6939578056335449 0.04516982287168503 0.7185974717140198 
vn 0.9765213131904602 -0.07543373107910156 0.2017817199230194 
vn 0.418935090303421 -0.015047877095639706 0.9078915119171143 
vn 0.6949129700660706 -0.13486407697200775 0.7063339352607727 
vn 0.36989790201187134 0.9188858866691589 0.1372016966342926 
vn 0.6776007413864136 0.7269760966300964 0.1111890971660614 
vn 0.48900744318962097 -0.015103199519217014 -0.872148871421814 
vn 0.119416244328022 0.07185037434101105 -0.9902410507202148 
vn 0.5702517032623291 0.5168460607528687 -0.6385006904602051 
vn 0.7170764207839966 0 -0.6969945430755615 
vn 0.6795203685760498 0.007557041477411985 -0.7336177229881287 
vn 0.9652334451675415 -0.0075527578592300415 -0.2612801790237427 
vn 0.999854564666748 0.007550950627774 0.0152922747656703 
vn 0.8486588597297668 -0.015107207000255585 -0.528724730014801 
vn 0.6461289525032043 -0.09793449938297272 -0.7569189071655273 
vn 0.7046188116073608 -0.06785761564970016 -0.7063339352607727 
vn 0.5959903001785278 -0.06036122515797615 -0.8007197380065918 
vn 0.689078688621521 -0.007556339725852013 -0.7246471047401428 
vn 0.6959467530250549 0.060360830277204514 -0.715552031993866 
vn 0.9043368697166443 0.037751760333776474 -0.42514660954475403 
vn 0.7133851051330566 0.030202072113752365 -0.7001210451126099 
vn 0.7046236991882324 0.015112492255866528 -0.7094202041625977 
vn 0.9736061692237854 -0.22443051636219025 -0.04149730131030083 
vn 0.6468603014945984 -0.44667163491249084 0.6181069612503052 
vn 0.684524416923523 -0.6738554835319519 0.2781098484992981 
vn 0.36140647530555725 -0.931668758392334 0.03713129088282585 
vn 0.9731473922729492 -0.21713750064373016 0.0763898640871048 
vn 0.3959449529647827 -0.9066171646118164 0.1458524912595749 
vn 0.8201014399528503 -0.5613114833831787 0.1111890971660614 
vn 0.7047857642173767 0 -0.7094202041625977 
vn 0.7070645689964294 -0.7070645689964294 0.010923261754214764 
vn 0.548319935798645 -0.5924035906791687 -0.590256929397583 
vn 0.8486588597297668 -0.015107207000255585 -0.528724730014801 
vn 0.6795203685760498 0.007557041477411985 -0.7336177229881287 
vn 0.6461289525032043 -0.09793449938297272 -0.7569189071655273 
vn 0.08882471174001694 -0.022493472322821617 -0.9957932829856873 
vn -0.055633947253227234 0.011308097280561924 -0.9983872175216675 
vn 0.009450040757656097 0.029084233567118645 -0.9995322823524475 
vn 0.689078688621521 -0.007556339725852013 -0.7246471047401428 
vn -0.0075849550776183605 0.04301641881465912 -0.9990455508232117 
vn 0.6959467530250549 0.060360830277204514 -0.715552031993866 
vn 0.7133851051330566 0.030202072113752365 -0.7001210451126099 
vn 0.9043368697166443 0.037751760333776474 -0.42514660954475403 
vn 0.7046188116073608 -0.06785761564970016 -0.7063339352607727 
vn 0.5959903001785278 -0.06036122515797615 -0.8007197380065918 
vn 0.020404137670993805 -0.052978113293647766 -0.9983872175216675 
vn -0.1792963445186615 0.03397069871425629 -0.983208417892456 
vn 0.7046236991882324 0.015112492255866528 -0.7094202041625977 
vn -0.09185390174388885 -0.44121840596199036 -0.8926864862442017 
vn -0.09766817092895508 -0.4910110533237457 -0.865661084651947 
vn -0.03754059970378876 -0.1741889864206314 -0.9839963912963867 
vn -0.07353576272726059 -0.8826321959495544 -0.4642767012119293 
vn 0.03962858021259308 -0.8848032355308533 -0.4642767012119293 
vn -0.10117865353822708 -0.09584151208400726 -0.9902410507202148 
vn -0.4025779664516449 -0.3838573098182678 -0.8310141563415527 
vn -0.8786777853965759 0.07171179354190826 -0.4719987213611603 
vn -0.8629504442214966 -0.10170918703079224 -0.4949462115764618 
vn -0.10408167541027069 -0.05495744198560715 -0.9930492043495178 
vn -0.27735182642936707 -0.17906127870082855 -0.9439348578453064 
vn -0.830547034740448 -0.05285929888486862 -0.5544344186782837 
vn -0.29499807953834534 -0.03391699492931366 -0.9548956751823425 
vn -0.9297332763671875 -0.04904019087553024 -0.3649536371231079 
vn -0.5446147918701172 0.5593109726905823 -0.6249527335166931 
vn 0.11468496173620224 0.689081072807312 -0.715552031993866 
vn 0.13462594151496887 0.5170369148254395 -0.8453097939491272 
vn -0.010896530002355576 0.013663816265761852 -0.9998472929000854 
vn -0.20853042602539062 -0.6955646276473999 -0.6875353455543518 
vn 0.548319935798645 -0.5924035906791687 -0.590256929397583 
vn 0.7047857642173767 0 -0.7094202041625977 
vn 0.2421332746744156 0.007571462541818619 -0.9702134728431702 
vn -0.02454940602183342 0.5225740671157837 -0.8522403836250305 
vn 0.7170764207839966 0 -0.6969945430755615 
vn 0.5702517032623291 0.5168460607528687 -0.6385006904602051 
vn -0.009526245296001434 0.09550471603870392 -0.9953833818435669 
vn 0.007554755080491304 0.6059663891792297 -0.7954543828964233 
vn -0.03397921100258827 0.9153274893760681 -0.401274174451828 
vn 0.15292392671108246 -0.6216473579406738 0.7682244777679443 
vn -0.639172375202179 -0.3806331157684326 0.6682642698287964 
vn 0.1911521852016449 -0.4909704029560089 0.8499464392662048 
vn 0.1131552904844284 -0.2609192728996277 0.9587059020996094 
vn 0.0822204053401947 -0.39888304471969604 0.913308322429657 
vn -0.05650575831532478 -0.6675004959106445 0.7424622178077698 
vn -0.6348259449005127 -0.08262673020362854 0.7682244777679443 
vn 0.018807338550686836 -0.3948146402835846 0.9185682535171509 
vn -0.7083970308303833 0.060293473303318024 0.7032341957092285 
vn 0.003607067046687007 -0.04353082552552223 0.9990455508232117 
vn -0.9668350219726562 0.12427107244729996 -0.22312943637371063 
vn -0.9132534861564636 0.04149998351931572 0.405272513628006 
vn -0.2854844629764557 0.08168743550777435 0.9548956751823425 
vn -0.5602724552154541 0.0601494275033474 0.8261215686798096 
vn -0.49861976504325867 0.20195163786411285 0.8429672718048096 
vn -0.2707095146179199 -0.14109912514686584 0.9522643685340881 
vn -0.36481034755706787 0.19832539558410645 0.9097144603729248 
vn 0.011185226030647755 -0.1302272230386734 0.991421103477478 
vn -0.4843740165233612 -0.12654151022434235 0.865661084651947 
vn -0.21467261016368866 0.029834451153874397 0.976230263710022 
vn -0.1997710019350052 0.0409306064248085 0.9789873361587524 
vn -0.243718683719635 0.16963320970535278 0.9548956751823425 
vn -0.23575368523597717 0.05573195219039917 0.9702134728431702 
vn -0.23511168360710144 0.07402094453573227 0.9691457152366638 
vn 0.027112457901239395 -0.06908141821622849 0.9972425103187561 
vn 0.026307791471481323 -0.3414643704891205 0.9395264387130737 
vn 0.12760351598262787 -0.09086605161428452 0.9876541495323181 
vn 0.5416828989982605 -0.14156919717788696 0.8285757899284363 
vn -0.018863731995224953 -0.7804346084594727 0.6249527335166931 
vn 0.709237813949585 -0.48268115520477295 0.5138099193572998 
vn -0.737969160079956 0.011310146190226078 0.67473965883255 
vn 0.8742016553878784 0.0753260999917984 0.4796847105026245 
vn 0.8794061541557312 -0.10531847178936005 0.4642767012119293 
vn 0.11729598045349121 -0.05767054855823517 0.991421103477478 
vn -0.020254243165254593 0.09826117753982544 0.994954526424408 
vn -0.03259085863828659 0.0762501060962677 0.9965559244155884 
vn -0.07325176149606705 0.055045127868652344 0.9957932829856873 
vn -0.14415742456912994 0.10473649948835373 0.9839963912963867 
vn -0.1031036525964737 0.07307469844818115 0.9919826984405518 
vn -0.023890703916549683 0.03656744584441185 0.9990455508232117 
vn -0.07831497490406036 0.13066063821315765 0.9883291721343994 
vn -0.09532967209815979 0.01114244107156992 0.9953833818435669 
vn -0.11585846543312073 0.14098937809467316 0.983208417892456 
vn 0.1423722803592682 -0.22658418118953705 0.9635298252105713 
vn 0.023692212998867035 0.031373560428619385 0.9992268681526184 
vn -0.6852852702140808 0.030129702761769295 0.7276512384414673 
vn 0.07124712318181992 0.47630128264427185 0.8763908743858337 
vn -0.015069231390953064 0.7289923429489136 0.6843559741973877 
vn -0.6106000542640686 0.5200135707855225 0.5972883701324463 
vn 0.04090620204806328 0.21284057199954987 0.976230263710022 
vn -0.098172627389431 0.05667999014258385 0.9935539960861206 
vn -0.06181865930557251 -0.021631285548210144 0.9978529810905457 
vn -0.10440661758184433 -0.007467308547347784 0.9945066571235657 
vn -0.09920551627874374 0.09788248687982559 0.9902410507202148 
vn 0.024410396814346313 0.3209434449672699 0.946783721446991 
vn 0.024475261569023132 0.6193394064903259 0.7847417593002319 
vn 0.1371273547410965 0.9176114201545715 0.37307560443878174 
vn -0.013176272623240948 0.4660243093967438 0.8846737742424011 
vn 0.1389867067337036 0.9088638424873352 0.3932546079158783 
vn 0.01885855570435524 0.924312949180603 0.3811691105365753 
vn 0.49905261397361755 0.5895371437072754 0.6351318359375 
vn -0.13923248648643494 0.3262980282306671 0.9349566102027893 
vn -0.16475816071033478 0.3854708969593048 0.9078915119171143 
vn 0.6217098832130432 0.22182564437389374 0.7511792182922363 
vn -0.1758807748556137 0.2695672810077667 0.946783721446991 
vn 0.43887364864349365 0.007534959819167852 0.8985171914100647 
vn 0.522911548614502 -0.08986854553222656 0.8476362228393555 
vn -0.10230080038309097 0.11287153512239456 0.9883291721343994 
vn -0.6983041763305664 0.01888401061296463 -0.715552031993866 
vn -0.6242111325263977 0.3938106894493103 -0.67473965883255 
vn -0.9727190732955933 0.23197589814662933 -0.002184694167226553 
vn -0.522160530090332 0.8490161895751953 -0.08074574917554855 
vn -0.965255618095398 -0.003776407800614834 -0.2612801790237427 
vn -0.44227924942970276 -0.022674093022942543 -0.8965907096862793 
vn -0.7086994051933289 0.05662881210446358 -0.7032341957092285 
vn -0.9704762697219849 0.02264401689171791 -0.2401314377784729 
vn -0.9617255926132202 -0.007553530391305685 -0.27391019463539124 
vn -0.48910945653915405 -0.011328186839818954 -0.872148871421814 
vn -0.4885266125202179 -0.026421938091516495 -0.872148871421814 
vn -0.9706230163574219 0.015096771530807018 -0.2401314377784729 
vn -0.6060134768486023 -1.2533759295198232e-13 -0.7954543828964233 
vn -0.9173214435577393 -0.02644631639122963 -0.3972681760787964 
vn -0.5081198215484619 -0.007565987762063742 -0.8612531423568726 
vn -0.9612807035446167 0.030209463089704514 -0.27391019463539124 
vn -0.614717960357666 0.04534432291984558 -0.7874425053596497 
vn -0.9580153226852417 -0.011329363100230694 -0.2864931523799896 
vn -0.41097790002822876 0.015107679180800915 -0.9115201234817505 
vn -0.9627577662467957 0.018882524222135544 -0.26970529556274414 
vn -0.7833493947982788 -0.007549205329269171 -0.6215357780456543 
vn -0.9951253533363342 -0.09801129251718521 0.010923261754214764 
vn -0.7047452330589294 -0.007556680589914322 -0.7094202041625977 
vn -0.6629945039749146 -0.7483660578727722 0.01966099627315998 
vn -0.6437979340553284 -0.681163489818573 -0.34862664341926575 
vn -0.2991141080856323 -0.3525473177433014 -0.8867024183273315 
vn -0.6977627873420715 -0.1898902803659439 0.6907016038894653 
vn -0.8580169081687927 -0.5004595518112183 0.11553031951189041 
vn -0.8354001641273499 -0.5491166710853577 -0.024029340595006943 
vn -0.4562492370605469 -0.4815619885921478 0.7482877969741821 
vn -0.5456711649894714 -0.7844130396842957 0.2948545813560486 
vn -0.5600131154060364 -0.8241015076637268 0.08510008454322815 
vn -0.7030805945396423 -0.048996131867170334 0.7094202041625977 
vn -0.9810060262680054 0.12788376212120056 0.1458524912595749 
vn -0.9999691247940063 0.007551815826445818 -0.002184694167226553 
vn -0.7619225382804871 -0.05646844208240509 0.6452018022537231 
vn -0.8533729314804077 -0.0037706999573856592 0.5212872624397278 
vn -0.9940179586410522 0.022632893174886703 0.10684575140476227 
vn -0.41433387994766235 0.08601595461368561 0.9060511589050293 
vn -0.33794161677360535 0.1806335598230362 0.9236704111099243 
vn -0.9428412914276123 0.026419857516884804 0.33219319581985474 
vn -0.8197900056838989 0.21998746693134308 0.528724730014801 
vn -0.9349989891052246 -0.16166852414608002 -0.31565824151039124 
vn -0.8018608093261719 0.547134518623352 0.2401314377784729 
vn -0.648781955242157 0.7288200855255127 0.21886809170246124 
vn -0.454511433839798 0.8475804328918457 0.27391019463539124 
vn -0.5170600414276123 0.8553218245506287 0.03276457265019417 
vn -0.999997615814209 -2.0682260971124217e-13 -0.002184694167226553 
vn -0.9997782111167908 0.007550373673439026 -0.01966099627315998 
vn -0.9996827244758606 0.007549653295427561 -0.024029340595006943 
vn -0.9993401765823364 0.022644642740488052 -0.028397228568792343 
vn 0.4353140890598297 -0.155757874250412 -0.8867024183273315 
vn 0.8802562355995178 -0.09795985370874405 -0.4642767012119293 
vn 0.8878341913223267 0.08293905854225159 -0.45262736082077026 
vn 0.7990975379943848 0.598304033279419 -0.058952588587999344 
vn 0.38210028409957886 0.6517388820648193 -0.6551609039306641 
vn 0.7485089898109436 0.6631211042404175 0.002184694167226553 
vn 0.9873095750808716 0 -0.15880759060382843 
vn 0.3869253396987915 -0.015107817947864532 -0.9219872951507568 
vn 0.8949082493782043 0.09051330387592316 -0.43697428703308105 
vn 0.8742016553878784 0.0753260999917984 0.4796847105026245 
vn 0.8794061541557312 -0.10531847178936005 0.4642767012119293 
vn 0.9865800738334656 -0.052838824689388275 0.15449213981628418 
vn 0.522911548614502 -0.08986854553222656 0.8476362228393555 
vn 0.43887364864349365 0.007534959819167852 0.8985171914100647 
vn 0.6217098832130432 0.22182564437389374 0.7511792182922363 
vn 0.7210105657577515 0.678316593170166 0.1415284425020218 
vn 0.49905261397361755 0.5895371437072754 0.6351318359375 
vn 0.41566920280456543 0.14101757109165192 -0.8985171914100647 
vn 0.8813077211380005 0.02266838029026985 -0.4719987213611603 
vn 0.8675653338432312 -0.49072444438934326 0.08074574917554855 
vn 0.5753108859062195 -0.7629404664039612 -0.2948545813560486 
vn 0.4098673462867737 -0.8958324193954468 0.17173540592193604 
vn 0.9003292918205261 -0.4239966571331024 -0.0981530249118805 
vn 0.5416828989982605 -0.14156919717788696 0.8285757899284363 
vn 0.709237813949585 -0.48268115520477295 0.5138099193572998 
vn 0.5849030613899231 -0.8095465898513794 -0.05022686347365379 
vn 0.684524416923523 -0.6738554835319519 0.2781098484992981 
vn 0.36140647530555725 -0.931668758392334 0.03713129088282585 
vn -0.13535113632678986 -0.869051456451416 0.4758462607860565 
vn -0.07910217344760895 -0.8921210765838623 0.44481781125068665 
vn -0.21171000599861145 -0.9760410785675049 -0.05022686347365379 
vn 0.07910206913948059 -0.8007310032844543 0.5937783122062683 
vn -0.17652633786201477 -0.9769697189331055 0.11986933648586273 
vn -0.013217012397944927 -0.9916161894798279 0.12854042649269104 
vn -0.18025460839271545 -0.9836175441741943 0.002184694167226553 
vn 0.3959449529647827 -0.9066171646118164 0.1458524912595749 
vn 0.23185190558433533 -0.9721991419792175 0.03276457265019417 
vn 0.8201014399528503 -0.5613114833831787 0.1111890971660614 
vn 0.7070645689964294 -0.7070645689964294 0.010923261754214764 
vn -0.06793957203626633 -0.9788013696670532 -0.19321508705615997 
vn 0.6468603014945984 -0.44667163491249084 0.6181069612503052 
vn 0.548319935798645 -0.5924035906791687 -0.590256929397583 
vn -0.20853042602539062 -0.6955646276473999 -0.6875353455543518 
vn -0.09185390174388885 -0.44121840596199036 -0.8926864862442017 
vn -0.07353576272726059 -0.8826321959495544 -0.4642767012119293 
vn -0.09766817092895508 -0.4910110533237457 -0.865661084651947 
vn 0.9884243011474609 0.1504354178905487 0.01966099627315998 
vn 0.3544144928455353 0.9345142245292664 -0.03276457265019417 
vn -0.18025460839271545 -0.9836175441741943 0.002184694167226553 
vn 0.03585686907172203 -0.9931522011756897 0.1111890971660614 
vn -0.056586913764476776 -0.981177031993866 0.18463370203971863 
vn -0.035846538841724396 -0.9760434031486511 0.21460255980491638 
vn 0.009435920976102352 -0.9959463477134705 0.08945280313491821 
vn 0.03962858021259308 -0.8848032355308533 -0.4642767012119293 
vn -0.13493609428405762 -0.707359790802002 0.6938546895980835 
vn 0.259979784488678 -0.8245505690574646 0.5025205612182617 
vn -0.36200666427612305 -0.8628677725791931 0.3527185618877411 
vn -0.2820613980293274 -0.6390827298164368 0.715552031993866 
vn -0.2910158634185791 -0.8590172529220581 0.42118772864341736 
vn 0.08270827680826187 -0.7244420051574707 0.6843559741973877 
vn -0.12235724925994873 -0.9619312286376953 0.24437066912651062 
vn -0.02639932744204998 -0.9577184915542603 0.2864931523799896 
vn 0.11113517731428146 -0.9731048941612244 0.2017817199230194 
vn 0.0922740250825882 -0.9573184847831726 0.27391019463539124 
vn 0.11106053739786148 -0.9291152358055115 0.3527185618877411 
vn -0.4244707524776459 -0.8056378960609436 -0.41324591636657715 
vn 0.24374787509441376 -0.8429054021835327 0.4796847105026245 
vn 0.189809188246727 -0.6525163054466248 0.7336177229881287 
vn 0.13542404770851135 -0.9274264574050903 0.34862664341926575 
vn 0.08107876032590866 -0.9760688543319702 0.2017817199230194 
vn -0.4032363295555115 -0.9143422245979309 0.03713129088282585 
vn -0.2612491250038147 -0.9652689099311829 -0.002184694167226553 
vn -0.881883978843689 -0.4677662253379822 -0.058952588587999344 
vn -0.9295677542686462 -0.3615453839302063 0.07203252613544464 
vn -0.46946242451667786 -0.8735458850860596 0.12854042649269104 
vn -0.7029643058776855 -0.7002956867218018 -0.1242060661315918 
vn -0.4025779664516449 -0.3838573098182678 -0.8310141563415527 
vn 0.04335033893585205 -0.7034512758255005 0.7094202041625977 
vn 0.05652712285518646 -0.9176902770996094 0.3932546079158783 
vn 0.024470502510666847 -0.5520728826522827 0.8334367275238037 
vn 0.030173923820257187 -0.7103176712989807 0.7032341957092285 
vn 0.0603133887052536 -0.9586538672447205 0.2781098484992981 
vn 0.17078636586666107 -0.9347695112228394 0.31150925159454346 
vn -0.6577041149139404 -0.7443642020225525 0.11553031951189041 
vn -0.5980422496795654 -0.794883131980896 0.10250037163496017 
vn 0.15946288406848907 -0.8947057723999023 0.417220801115036 
vn -0.7436426877975464 -0.4322475492954254 0.5100564956665039 
vn 0.119416244328022 0.07185037434101105 -0.9902410507202148 
vn 0.7170764207839966 0 -0.6969945430755615 
vn 0.5702517032623291 0.5168460607528687 -0.6385006904602051 
vn 0.48900744318962097 -0.015103199519217014 -0.872148871421814 
vn 0.119416244328022 0.07185037434101105 -0.9902410507202148 
vn 0.7170764207839966 0 -0.6969945430755615 
vn -0.08443786948919296 -0.568030595779419 0.8186644315719604 
vn 0.37317076325416565 -0.5283782482147217 0.762600839138031 
vn 0.20508581399917603 -0.7532422542572021 0.6249527335166931 
vn -0.33855071663856506 -0.5512017607688904 0.762600839138031 
vn -0.42761334776878357 -0.8060089945793152 0.40926313400268555 
vn -0.08443786948919296 -0.568030595779419 0.8186644315719604 
vn 0.12589074671268463 -0.8683629035949707 0.4796847105026245 
vn 0.20508581399917603 -0.7532422542572021 0.6249527335166931 
vn 0.6770733594894409 -0.6970858573913574 0.23588760197162628 
vn 0.37317076325416565 -0.5283782482147217 0.762600839138031 
vn 0.26641786098480225 -0.7564840316772461 0.5972883701324463 
vn 0.12589074671268463 -0.8683629035949707 0.4796847105026245 
vn 0.20508581399917603 -0.7532422542572021 0.6249527335166931 
vn -0.42761334776878357 -0.8060089945793152 0.40926313400268555 
vn -0.08443786948919296 -0.568030595779419 0.8186644315719604 
vn -0.18937671184539795 -0.9798611402511597 0.0633138045668602 
vn -0.011315853334963322 -0.9628764390945435 0.26970529556274414 
vn -0.23262882232666016 -0.7965217232704163 0.5580654144287109 
vn 0.22622926533222198 -0.4294856786727905 0.87427818775177 
vn 0.3996451199054718 -0.3015206456184387 0.865661084651947 
vn 0.5336363911628723 -0.4259052276611328 0.7306414246559143 
vn 0.07910206913948059 -0.8007310032844543 0.5937783122062683 
vn 0.259979784488678 -0.8245505690574646 0.5025205612182617 
vn -0.07910217344760895 -0.8921210765838623 0.44481781125068665 
vn -0.13535113632678986 -0.869051456451416 0.4758462607860565 
vn 0.6468603014945984 -0.44667163491249084 0.6181069612503052 
vn 0.684524416923523 -0.6738554835319519 0.2781098484992981 
vn -0.013176272623240948 0.4660243093967438 0.8846737742424011 
vn 0.49905261397361755 0.5895371437072754 0.6351318359375 
vn 0.1389867067337036 0.9088638424873352 0.3932546079158783 
vn 0.7210105657577515 0.678316593170166 0.1415284425020218 
vn 0.3544144928455353 0.9345142245292664 -0.03276457265019417 
vn 0.1371273547410965 0.9176114201545715 0.37307560443878174 
vn 0.1485164910554886 0.9871512055397034 0.058952588587999344 
vn 0.06791078299283981 0.9976316094398499 0.010923261754214764 
vn 0.0377483032643795 0.9992275834083557 -0.010923261754214764 
vn 0.01885855570435524 0.924312949180603 0.3811691105365753 
vn -0.6976308226585388 0.7149879932403564 0.04586252197623253 
vn -0.0037719623651355505 0.9244976043701172 0.3811691105365753 
vn -0.7582216858863831 0.6515539288520813 0.024029340595006943 
vn -0.015069231390953064 0.7289923429489136 0.6843559741973877 
vn 0.05845306068658829 0.9915825724601746 -0.11553031951189041 
vn -0.6106000542640686 0.5200135707855225 0.5972883701324463 
vn 0.7485089898109436 0.6631211042404175 0.002184694167226553 
vn 0.024475261569023132 0.6193394064903259 0.7847417593002319 
vn 0.07124712318181992 0.47630128264427185 0.8763908743858337 
vn -0.19312912225723267 0.9721348285675049 -0.1328723281621933 
vn -0.7446328401565552 0.6658968329429626 -0.04586252197623253 
vn -0.8410494923591614 0.5327631831169128 -0.09380380809307098 
vn -0.20251309871673584 0.9648605585098267 -0.16742929816246033 
vn -0.40854883193969727 0.6522305607795715 -0.6385006904602051 
vn -0.05848454311490059 0.6239216923713684 -0.7792953848838806 
vn -0.14604508876800537 0.6058928370475769 -0.7820260524749756 
vn -0.14291693270206451 0.974721372127533 -0.17173540592193604 
vn -0.05662010237574577 0.8229430317878723 -0.5652954578399658 
vn -0.03587605804204941 0.9960888624191284 -0.08074574917554855 
vn -0.011339051648974419 0.6231426000595093 -0.7820260524749756 
vn -0.024544497951865196 0.7196966409683228 -0.6938546895980835 
vn 0.00943888258188963 0.7078158259391785 -0.7063339352607727 
vn 0.02455339953303337 0.6886825561523438 -0.7246471047401428 
vn 0.013212904334068298 0.9937114119529724 -0.1111890971660614 
vn 0.0207829549908638 0.7106544375419617 -0.7032341957092285 
vn -6.860055465308587e-14 0.6633741855621338 -0.7482877969741821 
vn 0.00945603009313345 0.5597971081733704 -0.8285757899284363 
vn 0.16521891951560974 0.980452299118042 0.10684575140476227 
vn 0.2319493293762207 0.9726076722145081 0.0152922747656703 
vn 0.7990975379943848 0.598304033279419 -0.058952588587999344 
vn 0.38210028409957886 0.6517388820648193 -0.6551609039306641 
vn 0.10172048956155777 0.9918757677078247 0.0763898640871048 
vn 0.07154975831508636 0.4009345471858978 -0.913308322429657 
vn 0.1858634352684021 0.976749062538147 -0.10684575140476227 
vn 0.15202000737190247 0.8766300082206726 0.456519216299057 
vn 0.3060549795627594 0.24372729659080505 0.9202865362167358 
vn 0.048805177211761475 0.41635453701019287 0.9078915119171143 
vn -0.003607067046687007 -0.04353082552552223 0.9990455508232117 
vn 0.7797621488571167 -0.07526135444641113 0.6215357780456543 
vn 0.0785679966211319 0 0.9969087839126587 
vn 0.8392876982688904 -0.015090038068592548 0.5434780716896057 
vn 0.8097516894340515 0.007537728641182184 0.5867242813110352 
vn 0.2335144728422165 0.10232088714838028 0.9669547080993652 
vn 0.9090869426727295 0.05280826613306999 0.41324591636657715 
vn 0.34096235036849976 0.0819544866681099 0.9364978075027466 
vn 0.8320906162261963 -0.015090195462107658 0.5544344186782837 
vn 0.046815961599349976 -0.2847628891468048 0.9574540853500366 
vn 0.19865544140338898 -0.6260472536087036 0.7540562748908997 
vn -0.0621616505086422 -0.8511142730712891 0.5212872624397278 
vn 0.03766787797212601 -0.6083182692527771 0.7927988767623901 
vn 0.03385210037231445 0.07090109586715698 0.9969087839126587 
vn 0.033856019377708435 0.06603860855102539 0.9972425103187561 
vn 0.1062745526432991 0.05058690905570984 0.9930492043495178 
vn 0.8548312187194824 0.22384482622146606 0.46814218163490295 
vn 0.7962965965270996 0.5533486008644104 0.24437066912651062 
vn 0.7842569351196289 -0.440448135137558 0.43697428703308105 
vn 0.06297942996025085 -0.09425538033246994 0.9935539960861206 
vn -0.09807363152503967 0.036579571664333344 0.9945066571235657 
vn 0.09675173461437225 -0.3707723319530487 0.9236704111099243 
vn 0.09968172013759613 -0.8498246073722839 0.5175535082817078 
vn -0.04456167668104172 -0.017959969118237495 0.9988451600074768 
vn 0.15132872760295868 0.17255735397338867 0.9733054637908936 
vn 0.13348893821239471 0.8970962166786194 0.42118772864341736 
vn -0.1253049224615097 0.6070247292518616 0.7847417593002319 
vn -0.27410367131233215 -0.13438670337200165 0.9522643685340881 
vn -0.72330641746521 0.13115136325359344 0.677958071231842 
vn -0.9427942633628845 -0.09416025131940842 0.3198012113571167 
vn -0.8254162669181824 -0.05654222145676613 0.5616858005523682 
vn -0.330678254365921 -0.04875422641634941 0.9424833655357361 
vn -0.8663710951805115 0.13893777132034302 0.4796847105026245 
vn -0.30786991119384766 0.23485228419303894 0.9219872951507568 
vn -0.7414804697036743 0.06024636700749397 0.6682642698287964 
vn -0.20571060478687286 -0.6306730508804321 0.7482877969741821 
vn -0.6871592402458191 -0.6351392269134521 0.3527185618877411 
vn 0.1353343427181244 -0.893062174320221 0.42909738421440125 
vn -0.8086689710617065 -0.13534605503082275 -0.5724822878837585 
vn -0.977398157119751 -0.07540857046842575 -0.1975002884864807 
vn -0.4167124629020691 -0.0937272384762764 -0.9041935205459595 
vn -0.4744291603565216 -0.08280114084482193 -0.8763908743858337 
vn -0.8653085827827454 -0.07917892932891846 -0.4949462115764618 
vn -0.9999499917030334 0.0075516714714467525 0.006554040592163801 
vn -0.8649020791053772 0.056609828025102615 -0.4987381398677826 
vn -0.9749960899353027 0.07171287387609482 -0.2103329300880432 
vn -0.3865671157836914 0.1621694415807724 -0.9078915119171143 
vn -0.8022836446762085 0.14274229109287262 -0.5796254277229309 
vn -0.564895749092102 -0.5942699909210205 -0.5724822878837585 
vn -0.7694278955459595 0.06773648411035538 0.6351318359375 
vn -0.6419764161109924 -0.756597101688385 -0.1242060661315918 
vn -0.6701086759567261 -0.7408447861671448 -0.04586252197623253 
vn -0.999997615814209 -2.0682260971124217e-13 -0.002184694167226553 
vn -0.6248806118965149 -0.7714632749557495 0.11986933648586273 
vn -0.9981597661972046 0.033974967896938324 -0.05022686347365379 
vn -0.639172375202179 -0.3806331157684326 0.6682642698287964 
vn -0.9708938598632812 -0.041498277336359024 -0.23588760197162628 
vn -0.6348259449005127 -0.08262673020362854 0.7682244777679443 
vn -0.7083970308303833 0.060293473303318024 0.7032341957092285 
vn -0.9668350219726562 0.12427107244729996 -0.22312943637371063 
vn -0.9700067043304443 0.03773394227027893 -0.2401314377784729 
vn -0.9996827244758606 0.007549653295427561 0.024029340595006943 
vn -0.737969160079956 0.011310146190226078 0.67473965883255 
vn -0.6852852702140808 0.030129702761769295 0.7276512384414673 
vn -0.999721884727478 0.02265329100191593 -0.006554040592163801 
vn -0.6106000542640686 0.5200135707855225 0.5972883701324463 
vn -0.7582216858863831 0.6515539288520813 0.024029340595006943 
vn -0.6976308226585388 0.7149879932403564 0.04586252197623253 
vn -0.7446328401565552 0.6658968329429626 -0.04586252197623253 
vn -0.6948760747909546 0.07164179533720016 -0.715552031993866 
vn -0.9132534861564636 0.04149998351931572 0.405272513628006 
vn -0.8410494923591614 0.5327631831169128 -0.09380380809307098 
vn -0.40854883193969727 0.6522305607795715 -0.6385006904602051 
vn 0.8878341913223267 0.08293905854225159 -0.45262736082077026 
vn 0.4353140890598297 -0.155757874250412 -0.8867024183273315 
vn 0.38210028409957886 0.6517388820648193 -0.6551609039306641 
vn 0.07154975831508636 0.4009345471858978 -0.913308322429657 
vn 0.19261138141155243 -0.06696733832359314 -0.9789873361587524 
vn -6.860055465308587e-14 0.6633741855621338 -0.7482877969741821 
vn 0.009450040757656097 0.029084233567118645 -0.9995322823524475 
vn 0.0207829549908638 0.7106544375419617 -0.7032341957092285 
vn 0.02455339953303337 0.6886825561523438 -0.7246471047401428 
vn 0.00943888258188963 0.7078158259391785 -0.7063339352607727 
vn -0.024544497951865196 0.7196966409683228 -0.6938546895980835 
vn -0.4167124629020691 -0.0937272384762764 -0.9041935205459595 
vn -0.011339051648974419 0.6231426000595093 -0.7820260524749756 
vn 0.8802562355995178 -0.09795985370874405 -0.4642767012119293 
vn 0.3869253396987915 -0.015107817947864532 -0.9219872951507568 
vn -0.14816005527973175 -0.06291315704584122 -0.986960232257843 
vn -0.4744291603565216 -0.08280114084482193 -0.8763908743858337 
vn -0.8653085827827454 -0.07917892932891846 -0.4949462115764618 
vn -0.147622749209404 0.03758937120437622 -0.9883291721343994 
vn -0.8649020791053772 0.056609828025102615 -0.4987381398677826 
vn -0.3865671157836914 0.1621694415807724 -0.9078915119171143 
vn 0.005669320467859507 -0.14790485799312592 -0.9889853596687317 
vn -0.564895749092102 -0.5942699909210205 -0.5724822878837585 
vn 0.0471944659948349 -0.6779216527938843 -0.7336177229881287 
vn 0.06418514996767044 -0.8853868842124939 -0.46040233969688416 
vn 0.03213245049118996 -0.6360065937042236 -0.7710143327713013 
vn -0.10530366003513336 -0.5681676864624023 -0.8161473870277405 
vn 0.18380744755268097 0.052182283252477646 -0.9815762042999268 
vn 0.41566920280456543 0.14101757109165192 -0.8985171914100647 
vn 0.8949082493782043 0.09051330387592316 -0.43697428703308105 
vn 0.00945603009313345 0.5597971081733704 -0.8285757899284363 
vn -0.8022836446762085 0.14274229109287262 -0.5796254277229309 
vn 0.06040516495704651 -0.7145277261734009 -0.6969945430755615 
vn 0.8813077211380005 0.02266838029026985 -0.4719987213611603 
vn 0.5753108859062195 -0.7629404664039612 -0.2948545813560486 
vn 0.5426574945449829 0.8393148183822632 0.03276457265019417 
vn 0.4081566333770752 0.6842958331108093 -0.6042742133140564 
vn 0.9951633810997009 0.09801503270864487 0.006554040592163801 
vn 0.7386290431022644 0.3988216519355774 -0.5434780716896057 
vn 0.8935832977294922 -0.060382116585969925 -0.44481781125068665 
vn 0.9693025946617126 -0.05281474068760872 -0.2401314377784729 
vn 0.4845259487628937 -0.06775670498609543 -0.872148871421814 
vn 0.48783716559410095 -0.1124536320567131 -0.865661084651947 
vn 0.8929879069328308 -0.09044080972671509 -0.4409002661705017 
vn 0.7222254276275635 0.07540258765220642 -0.6875353455543518 
vn 0.986606240272522 0 -0.16312000155448914 
vn 0.4573020040988922 0.18430927395820618 -0.8700028657913208 
vn 0.6355434060096741 -0.45334160327911377 -0.6249527335166931 
vn 0.6963315606117249 -0.7176902890205383 -0.006554040592163801 
vn 0.6396613717079163 -0.7675358653068542 -0.04149730131030083 
vn 0.9969570636749268 -0.07543271034955978 -0.01966099627315998 
vn 0.6107551455497742 -0.7918164730072021 -0.002184694167226553 
vn 0.7797621488571167 -0.07526135444641113 0.6215357780456543 
vn 0.8548312187194824 0.22384482622146606 0.46814218163490295 
vn 0.8392876982688904 -0.015090038068592548 0.5434780716896057 
vn 0.8097516894340515 0.007537728641182184 0.5867242813110352 
vn 0.9090869426727295 0.05280826613306999 0.41324591636657715 
vn 0.8320906162261963 -0.015090195462107658 0.5544344186782837 
vn 0.9707403779029846 0 -0.2401314377784729 
vn 0.7842569351196289 -0.440448135137558 0.43697428703308105 
vn 0.8801093101501465 0.47109684348106384 0.058952588587999344 
vn 0.7962965965270996 0.5533486008644104 0.24437066912651062 
vn 0.8801093101501465 0.47109684348106384 0.058952588587999344 
vn 0.5426574945449829 0.8393148183822632 0.03276457265019417 
vn 0.1354432851076126 0.9902431964874268 0.03276457265019417 
vn -0.06603066623210907 0.9797687530517578 -0.18892620503902435 
vn -0.01886233501136303 0.9965562224388123 0.08074574917554855 
vn -0.02830064669251442 0.9137577414512634 -0.405272513628006 
vn 0.06228390708565712 0.9947868585586548 -0.08074574917554855 
vn -0.03590785712003708 0.5731484889984131 -0.8186644315719604 
vn 0.07917492836713791 0.5651707649230957 -0.8211658596992493 
vn 0.092305988073349 0.9095239639282227 -0.405272513628006 
vn -0.5918692946434021 0.7343966364860535 -0.33219319581985474 
vn -0.2116088718175888 0.9755748510360718 0.058952588587999344 
vn -0.6681413650512695 0.7375317811965942 0.0981530249118805 
vn -0.9122217297554016 0.39981216192245483 0.08945280313491821 
vn -0.2701222002506256 0.9558696150779724 -0.11553031951189041 
vn -0.9497988224029541 0.301065057516098 -0.08510008454322815 
vn 0.4081566333770752 0.6842958331108093 -0.6042742133140564 
vn -0.1017010509967804 0.6783661246299744 -0.7276512384414673 
vn -0.03963329270482063 0.5216469168663025 -0.8522403836250305 
vn 0.00755441514775157 0.5193666815757751 -0.8545181155204773 
vn 0.13348893821239471 0.8970962166786194 0.42118772864341736 
vn -0.24832524359226227 0.9474273920059204 0.2017817199230194 
vn -0.1253049224615097 0.6070247292518616 0.7847417593002319 
vn -0.72330641746521 0.13115136325359344 0.677958071231842 
vn -0.9347379803657532 0.325936496257782 0.1415284425020218 
vn -0.6909050345420837 0.7229422330856323 -0.002184694167226553 
vn 0.048805177211761475 0.41635453701019287 0.9078915119171143 
vn 0.15202000737190247 0.8766300082206726 0.456519216299057 
vn 0.7962965965270996 0.5533486008644104 0.24437066912651062 
vn 0.3060549795627594 0.24372729659080505 0.9202865362167358 
vn -0.4244707524776459 -0.8056378960609436 -0.41324591636657715 
vn 0.24374787509441376 -0.8429054021835327 0.4796847105026245 
vn 0.11106053739786148 -0.9291152358055115 0.3527185618877411 
vn -0.564895749092102 -0.5942699909210205 -0.5724822878837585 
vn -0.7694278955459595 0.06773648411035538 0.6351318359375 
vn 0.0471944659948349 -0.6779216527938843 -0.7336177229881287 
vn -0.14277131855487823 -0.9448159337043762 0.2948545813560486 
vn -0.2764701247215271 -0.8435602784156799 0.46040233969688416 
vn 0.5753108859062195 -0.7629404664039612 -0.2948545813560486 
vn 0.8929879069328308 -0.09044080972671509 -0.4409002661705017 
vn 0.15612635016441345 -0.0662032887339592 -0.9855159521102905 
vn 0.7222254276275635 0.07540258765220642 -0.6875353455543518 
vn 0.13724757730960846 0.06609494984149933 -0.9883291721343994 
vn 0.4573020040988922 0.18430927395820618 -0.8700028657913208 
vn -0.013231788761913776 -0.41502347588539124 -0.9097144603729248 
vn 0.48783716559410095 -0.1124536320567131 -0.865661084651947 
vn 0.001958925975486636 -0.02614004909992218 -0.9996563792228699 
vn -0.012935593724250793 -0.032465893775224686 -0.999389111995697 
vn 0.00755441514775157 0.5193666815757751 -0.8545181155204773 
vn -0.6540641784667969 0.7034592628479004 -0.2781098484992981 
vn -0.03688470646739006 0.07909950613975525 -0.9961841106414795 
vn -0.010922610759735107 -0.018918516114354134 -0.9997613430023193 
vn -0.03590785712003708 0.5731484889984131 -0.8186644315719604 
vn -0.02830064669251442 0.9137577414512634 -0.405272513628006 
vn 0.4845259487628937 -0.06775670498609543 -0.872148871421814 
vn 0.008738672360777855 0 -0.999961793422699 
vn -0.03963329270482063 0.5216469168663025 -0.8522403836250305 
vn -0.1017010509967804 0.6783661246299744 -0.7276512384414673 
vn 0.4081566333770752 0.6842958331108093 -0.6042742133140564 
vn 0.18380744755268097 -0.052182283252477646 -0.9815762042999268 
vn 0.7386290431022644 0.3988216519355774 -0.5434780716896057 
vn 0.8935832977294922 -0.060382116585969925 -0.44481781125068665 
vn 0.07917492836713791 0.5651707649230957 -0.8211658596992493 
vn -0.34417322278022766 -0.0860283374786377 -0.9349566102027893 
vn -0.666366696357727 0.17561878263950348 -0.7246471047401428 
vn 0.092305988073349 0.9095239639282227 -0.405272513628006 
vn -0.5918692946434021 0.7343966364860535 -0.33219319581985474 
vn -0.39122670888900757 -0.0037818870041519403 -0.9202865362167358 
vn -0.02396346628665924 -0.04660924896597862 -0.9986256957054138 
vn -0.030339833348989487 -0.003832812188193202 -0.9995322823524475 
vn -0.0259205661714077 -0.0039068968035280704 -0.9996563792228699 
vn 0.0639304667711258 -0.3819062113761902 -0.9219872951507568 
vn -0.015126186423003674 -0.5776457190513611 -0.8161473870277405 
vn 0.024548359215259552 -0.9338567852973938 -0.3568037748336792 
vn -0.30815932154655457 0.11842642724514008 -0.9439348578453064 
vn -0.6922386288642883 0.007551451679319143 -0.7216291427612305 
vn -0.7150453329086304 0.14271312952041626 -0.6843559741973877 
vn -0.10127804428339005 -0.48253268003463745 -0.8700028657913208 
vn 0.0358540415763855 -0.6324273347854614 -0.7737894654273987 
vn 0.0018882700242102146 -0.9580804109573364 -0.2864931523799896 
vn -0.009440893307328224 -0.9652168154716492 -0.2612801790237427 
vn 0.04905645176768303 -0.8134050965309143 -0.5796254277229309 
vn 0.33280080556869507 -0.911910355091095 -0.2401314377784729 
vn 0.09228959679603577 -0.6732664108276367 -0.7336177229881287 
vn 0.6355434060096741 -0.45334160327911377 -0.6249527335166931 
vn 0.6355434060096741 -0.45334160327911377 -0.6249527335166931 
vn 0.09228959679603577 -0.6732664108276367 -0.7336177229881287 
vn 0.6963315606117249 -0.7176902890205383 -0.006554040592163801 
vn 0.03773394227027893 -0.9700067043304443 -0.2401314377784729 
vn 0.09608397632837296 -0.9839795231819153 0.15017375349998474 
vn 0.0867193415760994 -0.9406650066375732 -0.3280687630176544 
vn 0.16347599029541016 -0.980261504650116 0.1111890971660614 
vn 0.024548359215259552 -0.9338567852973938 -0.3568037748336792 
vn -0.013231788761913776 -0.41502347588539124 -0.9097144603729248 
vn 0.04905645176768303 -0.8134050965309143 -0.5796254277229309 
vn 0.33280080556869507 -0.911910355091095 -0.2401314377784729 
vn 0.6396613717079163 -0.7675358653068542 -0.04149730131030083 
vn 0.18758249282836914 -0.9575539231300354 0.21886809170246124 
vn -0.032067861407995224 -0.992786169052124 0.11553031951189041 
vn -0.060371436178684235 -0.9980588555335999 0.0152922747656703 
vn 0.6107551455497742 -0.7918164730072021 -0.002184694167226553 
vn -0.09978923201560974 -0.9686782360076904 0.22738653421401978 
vn 0.19865544140338898 -0.6260472536087036 0.7540562748908997 
vn -0.0621616505086422 -0.8511142730712891 0.5212872624397278 
vn -0.020766617730259895 -0.98177170753479 0.18892620503902435 
vn 0.06982894986867905 -0.9751328229904175 -0.2103329300880432 
vn -0.15784676373004913 -0.9821293354034424 -0.10250037163496017 
vn 0.7842569351196289 -0.440448135137558 0.43697428703308105 
vn 0.03766787797212601 -0.6083182692527771 0.7927988767623901 
vn 0.018878648057579994 -0.9926101565361023 0.11986933648586273 
vn 0.11676342785358429 -0.9905440807342529 -0.07203252613544464 
vn 0.2280949503183365 -0.9702849388122559 0.08074574917554855 
vn 0.6098061203956604 -0.7629431486129761 -0.21460255980491638 
vn 0.005662258714437485 -0.9984927773475647 0.05459024757146835 
vn -0.047149091958999634 -0.9921843409538269 -0.11553031951189041 
vn -0.015126186423003674 -0.5776457190513611 -0.8161473870277405 
vn -0.009440893307328224 -0.9652168154716492 -0.2612801790237427 
vn 0.0639304667711258 -0.3819062113761902 -0.9219872951507568 
vn -0.0018882581498473883 -0.998945951461792 0.04586252197623253 
vn 0.1967124193906784 -0.970814049243927 0.1372016966342926 
vn -0.007551815826445818 -0.9999691247940063 0.002184694167226553 
vn 0.09968172013759613 -0.8498246073722839 0.5175535082817078 
vn 0.062196034938097 -0.9597420692443848 0.27391019463539124 
vn 0.09675173461437225 -0.3707723319530487 0.9236704111099243 
vn 0.1353343427181244 -0.893062174320221 0.42909738421440125 
vn -0.009432138875126839 -0.9979491233825684 -0.0633138045668602 
vn -0.7296799421310425 -0.6790046691894531 0.08074574917554855 
vn -0.6574495434761047 -0.7534953951835632 -0.002184694167226553 
vn -0.6871592402458191 -0.6351392269134521 0.3527185618877411 
vn -0.20571060478687286 -0.6306730508804321 0.7482877969741821 
vn -0.49448683857917786 -0.866546630859375 0.06767380982637405 
vn 0.12617544829845428 -0.9909472465515137 -0.04586252197623253 
vn 0.1875772625207901 -0.9817032217979431 0.03276457265019417 
vn 0.11302972584962845 -0.9935315847396851 0.010923261754214764 
vn 0.46458899974823 -0.8852003812789917 -0.024029340595006943 
vn -0.5714946389198303 -0.8090547323226929 0.1372016966342926 
vn -0.4691920876502991 -0.8730428218841553 -0.1328723281621933 
vn 0.0358540415763855 -0.6324273347854614 -0.7737894654273987 
vn -0.10127804428339005 -0.48253268003463745 -0.8700028657913208 
vn -0.5717373490333557 -0.577076256275177 -0.5831804275512695 
vn -0.29565900564193726 -0.9466060996055603 0.12854042649269104 
vn 0.0018882700242102146 -0.9580804109573364 -0.2864931523799896 
vn -0.2609543800354004 -0.9350078701972961 -0.2401314377784729 
vn -0.666366696357727 0.17561878263950348 -0.7246471047401428 
vn -0.9387281537055969 -0.0753936618566513 -0.3363112509250641 
vn -0.34417322278022766 -0.0860283374786377 -0.9349566102027893 
vn -0.9159268736839294 0.007552583236247301 -0.401274174451828 
vn -0.9990246295928955 0.015090227127075195 -0.04149730131030083 
vn -0.9996264576911926 0.022651128470897675 0.0152922747656703 
vn -0.9122217297554016 0.39981216192245483 0.08945280313491821 
vn -0.9985979795455933 0.026432543992996216 0.04586252197623253 
vn -0.9497988224029541 0.301065057516098 -0.08510008454322815 
vn -0.5918692946434021 0.7343966364860535 -0.33219319581985474 
vn -0.6681413650512695 0.7375317811965942 0.0981530249118805 
vn -0.8254162669181824 -0.05654222145676613 0.5616858005523682 
vn -0.8663710951805115 0.13893777132034302 0.4796847105026245 
vn -0.9983304738998413 0.018873171880841255 0.05459024757146835 
vn -0.9998830556869507 -2.0679891989377336e-13 -0.0152922747656703 
vn -0.9427942633628845 -0.09416025131940842 0.3198012113571167 
vn -0.9347379803657532 0.325936496257782 0.1415284425020218 
vn -0.6909050345420837 0.7229422330856323 -0.002184694167226553 
vn -0.2701222002506256 0.9558696150779724 -0.11553031951189041 
vn -0.72330641746521 0.13115136325359344 0.677958071231842 
vn -0.7414804697036743 0.06024636700749397 0.6682642698287964 
vn -0.9995967149734497 -2.0673969535010134e-13 0.028397228568792343 
vn -0.9992848038673401 -0.03775046393275261 0.002184694167226553 
vn -0.9981592297554016 -0.02642093040049076 -0.05459024757146835 
vn -0.999854564666748 0.007550950627774 -0.0152922747656703 
vn -0.6871592402458191 -0.6351392269134521 0.3527185618877411 
vn -0.979169487953186 -0.20246781408786774 -0.0152922747656703 
vn -0.9976396560668945 -0.0603460818529129 0.03276457265019417 
vn -0.6574495434761047 -0.7534953951835632 -0.002184694167226553 
vn -0.7296799421310425 -0.6790046691894531 0.08074574917554855 
vn -0.49448683857917786 -0.866546630859375 0.06767380982637405 
vn -0.29565900564193726 -0.9466060996055603 0.12854042649269104 
vn -0.42538490891456604 -0.8976081609725952 0.11553031951189041 
vn -0.5714946389198303 -0.8090547323226929 0.1372016966342926 
vn -0.9999403357505798 -2.0681076480250776e-13 -0.010923261754214764 
vn -0.9601117372512817 0.12798775732517242 -0.24860523641109467 
vn -0.7150453329086304 0.14271312952041626 -0.6843559741973877 
vn -0.30815932154655457 0.11842642724514008 -0.9439348578453064 
vn -0.39122670888900757 -0.0037818870041519403 -0.9202865362167358 
vn -0.6922386288642883 0.007551451679319143 -0.7216291427612305 
vn -0.9370676279067993 -0.056609395891427994 -0.34452807903289795 
vn -0.5717373490333557 -0.577076256275177 -0.5831804275512695 
vn -0.4691920876502991 -0.8730428218841553 -0.1328723281621933 
vn -0.10127804428339005 -0.48253268003463745 -0.8700028657913208 
vn 0.4900954067707062 0.11930665373802185 0.8634653687477112 
vn 0.8190498948097229 0.03770039975643158 0.5724822878837585 
vn 0.1174631416797638 -0.007465002592653036 0.9930492043495178 
vn 0.8638075590133667 -0.1278357207775116 0.48733407258987427 
vn 0.16684645414352417 -0.209218829870224 0.9635298252105713 
vn 0.5782337188720703 -0.12701299786567688 0.8059239983558655 
vn 0.03539648279547691 -0.04438578709959984 0.9983872175216675 
vn 0.03418431803584099 -0.007266100961714983 0.999389111995697 
vn 0.3881998360157013 -0.16844046115875244 0.9060511589050293 
vn -0.11239016801118851 0.01479644700884819 0.9935539960861206 
vn 0.7558093667030334 0.09031051397323608 0.6485338807106018 
vn -0.0824999064207077 0.5353230834007263 0.8406086564064026 
vn 0.33476898074150085 0.7429428696632385 0.5796254277229309 
vn 0.9514636993408203 -0.05282537639141083 0.30319350957870483 
vn -0.001883221324533224 0.5742691159248352 0.8186644315719604 
vn -0.04031064361333847 0.1288803070783615 0.990840494632721 
vn -0.02262747474014759 0.9121357798576355 0.40926313400268555 
vn -0.03575492277741432 0.5803038477897644 0.8136147856712341 
vn -0.21938014030456543 -0.08073391765356064 0.9722933769226074 
vn -0.26319703459739685 -0.1374828964471817 0.9548956751823425 
vn -0.8494327068328857 -0.1353011429309845 0.5100564956665039 
vn -0.8964500427246094 -0.09409431368112564 0.43303996324539185 
vn -0.7138727307319641 0.06770787388086319 0.6969945430755615 
vn -0.5857113599777222 0.7042167782783508 0.401274174451828 
vn -0.3873356282711029 -0.12585297226905823 0.913308322429657 
vn -0.9119175672531128 0.030167561024427414 0.40926313400268555 
vn -0.47950583696365356 0.1301056295633316 0.8678402304649353 
vn -0.9071518182754517 0.09787376970052719 0.40926313400268555 
vn -0.3325245678424835 0.08195994794368744 0.9395264387130737 
vn -0.7892528772354126 0.1425711065530777 0.5972883701324463 
vn 0.20183630287647247 0.06636916846036911 0.9771679639816284 
vn 0.11308597773313522 0.14865557849407196 0.9824016690254211 
vn -0.6605172157287598 0.09012475609779358 0.7453821301460266 
vn 0.0018710092408582568 -0.13935284316539764 0.9902410507202148 
vn -0.38007205724716187 -0.4584832787513733 0.8033295273780823 
vn -0.050836801528930664 -0.7480098009109497 0.661737859249115 
vn 0.09578923881053925 -0.7167675495147705 0.6907016038894653 
vn 0.014630165882408619 0.059356916695833206 0.9981296062469482 
vn 0.08343441784381866 -0.2762613594532013 0.9574540853500366 
vn 0.04473022744059563 0.08491823822259903 0.9953833818435669 
vn 0.24426165223121643 0.10930006206035614 0.9635298252105713 
vn 0.11892485618591309 -0.12686073780059814 0.9847655892372131 
vn 0.19368083775043488 -0.16578994691371918 0.9669547080993652 
vn 0.18773958086967468 -0.23541799187660217 0.953589141368866 
vn -0.11239016801118851 0.01479644700884819 0.9935539960861206 
vn 0.10096806287765503 -0.25235939025878906 0.962351381778717 
vn -0.1485317051410675 -0.062030646950006485 0.986960232257843 
vn -0.267179936170578 -0.015004503540694714 0.9635298252105713 
vn -0.005594676360487938 -0.14358185231685638 0.9896226525306702 
vn 0.07591690123081207 -0.24338282644748688 0.9669547080993652 
vn 0.04599921405315399 -0.05256957933306694 0.9975572824478149 
vn -0.02211543545126915 -0.11118180304765701 0.9935539960861206 
vn 0.011188540607690811 -0.17783676087856293 0.9839963912963867 
vn 0.055895425379276276 -0.2400672882795334 0.9691457152366638 
vn 0.05965660884976387 -0.2565433979034424 0.9646899104118347 
vn 0.0462331585586071 -0.18096798658370972 0.9824016690254211 
vn 0.0798606351017952 -0.08646152913570404 0.9930492043495178 
vn 0.04599921405315399 -0.05256957933306694 0.9975572824478149 
vn 0.009060733951628208 -0.056043840944767 0.9983872175216675 
vn -0.09145829826593399 0.09935019910335541 0.990840494632721 
vn -0.08651876449584961 -0.6740323305130005 0.7336177229881287 
vn -0.16790910065174103 -0.6485031843185425 0.7424622178077698 
vn -0.18817415833473206 -0.6792005896568298 0.7094202041625977 
vn 0.3995027244091034 0.2168765515089035 0.8907088041305542 
vn 0.5068867206573486 -0.502888023853302 0.7001210451126099 
vn 0.9288718700408936 -0.11307825148105621 -0.3527185618877411 
vn 0.5364699959754944 -0.09779420495033264 -0.838234007358551 
vn 0.1899891048669815 -0.0740804374217987 -0.9789873361587524 
vn 0.5214573740959167 -0.07532133162021637 -0.8499464392662048 
vn 0.21199963986873627 0.04506191611289978 -0.976230263710022 
vn 0.8916246294975281 0.060412440448999405 -0.4487268626689911 
vn 0.5505412220954895 0.12011482566595078 -0.8261215686798096 
vn -0.0037855375558137894 -0.3831692636013031 -0.9236704111099243 
vn -0.0358780100941658 -0.38959649205207825 -0.9202865362167358 
vn 0.49698036909103394 0.06034434214234352 -0.865661084651947 
vn -0.07668710500001907 -0.28254416584968567 -0.9561840295791626 
vn 0.5747378468513489 -0.5480114221572876 -0.607749879360199 
vn -0.0886002704501152 -0.9007776379585266 -0.42514660954475403 
vn -0.0735635980963707 -0.8925948143005371 -0.44481781125068665 
vn -0.11116841435432434 -0.8745620250701904 -0.4719987213611603 
vn 0.003785097738727927 -0.3301100730895996 -0.9439348578453064 
vn 0.004369377624243498 0 -0.9999904632568359 
vn -0.14272505044937134 0.40257129073143005 -0.9041935205459595 
vn -0.06983483582735062 0.6981955170631409 -0.7124928832054138 
vn 0.43368101119995117 -0.06773205101490021 -0.8985171914100647 
vn 0.6049774885177612 0.5382906794548035 -0.5867242813110352 
vn 0.00567340012639761 0.552585780620575 -0.8334367275238037 
vn 0.0019059260375797749 0.11768467724323273 -0.9930492043495178 
vn 0.03209701180458069 0.9239479899406433 -0.3811691105365753 
vn 0.07531319558620453 0.4561653137207031 -0.8867024183273315 
vn -0.2216104120016098 -0.07439374923706055 -0.9722933769226074 
vn -0.14805756509304047 0.6632375121116638 -0.7336177229881287 
vn -0.5439306497573853 -0.1604292243719101 -0.8236515522003174 
vn -0.7669806480407715 0.17229174077510834 -0.6181069612503052 
vn -0.9205626249313354 -0.10168801248073578 -0.37712597846984863 
vn -0.8916677832603455 0.007550738286226988 -0.45262736082077026 
vn -0.470056414604187 0.0037768734619021416 -0.882628321647644 
vn -0.2138800323009491 0.07068755477666855 -0.9742990136146545 
vn -0.38803231716156006 0.07525443285703659 -0.9185682535171509 
vn -0.015103822574019432 -0.3747974932193756 -0.926983654499054 
vn 0.030229799449443817 -0.2827881872653961 -0.9587059020996094 
vn -0.7109813690185547 0.2087629735469818 -0.6715083718299866 
vn -0.79790198802948 -0.049064528197050095 -0.6007870435714722 
vn -0.6346499919891357 -0.327184796333313 -0.7001210451126099 
vn -0.28579238057136536 -0.840447723865509 -0.46040233969688416 
vn 0.04153824597597122 -0.9393544793128967 -0.34042292833328247 
vn 0.011333306320011616 -0.9210693836212158 -0.3892335295677185 
vn -0.0716942623257637 -0.8266939520835876 -0.5580654144287109 
vn 0.03966030478477478 -0.8614488244056702 -0.5062933564186096 
vn -0.12429047375917435 -0.9320214986801147 -0.34042292833328247 
vn -0.9145882725715637 0.09422881156206131 -0.3932546079158783 
vn -0.611545205116272 0.12019868195056915 -0.7820260524749756 
vn -0.02827894687652588 0.8506255149841309 0.5250110030174255 
vn 0.013135251589119434 0.19920890033245087 0.97986900806427 
vn -0.0974360927939415 0.5139966011047363 0.8522403836250305 
vn -0.113622285425663 -0.08070124685764313 0.9902410507202148 
vn 0.5082828998565674 0.43634656071662903 0.7424622178077698 
vn 0.5689929127693176 -0.1635042428970337 0.8059239983558655 
vn 0.6725088953971863 -0.1642654538154602 0.7216291427612305 
vn 0.6656344532966614 -0.11991965770721436 0.736579954624176 
vn -0.13978567719459534 0.03327181562781334 0.9896226525306702 
vn 0.5630483031272888 -0.06763678044080734 0.8236515522003174 
vn -0.08168743550777435 0.2854844629764557 0.9548956751823425 
vn -0.9865800738334656 0.052838824689388275 0.15449213981628418 
vn -0.18284855782985687 0.411918967962265 0.8926864862442017 
vn 0.6100478172302246 0.3529371917247772 0.7094202041625977 
vn 0.7700521349906921 0.060226455330848694 0.6351318359375 
vn 0.04315454885363579 0.41298577189445496 0.9097144603729248 
vn 0.16364140808582306 -0.04449494555592537 0.9855159521102905 
vn -0.005611679051071405 0.13925237953662872 0.9902410507202148 
vn 0.013107799924910069 0 0.9999141097068787 
vn 0.03541050851345062 -0.20082297921180725 0.9789873361587524 
vn 0.6834888458251953 -0.4294644892215729 0.590256929397583 
vn 0.015065646730363369 -0.6664671897888184 0.7453821301460266 
vn 0.048548296093940735 -0.2416602224111557 0.9691457152366638 
vn -0.1556473821401596 -0.8175429105758667 0.5544344186782837 
vn 0.059993308037519455 0.426874577999115 0.9023185968399048 
vn -0.0858464390039444 0.10423757135868073 0.990840494632721 
vn -0.20092815160751343 0.5379743576049805 0.8186644315719604 
vn 0.1635582000017166 0.41575857996940613 0.8946471214294434 
vn 0.08962443470954895 0.4216498136520386 0.9023185968399048 
vn 0.22351786494255066 -0.052117057144641876 0.9733054637908936 
vn 0.1512104868888855 -0.08586126565933228 0.9847655892372131 
vn 0.0801733210682869 0.09200821071863174 0.9925254583358765 
vn -0.2466723918914795 -0.2825845181941986 0.926983654499054 
vn -0.06328480690717697 -0.2772688567638397 0.9587059020996094 
vn -0.2085992395877838 -0.4716092348098755 0.8567795157432556 
vn -0.20383597910404205 -0.8639910817146301 0.46040233969688416 
vn 0.028173523023724556 -0.41427746415138245 0.9097144603729248 
vn -0.155660018324852 -0.8272728323936462 0.5398051738739014 
vn 0.0395989753305912 -0.8312848210334778 0.5544344186782837 
vn 0.3215663731098175 -0.3428736627101898 0.882628321647644 
vn 0.38016000390052795 -0.7614734768867493 0.5250110030174255 
vn 0.1686275452375412 -0.8694894313812256 0.4642767012119293 
vn 0.2338103950023651 -0.28286388516426086 0.9302261471748352 
vn -0.12590904533863068 -0.8275167942047119 0.5471406579017639 
vn -0.4853226840496063 -0.3265467584133148 0.8110666871070862 
vn 0.10005296021699905 0.007409397978335619 0.994954526424408 
vn -0.692187488079071 -0.011307267472147942 0.7216291427612305 
vn -0.6994040012359619 0.056461725383996964 0.7124928832054138 
vn -0.33810803294181824 0.22704805433750153 0.913308322429657 
vn -0.9010418057441711 0.2788751423358917 0.33219319581985474 
vn -0.8291469216346741 0.2598915696144104 0.4949462115764618 
vn -0.14344266057014465 0.08209777623414993 0.9862475395202637 
vn 0.0956900343298912 0.007437617518007755 0.9953833818435669 
vn -0.09186956286430359 -0.05016457661986351 0.9945066571235657 
vn 0.10619035363197327 0.16397687792778015 0.9807319641113281 
vn -0.32076582312583923 0.322098046541214 0.8907088041305542 
vn 0.11766942590475082 0.5324637293815613 0.838234007358551 
vn -0.24789996445178986 0.8923685550689697 0.37712597846984863 
vn 0.11658436059951782 0.8975847959518433 0.42514660954475403 
vn -0.8433833122253418 0.46950745582580566 0.2612801790237427 
vn -0.760587751865387 -0.030166679993271828 0.6485338807106018 
vn -0.7235486507415771 -0.09019023925065994 0.6843559741973877 
vn -0.44485732913017273 0.04133325070142746 0.8946471214294434 
vn -0.7393064498901367 0.08275792002677917 0.6682642698287964 
vn 0.5782337188720703 -0.12701299786567688 0.8059239983558655 
vn 0.9928731918334961 -0.05278981104493141 0.10684575140476227 
vn 0.9514636993408203 -0.05282537639141083 0.30319350957870483 
vn 0.9727005362510681 0.23197147250175476 -0.006554040592163801 
vn 0.9948973655700684 0.09798883646726608 0.024029340595006943 
vn 0.8638075590133667 -0.1278357207775116 0.48733407258987427 
vn 0.8916246294975281 0.060412440448999405 -0.4487268626689911 
vn 0.8190498948097229 0.03770039975643158 0.5724822878837585 
vn 0.9817032217979431 -0.1875772625207901 0.03276457265019417 
vn 0.4900954067707062 0.11930665373802185 0.8634653687477112 
vn 0.3995027244091034 0.2168765515089035 0.8907088041305542 
vn 0.8858186602592468 -0.45770061016082764 0.0763898640871048 
vn 0.5068867206573486 -0.502888023853302 0.7001210451126099 
vn 0.44423842430114746 -0.8951388001441956 -0.03713129088282585 
vn 0.6742216348648071 -0.7382673621177673 -0.01966099627315998 
vn 0.9912110567092896 -0.1205010712146759 -0.05459024757146835 
vn 0.5804172158241272 -0.8142929077148438 -0.006554040592163801 
vn 0.9910181760787964 -0.015096321702003479 -0.1328723281621933 
vn 0.9683400392532349 0.022650258615612984 -0.24860523641109467 
vn 0.5505412220954895 0.12011482566595078 -0.8261215686798096 
vn 0.49698036909103394 0.06034434214234352 -0.865661084651947 
vn 0.5747378468513489 -0.5480114221572876 -0.607749879360199 
vn 0.9288718700408936 -0.11307825148105621 -0.3527185618877411 
vn 0.9958784580230713 -0.06038505956530571 -0.06767380982637405 
vn 0.5364699959754944 -0.09779420495033264 -0.838234007358551 
vn 0.5214573740959167 -0.07532133162021637 -0.8499464392662048 
vn 0.9417397975921631 -0.09050006419420242 -0.3239381015300751 
vn 0.43368101119995117 -0.06773205101490021 -0.8985171914100647 
vn 0.6049774885177612 0.5382906794548035 -0.5867242813110352 
vn 0.6165996789932251 0.7870312929153442 0.01966099627315998 
vn 0.6798944473266602 0.7332806587219238 0.006554040592163801 
vn 0.25394728779792786 0.9671958684921265 -0.006554040592163801 
vn 0.645982027053833 0.763324499130249 -0.006554040592163801 
vn 0.7558093667030334 0.09031051397323608 0.6485338807106018 
vn 0.33476898074150085 0.7429428696632385 0.5796254277229309 
vn -0.05662010237574577 0.8229430317878723 -0.5652954578399658 
vn -0.14604508876800537 0.6058928370475769 -0.7820260524749756 
vn -0.08666383475065231 -0.0297517329454422 -0.9957932829856873 
vn -0.8086689710617065 -0.13534605503082275 -0.5724822878837585 
vn -0.6948760747909546 0.07164179533720016 -0.715552031993866 
vn -0.40854883193969727 0.6522305607795715 -0.6385006904602051 
vn -0.05848454311490059 0.6239216923713684 -0.7792953848838806 
vn 0.33280080556869507 -0.911910355091095 -0.2401314377784729 
vn 0.03773394227027893 -0.9700067043304443 -0.2401314377784729 
vn 0.09228959679603577 -0.6732664108276367 -0.7336177229881287 
vn 0.5082828998565674 0.43634656071662903 0.7424622178077698 
vn 0.5833251476287842 0.7919659614562988 0.18033768236637115 
vn -0.0974360927939415 0.5139966011047363 0.8522403836250305 
vn -0.02827894687652588 0.8506255149841309 0.5250110030174255 
vn -0.18024428188800812 0.9835612177848816 0.010923261754214764 
vn 0.11658436059951782 0.8975847959518433 0.42514660954475403 
vn -0.04718739911913872 0.9881803393363953 -0.1458524912595749 
vn 0.6687420010566711 0.7434656620025635 -0.006554040592163801 
vn 0.7172107696533203 0.6958663463592529 -0.03713129088282585 
vn 0.5811483263969421 0.7010666131973267 -0.41324591636657715 
vn -0.05286722630262375 0.5464164614677429 -0.8358433246612549 
vn -0.11271286755800247 0.5521041750907898 -0.8261215686798096 
vn -0.10365762561559677 0.8561087250709534 -0.5062933564186096 
vn 0.09616966545581818 0.8981240391731262 -0.42909738421440125 
vn -0.3631344735622406 0.8100389242172241 -0.46040233969688416 
vn -0.011332795955240726 0.49291643500328064 -0.8700028657913208 
vn -0.6655243039131165 0.713564395904541 -0.21886809170246124 
vn -0.8009505867958069 0.5987265110015869 0.002184694167226553 
vn -0.2685261070728302 0.9632501006126404 0.006554040592163801 
vn -0.8433833122253418 0.46950745582580566 0.2612801790237427 
vn -0.24789996445178986 0.8923685550689697 0.37712597846984863 
vn -0.32076582312583923 0.322098046541214 0.8907088041305542 
vn 0.11766942590475082 0.5324637293815613 0.838234007358551 
vn -0.3631344735622406 0.8100389242172241 -0.46040233969688416 
vn -0.5600640177726746 0.14223814010620117 -0.8161473870277405 
vn -0.011332795955240726 0.49291643500328064 -0.8700028657913208 
vn -0.3080451190471649 -0.09332079440355301 -0.946783721446991 
vn 0.07025004923343658 0.18687336146831512 -0.97986900806427 
vn 0.09616966545581818 0.8981240391731262 -0.42909738421440125 
vn -0.06119431182742119 0.18100668489933014 -0.9815762042999268 
vn -0.10365762561559677 0.8561087250709534 -0.5062933564186096 
vn -0.11271286755800247 0.5521041750907898 -0.8261215686798096 
vn -0.8448787927627563 -0.13534465432167053 -0.5175535082817078 
vn -0.6495643258094788 -0.0716935470700264 -0.7569189071655273 
vn -0.10795673727989197 -0.015172329731285572 -0.9940398335456848 
vn -0.7033278346061707 0.045309681445360184 -0.7094202041625977 
vn -0.005683844909071922 -0.16517728567123413 -0.9862475395202637 
vn -0.7714791297912598 0.037782080471515656 -0.6351318359375 
vn 0.08442448824644089 -0.38202768564224243 -0.9202865362167358 
vn -0.7270593047142029 -0.2842865288257599 -0.6249527335166931 
vn -0.23691508173942566 -0.882964015007019 -0.405272513628006 
vn 0.08484137803316116 -0.9011394381523132 -0.42514660954475403 
vn -0.04506191611289978 -0.21199963986873627 -0.976230263710022 
vn -0.07915739715099335 -0.8542444109916687 -0.5138099193572998 
vn -0.1463722288608551 -0.413813978433609 -0.8985171914100647 
vn 0.3004910349845886 0.08966813236474991 -0.949560284614563 
vn 0.6843090653419495 -0.2517498731613159 -0.6843559741973877 
vn 0.007556311320513487 -0.83219313621521 -0.5544344186782837 
vn 0.30025556683540344 -0.10391946882009506 -0.9481810927391052 
vn 0.6949471235275269 -0.15003377199172974 -0.7032341957092285 
vn -0.05286722630262375 0.5464164614677429 -0.8358433246612549 
vn 0.6676507592201233 0.15737271308898926 -0.7276512384414673 
vn 0.5811483263969421 0.7010666131973267 -0.41324591636657715 
vn -0.02262747474014759 0.9121357798576355 0.40926313400268555 
vn -0.03018920123577118 0.9894737601280212 0.1415284425020218 
vn -0.001883221324533224 0.5742691159248352 0.8186644315719604 
vn -0.0824999064207077 0.5353230834007263 0.8406086564064026 
vn 0.33476898074150085 0.7429428696632385 0.5796254277229309 
vn 0.645982027053833 0.763324499130249 -0.006554040592163801 
vn 0.25394728779792786 0.9671958684921265 -0.006554040592163801 
vn 0.003776365192607045 0.9977003335952759 0.06767380982637405 
vn -0.03575492277741432 0.5803038477897644 0.8136147856712341 
vn -0.5857113599777222 0.7042167782783508 0.401274174451828 
vn -0.5777724981307983 0.7997316718101501 -0.16312000155448914 
vn -0.20973636209964752 0.9770526885986328 -0.03713129088282585 
vn -0.1615661084651947 0.9839009046554565 0.0763898640871048 
vn -0.9301630258560181 0.34390997886657715 -0.12854042649269104 
vn -0.8986929655075073 0.4339841902256012 0.0633138045668602 
vn -0.41010352969169617 0.9062609076499939 0.10250037163496017 
vn 0.0923466607928276 0.9484438896179199 -0.30319350957870483 
vn -0.7183527946472168 0.6783077716827393 -0.15449213981628418 
vn -0.14805756509304047 0.6632375121116638 -0.7336177229881287 
vn -0.7669806480407715 0.17229174077510834 -0.6181069612503052 
vn 0.07531319558620453 0.4561653137207031 -0.8867024183273315 
vn 0.03209701180458069 0.9239479899406433 -0.3811691105365753 
vn -0.013213127851486206 0.9865177273750305 -0.16312000155448914 
vn 0.6798944473266602 0.7332806587219238 0.006554040592163801 
vn 0.6165996789932251 0.7870312929153442 0.01966099627315998 
vn -0.06983483582735062 0.6981955170631409 -0.7124928832054138 
vn 0.6049774885177612 0.5382906794548035 -0.5867242813110352 
vn 0.00567340012639761 0.552585780620575 -0.8334367275238037 
vn -0.14272505044937134 0.40257129073143005 -0.9041935205459595 
vn -0.010922610759735107 -0.018918516114354134 -0.9997613430023193 
vn -0.6540641784667969 0.7034592628479004 -0.2781098484992981 
vn -0.012935593724250793 -0.032465893775224686 -0.999389111995697 
vn -0.21467261016368866 0.029834451153874397 0.976230263710022 
vn -0.36481034755706787 0.19832539558410645 0.9097144603729248 
vn -0.4843740165233612 -0.12654151022434235 0.865661084651947 
vn 0.003607067046687007 -0.04353082552552223 0.9990455508232117 
vn 0.018807338550686836 -0.3948146402835846 0.9185682535171509 
vn -0.5602724552154541 0.0601494275033474 0.8261215686798096 
vn -0.9708938598632812 -0.041498277336359024 -0.23588760197162628 
vn -0.9700067043304443 0.03773394227027893 -0.2401314377784729 
vn -0.9668350219726562 0.12427107244729996 -0.22312943637371063 
vn 0.13718794286251068 -0.9469353556632996 0.29067665338516235 
vn 0.05843479931354523 -0.9720497727394104 0.22738653421401978 
vn 0.1911521852016449 -0.4909704029560089 0.8499464392662048 
vn -0.9749960899353027 0.07171287387609482 -0.2103329300880432 
vn -0.6419764161109924 -0.756597101688385 -0.1242060661315918 
vn -0.7694278955459595 0.06773648411035538 0.6351318359375 
vn -0.5602724552154541 0.0601494275033474 0.8261215686798096 
vn 0.018807338550686836 -0.3948146402835846 0.9185682535171509 
vn -0.2707095146179199 -0.14109912514686584 0.9522643685340881 
vn -0.6419764161109924 -0.756597101688385 -0.1242060661315918 
vn 0.0471944659948349 -0.6779216527938843 -0.7336177229881287 
vn -0.7694278955459595 0.06773648411035538 0.6351318359375 
vn 0.18758249282836914 -0.9575539231300354 0.21886809170246124 
vn 0.6098061203956604 -0.7629431486129761 -0.21460255980491638 
vn 0.16347599029541016 -0.980261504650116 0.1111890971660614 
vn 0.6742216348648071 -0.7382673621177673 -0.01966099627315998 
vn 0.5804172158241272 -0.8142929077148438 -0.006554040592163801 
vn -0.0075516714714467525 -0.9999499917030334 -0.006554040592163801 
vn -0.16900964081287384 -0.9826496243476868 -0.0763898640871048 
vn 0.10552351921796799 -0.9943568110466003 -0.010923261754214764 
vn 0.44423842430114746 -0.8951388001441956 -0.03713129088282585 
vn 0.03397040069103241 -0.9968236088752747 0.07203252613544464 
vn 0.026423441246151924 -0.9970521926879883 0.07203252613544464 
vn -0.16790910065174103 -0.6485031843185425 0.7424622178077698 
vn -0.18817415833473206 -0.6792005896568298 0.7094202041625977 
vn 0.5068867206573486 -0.502888023853302 0.7001210451126099 
vn 0.8858186602592468 -0.45770061016082764 0.0763898640871048 
vn 0.052828505635261536 -0.9984100461006165 -0.01966099627315998 
vn -0.11867157369852066 -0.9845783114433289 0.12854042649269104 
vn -0.08651876449584961 -0.6740323305130005 0.7336177229881287 
vn -0.020753871649503708 -0.971558690071106 0.23588760197162628 
vn 0.08343441784381866 -0.2762613594532013 0.9574540853500366 
vn 0.09578923881053925 -0.7167675495147705 0.6907016038894653 
vn 0.10552351921796799 -0.9943568110466003 -0.010923261754214764 
vn -0.007551673799753189 -0.9951426982879639 0.0981530249118805 
vn -0.050836801528930664 -0.7480098009109497 0.661737859249115 
vn -0.24079455435276031 -0.9484500885009766 0.2060592919588089 
vn -0.38007205724716187 -0.4584832787513733 0.8033295273780823 
vn -0.6534178853034973 -0.6067730188369751 0.45262736082077026 
vn -0.7383660078048706 -0.6743116974830627 0.010923261754214764 
vn -0.06791337579488754 -0.9976696968078613 -0.006554040592163801 
vn -0.037743259221315384 -0.9990940093994141 0.01966099627315998 
vn 0.21724578738212585 -0.9760558009147644 -0.010923261754214764 
vn -0.022653724998235703 -0.9997409582138062 -0.002184694167226553 
vn 0.10552956163883209 -0.9944137930870056 -0.002184694167226553 
vn -0.05469445884227753 -0.9967613220214844 0.058952588587999344 
vn 0.09423968940973282 -0.9929401874542236 0.07203252613544464 
vn -0.6107551455497742 -0.7918164730072021 0.002184694167226553 
vn -0.05281035229563713 -0.9980669021606445 -0.03276457265019417 
vn -0.7176218032836914 -0.6962651014328003 0.0152922747656703 
vn -0.39142054319381714 -0.9190683364868164 -0.04586252197623253 
vn -0.914925754070282 -0.3999134600162506 -0.05459024757146835 
vn -0.7176902890205383 -0.6963315606117249 -0.006554040592163801 
vn 0.0829736664891243 -0.9965301752090454 -0.006554040592163801 
vn 0.33331233263015747 -0.9427531957626343 -0.010923261754214764 
vn 0.07164404541254044 -0.9945007562637329 -0.0763898640871048 
vn -0.2701241075992584 -0.9607415199279785 -0.0633138045668602 
vn -0.04906744882464409 -0.9915763735771179 -0.11986933648586273 
vn -0.17093417048454285 -0.9669997096061707 -0.18892620503902435 
vn 0.5747378468513489 -0.5480114221572876 -0.607749879360199 
vn -0.0886002704501152 -0.9007776379585266 -0.42514660954475403 
vn -0.2189204841852188 -0.9736863970756531 -0.0633138045668602 
vn -0.0735635980963707 -0.8925948143005371 -0.44481781125068665 
vn -0.32073673605918884 -0.9455938935279846 0.05459024757146835 
vn -0.3717178404331207 -0.914661705493927 0.15880759060382843 
vn -0.16536776721477509 -0.9813355803489685 -0.0981530249118805 
vn -0.2556338608264923 -0.964974582195282 0.058952588587999344 
vn -0.3419247567653656 -0.9375920295715332 -0.0633138045668602 
vn 0.07539526373147964 -0.9964621663093567 0.03713129088282585 
vn -0.1559937298297882 -0.9836992025375366 0.08945280313491821 
vn -0.4309397339820862 -0.9023146033287048 -0.010923261754214764 
vn -0.11116841435432434 -0.8745620250701904 -0.4719987213611603 
vn -0.12429047375917435 -0.9320214986801147 -0.34042292833328247 
vn 0.003785097738727927 -0.3301100730895996 -0.9439348578453064 
vn -0.28579238057136536 -0.840447723865509 -0.46040233969688416 
vn 0.04153824597597122 -0.9393544793128967 -0.34042292833328247 
vn 0.011333306320011616 -0.9210693836212158 -0.3892335295677185 
vn 0.07355996966362 -0.9960252046585083 -0.05022686347365379 
vn -0.0716942623257637 -0.8266939520835876 -0.5580654144287109 
vn 0.03966030478477478 -0.8614488244056702 -0.5062933564186096 
vn -0.0735635980963707 -0.8925948143005371 -0.44481781125068665 
vn -0.0358780100941658 -0.38959649205207825 -0.9202865362167358 
vn -0.0037855375558137894 -0.3831692636013031 -0.9236704111099243 
vn -0.8494327068328857 -0.1353011429309845 0.5100564956665039 
vn -0.8964500427246094 -0.09409431368112564 0.43303996324539185 
vn -0.9119175672531128 0.030167561024427414 0.40926313400268555 
vn -0.999997615814209 -2.0682260971124217e-13 0.002184694167226553 
vn -0.9071518182754517 0.09787376970052719 0.40926313400268555 
vn -0.20973636209964752 0.9770526885986328 -0.03713129088282585 
vn -0.5777724981307983 0.7997316718101501 -0.16312000155448914 
vn -0.9301630258560181 0.34390997886657715 -0.12854042649269104 
vn -0.5857113599777222 0.7042167782783508 0.401274174451828 
vn -0.7138727307319641 0.06770787388086319 0.6969945430755615 
vn -0.8986929655075073 0.4339841902256012 0.0633138045668602 
vn -0.9932968020439148 0.0037733360659331083 -0.11553031951189041 
vn -0.7892528772354126 0.1425711065530777 0.5972883701324463 
vn -0.7383660078048706 -0.6743116974830627 0.010923261754214764 
vn -0.6605172157287598 0.09012475609779358 0.7453821301460266 
vn -0.6534178853034973 -0.6067730188369751 0.45262736082077026 
vn -0.38007205724716187 -0.4584832787513733 0.8033295273780823 
vn -0.7176902890205383 -0.6963315606117249 -0.006554040592163801 
vn -0.996263861656189 -0.08295149356126785 0.024029340595006943 
vn -0.9886564612388611 0.09049718081951141 -0.11986933648586273 
vn -0.914925754070282 -0.3999134600162506 -0.05459024757146835 
vn -0.79790198802948 -0.049064528197050095 -0.6007870435714722 
vn -0.6346499919891357 -0.327184796333313 -0.7001210451126099 
vn -0.28579238057136536 -0.840447723865509 -0.46040233969688416 
vn -0.39142054319381714 -0.9190683364868164 -0.04586252197623253 
vn -0.6107551455497742 -0.7918164730072021 0.002184694167226553 
vn -0.7176218032836914 -0.6962651014328003 0.0152922747656703 
vn -0.7109813690185547 0.2087629735469818 -0.6715083718299866 
vn -0.38803231716156006 0.07525443285703659 -0.9185682535171509 
vn -0.9145882725715637 0.09422881156206131 -0.3932546079158783 
vn -0.611545205116272 0.12019868195056915 -0.7820260524749756 
vn -0.470056414604187 0.0037768734619021416 -0.882628321647644 
vn -0.8916677832603455 0.007550738286226988 -0.45262736082077026 
vn -0.932278037071228 0.3544981777667999 0.07203252613544464 
vn -0.41010352969169617 0.9062609076499939 0.10250037163496017 
vn -0.7183527946472168 0.6783077716827393 -0.15449213981628418 
vn -0.7669806480407715 0.17229174077510834 -0.6181069612503052 
vn -0.9205626249313354 -0.10168801248073578 -0.37712597846984863 
vn -0.5439306497573853 -0.1604292243719101 -0.8236515522003174 
vn -0.5714946389198303 -0.8090547323226929 0.1372016966342926 
vn -0.42538490891456604 -0.8976081609725952 0.11553031951189041 
vn 0.46458899974823 -0.8852003812789917 -0.024029340595006943 
vn -0.29565900564193726 -0.9466060996055603 0.12854042649269104 
vn -0.4309397339820862 -0.9023146033287048 -0.010923261754214764 
vn -0.12429047375917435 -0.9320214986801147 -0.34042292833328247 
vn -0.1559937298297882 -0.9836992025375366 0.08945280313491821 
vn -0.8433833122253418 0.46950745582580566 0.2612801790237427 
vn -0.9995972514152527 0.015098875388503075 0.024029340595006943 
vn -0.760587751865387 -0.030166679993271828 0.6485338807106018 
vn -0.9777488112449646 -0.12047497183084488 0.17173540592193604 
vn -0.9781453013420105 0.1950463503599167 -0.07203252613544464 
vn -0.8009505867958069 0.5987265110015869 0.002184694167226553 
vn -0.6655243039131165 0.713564395904541 -0.21886809170246124 
vn -0.9016527533531189 0.07920028269290924 -0.42514660954475403 
vn -0.5600640177726746 0.14223814010620117 -0.8161473870277405 
vn -0.8448787927627563 -0.13534465432167053 -0.5175535082817078 
vn -0.9908500909805298 -0.05281004682183266 -0.1242060661315918 
vn -0.9854641556739807 -0.060336578637361526 -0.15880759060382843 
vn -0.6495643258094788 -0.0716935470700264 -0.7569189071655273 
vn -0.9842022657394409 0.018878765404224396 -0.1760382205247879 
vn -0.7033278346061707 0.045309681445360184 -0.7094202041625977 
vn -0.9996264576911926 0.022651128470897675 -0.0152922747656703 
vn -0.7714791297912598 0.037782080471515656 -0.6351318359375 
vn -0.3631344735622406 0.8100389242172241 -0.46040233969688416 
vn -0.9988834857940674 0.011329312808811665 0.04586252197623253 
vn -0.9996264576911926 -0.022651128470897675 0.0152922747656703 
vn -0.9990071058273315 0.030186811462044716 0.03276457265019417 
vn -0.7235486507415771 -0.09019023925065994 0.6843559741973877 
vn -0.9922536611557007 -0.09796547144651413 0.0763898640871048 
vn -0.992900550365448 0.06035027280449867 0.10250037163496017 
vn -0.7393064498901367 0.08275792002677917 0.6682642698287964 
vn -0.9790608286857605 0.06409227102994919 0.19321508705615997 
vn -0.8291469216346741 0.2598915696144104 0.4949462115764618 
vn -0.9939249157905579 0.06412084400653839 0.08945280313491821 
vn -0.8845216631889343 -0.4163910746574402 0.2103329300880432 
vn -0.9992848038673401 0.03775046393275261 -0.002184694167226553 
vn -0.9990940093994141 -0.037743259221315384 0.01966099627315998 
vn -0.9605525732040405 0.27560847997665405 -0.03713129088282585 
vn -0.9010418057441711 0.2788751423358917 0.33219319581985474 
vn -0.6994040012359619 0.056461725383996964 0.7124928832054138 
vn -0.9982003569602966 0.052817411720752716 -0.028397228568792343 
vn -0.692187488079071 -0.011307267472147942 0.7216291427612305 
vn -0.9189516305923462 -0.3362550735473633 0.2060592919588089 
vn -0.4853226840496063 -0.3265467584133148 0.8110666871070862 
vn -0.5241076946258545 -0.8323397040367126 0.18033768236637115 
vn -0.9452434182167053 -0.3261833190917969 0.010923261754214764 
vn -0.54916912317276 -0.8354799747467041 0.01966099627315998 
vn -0.7004197835922241 -0.7004197835922241 -0.1372016966342926 
vn -0.9991406798362732 -0.0301908478140831 -0.028397228568792343 
vn -0.9995682239532471 -0.007548788096755743 0.028397228568792343 
vn -0.9987692832946777 0.01888146810233593 -0.04586252197623253 
vn -0.9999118447303772 -0.007551383227109909 -0.010923261754214764 
vn -0.9989140033721924 -0.04529322683811188 -0.010923261754214764 
vn -0.998173177242279 -0.06037835404276848 0.002184694167226553 
vn -0.9997690320014954 -0.015101470053195953 -0.0152922747656703 
vn -0.7103826403617859 -0.640986442565918 -0.29067665338516235 
vn -0.8379818201065063 -0.5193783640861511 0.16742929816246033 
vn -0.7270593047142029 -0.2842865288257599 -0.6249527335166931 
vn -0.23691508173942566 -0.882964015007019 -0.405272513628006 
vn 0.5833251476287842 0.7919659614562988 0.18033768236637115 
vn 0.6687420010566711 0.7434656620025635 -0.006554040592163801 
vn 0.5082828998565674 0.43634656071662903 0.7424622178077698 
vn 0.999997615814209 0 -0.002184694167226553 
vn 0.6725088953971863 -0.1642654538154602 0.7216291427612305 
vn 0.9981130957603455 0.04525691270828247 -0.04149730131030083 
vn 0.9958643913269043 0.08291822671890259 0.03713129088282585 
vn 0.9894737601280212 0.03018920123577118 -0.1415284425020218 
vn 0.6656344532966614 -0.11991965770721436 0.736579954624176 
vn 0.9429854154586792 -0.19503219425678253 -0.26970529556274414 
vn 0.5630483031272888 -0.06763678044080734 0.8236515522003174 
vn 0.6719377040863037 -0.22269274294376373 -0.7063339352607727 
vn 0.9989140033721924 -0.04529322683811188 -0.010923261754214764 
vn 0.6100478172302246 0.3529371917247772 0.7094202041625977 
vn 0.7700521349906921 0.060226455330848694 0.6351318359375 
vn 0.8957372903823853 -0.44453543424606323 -0.006554040592163801 
vn 0.7477930188179016 -0.6066833734512329 0.26970529556274414 
vn 0.5444963574409485 -0.8348675966262817 -0.08074574917554855 
vn 0.5689929127693176 -0.1635042428970337 0.8059239983558655 
vn 0.6834888458251953 -0.4294644892215729 0.590256929397583 
vn 0.9935411214828491 -0.02264939807355404 -0.1111890971660614 
vn 0.9535024762153625 -0.10553362965583801 -0.28230419754981995 
vn 0.9997782111167908 -0.007550373673439026 -0.01966099627315998 
vn 0.5811483263969421 0.7010666131973267 -0.41324591636657715 
vn 0.7172107696533203 0.6958663463592529 -0.03713129088282585 
vn 0.6676507592201233 0.15737271308898926 -0.7276512384414673 
vn 0.6949471235275269 -0.15003377199172974 -0.7032341957092285 
vn 0.30025556683540344 -0.10391946882009506 -0.9481810927391052 
vn 0.3004910349845886 0.08966813236474991 -0.949560284614563 
vn 0.9530551433563232 0.09801830351352692 -0.2864931523799896 
vn 0.6843090653419495 -0.2517498731613159 -0.6843559741973877 
vn 0.59871506690979 -0.8009352684020996 0.006554040592163801 
vn 0.6834888458251953 -0.4294644892215729 0.590256929397583 
vn 0.015065646730363369 -0.6664671897888184 0.7453821301460266 
vn 0.2609543800354004 -0.9350078701972961 0.2401314377784729 
vn 0.009428486227989197 -0.9663494229316711 0.25706008076667786 
vn 0.5444963574409485 -0.8348675966262817 -0.08074574917554855 
vn 0.15421062707901 -0.9857176542282104 -0.06767380982637405 
vn 0.8957372903823853 -0.44453543424606323 -0.006554040592163801 
vn 0.17638273537158966 -0.9810041785240173 0.08074574917554855 
vn 0.59871506690979 -0.8009352684020996 0.006554040592163801 
vn 0.007556311320513487 -0.83219313621521 -0.5544344186782837 
vn 0.6843090653419495 -0.2517498731613159 -0.6843559741973877 
vn -0.1556473821401596 -0.8175429105758667 0.5544344186782837 
vn -0.0377180390059948 -0.9984264373779297 0.04149730131030083 
vn -0.20383597910404205 -0.8639910817146301 0.46040233969688416 
vn 0.7477930188179016 -0.6066833734512329 0.26970529556274414 
vn -0.007551815826445818 -0.9999691247940063 0.002184694167226553 
vn -0.03961576893925667 -0.9974744319915771 -0.058952588587999344 
vn -0.0301908478140831 -0.9991406798362732 0.028397228568792343 
vn -0.1279197335243225 -0.9909160137176514 -0.04149730131030083 
vn -0.030201226472854614 -0.999484121799469 0.010923261754214764 
vn -0.09607262164354324 -0.9670196771621704 0.23588760197162628 
vn -0.155660018324852 -0.8272728323936462 0.5398051738739014 
vn 0.0395989753305912 -0.8312848210334778 0.5544344186782837 
vn 0.005660903174430132 -0.9886434078216553 0.15017375349998474 
vn 0.38016000390052795 -0.7614734768867493 0.5250110030174255 
vn 0.1686275452375412 -0.8694894313812256 0.4642767012119293 
vn 0.08293090015649796 -0.9960165619850159 -0.03276457265019417 
vn -0.12590904533863068 -0.8275167942047119 0.5471406579017639 
vn 0.052817411720752716 -0.9982003569602966 0.028397228568792343 
vn -0.0998149961233139 -0.9929895997047424 -0.0633138045668602 
vn -0.15788047015666962 -0.9871658086776733 0.024029340595006943 
vn -0.09988941997289658 -0.9937300086021423 -0.05022686347365379 
vn 0.1858094483613968 -0.9813012480735779 -0.05022686347365379 
vn 0.1261657178401947 -0.9812284708023071 -0.1458524912595749 
vn -0.25023719668388367 -0.9655012488365173 0.07203252613544464 
vn -0.03961576893925667 -0.9974744319915771 -0.058952588587999344 
vn -0.07168927788734436 -0.9951285719871521 -0.06767380982637405 
vn -0.13551314175128937 -0.9907538890838623 -0.006554040592163801 
vn -0.5241076946258545 -0.8323397040367126 0.18033768236637115 
vn -0.4853226840496063 -0.3265467584133148 0.8110666871070862 
vn -0.54916912317276 -0.8354799747467041 0.01966099627315998 
vn -0.7004197835922241 -0.7004197835922241 -0.1372016966342926 
vn -0.1895577609539032 -0.9807978868484497 -0.04586252197623253 
vn -0.7103826403617859 -0.640986442565918 -0.29067665338516235 
vn -0.23691508173942566 -0.882964015007019 -0.405272513628006 
vn 0.08484137803316116 -0.9011394381523132 -0.42514660954475403 
vn 0.08442448824644089 -0.38202768564224243 -0.9202865362167358 
vn -0.8379818201065063 -0.5193783640861511 0.16742929816246033 
vn -0.12802237272262573 -0.9917111396789551 -0.010923261754214764 
vn -0.07915739715099335 -0.8542444109916687 -0.5138099193572998 
vn -0.13542404770851135 -0.9274264574050903 -0.34862664341926575 
vn -0.1463722288608551 -0.413813978433609 -0.8985171914100647 
vn 0.5630483031272888 -0.06763678044080734 0.8236515522003174 
vn 0.6719377040863037 -0.22269274294376373 -0.7063339352607727 
vn -0.9865800738334656 0.052838824689388275 0.15449213981628418 
vn 0.6100478172302246 0.3529371917247772 0.7094202041625977 
vn 0.059993308037519455 0.426874577999115 0.9023185968399048 
vn -0.20092815160751343 0.5379743576049805 0.8186644315719604 
vn 0.04315454885363579 0.41298577189445496 0.9097144603729248 
vn -0.18284855782985687 0.411918967962265 0.8926864862442017 
vn 0.3215663731098175 -0.3428736627101898 0.882628321647644 
vn 0.028173523023724556 -0.41427746415138245 0.9097144603729248 
vn 0.0395989753305912 -0.8312848210334778 0.5544344186782837 
vn -0.7103826403617859 -0.640986442565918 -0.29067665338516235 
vn -0.4474585950374603 -0.8906519412994385 0.08074574917554855 
vn -0.1895577609539032 -0.9807978868484497 -0.04586252197623253 
vn -0.1895577609539032 -0.9807978868484497 -0.04586252197623253 
vn -0.8379818201065063 -0.5193783640861511 0.16742929816246033 
vn -0.4474585950374603 -0.8906519412994385 0.08074574917554855 
vn -0.7103826403617859 -0.640986442565918 -0.29067665338516235 
vn -0.8379818201065063 -0.5193783640861511 0.16742929816246033 
vn -0.4474585950374603 -0.8906519412994385 0.08074574917554855 
vn -0.17613638937473297 0.5688915848731995 0.8033295273780823 
vn -0.4794161319732666 0.7348896265029907 0.4796847105026245 
vn -0.32153546810150146 0.5418351292610168 0.7765498161315918 
vn -0.10127804428339005 -0.48253268003463745 -0.8700028657913208 
vn -0.5717373490333557 -0.577076256275177 -0.5831804275512695 
vn -0.9370676279067993 -0.056609395891427994 -0.34452807903289795 
vt 0.434500515460968 0.9131895899772644 
vt 0.4205828309059143 0.9137698411941528 
vt 0.45574331283569336 0.9059945344924927 
vt 0.4573304057121277 0.8802316784858704 
vt 0.4691726565361023 0.9006562829017639 
vt 0.42009449005126953 0.8793032765388489 
vt 0.4022700786590576 0.9120290875434875 
vt 0.42400121688842773 0.8356688618659973 
vt 0.4568420648574829 0.8444885611534119 
vt 0.46819597482681274 0.8256886601448059 
vt 0.46428924798965454 0.7993454933166504 
vt 0.4692947268486023 0.8078171014785767 
vt 0.46807390451431274 0.7914541959762573 
vt 0.4628242254257202 0.7913381457328796 
vt 0.4366980493068695 0.7921504974365234 
vt 0.4302275478839874 0.810370147228241 
vt 0.40532219409942627 0.791570246219635 
vt 0.38383522629737854 0.8440243601799011 
vt 0.3839573264122009 0.8796514272689819 
vt 0.3790739178657532 0.9065747857093811 
vt 0.3844456672668457 0.9127253890037537 
vt 0.37138256430625916 0.8974069356918335 
vt 0.38322481513023376 0.8078171014785767 
vt 0.3749230206012726 0.7913381457328796 
vt 0.3704058825969696 0.7945874929428101 
vt 0.370650053024292 0.807701051235199 
vt 0.37113839387893677 0.8259207606315613 
vt 0.26040729880332947 0.16270069777965546 
vt 0.28128382563591003 0.18034014105796814 
vt 0.2538147270679474 0.17163647711277008 
vt 0.27066245675086975 0.2065672129392624 
vt 0.3196185231208801 0.17778706550598145 
vt 0.28091758489608765 0.15782664716243744 
vt 0.3165664076805115 0.157246395945549 
vt 0.33536750078201294 0.16177231073379517 
vt 0.35331398248672485 0.16084390878677368 
vt 0.3528256416320801 0.2172437310218811 
vt 0.36967337131500244 0.1606118232011795 
vt 0.3704058825969696 0.25844112038612366 
vt 0.3645458221435547 0.2488090544939041 
vt 0.3684525191783905 0.26366332173347473 
vt 0.358563631772995 0.26018184423446655 
vt 0.3607611656188965 0.2657521963119507 
vt 0.36564457416534424 0.26772505044937134 
vt 0.3583194613456726 0.27433982491493225 
vt 0.3663770854473114 0.28582867980003357 
vt 0.362836629152298 0.3162335157394409 
vt 0.36710959672927856 0.3155372440814972 
vt 0.33890795707702637 0.26853737235069275 
vt 0.34086132049560547 0.2822311818599701 
vt 0.3517268896102905 0.2730633020401001 
vt 0.35575568675994873 0.2688855230808258 
vt 0.32364732027053833 0.29244348406791687 
vt 0.3218160569667816 0.31507304310798645 
vt 0.3080204427242279 0.3107792139053345 
vt 0.31339219212532043 0.3155372440814972 
vt 0.290196031332016 0.3140285909175873 
vt 0.2854347229003906 0.31159156560897827 
vt 0.2899518609046936 0.30079901218414307 
vt 0.3064333498477936 0.2862928807735443 
vt 0.31913018226623535 0.25171029567718506 
vt 0.2641919255256653 0.2645917236804962 
vt 0.2533263862133026 0.20413018763065338 
vt 0.25247177481651306 0.2548435926437378 
vt 0.2539367973804474 0.27352750301361084 
vt 0.24832089245319366 0.26261889934539795 
vt 0.24807672202587128 0.2665645480155945 
vt 0.2534484565258026 0.2847842574119568 
vt 0.25906437635421753 0.28582867980003357 
vt 0.2596747875213623 0.30079901218414307 
vt 0.2533263862133026 0.30335208773612976 
vt 0.2635815143585205 0.3122878670692444 
vt 0.2743249833583832 0.3136804401874542 
vt 0.2799409031867981 0.3055570125579834 
vt 0.28103965520858765 0.31333228945732117 
vt 0.2621164917945862 0.29023855924606323 
vt 0.24807672202587128 0.17883150279521942 
vt 0.09791216999292374 0.6324670314788818 
vt 0.09327293932437897 0.6347880363464355 
vt 0.09803425520658493 0.6381534337997437 
vt 0.08118652552366257 0.6533558964729309 
vt 0.09791216999292374 0.6452324390411377 
vt 0.0986446812748909 0.6708792448043823 
vt 0.09510421752929688 0.7088273167610168 
vt 0.06702466309070587 0.7273951172828674 
vt 0.08167486637830734 0.7436419725418091 
vt 0.07996567338705063 0.7791529893875122 
vt 0.06336211413145065 0.784491240978241 
vt 0.07471601665019989 0.789365291595459 
vt 0.06702466309070587 0.6330472826957703 
vt 0.04285183548927307 0.6460447907447815 
vt 0.025515764951705933 0.722288966178894 
vt 0.0015871049836277962 0.7127729654312134 
vt 0.001465020002797246 0.6814397573471069 
vt 0.030887505039572716 0.6345559358596802 
vt 0.0015871049836277962 0.635368287563324 
vt 0.0003662550006993115 0.677726149559021 
vt 0 0.6367608904838562 
vt 0.02978873997926712 0.7924986481666565 
vt 0.04858982935547829 0.7916862964630127 
vt 0.03345128893852234 0.7813579440116882 
vt 0 0.7535061836242676 
vt 0.0015871049836277962 0.7536222338676453 
vt 0.004517144989222288 0.7619777321815491 
vt 0.00866803526878357 0.7656912803649902 
vt 0.008423864841461182 0.7906418442726135 
vt 0.0047613149508833885 0.7876245379447937 
vt 0.021486960351467133 0.7923825979232788 
vt 0.8084468841552734 0.3597519099712372 
vt 0.8023425936698914 0.4103492498397827 
vt 0.7948954105377197 0.4081443250179291 
vt 0.7996567487716675 0.4180085062980652 
vt 0.800755500793457 0.4219541549682617 
vt 0.7996567487716675 0.4604824185371399 
vt 0.8061272501945496 0.4402899146080017 
vt 0.8075922727584839 0.45897379517555237 
vt 0.796238362789154 0.4664009213447571 
vt 0.7782918810844421 0.46083056926727295 
vt 0.7873261570930481 0.47069475054740906 
vt 0.7448405623435974 0.4694181978702545 
vt 0.7437418103218079 0.461178719997406 
vt 0.7348296046257019 0.47092685103416443 
vt 0.7155401706695557 0.47057870030403137 
vt 0.7149297595024109 0.4661688208580017 
vt 0.7160285115242004 0.44760099053382874 
vt 0.7151739597320557 0.4560725688934326 
vt 0.7417884469032288 0.43483561277389526 
vt 0.7509448528289795 0.37158888578414917 
vt 0.7947733402252197 0.35162848234176636 
vt 0.8093014359474182 0.3344532251358032 
vt 0.7984359264373779 0.32691001892089844 
vt 0.8122314810752869 0.3272581696510315 
vt 0.7990463376045227 0.31507304310798645 
vt 0.8124756813049316 0.31843847036361694 
vt 0.7205456495285034 0.44075411558151245 
vt 0.7779256105422974 0.31681376695632935 
vt 0.7640079259872437 0.31588536500930786 
vt 0.7405676245689392 0.3406038284301758 
vt 0.745573103427887 0.3178582191467285 
vt 0.7239640355110168 0.3287668228149414 
vt 0.727748692035675 0.31692981719970703 
vt 0.7178598046302795 0.3345692753791809 
vt 0.7172493934631348 0.3406038284301758 
vt 0.7244523763656616 0.34675440192222595 
vt 0.7221328020095825 0.3614926338195801 
vt 0.7400792837142944 0.3994406461715698 
vt 0.7289695143699646 0.42160600423812866 
vt 0.7192027568817139 0.4327467083930969 
vt 0.7189585566520691 0.4247393310070038 
vt 0.7157843708992004 0.41928502917289734 
vt 0.7198131680488586 0.4213739335536957 
vt 0.7192027568817139 0.4080282747745514 
vt 0.7273824214935303 0.40593940019607544 
vt 0.7179818749427795 0.3985122740268707 
vt 0.7150518298149109 0.4404059648513794 
vt 0.7150518298149109 0.4453960657119751 
vt 0.7283591032028198 0.3844703435897827 
vt 0.7193248271942139 0.3747222125530243 
vt 0.7166389226913452 0.36010006070137024 
vt 0.7177377343177795 0.37773948907852173 
vt 0.7206677794456482 0.38342589139938354 
vt 0.7220106720924377 0.39236167073249817 
vt 0.7173714637756348 0.3439692258834839 
vt 0.7149297595024109 0.34176430106163025 
vt 0.19631268084049225 0.010792557150125504 
vt 0.18056371808052063 0.023325849324464798 
vt 0.17763367295265198 0.007311087101697922 
vt 0.1668901890516281 0.016014762222766876 
vt 0.15736757218837738 0.00464195990934968 
vt 0.14564740657806396 0.024254240095615387 
vt 0.14161859452724457 0.017755497246980667 
vt 0.12831133604049683 0.012765389867126942 
vt 0.13917690515518188 0.004525911062955856 
vt 0.1269683986902237 0 
vt 0.12428253144025803 0.0056864009238779545 
vt 0.1286775916814804 0.0382961705327034 
vt 0.1469903439283371 0.03980480879545212 
vt 0.14589157700538635 0.05674796178936958 
vt 0.12989844381809235 0.07636024057865143 
vt 0.1692098081111908 0.0732269212603569 
vt 0.13404932618141174 0.11140704154968262 
vt 0.1588325798511505 0.13136747479438782 
vt 0.1350260078907013 0.14703407883644104 
vt 0.15053080022335052 0.1549254208803177 
vt 0.13856647908687592 0.157246395945549 
vt 0.1773895025253296 0.15376491844654083 
vt 0.2113291323184967 0.0865725576877594 
vt 0.19240595400333405 0.08216269314289093 
vt 0.2074224203824997 0.07786887884140015 
vt 0.1914292871952057 0.069861501455307 
vt 0.20168441534042358 0.06684422492980957 
vt 0.19362680613994598 0.06382694840431213 
vt 0.20229484140872955 0.058140549808740616 
vt 0.22378180921077728 0.05686400830745697 
vt 0.21792171895503998 0.08634045720100403 
vt 0.22695600986480713 0.0957404226064682 
vt 0.2474662959575653 0.09098241478204727 
vt 0.2333044409751892 0.10432805120944977 
vt 0.24819880723953247 0.11639714986085892 
vt 0.23196150362491608 0.13531313836574554 
vt 0.22109593451023102 0.15422911942005157 
vt 0.2353798747062683 0.14529335498809814 
vt 0.24917548894882202 0.14970320463180542 
vt 0.23830991983413696 0.14007113873958588 
vt 0.24917548894882202 0.13055512309074402 
vt 0.24197247624397278 0.13276006281375885 
vt 0.2478325515985489 0.15480937063694 
vt 0.2394086867570877 0.157246395945549 
vt 0.2474662959575653 0.06104177236557007 
vt 0.24880923330783844 0.04305417835712433 
vt 0.2151137739419937 0.04897267743945122 
vt 0.19277220964431763 0.04885662719607353 
vt 0.21779963374137878 0.03980480879545212 
vt 0.24392582476139069 0.03272581845521927 
vt 0.25064051151275635 0.03307396546006203 
vt 0.241484135389328 0.023441897705197334 
vt 0.21596837043762207 0.021353015676140785 
vt 0.18239499628543854 0.04351837560534477 
vt 0.1872783899307251 0.048740580677986145 
vt 0.18825507164001465 0.05895289033651352 
vt 0.17433738708496094 0.0374838262796402 
vt 0.16164053976535797 0.030869033187627792 
vt 0.17751158773899078 0.04734799265861511 
vt 0.17836618423461914 0.05558747053146362 
vt 0.1668901890516281 0.05605166777968407 
vt 0.17238402366638184 0.04502701014280319 
vt 0.16847729682922363 0.04525911062955856 
vt 0.1672564446926117 0.040501102805137634 
vt 0.15785589814186096 0.036091238260269165 
vt 0.1548037827014923 0.04688379541039467 
vt 0.1629834771156311 0.0424739345908165 
vt 0.6758625507354736 0.0030172739643603563 
vt 0.687949001789093 0.0030172739643603563 
vt 0.6708570718765259 0.017871545627713203 
vt 0.7061396241188049 0.01740735024213791 
vt 0.7061396241188049 0.05419488251209259 
vt 0.7187144160270691 0.03620728850364685 
vt 0.7187144160270691 0.00464195990934968 
vt 0.71712726354599 0.0035975188948214054 
vt 0.7152960300445557 0.008703675121068954 
vt 0.6273947954177856 0.07427135854959488 
vt 0.6275169253349304 0.05570352077484131 
vt 0.6518118381500244 0.0941157415509224 
vt 0.6697583198547363 0.05373068526387215 
vt 0.6756184101104736 0.09202685952186584 
vt 0.7062617540359497 0.09690091758966446 
vt 0.6516897082328796 0.0349307507276535 
vt 0.6518118381500244 0.002088882029056549 
vt 0.6272727251052856 0.019264133647084236 
vt 0.6342315673828125 0.03539494425058365 
vt 0.6210464239120483 0.035162847489118576 
vt 0.6255635619163513 0 
vt 0.6209242939949036 0.0048740580677986145 
vt 0.6209242939949036 0.01705920323729515 
vt 0.6338652968406677 0.12858229875564575 
vt 0.6392370462417603 0.11953046917915344 
vt 0.6464400887489319 0.12927858531475067 
vt 0.6510792970657349 0.11604899913072586 
vt 0.6597473621368408 0.12951068580150604 
vt 0.68367600440979 0.1248687207698822 
vt 0.7139530777931213 0.12475267797708511 
vt 0.7179818749427795 0.1082737147808075 
vt 0.24661169946193695 0.46431204676628113 
vt 0.2438037395477295 0.4745243489742279 
vt 0.24636752903461456 0.4536355435848236 
vt 0.24648961424827576 0.44249483942985535 
vt 0.23061856627464294 0.46918609738349915 
vt 0.21242789924144745 0.46930214762687683 
vt 0.19496974349021912 0.44922566413879395 
vt 0.19423723220825195 0.47406017780303955 
vt 0.15871049463748932 0.47243547439575195 
vt 0.1591988354921341 0.44934171438217163 
vt 0.1408860832452774 0.4677935242652893 
vt 0.13221804797649384 0.4469046890735626 
vt 0.12635797262191772 0.45398369431495667 
vt 0.13172972202301025 0.4718552231788635 
vt 0.12562546133995056 0.47139105200767517 
vt 0.24673378467559814 0.42589983344078064 
vt 0.24673378467559814 0.4164998531341553 
vt 0.24600127339363098 0.39433449506759644 
vt 0.24685586988925934 0.40663570165634155 
vt 0.12757882475852966 0.4480651915073395 
vt 0.13026469945907593 0.444699764251709 
vt 0.189109668135643 0.3357297480106354 
vt 0.14137442409992218 0.400485098361969 
vt 0.13246221840381622 0.4286850094795227 
vt 0.13380515575408936 0.41104555130004883 
vt 0.13392724096775055 0.39015674591064453 
vt 0.13343890011310577 0.3695000112056732 
vt 0.13014261424541473 0.34837910532951355 
vt 0.1588325798511505 0.3231964707374573 
vt 0.17677907645702362 0.32331252098083496 
vt 0.19484765827655792 0.3171619176864624 
vt 0.21279415488243103 0.3231964707374573 
vt 0.2436816543340683 0.3480309545993805 
vt 0.23611238598823547 0.3186705410480499 
vt 0.22463640570640564 0.31611746549606323 
vt 0.24185039103031158 0.31692981719970703 
vt 0.24490250647068024 0.321223646402359 
vt 0.12733465433120728 0.34338900446891785 
vt 0.2458791881799698 0.3754185140132904 
vt 0.24661169946193695 0.3563864827156067 
vt 0.24685586988925934 0.34675440192222595 
vt 0.24673378467559814 0.31774216890335083 
vt 0.12599171698093414 0.3477988541126251 
vt 0.12428253144025803 0.3411840498447418 
vt 0.12464878708124161 0.33271247148513794 
vt 0.12464878708124161 0.32261621952056885 
vt 0.14967620372772217 0.3172779679298401 
vt 0.12806716561317444 0.3173940181732178 
vt 0.12586963176727295 0.3182063698768616 
vt 0.1306309551000595 0.77776038646698 
vt 0.14747868478298187 0.7639505863189697 
vt 0.1468682587146759 0.7752073407173157 
vt 0.15980926156044006 0.7673159837722778 
vt 0.15797798335552216 0.7779924869537354 
vt 0.1250150352716446 0.7765998840332031 
vt 0.1251371204853058 0.7468913793563843 
vt 0.13783396780490875 0.7296000719070435 
vt 0.12464878708124161 0.728671669960022 
vt 0.12428253144025803 0.7246099710464478 
vt 0.13771188259124756 0.7176470160484314 
vt 0.12464878708124161 0.7193877696990967 
vt 0.14381612837314606 0.7142816185951233 
vt 0.20632365345954895 0.7188075184822083 
vt 0.19167344272136688 0.7677801847457886 
vt 0.21865423023700714 0.7461950778961182 
vt 0.21804380416870117 0.7752073407173157 
vt 0.22109593451023102 0.7717258334159851 
vt 0.22219470143318176 0.7450345754623413 
vt 0.19045260548591614 0.7779924869537354 
vt 0.20107398927211761 0.7760196924209595 
vt 0.22219470143318176 0.7366790771484375 
vt 0.22048550844192505 0.7195038199424744 
vt 0.22207261621952057 0.7176470160484314 
vt 0.22011925280094147 0.7001236081123352 
vt 0.2215842753648758 0.6986149549484253 
vt 0.2214621901512146 0.686313807964325 
vt 0.19374889135360718 0.7084791660308838 
vt 0.1532166749238968 0.6993112564086914 
vt 0.17226193845272064 0.673200249671936 
vt 0.18410417437553406 0.6561410427093506 
vt 0.21975299715995789 0.6604348421096802 
vt 0.2214621901512146 0.6764495968818665 
vt 0.22195053100585938 0.6670496463775635 
vt 0.2215842753648758 0.6504546403884888 
vt 0.1871563047170639 0.6174967288970947 
vt 0.2215842753648758 0.6393139362335205 
vt 0.221706360578537 0.6287534832954407 
vt 0.2175554633140564 0.6181930303573608 
vt 0.22219470143318176 0.6185411810874939 
vt 0.15578046441078186 0.6159880757331848 
vt 0.16554726660251617 0.6574175953865051 
vt 0.17140734195709229 0.6638002991676331 
vt 0.15944300591945648 0.6781903505325317 
vt 0.15346084535121918 0.6834125518798828 
vt 0.12440461665391922 0.621558427810669 
vt 0.14161859452724457 0.6356003880500793 
vt 0.12977635860443115 0.6184251308441162 
vt 0.1349039226770401 0.7053458094596863 
vt 0.13160763680934906 0.714745819568634 
vt 0.14027567207813263 0.7095235586166382 
vt 0.14625783264636993 0.6962940096855164 
vt 0.8907321691513062 0.7949356436729431 
vt 0.8791340589523315 0.791570246219635 
vt 0.8912205100059509 0.8051479458808899 
vt 0.8832849860191345 0.801318347454071 
vt 0.8929296731948853 0.8177973031997681 
vt 0.8699777126312256 0.8088615536689758 
vt 0.8702218532562256 0.7958640456199646 
vt 0.8277363181114197 0.7969084978103638 
vt 0.8950051069259644 0.8158244490623474 
vt 0.8935401439666748 0.8226713538169861 
vt 0.8908542394638062 0.8269651532173157 
vt 0.8882904648780823 0.8289380073547363 
vt 0.8923192620277405 0.831723153591156 
vt 0.8793782591819763 0.8310269117355347 
vt 0.8787678480148315 0.8390342593193054 
vt 0.8598446846008301 0.8321873545646667 
vt 0.8643618226051331 0.8723403215408325 
vt 0.8956155776977539 0.854932963848114 
vt 0.888656735420227 0.8750094771385193 
vt 0.8957376480102539 0.8634045720100403 
vt 0.8954934477806091 0.9043698310852051 
vt 0.8852383494377136 0.8981032371520996 
vt 0.8896334171295166 0.9119130373001099 
vt 0.873274028301239 0.8921847343444824 
vt 0.873396098613739 0.9124932885169983 
vt 0.862408459186554 0.9052982330322266 
vt 0.8693673014640808 0.8869625329971313 
vt 0.8531299829483032 0.8740810751914978 
vt 0.8953713774681091 0.9085476398468018 
vt 0.8713206648826599 0.8191899061203003 
vt 0.8471478223800659 0.8643329739570618 
vt 0.8349393010139465 0.8746613264083862 
vt 0.8299338221549988 0.9052982330322266 
vt 0.8282246589660645 0.884873628616333 
vt 0.8208995461463928 0.8890513777732849 
vt 0.8216320276260376 0.8788390755653381 
vt 0.8130860924720764 0.8941575288772583 
vt 0.8084468841552734 0.9003081321716309 
vt 0.8191903233528137 0.9122611880302429 
vt 0.8022205233573914 0.9123772382736206 
vt 0.7999009490013123 0.9075031876564026 
vt 0.800755500793457 0.8903279304504395 
vt 0.809423565864563 0.8783748745918274 
vt 0.7980696558952332 0.8784909248352051 
vt 0.8093014359474182 0.8605033159255981 
vt 0.8453165292739868 0.8469256162643433 
vt 0.8439735770225525 0.8253405094146729 
vt 0.858013391494751 0.8198862075805664 
vt 0.8176032304763794 0.7929627895355225 
vt 0.8272479772567749 0.8143158555030823 
vt 0.8093014359474182 0.824528157711029 
vt 0.7978254556655884 0.842515766620636 
vt 0.7978254556655884 0.824528157711029 
vt 0.8001450896263123 0.8153602480888367 
vt 0.8000230193138123 0.7937751412391663 
vt 0.7984359264373779 0.791570246219635 
vt 0.09315085411071777 0.5052773356437683 
vt 0.0846049040555954 0.5017958879470825 
vt 0.10169680416584015 0.5201316475868225 
vt 0.0744718536734581 0.5149093866348267 
vt 0.07557061314582825 0.5513488054275513 
vt 0.10560352355241776 0.5513488054275513 
vt 0.0986446812748909 0.6006696224212646 
vt 0.08680243790149689 0.612158477306366 
vt 0.08802328258752823 0.6223707795143127 
vt 0.06665840744972229 0.6287534832954407 
vt 0.08362822234630585 0.6299139857292175 
vt 0.04846774414181709 0.610649824142456 
vt 0.04858982935547829 0.6324670314788818 
vt 0.03039916418492794 0.6281732320785522 
vt 0.015504795126616955 0.5856993198394775 
vt 0.002075444906949997 0.5619092583656311 
vt 0.03723592683672905 0.5330130457878113 
vt 0.04810148850083351 0.4987786114215851 
vt 0.068367600440979 0.4861292541027069 
vt 0.08191903680562973 0.49251195788383484 
vt 0.08961039036512375 0.4970378577709198 
vt 0.0824073776602745 0.48485273122787476 
vt 0.08130861073732376 0.4887983798980713 
vt 0.05713577941060066 0.47498854994773865 
vt 0.03100959025323391 0.4813712537288666 
vt 0.0026858700439333916 0.5232649445533752 
vt 0.02136487513780594 0.4747564494609833 
vt 0.0017091899644583464 0.4761490523815155 
vt 0.001465020002797246 0.5351019501686096 
vt 0 0.47905027866363525 
vt 0.015626879408955574 0.540208101272583 
vt 0.004150889813899994 0.5443858504295349 
vt 0.00012208499538246542 0.5882523655891418 
vt 0 0.610649824142456 
vt 0.00012208499538246542 0.6130868792533875 
vt 0.01269683986902237 0.6288695335388184 
vt 0.0006104250205680728 0.6258522272109985 
vt 0.005982165224850178 0.6287534832954407 
vt 0.873396098613739 0.6300300359725952 
vt 0.8630188703536987 0.6256201863288879 
vt 0.8845058083534241 0.628637433052063 
vt 0.8620421886444092 0.6028745770454407 
vt 0.8902438282966614 0.6013659238815308 
vt 0.8910984396934509 0.5305760502815247 
vt 0.8746169209480286 0.5178106427192688 
vt 0.882430374622345 0.5104995369911194 
vt 0.8752273917198181 0.5041168332099915 
vt 0.8444619178771973 0.4852008819580078 
vt 0.8700997829437256 0.49889466166496277 
vt 0.8289571404457092 0.6256201863288879 
vt 0.7990463376045227 0.4745243489742279 
vt 0.8271258473396301 0.47730952501296997 
vt 0.796360433101654 0.4796305298805237 
vt 0.7964825630187988 0.4861292541027069 
vt 0.7966046333312988 0.4951810836791992 
vt 0.7964825630187988 0.5044649839401245 
vt 0.7966046333312988 0.5115439891815186 
vt 0.7964825630187988 0.5200155973434448 
vt 0.7975813150405884 0.5435734987258911 
vt 0.7966046333312988 0.5301118493080139 
vt 0.796360433101654 0.538003146648407 
vt 0.7964825630187988 0.5477513074874878 
vt 0.7968487739562988 0.5564549565315247 
vt 0.7974592447280884 0.575835108757019 
vt 0.80515056848526 0.6044992208480835 
vt 0.7974592447280884 0.5843067169189453 
vt 0.7975813150405884 0.5942869186401367 
vt 0.7977033853530884 0.6034548282623291 
vt 0.7977033853530884 0.6126226782798767 
vt 0.7975813150405884 0.6217905282974243 
vt 0.7980696558952332 0.6297979354858398 
vt 0.8061272501945496 0.631654679775238 
vt 0.8190682530403137 0.6330472826957703 
vt 0.07215223461389542 0.007427135948091745 
vt 0.08973247557878494 0.007195037789642811 
vt 0.05396157130599022 0.02587892673909664 
vt 0.1229395940899849 0.058140549808740616 
vt 0.03992179408669472 0.09550832957029343 
vt 0.1226954236626625 0.08692070096731186 
vt 0.05371740087866783 0 
vt 0.035770904272794724 0.006846890784800053 
vt 0.01831275038421154 0.025182632729411125 
vt 0.017580239102244377 0.0064987437799572945 
vt 0.002075444906949997 0.02413819171488285 
vt 0.003540464909747243 0.004293812904506922 
vt 0.019899854436516762 0.0003481470048427582 
vt 0.003784635104238987 0.038180120289325714 
vt 0.003784635104238987 0.11396011710166931 
vt 0.05396157130599022 0.13473288714885712 
vt 0.003784635104238987 0.1549254208803177 
vt 0.03528256341814995 0.15341678261756897 
vt 0.053473230451345444 0.15794268250465393 
vt 0.08973247557878494 0.13589337468147278 
vt 0.09608089178800583 0.15945132076740265 
vt 0.10743480175733566 0.15480937063694 
vt 0.1228175088763237 0.13438473641872406 
vt 0.12306167930364609 0.1157008558511734 
vt 0.12306167930364609 0.10142682492733002 
vt 0.12428253144025803 0.0891256332397461 
vt 0.12416044622659683 0.07740468531847 
vt 0.1229395940899849 0.07740468531847 
vt 0.1229395940899849 0.06777261942625046 
vt 0 0.029592495411634445 
vt 0.12416044622659683 0.06289856135845184 
vt 0.12367210537195206 0.0490887276828289 
vt 0.12379419058561325 0.03957270830869675 
vt 0.12367210537195206 0.030520886182785034 
vt 0.12428253144025803 0.021353015676140785 
vt 0.12403836101293564 0.01264934055507183 
vt 0.1148819848895073 0.0015086369821801782 
vt 0.12428253144025803 0.0012765390565618873 
vt 0.10291765630245209 0.00011604899918893352 
vt 0.7018666863441467 0.6299139857292175 
vt 0.7019887566566467 0.6193535327911377 
vt 0.7054071426391602 0.6359485387802124 
vt 0.7478927373886108 0.6091412305831909 
vt 0.7356842160224915 0.6344398856163025 
vt 0.7594907879829407 0.6181930303573608 
vt 0.769745945930481 0.6067041754722595 
vt 0.7731643319129944 0.607632577419281 
vt 0.7797569036483765 0.5999733209609985 
vt 0.785128653049469 0.6007856726646423 
vt 0.7923316359519958 0.5905733704566956 
vt 0.795994222164154 0.5724697113037109 
vt 0.7618104219436646 0.5935906171798706 
vt 0.7498460412025452 0.5501883029937744 
vt 0.796360433101654 0.5426450967788696 
vt 0.7024770975112915 0.6097214221954346 
vt 0.7726759910583496 0.6127387285232544 
vt 0.7939187288284302 0.5172303915023804 
vt 0.7664496302604675 0.503536581993103 
vt 0.7901341319084167 0.49889466166496277 
vt 0.7580257654190063 0.4792823791503906 
vt 0.7868378162384033 0.47893422842025757 
vt 0.752043604850769 0.5205957889556885 
vt 0.7287253737449646 0.48264777660369873 
vt 0.7077267169952393 0.477657675743103 
vt 0.7019887566566467 0.5386994481086731 
vt 0.7011341452598572 0.4971539080142975 
vt 0.7007678747177124 0.48833417892456055 
vt 0.7011341452598572 0.4770774245262146 
vt 0.7398350834846497 0.4778897762298584 
vt 0.7298241257667542 0.4745243489742279 
vt 0.7189585566520691 0.47498854994773865 
vt 0.7011341452598572 0.5152575373649597 
vt 0.7011341452598572 0.5247735977172852 
vt 0.701744556427002 0.5532056093215942 
vt 0.7019887566566467 0.5649265050888062 
vt 0.7019887566566467 0.579548716545105 
vt 0.7019887566566467 0.5913857221603394 
vt 0.701622486114502 0.60090172290802 
vt 0.7007678747177124 0.5771116614341736 
vt 0.7010120749473572 0.591501772403717 
vt 0.7978254556655884 0.12254774570465088 
vt 0.7926979064941406 0.12138725072145462 
vt 0.796238362789154 0.11674529314041138 
vt 0.780611515045166 0.11941441893577576 
vt 0.7953837513923645 0.114076167345047 
vt 0.7845181822776794 0.09446388483047485 
vt 0.7670600414276123 0.12591315805912018 
vt 0.7758501768112183 0.11349592357873917 
vt 0.760955810546875 0.09620462357997894 
vt 0.7591245174407959 0.0566319115459919 
vt 0.7840298414230347 0.04386652261018753 
vt 0.765595018863678 0.026111025363206863 
vt 0.7317774891853333 0.026691269129514694 
vt 0.7318995594978333 0.06347880512475967 
vt 0.7193248271942139 0.04502701014280319 
vt 0.7190806269645691 0.018915986642241478 
vt 0.7187144160270691 0.01322958618402481 
vt 0.7226211428642273 0.007427135948091745 
vt 0.7188364863395691 0.007891331799328327 
vt 0.7498460412025452 0.12835019826889038 
vt 0.7665717005729675 0.008007381111383438 
vt 0.7937966585159302 0.011372801847755909 
vt 0.8155277967453003 0.023325849324464798 
vt 0.8078364729881287 0.05396278575062752 
vt 0.7911108136177063 0.06359485536813736 
vt 0.7996567487716675 0.06719236820936203 
vt 0.7892795205116272 0.004758009221404791 
vt 0.795994222164154 0.002901224885135889 
vt 0.8030751347541809 0.009051822125911713 
vt 0.7991684079170227 0 
vt 0.8074702024459839 0.003481470048427582 
vt 0.10560352355241776 0.638037383556366 
vt 0.10328391194343567 0.6324670314788818 
vt 0.10328391194343567 0.6472052931785583 
vt 0.9236950874328613 0.10955025255680084 
vt 0.9359036087989807 0.11268357932567596 
vt 0.9349269270896912 0.1215033009648323 
vt 0.9499433636665344 0.11314777284860611 
vt 0.9321189522743225 0.09980213642120361 
vt 0.9289447665214539 0.09748116135597229 
vt 0.9339502453804016 0.08900958299636841 
vt 0.9288226962089539 0.07067383825778961 
vt 0.9389557242393494 0.07264667749404907 
vt 0.9236950874328613 0.029592495411634445 
vt 0.9196662902832031 0.027039416134357452 
vt 0.9163700342178345 0.008703675121068954 
vt 0.930776059627533 0.015666615217924118 
vt 0.9415194988250732 0.0031333230435848236 
vt 0.9476237893104553 0.012881439179182053 
vt 0.9621518850326538 0.01938018389046192 
vt 0.9477458596229553 0.02181721292436123 
vt 0.9581230878829956 0.0432862788438797 
vt 0.912951648235321 0.00023209799837786704 
vt 0.941763699054718 0 
vt 0.9599543809890747 0.00011604899918893352 
vt 0.9698432683944702 0.0064987437799572945 
vt 0.9765579104423523 0.02355794608592987 
vt 0.9730174541473389 0.029592495411634445 
vt 0.9653260707855225 0.0341184064745903 
vt 0.9808309078216553 0.0012765390565618873 
vt 0.990597665309906 0.010212312452495098 
vt 0.9920626878738403 0 
vt 0.9959694147109985 0.007543184794485569 
vt 0.9987773895263672 0.00058024498866871 
vt 0.999265730381012 0.009980213828384876 
vt 0.9962136149406433 0.021933261305093765 
vt 0.9875455498695374 0.03504679724574089 
vt 0.9874234795570374 0.07113803923130035 
vt 0.9603205919265747 0.08251083642244339 
vt 0.9475016593933105 0.06858495622873306 
vt 0.9523850679397583 0.08123429864645004 
vt 0.9672794342041016 0.09469598531723022 
vt 0.9687444567680359 0.11349592357873917 
vt 0.9747266173362732 0.09701696038246155 
vt 0.9864467978477478 0.08900958299636841 
vt 0.9984111189842224 0.08900958299636841 
vt 0.9964577555656433 0.10502434521913528 
vt 0.9866909980773926 0.11187123507261276 
vt 0.990231454372406 0.12127120792865753 
vt 0.9855921864509583 0.11790578067302704 
vt 0.9770462512969971 0.12161935120820999 
vt 0.9901093244552612 0.12208354473114014 
vt 0.999143660068512 0.035162847489118576 
vt 0.9986553192138672 0.05268624424934387 
vt 0.9647156596183777 0.12208354473114014 
vt 0.9810750484466553 0.1049082949757576 
vt 0.5498708486557007 0.14459705352783203 
vt 0.5639106035232544 0.1306711733341217 
vt 0.5409586429595947 0.12626130878925323 
vt 0.5491383075714111 0.10862186551094055 
vt 0.49871721863746643 0.11871812492609024 
vt 0.5379065275192261 0.05860474333167076 
vt 0.4970080256462097 0.06928125023841858 
vt 0.5329010486602783 0.043982572853565216 
vt 0.4990834891796112 0.03806407377123833 
vt 0.5390052795410156 0.14343656599521637 
vt 0.5086061358451843 0.1483106166124344 
vt 0.4993276596069336 0.1406513899564743 
vt 0.5725786685943604 0.13450078666210175 
vt 0.5692823529243469 0.12161935120820999 
vt 0.5740436911582947 0.1098984032869339 
vt 0.5774620771408081 0.1306711733341217 
vt 0.5774620771408081 0.11662924289703369 
vt 0.5863742828369141 0.12510082125663757 
vt 0.5813687443733215 0.11256752908229828 
vt 0.5868626236915588 0.11221938580274582 
vt 0.59565269947052 0.12951068580150604 
vt 0.6024894714355469 0.11976256966590881 
vt 0.604686975479126 0.14366866648197174 
vt 0.6137213110923767 0.14041928946971893 
vt 0.6161630153656006 0.1464538425207138 
vt 0.6175059080123901 0.12034281343221664 
vt 0.6050532460212708 0.10363175719976425 
vt 0.6171396970748901 0.11442431062459946 
vt 0.6172617673873901 0.10038238763809204 
vt 0.6137213110923767 0.09446388483047485 
vt 0.6175059080123901 0.07856517285108566 
vt 0.6056636571884155 0.08251083642244339 
vt 0.6144537925720215 0.06719236820936203 
vt 0.600047767162323 0.09307129681110382 
vt 0.6011465191841125 0.10421200096607208 
vt 0.584542989730835 0.10479224473237991 
vt 0.5965073108673096 0.09957004338502884 
vt 0.5916239023208618 0.09585647284984589 
vt 0.5926005840301514 0.08761699497699738 
vt 0.5879613757133484 0.08517996966838837 
vt 0.5904030799865723 0.07926146686077118 
vt 0.5922343134880066 0.06916520744562149 
vt 0.5947981476783752 0.050481315702199936 
vt 0.5813687443733215 0.06138991937041283 
vt 0.5810025334358215 0.07984171062707901 
vt 0.5640326738357544 0.06220226362347603 
vt 0.5564634203910828 0.06382694840431213 
vt 0.560370147228241 0.050829462707042694 
vt 0.5814908742904663 0.09945399314165115 
vt 0.5700148940086365 0.09353549033403397 
vt 0.547184944152832 0.0574442557990551 
vt 0.5519462823867798 0.05512327328324318 
vt 0.542301595211029 0.048508480191230774 
vt 0.5502371191978455 0.05210600048303604 
vt 0.5477954149246216 0.04676774516701698 
vt 0.5474291443824768 0.04084924980998039 
vt 0.5586609840393066 0.0349307507276535 
vt 0.5488941669464111 0.03202952444553375 
vt 0.566840648651123 0.027503613382577896 
vt 0.5768516063690186 0.038412220776081085 
vt 0.5979723334312439 0.03295791521668434 
vt 0.615308403968811 0.025994975119829178 
vt 0.6115237474441528 0.006382694933563471 
vt 0.619947612285614 0.008123430423438549 
vt 0.6209242939949036 0 
vt 0.5385169386863708 0.03388630971312523 
vt 0.6028557419776917 0.006150596775114536 
vt 0.5821012854576111 0.02065672166645527 
vt 0.5703811049461365 0.010792557150125504 
vt 0.5524346232414246 0.0131135368719697 
vt 0.5509696006774902 0.004758009221404791 
vt 0.5833221077919006 0 
vt 0.5394936203956604 0.016595007851719856 
vt 0.5337556004524231 0.03156532719731331 
vt 0.5260642766952515 0.02564682811498642 
vt 0.5186170935630798 0.013577733188867569 
vt 0.516297459602356 0.019960427656769753 
vt 0.5127570033073425 0.016362909227609634 
vt 0.5011589527130127 0.02355794608592987 
vt 0.527163028717041 0.03597519174218178 
vt 0.516053318977356 0.006266646087169647 
vt 0.511658251285553 0.015434516593813896 
vt 0.5083619356155396 0.0033654209692031145 
vt 0.5287501215934753 0.030172739177942276 
vt 0.5401040315628052 0.0382961705327034 
vt 0.5429120063781738 0.04421466961503029 
vt 0.9628843665122986 0.2746879756450653 
vt 0.9626402258872986 0.2633151710033417 
vt 0.9288226962089539 0.27329540252685547 
vt 0.9279680848121643 0.2628509998321533 
vt 0.9337061047554016 0.2473004162311554 
vt 0.9731395244598389 0.2728312015533447 
vt 0.9742382764816284 0.2572806477546692 
vt 0.9814413189888 0.26505592465400696 
vt 0.985958456993103 0.27329540252685547 
vt 0.9914522767066956 0.26424357295036316 
vt 0.9938939809799194 0.2737596035003662 
vt 0.9938939809799194 0.26517197489738464 
vt 0.9915743470191956 0.25345101952552795 
vt 0.9819296598434448 0.25786086916923523 
vt 0.9830284118652344 0.25101399421691895 
vt 0.9771683216094971 0.2580929696559906 
vt 0.966180682182312 0.24741646647453308 
vt 0.9943823218345642 0.2438189536333084 
vt 0.9943823218345642 0.22583135962486267 
vt 0.9832726120948792 0.20761166512966156 
vt 0.957146406173706 0.22548320889472961 
vt 0.9667910933494568 0.24277450144290924 
vt 0.9567801356315613 0.24335475265979767 
vt 0.9559255242347717 0.2531028687953949 
vt 0.9671573638916016 0.2536831200122833 
vt 0.9402986764907837 0.23929303884506226 
vt 0.9525071978569031 0.23673996329307556 
vt 0.950553834438324 0.23163379728794098 
vt 0.946158766746521 0.22699184715747833 
vt 0.9482342004776001 0.21608324348926544 
vt 0.9324852228164673 0.2139943540096283 
vt 0.9337061047554016 0.2388288378715515 
vt 0.9256484508514404 0.24660412967205048 
vt 0.9258926510810852 0.23337453603744507 
vt 0.9172245860099792 0.24405105412006378 
vt 0.9092890620231628 0.23291034996509552 
vt 0.9090449213981628 0.24126587808132172 
vt 0.9050161242485046 0.2146906554698944 
vt 0.9186896085739136 0.27167069911956787 
vt 0.9208871722221375 0.2548435926437378 
vt 0.9074578285217285 0.2714385986328125 
vt 0.9102657437324524 0.25333496928215027 
vt 0.9046498537063599 0.26029789447784424 
vt 0.901964008808136 0.25089794397354126 
vt 0.9029406309127808 0.2314017117023468 
vt 0.9144166707992554 0.19507837295532227 
vt 0.9443274736404419 0.2022734135389328 
vt 0.9516525864601135 0.2005326747894287 
vt 0.9897431135177612 0.18126854300498962 
vt 0.9943823218345642 0.1897401213645935 
vt 0.961419403553009 0.18753518164157867 
vt 0.9901093244552612 0.16687846183776855 
vt 0.9714303612709045 0.17546609044075012 
vt 0.9853480458259583 0.15689824521541595 
vt 0.9639831781387329 0.15701429545879364 
vt 0.9789996147155762 0.15272048115730286 
vt 0.9890105724334717 0.15330073237419128 
vt 0.9943823218345642 0.15364888310432434 
vt 0.9925510287284851 0.15260443091392517 
vt 0.9628843665122986 0.17883150279521942 
vt 0.950797975063324 0.18428580462932587 
vt 0.9619077444076538 0.18428580462932587 
vt 0.9387115836143494 0.18335741758346558 
vt 0.9201546311378479 0.1790636032819748 
vt 0.9096553325653076 0.18126854300498962 
vt 0.9074578285217285 0.16931548714637756 
vt 0.9162479043006897 0.15666614472866058 
vt 0.12306167930364609 0.5129365921020508 
vt 0.11854453384876251 0.51398104429245 
vt 0.11915495991706848 0.5173464417457581 
vt 0.11561449617147446 0.5178106427192688 
vt 0.12306167930364609 0.5368426442146301 
vt 0.12184082716703415 0.5426450967788696 
vt 0.0986446812748909 0.6407065391540527 
vt 0.10145263373851776 0.6443040370941162 
vt 0.10145263373851776 0.6324670314788818 
vt 0.7328762412071228 0.11500456184148788 
vt 0.7217665314674377 0.12846624851226807 
vt 0.7187144160270691 0.11720948666334152 
vt 0.7190806269645691 0.08111824840307236 
vt 0.12794508039951324 0.4976181089878082 
vt 0.124892957508564 0.5176945924758911 
vt 0.1449148952960968 0.5067859888076782 
vt 0.1593209207057953 0.5173464417457581 
vt 0.16237305104732513 0.5117760896682739 
vt 0.17030857503414154 0.5142131447792053 
vt 0.17604656517505646 0.5274426937103271 
vt 0.17592447996139526 0.5185069441795349 
vt 0.17616865038871765 0.5138649940490723 
vt 0.16359390318393707 0.5087588429450989 
vt 0.18019746243953705 0.49901071190834045 
vt 0.1593209207057953 0.5038847327232361 
vt 0.1508970558643341 0.49738600850105286 
vt 0.12635797262191772 0.5884844660758972 
vt 0.1611521989107132 0.5374228954315186 
vt 0.1447928100824356 0.5852351188659668 
vt 0.1833716630935669 0.5111958384513855 
vt 0.1830054223537445 0.5207118391990662 
vt 0.19081886112689972 0.5142131447792053 
vt 0.1932605504989624 0.4926280081272125 
vt 0.20400403439998627 0.4985465109348297 
vt 0.22378180921077728 0.48473668098449707 
vt 0.21718920767307281 0.5033045411109924 
vt 0.2375774085521698 0.4962255358695984 
vt 0.2375774085521698 0.5108476877212524 
vt 0.22048550844192505 0.5299957990646362 
vt 0.23806574940681458 0.5457784533500671 
vt 0.24062953889369965 0.5592401027679443 
vt 0.21609045565128326 0.535682201385498 
vt 0.23647864162921906 0.5645784139633179 
vt 0.24270497262477875 0.5762993097305298 
vt 0.22854311764240265 0.5747907161712646 
vt 0.22610141336917877 0.6082128286361694 
vt 0.24331539869308472 0.5880202651023865 
vt 0.2435595691204071 0.6043831706047058 
vt 0.23904243111610413 0.6149436235427856 
vt 0.20180650055408478 0.5118921399116516 
vt 0.2435595691204071 0.47997865080833435 
vt 0.2378215789794922 0.4745243489742279 
vt 0.20046356320381165 0.6104177236557007 
vt 0.21425917744636536 0.6091412305831909 
vt 0.20058564841747284 0.6019461750984192 
vt 0.21206164360046387 0.5919659733772278 
vt 0.2054690569639206 0.5831462144851685 
vt 0.21499168872833252 0.5827980637550354 
vt 0.22439223527908325 0.5819857120513916 
vt 0.22439223527908325 0.561561107635498 
vt 0.21987508237361908 0.5561068058013916 
vt 0.18068580329418182 0.6049634218215942 
vt 0.20913159847259521 0.559356153011322 
vt 0.2112070471048355 0.5482154488563538 
vt 0.20791076123714447 0.5400920510292053 
vt 0.20180650055408478 0.5236130952835083 
vt 0.19765561819076538 0.5280229449272156 
vt 0.20815493166446686 0.5480993986129761 
vt 0.1992427259683609 0.5351019501686096 
vt 0.15419335663318634 0.6084449291229248 
vt 0.16273930668830872 0.614363431930542 
vt 0.16396015882492065 0.6063560247421265 
vt 0.17848826944828033 0.5696845650672913 
vt 0.19619059562683105 0.5623734593391418 
vt 0.12428253144025803 0.6159880757331848 
vt 0.13539226353168488 0.6142473816871643 
vt 0.14454863965511322 0.6078646779060364 
vt 0.17763367295265198 0.5361464023590088 
vt 0.1933826357126236 0.5325488448143005 
vt 0.19277220964431763 0.5287192463874817 
vt 0.18752256035804749 0.5239612460136414 
vt 0.18764464557170868 0.5273266434669495 
vt 0.1854471117258072 0.5266303420066833 
vt 0.18019746243953705 0.5297636985778809 
vt 0.1792207807302475 0.523729145526886 
vt 0.6431437730789185 0.12951068580150604 
vt 0.6457075476646423 0.13856250047683716 
vt 0.6431437730789185 0.143204465508461 
vt 0.5020135045051575 0.1483106166124344 
vt 0.5020135045051575 0.15504147112369537 
vt 0.5065306425094604 0.1523723304271698 
vt 0.5064085721969604 0.1556217074394226 
vt 0.10560352355241776 0.602758526802063 
vt 0.10560352355241776 0.6228349804878235 
vt 0.11244028806686401 0.6165683269500732 
vt 0.10560352355241776 0.5759511590003967 
vt 0.11329487711191177 0.5792005658149719 
vt 0.3708942234516144 0.30195948481559753 
vt 0.3820039629936218 0.3098508417606354 
vt 0.3708942234516144 0.2929076850414276 
vt 0.3708942234516144 0.28362375497817993 
vt 0.37101632356643677 0.2765447795391083 
vt 0.370650053024292 0.2680732011795044 
vt 0.370650053024292 0.2580929696559906 
vt 0.37138256430625916 0.25020164251327515 
vt 0.37138256430625916 0.24045352637767792 
vt 0.370527982711792 0.23174984753131866 
vt 0.4392618238925934 0.23047330975532532 
vt 0.3707721531391144 0.2230461835861206 
vt 0.3704058825969696 0.2123696655035019 
vt 0.3707721531391144 0.30845823884010315 
vt 0.370650053024292 0.31344833970069885 
vt 0.370527982711792 0.203898087143898 
vt 0.370527982711792 0.19380183517932892 
vt 0.3707721531391144 0.1847500056028366 
vt 0.370650053024292 0.1755821406841278 
vt 0.3707721531391144 0.1664142608642578 
vt 0.4008050560951233 0.16281674802303314 
vt 0.37956225872039795 0.1599155217409134 
vt 0.39116033911705017 0.15713034570217133 
vt 0.3708942234516144 0.158290833234787 
vt 0.4777185916900635 0.15852293372154236 
vt 0.4909037947654724 0.16293279826641083 
vt 0.463312566280365 0.15887108445167542 
vt 0.4548887014389038 0.16455748677253723 
vt 0.4309600591659546 0.17662657797336578 
vt 0.4369422197341919 0.158290833234787 
vt 0.4188736379146576 0.1639772355556488 
vt 0.49078169465065 0.20122896134853363 
vt 0.4915142059326172 0.172332763671875 
vt 0.4916363060474396 0.18092039227485657 
vt 0.4916363060474396 0.19124874472618103 
vt 0.48858416080474854 0.24822881817817688 
vt 0.49041545391082764 0.23209799826145172 
vt 0.4815032482147217 0.2365078628063202 
vt 0.49053752422332764 0.22455482184886932 
vt 0.49065962433815 0.2115573287010193 
vt 0.49053752422332764 0.2529868185520172 
vt 0.42973920702934265 0.2989422380924225 
vt 0.45403411984443665 0.31101131439208984 
vt 0.43572136759757996 0.3162335157394409 
vt 0.41789695620536804 0.31101131439208984 
vt 0.49004918336868286 0.27085837721824646 
vt 0.48028239607810974 0.31031501293182373 
vt 0.49053752422332764 0.2862928807735443 
vt 0.48589828610420227 0.3136804401874542 
vt 0.4916363060474396 0.302887886762619 
vt 0.4912700355052948 0.3112434148788452 
vt 0.4916363060474396 0.28176698088645935 
vt 0.4916363060474396 0.2939521074295044 
vt 0.2759121060371399 0.9012365341186523 
vt 0.2680986523628235 0.9011204838752747 
vt 0.27054035663604736 0.9050661325454712 
vt 0.2656569480895996 0.9142340421676636 
vt 0.27041828632354736 0.9120290875434875 
vt 0.2691974341869354 0.9160907864570618 
vt 0.27444708347320557 0.9099401831626892 
vt 0.26480236649513245 0.9186438918113708 
vt 0.265901118516922 0.9254907965660095 
vt 0.25857603549957275 0.931293249130249 
vt 0.2557680606842041 0.9308290481567383 
vt 0.2551576495170593 0.9136537909507751 
vt 0.24807672202587128 0.929436445236206 
vt 0.2562564015388489 0.9347746968269348 
vt 0.25088468194007874 0.9395326972007751 
vt 0.2759121060371399 0.9323376417160034 
vt 0.25051841139793396 0.9505573511123657 
vt 0.6474167704582214 0.14111559092998505 
vt 0.6457075476646423 0.14598964154720306 
vt 0.6457075476646423 0.12951068580150604 
vt 0.24685586988925934 0.31611746549606323 
vt 0.24685586988925934 0.33340877294540405 
vt 0.2478325515985489 0.3289989233016968 
vt 0.12428253144025803 0.10374780744314194 
vt 0.12416044622659683 0.11558480560779572 
vt 0.12379419058561325 0.12510082125663757 
vt 0.12416044622659683 0.1339205503463745 
vt 0.12391627579927444 0.14355261623859406 
vt 0.12367210537195206 0.1541130691766739 
vt 0.12391627579927444 0.16003157198429108 
vt 0.4910258650779724 0.4737120270729065 
vt 0.4910258650779724 0.493556410074234 
vt 0.49224671721458435 0.4788181781768799 
vt 0.49224671721458435 0.4977341592311859 
vt 0.4912700355052948 0.5118921399116516 
vt 0.8928076028823853 0.6774940490722656 
vt 0.9033069014549255 0.6907236576080322 
vt 0.8957376480102539 0.6539360880851746 
vt 0.9070915579795837 0.6655409932136536 
vt 0.9037952423095703 0.6465089917182922 
vt 0.9293110370635986 0.6433756351470947 
vt 0.9527513384819031 0.6481336355209351 
vt 0.9556813836097717 0.6366448402404785 
vt 0.9653260707855225 0.6376892328262329 
vt 0.9736278653144836 0.6472052931785583 
vt 0.9849817752838135 0.6382694840431213 
vt 0.9108762145042419 0.6894471049308777 
vt 0.9337061047554016 0.6814397573471069 
vt 0.9695990681648254 0.6823680996894836 
vt 0.9854701161384583 0.6658891439437866 
vt 0.9866909980773926 0.6388497352600098 
vt 0.9689886569976807 0.7183433175086975 
vt 0.9178350567817688 0.7405086755752563 
vt 0.9052602648735046 0.7214766144752502 
vt 0.9012314677238464 0.7409728765487671 
vt 0.9136841297149658 0.7526938319206238 
vt 0.8992781043052673 0.7564073801040649 
vt 0.8928076028823853 0.7493283748626709 
vt 0.8951272368431091 0.758612334728241 
vt 0.931142270565033 0.7531580328941345 
vt 0.9776566624641418 0.7450345754623413 
vt 0.9815633893013 0.7372592687606812 
vt 0.9626402258872986 0.7554789781570435 
vt 0.9805867075920105 0.7582641839981079 
vt 0.22219470143318176 0.6159880757331848 
vt 0.23269401490688324 0.6389657855033875 
vt 0.22219470143318176 0.6680940985679626 
vt 0.2413620501756668 0.644768238067627 
vt 0.2435595691204071 0.5134007930755615 
vt 0.24697795510292053 0.502724289894104 
vt 0.24697795510292053 0.5265142917633057 
vt 0.12367210537195206 0.20795980095863342 
vt 0.12367210537195206 0.23673996329307556 
vt 0.12379419058561325 0.21759188175201416 
vt 0.2518613636493683 0.8189578056335449 
vt 0.26455819606781006 0.7919183969497681 
vt 0.2618723213672638 0.840658962726593 
vt 0.29764324426651 0.8047997951507568 
vt 0.2801850736141205 0.7861159443855286 
vt 0.2982536554336548 0.7789208889007568 
vt 0.3166884779930115 0.7865801453590393 
vt 0.33329203724861145 0.7899455428123474 
vt 0.32669946551322937 0.7789208889007568 
vt 0.34720975160598755 0.7797332406044006 
vt 0.34757599234580994 0.8232516050338745 
vt 0.33487915992736816 0.8412392139434814 
vt 0.3017941117286682 0.8832489252090454 
vt 0.25698891282081604 0.8929970264434814 
vt 0.2517392635345459 0.8588786721229553 
vt 0.24807672202587128 0.8813921809196472 
vt 0.24917548894882202 0.8926489353179932 
vt 0.2532042860984802 0.9008883833885193 
vt 0.2700520157814026 0.9005402326583862 
vt 0.27859798073768616 0.8948538303375244 
vt 0.2980094850063324 0.9007723331451416 
vt 0.32303690910339355 0.8999599814414978 
vt 0.3337803781032562 0.8775625228881836 
vt 0.34525638818740845 0.8599230647087097 
vt 0.346233069896698 0.8779106736183167 
vt 0.34720975160598755 0.8900958299636841 
vt 0.341960072517395 0.9011204838752747 
vt 0.3481864333152771 0.9011204838752747 
vt 0.2715170383453369 0.7789208889007568 
vt 0.26101773977279663 0.7818220853805542 
vt 0.2436816543340683 0.6087930798530579 
vt 0.24807672202587128 0.614363431930542 
vt 0.24807672202587128 0.6041510701179504 
vt 0.24807672202587128 0.384006142616272 
vt 0.24722212553024292 0.3887641429901123 
vt 0.24722212553024292 0.38098886609077454 
vt 0.2413620501756668 0.6159880757331848 
vt 0.2413620501756668 0.6263164281845093 
vt 0.2475883811712265 0.6214423775672913 
vt 0.24807672202587128 0.6277090311050415 
vt 0.6369174718856812 0.15214024484157562 
vt 0.6408241391181946 0.15214024484157562 
vt 0.639603316783905 0.1499353051185608 
vt 0.639847457408905 0.14285631477832794 
vt 0.1226954236626625 0.5853511691093445 
vt 0.11329487711191177 0.5759511590003967 
vt 0.11329487711191177 0.5957955718040466 
vt 0.25051841139793396 0.4684898257255554 
vt 0.26699990034103394 0.4459763169288635 
vt 0.2776212990283966 0.4670972228050232 
vt 0.29483526945114136 0.4496898651123047 
vt 0.29471319913864136 0.47243547439575195 
vt 0.33109453320503235 0.45085036754608154 
vt 0.3307282626628876 0.4744082987308502 
vt 0.34904101490974426 0.4686058759689331 
vt 0.3302399218082428 0.39340612292289734 
vt 0.2817721664905548 0.42241835594177246 
vt 0.24929757416248322 0.41243815422058105 
vt 0.2637036144733429 0.3945665955543518 
vt 0.2495417445898056 0.35928770899772644 
vt 0.29471319913864136 0.34106799960136414 
vt 0.27701085805892944 0.3230804204940796 
vt 0.29483526945114136 0.3162335157394409 
vt 0.24807672202587128 0.4031542241573334 
vt 0.24868714809417725 0.3856308162212372 
vt 0.24929757416248322 0.3370063006877899 
vt 0.258209764957428 0.32412484288215637 
vt 0.24832089245319366 0.3345692753791809 
vt 0.24807672202587128 0.32180386781692505 
vt 0.2674882411956787 0.3186705410480499 
vt 0.31302595138549805 0.32250016927719116 
vt 0.35319191217422485 0.3646259605884552 
vt 0.33109453320503235 0.3223841190338135 
vt 0.35770905017852783 0.3223841190338135 
vt 0.3400067389011383 0.3164656162261963 
vt 0.3581973910331726 0.3162335157394409 
vt 0.36942920088768005 0.31751006841659546 
vt 0.3702838122844696 0.32667794823646545 
vt 0.36942920088768005 0.3520926535129547 
vt 0.3702838122844696 0.3381667733192444 
vt 0.3704058825969696 0.36659878492355347 
vt 0.36967337131500244 0.3804086148738861 
vt 0.3704058825969696 0.39340612292289734 
vt 0.36991754174232483 0.4060554504394531 
vt 0.36991754174232483 0.41591960191726685 
vt 0.3702838122844696 0.4320504367351532 
vt 0.36955130100250244 0.4460923671722412 
vt 0.3704058825969696 0.4586256444454193 
vt 0.3700396418571472 0.46732932329177856 
vt 0.35709863901138306 0.4730157256126404 
vt 0.522890031337738 0.48670950531959534 
vt 0.5202041864395142 0.49251195788383484 
vt 0.5297268033027649 0.4829959273338318 
vt 0.5143440961837769 0.5043489336967468 
vt 0.5289943218231201 0.4943687319755554 
vt 0.5287501215934753 0.5067859888076782 
vt 0.5370519161224365 0.5118921399116516 
vt 0.5183728933334351 0.5115439891815186 
vt 0.4949325919151306 0.5142131447792053 
vt 0.5115361213684082 0.4976181089878082 
vt 0.5524346232414246 0.4745243489742279 
vt 0.542667806148529 0.5154896378517151 
vt 0.5311918258666992 0.5165340900421143 
vt 0.49249088764190674 0.5289513468742371 
vt 0.5282617807388306 0.5626055598258972 
vt 0.495298832654953 0.5638821125030518 
vt 0.5167858004570007 0.5800129175186157 
vt 0.49981600046157837 0.5772277116775513 
vt 0.502746045589447 0.5942869186401367 
vt 0.5066527724266052 0.6058918237686157 
vt 0.5122686624526978 0.6220226287841797 
vt 0.5287501215934753 0.5816375613212585 
vt 0.5414469838142395 0.5782721638679504 
vt 0.5697706937789917 0.6187732815742493 
vt 0.5217912793159485 0.6323509812355042 
vt 0.5695265531539917 0.6314225792884827 
vt 0.584420919418335 0.6265485286712646 
vt 0.5849092602729797 0.5800129175186157 
vt 0.599803626537323 0.6078646779060364 
vt 0.599803626537323 0.5976523756980896 
vt 0.5983386039733887 0.5827980637550354 
vt 0.600169837474823 0.5876721143722534 
vt 0.599803626537323 0.577343761920929 
vt 0.5971177220344543 0.5711931586265564 
vt 0.5984606742858887 0.5642302632331848 
vt 0.5972397923469543 0.55668705701828 
vt 0.5829558968544006 0.5388154983520508 
vt 0.5940656065940857 0.5422970056533813 
vt 0.5967514514923096 0.5405562520027161 
vt 0.600047767162323 0.6165683269500732 
vt 0.5979723334312439 0.6272448301315308 
vt 0.5944318771362305 0.6295658349990845 
vt 0.599925696849823 0.6259682774543762 
vt 0.5987048149108887 0.5357982516288757 
vt 0.5968735814094543 0.5214081406593323 
vt 0.5984606742858887 0.5289513468742371 
vt 0.5991931557655334 0.5180427432060242 
vt 0.5989490151405334 0.5070180892944336 
vt 0.5849092602729797 0.48229965567588806 
vt 0.5687940120697021 0.5230328440666199 
vt 0.5962631106376648 0.47498854994773865 
vt 0.5996814966201782 0.48589715361595154 
vt 0.600169837474823 0.47754162549972534 
vt 0.5995594263076782 0.49483293294906616 
vt 0.5631781220436096 0.5510006546974182 
vt 0.547062873840332 0.5638821125030518 
vt 0.5435224175453186 0.5389315485954285 
vt 0.5402261018753052 0.5181587934494019 
vt 0.5510916709899902 0.5181587934494019 
vt 0.5499929189682007 0.5230328440666199 
vt 0.36918503046035767 0.5918499231338501 
vt 0.36918503046035767 0.5830301642417908 
vt 0.3664991557598114 0.5971881747245789 
vt 0.3547790050506592 0.5980005264282227 
vt 0.3486747741699219 0.6070523262023926 
vt 0.3437913656234741 0.597884476184845 
vt 0.3663770854473114 0.5725857615470886 
vt 0.3020382821559906 0.5671314597129822 
vt 0.3502618670463562 0.528603196144104 
vt 0.3702838122844696 0.6205139756202698 
vt 0.35746487975120544 0.6190053820610046 
vt 0.3689408600330353 0.6134350299835205 
vt 0.33939629793167114 0.6134350299835205 
vt 0.3155897259712219 0.6020622253417969 
vt 0.32730987668037415 0.6166843771934509 
vt 0.31473514437675476 0.6135510802268982 
vt 0.3033812344074249 0.610649824142456 
vt 0.29312607645988464 0.6122745275497437 
vt 0.2922714948654175 0.6178448796272278 
vt 0.2894635498523712 0.6163362264633179 
vt 0.2799409031867981 0.6198177337646484 
vt 0.28079551458358765 0.6133189797401428 
vt 0.28299301862716675 0.6041510701179504 
vt 0.3345128893852234 0.6181930303573608 
vt 0.2777433693408966 0.6079807281494141 
vt 0.25442513823509216 0.6026424765586853 
vt 0.24856506288051605 0.5949832201004028 
vt 0.24917548894882202 0.6193535327911377 
vt 0.27896422147750854 0.6112300753593445 
vt 0.2759121060371399 0.6201658844947815 
vt 0.24819880723953247 0.5616771578788757 
vt 0.2552797496318817 0.5505364537239075 
vt 0.2739587426185608 0.5326648950576782 
vt 0.24868714809417725 0.5493759512901306 
vt 0.2552797496318817 0.5144452452659607 
vt 0.26309317350387573 0.49088728427886963 
vt 0.24807672202587128 0.502376139163971 
vt 0.24856506288051605 0.4929761588573456 
vt 0.25039634108543396 0.4813712537288666 
vt 0.26052939891815186 0.47568485140800476 
vt 0.2877543568611145 0.47974658012390137 
vt 0.30948546528816223 0.49657365679740906 
vt 0.30936339497566223 0.4744082987308502 
vt 0.3276761472225189 0.48067495226860046 
vt 0.3502618670463562 0.48079100251197815 
vt 0.3644237220287323 0.5142131447792053 
vt 0.36955130100250244 0.5327809453010559 
vt 0.3638133108615875 0.5503043532371521 
vt 0.36942920088768005 0.5598203539848328 
vt 0.36918503046035767 0.5743265151977539 
vt 0.36955130100250244 0.47730952501296997 
vt 0.36137160658836365 0.477657675743103 
vt 0.3702838122844696 0.48647740483283997 
vt 0.366132915019989 0.4904230833053589 
vt 0.36979547142982483 0.5067859888076782 
vt 0.6355745196342468 0.12951068580150604 
vt 0.6314235925674438 0.13206376135349274 
vt 0.6369174718856812 0.13879460096359253 
vt 0.633254885673523 0.14343656599521637 
vt 0.62873774766922 0.13716991245746613 
vt 0.62873774766922 0.14668594300746918 
vt 0.6402137279510498 0.12951068580150604 
vt 0.6431437730789185 0.13751806318759918 
vt 0.6402137279510498 0.1423921287059784 
vt 0.24392582476139069 0.6041510701179504 
vt 0.24807672202587128 0.591153621673584 
vt 0.24392582476139069 0.5896449685096741 
vt 0.9391999244689941 0.4885662794113159 
vt 0.9158816933631897 0.4921638071537018 
vt 0.9210092425346375 0.4763811528682709 
vt 0.9123411774635315 0.47997865080833435 
vt 0.9033069014549255 0.4763811528682709 
vt 0.9031848311424255 0.48810210824012756 
vt 0.9160037636756897 0.5000551342964172 
vt 0.9302877187728882 0.5086427927017212 
vt 0.9709420204162598 0.500867486000061 
vt 0.957268476486206 0.47591695189476013 
vt 0.9743604063987732 0.4894946813583374 
vt 0.9804646372795105 0.5196674466133118 
vt 0.975214958190918 0.5306921005249023 
vt 0.9472575187683105 0.5207118391990662 
vt 0.9732615947723389 0.5443858504295349 
vt 0.9843713641166687 0.5445019006729126 
vt 0.9808309078216553 0.5532056093215942 
vt 0.9691107273101807 0.5537858009338379 
vt 0.9791216850280762 0.559356153011322 
vt 0.9720407724380493 0.5573833584785461 
vt 0.9713082313537598 0.570612907409668 
vt 0.9670352935791016 0.5645784139633179 
vt 0.9650819301605225 0.5783882141113281 
vt 0.9597101807594299 0.5800129175186157 
vt 0.957146406173706 0.5687561631202698 
vt 0.9467691779136658 0.568291962146759 
vt 0.9545826315879822 0.561561107635498 
vt 0.9644715189933777 0.5534377098083496 
vt 0.9548267722129822 0.5484475493431091 
vt 0.9841271638870239 0.5580796599388123 
vt 0.9761916399002075 0.5789684653282166 
vt 0.9492108821868896 0.5869758129119873 
vt 0.9565359950065613 0.5533216595649719 
vt 0.950920045375824 0.5545981526374817 
vt 0.9388336539268494 0.5792005658149719 
vt 0.9330956339836121 0.5977684259414673 
vt 0.9682561159133911 0.587091863155365 
vt 0.9687444567680359 0.5976523756980896 
vt 0.9736278653144836 0.5970721244812012 
vt 0.9760695695877075 0.5854672193527222 
vt 0.9468912482261658 0.5497241020202637 
vt 0.922230064868927 0.5954474210739136 
vt 0.8992781043052673 0.5969560742378235 
vt 0.8937842845916748 0.5673635601997375 
vt 0.8939063549041748 0.5855832695960999 
vt 0.8928076028823853 0.5977684259414673 
vt 0.8914646506309509 0.5967239737510681 
vt 0.9291889071464539 0.5555265545845032 
vt 0.9028185606002808 0.5576154589653015 
vt 0.8914646506309509 0.5584278106689453 
vt 0.8910984396934509 0.5403241515159607 
vt 0.902330219745636 0.5221044421195984 
vt 0.9258926510810852 0.5480993986129761 
vt 0.9370023608207703 0.5520451068878174 
vt 0.9379790425300598 0.5460105538368225 
vt 0.9385894536972046 0.535682201385498 
vt 0.9387115836143494 0.5239612460136414 
vt 0.9337061047554016 0.5173464417457581 
vt 0.9216196537017822 0.5128205418586731 
vt 0.9014756679534912 0.49750205874443054 
vt 0.8912205100059509 0.5042328834533691 
vt 0.8940284252166748 0.49483293294906616 
vt 0.897813081741333 0.4813712537288666 
vt 0.8913425803184509 0.4855490028858185 
vt 0.8913425803184509 0.4754527509212494 
vt 0.8965922594070435 0.4745243489742279 
vt 0.9035511016845703 0.4818354547023773 
vt 0.6245868802070618 0.12951068580150604 
vt 0.6277610659599304 0.13450078666210175 
vt 0.6225113868713379 0.1372859627008438 
vt 0.62873774766922 0.14622174203395844 
vt 0.6209242939949036 0.1498192548751831 
vt 0.6209242939949036 0.13914275169372559 
vt 0.24392582476139069 0.5761832594871521 
vt 0.2474662959575653 0.5896449685096741 
vt 0.2474662959575653 0.5725857615470886 
vt 0.2473442107439041 0.38098886609077454 
vt 0.2473442107439041 0.3686876595020294 
vt 0.24807672202587128 0.37100866436958313 
vt 0.9999982118606567 0.33607789874076843 
vt 0.9658144116401672 0.3173940181732178 
vt 0.9941381812095642 0.3497716784477234 
vt 0.9742382764816284 0.3548778295516968 
vt 0.9897431135177612 0.38423824310302734 
vt 0.9999982118606567 0.37820369005203247 
vt 0.9997540712356567 0.4144109785556793 
vt 0.9880338907241821 0.4135986268520355 
vt 0.999265730381012 0.4318183362483978 
vt 0.9511642456054688 0.32760632038116455 
vt 0.9473795890808105 0.31681376695632935 
vt 0.9285784959793091 0.3164656162261963 
vt 0.9495771527290344 0.3320161998271942 
vt 0.9295551776885986 0.34246060252189636 
vt 0.9520188570022583 0.3688037097454071 
vt 0.9291889071464539 0.3802925646305084 
vt 0.9109982848167419 0.31507304310798645 
vt 0.9141724705696106 0.3245890438556671 
vt 0.9196662902832031 0.34489762783050537 
vt 0.9203988313674927 0.3936381936073303 
vt 0.9493329524993896 0.3806407153606415 
vt 0.955437183380127 0.37495431303977966 
vt 0.9526292681694031 0.38481849431991577 
vt 0.9637389779090881 0.3788999915122986 
vt 0.9496992230415344 0.3927098214626312 
vt 0.9638610482215881 0.40257397294044495 
vt 0.9382232427597046 0.4069838523864746 
vt 0.9404207468032837 0.3954949975013733 
vt 0.946280837059021 0.3870234191417694 
vt 0.9295551776885986 0.3978159725666046 
vt 0.9305318593978882 0.41081345081329346 
vt 0.9232067465782166 0.4087245762348175 
vt 0.9257705807685852 0.4364602863788605 
vt 0.9167362451553345 0.42740845680236816 
vt 0.9158816933631897 0.437736839056015 
vt 0.9334619045257568 0.42822080850601196 
vt 0.9765579104423523 0.41754430532455444 
vt 0.9841271638870239 0.42160600423812866 
vt 0.9328514933586121 0.4370405375957489 
vt 0.9678899049758911 0.43843311071395874 
vt 0.9697211384773254 0.42740845680236816 
vt 0.9788775444030762 0.4370405375957489 
vt 0.9871793389320374 0.42752450704574585 
vt 0.9921848177909851 0.43170228600502014 
vt 0.994748592376709 0.4339072108268738 
vt 0.9958473443984985 0.4378528892993927 
vt 0.3658887445926666 0.6317707300186157 
vt 0.3658887445926666 0.6409386396408081 
vt 0.3567323684692383 0.6339756846427917 
vt 0.5139778256416321 0.14970320463180542 
vt 0.5103152990341187 0.1483106166124344 
vt 0.511780321598053 0.15214024484157562 
vt 0.5103152990341187 0.15422911942005157 
vt 0.12416044622659683 0.26366332173347473 
vt 0.12416044622659683 0.25774481892585754 
vt 0.12367210537195206 0.2612262964248657 
vt 0.3644237220287323 0.6205139756202698 
vt 0.3701617121696472 0.6205139756202698 
vt 0.36918503046035767 0.6300300359725952 
vt 0.4688063859939575 0.6325830817222595 
vt 0.4688063859939575 0.6461608409881592 
vt 0.4711260199546814 0.6437237858772278 
vt 0.4950546622276306 0.6450003385543823 
vt 0.5237446427345276 0.6430274844169617 
vt 0.4971301257610321 0.6653088927268982 
vt 0.5413249135017395 0.6657730937004089 
vt 0.5447432994842529 0.6431435346603394 
vt 0.5619572401046753 0.658926248550415 
vt 0.5633001923561096 0.6438398361206055 
vt 0.5696486234664917 0.6343238353729248 
vt 0.5924785137176514 0.6423312425613403 
vt 0.5884497165679932 0.6336275339126587 
vt 0.5947981476783752 0.6337435841560364 
vt 0.49981600046157837 0.635716438293457 
vt 0.5166637301445007 0.6337435841560364 
vt 0.5254538655281067 0.6323509812355042 
vt 0.5927226543426514 0.6655409932136536 
vt 0.5429120063781738 0.6831804513931274 
vt 0.5092165470123291 0.7025606632232666 
vt 0.5832000374794006 0.6923483610153198 
vt 0.4973742961883545 0.7183433175086975 
vt 0.5633001923561096 0.7821702361106873 
vt 0.5832000374794006 0.7632542848587036 
vt 0.5784387588500977 0.7868122458457947 
vt 0.5947981476783752 0.7817060351371765 
vt 0.49249088764190674 0.672852098941803 
vt 0.5059202313423157 0.6910718083381653 
vt 0.49444425106048584 0.7088273167610168 
vt 0.5675731897354126 0.7855356931686401 
vt 0.5534113049507141 0.786696195602417 
vt 0.5321685075759888 0.7857677936553955 
vt 0.5230121612548828 0.7846072912216187 
vt 0.5410807132720947 0.7834467887878418 
vt 0.5115361213684082 0.7652270793914795 
vt 0.49847304821014404 0.7328494191169739 
vt 0.49798470735549927 0.7502567768096924 
vt 0.4971301257610321 0.7414370775222778 
vt 0.4957871735095978 0.7311087250709534 
vt 0.516175389289856 0.7840270400047302 
vt 0.5038447976112366 0.7718418836593628 
vt 0.5064085721969604 0.7788048386573792 
vt 0.49786263704299927 0.7555950284004211 
vt 0.5103152990341187 0.15666614472866058 
vt 0.5065306425094604 0.15666614472866058 
vt 0.5077515244483948 0.1483106166124344 
vt 0.4910258650779724 0.5118921399116516 
vt 0.4910258650779724 0.5205957889556885 
vt 0.49224671721458435 0.5150254368782043 
vt 0.5241109132766724 0.15005135536193848 
vt 0.5258200764656067 0.1483106166124344 
vt 0.5258200764656067 0.1549254208803177 
vt 0.4756431579589844 0.6445361375808716 
vt 0.4775965213775635 0.6393139362335205 
vt 0.4756431579589844 0.6325830817222595 
vt 0.12416044622659683 0.24915720522403717 
vt 0.12379419058561325 0.2406856268644333 
vt 0.12416044622659683 0.22861653566360474 
vt 0.3567323684692383 0.635368287563324 
vt 0.3567323684692383 0.6205139756202698 
vt 0.3500176966190338 0.6278250813484192 
vt 0.3479422628879547 0.621558427810669 
vt 0.11707951128482819 0.5507685542106628 
vt 0.10645812004804611 0.55668705701828 
vt 0.11793410778045654 0.5614450573921204 
vt 0.10560352355241776 0.5628376603126526 
vt 0.10560352355241776 0.5759511590003967 
vt 0.3701617121696472 0.6404744386672974 
vt 0.3663770854473114 0.6404744386672974 
vt 0.3679641783237457 0.6300300359725952 
vt 0.3479422628879547 0.7091754674911499 
vt 0.3407392203807831 0.6968742609024048 
vt 0.3246240019798279 0.7077828645706177 
vt 0.30484625697135925 0.6879384517669678 
vt 0.25650057196617126 0.7053458094596863 
vt 0.29910823702812195 0.677726149559021 
vt 0.27872005105018616 0.6315386295318604 
vt 0.30692169070243835 0.6602027416229248 
vt 0.2973990738391876 0.6291016340255737 
vt 0.31510138511657715 0.6300300359725952 
vt 0.31546762585639954 0.6207460761070251 
vt 0.3241356611251831 0.6213263273239136 
vt 0.3328036963939667 0.6311905384063721 
vt 0.3346349895000458 0.6287534832954407 
vt 0.34147173166275024 0.6403583884239197 
vt 0.3457447290420532 0.6498743891716003 
vt 0.33719876408576965 0.661595344543457 
vt 0.34696558117866516 0.6620595455169678 
vt 0.34501221776008606 0.742481529712677 
vt 0.27884215116500854 0.621906578540802 
vt 0.26907533407211304 0.6205139756202698 
vt 0.24807672202587128 0.6373410820960999 
vt 0.24807672202587128 0.631654679775238 
vt 0.24844297766685486 0.6251559853553772 
vt 0.24844297766685486 0.6458126902580261 
vt 0.24832089245319366 0.6512669920921326 
vt 0.24880923330783844 0.6576496958732605 
vt 0.24868714809417725 0.6640323996543884 
vt 0.24844297766685486 0.6715755462646484 
vt 0.24844297766685486 0.6784224510192871 
vt 0.2494196593761444 0.682600200176239 
vt 0.24893131852149963 0.6908397078514099 
vt 0.2500300705432892 0.698731005191803 
vt 0.2495417445898056 0.7096396088600159 
vt 0.24905340373516083 0.7198519706726074 
vt 0.24856506288051605 0.729019820690155 
vt 0.24819880723953247 0.749676525592804 
vt 0.3221823275089264 0.766155481338501 
vt 0.33487915992736816 0.7667357325553894 
vt 0.329751580953598 0.7723060846328735 
vt 0.3201068639755249 0.7743949890136719 
vt 0.2878764271736145 0.7678962349891663 
vt 0.2878764271736145 0.778108537197113 
vt 0.2774991989135742 0.7768319845199585 
vt 0.24819880723953247 0.766155481338501 
vt 0.25442513823509216 0.7786887884140015 
vt 0.24807672202587128 0.7789208889007568 
vt 0.37541136145591736 0.1074613705277443 
vt 0.37553346157073975 0.12776994705200195 
vt 0.37577763199806213 0.10049843043088913 
vt 0.39201492071151733 0.10780952125787735 
vt 0.38346898555755615 0.09550832957029343 
vt 0.39946213364601135 0.09295524656772614 
vt 0.3762659728527069 0.08030591160058975 
vt 0.406909316778183 0.061738066375255585 
vt 0.3761438727378845 0.06939730048179626 
vt 0.37577763199806213 0.05001711845397949 
vt 0.37589970231056213 0.05918499082326889 
vt 0.3760218024253845 0.09632066637277603 
vt 0.37589970231056213 0.0881972387433052 
vt 0.39787501096725464 0.12266379594802856 
vt 0.37589970231056213 0.038992464542388916 
vt 0.37589970231056213 0.02947644516825676 
vt 0.3945787250995636 0.006150596775114536 
vt 0.41923987865448 0.006266646087169647 
vt 0.4373084604740143 0.024370290338993073 
vt 0.4370642900466919 0 
vt 0.4733235538005829 0.0004641959967557341 
vt 0.47014933824539185 0.028199907392263412 
vt 0.4912700355052948 0.007543184794485569 
vt 0.4970080256462097 0.02564682811498642 
vt 0.4968859553337097 0.0965527668595314 
vt 0.4736897945404053 0.09690091758966446 
vt 0.4910258650779724 0.1148885115981102 
vt 0.49676385521888733 0.12359218299388885 
vt 0.4946884214878082 0.14610569179058075 
vt 0.4970080256462097 0.14680197834968567 
vt 0.4968859553337097 0.15538960695266724 
vt 0.48589828610420227 0.15504147112369537 
vt 0.4736897945404053 0.15086370706558228 
vt 0.43572136759757996 0.09504412859678268 
vt 0.3861548602581024 0.002088882029056549 
vt 0.3760218024253845 0.00023209799837786704 
vt 0.3760218024253845 0.012997487559914589 
vt 0.37589970231056213 0.020192526280879974 
vt 0.4189957082271576 0.15097974240779877 
vt 0.37541136145591736 0.1332242488861084 
vt 0.37553346157073975 0.15388096868991852 
vt 0.4371863901615143 0.1331081986427307 
vt 0.45574331283569336 0.15121184289455414 
vt 0.4371863901615143 0.15620195865631104 
vt 0.11353904753923416 0.4747564494609833 
vt 0.12306167930364609 0.4702305495738983 
vt 0.09327293932437897 0.4680256247520447 
vt 0.11231820285320282 0.45085036754608154 
vt 0.08472698926925659 0.4470207393169403 
vt 0.04443893954157829 0.4711589515209198 
vt 0.12318376451730728 0.4556083679199219 
vt 0.11817827820777893 0.44342324137687683 
vt 0.12355002015829086 0.449573814868927 
vt 0.120742067694664 0.4430750906467438 
vt 0.12391627579927444 0.4452800154685974 
vt 0.1228175088763237 0.4255516827106476 
vt 0.11549241095781326 0.43402326107025146 
vt 0.1148819848895073 0.4412182867527008 
vt 0.11109735071659088 0.4356479346752167 
vt 0.11109735071659088 0.4420306384563446 
vt 0.10792314261198044 0.43413931131362915 
vt 0.10218514502048492 0.4347195625305176 
vt 0.10963232815265656 0.4277566075325012 
vt 0.10755688697099686 0.42404305934906006 
vt 0.10780105739831924 0.4094208776950836 
vt 0.1026734858751297 0.42497143149375916 
vt 0.10365016758441925 0.4281047582626343 
vt 0.09949927777051926 0.42589983344078064 
vt 0.08436073362827301 0.4235788583755493 
vt 0.0743497684597969 0.4329788088798523 
vt 0.020876534283161163 0.4346035122871399 
vt 0.0032962949480861425 0.45491206645965576 
vt 0.01086556538939476 0.47406017780303955 
vt 0.0004883399815298617 0.4712750017642975 
vt 0.11952121555805206 0.38992464542388916 
vt 0 0.4361121356487274 
vt 0 0.40013694763183594 
vt 0.02881206013262272 0.40930482745170593 
vt 0.07874482870101929 0.4011813998222351 
vt 0.08521533012390137 0.40768012404441833 
vt 0.09351710975170135 0.40489494800567627 
vt 0.0965692326426506 0.4161517024040222 
vt 0.0946158766746521 0.3793641924858093 
vt 0.06885594129562378 0.39015674591064453 
vt 0.050665274262428284 0.3787839412689209 
vt 0.04395059868693352 0.3686876595020294 
vt 0.050421103835105896 0.3736777901649475 
vt 0.05774620547890663 0.38261353969573975 
vt 0.0783785730600357 0.3612605333328247 
vt 0.11952121555805206 0.34095194935798645 
vt 0.0866803526878357 0.32424089312553406 
vt 0.11036483943462372 0.32168781757354736 
vt 0.11952121555805206 0.3221520185470581 
vt 0.07129763811826706 0.3361939489841461 
vt 0.04443893954157829 0.3523247539997101 
vt 0.0341838002204895 0.3605642318725586 
vt 0.023684490472078323 0.36497411131858826 
vt 0.03528256341814995 0.3511642813682556 
vt 0.037113841623067856 0.32934707403182983 
vt 0.05115361511707306 0.32493719458580017 
vt 0.0282016359269619 0.3195989429950714 
vt 0.01709190011024475 0.33015939593315125 
vt 0.013429350219666958 0.3262137472629547 
vt 0.06812343001365662 0.3187865912914276 
vt 0.0003662550006993115 0.3295791745185852 
vt 0.010743480175733566 0.3361939489841461 
vt 0.018068579956889153 0.34327295422554016 
vt 0 0.33549764752388 
vt 0.01086556538939476 0.34327295422554016 
vt 0.004883400164544582 0.3505840301513672 
vt 0.004517144989222288 0.3821493685245514 
vt 0.025271594524383545 0.34768280386924744 
vt 0.7144414186477661 0.3321322500705719 
vt 0.7145634889602661 0.32342857122421265 
vt 0.6913673281669617 0.32180386781692505 
vt 0.6966170072555542 0.3164656162261963 
vt 0.712610125541687 0.3460581302642822 
vt 0.7144414186477661 0.34466552734375 
vt 0.7140751481056213 0.358707457780838 
vt 0.7128543257713318 0.3672950863838196 
vt 0.7129763960838318 0.37692713737487793 
vt 0.7149297595024109 0.374838262796402 
vt 0.7140751481056213 0.3845863938331604 
vt 0.7119997143745422 0.3860950171947479 
vt 0.7141972780227661 0.3972357213497162 
vt 0.7119997143745422 0.40338632464408875 
vt 0.7134647369384766 0.4103492498397827 
vt 0.7117555737495422 0.4122060537338257 
vt 0.7141972780227661 0.42415910959243774 
vt 0.7132205963134766 0.43251463770866394 
vt 0.7149297595024109 0.4386652112007141 
vt 0.7133426666259766 0.4451639652252197 
vt 0.7146856188774109 0.45259109139442444 
vt 0.7021108269691467 0.46837377548217773 
vt 0.7146856188774109 0.46407994627952576 
vt 0.7071163058280945 0.47429224848747253 
vt 0.7135868072509766 0.4745243489742279 
vt 0.7149297595024109 0.47324782609939575 
vt 0.6186047196388245 0.44423556327819824 
vt 0.6735429167747498 0.467909574508667 
vt 0.6378941535949707 0.4672132730484009 
vt 0.6278831362724304 0.46419599652290344 
vt 0.6328886151313782 0.47011449933052063 
vt 0.6841643452644348 0.47417622804641724 
vt 0.6179942488670349 0.43831706047058105 
vt 0.639603316783905 0.41835665702819824 
vt 0.6634098887443542 0.3914332687854767 
vt 0.6175059080123901 0.4243911802768707 
vt 0.6178721785545349 0.40245792269706726 
vt 0.6270285844802856 0.39015674591064453 
vt 0.6135991811752319 0.3912011682987213 
vt 0.6172617673873901 0.3498877286911011 
vt 0.6206801533699036 0.34582602977752686 
vt 0.624342679977417 0.33190014958381653 
vt 0.6309352517127991 0.3270260691642761 
vt 0.6291040182113647 0.323660671710968 
vt 0.633254885673523 0.3213396668434143 
vt 0.6476609110832214 0.31669771671295166 
vt 0.6651190519332886 0.31507304310798645 
vt 0.6747637987136841 0.3580111563205719 
vt 0.6621890664100647 0.37588271498680115 
vt 0.6574277281761169 0.3620728850364685 
vt 0.6479051113128662 0.34826305508613586 
vt 0.7001574635505676 0.7701011896133423 
vt 0.6873385310173035 0.7523456811904907 
vt 0.6957623958587646 0.7792690396308899 
vt 0.68355393409729 0.7886689901351929 
vt 0.7000353932380676 0.7904097437858582 
vt 0.6493701338768005 0.7886689901351929 
vt 0.6627994775772095 0.7285556197166443 
vt 0.7001574635505676 0.7166025638580322 
vt 0.6869723200798035 0.6810916066169739 
vt 0.6150642037391663 0.679931104183197 
vt 0.6137213110923767 0.7159062623977661 
vt 0.6117679476737976 0.7697530388832092 
vt 0.6012686491012573 0.73354572057724 
vt 0.600169837474823 0.7651110291481018 
vt 0.6033440828323364 0.7803134918212891 
vt 0.6126225590705872 0.7883208394050598 
vt 0.6061519980430603 0.7863480448722839 
vt 0.6997911930084229 0.6628718972206116 
vt 0.6955182552337646 0.6553286910057068 
vt 0.6680490970611572 0.6458126902580261 
vt 0.6957623958587646 0.6366448402404785 
vt 0.6789146661758423 0.6407065391540527 
vt 0.633010745048523 0.6459287405014038 
vt 0.6060299277305603 0.6608990430831909 
vt 0.6160408854484558 0.644768238067627 
vt 0.6256856322288513 0.6394299864768982 
vt 0.9775345921516418 0.7919183969497681 
vt 0.9678899049758911 0.7974887490272522 
vt 0.9770462512969971 0.7981850504875183 
vt 0.9766799807548523 0.8030591011047363 
vt 0.9716745018959045 0.8124590516090393 
vt 0.9836388230323792 0.8189578056335449 
vt 0.9699653387069702 0.8166368007659912 
vt 0.9341944456100464 0.8194220066070557 
vt 0.9233288764953613 0.8126911520957947 
vt 0.9355373382568359 0.7973726987838745 
vt 0.9138062000274658 0.7933109402656555 
vt 0.9251601099967957 0.791570246219635 
vt 0.902086079120636 0.7918023467063904 
vt 0.9061148762702942 0.8094417452812195 
vt 0.9829063415527344 0.7922665476799011 
vt 0.8957376480102539 0.7918023467063904 
vt 0.8964701294898987 0.8018985986709595 
vt 0.8962259888648987 0.8102540969848633 
vt 0.9077019691467285 0.8527280688285828 
vt 0.8963480591773987 0.8348565101623535 
vt 0.6313015222549438 0.7707974314689636 
vt 0.633254885673523 0.7907578945159912 
vt 0.9229626059532166 0.8148961067199707 
vt 0.9362698793411255 0.8307948112487793 
vt 0.9587334990501404 0.8314911127090454 
vt 0.941885769367218 0.8410071134567261 
vt 0.9332177639007568 0.8718761205673218 
vt 0.9073356986045837 0.8889353275299072 
vt 0.9894989132881165 0.8354367613792419 
vt 0.9869351387023926 0.8230195045471191 
vt 0.9819296598434448 0.842515766620636 
vt 0.9888885021209717 0.8465774655342102 
vt 0.9804646372795105 0.8471577167510986 
vt 0.9846155047416687 0.8579502701759338 
vt 0.9666690230369568 0.8448367118835449 
vt 0.9445716738700867 0.8480861186981201 
vt 0.9512863159179688 0.8726884722709656 
vt 0.9634948372840881 0.8600391149520874 
vt 0.9744824767112732 0.8579502701759338 
vt 0.9786333441734314 0.8622440695762634 
vt 0.9829063415527344 0.86618971824646 
vt 0.9855921864509583 0.8704835772514343 
vt 0.9805867075920105 0.8739650249481201 
vt 0.9609310626983643 0.8833649754524231 
vt 0.9584893584251404 0.9108685851097107 
vt 0.937490701675415 0.9050661325454712 
vt 0.9496992230415344 0.9124932885169983 
vt 0.9274797439575195 0.9123772382736206 
vt 0.9230846762657166 0.9105204343795776 
vt 0.9122191071510315 0.9122611880302429 
vt 0.8962259888648987 0.9069229364395142 
vt 0.9865688681602478 0.8775625228881836 
vt 0.9771683216094971 0.8887032270431519 
vt 0.9894989132881165 0.8825526237487793 
vt 0.9852259755134583 0.9005402326583862 
vt 0.970331609249115 0.8978711366653442 
vt 0.9792437553405762 0.9043698310852051 
vt 0.9677677750587463 0.9121451377868652 
vt 0.9744824767112732 0.9128414392471313 
vt 0.9813192486763 0.906226634979248 
vt 0.9844934344291687 0.9134216904640198 
vt 0.12416044622659683 0.21445855498313904 
vt 0.12379419058561325 0.22861653566360474 
vt 0.12379419058561325 0.20795980095863342 
vt 0.12367210537195206 0.2720188498497009 
vt 0.12391627579927444 0.27782130241394043 
vt 0.12391627579927444 0.26366332173347473 
vt 0.5947981476783752 0.6433756351470947 
vt 0.5947981476783752 0.6323509812355042 
vt 0.5983386039733887 0.6418670415878296 
vt 0.5020135045051575 0.15016740560531616 
vt 0.4970080256462097 0.1483106166124344 
vt 0.4970080256462097 0.1564340591430664 
vt 0.11329487711191177 0.6259682774543762 
vt 0.1148819848895073 0.6187732815742493 
vt 0.12123040854930878 0.6295658349990845 
vt 0.12318376451730728 0.6168004274368286 
vt 0.12318376451730728 0.6328151822090149 
vt 0.3644237220287323 0.6205139756202698 
vt 0.35892990231513977 0.6207460761070251 
vt 0.3644237220287323 0.6317707300186157 
vt 0.3567323684692383 0.6238794326782227 
vt 0.12416044622659683 0.20795980095863342 
vt 0.12416044622659683 0.18533025681972504 
vt 0.12379419058561325 0.19589070975780487 
vt 0.6370395421981812 0.12951068580150604 
vt 0.6402137279510498 0.13380450010299683 
vt 0.6369174718856812 0.1331081986427307 
vt 0.6369174718856812 0.14285631477832794 
vt 0.639603316783905 0.14123162627220154 
vt 0.24661169946193695 0.6395460367202759 
vt 0.24319331347942352 0.6358324885368347 
vt 0.24661169946193695 0.6277090311050415 
vt 0.2413620501756668 0.6297979354858398 
vt 0.701378345489502 0.8124590516090393 
vt 0.7001574635505676 0.7957479953765869 
vt 0.7060175538063049 0.8088615536689758 
vt 0.7067500352859497 0.7948195934295654 
vt 0.7273824214935303 0.8089776039123535 
vt 0.7089475989341736 0.8235997557640076 
vt 0.7476485371589661 0.8267330527305603 
vt 0.7287253737449646 0.8456490635871887 
vt 0.7614441514015198 0.8501749634742737 
vt 0.712610125541687 0.863520622253418 
vt 0.7228652834892273 0.9141179919242859 
vt 0.7056512832641602 0.8918365836143494 
vt 0.7101684212684631 0.9141179919242859 
vt 0.7022328972816467 0.9056463837623596 
vt 0.7056512832641602 0.9112167358398438 
vt 0.7010120749473572 0.914814293384552 
vt 0.7434976696968079 0.7944714426994324 
vt 0.7024770975112915 0.8464614152908325 
vt 0.7012562155723572 0.8819723725318909 
vt 0.770112156867981 0.9098241329193115 
vt 0.7635195851325989 0.9158586859703064 
vt 0.7818323373794556 0.9162068367004395 
vt 0.7876924276351929 0.9065747857093811 
vt 0.7939187288284302 0.9131895899772644 
vt 0.7936745882034302 0.9057624340057373 
vt 0.7939187288284302 0.8945056796073914 
vt 0.7864715456962585 0.8950859308242798 
vt 0.7937966585159302 0.8855699300765991 
vt 0.7820765376091003 0.872920572757721 
vt 0.7945291996002197 0.8790711760520935 
vt 0.794284999370575 0.8701354265213013 
vt 0.794162929058075 0.8609675168991089 
vt 0.794407069683075 0.8517996668815613 
vt 0.7850065231323242 0.845184862613678 
vt 0.7937966585159302 0.8442564606666565 
vt 0.794284999370575 0.8340441584587097 
vt 0.7947733402252197 0.8252244591712952 
vt 0.7673042416572571 0.8229034543037415 
vt 0.7719434499740601 0.8003899455070496 
vt 0.7776814699172974 0.7944714426994324 
vt 0.794162929058075 0.8012022972106934 
vt 0.7937966585159302 0.805844247341156 
vt 0.7947733402252197 0.8148961067199707 
vt 0.7868378162384033 0.812575101852417 
vt 0.14760076999664307 0.157246395945549 
vt 0.12916593253612518 0.17790311574935913 
vt 0.18373791873455048 0.18103644251823425 
vt 0.14406029880046844 0.21619929373264313 
vt 0.124892957508564 0.2097005397081375 
vt 0.1289217621088028 0.22571530938148499 
vt 0.12562546133995056 0.22629554569721222 
vt 0.12428253144025803 0.2431226521730423 
vt 0.13002052903175354 0.26540407538414 
vt 0.12574754655361176 0.2707423269748688 
vt 0.13038678467273712 0.28849780559539795 
vt 0.12550337612628937 0.29418420791625977 
vt 0.13978733122348785 0.30335208773612976 
vt 0.13185180723667145 0.3079940378665924 
vt 0.14454863965511322 0.30752983689308167 
vt 0.16041968762874603 0.305324912071228 
vt 0.14833328127861023 0.28849780559539795 
vt 0.148821622133255 0.2515942454338074 
vt 0.18483668565750122 0.2531028687953949 
vt 0.12440461665391922 0.1773228794336319 
vt 0.12428253144025803 0.16873525083065033 
vt 0.12428253144025803 0.30776193737983704 
vt 0.18471460044384003 0.28919410705566406 
vt 0.2214621901512146 0.25437942147254944 
vt 0.22231678664684296 0.30834218859672546 
vt 0.1850808560848236 0.3140285909175873 
vt 0.2212180197238922 0.21770791709423065 
vt 0.22060759365558624 0.18080434203147888 
vt 0.22072967886924744 0.15933527052402496 
vt 0.23892034590244293 0.16223649680614471 
vt 0.23867617547512054 0.18045619130134583 
vt 0.2475883811712265 0.1690833866596222 
vt 0.24697795510292053 0.1806882917881012 
vt 0.2478325515985489 0.21190547943115234 
vt 0.23904243111610413 0.1989079862833023 
vt 0.24795463681221008 0.269929975271225 
vt 0.2394086867570877 0.272367000579834 
vt 0.24795463681221008 0.2861768305301666 
vt 0.24502459168434143 0.31588536500930786 
vt 0.24807672202587128 0.31611746549606323 
vt 0.23403695225715637 0.31600141525268555 
vt 0.8069818615913391 0.18869566917419434 
vt 0.7978254556655884 0.1972832977771759 
vt 0.8089352250099182 0.19832773506641388 
vt 0.8088131546974182 0.2156190425157547 
vt 0.7980696558952332 0.2331424355506897 
vt 0.7547294497489929 0.25670039653778076 
vt 0.7977033853530884 0.26934972405433655 
vt 0.7972150444984436 0.28756943345069885 
vt 0.8079585433006287 0.2873373329639435 
vt 0.8062493205070496 0.2963891327381134 
vt 0.8072260022163391 0.3090384900569916 
vt 0.7742630839347839 0.3097347915172577 
vt 0.7730422019958496 0.3112434148788452 
vt 0.7544853091239929 0.3127520680427551 
vt 0.7444743514060974 0.3021915853023529 
vt 0.7356842160224915 0.31344833970069885 
vt 0.7273824214935303 0.29917430877685547 
vt 0.7183481454849243 0.30346813797950745 
vt 0.7181039452552795 0.28664103150367737 
vt 0.7134647369384766 0.2889620065689087 
vt 0.7149297595024109 0.2829274535179138 
vt 0.7181039452552795 0.27851760387420654 
vt 0.721278190612793 0.2589053213596344 
vt 0.745451033115387 0.187419131398201 
vt 0.7172493934631348 0.2231622338294983 
vt 0.7134647369384766 0.17430560290813446 
vt 0.7314112186431885 0.17279696464538574 
vt 0.7157843708992004 0.15538960695266724 
vt 0.7249407172203064 0.15504147112369537 
vt 0.7375155091285706 0.15260443091392517 
vt 0.7781698107719421 0.1557377576828003 
vt 0.8088131546974182 0.16803894937038422 
vt 0.7178598046302795 0.2587892711162567 
vt 0.7964825630187988 0.16014762222766876 
vt 0.8086910247802734 0.1591031849384308 
vt 0.3707721531391144 0.458741694688797 
vt 0.3762659728527069 0.4496898651123047 
vt 0.37736472487449646 0.46999844908714294 
vt 0.39116033911705017 0.47092685103416443 
vt 0.3943345546722412 0.43309485912323 
vt 0.410205602645874 0.472783625125885 
vt 0.43010544776916504 0.4560725688934326 
vt 0.4204607307910919 0.4730157256126404 
vt 0.42803001403808594 0.47324782609939575 
vt 0.4371863901615143 0.47324782609939575 
vt 0.44622066617012024 0.4737120270729065 
vt 0.4854099452495575 0.4297294616699219 
vt 0.4552549719810486 0.47243547439575195 
vt 0.3704058825969696 0.43158623576164246 
vt 0.3942124545574188 0.3961912989616394 
vt 0.4666088819503784 0.3953789472579956 
vt 0.4850437045097351 0.41243815422058105 
vt 0.49236881732940674 0.3945665955543518 
vt 0.4667309522628784 0.35905560851097107 
vt 0.49200254678726196 0.35847535729408264 
vt 0.4847995340824127 0.34083589911460876 
vt 0.4545224606990814 0.33514952659606934 
vt 0.49200254678726196 0.3189026415348053 
vt 0.4727131128311157 0.3206433951854706 
vt 0.4589175283908844 0.321223646402359 
vt 0.4305937886238098 0.3245890438556671 
vt 0.3943345546722412 0.3245890438556671 
vt 0.3943345546722412 0.3604481816291809 
vt 0.3762659728527069 0.34246060252189636 
vt 0.3704058825969696 0.3603321313858032 
vt 0.40141546726226807 0.472783625125885 
vt 0.49200254678726196 0.33166804909706116 
vt 0.3768763840198517 0.31774216890335083 
vt 0.3707721531391144 0.33491742610931396 
vt 0.3708942234516144 0.3162335157394409 
vt 0.8719310760498047 0.30845823884010315 
vt 0.9015977382659912 0.3048607110977173 
vt 0.8879241943359375 0.29023855924606323 
vt 0.9018418788909912 0.3023076355457306 
vt 0.8981793522834778 0.2895422577857971 
vt 0.8896334171295166 0.2741077244281769 
vt 0.901964008808136 0.27445587515830994 
vt 0.9012314677238464 0.2372041493654251 
vt 0.8897554874420166 0.22118939459323883 
vt 0.8893892168998718 0.18521420657634735 
vt 0.8892671465873718 0.16792289912700653 
vt 0.901964008808136 0.16711056232452393 
vt 0.9017198085784912 0.15550565719604492 
vt 0.8832849860191345 0.15353283286094666 
vt 0.8365263938903809 0.15434516966342926 
vt 0.8356718420982361 0.16699451208114624 
vt 0.8232191801071167 0.15260443091392517 
vt 0.8108885884284973 0.2554238438606262 
vt 0.8108885884284973 0.2878015339374542 
vt 0.8124756813049316 0.2388288378715515 
vt 0.8121094107627869 0.22200173139572144 
vt 0.8128419518470764 0.19438207149505615 
vt 0.8089352250099182 0.17082412540912628 
vt 0.8161382079124451 0.15713034570217133 
vt 0.8108885884284973 0.157246395945549 
vt 0.8547170758247375 0.29673728346824646 
vt 0.818701982498169 0.2966212332248688 
vt 0.17397113144397736 0.9019328355789185 
vt 0.15626880526542664 0.8975229859352112 
vt 0.17433738708496094 0.8789551258087158 
vt 0.13856647908687592 0.8798835277557373 
vt 0.17006440460681915 0.842979907989502 
vt 0.13612477481365204 0.8439083099365234 
vt 0.13722354173660278 0.8068886995315552 
vt 0.12464878708124161 0.826036810874939 
vt 0.12428253144025803 0.808049201965332 
vt 0.12721256911754608 0.7986491918563843 
vt 0.12745673954486847 0.7818220853805542 
vt 0.1570013165473938 0.7900615930557251 
vt 0.1449148952960968 0.7810097932815552 
vt 0.15578046441078186 0.779965341091156 
vt 0.19167344272136688 0.7877405881881714 
vt 0.19167344272136688 0.7791529893875122 
vt 0.1267242282629013 0.8999599814414978 
vt 0.1270904839038849 0.8923007845878601 
vt 0.12635797262191772 0.879999577999115 
vt 0.12428253144025803 0.8617798686027527 
vt 0.20961993932724 0.8052639961242676 
vt 0.20998619496822357 0.7871603965759277 
vt 0.2235376387834549 0.786696195602417 
vt 0.22243887186050415 0.7779924869537354 
vt 0.21023036539554596 0.7785727381706238 
vt 0.20082981884479523 0.7791529893875122 
vt 0.21841005980968475 0.8418194651603699 
vt 0.20974202454090118 0.8784909248352051 
vt 0.20986410975456238 0.9017007350921631 
vt 0.22182844579219818 0.8963624835014343 
vt 0.12367210537195206 0.25345101952552795 
vt 0.12416044622659683 0.24915720522403717 
vt 0.12416044622659683 0.25774481892585754 
vt 0.12220708280801773 0.5030724406242371 
vt 0.10560352355241776 0.4747564494609833 
vt 0.10560352355241776 0.5129365921020508 
vt 0.4910258650779724 0.5205957889556885 
vt 0.49236881732940674 0.5241933465003967 
vt 0.4910258650779724 0.5280229449272156 
vt 0.0003662550006993115 0.2348831743001938 
vt 0.026004105806350708 0.23186589777469635 
vt 0 0.1989079862833023 
vt 0.024905340746045113 0.19670306146144867 
vt 0.00549382483586669 0.18103644251823425 
vt 0.039799708873033524 0.16525377333164215 
vt 0.00744718499481678 0.25101399421691895 
vt 0.033329203724861145 0.2811867296695709 
vt 0.04504936560988426 0.2749200761318207 
vt 0.042607665061950684 0.3136804401874542 
vt 0.05701369419693947 0.26180654764175415 
vt 0.06079832836985588 0.29441630840301514 
vt 0.06275168806314468 0.25681644678115845 
vt 0.07825648784637451 0.3140285909175873 
vt 0.06018790602684021 0.31855449080467224 
vt 0.00720301503315568 0.2882657051086426 
vt 0.021609045565128326 0.2989422380924225 
vt 0.024294914677739143 0.31437674164772034 
vt 0.012086414732038975 0.31843847036361694 
vt 0.004517144989222288 0.3187865912914276 
vt 0.006958845071494579 0.3069496154785156 
vt 0.002075444906949997 0.3162335157394409 
vt 0.0012208500411361456 0.30335208773612976 
vt 0.09632506221532822 0.3140285909175873 
vt 0.11402738839387894 0.2948805093765259 
vt 0.1228175088763237 0.31251996755599976 
vt 0.10572560876607895 0.31855449080467224 
vt 0.12257333844900131 0.3187865912914276 
vt 0.1147598996758461 0.23906093835830688 
vt 0.07203014940023422 0.24915720522403717 
vt 0.06824551522731781 0.2372041493654251 
vt 0.08216320723295212 0.23337453603744507 
vt 0.09437170624732971 0.16328094899654388 
vt 0.07630312442779541 0.16223649680614471 
vt 0.0623854361474514 0.16003157198429108 
vt 0.11561449617147446 0.2188684195280075 
vt 0.12355002015829086 0.19264133274555206 
vt 0.12367210537195206 0.21016474068164825 
vt 0.11720159649848938 0.16212044656276703 
vt 0.11146360635757446 0.16165626049041748 
vt 0.0985225960612297 0.16119205951690674 
vt 0.0905870720744133 0.1614241600036621 
vt 0.029666654765605927 0.16339699923992157 
vt 0.019411515444517136 0.1647895872592926 
vt 0.013551435433328152 0.1672266125679016 
vt 0.0008545949822291732 0.16943153738975525 
vt 0.5869846940040588 0.9109846353530884 
vt 0.5874730348587036 0.8982192873954773 
vt 0.5686719417572021 0.9101722836494446 
vt 0.5851534008979797 0.8744292259216309 
vt 0.5380285978317261 0.8802316784858704 
vt 0.584787130355835 0.8624761700630188 
vt 0.5324127078056335 0.8686267733573914 
vt 0.5853976011276245 0.8492465615272522 
vt 0.5879613757133484 0.8718761205673218 
vt 0.5877171754837036 0.8820884227752686 
vt 0.5875951051712036 0.8923007845878601 
vt 0.5220354795455933 0.9079673886299133 
vt 0.5265526175498962 0.8779106736183167 
vt 0.522523820400238 0.8950859308242798 
vt 0.5111699104309082 0.8996118307113647 
vt 0.5086061358451843 0.9087797403335571 
vt 0.5006706118583679 0.899147629737854 
vt 0.4928571581840515 0.903209388256073 
vt 0.4946884214878082 0.8905600309371948 
vt 0.5108036398887634 0.8907921314239502 
vt 0.5173962116241455 0.8925328850746155 
vt 0.516175389289856 0.8820884227752686 
vt 0.49615344405174255 0.9109846353530884 
vt 0.4929792284965515 0.8746613264083862 
vt 0.5126349329948425 0.8757057785987854 
vt 0.5214250087738037 0.8774464726448059 
vt 0.5216692090034485 0.8657255172729492 
vt 0.5285059809684753 0.8739650249481201 
vt 0.5484058260917664 0.8456490635871887 
vt 0.5829558968544006 0.8333478569984436 
vt 0.5888159275054932 0.8354367613792419 
vt 0.5871067643165588 0.8210466504096985 
vt 0.5900368094444275 0.8173331022262573 
vt 0.5364415049552917 0.8336960077285767 
vt 0.5115361213684082 0.8623601198196411 
vt 0.5128790736198425 0.8124590516090393 
vt 0.5017693638801575 0.8502910137176514 
vt 0.5023797750473022 0.815244197845459 
vt 0.49249088764190674 0.8126911520957947 
vt 0.4956651031970978 0.8010862469673157 
vt 0.5046994090080261 0.8038713932037354 
vt 0.5294826626777649 0.7885529398918152 
vt 0.5199599862098694 0.7883208394050598 
vt 0.49603134393692017 0.78704434633255 
vt 0.49383383989334106 0.7899455428123474 
vt 0.5357089638710022 0.7904097437858582 
vt 0.5339998006820679 0.7978368997573853 
vt 0.5453537106513977 0.7956319451332092 
vt 0.5681836009025574 0.8001578450202942 
vt 0.5532892346382141 0.7891331911087036 
vt 0.5611026883125305 0.7868122458457947 
vt 0.5828337669372559 0.7889010906219482 
vt 0.590891420841217 0.8002738952636719 
vt 0.591013491153717 0.7945874929428101 
vt 0.5896705389022827 0.7891331911087036 
vt 0.5487720966339111 0.7889010906219482 
vt 0.5891821980476379 0.8131553530693054 
vt 0.5173962116241455 0.8157083988189697 
vt 0.6137213110923767 0.3078779876232147 
vt 0.6234880685806274 0.2908187806606293 
vt 0.6143317222595215 0.29012250900268555 
vt 0.6228776574134827 0.2544954717159271 
vt 0.6359407901763916 0.2903546094894409 
vt 0.6547418832778931 0.2721349000930786 
vt 0.6469284296035767 0.3063693642616272 
vt 0.668293297290802 0.2714385986328125 
vt 0.6826993227005005 0.30578911304473877 
vt 0.6184825897216797 0.31426069140434265 
vt 0.6360628604888916 0.3136804401874542 
vt 0.7050408720970154 0.2612262964248657 
vt 0.7043083906173706 0.2030857503414154 
vt 0.6674386858940125 0.24126587808132172 
vt 0.6609681844711304 0.233026385307312 
vt 0.7039421200752258 0.2923274338245392 
vt 0.7012562155723572 0.30602121353149414 
vt 0.6919777989387512 0.31426069140434265 
vt 0.6822109818458557 0.3140285909175873 
vt 0.7134647369384766 0.3037002384662628 
vt 0.7106567621231079 0.18660679459571838 
vt 0.6956403255462646 0.18115249276161194 
vt 0.6769613027572632 0.19960427284240723 
vt 0.6648749113082886 0.20366600155830383 
vt 0.648393452167511 0.21109312772750854 
vt 0.7094359397888184 0.15678219497203827 
vt 0.6908789873123169 0.15921923518180847 
vt 0.6673166155815125 0.16664636135101318 
vt 0.6855072975158691 0.15782664716243744 
vt 0.6759846210479736 0.157246395945549 
vt 0.6697583198547363 0.15596985816955566 
vt 0.6568173170089722 0.15422911942005157 
vt 0.6519339084625244 0.15341678261756897 
vt 0.6447308659553528 0.15260443091392517 
vt 0.62885981798172 0.17581424117088318 
vt 0.624220609664917 0.21538694202899933 
vt 0.615552544593811 0.2056388258934021 
vt 0.6150642037391663 0.21411040425300598 
vt 0.6150642037391663 0.23430293798446655 
vt 0.615308403968811 0.1881154328584671 
vt 0.6167734265327454 0.18254508078098297 
vt 0.6159188151359558 0.15585380792617798 
vt 0.6228776574134827 0.1539970189332962 
vt 0.6142096519470215 0.1573624461889267 
vt 0.4950546622276306 0.44179853796958923 
vt 0.49249088764190674 0.42427513003349304 
vt 0.5122686624526978 0.4235788583755493 
vt 0.4926129877567291 0.38737156987190247 
vt 0.5145882964134216 0.38597896695137024 
vt 0.4976184666156769 0.3627691864967346 
vt 0.5171520709991455 0.3553420305252075 
vt 0.5184950232505798 0.34164825081825256 
vt 0.4976184666156769 0.33271247148513794 
vt 0.5126349329948425 0.33340877294540405 
vt 0.4929792284965515 0.3238927721977234 
vt 0.50738525390625 0.32006314396858215 
vt 0.4972521960735321 0.3162335157394409 
vt 0.49249088764190674 0.33329272270202637 
vt 0.5496266484260559 0.32261621952056885 
vt 0.5618351697921753 0.33921122550964355 
vt 0.5674510598182678 0.3172779679298401 
vt 0.5957748293876648 0.32191991806030273 
vt 0.584542989730835 0.3570827841758728 
vt 0.6026115417480469 0.3389791250228882 
vt 0.6135991811752319 0.35685068368911743 
vt 0.6133550405502319 0.3404877781867981 
vt 0.6134771108627319 0.32749027013778687 
vt 0.6128666996955872 0.31774216890335083 
vt 0.604442834854126 0.37437406182289124 
vt 0.6127446293830872 0.3847024440765381 
vt 0.6024894714355469 0.393522173166275 
vt 0.6125004291534424 0.41986528038978577 
vt 0.6070066094398499 0.4188208281993866 
vt 0.6122562885284424 0.44005781412124634 
vt 0.600169837474823 0.4286850094795227 
vt 0.5994373559951782 0.4414503872394562 
vt 0.6121342182159424 0.4487614929676056 
vt 0.5967514514923096 0.463615745306015 
vt 0.6105470657348633 0.4694181978702545 
vt 0.5968735814094543 0.4722033739089966 
vt 0.5679394006729126 0.472783625125885 
vt 0.5740436911582947 0.4321664869785309 
vt 0.5499929189682007 0.45990219712257385 
vt 0.5842987895011902 0.4327467083930969 
vt 0.5944318771362305 0.4319343864917755 
vt 0.5980944037437439 0.4211418330669403 
vt 0.5899147391319275 0.42265045642852783 
vt 0.5853976011276245 0.4187047779560089 
vt 0.5916239023208618 0.41673195362091064 
vt 0.5874730348587036 0.41232210397720337 
vt 0.5830779671669006 0.393754243850708 
vt 0.5842987895011902 0.37507036328315735 
vt 0.5549983978271484 0.3744901120662689 
vt 0.5717240571975708 0.41336652636528015 
vt 0.5398598909378052 0.42323070764541626 
vt 0.5636664628982544 0.37901604175567627 
vt 0.560248076915741 0.3894604444503784 
vt 0.5725786685943604 0.4044307768344879 
vt 0.5542659163475037 0.4036184251308441 
vt 0.5444990992546082 0.3795962929725647 
vt 0.5431561470031738 0.3713567852973938 
vt 0.5408365726470947 0.35499387979507446 
vt 0.5387610793113708 0.3669469356536865 
vt 0.5134894847869873 0.4610626697540283 
vt 0.531802237033844 0.46907004714012146 
vt 0.5148324370384216 0.4745243489742279 
vt 0.5022577047348022 0.47406017780303955 
vt 0.4954209327697754 0.46663302183151245 
vt 0.49249088764190674 0.47429224848747253 
vt 0.3704058825969696 0.5621413588523865 
vt 0.3760218024253845 0.5807092189788818 
vt 0.3940903842449188 0.5621413588523865 
vt 0.37565553188323975 0.5995091199874878 
vt 0.3942124545574188 0.5252377986907959 
vt 0.37187090516090393 0.5230328440666199 
vt 0.3771205544471741 0.505393385887146 
vt 0.4131356477737427 0.47997865080833435 
vt 0.3947007954120636 0.4777737259864807 
vt 0.37358009815216064 0.48322802782058716 
vt 0.3805389404296875 0.4754527509212494 
vt 0.3724813461303711 0.4738280773162842 
vt 0.3940903842449188 0.4737120270729065 
vt 0.41142645478248596 0.4760330021381378 
vt 0.4253441393375397 0.4760330021381378 
vt 0.4351109266281128 0.4820675551891327 
vt 0.42339077591896057 0.5787363648414612 
vt 0.38359105587005615 0.6281732320785522 
vt 0.37760889530181885 0.6322349309921265 
vt 0.3719930052757263 0.6221386790275574 
vt 0.370650053024292 0.6317707300186157 
vt 0.4265649914741516 0.6278250813484192 
vt 0.44426730275154114 0.6098374724388123 
vt 0.44426730275154114 0.6325830817222595 
vt 0.46233588457107544 0.6279411315917969 
vt 0.48016029596328735 0.6099535226821899 
vt 0.4872412383556366 0.6325830817222595 
vt 0.4891946017742157 0.6191214323043823 
vt 0.4910258650779724 0.6296818852424622 
vt 0.49078169465065 0.610301673412323 
vt 0.49065962433815 0.5919659733772278 
vt 0.4815032482147217 0.5716573596000671 
vt 0.48028239607810974 0.5547142028808594 
vt 0.4893166720867157 0.5132847428321838 
vt 0.4565978944301605 0.4827638268470764 
vt 0.48040446639060974 0.4827638268470764 
vt 0.49065962433815 0.5110797882080078 
vt 0.49053752422332764 0.49483293294906616 
vt 0.4895608425140381 0.4810231029987335 
vt 0.4868749678134918 0.4770774245262146 
vt 0.4729572832584381 0.47649720311164856 
vt 0.4628242254257202 0.4771934747695923 
vt 0.4448777437210083 0.4792823791503906 
vt 0.43755263090133667 0.47730952501296997 
vt 0.4324250817298889 0.4784700274467468 
vt 0.49065962433815 0.5551784038543701 
vt 0.4890725016593933 0.5458945035934448 
vt 0.3063112795352936 0.0009283919935114682 
vt 0.3061891794204712 0.020424624904990196 
vt 0.27908632159233093 0.00464195990934968 
vt 0.26895326375961304 0.021933261305093765 
vt 0.25234970450401306 0.00464195990934968 
vt 0.25259387493133545 0.021120918914675713 
vt 0.25283804535865784 0.038180120289325714 
vt 0.25088468194007874 0.07334297150373459 
vt 0.2597968876361847 0.08471576869487762 
vt 0.25100675225257874 0.08529601246118546 
vt 0.26284900307655334 0.09562437236309052 
vt 0.25064051151275635 0.09666881710290909 
vt 0.2552797496318817 0.10792557150125504 
vt 0.2516171932220459 0.10363175719976425 
vt 0.2533263862133026 0.12092305719852448 
vt 0.26272693276405334 0.11523665487766266 
vt 0.26272693276405334 0.13101932406425476 
vt 0.2740808129310608 0.12219959497451782 
vt 0.28042924404144287 0.12962673604488373 
vt 0.2795746624469757 0.13949090242385864 
vt 0.25271594524383545 0.15132789313793182 
vt 0.2739587426185608 0.15132789313793182 
vt 0.2919052243232727 0.14181187748908997 
vt 0.30313706398010254 0.15388096868991852 
vt 0.2774991989135742 0.11593294888734818 
vt 0.29251566529273987 0.12196750193834305 
vt 0.26223859190940857 0.10688112676143646 
vt 0.2875101864337921 0.10583668947219849 
vt 0.28897520899772644 0.11210333555936813 
vt 0.2919052243232727 0.07554789632558823 
vt 0.3080204427242279 0.056980058550834656 
vt 0.31265968084335327 0.10212311893701553 
vt 0.30679959058761597 0.14587359130382538 
vt 0.29874199628829956 0.14424890279769897 
vt 0.30313706398010254 0.14889086782932281 
vt 0.30863088369369507 0.15330073237419128 
vt 0.32523444294929504 0.14471310377120972 
vt 0.3179093301296234 0.1531846821308136 
vt 0.32682153582572937 0.14947111904621124 
vt 0.338663786649704 0.14749827980995178 
vt 0.3340245485305786 0.1523723304271698 
vt 0.34501221776008606 0.15422911942005157 
vt 0.3445238769054413 0.1472661793231964 
vt 0.3669874966144562 0.15504147112369537 
vt 0.3723592460155487 0.14877481758594513 
vt 0.34513428807258606 0.12637735903263092 
vt 0.37541136145591736 0.12672550976276398 
vt 0.37541136145591736 0.12011071294546127 
vt 0.3688187897205353 0.10618483275175095 
vt 0.3746788501739502 0.10444410145282745 
vt 0.37187090516090393 0.09771325439214706 
vt 0.3561219573020935 0.09005402028560638 
vt 0.32364732027053833 0.12475267797708511 
vt 0.3505060374736786 0.04792823642492294 
vt 0.3423263430595398 0.021353015676140785 
vt 0.36991754174232483 0.00464195990934968 
vt 0.3603949248790741 0.0032493718899786472 
vt 0.36906296014785767 0.0006962940096855164 
vt 0.3423263430595398 0 
vt 0.37541136145591736 0.00382961705327034 
vt 0.3744347095489502 0.00939996913075447 
vt 0.3689408600330353 0.05303439125418663 
vt 0.35722070932388306 0.07543185353279114 
vt 0.3689408600330353 0.08135034888982773 
vt 0.6017569899559021 0.5901091694831848 
vt 0.6148200631141663 0.603106677532196 
vt 0.6061519980430603 0.6195856332778931 
vt 0.6324002742767334 0.6213263273239136 
vt 0.6813563704490662 0.6291016340255737 
vt 0.615430474281311 0.5658549070358276 
vt 0.687949001789093 0.5272105932235718 
vt 0.6160408854484558 0.5289513468742371 
vt 0.615430474281311 0.48415642976760864 
vt 0.6110354065895081 0.5113118886947632 
vt 0.604442834854126 0.4862453043460846 
vt 0.6067624688148499 0.47905027866363525 
vt 0.6037103533744812 0.4785860776901245 
vt 0.615552544593811 0.47905027866363525 
vt 0.6369174718856812 0.4785860776901245 
vt 0.6336211562156677 0.49065518379211426 
vt 0.6787925958633423 0.4745243489742279 
vt 0.6842864155769348 0.507250189781189 
vt 0.6958845257759094 0.4920477569103241 
vt 0.7001574635505676 0.5094550848007202 
vt 0.7004016637802124 0.4871737062931061 
vt 0.7005237340927124 0.4777737259864807 
vt 0.688071072101593 0.5663191080093384 
vt 0.687949001789093 0.603106677532196 
vt 0.7007678747177124 0.584770917892456 
vt 0.7005237340927124 0.6034548282623291 
vt 0.696861207485199 0.6180769801139832 
vt 0.7006458044052124 0.6260843276977539 
vt 0.7005237340927124 0.635716438293457 
vt 0.6846526861190796 0.6365287899971008 
vt 0.6504688858985901 0.6362966895103455 
vt 0.6376499533653259 0.6366448402404785 
vt 0.6133550405502319 0.6366448402404785 
vt 0.600169837474823 0.628985583782196 
vt 0.6007803082466125 0.6366448402404785 
vt 0.46172547340393066 0.4726675748825073 
vt 0.4707597494125366 0.4710429012775421 
vt 0.49004918336868286 0.4545639455318451 
vt 0.49249088764190674 0.43924546241760254 
vt 0.49224671721458435 0.46001824736595154 
vt 0.4893166720867157 0.4689539968967438 
vt 0.48199158906936646 0.4687218964099884 
vt 0.11048692464828491 0.6291016340255737 
vt 0.11195194721221924 0.6468571424484253 
vt 0.11195194721221924 0.6228349804878235 
vt 0.8124756813049316 0.3153051435947418 
vt 0.8251725435256958 0.3157693147659302 
vt 0.8201670050621033 0.3421124517917633 
vt 0.8261491656303406 0.36938396096229553 
vt 0.8860929012298584 0.43263065814971924 
vt 0.8255387544631958 0.405359148979187 
vt 0.8970806002616882 0.33166804909706116 
vt 0.8813316226005554 0.31507304310798645 
vt 0.8984234929084778 0.3156532943248749 
vt 0.9080682396888733 0.3157693147659302 
vt 0.9109982848167419 0.33352482318878174 
vt 0.9108762145042419 0.35174453258514404 
vt 0.897935152053833 0.3697321116924286 
vt 0.897935152053833 0.40582334995269775 
vt 0.9035511016845703 0.4321664869785309 
vt 0.9103878736495972 0.42404305934906006 
vt 0.8986676931381226 0.4363442361354828 
vt 0.8444619178771973 0.4370405375957489 
vt 0.8365263938903809 0.4320504367351532 
vt 0.8182136416435242 0.43843311071395874 
vt 0.8162603378295898 0.4320504367351532 
vt 0.8125977516174316 0.4329788088798523 
vt 0.8124756813049316 0.42334675788879395 
vt 0.6082274913787842 0.31170761585235596 
vt 0.6084716320037842 0.3037002384662628 
vt 0.599925696849823 0.30776193737983704 
vt 0.5985827445983887 0.27909785509109497 
vt 0.5818570852279663 0.2897743582725525 
vt 0.5819792151451111 0.3122878670692444 
vt 0.5457199215888977 0.29000645875930786 
vt 0.5458420515060425 0.31240391731262207 
vt 0.5277734398841858 0.3082261383533478 
vt 0.6135991811752319 0.28269535303115845 
vt 0.6072508096694946 0.2605299949645996 
vt 0.5790491700172424 0.2498534917831421 
vt 0.6100587248802185 0.21701163053512573 
vt 0.5812466740608215 0.1815006285905838 
vt 0.6137213110923767 0.17604632675647736 
vt 0.5993152856826782 0.16339699923992157 
vt 0.6132329702377319 0.16328094899654388 
vt 0.6079832911491394 0.1573624461889267 
vt 0.5810025334358215 0.16049577295780182 
vt 0.5451095104217529 0.18173272907733917 
vt 0.5449874401092529 0.1591031849384308 
vt 0.5155649781227112 0.1647895872592926 
vt 0.5093386173248291 0.1813845932483673 
vt 0.4916363060474396 0.16281674802303314 
vt 0.5034785270690918 0.15713034570217133 
vt 0.5092165470123291 0.2544954717159271 
vt 0.4916363060474396 0.27248305082321167 
vt 0.5094606876373291 0.3090384900569916 
vt 0.4917583763599396 0.3082261383533478 
vt 0.49188047647476196 0.31426069140434265 
vt 0.6114016771316528 0.8646811246871948 
vt 0.6121342182159424 0.8110664486885071 
vt 0.5993152856826782 0.8468095660209656 
vt 0.5990710854530334 0.8045676946640015 
vt 0.6004140377044678 0.7943553924560547 
vt 0.6129887700080872 0.7923825979232788 
vt 0.6372836828231812 0.8045676946640015 
vt 0.6267843842506409 0.8808119297027588 
vt 0.6016348600387573 0.8929970264434814 
vt 0.6071286797523499 0.9100562334060669 
vt 0.6239764094352722 0.9088957905769348 
vt 0.633376955986023 0.8998439311981201 
vt 0.6697583198547363 0.9004241824150085 
vt 0.6280052661895752 0.9106364846229553 
vt 0.6652411818504333 0.910752534866333 
vt 0.6787925958633423 0.9086636900901794 
vt 0.6956403255462646 0.8948538303375244 
vt 0.6958845257759094 0.9109846353530884 
vt 0.7000353932380676 0.9072710871696472 
vt 0.6994249820709229 0.9111006855964661 
vt 0.7001574635505676 0.8824365735054016 
vt 0.6877048015594482 0.8643329739570618 
vt 0.6877048015594482 0.810370147228241 
vt 0.6502246856689453 0.7926146984100342 
vt 0.6842864155769348 0.7922665476799011 
vt 0.7001574635505676 0.7976047992706299 
vt 0.7001574635505676 0.7907578945159912 
vt 0.7001574635505676 0.8465774655342102 
vt 0.7001574635505676 0.8037554025650024 
vt 0.12416044622659683 0.18533025681972504 
vt 0.12367210537195206 0.17778706550598145 
vt 0.12416044622659683 0.16003157198429108 
vt 0.4732014536857605 0.6325830817222595 
vt 0.4732014536857605 0.6427953839302063 
vt 0.4756431579589844 0.6364127397537231 
vt 0.5217912793159485 0.15446121990680695 
vt 0.5193495750427246 0.15248838067054749 
vt 0.5217912793159485 0.1483106166124344 
vt 0.24490250647068024 0.5448500514030457 
vt 0.24490250647068024 0.5725857615470886 
vt 0.2474662959575653 0.5529735088348389 
vt 0.11561449617147446 0.5129365921020508 
vt 0.11561449617147446 0.5507685542106628 
vt 0.10560352355241776 0.5157217383384705 
vt 0.2478325515985489 0.3578951060771942 
vt 0.2478325515985489 0.33340877294540405 
vt 0.24722212553024292 0.3346853256225586 
vt 0.5274072289466858 0.15179209411144257 
vt 0.5258200764656067 0.1556217074394226 
vt 0.5258200764656067 0.1483106166124344 
vt 0.12220708280801773 0.4747564494609833 
vt 0.12220708280801773 0.509919285774231 
vt 0.12355002015829086 0.4760330021381378 
vt 0.24807672202587128 0.3686876595020294 
vt 0.24722212553024292 0.36358150839805603 
vt 0.24807672202587128 0.3578951060771942 
vt 0.06372836977243423 0.796444296836853 
vt 0.02173113077878952 0.7992294430732727 
vt 0.051641955971717834 0.8128072023391724 
vt 0.047613151371479034 0.8370614647865295 
vt 0.0665363222360611 0.8061923980712891 
vt 0.08509324491024017 0.796444296836853 
vt 0.07312891632318497 0.8151281476020813 
vt 0.08020984381437302 0.8114145994186401 
vt 0.09180791676044464 0.8158244490623474 
vt 0.0947379618883133 0.8032912015914917 
vt 0.09681340306997299 0.7934269905090332 
vt 0.09376128017902374 0.7924986481666565 
vt 0.0625075176358223 0.8235997557640076 
vt 0.06873385608196259 0.8307948112487793 
vt 0.08997664600610733 0.8327676057815552 
vt 0.07740189135074615 0.8524959683418274 
vt 0.09547047317028046 0.8507552146911621 
vt 0.092662513256073 0.8688588738441467 
vt 0.06885594129562378 0.8744292259216309 
vt 0.08558158576488495 0.8811600804328918 
vt 0.09400545060634613 0.8977550864219666 
vt 0.08838953822851181 0.9090118408203125 
vt 0.09424962103366852 0.9114488363265991 
vt 0.092662513256073 0.9124932885169983 
vt 0.07581478357315063 0.912957489490509 
vt 0.07532644271850586 0.887542724609375 
vt 0.0643387958407402 0.8796514272689819 
vt 0.05860079824924469 0.8743131756782532 
vt 0.050665274262428284 0.8846415281295776 
vt 0.051031529903411865 0.8989155292510986 
vt 0.05933330953121185 0.9022809863090515 
vt 0.052008211612701416 0.9019328355789185 
vt 0.049200255423784256 0.9112167358398438 
vt 0.04321809113025665 0.9020488858222961 
vt 0.0362592451274395 0.9135377407073975 
vt 0.020388195291161537 0.9111006855964661 
vt 0.022585725411772728 0.9135377407073975 
vt 0.06421671062707901 0.9130735397338867 
vt 0.03540464863181114 0.8764020204544067 
vt 0.0523744635283947 0.8690909743309021 
vt 0.06214126572012901 0.8623601198196411 
vt 0.057868290692567825 0.845184862613678 
vt 0.05713577941060066 0.8310269117355347 
vt 0.0543278232216835 0.8362491130828857 
vt 0 0.7962121963500977 
vt 0.004028805065900087 0.8176812529563904 
vt 0.022707810625433922 0.8447206616401672 
vt 0.004028805065900087 0.8350886106491089 
vt 0.022585725411772728 0.8523799180984497 
vt 0.036137159913778305 0.850407063961029 
vt 0.0483456589281559 0.843328058719635 
vt 0.04529353603720665 0.8493626117706299 
vt 0.050421103835105896 0.8533083200454712 
vt 0.04871191456913948 0.8603872656822205 
vt 0.032108355313539505 0.85713791847229 
vt 0.014650199562311172 0.8540045619010925 
vt 0.0034183799289166927 0.8490144610404968 
vt 0.0039067198522388935 0.8559774160385132 
vt 0 0.8587626218795776 
vt 0.0025637850631028414 0.9105204343795776 
vt 0.005982165224850178 0.8965945839881897 
vt 0.0056159100495278835 0.8864983320236206 
vt 0.01269683986902237 0.8668860197067261 
vt 0.0028079550247639418 0.8685107231140137 
vt 0.0025637850631028414 0.8611996173858643 
vt 0.2474662959575653 0.5431092977523804 
vt 0.2435595691204071 0.5265142917633057 
vt 0.2435595691204071 0.5448500514030457 
vt 0.7903782725334167 0.7531580328941345 
vt 0.7917212247848511 0.7695209383964539 
vt 0.7819544076919556 0.7255383729934692 
vt 0.7450847625732422 0.7510691285133362 
vt 0.789889931678772 0.6901434063911438 
vt 0.7669379711151123 0.7931948900222778 
vt 0.776460587978363 0.7930788397789001 
vt 0.7724317908287048 0.7872763872146606 
vt 0.7933083176612854 0.7921504974365234 
vt 0.7977033853530884 0.7822862863540649 
vt 0.7351958751678467 0.7871603965759277 
vt 0.7206677794456482 0.7285556197166443 
vt 0.794040858745575 0.6697188019752502 
vt 0.7758501768112183 0.6373410820960999 
vt 0.7978254556655884 0.6610150933265686 
vt 0.7925758361816406 0.6390818357467651 
vt 0.794040858745575 0.6403583884239197 
vt 0.7642521262168884 0.6368769407272339 
vt 0.7476485371589661 0.6446521878242493 
vt 0.701500415802002 0.6707631945610046 
vt 0.7224990129470825 0.6385015845298767 
vt 0.701744556427002 0.6546323895454407 
vt 0.7005237340927124 0.6408225893974304 
vt 0.7024770975112915 0.6369929313659668 
vt 0.7203015089035034 0.6366448402404785 
vt 0.7491135597229004 0.6366448402404785 
vt 0.7361725568771362 0.6366448402404785 
vt 0.7002795338630676 0.67099529504776 
vt 0.7001574635505676 0.6730841994285583 
vt 0.7074825763702393 0.7150939106941223 
vt 0.7004016637802124 0.7056939601898193 
vt 0.7004016637802124 0.7313408255577087 
vt 0.7073605060577393 0.7519975304603577 
vt 0.721400260925293 0.7922665476799011 
vt 0.7216444611549377 0.7944714426994324 
vt 0.7046746015548706 0.7927307486534119 
vt 0.7011341452598572 0.7894813418388367 
vt 0.7073605060577393 0.77021723985672 
vt 0.7004016637802124 0.7789208889007568 
vt 0.4727131128311157 0.6450003385543823 
vt 0.4732014536857605 0.6375731825828552 
vt 0.4711260199546814 0.6368769407272339 
vt 0.4732014536857605 0.6325830817222595 
vt 0.2435595691204071 0.4921638071537018 
vt 0.24722212553024292 0.502724289894104 
vt 0.24722212553024292 0.4745243489742279 
vt 0.8878021240234375 0.787508487701416 
vt 0.8812095522880554 0.7813579440116882 
vt 0.8909763097763062 0.7818220853805542 
vt 0.8795003294944763 0.7601209282875061 
vt 0.8089352250099182 0.7837949395179749 
vt 0.8614317774772644 0.7884368896484375 
vt 0.8073481321334839 0.7907578945159912 
vt 0.80502849817276 0.7814739942550659 
vt 0.7978254556655884 0.7834467887878418 
vt 0.8073481321334839 0.7626740336418152 
vt 0.8085689544677734 0.7714937329292297 
vt 0.8162603378295898 0.752229630947113 
vt 0.8036855459213257 0.740276575088501 
vt 0.8156498670578003 0.7150939106941223 
vt 0.8023425936698914 0.6968742609024048 
vt 0.8278583884239197 0.6921162605285645 
vt 0.7989242672920227 0.6557928919792175 
vt 0.8023425936698914 0.791570246219635 
vt 0.8279804587364197 0.759772777557373 
vt 0.8406773209571838 0.7501407265663147 
vt 0.8431190252304077 0.7140495181083679 
vt 0.8858487606048584 0.7383037209510803 
vt 0.8702218532562256 0.7501407265663147 
vt 0.8646059632301331 0.7068544626235962 
vt 0.8851162791252136 0.7099877595901489 
vt 0.8776690363883972 0.6998915076255798 
vt 0.8852383494377136 0.6936248540878296 
vt 0.8758378028869629 0.691187858581543 
vt 0.8725414872169495 0.6917681097984314 
vt 0.8611875772476196 0.6873582005500793 
vt 0.8697335124015808 0.6973384618759155 
vt 0.8788899183273315 0.6864298582077026 
vt 0.8863371014595032 0.6868940591812134 
vt 0.8926855325698853 0.67099529504776 
vt 0.8498336672782898 0.6599706411361694 
vt 0.8928076028823853 0.6643805503845215 
vt 0.8854824900627136 0.642099142074585 
vt 0.8925634622573853 0.6423312425613403 
vt 0.8851162791252136 0.6366448402404785 
vt 0.8526416420936584 0.6422151923179626 
vt 0.8431190252304077 0.6381534337997437 
vt 0.8273700475692749 0.6388497352600098 
vt 0.8226087093353271 0.6591583490371704 
vt 0.8564262986183167 0.6991952061653137 
vt 0.8561820983886719 0.7124248147010803 
vt 0.8604550957679749 0.7232173681259155 
vt 0.8514208197593689 0.7398123741149902 
vt 0.8462932109832764 0.7299482226371765 
vt 0.8503220081329346 0.7218247652053833 
vt 0.8176032304763794 0.6414028406143188 
vt 0.8102781176567078 0.640590488910675 
vt 0.7978254556655884 0.6430274844169617 
vt 0.7994126081466675 0.6371089816093445 
vt 0.45623165369033813 0.6345559358596802 
vt 0.40007254481315613 0.6325830817222595 
vt 0.4688063859939575 0.6397781372070312 
vt 0.41801902651786804 0.6812076568603516 
vt 0.46184754371643066 0.6730841994285583 
vt 0.4303496181964874 0.6902594566345215 
vt 0.4506157338619232 0.6903755068778992 
vt 0.43389010429382324 0.699079155921936 
vt 0.4546445310115814 0.7081310153007507 
vt 0.43975016474723816 0.7186914682388306 
vt 0.45549914240837097 0.7199680209159851 
vt 0.4570862352848053 0.7258865237236023 
vt 0.44402313232421875 0.7307605743408203 
vt 0.46172547340393066 0.7385358214378357 
vt 0.4652659296989441 0.7558271288871765 
vt 0.4164319336414337 0.7833307385444641 
vt 0.45989418029785156 0.7884368896484375 
vt 0.43413427472114563 0.7905257940292358 
vt 0.46844014525413513 0.6561410427093506 
vt 0.463312566280365 0.7862319946289062 
vt 0.4283962547779083 0.7022125124931335 
vt 0.38932907581329346 0.6935088038444519 
vt 0.40764182806015015 0.6696027517318726 
vt 0.37333592772483826 0.6340917348861694 
vt 0.3829806447029114 0.6347880363464355 
vt 0.3704058825969696 0.6401262879371643 
vt 0.370650053024292 0.6758694052696228 
vt 0.3708942234516144 0.693856954574585 
vt 0.3704058825969696 0.7669678330421448 
vt 0.3889628052711487 0.7673159837722778 
vt 0.3708942234516144 0.7856517434120178 
vt 0.39116033911705017 0.7913381457328796 
vt 0.8195565938949585 0.12219959497451782 
vt 0.820411205291748 0.10096263140439987 
vt 0.824684202671051 0.12045886367559433 
vt 0.8266375064849854 0.10200706869363785 
vt 0.8488569855690002 0.12011071294546127 
vt 0.8570367097854614 0.11105889081954956 
vt 0.8663151860237122 0.12219959497451782 
vt 0.8759598731994629 0.11105889081954956 
vt 0.8918309211730957 0.12045886367559433 
vt 0.9095332622528076 0.11047864705324173 
vt 0.9118528366088867 0.12219959497451782 
vt 0.8211436867713928 0.07183433324098587 
vt 0.8400669097900391 0.06591583043336868 
vt 0.8240737318992615 0.06638003140687943 
vt 0.8229749798774719 0.12196750193834305 
vt 0.862774670124054 0.07485160231590271 
vt 0.8895112872123718 0.0899379774928093 
vt 0.8610655069351196 0.06359485536813736 
vt 0.8552054166793823 0.05605166777968407 
vt 0.8455607295036316 0.05605166777968407 
vt 0.833840548992157 0.052570197731256485 
vt 0.825050413608551 0.056980058550834656 
vt 0.8255387544631958 0.048160333186388016 
vt 0.8340847492218018 0.04479491338133812 
vt 0.8227308392524719 0.04084924980998039 
vt 0.820655345916748 0.029940642416477203 
vt 0.8397006392478943 0.025530779734253883 
vt 0.818457841873169 0.008007381111383438 
vt 0.8397006392478943 0.05175785347819328 
vt 0.8473919630050659 0.04943687468767166 
vt 0.8563041687011719 0.04897267743945122 
vt 0.8569146394729614 0.04154554381966591 
vt 0.844950258731842 0.03063693642616272 
vt 0.8550833463668823 0.03272581845521927 
vt 0.8617979884147644 0.043750472366809845 
vt 0.873274028301239 0.030404837802052498 
vt 0.869001030921936 0.004177764058113098 
vt 0.829445481300354 0.005222205072641373 
vt 0.8230970501899719 0.0031333230435848236 
vt 0.8155277967453003 0.0025530781131237745 
vt 0.8650943040847778 0.0015086369821801782 
vt 0.8809653520584106 0 
vt 0.8904879689216614 0.0056864009238779545 
vt 0.8904879689216614 0.0018567839870229363 
vt 0.9086786508560181 0.005918499082326889 
vt 0.9014756679534912 0.032841868698596954 
vt 0.912951648235321 0.014622174203395844 
vt 0.897935152053833 0.0004641959967557341 
vt 0.8787678480148315 0.05129365622997284 
vt 0.9001327157020569 0.06881705671548843 
vt 0.9024523496627808 0.09202685952186584 
vt 0.9117307662963867 0.09840954840183258 
vt 0.12171874195337296 0.614363431930542 
vt 0.12367210537195206 0.6085609793663025 
vt 0.12171874195337296 0.6028745770454407 
vt 0.1228175088763237 0.5957955718040466 
vt 0.11329487711191177 0.5957955718040466 
vt 0.11329487711191177 0.6133189797401428 
vt 0.12171874195337296 0.6079807281494141 
vt 0.12135248631238937 0.6168004274368286 
vt 0.11048692464828491 0.6228349804878235 
vt 0.10560352355241776 0.6356003880500793 
vt 0.11048692464828491 0.6368769407272339 
vt 0.5300930738449097 0.15179209411144257 
vt 0.5274072289466858 0.15179209411144257 
vt 0.5277734398841858 0.1483106166124344 
vt 0.5139778256416321 0.1483106166124344 
vt 0.5139778256416321 0.1556217074394226 
vt 0.5167858004570007 0.15051555633544922 
vt 0.5193495750427246 0.1483106166124344 
vt 0.5193495750427246 0.15585380792617798 
vt 0.5167858004570007 0.14970320463180542 
vt 0.5217912793159485 0.15330073237419128 
vt 0.5241109132766724 0.15005135536193848 
vt 0.5217912793159485 0.1483106166124344 
vt 0.11793410778045654 0.5506525039672852 
vt 0.12342793494462967 0.5492599010467529 
vt 0.12342793494462967 0.5759511590003967 
s on 
f 1/1/1 2/2/2 3/3/3 
f 2/2/2 4/4/4 3/3/3 
f 3/3/3 4/4/4 5/5/5 
f 4/4/4 5/5/5 5/5/5 
f 5/5/5 5/5/5 4/4/4 
f 5/5/5 4/4/4 4/4/4 
f 4/4/4 4/4/4 6/6/6 
f 4/4/4 2/2/2 6/6/6 
f 6/6/6 2/2/2 7/7/7 
f 2/2/2 7/7/7 7/7/7 
f 7/7/7 7/7/7 6/6/6 
f 7/7/7 6/6/6 6/6/6 
f 6/6/6 6/6/6 4/4/4 
f 6/6/6 8/8/8 4/4/4 
f 4/4/4 8/8/8 9/9/9 
f 8/8/8 8/8/8 9/9/9 
f 9/9/9 8/8/8 10/10/10 
f 8/8/8 11/11/11 10/10/10 
f 10/10/10 11/11/11 12/12/12 
f 11/11/11 11/11/11 12/12/12 
f 12/12/12 11/11/11 13/13/13 
f 11/11/11 11/11/11 13/13/13 
f 13/13/13 11/11/11 14/14/14 
f 11/11/11 11/11/11 14/14/14 
f 14/14/14 11/11/11 15/15/15 
f 11/11/11 16/16/16 15/15/15 
f 15/15/15 16/16/16 17/17/17 
f 16/16/16 17/17/17 17/17/17 
f 17/17/17 17/17/17 11/11/11 
f 17/17/17 11/11/11 11/11/11 
f 11/11/11 11/11/11 16/16/16 
f 11/11/11 8/8/8 16/16/16 
f 16/16/16 8/8/8 18/18/18 
f 8/8/8 6/6/6 18/18/18 
f 18/18/18 6/6/6 19/19/19 
f 6/6/6 7/7/7 19/19/19 
f 19/19/19 7/7/7 20/20/20 
f 7/7/7 21/21/21 20/20/20 
f 20/20/20 21/21/21 21/21/21 
f 21/21/21 20/20/20 21/21/21 
f 21/21/21 20/20/20 20/20/20 
f 20/20/20 22/22/22 20/20/20 
f 20/20/20 22/22/22 19/19/19 
f 22/22/22 19/19/19 19/19/19 
f 19/19/19 19/19/19 18/18/18 
f 19/19/19 18/18/18 18/18/18 
f 18/18/18 18/18/18 16/16/16 
f 18/18/18 23/23/23 16/16/16 
f 16/16/16 23/23/23 17/17/17 
f 23/23/23 23/23/23 17/17/17 
f 17/17/17 23/23/23 24/24/24 
f 23/23/23 23/23/23 24/24/24 
f 24/24/24 23/23/23 25/25/25 
f 23/23/23 23/23/23 25/25/25 
f 25/25/25 23/23/23 26/26/26 
f 23/23/23 23/23/23 26/26/26 
f 26/26/26 23/23/23 27/27/27 
f 23/23/23 18/18/18 27/27/27 
f 27/27/27 18/18/18 18/18/18 
f 18/18/18 28/28/28 18/18/18 
f 18/18/18 28/28/28 28/28/28 
f 28/28/28 29/29/29 28/28/28 
f 28/28/28 29/29/29 30/30/30 
f 29/29/29 29/29/29 30/30/30 
f 30/30/30 29/29/29 31/31/31 
f 29/29/29 29/29/29 31/31/31 
f 31/31/31 29/29/29 32/32/32 
f 29/29/29 33/33/33 32/32/32 
f 32/32/32 33/33/33 32/32/32 
f 33/33/33 34/34/34 32/32/32 
f 32/32/32 34/34/34 32/32/32 
f 34/34/34 35/35/35 32/32/32 
f 32/32/32 35/35/35 32/32/32 
f 35/35/35 36/36/36 32/32/32 
f 32/32/32 36/36/36 37/37/37 
f 36/36/36 38/38/38 37/37/37 
f 37/37/37 38/38/38 37/37/37 
f 38/38/38 39/39/39 37/37/37 
f 37/37/37 39/39/39 40/40/40 
f 39/39/39 41/41/41 40/40/40 
f 40/40/40 41/41/41 42/42/42 
f 41/41/41 41/41/41 42/42/42 
f 42/42/42 41/41/41 43/43/43 
f 41/41/41 44/44/44 43/43/43 
f 43/43/43 44/44/44 45/45/45 
f 44/44/44 46/46/46 45/45/45 
f 45/45/45 46/46/46 47/47/47 
f 46/46/46 48/48/48 47/47/47 
f 47/47/47 48/48/48 48/48/48 
f 48/48/48 28/28/28 48/48/48 
f 48/48/48 28/28/28 28/28/28 
f 28/28/28 33/33/33 28/28/28 
f 28/28/28 33/33/33 29/29/29 
f 33/33/33 29/29/29 29/29/29 
f 29/29/29 29/29/29 37/37/37 
f 29/29/29 37/37/37 37/37/37 
f 37/37/37 37/37/37 49/49/49 
f 37/37/37 40/40/40 49/49/49 
f 49/49/49 40/40/40 49/49/49 
f 40/40/40 42/42/42 49/49/49 
f 49/49/49 42/42/42 50/50/50 
f 42/42/42 51/51/51 50/50/50 
f 50/50/50 51/51/51 45/45/45 
f 51/51/51 52/52/52 45/45/45 
f 45/45/45 52/52/52 43/43/43 
f 52/52/52 52/52/52 43/43/43 
f 43/43/43 52/52/52 42/42/42 
f 52/52/52 51/51/51 42/42/42 
f 42/42/42 51/51/51 51/51/51 
f 51/51/51 45/45/45 51/51/51 
f 51/51/51 45/45/45 45/45/45 
f 45/45/45 47/47/47 45/45/45 
f 45/45/45 47/47/47 50/50/50 
f 47/47/47 53/53/53 50/50/50 
f 50/50/50 53/53/53 49/49/49 
f 53/53/53 49/49/49 49/49/49 
f 49/49/49 49/49/49 47/47/47 
f 49/49/49 47/47/47 47/47/47 
f 47/47/47 47/47/47 53/53/53 
f 47/47/47 54/54/54 53/53/53 
f 53/53/53 54/54/54 55/55/55 
f 54/54/54 56/56/56 55/55/55 
f 55/55/55 56/56/56 55/55/55 
f 56/56/56 57/57/57 55/55/55 
f 55/55/55 57/57/57 55/55/55 
f 57/57/57 58/58/58 55/55/55 
f 55/55/55 58/58/58 55/55/55 
f 58/58/58 59/59/59 55/55/55 
f 55/55/55 59/59/59 55/55/55 
f 59/59/59 60/60/60 55/55/55 
f 55/55/55 60/60/60 53/53/53 
f 60/60/60 60/60/60 53/53/53 
f 53/53/53 60/60/60 49/49/49 
f 60/60/60 61/61/61 49/49/49 
f 49/49/49 61/61/61 37/37/37 
f 61/61/61 61/61/61 37/37/37 
f 37/37/37 61/61/61 32/32/32 
f 61/61/61 61/61/61 32/32/32 
f 32/32/32 61/61/61 31/31/31 
f 61/61/61 62/62/62 31/31/31 
f 31/31/31 62/62/62 63/63/63 
f 62/62/62 62/62/62 63/63/63 
f 63/63/63 62/62/62 64/64/64 
f 62/62/62 65/65/65 64/64/64 
f 64/64/64 65/65/65 66/66/66 
f 65/65/65 65/65/65 66/66/66 
f 66/66/66 65/65/65 67/67/67 
f 65/65/65 65/65/65 67/67/67 
f 67/67/67 65/65/65 68/68/68 
f 65/65/65 69/69/69 68/68/68 
f 68/68/68 69/69/69 68/68/68 
f 69/69/69 70/70/70 68/68/68 
f 68/68/68 70/70/70 71/71/71 
f 70/70/70 70/70/70 71/71/71 
f 71/71/71 70/70/70 72/72/72 
f 70/70/70 70/70/70 72/72/72 
f 72/72/72 70/70/70 73/73/73 
f 70/70/70 74/74/74 73/73/73 
f 73/73/73 74/74/74 75/75/75 
f 74/74/74 74/74/74 75/75/75 
f 75/75/75 74/74/74 58/58/58 
f 74/74/74 74/74/74 58/58/58 
f 58/58/58 74/74/74 59/59/59 
f 74/74/74 74/74/74 59/59/59 
f 59/59/59 74/74/74 60/60/60 
f 74/74/74 74/74/74 60/60/60 
f 60/60/60 74/74/74 61/61/61 
f 74/74/74 74/74/74 61/61/61 
f 61/61/61 74/74/74 62/62/62 
f 74/74/74 76/76/76 62/62/62 
f 62/62/62 76/76/76 69/69/69 
f 76/76/76 76/76/76 69/69/69 
f 69/69/69 76/76/76 70/70/70 
f 76/76/76 74/74/74 70/70/70 
f 70/70/70 74/74/74 74/74/74 
f 74/74/74 31/31/31 74/74/74 
f 74/74/74 31/31/31 31/31/31 
f 31/31/31 63/63/63 31/31/31 
f 31/31/31 63/63/63 30/30/30 
f 63/63/63 77/77/77 30/30/30 
f 30/30/30 77/77/77 77/77/77 
f 77/77/77 69/69/69 77/77/77 
f 77/77/77 69/69/69 69/69/69 
f 69/69/69 65/65/65 69/69/69 
f 69/69/69 65/65/65 62/62/62 
f 65/65/65 62/62/62 62/62/62 
f 62/62/62 62/62/62 78/78/78 
f 62/62/62 78/78/78 78/78/78 
f 78/78/78 78/78/78 79/79/79 
f 78/78/78 80/80/80 79/79/79 
f 79/79/79 80/80/80 81/81/81 
f 80/80/80 82/82/82 81/81/81 
f 81/81/81 82/82/82 81/81/81 
f 82/82/82 83/83/83 81/81/81 
f 81/81/81 83/83/83 81/81/81 
f 83/83/83 84/84/84 81/81/81 
f 81/81/81 84/84/84 85/85/85 
f 84/84/84 86/86/86 85/85/85 
f 85/85/85 86/86/86 85/85/85 
f 86/86/86 87/87/87 85/85/85 
f 85/85/85 87/87/87 88/88/88 
f 87/87/87 89/89/89 88/88/88 
f 88/88/88 89/89/89 89/89/89 
f 89/89/89 79/79/79 89/89/89 
f 89/89/89 79/79/79 79/79/79 
f 79/79/79 81/81/81 79/79/79 
f 79/79/79 81/81/81 90/90/90 
f 81/81/81 81/81/81 90/90/90 
f 90/90/90 81/81/81 91/91/91 
f 81/81/81 92/92/92 91/91/91 
f 91/91/91 92/92/92 91/91/91 
f 92/92/92 93/93/93 91/91/91 
f 91/91/91 93/93/93 91/91/91 
f 93/93/93 94/94/94 91/91/91 
f 91/91/91 94/94/94 95/95/95 
f 94/94/94 94/94/94 95/95/95 
f 95/95/95 94/94/94 96/96/96 
f 94/94/94 97/97/97 96/96/96 
f 96/96/96 97/97/97 98/98/98 
f 97/97/97 98/98/98 98/98/98 
f 98/98/98 98/98/98 99/99/99 
f 98/98/98 99/99/99 99/99/99 
f 99/99/99 99/99/99 100/100/100 
f 99/99/99 101/101/101 100/100/100 
f 100/100/100 101/101/101 88/88/88 
f 101/101/101 101/101/101 88/88/88 
f 88/88/88 101/101/101 85/85/85 
f 101/101/101 92/92/92 85/85/85 
f 85/85/85 92/92/92 81/81/81 
f 92/92/92 81/81/81 81/81/81 
f 81/81/81 81/81/81 94/94/94 
f 81/81/81 94/94/94 94/94/94 
f 94/94/94 94/94/94 97/97/97 
f 94/94/94 93/93/93 97/97/97 
f 97/97/97 93/93/93 102/102/102 
f 93/93/93 103/103/103 102/102/102 
f 102/102/102 103/103/103 104/104/104 
f 103/103/103 104/104/104 104/104/104 
f 104/104/104 104/104/104 93/93/93 
f 104/104/104 93/93/93 93/93/93 
f 93/93/93 93/93/93 103/103/103 
f 93/93/93 92/92/92 103/103/103 
f 103/103/103 92/92/92 103/103/103 
f 92/92/92 101/101/101 103/103/103 
f 103/103/103 101/101/101 105/105/105 
f 101/101/101 106/106/106 105/105/105 
f 105/105/105 106/106/106 105/105/105 
f 106/106/106 107/107/107 105/105/105 
f 105/105/105 107/107/107 104/104/104 
f 107/107/107 104/104/104 104/104/104 
f 104/104/104 104/104/104 101/101/101 
f 104/104/104 101/101/101 101/101/101 
f 101/101/101 101/101/101 106/106/106 
f 101/101/101 108/108/108 106/106/106 
f 106/106/106 108/108/108 108/108/108 
f 108/108/108 109/109/109 108/108/108 
f 108/108/108 109/109/109 109/109/109 
f 109/109/109 110/110/110 109/109/109 
f 109/109/109 110/110/110 111/111/111 
f 110/110/110 112/112/112 111/111/111 
f 111/111/111 112/112/112 111/111/111 
f 112/112/112 113/113/113 111/111/111 
f 111/111/111 113/113/113 114/114/114 
f 113/113/113 115/115/115 114/114/114 
f 114/114/114 115/115/115 114/114/114 
f 115/115/115 116/116/116 114/114/114 
f 114/114/114 116/116/116 114/114/114 
f 116/116/116 117/117/117 114/114/114 
f 114/114/114 117/117/117 118/118/118 
f 117/117/117 119/119/119 118/118/118 
f 118/118/118 119/119/119 118/118/118 
f 119/119/119 120/120/120 118/118/118 
f 118/118/118 120/120/120 121/121/121 
f 120/120/120 122/122/122 121/121/121 
f 121/121/121 122/122/122 121/121/121 
f 122/122/122 123/123/123 121/121/121 
f 121/121/121 123/123/123 121/121/121 
f 123/123/123 124/124/124 121/121/121 
f 121/121/121 124/124/124 125/125/125 
f 124/124/124 126/126/126 125/125/125 
f 125/125/125 126/126/126 126/126/126 
f 126/126/126 114/114/114 126/126/126 
f 126/126/126 114/114/114 114/114/114 
f 114/114/114 118/118/118 114/114/114 
f 114/114/114 118/118/118 111/111/111 
f 118/118/118 127/127/127 111/111/111 
f 111/111/111 127/127/127 111/111/111 
f 127/127/127 128/128/128 111/111/111 
f 111/111/111 128/128/128 111/111/111 
f 128/128/128 129/129/129 111/111/111 
f 111/111/111 129/129/129 109/109/109 
f 129/129/129 129/129/129 109/109/109 
f 109/109/109 129/129/129 130/130/130 
f 129/129/129 131/131/131 130/130/130 
f 130/130/130 131/131/131 132/132/132 
f 131/131/131 133/133/133 132/132/132 
f 132/132/132 133/133/133 134/134/134 
f 133/133/133 134/134/134 134/134/134 
f 134/134/134 134/134/134 125/125/125 
f 134/134/134 125/125/125 125/125/125 
f 125/125/125 125/125/125 121/121/121 
f 125/125/125 135/135/135 121/121/121 
f 121/121/121 135/135/135 121/121/121 
f 135/135/135 127/127/127 121/121/121 
f 121/121/121 127/127/127 118/118/118 
f 127/127/127 118/118/118 118/118/118 
f 118/118/118 118/118/118 133/133/133 
f 118/118/118 133/133/133 133/133/133 
f 133/133/133 133/133/133 136/136/136 
f 133/133/133 131/131/131 136/136/136 
f 136/136/136 131/131/131 136/136/136 
f 131/131/131 129/129/129 136/136/136 
f 136/136/136 129/129/129 137/137/137 
f 129/129/129 128/128/128 137/137/137 
f 137/137/137 128/128/128 137/137/137 
f 128/128/128 138/138/138 137/137/137 
f 137/137/137 138/138/138 139/139/139 
f 138/138/138 140/140/140 139/139/139 
f 139/139/139 140/140/140 141/141/141 
f 140/140/140 140/140/140 141/141/141 
f 141/141/141 140/140/140 142/142/142 
f 140/140/140 140/140/140 142/142/142 
f 142/142/142 140/140/140 143/143/143 
f 140/140/140 140/140/140 143/143/143 
f 143/143/143 140/140/140 144/144/144 
f 140/140/140 138/138/138 144/144/144 
f 144/144/144 138/138/138 144/144/144 
f 138/138/138 128/128/128 144/144/144 
f 144/144/144 128/128/128 145/145/145 
f 128/128/128 128/128/128 145/145/145 
f 145/145/145 128/128/128 146/146/146 
f 128/128/128 127/127/127 146/146/146 
f 146/146/146 127/127/127 147/147/147 
f 127/127/127 148/148/148 147/147/147 
f 147/147/147 148/148/148 149/149/149 
f 148/148/148 150/150/150 149/149/149 
f 149/149/149 150/150/150 151/151/151 
f 150/150/150 152/152/152 151/151/151 
f 151/151/151 152/152/152 147/147/147 
f 152/152/152 152/152/152 147/147/147 
f 147/147/147 152/152/152 153/153/153 
f 152/152/152 152/152/152 153/153/153 
f 153/153/153 152/152/152 154/154/154 
f 152/152/152 150/150/150 154/154/154 
f 154/154/154 150/150/150 150/150/150 
f 150/150/150 127/127/127 150/150/150 
f 150/150/150 127/127/127 127/127/127 
f 127/127/127 135/135/135 127/127/127 
f 127/127/127 135/135/135 148/148/148 
f 135/135/135 155/155/155 148/148/148 
f 148/148/148 155/155/155 150/150/150 
f 155/155/155 150/150/150 150/150/150 
f 150/150/150 150/150/150 135/135/135 
f 150/150/150 135/135/135 135/135/135 
f 135/135/135 135/135/135 155/155/155 
f 135/135/135 156/156/156 155/155/155 
f 155/155/155 156/156/156 156/156/156 
f 156/156/156 151/151/151 156/156/156 
f 156/156/156 151/151/151 151/151/151 
f 151/151/151 147/147/147 151/151/151 
f 151/151/151 147/147/147 149/149/149 
f 147/147/147 149/149/149 149/149/149 
f 149/149/149 149/149/149 147/147/147 
f 149/149/149 147/147/147 147/147/147 
f 147/147/147 147/147/147 146/146/146 
f 147/147/147 153/153/153 146/146/146 
f 146/146/146 153/153/153 157/157/157 
f 153/153/153 154/154/154 157/157/157 
f 157/157/157 154/154/154 154/154/154 
f 154/154/154 146/146/146 154/154/154 
f 154/154/154 146/146/146 146/146/146 
f 146/146/146 157/157/157 146/146/146 
f 146/146/146 157/157/157 145/145/145 
f 157/157/157 158/158/158 145/145/145 
f 145/145/145 158/158/158 159/159/159 
f 158/158/158 158/158/158 159/159/159 
f 159/159/159 158/158/158 160/160/160 
f 158/158/158 161/161/161 160/160/160 
f 160/160/160 161/161/161 154/154/154 
f 161/161/161 161/161/161 154/154/154 
f 154/154/154 161/161/161 162/162/162 
f 161/161/161 161/161/161 162/162/162 
f 162/162/162 161/161/161 157/157/157 
f 161/161/161 158/158/158 157/157/157 
f 157/157/157 158/158/158 158/158/158 
f 158/158/158 145/145/145 158/158/158 
f 158/158/158 145/145/145 145/145/145 
f 145/145/145 159/159/159 145/145/145 
f 145/145/145 159/159/159 144/144/144 
f 159/159/159 163/163/163 144/144/144 
f 144/144/144 163/163/163 143/143/143 
f 163/163/163 143/143/143 143/143/143 
f 143/143/143 143/143/143 163/163/163 
f 143/143/143 163/163/163 163/163/163 
f 163/163/163 163/163/163 164/164/164 
f 163/163/163 159/159/159 164/164/164 
f 164/164/164 159/159/159 159/159/159 
f 159/159/159 165/165/165 159/159/159 
f 159/159/159 165/165/165 165/165/165 
f 165/165/165 166/166/166 165/165/165 
f 165/165/165 166/166/166 167/167/167 
f 166/166/166 168/168/168 167/167/167 
f 167/167/167 168/168/168 169/169/169 
f 168/168/168 170/170/170 169/169/169 
f 169/169/169 170/170/170 171/171/171 
f 170/170/170 172/172/172 171/171/171 
f 171/171/171 172/172/172 173/173/173 
f 172/172/172 172/172/172 173/173/173 
f 173/173/173 172/172/172 174/174/174 
f 172/172/172 175/175/175 174/174/174 
f 174/174/174 175/175/175 175/175/175 
f 175/175/175 169/169/169 175/175/175 
f 175/175/175 169/169/169 169/169/169 
f 169/169/169 171/171/171 169/169/169 
f 169/169/169 171/171/171 173/173/173 
f 171/171/171 173/173/173 173/173/173 
f 173/173/173 173/173/173 172/172/172 
f 173/173/173 172/172/172 172/172/172 
f 172/172/172 172/172/172 176/176/176 
f 172/172/172 170/170/170 176/176/176 
f 176/176/176 170/170/170 176/176/176 
f 170/170/170 177/177/177 176/176/176 
f 176/176/176 177/177/177 176/176/176 
f 177/177/177 178/178/178 176/176/176 
f 176/176/176 178/178/178 179/179/179 
f 178/178/178 180/180/180 179/179/179 
f 179/179/179 180/180/180 181/181/181 
f 180/180/180 182/182/182 181/181/181 
f 181/181/181 182/182/182 183/183/183 
f 182/182/182 184/184/184 183/183/183 
f 183/183/183 184/184/184 185/185/185 
f 184/184/184 185/185/185 185/185/185 
f 185/185/185 185/185/185 184/184/184 
f 185/185/185 184/184/184 184/184/184 
f 184/184/184 184/184/184 186/186/186 
f 184/184/184 182/182/182 186/186/186 
f 186/186/186 182/182/182 187/187/187 
f 182/182/182 188/188/188 187/187/187 
f 187/187/187 188/188/188 189/189/189 
f 188/188/188 190/190/190 189/189/189 
f 189/189/189 190/190/190 191/191/191 
f 190/190/190 192/192/192 191/191/191 
f 191/191/191 192/192/192 191/191/191 
f 192/192/192 193/193/193 191/191/191 
f 191/191/191 193/193/193 191/191/191 
f 193/193/193 194/194/194 191/191/191 
f 191/191/191 194/194/194 189/189/189 
f 194/194/194 195/195/195 189/189/189 
f 189/189/189 195/195/195 187/187/187 
f 195/195/195 195/195/195 187/187/187 
f 187/187/187 195/195/195 196/196/196 
f 195/195/195 195/195/195 196/196/196 
f 196/196/196 195/195/195 197/197/197 
f 195/195/195 194/194/194 197/197/197 
f 197/197/197 194/194/194 194/194/194 
f 194/194/194 182/182/182 194/194/194 
f 194/194/194 182/182/182 182/182/182 
f 182/182/182 180/180/180 182/182/182 
f 182/182/182 180/180/180 188/188/188 
f 180/180/180 190/190/190 188/188/188 
f 188/188/188 190/190/190 190/190/190 
f 190/190/190 187/187/187 190/190/190 
f 190/190/190 187/187/187 187/187/187 
f 187/187/187 196/196/196 187/187/187 
f 187/187/187 196/196/196 198/198/198 
f 196/196/196 197/197/197 198/198/198 
f 198/198/198 197/197/197 198/198/198 
f 197/197/197 199/199/199 198/198/198 
f 198/198/198 199/199/199 198/198/198 
f 199/199/199 200/200/200 198/198/198 
f 198/198/198 200/200/200 187/187/187 
f 200/200/200 200/200/200 187/187/187 
f 187/187/187 200/200/200 186/186/186 
f 200/200/200 200/200/200 186/186/186 
f 186/186/186 200/200/200 201/201/201 
f 200/200/200 202/202/202 201/201/201 
f 201/201/201 202/202/202 203/203/203 
f 202/202/202 204/204/204 203/203/203 
f 203/203/203 204/204/204 205/205/205 
f 204/204/204 204/204/204 205/205/205 
f 205/205/205 204/204/204 206/206/206 
f 204/204/204 200/200/200 206/206/206 
f 206/206/206 200/200/200 206/206/206 
f 200/200/200 199/199/199 206/206/206 
f 206/206/206 199/199/199 205/205/205 
f 199/199/199 205/205/205 205/205/205 
f 205/205/205 205/205/205 200/200/200 
f 205/205/205 200/200/200 200/200/200 
f 200/200/200 200/200/200 202/202/202 
f 200/200/200 204/204/204 202/202/202 
f 202/202/202 204/204/204 204/204/204 
f 204/204/204 203/203/203 204/204/204 
f 204/204/204 203/203/203 203/203/203 
f 203/203/203 207/207/207 203/203/203 
f 203/203/203 207/207/207 201/201/201 
f 207/207/207 208/208/208 201/201/201 
f 201/201/201 208/208/208 208/208/208 
f 208/208/208 197/197/197 208/208/208 
f 208/208/208 197/197/197 197/197/197 
f 197/197/197 194/194/194 197/197/197 
f 197/197/197 194/194/194 209/209/209 
f 194/194/194 194/194/194 209/209/209 
f 209/209/209 194/194/194 210/210/210 
f 194/194/194 194/194/194 210/210/210 
f 210/210/210 194/194/194 211/211/211 
f 194/194/194 193/193/193 211/211/211 
f 211/211/211 193/193/193 212/212/212 
f 193/193/193 192/192/192 212/212/212 
f 212/212/212 192/192/192 192/192/192 
f 192/192/192 212/212/212 192/192/192 
f 192/192/192 212/212/212 212/212/212 
f 212/212/212 213/213/213 212/212/212 
f 212/212/212 213/213/213 211/211/211 
f 213/213/213 213/213/213 211/211/211 
f 211/211/211 213/213/213 210/210/210 
f 213/213/213 214/214/214 210/210/210 
f 210/210/210 214/214/214 215/215/215 
f 214/214/214 214/214/214 215/215/215 
f 215/215/215 214/214/214 216/216/216 
f 214/214/214 213/213/213 216/216/216 
f 216/216/216 213/213/213 217/217/217 
f 213/213/213 213/213/213 217/217/217 
f 217/217/217 213/213/213 165/165/165 
f 213/213/213 213/213/213 165/165/165 
f 165/165/165 213/213/213 166/166/166 
f 213/213/213 212/212/212 166/166/166 
f 166/166/166 212/212/212 218/218/218 
f 212/212/212 212/212/212 218/218/218 
f 218/218/218 212/212/212 219/219/219 
f 212/212/212 192/192/192 219/219/219 
f 219/219/219 192/192/192 220/220/220 
f 192/192/192 190/190/190 220/220/220 
f 220/220/220 190/190/190 190/190/190 
f 190/190/190 166/166/166 190/190/190 
f 190/190/190 166/166/166 166/166/166 
f 166/166/166 221/221/221 166/166/166 
f 166/166/166 221/221/221 168/168/168 
f 221/221/221 222/222/222 168/168/168 
f 168/168/168 222/222/222 170/170/170 
f 222/222/222 170/170/170 170/170/170 
f 170/170/170 170/170/170 218/218/218 
f 170/170/170 218/218/218 218/218/218 
f 218/218/218 218/218/218 166/166/166 
f 218/218/218 221/221/221 166/166/166 
f 166/166/166 221/221/221 221/221/221 
f 221/221/221 220/220/220 221/221/221 
f 221/221/221 220/220/220 220/220/220 
f 220/220/220 223/223/223 220/220/220 
f 220/220/220 223/223/223 219/219/219 
f 223/223/223 218/218/218 219/219/219 
f 219/219/219 218/218/218 218/218/218 
f 218/218/218 223/223/223 218/218/218 
f 218/218/218 223/223/223 223/223/223 
f 223/223/223 220/220/220 223/223/223 
f 223/223/223 220/220/220 224/224/224 
f 220/220/220 190/190/190 224/224/224 
f 224/224/224 190/190/190 224/224/224 
f 190/190/190 180/180/180 224/224/224 
f 224/224/224 180/180/180 225/225/225 
f 180/180/180 178/178/178 225/225/225 
f 225/225/225 178/178/178 178/178/178 
f 178/178/178 225/225/225 178/178/178 
f 178/178/178 225/225/225 225/225/225 
f 225/225/225 226/226/226 225/225/225 
f 225/225/225 226/226/226 224/224/224 
f 226/226/226 226/226/226 224/224/224 
f 224/224/224 226/226/226 223/223/223 
f 226/226/226 226/226/226 223/223/223 
f 223/223/223 226/226/226 218/218/218 
f 226/226/226 226/226/226 218/218/218 
f 218/218/218 226/226/226 221/221/221 
f 226/226/226 227/227/227 221/221/221 
f 221/221/221 227/227/227 221/221/221 
f 227/227/227 228/228/228 221/221/221 
f 221/221/221 228/228/228 222/222/222 
f 228/228/228 229/229/229 222/222/222 
f 222/222/222 229/229/229 170/170/170 
f 229/229/229 229/229/229 170/170/170 
f 170/170/170 229/229/229 177/177/177 
f 229/229/229 230/230/230 177/177/177 
f 177/177/177 230/230/230 178/178/178 
f 230/230/230 230/230/230 178/178/178 
f 178/178/178 230/230/230 225/225/225 
f 230/230/230 227/227/227 225/225/225 
f 225/225/225 227/227/227 226/226/226 
f 227/227/227 226/226/226 226/226/226 
f 226/226/226 226/226/226 230/230/230 
f 226/226/226 230/230/230 230/230/230 
f 230/230/230 230/230/230 227/227/227 
f 230/230/230 231/231/231 227/227/227 
f 227/227/227 231/231/231 228/228/228 
f 231/231/231 231/231/231 228/228/228 
f 228/228/228 231/231/231 229/229/229 
f 231/231/231 230/230/230 229/229/229 
f 229/229/229 230/230/230 230/230/230 
f 230/230/230 232/232/232 230/230/230 
f 230/230/230 232/232/232 232/232/232 
f 232/232/232 233/233/233 232/232/232 
f 232/232/232 233/233/233 234/234/234 
f 233/233/233 235/235/235 234/234/234 
f 234/234/234 235/235/235 236/236/236 
f 235/235/235 235/235/235 236/236/236 
f 236/236/236 235/235/235 237/237/237 
f 235/235/235 238/238/238 237/237/237 
f 237/237/237 238/238/238 238/238/238 
f 238/238/238 233/233/233 238/238/238 
f 238/238/238 233/233/233 233/233/233 
f 233/233/233 239/239/239 233/233/233 
f 233/233/233 239/239/239 235/235/235 
f 239/239/239 239/239/239 235/235/235 
f 235/235/235 239/239/239 240/240/240 
f 239/239/239 238/238/238 240/240/240 
f 240/240/240 238/238/238 238/238/238 
f 238/238/238 241/241/241 238/238/238 
f 238/238/238 241/241/241 241/241/241 
f 241/241/241 242/242/242 241/241/241 
f 241/241/241 242/242/242 243/243/243 
f 242/242/242 244/244/244 243/243/243 
f 243/243/243 244/244/244 245/245/245 
f 244/244/244 236/236/236 245/245/245 
f 245/245/245 236/236/236 246/246/246 
f 236/236/236 246/246/246 246/246/246 
f 246/246/246 246/246/246 236/236/236 
f 246/246/246 236/236/236 236/236/236 
f 236/236/236 236/236/236 234/234/234 
f 236/236/236 244/244/244 234/234/234 
f 234/234/234 244/244/244 247/247/247 
f 244/244/244 242/242/242 247/247/247 
f 247/247/247 242/242/242 242/242/242 
f 242/242/242 232/232/232 242/242/242 
f 242/242/242 232/232/232 232/232/232 
f 232/232/232 234/234/234 232/232/232 
f 232/232/232 234/234/234 248/248/248 
f 234/234/234 247/247/247 248/248/248 
f 248/248/248 247/247/247 249/249/249 
f 247/247/247 250/250/250 249/249/249 
f 249/249/249 250/250/250 251/251/251 
f 250/250/250 250/250/250 251/251/251 
f 251/251/251 250/250/250 242/242/242 
f 250/250/250 247/247/247 242/242/242 
f 242/242/242 247/247/247 247/247/247 
f 247/247/247 248/248/248 247/247/247 
f 247/247/247 248/248/248 248/248/248 
f 248/248/248 249/249/249 248/248/248 
f 248/248/248 249/249/249 252/252/252 
f 249/249/249 249/249/249 252/252/252 
f 252/252/252 249/249/249 253/253/253 
f 249/249/249 249/249/249 253/253/253 
f 253/253/253 249/249/249 254/254/254 
f 249/249/249 251/251/251 254/254/254 
f 254/254/254 251/251/251 251/251/251 
f 251/251/251 255/255/255 251/251/251 
f 251/251/251 255/255/255 255/255/255 
f 255/255/255 256/256/256 255/255/255 
f 255/255/255 256/256/256 257/257/257 
f 256/256/256 258/258/258 257/257/257 
f 257/257/257 258/258/258 259/259/259 
f 258/258/258 258/258/258 259/259/259 
f 259/259/259 258/258/258 260/260/260 
f 258/258/258 245/245/245 260/260/260 
f 260/260/260 245/245/245 260/260/260 
f 245/245/245 246/246/246 260/260/260 
f 260/260/260 246/246/246 261/261/261 
f 246/246/246 262/262/262 261/261/261 
f 261/261/261 262/262/262 262/262/262 
f 262/262/262 245/245/245 262/262/262 
f 262/262/262 245/245/245 245/245/245 
f 245/245/245 258/258/258 245/245/245 
f 245/245/245 258/258/258 243/243/243 
f 258/258/258 256/256/256 243/243/243 
f 243/243/243 256/256/256 256/256/256 
f 256/256/256 263/263/263 256/256/256 
f 256/256/256 263/263/263 263/263/263 
f 263/263/263 264/264/264 263/263/263 
f 263/263/263 264/264/264 265/265/265 
f 264/264/264 264/264/264 265/265/265 
f 265/265/265 264/264/264 266/266/266 
f 264/264/264 267/267/267 266/266/266 
f 266/266/266 267/267/267 266/266/266 
f 267/267/267 268/268/268 266/266/266 
f 266/266/266 268/268/268 269/269/269 
f 268/268/268 270/270/270 269/269/269 
f 269/269/269 270/270/270 269/269/269 
f 270/270/270 271/271/271 269/269/269 
f 269/269/269 271/271/271 272/272/272 
f 271/271/271 273/273/273 272/272/272 
f 272/272/272 273/273/273 274/274/274 
f 273/273/273 273/273/273 274/274/274 
f 274/274/274 273/273/273 275/275/275 
f 273/273/273 276/276/276 275/275/275 
f 275/275/275 276/276/276 277/277/277 
f 276/276/276 277/277/277 277/277/277 
f 277/277/277 277/277/277 266/266/266 
f 277/277/277 266/266/266 266/266/266 
f 266/266/266 266/266/266 278/278/278 
f 266/266/266 269/269/269 278/278/278 
f 278/278/278 269/269/269 279/279/279 
f 269/269/269 280/280/280 279/279/279 
f 279/279/279 280/280/280 281/281/281 
f 280/280/280 281/281/281 281/281/281 
f 281/281/281 281/281/281 275/275/275 
f 281/281/281 275/275/275 275/275/275 
f 275/275/275 275/275/275 274/274/274 
f 275/275/275 282/282/282 274/274/274 
f 274/274/274 282/282/282 283/283/283 
f 282/282/282 283/283/283 283/283/283 
f 283/283/283 283/283/283 280/280/280 
f 283/283/283 280/280/280 280/280/280 
f 280/280/280 280/280/280 284/284/284 
f 280/280/280 269/269/269 284/284/284 
f 284/284/284 269/269/269 272/272/272 
f 269/269/269 272/272/272 272/272/272 
f 272/272/272 272/272/272 272/272/272 
f 272/272/272 272/272/272 272/272/272 
f 272/272/272 272/272/272 285/285/285 
f 272/272/272 274/274/274 285/285/285 
f 285/285/285 274/274/274 285/285/285 
f 274/274/274 286/286/286 285/285/285 
f 285/285/285 286/286/286 285/285/285 
f 286/286/286 287/287/287 285/285/285 
f 285/285/285 287/287/287 285/285/285 
f 287/287/287 288/288/288 285/285/285 
f 285/285/285 288/288/288 285/285/285 
f 288/288/288 289/289/289 285/285/285 
f 285/285/285 289/289/289 285/285/285 
f 289/289/289 290/290/290 285/285/285 
f 285/285/285 290/290/290 284/284/284 
f 290/290/290 291/291/291 284/284/284 
f 284/284/284 291/291/291 284/284/284 
f 291/291/291 292/292/292 284/284/284 
f 284/284/284 292/292/292 284/284/284 
f 292/292/292 293/293/293 284/284/284 
f 284/284/284 293/293/293 284/284/284 
f 293/293/293 294/294/294 284/284/284 
f 284/284/284 294/294/294 295/295/295 
f 294/294/294 294/294/294 295/295/295 
f 295/295/295 294/294/294 296/296/296 
f 294/294/294 297/297/297 296/296/296 
f 296/296/296 297/297/297 296/296/296 
f 297/297/297 298/298/298 296/296/296 
f 296/296/296 298/298/298 296/296/296 
f 298/298/298 299/299/299 296/296/296 
f 296/296/296 299/299/299 295/295/295 
f 299/299/299 295/295/295 295/295/295 
f 295/295/295 295/295/295 285/285/285 
f 295/295/295 285/285/285 285/285/285 
f 285/285/285 285/285/285 272/272/272 
f 285/285/285 284/284/284 272/272/272 
f 272/272/272 284/284/284 284/284/284 
f 284/284/284 300/300/300 284/284/284 
f 284/284/284 300/300/300 300/300/300 
f 300/300/300 291/291/291 300/300/300 
f 300/300/300 291/291/291 290/290/290 
f 291/291/291 290/290/290 290/290/290 
f 290/290/290 290/290/290 284/284/284 
f 290/290/290 284/284/284 284/284/284 
f 284/284/284 284/284/284 280/280/280 
f 284/284/284 295/295/295 280/280/280 
f 280/280/280 295/295/295 301/301/301 
f 295/295/295 295/295/295 301/301/301 
f 301/301/301 295/295/295 302/302/302 
f 295/295/295 303/303/303 302/302/302 
f 302/302/302 303/303/303 303/303/303 
f 303/303/303 304/304/304 303/303/303 
f 303/303/303 304/304/304 304/304/304 
f 304/304/304 299/299/299 304/304/304 
f 304/304/304 299/299/299 298/298/298 
f 299/299/299 298/298/298 298/298/298 
f 298/298/298 298/298/298 305/305/305 
f 298/298/298 305/305/305 305/305/305 
f 305/305/305 305/305/305 300/300/300 
f 305/305/305 306/306/306 300/300/300 
f 300/300/300 306/306/306 300/300/300 
f 306/306/306 307/307/307 300/300/300 
f 300/300/300 307/307/307 300/300/300 
f 307/307/307 308/308/308 300/300/300 
f 300/300/300 308/308/308 291/291/291 
f 308/308/308 308/308/308 291/291/291 
f 291/291/291 308/308/308 309/309/309 
f 308/308/308 308/308/308 309/309/309 
f 309/309/309 308/308/308 310/310/310 
f 308/308/308 311/311/311 310/310/310 
f 310/310/310 311/311/311 311/311/311 
f 311/311/311 312/312/312 311/311/311 
f 311/311/311 312/312/312 312/312/312 
f 312/312/312 313/313/313 312/312/312 
f 312/312/312 313/313/313 314/314/314 
f 313/313/313 315/315/315 314/314/314 
f 314/314/314 315/315/315 316/316/316 
f 315/315/315 316/316/316 316/316/316 
f 316/316/316 316/316/316 312/312/312 
f 316/316/316 312/312/312 312/312/312 
f 312/312/312 312/312/312 313/313/313 
f 312/312/312 317/317/317 313/313/313 
f 313/313/313 317/317/317 313/313/313 
f 317/317/317 318/318/318 313/313/313 
f 313/313/313 318/318/318 319/319/319 
f 318/318/318 320/320/320 319/319/319 
f 319/319/319 320/320/320 319/319/319 
f 320/320/320 321/321/321 319/319/319 
f 319/319/319 321/321/321 322/322/322 
f 321/321/321 323/323/323 322/322/322 
f 322/322/322 323/323/323 323/323/323 
f 323/323/323 322/322/322 323/323/323 
f 323/323/323 322/322/322 322/322/322 
f 322/322/322 324/324/324 322/322/322 
f 322/322/322 324/324/324 319/319/319 
f 324/324/324 324/324/324 319/319/319 
f 319/319/319 324/324/324 313/313/313 
f 324/324/324 324/324/324 313/313/313 
f 313/313/313 324/324/324 315/315/315 
f 324/324/324 325/325/325 315/315/315 
f 315/315/315 325/325/325 326/326/326 
f 325/325/325 327/327/327 326/326/326 
f 326/326/326 327/327/327 328/328/328 
f 327/327/327 327/327/327 328/328/328 
f 328/328/328 327/327/327 329/329/329 
f 327/327/327 330/330/330 329/329/329 
f 329/329/329 330/330/330 330/330/330 
f 330/330/330 315/315/315 330/330/330 
f 330/330/330 315/315/315 315/315/315 
f 315/315/315 326/326/326 315/315/315 
f 315/315/315 326/326/326 316/316/316 
f 326/326/326 326/326/326 316/316/316 
f 316/316/316 326/326/326 331/331/331 
f 326/326/326 326/326/326 331/331/331 
f 331/331/331 326/326/326 332/332/332 
f 326/326/326 328/328/328 332/332/332 
f 332/332/332 328/328/328 328/328/328 
f 328/328/328 327/327/327 328/328/328 
f 328/328/328 327/327/327 327/327/327 
f 327/327/327 325/325/325 327/327/327 
f 327/327/327 325/325/325 333/333/333 
f 325/325/325 334/334/334 333/333/333 
f 333/333/333 334/334/334 335/335/335 
f 334/334/334 336/336/336 335/335/335 
f 335/335/335 336/336/336 337/337/337 
f 336/336/336 336/336/336 337/337/337 
f 337/337/337 336/336/336 338/338/338 
f 336/336/336 325/325/325 338/338/338 
f 338/338/338 325/325/325 339/339/339 
f 325/325/325 324/324/324 339/339/339 
f 339/339/339 324/324/324 339/339/339 
f 324/324/324 340/340/340 339/339/339 
f 339/339/339 340/340/340 339/339/339 
f 340/340/340 341/341/341 339/339/339 
f 339/339/339 341/341/341 338/338/338 
f 341/341/341 342/342/342 338/338/338 
f 338/338/338 342/342/342 338/338/338 
f 342/342/342 343/343/343 338/338/338 
f 338/338/338 343/343/343 344/344/344 
f 343/343/343 343/343/343 344/344/344 
f 344/344/344 343/343/343 345/345/345 
f 343/343/343 343/343/343 345/345/345 
f 345/345/345 343/343/343 346/346/346 
f 343/343/343 347/347/347 346/346/346 
f 346/346/346 347/347/347 348/348/348 
f 347/347/347 347/347/347 348/348/348 
f 348/348/348 347/347/347 349/349/349 
f 347/347/347 350/350/350 349/349/349 
f 349/349/349 350/350/350 351/351/351 
f 350/350/350 351/351/351 351/351/351 
f 351/351/351 351/351/351 336/336/336 
f 351/351/351 336/336/336 336/336/336 
f 336/336/336 336/336/336 325/325/325 
f 336/336/336 334/334/334 325/325/325 
f 325/325/325 334/334/334 334/334/334 
f 334/334/334 347/347/347 334/334/334 
f 334/334/334 347/347/347 347/347/347 
f 347/347/347 343/343/343 347/347/347 
f 347/347/347 343/343/343 352/352/352 
f 343/343/343 342/342/342 352/352/352 
f 352/352/352 342/342/342 353/353/353 
f 342/342/342 354/354/354 353/353/353 
f 353/353/353 354/354/354 355/355/355 
f 354/354/354 341/341/341 355/355/355 
f 355/355/355 341/341/341 355/355/355 
f 341/341/341 356/356/356 355/355/355 
f 355/355/355 356/356/356 355/355/355 
f 356/356/356 357/357/357 355/355/355 
f 355/355/355 357/357/357 358/358/358 
f 357/357/357 359/359/359 358/358/358 
f 358/358/358 359/359/359 358/358/358 
f 359/359/359 352/352/352 358/358/358 
f 358/358/358 352/352/352 358/358/358 
f 352/352/352 353/353/353 358/358/358 
f 358/358/358 353/353/353 355/355/355 
f 353/353/353 355/355/355 355/355/355 
f 355/355/355 355/355/355 341/341/341 
f 355/355/355 341/341/341 341/341/341 
f 341/341/341 341/341/341 342/342/342 
f 341/341/341 354/354/354 342/342/342 
f 342/342/342 354/354/354 354/354/354 
f 354/354/354 356/356/356 354/354/354 
f 354/354/354 356/356/356 356/356/356 
f 356/356/356 341/341/341 356/356/356 
f 356/356/356 341/341/341 340/340/340 
f 341/341/341 340/340/340 340/340/340 
f 340/340/340 340/340/340 356/356/356 
f 340/340/340 356/356/356 356/356/356 
f 356/356/356 356/356/356 357/357/357 
f 356/356/356 360/360/360 357/357/357 
f 357/357/357 360/360/360 323/323/323 
f 360/360/360 361/361/361 323/323/323 
f 323/323/323 361/361/361 322/322/322 
f 361/361/361 361/361/361 322/322/322 
f 322/322/322 361/361/361 324/324/324 
f 361/361/361 362/362/362 324/324/324 
f 324/324/324 362/362/362 340/340/340 
f 362/362/362 363/363/363 340/340/340 
f 340/340/340 363/363/363 356/356/356 
f 363/363/363 363/363/363 356/356/356 
f 356/356/356 363/363/363 360/360/360 
f 363/363/363 362/362/362 360/360/360 
f 360/360/360 362/362/362 361/361/361 
f 362/362/362 361/361/361 361/361/361 
f 361/361/361 361/361/361 364/364/364 
f 361/361/361 364/364/364 364/364/364 
f 364/364/364 364/364/364 365/365/365 
f 364/364/364 366/366/366 365/365/365 
f 365/365/365 366/366/366 367/367/367 
f 366/366/366 368/368/368 367/367/367 
f 367/367/367 368/368/368 367/367/367 
f 368/368/368 369/369/369 367/367/367 
f 367/367/367 369/369/369 370/370/370 
f 369/369/369 371/371/371 370/370/370 
f 370/370/370 371/371/371 371/371/371 
f 371/371/371 365/365/365 371/371/371 
f 371/371/371 365/365/365 365/365/365 
f 365/365/365 367/367/367 365/365/365 
f 365/365/365 367/367/367 370/370/370 
f 367/367/367 370/370/370 370/370/370 
f 370/370/370 370/370/370 366/366/366 
f 370/370/370 366/366/366 366/366/366 
f 366/366/366 366/366/366 368/368/368 
f 366/366/366 372/372/372 368/368/368 
f 368/368/368 372/372/372 368/368/368 
f 372/372/372 373/373/373 368/368/368 
f 368/368/368 373/373/373 368/368/368 
f 373/373/373 374/374/374 368/368/368 
f 368/368/368 374/374/374 375/375/375 
f 374/374/374 376/376/376 375/375/375 
f 375/375/375 376/376/376 377/377/377 
f 376/376/376 378/378/378 377/377/377 
f 377/377/377 378/378/378 379/379/379 
f 378/378/378 378/378/378 379/379/379 
f 379/379/379 378/378/378 380/380/380 
f 378/378/378 381/381/381 380/380/380 
f 380/380/380 381/381/381 382/382/382 
f 381/381/381 383/383/383 382/382/382 
f 382/382/382 383/383/383 382/382/382 
f 383/383/383 384/384/384 382/382/382 
f 382/382/382 384/384/384 385/385/385 
f 384/384/384 386/386/386 385/385/385 
f 385/385/385 386/386/386 387/387/387 
f 386/386/386 388/388/388 387/387/387 
f 387/387/387 388/388/388 387/387/387 
f 388/388/388 389/389/389 387/387/387 
f 387/387/387 389/389/389 387/387/387 
f 389/389/389 390/390/390 387/387/387 
f 387/387/387 390/390/390 382/382/382 
f 390/390/390 390/390/390 382/382/382 
f 382/382/382 390/390/390 380/380/380 
f 390/390/390 390/390/390 380/380/380 
f 380/380/380 390/390/390 391/391/391 
f 390/390/390 389/389/389 391/391/391 
f 391/391/391 389/389/389 389/389/389 
f 389/389/389 376/376/376 389/389/389 
f 389/389/389 376/376/376 376/376/376 
f 376/376/376 381/381/381 376/376/376 
f 376/376/376 381/381/381 378/378/378 
f 381/381/381 378/378/378 378/378/378 
f 378/378/378 378/378/378 384/384/384 
f 378/378/378 384/384/384 384/384/384 
f 384/384/384 384/384/384 386/386/386 
f 384/384/384 392/392/392 386/386/386 
f 386/386/386 392/392/392 392/392/392 
f 392/392/392 387/387/387 392/392/392 
f 392/392/392 387/387/387 387/387/387 
f 387/387/387 382/382/382 387/387/387 
f 387/387/387 382/382/382 385/385/385 
f 382/382/382 385/385/385 385/385/385 
f 385/385/385 385/385/385 375/375/375 
f 385/385/385 375/375/375 375/375/375 
f 375/375/375 375/375/375 368/368/368 
f 375/375/375 393/393/393 368/368/368 
f 368/368/368 393/393/393 369/369/369 
f 393/393/393 369/369/369 369/369/369 
f 369/369/369 369/369/369 375/375/375 
f 369/369/369 375/375/375 375/375/375 
f 375/375/375 375/375/375 393/393/393 
f 375/375/375 377/377/377 393/393/393 
f 393/393/393 377/377/377 377/377/377 
f 377/377/377 391/391/391 377/377/377 
f 377/377/377 391/391/391 391/391/391 
f 391/391/391 394/394/394 391/391/391 
f 391/391/391 394/394/394 380/380/380 
f 394/394/394 379/379/379 380/380/380 
f 380/380/380 379/379/379 379/379/379 
f 379/379/379 394/394/394 379/379/379 
f 379/379/379 394/394/394 394/394/394 
f 394/394/394 391/391/391 394/394/394 
f 394/394/394 391/391/391 395/395/395 
f 391/391/391 389/389/389 395/395/395 
f 395/395/395 389/389/389 395/395/395 
f 389/389/389 396/396/396 395/395/395 
f 395/395/395 396/396/396 397/397/397 
f 396/396/396 398/398/398 397/397/397 
f 397/397/397 398/398/398 399/399/399 
f 398/398/398 400/400/400 399/399/399 
f 399/399/399 400/400/400 401/401/401 
f 400/400/400 396/396/396 401/401/401 
f 401/401/401 396/396/396 401/401/401 
f 396/396/396 402/402/402 401/401/401 
f 401/401/401 402/402/402 401/401/401 
f 402/402/402 403/403/403 401/401/401 
f 401/401/401 403/403/403 401/401/401 
f 403/403/403 404/404/404 401/401/401 
f 401/401/401 404/404/404 401/401/401 
f 404/404/404 405/405/405 401/401/401 
f 401/401/401 405/405/405 406/406/406 
f 405/405/405 407/407/407 406/406/406 
f 406/406/406 407/407/407 406/406/406 
f 407/407/407 408/408/408 406/406/406 
f 406/406/406 408/408/408 399/399/399 
f 408/408/408 409/409/409 399/399/399 
f 399/399/399 409/409/409 395/395/395 
f 409/409/409 409/409/409 395/395/395 
f 395/395/395 409/409/409 394/394/394 
f 409/409/409 409/409/409 394/394/394 
f 394/394/394 409/409/409 379/379/379 
f 409/409/409 410/410/410 379/379/379 
f 379/379/379 410/410/410 379/379/379 
f 410/410/410 411/411/411 379/379/379 
f 379/379/379 411/411/411 377/377/377 
f 411/411/411 411/411/411 377/377/377 
f 377/377/377 411/411/411 393/393/393 
f 411/411/411 411/411/411 393/393/393 
f 393/393/393 411/411/411 369/369/369 
f 411/411/411 411/411/411 369/369/369 
f 369/369/369 411/411/411 371/371/371 
f 411/411/411 411/411/411 371/371/371 
f 371/371/371 411/411/411 412/412/412 
f 411/411/411 411/411/411 412/412/412 
f 412/412/412 411/411/411 413/413/413 
f 411/411/411 410/410/410 413/413/413 
f 413/413/413 410/410/410 413/413/413 
f 410/410/410 409/409/409 413/413/413 
f 413/413/413 409/409/409 414/414/414 
f 409/409/409 408/408/408 414/414/414 
f 414/414/414 408/408/408 414/414/414 
f 408/408/408 415/415/415 414/414/414 
f 414/414/414 415/415/415 414/414/414 
f 415/415/415 416/416/416 414/414/414 
f 414/414/414 416/416/416 414/414/414 
f 416/416/416 417/417/417 414/414/414 
f 414/414/414 417/417/417 414/414/414 
f 417/417/417 418/418/418 414/414/414 
f 414/414/414 418/418/418 413/413/413 
f 418/418/418 418/418/418 413/413/413 
f 413/413/413 418/418/418 412/412/412 
f 418/418/418 419/419/419 412/412/412 
f 412/412/412 419/419/419 419/419/419 
f 419/419/419 395/395/395 419/419/419 
f 419/419/419 395/395/395 395/395/395 
f 395/395/395 397/397/397 395/395/395 
f 395/395/395 397/397/397 399/399/399 
f 397/397/397 399/399/399 399/399/399 
f 399/399/399 399/399/399 400/400/400 
f 399/399/399 400/400/400 400/400/400 
f 400/400/400 400/400/400 396/396/396 
f 400/400/400 398/398/398 396/396/396 
f 396/396/396 398/398/398 398/398/398 
f 398/398/398 406/406/406 398/398/398 
f 398/398/398 406/406/406 406/406/406 
f 406/406/406 399/399/399 406/406/406 
f 406/406/406 399/399/399 401/401/401 
f 399/399/399 401/401/401 401/401/401 
f 401/401/401 401/401/401 420/420/420 
f 401/401/401 420/420/420 420/420/420 
f 420/420/420 420/420/420 421/421/421 
f 420/420/420 422/422/422 421/421/421 
f 421/421/421 422/422/422 423/423/423 
f 422/422/422 422/422/422 423/423/423 
f 423/423/423 422/422/422 424/424/424 
f 422/422/422 425/425/425 424/424/424 
f 424/424/424 425/425/425 424/424/424 
f 425/425/425 426/426/426 424/424/424 
f 424/424/424 426/426/426 427/427/427 
f 426/426/426 428/428/428 427/427/427 
f 427/427/427 428/428/428 429/429/429 
f 428/428/428 430/430/430 429/429/429 
f 429/429/429 430/430/430 430/430/430 
f 430/430/430 427/427/427 430/430/430 
f 430/430/430 427/427/427 427/427/427 
f 427/427/427 429/429/429 427/427/427 
f 427/427/427 429/429/429 431/431/431 
f 429/429/429 432/432/432 431/431/431 
f 431/431/431 432/432/432 431/431/431 
f 432/432/432 433/433/433 431/431/431 
f 431/431/431 433/433/433 431/431/431 
f 433/433/433 434/434/434 431/431/431 
f 431/431/431 434/434/434 427/427/427 
f 434/434/434 434/434/434 427/427/427 
f 427/427/427 434/434/434 424/424/424 
f 434/434/434 435/435/435 424/424/424 
f 424/424/424 435/435/435 424/424/424 
f 435/435/435 436/436/436 424/424/424 
f 424/424/424 436/436/436 423/423/423 
f 436/436/436 437/437/437 423/423/423 
f 423/423/423 437/437/437 421/421/421 
f 437/437/437 438/438/438 421/421/421 
f 421/421/421 438/438/438 439/439/439 
f 438/438/438 439/439/439 439/439/439 
f 439/439/439 439/439/439 440/440/440 
f 439/439/439 440/440/440 440/440/440 
f 440/440/440 440/440/440 441/441/441 
f 440/440/440 442/442/442 441/441/441 
f 441/441/441 442/442/442 441/441/441 
f 442/442/442 438/438/438 441/441/441 
f 441/441/441 438/438/438 443/443/443 
f 438/438/438 437/437/437 443/443/443 
f 443/443/443 437/437/437 444/444/444 
f 437/437/437 445/445/445 444/444/444 
f 444/444/444 445/445/445 446/446/446 
f 445/445/445 445/445/445 446/446/446 
f 446/446/446 445/445/445 447/447/447 
f 445/445/445 448/448/448 447/447/447 
f 447/447/447 448/448/448 449/449/449 
f 448/448/448 449/449/449 449/449/449 
f 449/449/449 449/449/449 448/448/448 
f 449/449/449 448/448/448 448/448/448 
f 448/448/448 448/448/448 450/450/450 
f 448/448/448 445/445/445 450/450/450 
f 450/450/450 445/445/445 450/450/450 
f 445/445/445 437/437/437 450/450/450 
f 450/450/450 437/437/437 450/450/450 
f 437/437/437 436/436/436 450/450/450 
f 450/450/450 436/436/436 450/450/450 
f 436/436/436 435/435/435 450/450/450 
f 450/450/450 435/435/435 450/450/450 
f 435/435/435 451/451/451 450/450/450 
f 450/450/450 451/451/451 448/448/448 
f 451/451/451 448/448/448 448/448/448 
f 448/448/448 448/448/448 435/435/435 
f 448/448/448 435/435/435 435/435/435 
f 435/435/435 435/435/435 452/452/452 
f 435/435/435 434/434/434 452/452/452 
f 452/452/452 434/434/434 453/453/453 
f 434/434/434 434/434/434 453/453/453 
f 453/453/453 434/434/434 454/454/454 
f 434/434/434 433/433/433 454/454/454 
f 454/454/454 433/433/433 454/454/454 
f 433/433/433 455/455/455 454/454/454 
f 454/454/454 455/455/455 456/456/456 
f 455/455/455 457/457/457 456/456/456 
f 456/456/456 457/457/457 457/457/457 
f 457/457/457 458/458/458 457/457/457 
f 457/457/457 458/458/458 458/458/458 
f 458/458/458 459/459/459 458/458/458 
f 458/458/458 459/459/459 460/460/460 
f 459/459/459 461/461/461 460/460/460 
f 460/460/460 461/461/461 462/462/462 
f 461/461/461 461/461/461 462/462/462 
f 462/462/462 461/461/461 463/463/463 
f 461/461/461 464/464/464 463/463/463 
f 463/463/463 464/464/464 465/465/465 
f 464/464/464 464/464/464 465/465/465 
f 465/465/465 464/464/464 466/466/466 
f 464/464/464 467/467/467 466/466/466 
f 466/466/466 467/467/467 468/468/468 
f 467/467/467 468/468/468 468/468/468 
f 468/468/468 468/468/468 459/459/459 
f 468/468/468 459/459/459 459/459/459 
f 459/459/459 459/459/459 461/461/461 
f 459/459/459 469/469/469 461/461/461 
f 461/461/461 469/469/469 464/464/464 
f 469/469/469 470/470/470 464/464/464 
f 464/464/464 470/470/470 464/464/464 
f 470/470/470 471/471/471 464/464/464 
f 464/464/464 471/471/471 467/467/467 
f 471/471/471 467/467/467 467/467/467 
f 467/467/467 467/467/467 472/472/472 
f 467/467/467 472/472/472 472/472/472 
f 472/472/472 472/472/472 473/473/473 
f 472/472/472 470/470/470 473/473/473 
f 473/473/473 470/470/470 474/474/474 
f 470/470/470 470/470/470 474/474/474 
f 474/474/474 470/470/470 475/475/475 
f 470/470/470 470/470/470 475/475/475 
f 475/475/475 470/470/470 476/476/476 
f 470/470/470 470/470/470 476/476/476 
f 476/476/476 470/470/470 477/477/477 
f 470/470/470 478/478/478 477/477/477 
f 477/477/477 478/478/478 479/479/479 
f 478/478/478 478/478/478 479/479/479 
f 479/479/479 478/478/478 480/480/480 
f 478/478/478 478/478/478 480/480/480 
f 480/480/480 478/478/478 481/481/481 
f 478/478/478 478/478/478 481/481/481 
f 481/481/481 478/478/478 482/482/482 
f 478/478/478 478/478/478 482/482/482 
f 482/482/482 478/478/478 483/483/483 
f 478/478/478 484/484/484 483/483/483 
f 483/483/483 484/484/484 485/485/485 
f 484/484/484 484/484/484 485/485/485 
f 485/485/485 484/484/484 486/486/486 
f 484/484/484 484/484/484 486/486/486 
f 486/486/486 484/484/484 487/487/487 
f 484/484/484 484/484/484 487/487/487 
f 487/487/487 484/484/484 488/488/488 
f 484/484/484 484/484/484 488/488/488 
f 488/488/488 484/484/484 489/489/489 
f 484/484/484 484/484/484 489/489/489 
f 489/489/489 484/484/484 490/490/490 
f 484/484/484 469/469/469 490/490/490 
f 490/490/490 469/469/469 491/491/491 
f 469/469/469 492/492/492 491/491/491 
f 491/491/491 492/492/492 492/492/492 
f 492/492/492 470/470/470 492/492/492 
f 492/492/492 470/470/470 470/470/470 
f 470/470/470 469/469/469 470/470/470 
f 470/470/470 469/469/469 478/478/478 
f 469/469/469 484/484/484 478/478/478 
f 478/478/478 484/484/484 484/484/484 
f 484/484/484 493/493/493 484/484/484 
f 484/484/484 493/493/493 493/493/493 
f 493/493/493 494/494/494 493/493/493 
f 493/493/493 494/494/494 495/495/495 
f 494/494/494 496/496/496 495/495/495 
f 495/495/495 496/496/496 497/497/497 
f 496/496/496 498/498/498 497/497/497 
f 497/497/497 498/498/498 498/498/498 
f 498/498/498 493/493/493 498/498/498 
f 498/498/498 493/493/493 493/493/493 
f 493/493/493 495/495/495 493/493/493 
f 493/493/493 495/495/495 499/499/499 
f 495/495/495 495/495/495 499/499/499 
f 499/499/499 495/495/495 500/500/500 
f 495/495/495 501/501/501 500/500/500 
f 500/500/500 501/501/501 502/502/502 
f 501/501/501 503/503/503 502/502/502 
f 502/502/502 503/503/503 502/502/502 
f 503/503/503 504/504/504 502/502/502 
f 502/502/502 504/504/504 502/502/502 
f 504/504/504 505/505/505 502/502/502 
f 502/502/502 505/505/505 500/500/500 
f 505/505/505 500/500/500 500/500/500 
f 500/500/500 500/500/500 495/495/495 
f 500/500/500 495/495/495 495/495/495 
f 495/495/495 495/495/495 501/501/501 
f 495/495/495 497/497/497 501/501/501 
f 501/501/501 497/497/497 506/506/506 
f 497/497/497 497/497/497 506/506/506 
f 506/506/506 497/497/497 507/507/507 
f 497/497/497 508/508/508 507/507/507 
f 507/507/507 508/508/508 509/509/509 
f 508/508/508 508/508/508 509/509/509 
f 509/509/509 508/508/508 510/510/510 
f 508/508/508 508/508/508 510/510/510 
f 510/510/510 508/508/508 511/511/511 
f 508/508/508 512/512/512 511/511/511 
f 511/511/511 512/512/512 513/513/513 
f 512/512/512 512/512/512 513/513/513 
f 513/513/513 512/512/512 514/514/514 
f 512/512/512 512/512/512 514/514/514 
f 514/514/514 512/512/512 515/515/515 
f 512/512/512 497/497/497 515/515/515 
f 515/515/515 497/497/497 515/515/515 
f 497/497/497 498/498/498 515/515/515 
f 515/515/515 498/498/498 516/516/516 
f 498/498/498 498/498/498 516/516/516 
f 516/516/516 498/498/498 517/517/517 
f 498/498/498 498/498/498 517/517/517 
f 517/517/517 498/498/498 518/518/518 
f 498/498/498 498/498/498 518/518/518 
f 518/518/518 498/498/498 519/519/519 
f 498/498/498 520/520/520 519/519/519 
f 519/519/519 520/520/520 521/521/521 
f 520/520/520 498/498/498 521/521/521 
f 521/521/521 498/498/498 498/498/498 
f 498/498/498 501/501/501 498/498/498 
f 498/498/498 501/501/501 501/501/501 
f 501/501/501 506/506/506 501/501/501 
f 501/501/501 506/506/506 503/503/503 
f 506/506/506 522/522/522 503/503/503 
f 503/503/503 522/522/522 522/522/522 
f 522/522/522 497/497/497 522/522/522 
f 522/522/522 497/497/497 497/497/497 
f 497/497/497 512/512/512 497/497/497 
f 497/497/497 512/512/512 508/508/508 
f 512/512/512 508/508/508 508/508/508 
f 508/508/508 508/508/508 519/519/519 
f 508/508/508 519/519/519 519/519/519 
f 519/519/519 519/519/519 523/523/523 
f 519/519/519 521/521/521 523/523/523 
f 523/523/523 521/521/521 523/523/523 
f 521/521/521 496/496/496 523/523/523 
f 523/523/523 496/496/496 524/524/524 
f 496/496/496 494/494/494 524/524/524 
f 524/524/524 494/494/494 525/525/525 
f 494/494/494 526/526/526 525/525/525 
f 525/525/525 526/526/526 527/527/527 
f 526/526/526 494/494/494 527/527/527 
f 527/527/527 494/494/494 528/528/528 
f 494/494/494 529/529/529 528/528/528 
f 528/528/528 529/529/529 530/530/530 
f 529/529/529 530/530/530 530/530/530 
f 530/530/530 530/530/530 494/494/494 
f 530/530/530 494/494/494 494/494/494 
f 494/494/494 494/494/494 529/529/529 
f 494/494/494 531/531/531 529/529/529 
f 529/529/529 531/531/531 531/531/531 
f 531/531/531 532/532/532 531/531/531 
f 531/531/531 532/532/532 532/532/532 
f 532/532/532 533/533/533 532/532/532 
f 532/532/532 533/533/533 534/534/534 
f 533/533/533 535/535/535 534/534/534 
f 534/534/534 535/535/535 536/536/536 
f 535/535/535 535/535/535 536/536/536 
f 536/536/536 535/535/535 537/537/537 
f 535/535/535 538/538/538 537/537/537 
f 537/537/537 538/538/538 539/539/539 
f 538/538/538 540/540/540 539/539/539 
f 539/539/539 540/540/540 541/541/541 
f 540/540/540 540/540/540 541/541/541 
f 541/541/541 540/540/540 542/542/542 
f 540/540/540 540/540/540 542/542/542 
f 542/542/542 540/540/540 543/543/543 
f 540/540/540 544/544/544 543/543/543 
f 543/543/543 544/544/544 543/543/543 
f 544/544/544 545/545/545 543/543/543 
f 543/543/543 545/545/545 546/546/546 
f 545/545/545 546/546/546 546/546/546 
f 546/546/546 546/546/546 533/533/533 
f 546/546/546 533/533/533 533/533/533 
f 533/533/533 533/533/533 535/535/535 
f 533/533/533 547/547/547 535/535/535 
f 535/535/535 547/547/547 544/544/544 
f 547/547/547 545/545/545 544/544/544 
f 544/544/544 545/545/545 545/545/545 
f 545/545/545 535/535/535 545/545/545 
f 545/545/545 535/535/535 535/535/535 
f 535/535/535 544/544/544 535/535/535 
f 535/535/535 544/544/544 538/538/538 
f 544/544/544 540/540/540 538/538/538 
f 538/538/538 540/540/540 540/540/540 
f 540/540/540 537/537/537 540/540/540 
f 540/540/540 537/537/537 537/537/537 
f 537/537/537 539/539/539 537/537/537 
f 537/537/537 539/539/539 548/548/548 
f 539/539/539 541/541/541 548/548/548 
f 548/548/548 541/541/541 541/541/541 
f 541/541/541 546/546/546 541/541/541 
f 541/541/541 546/546/546 546/546/546 
f 546/546/546 545/545/545 546/546/546 
f 546/546/546 545/545/545 549/549/549 
f 545/545/545 550/550/550 549/549/549 
f 549/549/549 550/550/550 551/551/551 
f 550/550/550 552/552/552 551/551/551 
f 551/551/551 552/552/552 553/553/553 
f 552/552/552 553/553/553 553/553/553 
f 553/553/553 553/553/553 552/552/552 
f 553/553/553 552/552/552 552/552/552 
f 552/552/552 552/552/552 554/554/554 
f 552/552/552 550/550/550 554/554/554 
f 554/554/554 550/550/550 554/554/554 
f 550/550/550 545/545/545 554/554/554 
f 554/554/554 545/545/545 555/555/555 
f 545/545/545 547/547/547 555/555/555 
f 555/555/555 547/547/547 556/556/556 
f 547/547/547 557/557/557 556/556/556 
f 556/556/556 557/557/557 556/556/556 
f 557/557/557 558/558/558 556/556/556 
f 556/556/556 558/558/558 556/556/556 
f 558/558/558 559/559/559 556/556/556 
f 556/556/556 559/559/559 560/560/560 
f 559/559/559 560/560/560 560/560/560 
f 560/560/560 560/560/560 554/554/554 
f 560/560/560 554/554/554 554/554/554 
f 554/554/554 554/554/554 552/552/552 
f 554/554/554 555/555/555 552/552/552 
f 552/552/552 555/555/555 561/561/561 
f 555/555/555 555/555/555 561/561/561 
f 561/561/561 555/555/555 562/562/562 
f 555/555/555 555/555/555 562/562/562 
f 562/562/562 555/555/555 563/563/563 
f 555/555/555 556/556/556 563/563/563 
f 563/563/563 556/556/556 556/556/556 
f 556/556/556 558/558/558 556/556/556 
f 556/556/556 558/558/558 558/558/558 
f 558/558/558 557/557/557 558/558/558 
f 558/558/558 557/557/557 564/564/564 
f 557/557/557 565/565/565 564/564/564 
f 564/564/564 565/565/565 565/565/565 
f 565/565/565 566/566/566 565/565/565 
f 565/565/565 566/566/566 566/566/566 
f 566/566/566 557/557/557 566/566/566 
f 566/566/566 557/557/557 567/567/567 
f 557/557/557 547/547/547 567/567/567 
f 567/567/567 547/547/547 568/568/568 
f 547/547/547 547/547/547 568/568/568 
f 568/568/568 547/547/547 569/569/569 
f 547/547/547 570/570/570 569/569/569 
f 569/569/569 570/570/570 570/570/570 
f 570/570/570 567/567/567 570/570/570 
f 570/570/570 567/567/567 567/567/567 
f 567/567/567 568/568/568 567/567/567 
f 567/567/567 568/568/568 571/571/571 
f 568/568/568 572/572/572 571/571/571 
f 571/571/571 572/572/572 572/572/572 
f 572/572/572 573/573/573 572/572/572 
f 572/572/572 573/573/573 573/573/573 
f 573/573/573 574/574/574 573/573/573 
f 573/573/573 574/574/574 575/575/575 
f 574/574/574 576/576/576 575/575/575 
f 575/575/575 576/576/576 577/577/577 
f 576/576/576 578/578/578 577/577/577 
f 577/577/577 578/578/578 578/578/578 
f 578/578/578 574/574/574 578/578/578 
f 578/578/578 574/574/574 574/574/574 
f 574/574/574 579/579/579 574/574/574 
f 574/574/574 579/579/579 576/576/576 
f 579/579/579 579/579/579 576/576/576 
f 576/576/576 579/579/579 580/580/580 
f 579/579/579 581/581/581 580/580/580 
f 580/580/580 581/581/581 578/578/578 
f 581/581/581 582/582/582 578/578/578 
f 578/578/578 582/582/582 583/583/583 
f 582/582/582 582/582/582 583/583/583 
f 583/583/583 582/582/582 584/584/584 
f 582/582/582 582/582/582 584/584/584 
f 584/584/584 582/582/582 585/585/585 
f 582/582/582 586/586/586 585/585/585 
f 585/585/585 586/586/586 585/585/585 
f 586/586/586 587/587/587 585/585/585 
f 585/585/585 587/587/587 585/585/585 
f 587/587/587 588/588/588 585/585/585 
f 585/585/585 588/588/588 585/585/585 
f 588/588/588 589/589/589 585/585/585 
f 585/585/585 589/589/589 590/590/590 
f 589/589/589 591/591/591 590/590/590 
f 590/590/590 591/591/591 591/591/591 
f 591/591/591 581/581/581 591/591/591 
f 591/591/591 581/581/581 581/581/581 
f 581/581/581 579/579/579 581/581/581 
f 581/581/581 579/579/579 592/592/592 
f 579/579/579 592/592/592 592/592/592 
f 592/592/592 592/592/592 581/581/581 
f 592/592/592 581/581/581 581/581/581 
f 581/581/581 581/581/581 582/582/582 
f 581/581/581 586/586/586 582/582/582 
f 582/582/582 586/586/586 586/586/586 
f 586/586/586 590/590/590 586/586/586 
f 586/586/586 590/590/590 590/590/590 
f 590/590/590 593/593/593 590/590/590 
f 590/590/590 593/593/593 585/585/585 
f 593/593/593 593/593/593 585/585/585 
f 585/585/585 593/593/593 584/584/584 
f 593/593/593 594/594/594 584/584/584 
f 584/584/584 594/594/594 583/583/583 
f 594/594/594 595/595/595 583/583/583 
f 583/583/583 595/595/595 583/583/583 
f 595/595/595 596/596/596 583/583/583 
f 583/583/583 596/596/596 597/597/597 
f 596/596/596 598/598/598 597/597/597 
f 597/597/597 598/598/598 598/598/598 
f 598/598/598 593/593/593 598/598/598 
f 598/598/598 593/593/593 593/593/593 
f 593/593/593 599/599/599 593/593/593 
f 593/593/593 599/599/599 594/594/594 
f 599/599/599 600/600/600 594/594/594 
f 594/594/594 600/600/600 600/600/600 
f 600/600/600 595/595/595 600/600/600 
f 600/600/600 595/595/595 595/595/595 
f 595/595/595 594/594/594 595/595/595 
f 595/595/595 594/594/594 601/601/601 
f 594/594/594 602/602/602 601/601/601 
f 601/601/601 602/602/602 603/603/603 
f 602/602/602 603/603/603 603/603/603 
f 603/603/603 603/603/603 604/604/604 
f 603/603/603 604/604/604 604/604/604 
f 604/604/604 604/604/604 605/605/605 
f 604/604/604 606/606/606 605/605/605 
f 605/605/605 606/606/606 606/606/606 
f 606/606/606 607/607/607 606/606/606 
f 606/606/606 607/607/607 607/607/607 
f 607/607/607 608/608/608 607/607/607 
f 607/607/607 608/608/608 609/609/609 
f 608/608/608 610/610/610 609/609/609 
f 609/609/609 610/610/610 610/610/610 
f 610/610/610 608/608/608 610/610/610 
f 610/610/610 608/608/608 608/608/608 
f 608/608/608 607/607/607 608/608/608 
f 608/608/608 607/607/607 611/611/611 
f 607/607/607 612/612/612 611/611/611 
f 611/611/611 612/612/612 613/613/613 
f 612/612/612 614/614/614 613/613/613 
f 613/613/613 614/614/614 615/615/615 
f 614/614/614 614/614/614 615/615/615 
f 615/615/615 614/614/614 616/616/616 
f 614/614/614 617/617/617 616/616/616 
f 616/616/616 617/617/617 616/616/616 
f 617/617/617 618/618/618 616/616/616 
f 616/616/616 618/618/618 619/619/619 
f 618/618/618 620/620/620 619/619/619 
f 619/619/619 620/620/620 621/621/621 
f 620/620/620 622/622/622 621/621/621 
f 621/621/621 622/622/622 621/621/621 
f 622/622/622 623/623/623 621/621/621 
f 621/621/621 623/623/623 619/619/619 
f 623/623/623 623/623/623 619/619/619 
f 619/619/619 623/623/623 616/616/616 
f 623/623/623 624/624/624 616/616/616 
f 616/616/616 624/624/624 615/615/615 
f 624/624/624 615/615/615 615/615/615 
f 615/615/615 615/615/615 618/618/618 
f 615/615/615 618/618/618 618/618/618 
f 618/618/618 618/618/618 620/620/620 
f 618/618/618 625/625/625 620/620/620 
f 620/620/620 625/625/625 620/620/620 
f 625/625/625 626/626/626 620/620/620 
f 620/620/620 626/626/626 620/620/620 
f 626/626/626 627/627/627 620/620/620 
f 620/620/620 627/627/627 620/620/620 
f 627/627/627 628/628/628 620/620/620 
f 620/620/620 628/628/628 622/622/622 
f 628/628/628 629/629/629 622/622/622 
f 622/622/622 629/629/629 622/622/622 
f 629/629/629 630/630/630 622/622/622 
f 622/622/622 630/630/630 631/631/631 
f 630/630/630 624/624/624 631/631/631 
f 631/631/631 624/624/624 631/631/631 
f 624/624/624 623/623/623 631/631/631 
f 631/631/631 623/623/623 622/622/622 
f 623/623/623 622/622/622 622/622/622 
f 622/622/622 622/622/622 628/628/628 
f 622/622/622 628/628/628 628/628/628 
f 628/628/628 628/628/628 629/629/629 
f 628/628/628 632/632/632 629/629/629 
f 629/629/629 632/632/632 633/633/633 
f 632/632/632 634/634/634 633/633/633 
f 633/633/633 634/634/634 635/635/635 
f 634/634/634 636/636/636 635/635/635 
f 635/635/635 636/636/636 635/635/635 
f 636/636/636 637/637/637 635/635/635 
f 635/635/635 637/637/637 635/635/635 
f 637/637/637 638/638/638 635/635/635 
f 635/635/635 638/638/638 633/633/633 
f 638/638/638 639/639/639 633/633/633 
f 633/633/633 639/639/639 629/629/629 
f 639/639/639 639/639/639 629/629/629 
f 629/629/629 639/639/639 630/630/630 
f 639/639/639 639/639/639 630/630/630 
f 630/630/630 639/639/639 624/624/624 
f 639/639/639 640/640/640 624/624/624 
f 624/624/624 640/640/640 624/624/624 
f 640/640/640 641/641/641 624/624/624 
f 624/624/624 641/641/641 642/642/642 
f 641/641/641 643/643/643 642/642/642 
f 642/642/642 643/643/643 615/615/615 
f 643/643/643 643/643/643 615/615/615 
f 615/615/615 643/643/643 613/613/613 
f 643/643/643 644/644/644 613/613/613 
f 613/613/613 644/644/644 608/608/608 
f 644/644/644 644/644/644 608/608/608 
f 608/608/608 644/644/644 610/610/610 
f 644/644/644 644/644/644 610/610/610 
f 610/610/610 644/644/644 645/645/645 
f 644/644/644 644/644/644 645/645/645 
f 645/645/645 644/644/644 646/646/646 
f 644/644/644 644/644/644 646/646/646 
f 646/646/646 644/644/644 647/647/647 
f 644/644/644 641/641/641 647/647/647 
f 647/647/647 641/641/641 647/647/647 
f 641/641/641 640/640/640 647/647/647 
f 647/647/647 640/640/640 647/647/647 
f 640/640/640 648/648/648 647/647/647 
f 647/647/647 648/648/648 647/647/647 
f 648/648/648 649/649/649 647/647/647 
f 647/647/647 649/649/649 650/650/650 
f 649/649/649 651/651/651 650/650/650 
f 650/650/650 651/651/651 650/650/650 
f 651/651/651 652/652/652 650/650/650 
f 650/650/650 652/652/652 653/653/653 
f 652/652/652 654/654/654 653/653/653 
f 653/653/653 654/654/654 654/654/654 
f 654/654/654 638/638/638 654/654/654 
f 654/654/654 638/638/638 638/638/638 
f 638/638/638 655/655/655 638/638/638 
f 638/638/638 655/655/655 639/639/639 
f 655/655/655 656/656/656 639/639/639 
f 639/639/639 656/656/656 640/640/640 
f 656/656/656 640/640/640 640/640/640 
f 640/640/640 640/640/640 615/615/615 
f 640/640/640 615/615/615 615/615/615 
f 615/615/615 615/615/615 642/642/642 
f 615/615/615 624/624/624 642/642/642 
f 642/642/642 624/624/624 624/624/624 
f 624/624/624 643/643/643 624/624/624 
f 624/624/624 643/643/643 643/643/643 
f 643/643/643 641/641/641 643/643/643 
f 643/643/643 641/641/641 644/644/644 
f 641/641/641 644/644/644 644/644/644 
f 644/644/644 644/644/644 657/657/657 
f 644/644/644 657/657/657 657/657/657 
f 657/657/657 657/657/657 653/653/653 
f 657/657/657 645/645/645 653/653/653 
f 653/653/653 645/645/645 658/658/658 
f 645/645/645 646/646/646 658/658/658 
f 658/658/658 646/646/646 658/658/658 
f 646/646/646 647/647/647 658/658/658 
f 658/658/658 647/647/647 658/658/658 
f 647/647/647 650/650/650 658/658/658 
f 658/658/658 650/650/650 653/653/653 
f 650/650/650 653/653/653 653/653/653 
f 653/653/653 653/653/653 659/659/659 
f 653/653/653 659/659/659 659/659/659 
f 659/659/659 659/659/659 660/660/660 
f 659/659/659 661/661/661 660/660/660 
f 660/660/660 661/661/661 662/662/662 
f 661/661/661 663/663/663 662/662/662 
f 662/662/662 663/663/663 664/664/664 
f 663/663/663 665/665/665 664/664/664 
f 664/664/664 665/665/665 666/666/666 
f 665/665/665 667/667/667 666/666/666 
f 666/666/666 667/667/667 667/667/667 
f 667/667/667 659/659/659 667/667/667 
f 667/667/667 659/659/659 659/659/659 
f 659/659/659 668/668/668 659/659/659 
f 659/659/659 668/668/668 661/661/661 
f 668/668/668 668/668/668 661/661/661 
f 661/661/661 668/668/668 663/663/663 
f 668/668/668 669/669/669 663/663/663 
f 663/663/663 669/669/669 670/670/670 
f 669/669/669 670/670/670 670/670/670 
f 670/670/670 670/670/670 671/671/671 
f 670/670/670 671/671/671 671/671/671 
f 671/671/671 671/671/671 672/672/672 
f 671/671/671 660/660/660 672/672/672 
f 672/672/672 660/660/660 673/673/673 
f 660/660/660 662/662/662 673/673/673 
f 673/673/673 662/662/662 662/662/662 
f 662/662/662 671/671/671 662/662/662 
f 662/662/662 671/671/671 671/671/671 
f 671/671/671 672/672/672 671/671/671 
f 671/671/671 672/672/672 674/674/674 
f 672/672/672 675/675/675 674/674/674 
f 674/674/674 675/675/675 676/676/676 
f 675/675/675 677/677/677 676/676/676 
f 676/676/676 677/677/677 676/676/676 
f 677/677/677 678/678/678 676/676/676 
f 676/676/676 678/678/678 679/679/679 
f 678/678/678 680/680/680 679/679/679 
f 679/679/679 680/680/680 681/681/681 
f 680/680/680 682/682/682 681/681/681 
f 681/681/681 682/682/682 683/683/683 
f 682/682/682 683/683/683 683/683/683 
f 683/683/683 683/683/683 672/672/672 
f 683/683/683 672/672/672 672/672/672 
f 672/672/672 672/672/672 675/675/675 
f 672/672/672 673/673/673 675/675/675 
f 675/675/675 673/673/673 677/677/677 
f 673/673/673 677/677/677 677/677/677 
f 677/677/677 677/677/677 682/682/682 
f 677/677/677 682/682/682 682/682/682 
f 682/682/682 682/682/682 684/684/684 
f 682/682/682 680/680/680 684/684/684 
f 684/684/684 680/680/680 684/684/684 
f 680/680/680 685/685/685 684/684/684 
f 684/684/684 685/685/685 686/686/686 
f 685/685/685 685/685/685 686/686/686 
f 686/686/686 685/685/685 687/687/687 
f 685/685/685 688/688/688 687/687/687 
f 687/687/687 688/688/688 689/689/689 
f 688/688/688 690/690/690 689/689/689 
f 689/689/689 690/690/690 691/691/691 
f 690/690/690 691/691/691 691/691/691 
f 691/691/691 691/691/691 690/690/690 
f 691/691/691 690/690/690 690/690/690 
f 690/690/690 690/690/690 692/692/692 
f 690/690/690 688/688/688 692/692/692 
f 692/692/692 688/688/688 692/692/692 
f 688/688/688 685/685/685 692/692/692 
f 692/692/692 685/685/685 693/693/693 
f 685/685/685 680/680/680 693/693/693 
f 693/693/693 680/680/680 693/693/693 
f 680/680/680 678/678/678 693/693/693 
f 693/693/693 678/678/678 694/694/694 
f 678/678/678 677/677/677 694/694/694 
f 694/694/694 677/677/677 677/677/677 
f 677/677/677 694/694/694 677/677/677 
f 677/677/677 694/694/694 694/694/694 
f 694/694/694 695/695/695 694/694/694 
f 694/694/694 695/695/695 693/693/693 
f 695/695/695 695/695/695 693/693/693 
f 693/693/693 695/695/695 692/692/692 
f 695/695/695 696/696/696 692/692/692 
f 692/692/692 696/696/696 697/697/697 
f 696/696/696 698/698/698 697/697/697 
f 697/697/697 698/698/698 697/697/697 
f 698/698/698 699/699/699 697/697/697 
f 697/697/697 699/699/699 690/690/690 
f 699/699/699 700/700/700 690/690/690 
f 690/690/690 700/700/700 691/691/691 
f 700/700/700 700/700/700 691/691/691 
f 691/691/691 700/700/700 701/701/701 
f 700/700/700 700/700/700 701/701/701 
f 701/701/701 700/700/700 702/702/702 
f 700/700/700 703/703/703 702/702/702 
f 702/702/702 703/703/703 704/704/704 
f 703/703/703 705/705/705 704/704/704 
f 704/704/704 705/705/705 704/704/704 
f 705/705/705 706/706/706 704/704/704 
f 704/704/704 706/706/706 702/702/702 
f 706/706/706 702/702/702 702/702/702 
f 702/702/702 702/702/702 695/695/695 
f 702/702/702 695/695/695 695/695/695 
f 695/695/695 695/695/695 696/696/696 
f 695/695/695 694/694/694 696/696/696 
f 696/696/696 694/694/694 698/698/698 
f 694/694/694 707/707/707 698/698/698 
f 698/698/698 707/707/707 703/703/703 
f 707/707/707 708/708/708 703/703/703 
f 703/703/703 708/708/708 705/705/705 
f 708/708/708 705/705/705 705/705/705 
f 705/705/705 705/705/705 690/690/690 
f 705/705/705 690/690/690 690/690/690 
f 690/690/690 690/690/690 697/697/697 
f 690/690/690 692/692/692 697/697/697 
f 697/697/697 692/692/692 692/692/692 
f 692/692/692 694/694/694 692/692/692 
f 692/692/692 694/694/694 694/694/694 
f 694/694/694 677/677/677 694/694/694 
f 694/694/694 677/677/677 707/707/707 
f 677/677/677 673/673/673 707/707/707 
f 707/707/707 673/673/673 708/708/708 
f 673/673/673 662/662/662 708/708/708 
f 708/708/708 662/662/662 708/708/708 
f 662/662/662 664/664/664 708/708/708 
f 708/708/708 664/664/664 705/705/705 
f 664/664/664 709/709/709 705/705/705 
f 705/705/705 709/709/709 710/710/710 
f 709/709/709 709/709/709 710/710/710 
f 710/710/710 709/709/709 711/711/711 
f 709/709/709 664/664/664 711/711/711 
f 711/711/711 664/664/664 666/666/666 
f 664/664/664 666/666/666 666/666/666 
f 666/666/666 666/666/666 705/705/705 
f 666/666/666 705/705/705 705/705/705 
f 705/705/705 705/705/705 706/706/706 
f 705/705/705 710/710/710 706/706/706 
f 706/706/706 710/710/710 706/706/706 
f 710/710/710 712/712/712 706/706/706 
f 706/706/706 712/712/712 706/706/706 
f 712/712/712 713/713/713 706/706/706 
f 706/706/706 713/713/713 706/706/706 
f 713/713/713 714/714/714 706/706/706 
f 706/706/706 714/714/714 715/715/715 
f 714/714/714 716/716/716 715/715/715 
f 715/715/715 716/716/716 715/715/715 
f 716/716/716 717/717/717 715/715/715 
f 715/715/715 717/717/717 715/715/715 
f 717/717/717 718/718/718 715/715/715 
f 715/715/715 718/718/718 706/706/706 
f 718/718/718 718/718/718 706/706/706 
f 706/706/706 718/718/718 702/702/702 
f 718/718/718 718/718/718 702/702/702 
f 702/702/702 718/718/718 701/701/701 
f 718/718/718 719/719/719 701/701/701 
f 701/701/701 719/719/719 691/691/691 
f 719/719/719 719/719/719 691/691/691 
f 691/691/691 719/719/719 720/720/720 
f 719/719/719 721/721/721 720/720/720 
f 720/720/720 721/721/721 722/722/722 
f 721/721/721 723/723/723 722/722/722 
f 722/722/722 723/723/723 723/723/723 
f 723/723/723 714/714/714 723/723/723 
f 723/723/723 714/714/714 714/714/714 
f 714/714/714 724/724/724 714/714/714 
f 714/714/714 724/724/724 716/716/716 
f 724/724/724 716/716/716 716/716/716 
f 716/716/716 716/716/716 721/721/721 
f 716/716/716 721/721/721 721/721/721 
f 721/721/721 721/721/721 725/725/725 
f 721/721/721 719/719/719 725/725/725 
f 725/725/725 719/719/719 726/726/726 
f 719/719/719 718/718/718 726/726/726 
f 726/726/726 718/718/718 726/726/726 
f 718/718/718 717/717/717 726/726/726 
f 726/726/726 717/717/717 727/727/727 
f 717/717/717 728/728/728 727/727/727 
f 727/727/727 728/728/728 727/727/727 
f 728/728/728 729/729/729 727/727/727 
f 727/727/727 729/729/729 727/727/727 
f 729/729/729 730/730/730 727/727/727 
f 727/727/727 730/730/730 726/726/726 
f 730/730/730 725/725/725 726/726/726 
f 726/726/726 725/725/725 725/725/725 
f 725/725/725 717/717/717 725/725/725 
f 725/725/725 717/717/717 717/717/717 
f 717/717/717 716/716/716 717/717/717 
f 717/717/717 716/716/716 728/728/728 
f 716/716/716 716/716/716 728/728/728 
f 728/728/728 716/716/716 731/731/731 
f 716/716/716 732/732/732 731/731/731 
f 731/731/731 732/732/732 731/731/731 
f 732/732/732 733/733/733 731/731/731 
f 731/731/731 733/733/733 734/734/734 
f 733/733/733 735/735/735 734/734/734 
f 734/734/734 735/735/735 736/736/736 
f 735/735/735 735/735/735 736/736/736 
f 736/736/736 735/735/735 737/737/737 
f 735/735/735 735/735/735 737/737/737 
f 737/737/737 735/735/735 667/667/667 
f 735/735/735 738/738/738 667/667/667 
f 667/667/667 738/738/738 666/666/666 
f 738/738/738 666/666/666 666/666/666 
f 666/666/666 666/666/666 731/731/731 
f 666/666/666 731/731/731 731/731/731 
f 731/731/731 731/731/731 739/739/739 
f 731/731/731 734/734/734 739/739/739 
f 739/739/739 734/734/734 739/739/739 
f 734/734/734 740/740/740 739/739/739 
f 739/739/739 740/740/740 741/741/741 
f 740/740/740 741/741/741 741/741/741 
f 741/741/741 741/741/741 735/735/735 
f 741/741/741 735/735/735 735/735/735 
f 735/735/735 735/735/735 738/738/738 
f 735/735/735 733/733/733 738/738/738 
f 738/738/738 733/733/733 742/742/742 
f 733/733/733 732/732/732 742/742/742 
f 742/742/742 732/732/732 738/738/738 
f 732/732/732 743/743/743 738/738/738 
f 738/738/738 743/743/743 738/738/738 
f 743/743/743 744/744/744 738/738/738 
f 738/738/738 744/744/744 666/666/666 
f 744/744/744 744/744/744 666/666/666 
f 666/666/666 744/744/744 711/711/711 
f 744/744/744 712/712/712 711/711/711 
f 711/711/711 712/712/712 712/712/712 
f 712/712/712 732/732/732 712/712/712 
f 712/712/712 732/732/732 732/732/732 
f 732/732/732 724/724/724 732/732/732 
f 732/732/732 724/724/724 743/743/743 
f 724/724/724 743/743/743 743/743/743 
f 743/743/743 743/743/743 745/745/745 
f 743/743/743 745/745/745 745/745/745 
f 745/745/745 745/745/745 746/746/746 
f 745/745/745 747/747/747 746/746/746 
f 746/746/746 747/747/747 746/746/746 
f 747/747/747 748/748/748 746/746/746 
f 746/746/746 748/748/748 749/749/749 
f 748/748/748 749/749/749 749/749/749 
f 749/749/749 749/749/749 745/745/745 
f 749/749/749 745/745/745 745/745/745 
f 745/745/745 745/745/745 750/750/750 
f 745/745/745 746/746/746 750/750/750 
f 750/750/750 746/746/746 750/750/750 
f 746/746/746 751/751/751 750/750/750 
f 750/750/750 751/751/751 750/750/750 
f 751/751/751 752/752/752 750/750/750 
f 750/750/750 752/752/752 753/753/753 
f 752/752/752 754/754/754 753/753/753 
f 753/753/753 754/754/754 755/755/755 
f 754/754/754 754/754/754 755/755/755 
f 755/755/755 754/754/754 756/756/756 
f 754/754/754 754/754/754 756/756/756 
f 756/756/756 754/754/754 757/757/757 
f 754/754/754 758/758/758 757/757/757 
f 757/757/757 758/758/758 759/759/759 
f 758/758/758 760/760/760 759/759/759 
f 759/759/759 760/760/760 761/761/761 
f 760/760/760 751/751/751 761/761/761 
f 761/761/761 751/751/751 751/751/751 
f 751/751/751 754/754/754 751/751/751 
f 751/751/751 754/754/754 754/754/754 
f 754/754/754 752/752/752 754/754/754 
f 754/754/754 752/752/752 758/758/758 
f 752/752/752 751/751/751 758/758/758 
f 758/758/758 751/751/751 751/751/751 
f 751/751/751 757/757/757 751/751/751 
f 751/751/751 757/757/757 757/757/757 
f 757/757/757 759/759/759 757/757/757 
f 757/757/757 759/759/759 762/762/762 
f 759/759/759 759/759/759 762/762/762 
f 762/762/762 759/759/759 763/763/763 
f 759/759/759 759/759/759 763/763/763 
f 763/763/763 759/759/759 764/764/764 
f 759/759/759 759/759/759 764/764/764 
f 764/764/764 759/759/759 765/765/765 
f 759/759/759 766/766/766 765/765/765 
f 765/765/765 766/766/766 767/767/767 
f 766/766/766 761/761/761 767/767/767 
f 767/767/767 761/761/761 768/768/768 
f 761/761/761 769/769/769 768/768/768 
f 768/768/768 769/769/769 746/746/746 
f 769/769/769 751/751/751 746/746/746 
f 746/746/746 751/751/751 751/751/751 
f 751/751/751 761/761/761 751/751/751 
f 751/751/751 761/761/761 761/761/761 
f 761/761/761 766/766/766 761/761/761 
f 761/761/761 766/766/766 759/759/759 
f 766/766/766 759/759/759 759/759/759 
f 759/759/759 759/759/759 746/746/746 
f 759/759/759 746/746/746 746/746/746 
f 746/746/746 746/746/746 768/768/768 
f 746/746/746 749/749/749 768/768/768 
f 768/768/768 749/749/749 767/767/767 
f 749/749/749 770/770/770 767/767/767 
f 767/767/767 770/770/770 771/771/771 
f 770/770/770 772/772/772 771/771/771 
f 771/771/771 772/772/772 765/765/765 
f 772/772/772 773/773/773 765/765/765 
f 765/765/765 773/773/773 774/774/774 
f 773/773/773 773/773/773 774/774/774 
f 774/774/774 773/773/773 775/775/775 
f 773/773/773 770/770/770 775/775/775 
f 775/775/775 770/770/770 776/776/776 
f 770/770/770 749/749/749 776/776/776 
f 776/776/776 749/749/749 776/776/776 
f 749/749/749 777/777/777 776/776/776 
f 776/776/776 777/777/777 778/778/778 
f 777/777/777 779/779/779 778/778/778 
f 778/778/778 779/779/779 780/780/780 
f 779/779/779 781/781/781 780/780/780 
f 780/780/780 781/781/781 781/781/781 
f 781/781/781 771/771/771 781/781/781 
f 781/781/781 771/771/771 771/771/771 
f 771/771/771 765/765/765 771/771/771 
f 771/771/771 765/765/765 767/767/767 
f 765/765/765 767/767/767 767/767/767 
f 767/767/767 767/767/767 770/770/770 
f 767/767/767 770/770/770 770/770/770 
f 770/770/770 770/770/770 772/772/772 
f 770/770/770 773/773/773 772/772/772 
f 772/772/772 773/773/773 773/773/773 
f 773/773/773 776/776/776 773/773/773 
f 773/773/773 776/776/776 776/776/776 
f 776/776/776 778/778/778 776/776/776 
f 776/776/776 778/778/778 775/775/775 
f 778/778/778 780/780/780 775/775/775 
f 775/775/775 780/780/780 782/782/782 
f 780/780/780 782/782/782 782/782/782 
f 782/782/782 782/782/782 747/747/747 
f 782/782/782 747/747/747 747/747/747 
f 747/747/747 747/747/747 748/748/748 
f 747/747/747 783/783/783 748/748/748 
f 748/748/748 783/783/783 784/784/784 
f 783/783/783 785/785/785 784/784/784 
f 784/784/784 785/785/785 786/786/786 
f 785/785/785 787/787/787 786/786/786 
f 786/786/786 787/787/787 786/786/786 
f 787/787/787 788/788/788 786/786/786 
f 786/786/786 788/788/788 781/781/781 
f 788/788/788 789/789/789 781/781/781 
f 781/781/781 789/789/789 789/789/789 
f 789/789/789 748/748/748 789/789/789 
f 789/789/789 748/748/748 748/748/748 
f 748/748/748 784/784/784 748/748/748 
f 748/748/748 784/784/784 749/749/749 
f 784/784/784 784/784/784 749/749/749 
f 749/749/749 784/784/784 777/777/777 
f 784/784/784 784/784/784 777/777/777 
f 777/777/777 784/784/784 779/779/779 
f 784/784/784 786/786/786 779/779/779 
f 779/779/779 786/786/786 781/781/781 
f 786/786/786 781/781/781 781/781/781 
f 781/781/781 781/781/781 782/782/782 
f 781/781/781 782/782/782 782/782/782 
f 782/782/782 782/782/782 775/775/775 
f 782/782/782 790/790/790 775/775/775 
f 775/775/775 790/790/790 775/775/775 
f 790/790/790 791/791/791 775/775/775 
f 775/775/775 791/791/791 774/774/774 
f 791/791/791 792/792/792 774/774/774 
f 774/774/774 792/792/792 765/765/765 
f 792/792/792 792/792/792 765/765/765 
f 765/765/765 792/792/792 764/764/764 
f 792/792/792 793/793/793 764/764/764 
f 764/764/764 793/793/793 794/794/794 
f 793/793/793 794/794/794 794/794/794 
f 794/794/794 794/794/794 792/792/792 
f 794/794/794 792/792/792 792/792/792 
f 792/792/792 792/792/792 793/793/793 
f 792/792/792 795/795/795 793/793/793 
f 793/793/793 795/795/795 796/796/796 
f 795/795/795 797/797/797 796/796/796 
f 796/796/796 797/797/797 798/798/798 
f 797/797/797 799/799/799 798/798/798 
f 798/798/798 799/799/799 798/798/798 
f 799/799/799 800/800/800 798/798/798 
f 798/798/798 800/800/800 798/798/798 
f 800/800/800 801/801/801 798/798/798 
f 798/798/798 801/801/801 796/796/796 
f 801/801/801 801/801/801 796/796/796 
f 796/796/796 801/801/801 802/802/802 
f 801/801/801 803/803/803 802/802/802 
f 802/802/802 803/803/803 803/803/803 
f 803/803/803 795/795/795 803/803/803 
f 803/803/803 795/795/795 795/795/795 
f 795/795/795 804/804/804 795/795/795 
f 795/795/795 804/804/804 797/797/797 
f 804/804/804 797/797/797 797/797/797 
f 797/797/797 797/797/797 797/797/797 
f 797/797/797 797/797/797 797/797/797 
f 797/797/797 797/797/797 799/799/799 
f 797/797/797 805/805/805 799/799/799 
f 799/799/799 805/805/805 805/805/805 
f 805/805/805 804/804/804 805/805/805 
f 805/805/805 804/804/804 804/804/804 
f 804/804/804 806/806/806 804/804/804 
f 804/804/804 806/806/806 805/805/805 
f 806/806/806 795/795/795 805/805/805 
f 805/805/805 795/795/795 805/805/805 
f 795/795/795 792/792/792 805/805/805 
f 805/805/805 792/792/792 807/807/807 
f 792/792/792 791/791/791 807/807/807 
f 807/807/807 791/791/791 808/808/808 
f 791/791/791 790/790/790 808/808/808 
f 808/808/808 790/790/790 808/808/808 
f 790/790/790 809/809/809 808/808/808 
f 808/808/808 809/809/809 808/808/808 
f 809/809/809 810/810/810 808/808/808 
f 808/808/808 810/810/810 808/808/808 
f 810/810/810 811/811/811 808/808/808 
f 808/808/808 811/811/811 805/805/805 
f 811/811/811 799/799/799 805/805/805 
f 805/805/805 799/799/799 799/799/799 
f 799/799/799 805/805/805 799/799/799 
f 799/799/799 805/805/805 805/805/805 
f 805/805/805 807/807/807 805/805/805 
f 805/805/805 807/807/807 808/808/808 
f 807/807/807 808/808/808 808/808/808 
f 808/808/808 808/808/808 812/812/812 
f 808/808/808 812/812/812 812/812/812 
f 812/812/812 812/812/812 813/813/813 
f 812/812/812 814/814/814 813/813/813 
f 813/813/813 814/814/814 815/815/815 
f 814/814/814 816/816/816 815/815/815 
f 815/815/815 816/816/816 817/817/817 
f 816/816/816 817/817/817 817/817/817 
f 817/817/817 817/817/817 818/818/818 
f 817/817/817 818/818/818 818/818/818 
f 818/818/818 818/818/818 819/819/819 
f 818/818/818 820/820/820 819/819/819 
f 819/819/819 820/820/820 820/820/820 
f 820/820/820 581/581/581 820/820/820 
f 820/820/820 581/581/581 581/581/581 
f 581/581/581 592/592/592 581/581/581 
f 581/581/581 592/592/592 821/821/821 
f 592/592/592 822/822/822 821/821/821 
f 821/821/821 822/822/822 821/821/821 
f 822/822/822 823/823/823 821/821/821 
f 821/821/821 823/823/823 821/821/821 
f 823/823/823 824/824/824 821/821/821 
f 821/821/821 824/824/824 821/821/821 
f 824/824/824 586/586/586 821/821/821 
f 821/821/821 586/586/586 581/581/581 
f 586/586/586 581/581/581 581/581/581 
f 581/581/581 581/581/581 825/825/825 
f 581/581/581 825/825/825 825/825/825 
f 825/825/825 825/825/825 826/826/826 
f 825/825/825 827/827/827 826/826/826 
f 826/826/826 827/827/827 828/828/828 
f 827/827/827 829/829/829 828/828/828 
f 828/828/828 829/829/829 828/828/828 
f 829/829/829 830/830/830 828/828/828 
f 828/828/828 830/830/830 831/831/831 
f 830/830/830 830/830/830 831/831/831 
f 831/831/831 830/830/830 832/832/832 
f 830/830/830 830/830/830 832/832/832 
f 832/832/832 830/830/830 833/833/833 
f 830/830/830 834/834/834 833/833/833 
f 833/833/833 834/834/834 835/835/835 
f 834/834/834 836/836/836 835/835/835 
f 835/835/835 836/836/836 837/837/837 
f 836/836/836 837/837/837 837/837/837 
f 837/837/837 837/837/837 826/826/826 
f 837/837/837 826/826/826 826/826/826 
f 826/826/826 826/826/826 838/838/838 
f 826/826/826 839/839/839 838/838/838 
f 838/838/838 839/839/839 840/840/840 
f 839/839/839 840/840/840 840/840/840 
f 840/840/840 840/840/840 826/826/826 
f 840/840/840 826/826/826 826/826/826 
f 826/826/826 826/826/826 839/839/839 
f 826/826/826 828/828/828 839/839/839 
f 839/839/839 828/828/828 831/831/831 
f 828/828/828 831/831/831 831/831/831 
f 831/831/831 831/831/831 835/835/835 
f 831/831/831 835/835/835 835/835/835 
f 835/835/835 835/835/835 833/833/833 
f 835/835/835 841/841/841 833/833/833 
f 833/833/833 841/841/841 842/842/842 
f 841/841/841 841/841/841 842/842/842 
f 842/842/842 841/841/841 843/843/843 
f 841/841/841 835/835/835 843/843/843 
f 843/843/843 835/835/835 843/843/843 
f 835/835/835 844/844/844 843/843/843 
f 843/843/843 844/844/844 845/845/845 
f 844/844/844 846/846/846 845/845/845 
f 845/845/845 846/846/846 847/847/847 
f 846/846/846 848/848/848 847/847/847 
f 847/847/847 848/848/848 847/847/847 
f 848/848/848 849/849/849 847/847/847 
f 847/847/847 849/849/849 850/850/850 
f 849/849/849 851/851/851 850/850/850 
f 850/850/850 851/851/851 850/850/850 
f 851/851/851 852/852/852 850/850/850 
f 850/850/850 852/852/852 853/853/853 
f 852/852/852 852/852/852 853/853/853 
f 853/853/853 852/852/852 854/854/854 
f 852/852/852 855/855/855 854/854/854 
f 854/854/854 855/855/855 856/856/856 
f 855/855/855 855/855/855 856/856/856 
f 856/856/856 855/855/855 857/857/857 
f 855/855/855 858/858/858 857/857/857 
f 857/857/857 858/858/858 857/857/857 
f 858/858/858 859/859/859 857/857/857 
f 857/857/857 859/859/859 860/860/860 
f 859/859/859 860/860/860 860/860/860 
f 860/860/860 860/860/860 845/845/845 
f 860/860/860 845/845/845 845/845/845 
f 845/845/845 845/845/845 861/861/861 
f 845/845/845 847/847/847 861/861/861 
f 861/861/861 847/847/847 850/850/850 
f 847/847/847 850/850/850 850/850/850 
f 850/850/850 850/850/850 848/848/848 
f 850/850/850 848/848/848 848/848/848 
f 848/848/848 848/848/848 862/862/862 
f 848/848/848 846/846/846 862/862/862 
f 862/862/862 846/846/846 863/863/863 
f 846/846/846 863/863/863 863/863/863 
f 863/863/863 863/863/863 864/864/864 
f 863/863/863 864/864/864 864/864/864 
f 864/864/864 864/864/864 865/865/865 
f 864/864/864 866/866/866 865/865/865 
f 865/865/865 866/866/866 867/867/867 
f 866/866/866 868/868/868 867/867/867 
f 867/867/867 868/868/868 867/867/867 
f 868/868/868 869/869/869 867/867/867 
f 867/867/867 869/869/869 870/870/870 
f 869/869/869 871/871/871 870/870/870 
f 870/870/870 871/871/871 856/856/856 
f 871/871/871 871/871/871 856/856/856 
f 856/856/856 871/871/871 854/854/854 
f 871/871/871 872/872/872 854/854/854 
f 854/854/854 872/872/872 853/853/853 
f 872/872/872 853/853/853 853/853/853 
f 853/853/853 853/853/853 856/856/856 
f 853/853/853 856/856/856 856/856/856 
f 856/856/856 856/856/856 870/870/870 
f 856/856/856 857/857/857 870/870/870 
f 870/870/870 857/857/857 867/867/867 
f 857/857/857 865/865/865 867/867/867 
f 867/867/867 865/865/865 865/865/865 
f 865/865/865 864/864/864 865/865/865 
f 865/865/865 864/864/864 864/864/864 
f 864/864/864 873/873/873 864/864/864 
f 864/864/864 873/873/873 866/866/866 
f 873/873/873 868/868/868 866/866/866 
f 866/866/866 868/868/868 868/868/868 
f 868/868/868 869/869/869 868/868/868 
f 868/868/868 869/869/869 869/869/869 
f 869/869/869 868/868/868 869/869/869 
f 869/869/869 868/868/868 871/871/871 
f 868/868/868 874/874/874 871/871/871 
f 871/871/871 874/874/874 872/872/872 
f 874/874/874 875/875/875 872/872/872 
f 872/872/872 875/875/875 853/853/853 
f 875/875/875 876/876/876 853/853/853 
f 853/853/853 876/876/876 877/877/877 
f 876/876/876 878/878/878 877/877/877 
f 877/877/877 878/878/878 843/843/843 
f 878/878/878 842/842/842 843/843/843 
f 843/843/843 842/842/842 842/842/842 
f 842/842/842 853/853/853 842/842/842 
f 842/842/842 853/853/853 853/853/853 
f 853/853/853 877/877/877 853/853/853 
f 853/853/853 877/877/877 850/850/850 
f 877/877/877 877/877/877 850/850/850 
f 850/850/850 877/877/877 861/861/861 
f 877/877/877 843/843/843 861/861/861 
f 861/861/861 843/843/843 843/843/843 
f 843/843/843 874/874/874 843/843/843 
f 843/843/843 874/874/874 874/874/874 
f 874/874/874 879/879/879 874/874/874 
f 874/874/874 879/879/879 875/875/875 
f 879/879/879 879/879/879 875/875/875 
f 875/875/875 879/879/879 876/876/876 
f 879/879/879 880/880/880 876/876/876 
f 876/876/876 880/880/880 878/878/878 
f 880/880/880 878/878/878 878/878/878 
f 878/878/878 878/878/878 881/881/881 
f 878/878/878 881/881/881 881/881/881 
f 881/881/881 881/881/881 882/882/882 
f 881/881/881 883/883/883 882/882/882 
f 882/882/882 883/883/883 873/873/873 
f 883/883/883 884/884/884 873/873/873 
f 873/873/873 884/884/884 868/868/868 
f 884/884/884 885/885/885 868/868/868 
f 868/868/868 885/885/885 874/874/874 
f 885/885/885 885/885/885 874/874/874 
f 874/874/874 885/885/885 879/879/879 
f 885/885/885 880/880/880 879/879/879 
f 879/879/879 880/880/880 880/880/880 
f 880/880/880 886/886/886 880/880/880 
f 880/880/880 886/886/886 886/886/886 
f 886/886/886 838/838/838 886/886/886 
f 886/886/886 838/838/838 887/887/887 
f 838/838/838 838/838/838 887/887/887 
f 887/887/887 838/838/838 888/888/888 
f 838/838/838 840/840/840 888/888/888 
f 888/888/888 840/840/840 883/883/883 
f 840/840/840 840/840/840 883/883/883 
f 883/883/883 840/840/840 884/884/884 
f 840/840/840 839/839/839 884/884/884 
f 884/884/884 839/839/839 889/889/889 
f 839/839/839 831/831/831 889/889/889 
f 889/889/889 831/831/831 831/831/831 
f 831/831/831 884/884/884 831/831/831 
f 831/831/831 884/884/884 884/884/884 
f 884/884/884 889/889/889 884/884/884 
f 884/884/884 889/889/889 885/885/885 
f 889/889/889 890/890/890 885/885/885 
f 885/885/885 890/890/890 880/880/880 
f 890/890/890 890/890/890 880/880/880 
f 880/880/880 890/890/890 878/878/878 
f 890/890/890 891/891/891 878/878/878 
f 878/878/878 891/891/891 892/892/892 
f 891/891/891 891/891/891 892/892/892 
f 892/892/892 891/891/891 893/893/893 
f 891/891/891 890/890/890 893/893/893 
f 893/893/893 890/890/890 890/890/890 
f 890/890/890 878/878/878 890/890/890 
f 890/890/890 878/878/878 878/878/878 
f 878/878/878 892/892/892 878/878/878 
f 878/878/878 892/892/892 842/842/842 
f 892/892/892 894/894/894 842/842/842 
f 842/842/842 894/894/894 894/894/894 
f 894/894/894 890/890/890 894/894/894 
f 894/894/894 890/890/890 890/890/890 
f 890/890/890 889/889/889 890/890/890 
f 890/890/890 889/889/889 894/894/894 
f 889/889/889 895/895/895 894/894/894 
f 894/894/894 895/895/895 896/896/896 
f 895/895/895 831/831/831 896/896/896 
f 896/896/896 831/831/831 896/896/896 
f 831/831/831 832/832/832 896/896/896 
f 896/896/896 832/832/832 833/833/833 
f 832/832/832 833/833/833 833/833/833 
f 833/833/833 833/833/833 831/831/831 
f 833/833/833 831/831/831 831/831/831 
f 831/831/831 831/831/831 889/889/889 
f 831/831/831 895/895/895 889/889/889 
f 889/889/889 895/895/895 895/895/895 
f 895/895/895 897/897/897 895/895/895 
f 895/895/895 897/897/897 897/897/897 
f 897/897/897 898/898/898 897/897/897 
f 897/897/897 898/898/898 899/899/899 
f 898/898/898 899/899/899 899/899/899 
f 899/899/899 899/899/899 900/900/900 
f 899/899/899 900/900/900 900/900/900 
f 900/900/900 900/900/900 901/901/901 
f 900/900/900 902/902/902 901/901/901 
f 901/901/901 902/902/902 903/903/903 
f 902/902/902 903/903/903 903/903/903 
f 903/903/903 903/903/903 904/904/904 
f 903/903/903 904/904/904 904/904/904 
f 904/904/904 904/904/904 905/905/905 
f 904/904/904 906/906/906 905/905/905 
f 905/905/905 906/906/906 906/906/906 
f 906/906/906 907/907/907 906/906/906 
f 906/906/906 907/907/907 907/907/907 
f 907/907/907 908/908/908 907/907/907 
f 907/907/907 908/908/908 904/904/904 
f 908/908/908 904/904/904 904/904/904 
f 904/904/904 904/904/904 909/909/909 
f 904/904/904 909/909/909 909/909/909 
f 909/909/909 909/909/909 910/910/910 
f 909/909/909 911/911/911 910/910/910 
f 910/910/910 911/911/911 910/910/910 
f 911/911/911 912/912/912 910/910/910 
f 910/910/910 912/912/912 910/910/910 
f 912/912/912 913/913/913 910/910/910 
f 910/910/910 913/913/913 910/910/910 
f 913/913/913 914/914/914 910/910/910 
f 910/910/910 914/914/914 910/910/910 
f 914/914/914 915/915/915 910/910/910 
f 910/910/910 915/915/915 910/910/910 
f 915/915/915 916/916/916 910/910/910 
f 910/910/910 916/916/916 910/910/910 
f 916/916/916 917/917/917 910/910/910 
f 910/910/910 917/917/917 910/910/910 
f 917/917/917 918/918/918 910/910/910 
f 910/910/910 918/918/918 919/919/919 
f 918/918/918 920/920/920 919/919/919 
f 919/919/919 920/920/920 921/921/921 
f 920/920/920 918/918/918 921/921/921 
f 921/921/921 918/918/918 918/918/918 
f 918/918/918 909/909/909 918/918/918 
f 918/918/918 909/909/909 909/909/909 
f 909/909/909 910/910/910 909/909/909 
f 909/909/909 910/910/910 922/922/922 
f 910/910/910 923/923/923 922/922/922 
f 922/922/922 923/923/923 923/923/923 
f 923/923/923 921/921/921 923/923/923 
f 923/923/923 921/921/921 921/921/921 
f 921/921/921 924/924/924 921/921/921 
f 921/921/921 924/924/924 919/919/919 
f 924/924/924 925/925/925 919/919/919 
f 919/919/919 925/925/925 919/919/919 
f 925/925/925 926/926/926 919/919/919 
f 919/919/919 926/926/926 919/919/919 
f 926/926/926 927/927/927 919/919/919 
f 919/919/919 927/927/927 919/919/919 
f 927/927/927 928/928/928 919/919/919 
f 919/919/919 928/928/928 929/929/929 
f 928/928/928 930/930/930 929/929/929 
f 929/929/929 930/930/930 931/931/931 
f 930/930/930 931/931/931 931/931/931 
f 931/931/931 931/931/931 928/928/928 
f 931/931/931 928/928/928 928/928/928 
f 928/928/928 928/928/928 930/930/930 
f 928/928/928 932/932/932 930/930/930 
f 930/930/930 932/932/932 932/932/932 
f 932/932/932 933/933/933 932/932/932 
f 932/932/932 933/933/933 933/933/933 
f 933/933/933 934/934/934 933/933/933 
f 933/933/933 934/934/934 935/935/935 
f 934/934/934 934/934/934 935/935/935 
f 935/935/935 934/934/934 936/936/936 
f 934/934/934 937/937/937 936/936/936 
f 936/936/936 937/937/937 938/938/938 
f 937/937/937 937/937/937 938/938/938 
f 938/938/938 937/937/937 939/939/939 
f 937/937/937 937/937/937 939/939/939 
f 939/939/939 937/937/937 929/929/929 
f 937/937/937 937/937/937 929/929/929 
f 929/929/929 937/937/937 919/919/919 
f 937/937/937 934/934/934 919/919/919 
f 919/919/919 934/934/934 940/940/940 
f 934/934/934 941/941/941 940/940/940 
f 940/940/940 941/941/941 940/940/940 
f 941/941/941 942/942/942 940/940/940 
f 940/940/940 942/942/942 943/943/943 
f 942/942/942 943/943/943 943/943/943 
f 943/943/943 943/943/943 944/944/944 
f 943/943/943 944/944/944 944/944/944 
f 944/944/944 944/944/944 945/945/945 
f 944/944/944 946/946/946 945/945/945 
f 945/945/945 946/946/946 947/947/947 
f 946/946/946 946/946/946 947/947/947 
f 947/947/947 946/946/946 948/948/948 
f 946/946/946 946/946/946 948/948/948 
f 948/948/948 946/946/946 940/940/940 
f 946/946/946 946/946/946 940/940/940 
f 940/940/940 946/946/946 919/919/919 
f 946/946/946 949/949/949 919/919/919 
f 919/919/919 949/949/949 950/950/950 
f 949/949/949 951/951/951 950/950/950 
f 950/950/950 951/951/951 950/950/950 
f 951/951/951 952/952/952 950/950/950 
f 950/950/950 952/952/952 950/950/950 
f 952/952/952 953/953/953 950/950/950 
f 950/950/950 953/953/953 950/950/950 
f 953/953/953 910/910/910 950/950/950 
f 950/950/950 910/910/910 919/919/919 
f 910/910/910 919/919/919 919/919/919 
f 919/919/919 919/919/919 949/949/949 
f 919/919/919 949/949/949 949/949/949 
f 949/949/949 949/949/949 951/951/951 
f 949/949/949 954/954/954 951/951/951 
f 951/951/951 954/954/954 955/955/955 
f 954/954/954 956/956/956 955/955/955 
f 955/955/955 956/956/956 957/957/957 
f 956/956/956 958/958/958 957/957/957 
f 957/957/957 958/958/958 959/959/959 
f 958/958/958 959/959/959 959/959/959 
f 959/959/959 959/959/959 954/954/954 
f 959/959/959 954/954/954 954/954/954 
f 954/954/954 954/954/954 956/956/956 
f 954/954/954 960/960/960 956/956/956 
f 956/956/956 960/960/960 956/956/956 
f 960/960/960 961/961/961 956/956/956 
f 956/956/956 961/961/961 958/958/958 
f 961/961/961 958/958/958 958/958/958 
f 958/958/958 958/958/958 962/962/962 
f 958/958/958 962/962/962 962/962/962 
f 962/962/962 962/962/962 963/963/963 
f 962/962/962 964/964/964 963/963/963 
f 963/963/963 964/964/964 965/965/965 
f 964/964/964 966/966/966 965/965/965 
f 965/965/965 966/966/966 967/967/967 
f 966/966/966 966/966/966 967/967/967 
f 967/967/967 966/966/966 968/968/968 
f 966/966/966 964/964/964 968/968/968 
f 968/968/968 964/964/964 964/964/964 
f 964/964/964 965/965/965 964/964/964 
f 964/964/964 965/965/965 965/965/965 
f 965/965/965 967/967/967 965/965/965 
f 965/965/965 967/967/967 969/969/969 
f 967/967/967 970/970/970 969/969/969 
f 969/969/969 970/970/970 969/969/969 
f 970/970/970 971/971/971 969/969/969 
f 969/969/969 971/971/971 969/969/969 
f 971/971/971 972/972/972 969/969/969 
f 969/969/969 972/972/972 973/973/973 
f 972/972/972 972/972/972 973/973/973 
f 973/973/973 972/972/972 974/974/974 
f 972/972/972 975/975/975 974/974/974 
f 974/974/974 975/975/975 976/976/976 
f 975/975/975 976/976/976 976/976/976 
f 976/976/976 976/976/976 967/967/967 
f 976/976/976 967/967/967 967/967/967 
f 967/967/967 967/967/967 970/970/970 
f 967/967/967 977/977/977 970/970/970 
f 970/970/970 977/977/977 978/978/978 
f 977/977/977 978/978/978 978/978/978 
f 978/978/978 978/978/978 963/963/963 
f 978/978/978 963/963/963 963/963/963 
f 963/963/963 963/963/963 973/973/973 
f 963/963/963 969/969/969 973/973/973 
f 973/973/973 969/969/969 969/969/969 
f 969/969/969 979/979/979 969/969/969 
f 969/969/969 979/979/979 979/979/979 
f 979/979/979 980/980/980 979/979/979 
f 979/979/979 980/980/980 981/981/981 
f 980/980/980 981/981/981 981/981/981 
f 981/981/981 981/981/981 982/982/982 
f 981/981/981 982/982/982 982/982/982 
f 982/982/982 982/982/982 983/983/983 
f 982/982/982 984/984/984 983/983/983 
f 983/983/983 984/984/984 984/984/984 
f 984/984/984 985/985/985 984/984/984 
f 984/984/984 985/985/985 985/985/985 
f 985/985/985 986/986/986 985/985/985 
f 985/985/985 986/986/986 516/516/516 
f 986/986/986 987/987/987 516/516/516 
f 516/516/516 987/987/987 515/515/515 
f 987/987/987 988/988/988 515/515/515 
f 515/515/515 988/988/988 515/515/515 
f 988/988/988 989/989/989 515/515/515 
f 515/515/515 989/989/989 514/514/514 
f 989/989/989 990/990/990 514/514/514 
f 514/514/514 990/990/990 991/991/991 
f 990/990/990 991/991/991 991/991/991 
f 991/991/991 991/991/991 992/992/992 
f 991/991/991 992/992/992 992/992/992 
f 992/992/992 992/992/992 993/993/993 
f 992/992/992 994/994/994 993/993/993 
f 993/993/993 994/994/994 993/993/993 
f 994/994/994 995/995/995 993/993/993 
f 993/993/993 995/995/995 996/996/996 
f 995/995/995 996/996/996 996/996/996 
f 996/996/996 996/996/996 997/997/997 
f 996/996/996 997/997/997 997/997/997 
f 997/997/997 997/997/997 998/998/998 
f 997/997/997 999/999/999 998/998/998 
f 998/998/998 999/999/999 1000/1000/1000 
f 999/999/999 1001/1001/1001 1000/1000/1000 
f 1000/1000/1000 1001/1001/1001 1000/1000/1000 
f 1001/1001/1001 1002/1002/1002 1000/1000/1000 
f 1000/1000/1000 1002/1002/1002 1003/1003/1003 
f 1002/1002/1002 1004/1004/1004 1003/1003/1003 
f 1003/1003/1003 1004/1004/1004 1003/1003/1003 
f 1004/1004/1004 1005/1005/1005 1003/1003/1003 
f 1003/1003/1003 1005/1005/1005 1006/1006/1006 
f 1005/1005/1005 1007/1007/1007 1006/1006/1006 
f 1006/1006/1006 1007/1007/1007 1007/1007/1007 
f 1007/1007/1007 998/998/998 1007/1007/1007 
f 1007/1007/1007 998/998/998 998/998/998 
f 998/998/998 1000/1000/1000 998/998/998 
f 998/998/998 1000/1000/1000 1008/1008/1008 
f 1000/1000/1000 1000/1000/1000 1008/1008/1008 
f 1008/1008/1008 1000/1000/1000 1009/1009/1009 
f 1000/1000/1000 1003/1003/1003 1009/1009/1009 
f 1009/1009/1009 1003/1003/1003 1010/1010/1010 
f 1003/1003/1003 1006/1006/1006 1010/1010/1010 
f 1010/1010/1010 1006/1006/1006 1011/1011/1011 
f 1006/1006/1006 1012/1012/1012 1011/1011/1011 
f 1011/1011/1011 1012/1012/1012 1012/1012/1012 
f 1012/1012/1012 1010/1010/1010 1012/1012/1012 
f 1012/1012/1012 1010/1010/1010 1010/1010/1010 
f 1010/1010/1010 1013/1013/1013 1010/1010/1010 
f 1010/1010/1010 1013/1013/1013 1009/1009/1009 
f 1013/1013/1013 1014/1014/1014 1009/1009/1009 
f 1009/1009/1009 1014/1014/1014 1008/1008/1008 
f 1014/1014/1014 1014/1014/1014 1008/1008/1008 
f 1008/1008/1008 1014/1014/1014 1015/1015/1015 
f 1014/1014/1014 1014/1014/1014 1015/1015/1015 
f 1015/1015/1015 1014/1014/1014 1016/1016/1016 
f 1014/1014/1014 1017/1017/1017 1016/1016/1016 
f 1016/1016/1016 1017/1017/1017 1016/1016/1016 
f 1017/1017/1017 1018/1018/1018 1016/1016/1016 
f 1016/1016/1016 1018/1018/1018 1019/1019/1019 
f 1018/1018/1018 1020/1020/1020 1019/1019/1019 
f 1019/1019/1019 1020/1020/1020 1020/1020/1020 
f 1020/1020/1020 1017/1017/1017 1020/1020/1020 
f 1020/1020/1020 1017/1017/1017 1017/1017/1017 
f 1017/1017/1017 1014/1014/1014 1017/1017/1017 
f 1017/1017/1017 1014/1014/1014 1021/1021/1021 
f 1014/1014/1014 1013/1013/1013 1021/1021/1021 
f 1021/1021/1021 1013/1013/1013 1022/1022/1022 
f 1013/1013/1013 1023/1023/1023 1022/1022/1022 
f 1022/1022/1022 1023/1023/1023 1023/1023/1023 
f 1023/1023/1023 1021/1021/1021 1023/1023/1023 
f 1023/1023/1023 1021/1021/1021 1021/1021/1021 
f 1021/1021/1021 1022/1022/1022 1021/1021/1021 
f 1021/1021/1021 1022/1022/1022 1024/1024/1024 
f 1022/1022/1022 1025/1025/1025 1024/1024/1024 
f 1024/1024/1024 1025/1025/1025 1025/1025/1025 
f 1025/1025/1025 1026/1026/1026 1025/1025/1025 
f 1025/1025/1025 1026/1026/1026 1026/1026/1026 
f 1026/1026/1026 1027/1027/1027 1026/1026/1026 
f 1026/1026/1026 1027/1027/1027 1028/1028/1028 
f 1027/1027/1027 1029/1029/1029 1028/1028/1028 
f 1028/1028/1028 1029/1029/1029 1029/1029/1029 
f 1029/1029/1029 1030/1030/1030 1029/1029/1029 
f 1029/1029/1029 1030/1030/1030 1030/1030/1030 
f 1030/1030/1030 1031/1031/1031 1030/1030/1030 
f 1030/1030/1030 1031/1031/1031 1032/1032/1032 
f 1031/1031/1031 1032/1032/1032 1032/1032/1032 
f 1032/1032/1032 1032/1032/1032 1033/1033/1033 
f 1032/1032/1032 1033/1033/1033 1033/1033/1033 
f 1033/1033/1033 1033/1033/1033 1034/1034/1034 
f 1033/1033/1033 1035/1035/1035 1034/1034/1034 
f 1034/1034/1034 1035/1035/1035 1035/1035/1035 
f 1035/1035/1035 1036/1036/1036 1035/1035/1035 
f 1035/1035/1035 1036/1036/1036 1036/1036/1036 
f 1036/1036/1036 1037/1037/1037 1036/1036/1036 
f 1036/1036/1036 1037/1037/1037 1038/1038/1038 
f 1037/1037/1037 1037/1037/1037 1038/1038/1038 
f 1038/1038/1038 1037/1037/1037 1039/1039/1039 
f 1037/1037/1037 1040/1040/1040 1039/1039/1039 
f 1039/1039/1039 1040/1040/1040 1039/1039/1039 
f 1040/1040/1040 1041/1041/1041 1039/1039/1039 
f 1039/1039/1039 1041/1041/1041 1039/1039/1039 
f 1041/1041/1041 1042/1042/1042 1039/1039/1039 
f 1039/1039/1039 1042/1042/1042 1043/1043/1043 
f 1042/1042/1042 1044/1044/1044 1043/1043/1043 
f 1043/1043/1043 1044/1044/1044 1043/1043/1043 
f 1044/1044/1044 1045/1045/1045 1043/1043/1043 
f 1043/1043/1043 1045/1045/1045 1043/1043/1043 
f 1045/1045/1045 1046/1046/1046 1043/1043/1043 
f 1043/1043/1043 1046/1046/1046 1043/1043/1043 
f 1046/1046/1046 1047/1047/1047 1043/1043/1043 
f 1043/1043/1043 1047/1047/1047 1043/1043/1043 
f 1047/1047/1047 1048/1048/1048 1043/1043/1043 
f 1043/1043/1043 1048/1048/1048 1039/1039/1039 
f 1048/1048/1048 1048/1048/1048 1039/1039/1039 
f 1039/1039/1039 1048/1048/1048 1038/1038/1038 
f 1048/1048/1048 1049/1049/1049 1038/1038/1038 
f 1038/1038/1038 1049/1049/1049 1050/1050/1050 
f 1049/1049/1049 1049/1049/1049 1050/1050/1050 
f 1050/1050/1050 1049/1049/1049 1051/1051/1051 
f 1049/1049/1049 1049/1049/1049 1051/1051/1051 
f 1051/1051/1051 1049/1049/1049 1052/1052/1052 
f 1049/1049/1049 1049/1049/1049 1052/1052/1052 
f 1052/1052/1052 1049/1049/1049 1053/1053/1053 
f 1049/1049/1049 1049/1049/1049 1053/1053/1053 
f 1053/1053/1053 1049/1049/1049 1054/1054/1054 
f 1049/1049/1049 1049/1049/1049 1054/1054/1054 
f 1054/1054/1054 1049/1049/1049 1055/1055/1055 
f 1049/1049/1049 1048/1048/1048 1055/1055/1055 
f 1055/1055/1055 1048/1048/1048 1056/1056/1056 
f 1048/1048/1048 1048/1048/1048 1056/1056/1056 
f 1056/1056/1056 1048/1048/1048 1057/1057/1057 
f 1048/1048/1048 1048/1048/1048 1057/1057/1057 
f 1057/1057/1057 1048/1048/1048 1058/1058/1058 
f 1048/1048/1048 1047/1047/1047 1058/1058/1058 
f 1058/1058/1058 1047/1047/1047 1058/1058/1058 
f 1047/1047/1047 1059/1059/1059 1058/1058/1058 
f 1058/1058/1058 1059/1059/1059 1058/1058/1058 
f 1059/1059/1059 1060/1060/1060 1058/1058/1058 
f 1058/1058/1058 1060/1060/1060 1058/1058/1058 
f 1060/1060/1060 1061/1061/1061 1058/1058/1058 
f 1058/1058/1058 1061/1061/1061 1062/1062/1062 
f 1061/1061/1061 1063/1063/1063 1062/1062/1062 
f 1062/1062/1062 1063/1063/1063 1063/1063/1063 
f 1063/1063/1063 1040/1040/1040 1063/1063/1063 
f 1063/1063/1063 1040/1040/1040 1040/1040/1040 
f 1040/1040/1040 1037/1037/1037 1040/1040/1040 
f 1040/1040/1040 1037/1037/1037 1064/1064/1064 
f 1037/1037/1037 1065/1065/1065 1064/1064/1064 
f 1064/1064/1064 1065/1065/1065 1065/1065/1065 
f 1065/1065/1065 1062/1062/1062 1065/1065/1065 
f 1065/1065/1065 1062/1062/1062 1062/1062/1062 
f 1062/1062/1062 1057/1057/1057 1062/1062/1062 
f 1062/1062/1062 1057/1057/1057 1058/1058/1058 
f 1057/1057/1057 1058/1058/1058 1058/1058/1058 
f 1058/1058/1058 1058/1058/1058 1066/1066/1066 
f 1058/1058/1058 1066/1066/1066 1066/1066/1066 
f 1066/1066/1066 1066/1066/1066 1067/1067/1067 
f 1066/1066/1066 1068/1068/1068 1067/1067/1067 
f 1067/1067/1067 1068/1068/1068 1068/1068/1068 
f 1068/1068/1068 1069/1069/1069 1068/1068/1068 
f 1068/1068/1068 1069/1069/1069 1069/1069/1069 
f 1069/1069/1069 1070/1070/1070 1069/1069/1069 
f 1069/1069/1069 1070/1070/1070 1071/1071/1071 
f 1070/1070/1070 1071/1071/1071 1071/1071/1071 
f 1071/1071/1071 1071/1071/1071 1072/1072/1072 
f 1071/1071/1071 1072/1072/1072 1072/1072/1072 
f 1072/1072/1072 1072/1072/1072 1073/1073/1073 
f 1072/1072/1072 1074/1074/1074 1073/1073/1073 
f 1073/1073/1073 1074/1074/1074 1075/1075/1075 
f 1074/1074/1074 1075/1075/1075 1075/1075/1075 
f 1075/1075/1075 1075/1075/1075 1076/1076/1076 
f 1075/1075/1075 1076/1076/1076 1076/1076/1076 
f 1076/1076/1076 1076/1076/1076 1077/1077/1077 
f 1076/1076/1076 1078/1078/1078 1077/1077/1077 
f 1077/1077/1077 1078/1078/1078 1079/1079/1079 
f 1078/1078/1078 1079/1079/1079 1079/1079/1079 
f 1079/1079/1079 1079/1079/1079 1080/1080/1080 
f 1079/1079/1079 1080/1080/1080 1080/1080/1080 
f 1080/1080/1080 1080/1080/1080 1081/1081/1081 
f 1080/1080/1080 1082/1082/1082 1081/1081/1081 
f 1081/1081/1081 1082/1082/1082 1082/1082/1082 
f 1082/1082/1082 1083/1083/1083 1082/1082/1082 
f 1082/1082/1082 1083/1083/1083 1083/1083/1083 
f 1083/1083/1083 1084/1084/1084 1083/1083/1083 
f 1083/1083/1083 1084/1084/1084 1085/1085/1085 
f 1084/1084/1084 1086/1086/1086 1085/1085/1085 
f 1085/1085/1085 1086/1086/1086 1087/1087/1087 
f 1086/1086/1086 1088/1088/1088 1087/1087/1087 
f 1087/1087/1087 1088/1088/1088 1089/1089/1089 
f 1088/1088/1088 1088/1088/1088 1089/1089/1089 
f 1089/1089/1089 1088/1088/1088 1090/1090/1090 
f 1088/1088/1088 1088/1088/1088 1090/1090/1090 
f 1090/1090/1090 1088/1088/1088 1091/1091/1091 
f 1088/1088/1088 1086/1086/1086 1091/1091/1091 
f 1091/1091/1091 1086/1086/1086 1092/1092/1092 
f 1086/1086/1086 1084/1084/1084 1092/1092/1092 
f 1092/1092/1092 1084/1084/1084 1093/1093/1093 
f 1084/1084/1084 1083/1083/1083 1093/1093/1093 
f 1093/1093/1093 1083/1083/1083 1083/1083/1083 
f 1083/1083/1083 1093/1093/1093 1083/1083/1083 
f 1083/1083/1083 1093/1093/1093 1093/1093/1093 
f 1093/1093/1093 1094/1094/1094 1093/1093/1093 
f 1093/1093/1093 1094/1094/1094 1092/1092/1092 
f 1094/1094/1094 1094/1094/1094 1092/1092/1092 
f 1092/1092/1092 1094/1094/1094 1091/1091/1091 
f 1094/1094/1094 1095/1095/1095 1091/1091/1091 
f 1091/1091/1091 1095/1095/1095 1096/1096/1096 
f 1095/1095/1095 1097/1097/1097 1096/1096/1096 
f 1096/1096/1096 1097/1097/1097 1098/1098/1098 
f 1097/1097/1097 1098/1098/1098 1098/1098/1098 
f 1098/1098/1098 1098/1098/1098 1093/1093/1093 
f 1098/1098/1098 1093/1093/1093 1093/1093/1093 
f 1093/1093/1093 1093/1093/1093 1094/1094/1094 
f 1093/1093/1093 1099/1099/1099 1094/1094/1094 
f 1094/1094/1094 1099/1099/1099 1094/1094/1094 
f 1099/1099/1099 1100/1100/1100 1094/1094/1094 
f 1094/1094/1094 1100/1100/1100 1095/1095/1095 
f 1100/1100/1100 1095/1095/1095 1095/1095/1095 
f 1095/1095/1095 1095/1095/1095 1095/1095/1095 
f 1095/1095/1095 1095/1095/1095 1095/1095/1095 
f 1095/1095/1095 1095/1095/1095 1097/1097/1097 
f 1095/1095/1095 1101/1101/1101 1097/1097/1097 
f 1097/1097/1097 1101/1101/1101 1102/1102/1102 
f 1101/1101/1101 1103/1103/1103 1102/1102/1102 
f 1102/1102/1102 1103/1103/1103 1104/1104/1104 
f 1103/1103/1103 1104/1104/1104 1104/1104/1104 
f 1104/1104/1104 1104/1104/1104 1105/1105/1105 
f 1104/1104/1104 1105/1105/1105 1105/1105/1105 
f 1105/1105/1105 1105/1105/1105 1102/1102/1102 
f 1105/1105/1105 1097/1097/1097 1102/1102/1102 
f 1102/1102/1102 1097/1097/1097 1097/1097/1097 
f 1097/1097/1097 1098/1098/1098 1097/1097/1097 
f 1097/1097/1097 1098/1098/1098 1098/1098/1098 
f 1098/1098/1098 1106/1106/1106 1098/1098/1098 
f 1098/1098/1098 1106/1106/1106 1096/1096/1096 
f 1106/1106/1106 1107/1107/1107 1096/1096/1096 
f 1096/1096/1096 1107/1107/1107 1091/1091/1091 
f 1107/1107/1107 1091/1091/1091 1091/1091/1091 
f 1091/1091/1091 1091/1091/1091 1106/1106/1106 
f 1091/1091/1091 1106/1106/1106 1106/1106/1106 
f 1106/1106/1106 1106/1106/1106 1107/1107/1107 
f 1106/1106/1106 1108/1108/1108 1107/1107/1107 
f 1107/1107/1107 1108/1108/1108 1109/1109/1109 
f 1108/1108/1108 1110/1110/1110 1109/1109/1109 
f 1109/1109/1109 1110/1110/1110 1109/1109/1109 
f 1110/1110/1110 1111/1111/1111 1109/1109/1109 
f 1109/1109/1109 1111/1111/1111 1109/1109/1109 
f 1111/1111/1111 1112/1112/1112 1109/1109/1109 
f 1109/1109/1109 1112/1112/1112 1109/1109/1109 
f 1112/1112/1112 1113/1113/1113 1109/1109/1109 
f 1109/1109/1109 1113/1113/1113 1114/1114/1114 
f 1113/1113/1113 1115/1115/1115 1114/1114/1114 
f 1114/1114/1114 1115/1115/1115 1115/1115/1115 
f 1115/1115/1115 1109/1109/1109 1115/1115/1115 
f 1115/1115/1115 1109/1109/1109 1109/1109/1109 
f 1109/1109/1109 1114/1114/1114 1109/1109/1109 
f 1109/1109/1109 1114/1114/1114 1107/1107/1107 
f 1114/1114/1114 1116/1116/1116 1107/1107/1107 
f 1107/1107/1107 1116/1116/1116 1107/1107/1107 
f 1116/1116/1116 1117/1117/1117 1107/1107/1107 
f 1107/1107/1107 1117/1117/1117 1107/1107/1107 
f 1117/1117/1117 1118/1118/1118 1107/1107/1107 
f 1107/1107/1107 1118/1118/1118 1107/1107/1107 
f 1118/1118/1118 1119/1119/1119 1107/1107/1107 
f 1107/1107/1107 1119/1119/1119 1091/1091/1091 
f 1119/1119/1119 1120/1120/1120 1091/1091/1091 
f 1091/1091/1091 1120/1120/1120 1090/1090/1090 
f 1120/1120/1120 1121/1121/1121 1090/1090/1090 
f 1090/1090/1090 1121/1121/1121 1090/1090/1090 
f 1121/1121/1121 1122/1122/1122 1090/1090/1090 
f 1090/1090/1090 1122/1122/1122 1090/1090/1090 
f 1122/1122/1122 1123/1123/1123 1090/1090/1090 
f 1090/1090/1090 1123/1123/1123 1090/1090/1090 
f 1123/1123/1123 1124/1124/1124 1090/1090/1090 
f 1090/1090/1090 1124/1124/1124 1125/1125/1125 
f 1124/1124/1124 1125/1125/1125 1125/1125/1125 
f 1125/1125/1125 1125/1125/1125 1126/1126/1126 
f 1125/1125/1125 1126/1126/1126 1126/1126/1126 
f 1126/1126/1126 1126/1126/1126 1127/1127/1127 
f 1126/1126/1126 1128/1128/1128 1127/1127/1127 
f 1127/1127/1127 1128/1128/1128 1129/1129/1129 
f 1128/1128/1128 1130/1130/1130 1129/1129/1129 
f 1129/1129/1129 1130/1130/1130 1131/1131/1131 
f 1130/1130/1130 1132/1132/1132 1131/1131/1131 
f 1131/1131/1131 1132/1132/1132 1131/1131/1131 
f 1132/1132/1132 1133/1133/1133 1131/1131/1131 
f 1131/1131/1131 1133/1133/1133 1129/1129/1129 
f 1133/1133/1133 1134/1134/1134 1129/1129/1129 
f 1129/1129/1129 1134/1134/1134 1129/1129/1129 
f 1134/1134/1134 1135/1135/1135 1129/1129/1129 
f 1129/1129/1129 1135/1135/1135 1127/1127/1127 
f 1135/1135/1135 1127/1127/1127 1127/1127/1127 
f 1127/1127/1127 1127/1127/1127 1130/1130/1130 
f 1127/1127/1127 1130/1130/1130 1130/1130/1130 
f 1130/1130/1130 1130/1130/1130 1132/1132/1132 
f 1130/1130/1130 1128/1128/1128 1132/1132/1132 
f 1132/1132/1132 1128/1128/1128 1132/1132/1132 
f 1128/1128/1128 1136/1136/1136 1132/1132/1132 
f 1132/1132/1132 1136/1136/1136 1132/1132/1132 
f 1136/1136/1136 1137/1137/1137 1132/1132/1132 
f 1132/1132/1132 1137/1137/1137 1132/1132/1132 
f 1137/1137/1137 1138/1138/1138 1132/1132/1132 
f 1132/1132/1132 1138/1138/1138 1133/1133/1133 
f 1138/1138/1138 1139/1139/1139 1133/1133/1133 
f 1133/1133/1133 1139/1139/1139 1134/1134/1134 
f 1139/1139/1139 1134/1134/1134 1134/1134/1134 
f 1134/1134/1134 1134/1134/1134 1138/1138/1138 
f 1134/1134/1134 1138/1138/1138 1138/1138/1138 
f 1138/1138/1138 1138/1138/1138 1139/1139/1139 
f 1138/1138/1138 1140/1140/1140 1139/1139/1139 
f 1139/1139/1139 1140/1140/1140 1141/1141/1141 
f 1140/1140/1140 1142/1142/1142 1141/1141/1141 
f 1141/1141/1141 1142/1142/1142 1143/1143/1143 
f 1142/1142/1142 1142/1142/1142 1143/1143/1143 
f 1143/1143/1143 1142/1142/1142 1144/1144/1144 
f 1142/1142/1142 1142/1142/1142 1144/1144/1144 
f 1144/1144/1144 1142/1142/1142 1145/1145/1145 
f 1142/1142/1142 1142/1142/1142 1145/1145/1145 
f 1145/1145/1145 1142/1142/1142 1146/1146/1146 
f 1142/1142/1142 1147/1147/1147 1146/1146/1146 
f 1146/1146/1146 1147/1147/1147 1148/1148/1148 
f 1147/1147/1147 1147/1147/1147 1148/1148/1148 
f 1148/1148/1148 1147/1147/1147 1140/1140/1140 
f 1147/1147/1147 1142/1142/1142 1140/1140/1140 
f 1140/1140/1140 1142/1142/1142 1142/1142/1142 
f 1142/1142/1142 1148/1148/1148 1142/1142/1142 
f 1142/1142/1142 1148/1148/1148 1148/1148/1148 
f 1148/1148/1148 1149/1149/1149 1148/1148/1148 
f 1148/1148/1148 1149/1149/1149 1146/1146/1146 
f 1149/1149/1149 1149/1149/1149 1146/1146/1146 
f 1146/1146/1146 1149/1149/1149 1150/1150/1150 
f 1149/1149/1149 1149/1149/1149 1150/1150/1150 
f 1150/1150/1150 1149/1149/1149 1151/1151/1151 
f 1149/1149/1149 1149/1149/1149 1151/1151/1151 
f 1151/1151/1151 1149/1149/1149 1152/1152/1152 
f 1149/1149/1149 1153/1153/1153 1152/1152/1152 
f 1152/1152/1152 1153/1153/1153 1154/1154/1154 
f 1153/1153/1153 1153/1153/1153 1154/1154/1154 
f 1154/1154/1154 1153/1153/1153 1155/1155/1155 
f 1153/1153/1153 1156/1156/1156 1155/1155/1155 
f 1155/1155/1155 1156/1156/1156 1157/1157/1157 
f 1156/1156/1156 1156/1156/1156 1157/1157/1157 
f 1157/1157/1157 1156/1156/1156 1158/1158/1158 
f 1156/1156/1156 1159/1159/1159 1158/1158/1158 
f 1158/1158/1158 1159/1159/1159 1160/1160/1160 
f 1159/1159/1159 1153/1153/1153 1160/1160/1160 
f 1160/1160/1160 1153/1153/1153 1161/1161/1161 
f 1153/1153/1153 1162/1162/1162 1161/1161/1161 
f 1161/1161/1161 1162/1162/1162 1161/1161/1161 
f 1162/1162/1162 1163/1163/1163 1161/1161/1161 
f 1161/1161/1161 1163/1163/1163 1164/1164/1164 
f 1163/1163/1163 1164/1164/1164 1164/1164/1164 
f 1164/1164/1164 1164/1164/1164 1149/1149/1149 
f 1164/1164/1164 1149/1149/1149 1149/1149/1149 
f 1149/1149/1149 1149/1149/1149 1153/1153/1153 
f 1149/1149/1149 1148/1148/1148 1153/1153/1153 
f 1153/1153/1153 1148/1148/1148 1148/1148/1148 
f 1148/1148/1148 1154/1154/1154 1148/1148/1148 
f 1148/1148/1148 1154/1154/1154 1154/1154/1154 
f 1154/1154/1154 1165/1165/1165 1154/1154/1154 
f 1154/1154/1154 1165/1165/1165 1152/1152/1152 
f 1165/1165/1165 1166/1166/1166 1152/1152/1152 
f 1152/1152/1152 1166/1166/1166 1167/1167/1167 
f 1166/1166/1166 1167/1167/1167 1167/1167/1167 
f 1167/1167/1167 1167/1167/1167 1168/1168/1168 
f 1167/1167/1167 1168/1168/1168 1168/1168/1168 
f 1168/1168/1168 1168/1168/1168 1165/1165/1165 
f 1168/1168/1168 1166/1166/1166 1165/1165/1165 
f 1165/1165/1165 1166/1166/1166 1166/1166/1166 
f 1166/1166/1166 1156/1156/1156 1166/1166/1166 
f 1166/1166/1166 1156/1156/1156 1156/1156/1156 
f 1156/1156/1156 1153/1153/1153 1156/1156/1156 
f 1156/1156/1156 1153/1153/1153 1159/1159/1159 
f 1153/1153/1153 1159/1159/1159 1159/1159/1159 
f 1159/1159/1159 1159/1159/1159 1163/1163/1163 
f 1159/1159/1159 1163/1163/1163 1163/1163/1163 
f 1163/1163/1163 1163/1163/1163 1169/1169/1169 
f 1163/1163/1163 1162/1162/1162 1169/1169/1169 
f 1169/1169/1169 1162/1162/1162 1169/1169/1169 
f 1162/1162/1162 1170/1170/1170 1169/1169/1169 
f 1169/1169/1169 1170/1170/1170 1171/1171/1171 
f 1170/1170/1170 1172/1172/1172 1171/1171/1171 
f 1171/1171/1171 1172/1172/1172 1169/1169/1169 
f 1172/1172/1172 1169/1169/1169 1169/1169/1169 
f 1169/1169/1169 1169/1169/1169 1172/1172/1172 
f 1169/1169/1169 1172/1172/1172 1172/1172/1172 
f 1172/1172/1172 1172/1172/1172 1173/1173/1173 
f 1172/1172/1172 1170/1170/1170 1173/1173/1173 
f 1173/1173/1173 1170/1170/1170 1174/1174/1174 
f 1170/1170/1170 1175/1175/1175 1174/1174/1174 
f 1174/1174/1174 1175/1175/1175 1174/1174/1174 
f 1175/1175/1175 1136/1136/1136 1174/1174/1174 
f 1174/1174/1174 1136/1136/1136 1174/1174/1174 
f 1136/1136/1136 1176/1176/1176 1174/1174/1174 
f 1174/1174/1174 1176/1176/1176 1177/1177/1177 
f 1176/1176/1176 1178/1178/1178 1177/1177/1177 
f 1177/1177/1177 1178/1178/1178 1178/1178/1178 
f 1178/1178/1178 1173/1173/1173 1178/1178/1178 
f 1178/1178/1178 1173/1173/1173 1173/1173/1173 
f 1173/1173/1173 1174/1174/1174 1173/1173/1173 
f 1173/1173/1173 1174/1174/1174 1179/1179/1179 
f 1174/1174/1174 1177/1177/1177 1179/1179/1179 
f 1179/1179/1179 1177/1177/1177 1177/1177/1177 
f 1177/1177/1177 1170/1170/1170 1177/1177/1177 
f 1177/1177/1177 1170/1170/1170 1170/1170/1170 
f 1170/1170/1170 1162/1162/1162 1170/1170/1170 
f 1170/1170/1170 1162/1162/1162 1175/1175/1175 
f 1162/1162/1162 1162/1162/1162 1175/1175/1175 
f 1175/1175/1175 1162/1162/1162 1180/1180/1180 
f 1162/1162/1162 1153/1153/1153 1180/1180/1180 
f 1180/1180/1180 1153/1153/1153 1180/1180/1180 
f 1153/1153/1153 1148/1148/1148 1180/1180/1180 
f 1180/1180/1180 1148/1148/1148 1181/1181/1181 
f 1148/1148/1148 1140/1140/1140 1181/1181/1181 
f 1181/1181/1181 1140/1140/1140 1182/1182/1182 
f 1140/1140/1140 1138/1138/1138 1182/1182/1182 
f 1182/1182/1182 1138/1138/1138 1183/1183/1183 
f 1138/1138/1138 1137/1137/1137 1183/1183/1183 
f 1183/1183/1183 1137/1137/1137 1183/1183/1183 
f 1137/1137/1137 1184/1184/1184 1183/1183/1183 
f 1183/1183/1183 1184/1184/1184 1185/1185/1185 
f 1184/1184/1184 1175/1175/1175 1185/1185/1185 
f 1185/1185/1185 1175/1175/1175 1185/1185/1185 
f 1175/1175/1175 1180/1180/1180 1185/1185/1185 
f 1185/1185/1185 1180/1180/1180 1182/1182/1182 
f 1180/1180/1180 1181/1181/1181 1182/1182/1182 
f 1182/1182/1182 1181/1181/1181 1181/1181/1181 
f 1181/1181/1181 1185/1185/1185 1181/1181/1181 
f 1181/1181/1181 1185/1185/1185 1185/1185/1185 
f 1185/1185/1185 1182/1182/1182 1185/1185/1185 
f 1185/1185/1185 1182/1182/1182 1183/1183/1183 
f 1182/1182/1182 1183/1183/1183 1183/1183/1183 
f 1183/1183/1183 1183/1183/1183 1175/1175/1175 
f 1183/1183/1183 1175/1175/1175 1175/1175/1175 
f 1175/1175/1175 1175/1175/1175 1136/1136/1136 
f 1175/1175/1175 1184/1184/1184 1136/1136/1136 
f 1136/1136/1136 1184/1184/1184 1137/1137/1137 
f 1184/1184/1184 1137/1137/1137 1137/1137/1137 
f 1137/1137/1137 1137/1137/1137 1186/1186/1186 
f 1137/1137/1137 1186/1186/1186 1186/1186/1186 
f 1186/1186/1186 1186/1186/1186 1187/1187/1187 
f 1186/1186/1186 1188/1188/1188 1187/1187/1187 
f 1187/1187/1187 1188/1188/1188 1189/1189/1189 
f 1188/1188/1188 1190/1190/1190 1189/1189/1189 
f 1189/1189/1189 1190/1190/1190 1189/1189/1189 
f 1190/1190/1190 1191/1191/1191 1189/1189/1189 
f 1189/1189/1189 1191/1191/1191 1192/1192/1192 
f 1191/1191/1191 1193/1193/1193 1192/1192/1192 
f 1192/1192/1192 1193/1193/1193 1194/1194/1194 
f 1193/1193/1193 1194/1194/1194 1194/1194/1194 
f 1194/1194/1194 1194/1194/1194 1192/1192/1192 
f 1194/1194/1194 1192/1192/1192 1192/1192/1192 
f 1192/1192/1192 1192/1192/1192 1189/1189/1189 
f 1192/1192/1192 1187/1187/1187 1189/1189/1189 
f 1189/1189/1189 1187/1187/1187 1187/1187/1187 
f 1187/1187/1187 1195/1195/1195 1187/1187/1187 
f 1187/1187/1187 1195/1195/1195 1195/1195/1195 
f 1195/1195/1195 1196/1196/1196 1195/1195/1195 
f 1195/1195/1195 1196/1196/1196 1197/1197/1197 
f 1196/1196/1196 1196/1196/1196 1197/1197/1197 
f 1197/1197/1197 1196/1196/1196 1188/1188/1188 
f 1196/1196/1196 1196/1196/1196 1188/1188/1188 
f 1188/1188/1188 1196/1196/1196 1190/1190/1190 
f 1196/1196/1196 1198/1198/1198 1190/1190/1190 
f 1190/1190/1190 1198/1198/1198 1199/1199/1199 
f 1198/1198/1198 1200/1200/1200 1199/1199/1199 
f 1199/1199/1199 1200/1200/1200 1199/1199/1199 
f 1200/1200/1200 1201/1201/1201 1199/1199/1199 
f 1199/1199/1199 1201/1201/1201 1199/1199/1199 
f 1201/1201/1201 1202/1202/1202 1199/1199/1199 
f 1199/1199/1199 1202/1202/1202 1203/1203/1203 
f 1202/1202/1202 1204/1204/1204 1203/1203/1203 
f 1203/1203/1203 1204/1204/1204 1205/1205/1205 
f 1204/1204/1204 1206/1206/1206 1205/1205/1205 
f 1205/1205/1205 1206/1206/1206 1205/1205/1205 
f 1206/1206/1206 1207/1207/1207 1205/1205/1205 
f 1205/1205/1205 1207/1207/1207 1203/1203/1203 
f 1207/1207/1207 1208/1208/1208 1203/1203/1203 
f 1203/1203/1203 1208/1208/1208 1203/1203/1203 
f 1208/1208/1208 1193/1193/1193 1203/1203/1203 
f 1203/1203/1203 1193/1193/1193 1199/1199/1199 
f 1193/1193/1193 1191/1191/1191 1199/1199/1199 
f 1199/1199/1199 1191/1191/1191 1190/1190/1190 
f 1191/1191/1191 1190/1190/1190 1190/1190/1190 
f 1190/1190/1190 1190/1190/1190 1209/1209/1209 
f 1190/1190/1190 1209/1209/1209 1209/1209/1209 
f 1209/1209/1209 1209/1209/1209 1198/1198/1198 
f 1209/1209/1209 1200/1200/1200 1198/1198/1198 
f 1198/1198/1198 1200/1200/1200 1200/1200/1200 
f 1200/1200/1200 1207/1207/1207 1200/1200/1200 
f 1200/1200/1200 1207/1207/1207 1207/1207/1207 
f 1207/1207/1207 1210/1210/1210 1207/1207/1207 
f 1207/1207/1207 1210/1210/1210 1208/1208/1208 
f 1210/1210/1210 1211/1211/1211 1208/1208/1208 
f 1208/1208/1208 1211/1211/1211 1212/1212/1212 
f 1211/1211/1211 1211/1211/1211 1212/1212/1212 
f 1212/1212/1212 1211/1211/1211 1213/1213/1213 
f 1211/1211/1211 1214/1214/1214 1213/1213/1213 
f 1213/1213/1213 1214/1214/1214 1215/1215/1215 
f 1214/1214/1214 1215/1215/1215 1215/1215/1215 
f 1215/1215/1215 1215/1215/1215 1214/1214/1214 
f 1215/1215/1215 1214/1214/1214 1214/1214/1214 
f 1214/1214/1214 1214/1214/1214 1210/1210/1210 
f 1214/1214/1214 1211/1211/1211 1210/1210/1210 
f 1210/1210/1210 1211/1211/1211 1211/1211/1211 
f 1211/1211/1211 1212/1212/1212 1211/1211/1211 
f 1211/1211/1211 1212/1212/1212 1212/1212/1212 
f 1212/1212/1212 1216/1216/1216 1212/1212/1212 
f 1212/1212/1212 1216/1216/1216 1208/1208/1208 
f 1216/1216/1216 1216/1216/1216 1208/1208/1208 
f 1208/1208/1208 1216/1216/1216 1193/1193/1193 
f 1216/1216/1216 1217/1217/1217 1193/1193/1193 
f 1193/1193/1193 1217/1217/1217 1218/1218/1218 
f 1217/1217/1217 1219/1219/1219 1218/1218/1218 
f 1218/1218/1218 1219/1219/1219 1218/1218/1218 
f 1219/1219/1219 1220/1220/1220 1218/1218/1218 
f 1218/1218/1218 1220/1220/1220 1221/1221/1221 
f 1220/1220/1220 1222/1222/1222 1221/1221/1221 
f 1221/1221/1221 1222/1222/1222 1221/1221/1221 
f 1222/1222/1222 1223/1223/1223 1221/1221/1221 
f 1221/1221/1221 1223/1223/1223 1221/1221/1221 
f 1223/1223/1223 1224/1224/1224 1221/1221/1221 
f 1221/1221/1221 1224/1224/1224 1221/1221/1221 
f 1224/1224/1224 1225/1225/1225 1221/1221/1221 
f 1221/1221/1221 1225/1225/1225 1221/1221/1221 
f 1225/1225/1225 1226/1226/1226 1221/1221/1221 
f 1221/1221/1221 1226/1226/1226 1227/1227/1227 
f 1226/1226/1226 1228/1228/1228 1227/1227/1227 
f 1227/1227/1227 1228/1228/1228 1227/1227/1227 
f 1228/1228/1228 1229/1229/1229 1227/1227/1227 
f 1227/1227/1227 1229/1229/1229 1227/1227/1227 
f 1229/1229/1229 1230/1230/1230 1227/1227/1227 
f 1227/1227/1227 1230/1230/1230 1194/1194/1194 
f 1230/1230/1230 1231/1231/1231 1194/1194/1194 
f 1194/1194/1194 1231/1231/1231 1194/1194/1194 
f 1231/1231/1231 1232/1232/1232 1194/1194/1194 
f 1194/1194/1194 1232/1232/1232 1194/1194/1194 
f 1232/1232/1232 1233/1233/1233 1194/1194/1194 
f 1194/1194/1194 1233/1233/1233 1192/1192/1192 
f 1233/1233/1233 1234/1234/1234 1192/1192/1192 
f 1192/1192/1192 1234/1234/1234 1235/1235/1235 
f 1234/1234/1234 1235/1235/1235 1235/1235/1235 
f 1235/1235/1235 1235/1235/1235 1216/1216/1216 
f 1235/1235/1235 1216/1216/1216 1216/1216/1216 
f 1216/1216/1216 1216/1216/1216 1217/1217/1217 
f 1216/1216/1216 1219/1219/1219 1217/1217/1217 
f 1217/1217/1217 1219/1219/1219 1219/1219/1219 
f 1219/1219/1219 1221/1221/1221 1219/1219/1219 
f 1219/1219/1219 1221/1221/1221 1221/1221/1221 
f 1221/1221/1221 1227/1227/1227 1221/1221/1221 
f 1221/1221/1221 1227/1227/1227 1218/1218/1218 
f 1227/1227/1227 1194/1194/1194 1218/1218/1218 
f 1218/1218/1218 1194/1194/1194 1193/1193/1193 
f 1194/1194/1194 1193/1193/1193 1193/1193/1193 
f 1193/1193/1193 1193/1193/1193 1236/1236/1236 
f 1193/1193/1193 1236/1236/1236 1236/1236/1236 
f 1236/1236/1236 1236/1236/1236 1237/1237/1237 
f 1236/1236/1236 1238/1238/1238 1237/1237/1237 
f 1237/1237/1237 1238/1238/1238 1239/1239/1239 
f 1238/1238/1238 1240/1240/1240 1239/1239/1239 
f 1239/1239/1239 1240/1240/1240 1239/1239/1239 
f 1240/1240/1240 1231/1231/1231 1239/1239/1239 
f 1239/1239/1239 1231/1231/1231 1239/1239/1239 
f 1231/1231/1231 1230/1230/1230 1239/1239/1239 
f 1239/1239/1239 1230/1230/1230 1237/1237/1237 
f 1230/1230/1230 1237/1237/1237 1237/1237/1237 
f 1237/1237/1237 1237/1237/1237 1241/1241/1241 
f 1237/1237/1237 1241/1241/1241 1241/1241/1241 
f 1241/1241/1241 1241/1241/1241 1242/1242/1242 
f 1241/1241/1241 1243/1243/1243 1242/1242/1242 
f 1242/1242/1242 1243/1243/1243 1242/1242/1242 
f 1243/1243/1243 1244/1244/1244 1242/1242/1242 
f 1242/1242/1242 1244/1244/1244 1245/1245/1245 
f 1244/1244/1244 1246/1246/1246 1245/1245/1245 
f 1245/1245/1245 1246/1246/1246 1246/1246/1246 
f 1246/1246/1246 1247/1247/1247 1246/1246/1246 
f 1246/1246/1246 1247/1247/1247 1247/1247/1247 
f 1247/1247/1247 1248/1248/1248 1247/1247/1247 
f 1247/1247/1247 1248/1248/1248 1249/1249/1249 
f 1248/1248/1248 1249/1249/1249 1249/1249/1249 
f 1249/1249/1249 1249/1249/1249 1250/1250/1250 
f 1249/1249/1249 1250/1250/1250 1250/1250/1250 
f 1250/1250/1250 1250/1250/1250 1251/1251/1251 
f 1250/1250/1250 1252/1252/1252 1251/1251/1251 
f 1251/1251/1251 1252/1252/1252 1252/1252/1252 
f 1252/1252/1252 1253/1253/1253 1252/1252/1252 
f 1252/1252/1252 1253/1253/1253 1253/1253/1253 
f 1253/1253/1253 1254/1254/1254 1253/1253/1253 
f 1253/1253/1253 1254/1254/1254 1255/1255/1255 
f 1254/1254/1254 1256/1256/1256 1255/1255/1255 
f 1255/1255/1255 1256/1256/1256 1257/1257/1257 
f 1256/1256/1256 1254/1254/1254 1257/1257/1257 
f 1257/1257/1257 1254/1254/1254 1258/1258/1258 
f 1254/1254/1254 1254/1254/1254 1258/1258/1258 
f 1258/1258/1258 1254/1254/1254 1259/1259/1259 
f 1254/1254/1254 1254/1254/1254 1259/1259/1259 
f 1259/1259/1259 1254/1254/1254 1260/1260/1260 
f 1254/1254/1254 1253/1253/1253 1260/1260/1260 
f 1260/1260/1260 1253/1253/1253 1261/1261/1261 
f 1253/1253/1253 1262/1262/1262 1261/1261/1261 
f 1261/1261/1261 1262/1262/1262 1261/1261/1261 
f 1262/1262/1262 1263/1263/1263 1261/1261/1261 
f 1261/1261/1261 1263/1263/1263 1261/1261/1261 
f 1263/1263/1263 1264/1264/1264 1261/1261/1261 
f 1261/1261/1261 1264/1264/1264 1261/1261/1261 
f 1264/1264/1264 1265/1265/1265 1261/1261/1261 
f 1261/1261/1261 1265/1265/1265 1266/1266/1266 
f 1265/1265/1265 1265/1265/1265 1266/1266/1266 
f 1266/1266/1266 1265/1265/1265 1267/1267/1267 
f 1265/1265/1265 1268/1268/1268 1267/1267/1267 
f 1267/1267/1267 1268/1268/1268 1267/1267/1267 
f 1268/1268/1268 1269/1269/1269 1267/1267/1267 
f 1267/1267/1267 1269/1269/1269 1270/1270/1270 
f 1269/1269/1269 1271/1271/1271 1270/1270/1270 
f 1270/1270/1270 1271/1271/1271 1272/1272/1272 
f 1271/1271/1271 1273/1273/1273 1272/1272/1272 
f 1272/1272/1272 1273/1273/1273 1274/1274/1274 
f 1273/1273/1273 1275/1275/1275 1274/1274/1274 
f 1274/1274/1274 1275/1275/1275 1274/1274/1274 
f 1275/1275/1275 1276/1276/1276 1274/1274/1274 
f 1274/1274/1274 1276/1276/1276 1277/1277/1277 
f 1276/1276/1276 1278/1278/1278 1277/1277/1277 
f 1277/1277/1277 1278/1278/1278 1277/1277/1277 
f 1278/1278/1278 1279/1279/1279 1277/1277/1277 
f 1277/1277/1277 1279/1279/1279 1274/1274/1274 
f 1279/1279/1279 1280/1280/1280 1274/1274/1274 
f 1274/1274/1274 1280/1280/1280 1270/1270/1270 
f 1280/1280/1280 1280/1280/1280 1270/1270/1270 
f 1270/1270/1270 1280/1280/1280 1267/1267/1267 
f 1280/1280/1280 1281/1281/1281 1267/1267/1267 
f 1267/1267/1267 1281/1281/1281 1266/1266/1266 
f 1281/1281/1281 1266/1266/1266 1266/1266/1266 
f 1266/1266/1266 1266/1266/1266 1261/1261/1261 
f 1266/1266/1266 1261/1261/1261 1261/1261/1261 
f 1261/1261/1261 1261/1261/1261 1260/1260/1260 
f 1261/1261/1261 1266/1266/1266 1260/1260/1260 
f 1260/1260/1260 1266/1266/1266 1266/1266/1266 
f 1266/1266/1266 1269/1269/1269 1266/1266/1266 
f 1266/1266/1266 1269/1269/1269 1269/1269/1269 
f 1269/1269/1269 1282/1282/1282 1269/1269/1269 
f 1269/1269/1269 1282/1282/1282 1271/1271/1271 
f 1282/1282/1282 1271/1271/1271 1271/1271/1271 
f 1271/1271/1271 1271/1271/1271 1274/1274/1274 
f 1271/1271/1271 1274/1274/1274 1274/1274/1274 
f 1274/1274/1274 1274/1274/1274 1272/1272/1272 
f 1274/1274/1274 1270/1270/1270 1272/1272/1272 
f 1272/1272/1272 1270/1270/1270 1270/1270/1270 
f 1270/1270/1270 1275/1275/1275 1270/1270/1270 
f 1270/1270/1270 1275/1275/1275 1275/1275/1275 
f 1275/1275/1275 1273/1273/1273 1275/1275/1275 
f 1275/1275/1275 1273/1273/1273 1283/1283/1283 
f 1273/1273/1273 1283/1283/1283 1283/1283/1283 
f 1283/1283/1283 1283/1283/1283 1284/1284/1284 
f 1283/1283/1283 1284/1284/1284 1284/1284/1284 
f 1284/1284/1284 1284/1284/1284 1276/1276/1276 
f 1284/1284/1284 1278/1278/1278 1276/1276/1276 
f 1276/1276/1276 1278/1278/1278 1278/1278/1278 
f 1278/1278/1278 1281/1281/1281 1278/1278/1278 
f 1278/1278/1278 1281/1281/1281 1281/1281/1281 
f 1281/1281/1281 1280/1280/1280 1281/1281/1281 
f 1281/1281/1281 1280/1280/1280 1285/1285/1285 
f 1280/1280/1280 1279/1279/1279 1285/1285/1285 
f 1285/1285/1285 1279/1279/1279 1286/1286/1286 
f 1279/1279/1279 1278/1278/1278 1286/1286/1286 
f 1286/1286/1286 1278/1278/1278 1287/1287/1287 
f 1278/1278/1278 1284/1284/1284 1287/1287/1287 
f 1287/1287/1287 1284/1284/1284 1288/1288/1288 
f 1284/1284/1284 1289/1289/1289 1288/1288/1288 
f 1288/1288/1288 1289/1289/1289 1290/1290/1290 
f 1289/1289/1289 1289/1289/1289 1290/1290/1290 
f 1290/1290/1290 1289/1289/1289 1291/1291/1291 
f 1289/1289/1289 1289/1289/1289 1291/1291/1291 
f 1291/1291/1291 1289/1289/1289 1292/1292/1292 
f 1289/1289/1289 1283/1283/1283 1292/1292/1292 
f 1292/1292/1292 1283/1283/1283 1283/1283/1283 
f 1283/1283/1283 1285/1285/1285 1283/1283/1283 
f 1283/1283/1283 1285/1285/1285 1285/1285/1285 
f 1285/1285/1285 1286/1286/1286 1285/1285/1285 
f 1285/1285/1285 1286/1286/1286 1281/1281/1281 
f 1286/1286/1286 1293/1293/1293 1281/1281/1281 
f 1281/1281/1281 1293/1293/1293 1266/1266/1266 
f 1293/1293/1293 1266/1266/1266 1266/1266/1266 
f 1266/1266/1266 1266/1266/1266 1286/1286/1286 
f 1266/1266/1266 1286/1286/1286 1286/1286/1286 
f 1286/1286/1286 1286/1286/1286 1293/1293/1293 
f 1286/1286/1286 1287/1287/1287 1293/1293/1293 
f 1293/1293/1293 1287/1287/1287 1287/1287/1287 
f 1287/1287/1287 1288/1288/1288 1287/1287/1287 
f 1287/1287/1287 1288/1288/1288 1288/1288/1288 
f 1288/1288/1288 1294/1294/1294 1288/1288/1288 
f 1288/1288/1288 1294/1294/1294 1287/1287/1287 
f 1294/1294/1294 1295/1295/1295 1287/1287/1287 
f 1287/1287/1287 1295/1295/1295 1296/1296/1296 
f 1295/1295/1295 1295/1295/1295 1296/1296/1296 
f 1296/1296/1296 1295/1295/1295 1297/1297/1297 
f 1295/1295/1295 1298/1298/1298 1297/1297/1297 
f 1297/1297/1297 1298/1298/1298 1299/1299/1299 
f 1298/1298/1298 1299/1299/1299 1299/1299/1299 
f 1299/1299/1299 1299/1299/1299 1296/1296/1296 
f 1299/1299/1299 1296/1296/1296 1296/1296/1296 
f 1296/1296/1296 1296/1296/1296 1287/1287/1287 
f 1296/1296/1296 1300/1300/1300 1287/1287/1287 
f 1287/1287/1287 1300/1300/1300 1293/1293/1293 
f 1300/1300/1300 1293/1293/1293 1293/1293/1293 
f 1293/1293/1293 1293/1293/1293 1300/1300/1300 
f 1293/1293/1293 1300/1300/1300 1300/1300/1300 
f 1300/1300/1300 1300/1300/1300 1301/1301/1301 
f 1300/1300/1300 1296/1296/1296 1301/1301/1301 
f 1301/1301/1301 1296/1296/1296 1301/1301/1301 
f 1296/1296/1296 1302/1302/1302 1301/1301/1301 
f 1301/1301/1301 1302/1302/1302 1301/1301/1301 
f 1302/1302/1302 1303/1303/1303 1301/1301/1301 
f 1301/1301/1301 1303/1303/1303 1301/1301/1301 
f 1303/1303/1303 1304/1304/1304 1301/1301/1301 
f 1301/1301/1301 1304/1304/1304 1301/1301/1301 
f 1304/1304/1304 1305/1305/1305 1301/1301/1301 
f 1301/1301/1301 1305/1305/1305 1300/1300/1300 
f 1305/1305/1305 1306/1306/1306 1300/1300/1300 
f 1300/1300/1300 1306/1306/1306 1293/1293/1293 
f 1306/1306/1306 1307/1307/1307 1293/1293/1293 
f 1293/1293/1293 1307/1307/1307 1293/1293/1293 
f 1307/1307/1307 1308/1308/1308 1293/1293/1293 
f 1293/1293/1293 1308/1308/1308 1266/1266/1266 
f 1308/1308/1308 1309/1309/1309 1266/1266/1266 
f 1266/1266/1266 1309/1309/1309 1310/1310/1310 
f 1309/1309/1309 1311/1311/1311 1310/1310/1310 
f 1310/1310/1310 1311/1311/1311 1310/1310/1310 
f 1311/1311/1311 1260/1260/1260 1310/1310/1310 
f 1310/1310/1310 1260/1260/1260 1266/1266/1266 
f 1260/1260/1260 1266/1266/1266 1266/1266/1266 
f 1266/1266/1266 1266/1266/1266 1306/1306/1306 
f 1266/1266/1266 1306/1306/1306 1306/1306/1306 
f 1306/1306/1306 1306/1306/1306 1307/1307/1307 
f 1306/1306/1306 1305/1305/1305 1307/1307/1307 
f 1307/1307/1307 1305/1305/1305 1309/1309/1309 
f 1305/1305/1305 1305/1305/1305 1309/1309/1309 
f 1309/1309/1309 1305/1305/1305 1311/1311/1311 
f 1305/1305/1305 1304/1304/1304 1311/1311/1311 
f 1311/1311/1311 1304/1304/1304 1312/1312/1312 
f 1304/1304/1304 1313/1313/1313 1312/1312/1312 
f 1312/1312/1312 1313/1313/1313 1312/1312/1312 
f 1313/1313/1313 1314/1314/1314 1312/1312/1312 
f 1312/1312/1312 1314/1314/1314 1315/1315/1315 
f 1314/1314/1314 1316/1316/1316 1315/1315/1315 
f 1315/1315/1315 1316/1316/1316 1315/1315/1315 
f 1316/1316/1316 1317/1317/1317 1315/1315/1315 
f 1315/1315/1315 1317/1317/1317 1315/1315/1315 
f 1317/1317/1317 1318/1318/1318 1315/1315/1315 
f 1315/1315/1315 1318/1318/1318 1315/1315/1315 
f 1318/1318/1318 1257/1257/1257 1315/1315/1315 
f 1315/1315/1315 1257/1257/1257 1315/1315/1315 
f 1257/1257/1257 1319/1319/1319 1315/1315/1315 
f 1315/1315/1315 1319/1319/1319 1315/1315/1315 
f 1319/1319/1319 1258/1258/1258 1315/1315/1315 
f 1315/1315/1315 1258/1258/1258 1312/1312/1312 
f 1258/1258/1258 1259/1259/1259 1312/1312/1312 
f 1312/1312/1312 1259/1259/1259 1311/1311/1311 
f 1259/1259/1259 1260/1260/1260 1311/1311/1311 
f 1311/1311/1311 1260/1260/1260 1260/1260/1260 
f 1260/1260/1260 1320/1320/1320 1260/1260/1260 
f 1260/1260/1260 1320/1320/1320 1320/1320/1320 
f 1320/1320/1320 1321/1321/1321 1320/1320/1320 
f 1320/1320/1320 1321/1321/1321 1322/1322/1322 
f 1321/1321/1321 1323/1323/1323 1322/1322/1322 
f 1322/1322/1322 1323/1323/1323 1322/1322/1322 
f 1323/1323/1323 1324/1324/1324 1322/1322/1322 
f 1322/1322/1322 1324/1324/1324 1325/1325/1325 
f 1324/1324/1324 1325/1325/1325 1325/1325/1325 
f 1325/1325/1325 1325/1325/1325 1326/1326/1326 
f 1325/1325/1325 1326/1326/1326 1326/1326/1326 
f 1326/1326/1326 1326/1326/1326 1327/1327/1327 
f 1326/1326/1326 1328/1328/1328 1327/1327/1327 
f 1327/1327/1327 1328/1328/1328 1328/1328/1328 
f 1328/1328/1328 1329/1329/1329 1328/1328/1328 
f 1328/1328/1328 1329/1329/1329 1329/1329/1329 
f 1329/1329/1329 1330/1330/1330 1329/1329/1329 
f 1329/1329/1329 1330/1330/1330 1331/1331/1331 
f 1330/1330/1330 1331/1331/1331 1331/1331/1331 
f 1331/1331/1331 1331/1331/1331 1332/1332/1332 
f 1331/1331/1331 1332/1332/1332 1332/1332/1332 
f 1332/1332/1332 1332/1332/1332 1333/1333/1333 
f 1332/1332/1332 1334/1334/1334 1333/1333/1333 
f 1333/1333/1333 1334/1334/1334 1335/1335/1335 
f 1334/1334/1334 1334/1334/1334 1335/1335/1335 
f 1335/1335/1335 1334/1334/1334 1336/1336/1336 
f 1334/1334/1334 1337/1337/1337 1336/1336/1336 
f 1336/1336/1336 1337/1337/1337 1336/1336/1336 
f 1337/1337/1337 1338/1338/1338 1336/1336/1336 
f 1336/1336/1336 1338/1338/1338 1339/1339/1339 
f 1338/1338/1338 1340/1340/1340 1339/1339/1339 
f 1339/1339/1339 1340/1340/1340 1340/1340/1340 
f 1340/1340/1340 1335/1335/1335 1340/1340/1340 
f 1340/1340/1340 1335/1335/1335 1335/1335/1335 
f 1335/1335/1335 1341/1341/1341 1335/1335/1335 
f 1335/1335/1335 1341/1341/1341 1333/1333/1333 
f 1341/1341/1341 1341/1341/1341 1333/1333/1333 
f 1333/1333/1333 1341/1341/1341 1342/1342/1342 
f 1341/1341/1341 1341/1341/1341 1342/1342/1342 
f 1342/1342/1342 1341/1341/1341 1343/1343/1343 
f 1341/1341/1341 1344/1344/1344 1343/1343/1343 
f 1343/1343/1343 1344/1344/1344 1345/1345/1345 
f 1344/1344/1344 1346/1346/1346 1345/1345/1345 
f 1345/1345/1345 1346/1346/1346 1347/1347/1347 
f 1346/1346/1346 1347/1347/1347 1347/1347/1347 
f 1347/1347/1347 1347/1347/1347 1344/1344/1344 
f 1347/1347/1347 1344/1344/1344 1344/1344/1344 
f 1344/1344/1344 1344/1344/1344 1346/1346/1346 
f 1344/1344/1344 1341/1341/1341 1346/1346/1346 
f 1346/1346/1346 1341/1341/1341 1335/1335/1335 
f 1341/1341/1341 1335/1335/1335 1335/1335/1335 
f 1335/1335/1335 1335/1335/1335 1348/1348/1348 
f 1335/1335/1335 1348/1348/1348 1348/1348/1348 
f 1348/1348/1348 1348/1348/1348 1349/1349/1349 
f 1348/1348/1348 1343/1343/1343 1349/1349/1349 
f 1349/1349/1349 1343/1343/1343 1349/1349/1349 
f 1343/1343/1343 1345/1345/1345 1349/1349/1349 
f 1349/1349/1349 1345/1345/1345 1350/1350/1350 
f 1345/1345/1345 1350/1350/1350 1350/1350/1350 
f 1350/1350/1350 1350/1350/1350 1347/1347/1347 
f 1350/1350/1350 1347/1347/1347 1347/1347/1347 
f 1347/1347/1347 1347/1347/1347 1350/1350/1350 
f 1347/1347/1347 1351/1351/1351 1350/1350/1350 
f 1350/1350/1350 1351/1351/1351 1351/1351/1351 
f 1351/1351/1351 1347/1347/1347 1351/1351/1351 
f 1351/1351/1351 1347/1347/1347 1347/1347/1347 
f 1347/1347/1347 1346/1346/1346 1347/1347/1347 
f 1347/1347/1347 1346/1346/1346 1352/1352/1352 
f 1346/1346/1346 1353/1353/1353 1352/1352/1352 
f 1352/1352/1352 1353/1353/1353 1354/1354/1354 
f 1353/1353/1353 1353/1353/1353 1354/1354/1354 
f 1354/1354/1354 1353/1353/1353 1355/1355/1355 
f 1353/1353/1353 1335/1335/1335 1355/1355/1355 
f 1355/1355/1355 1335/1335/1335 1355/1355/1355 
f 1335/1335/1335 1336/1336/1336 1355/1355/1355 
f 1355/1355/1355 1336/1336/1336 1356/1356/1356 
f 1336/1336/1336 1357/1357/1357 1356/1356/1356 
f 1356/1356/1356 1357/1357/1357 1356/1356/1356 
f 1357/1357/1357 1358/1358/1358 1356/1356/1356 
f 1356/1356/1356 1358/1358/1358 1356/1356/1356 
f 1358/1358/1358 1359/1359/1359 1356/1356/1356 
f 1356/1356/1356 1359/1359/1359 1360/1360/1360 
f 1359/1359/1359 1347/1347/1347 1360/1360/1360 
f 1360/1360/1360 1347/1347/1347 1360/1360/1360 
f 1347/1347/1347 1352/1352/1352 1360/1360/1360 
f 1360/1360/1360 1352/1352/1352 1360/1360/1360 
f 1352/1352/1352 1354/1354/1354 1360/1360/1360 
f 1360/1360/1360 1354/1354/1354 1356/1356/1356 
f 1354/1354/1354 1355/1355/1355 1356/1356/1356 
f 1356/1356/1356 1355/1355/1355 1355/1355/1355 
f 1355/1355/1355 1357/1357/1357 1355/1355/1355 
f 1355/1355/1355 1357/1357/1357 1357/1357/1357 
f 1357/1357/1357 1336/1336/1336 1357/1357/1357 
f 1357/1357/1357 1336/1336/1336 1339/1339/1339 
f 1336/1336/1336 1339/1339/1339 1339/1339/1339 
f 1339/1339/1339 1339/1339/1339 1346/1346/1346 
f 1339/1339/1339 1346/1346/1346 1346/1346/1346 
f 1346/1346/1346 1346/1346/1346 1353/1353/1353 
f 1346/1346/1346 1335/1335/1335 1353/1353/1353 
f 1353/1353/1353 1335/1335/1335 1335/1335/1335 
f 1335/1335/1335 1347/1347/1347 1335/1335/1335 
f 1335/1335/1335 1347/1347/1347 1347/1347/1347 
f 1347/1347/1347 1359/1359/1359 1347/1347/1347 
f 1347/1347/1347 1359/1359/1359 1361/1361/1361 
f 1359/1359/1359 1358/1358/1358 1361/1361/1361 
f 1361/1361/1361 1358/1358/1358 1361/1361/1361 
f 1358/1358/1358 1362/1362/1362 1361/1361/1361 
f 1361/1361/1361 1362/1362/1362 1363/1363/1363 
f 1362/1362/1362 1364/1364/1364 1363/1363/1363 
f 1363/1363/1363 1364/1364/1364 1365/1365/1365 
f 1364/1364/1364 1366/1366/1366 1365/1365/1365 
f 1365/1365/1365 1366/1366/1366 1366/1366/1366 
f 1366/1366/1366 1347/1347/1347 1366/1366/1366 
f 1366/1366/1366 1347/1347/1347 1347/1347/1347 
f 1347/1347/1347 1361/1361/1361 1347/1347/1347 
f 1347/1347/1347 1361/1361/1361 1351/1351/1351 
f 1361/1361/1361 1363/1363/1363 1351/1351/1351 
f 1351/1351/1351 1363/1363/1363 1365/1365/1365 
f 1363/1363/1363 1365/1365/1365 1365/1365/1365 
f 1365/1365/1365 1365/1365/1365 1364/1364/1364 
f 1365/1365/1365 1364/1364/1364 1364/1364/1364 
f 1364/1364/1364 1364/1364/1364 1367/1367/1367 
f 1364/1364/1364 1362/1362/1362 1367/1367/1367 
f 1367/1367/1367 1362/1362/1362 1367/1367/1367 
f 1362/1362/1362 1358/1358/1358 1367/1367/1367 
f 1367/1367/1367 1358/1358/1358 1368/1368/1368 
f 1358/1358/1358 1357/1357/1357 1368/1368/1368 
f 1368/1368/1368 1357/1357/1357 1368/1368/1368 
f 1357/1357/1357 1339/1339/1339 1368/1368/1368 
f 1368/1368/1368 1339/1339/1339 1369/1369/1369 
f 1339/1339/1339 1340/1340/1340 1369/1369/1369 
f 1369/1369/1369 1340/1340/1340 1340/1340/1340 
f 1340/1340/1340 1364/1364/1364 1340/1340/1340 
f 1340/1340/1340 1364/1364/1364 1364/1364/1364 
f 1364/1364/1364 1367/1367/1367 1364/1364/1364 
f 1364/1364/1364 1367/1367/1367 1370/1370/1370 
f 1367/1367/1367 1367/1367/1367 1370/1370/1370 
f 1370/1370/1370 1367/1367/1367 1371/1371/1371 
f 1367/1367/1367 1372/1372/1372 1371/1371/1371 
f 1371/1371/1371 1372/1372/1372 1373/1373/1373 
f 1372/1372/1372 1374/1374/1374 1373/1373/1373 
f 1373/1373/1373 1374/1374/1374 1375/1375/1375 
f 1374/1374/1374 1369/1369/1369 1375/1375/1375 
f 1375/1375/1375 1369/1369/1369 1375/1375/1375 
f 1369/1369/1369 1340/1340/1340 1375/1375/1375 
f 1375/1375/1375 1340/1340/1340 1376/1376/1376 
f 1340/1340/1340 1377/1377/1377 1376/1376/1376 
f 1376/1376/1376 1377/1377/1377 1377/1377/1377 
f 1377/1377/1377 1367/1367/1367 1377/1377/1377 
f 1377/1377/1377 1367/1367/1367 1367/1367/1367 
f 1367/1367/1367 1368/1368/1368 1367/1367/1367 
f 1367/1367/1367 1368/1368/1368 1372/1372/1372 
f 1368/1368/1368 1369/1369/1369 1372/1372/1372 
f 1372/1372/1372 1369/1369/1369 1374/1374/1374 
f 1369/1369/1369 1374/1374/1374 1374/1374/1374 
f 1374/1374/1374 1374/1374/1374 1377/1377/1377 
f 1374/1374/1374 1377/1377/1377 1377/1377/1377 
f 1377/1377/1377 1377/1377/1377 1375/1375/1375 
f 1377/1377/1377 1373/1373/1373 1375/1375/1375 
f 1375/1375/1375 1373/1373/1373 1373/1373/1373 
f 1373/1373/1373 1378/1378/1378 1373/1373/1373 
f 1373/1373/1373 1378/1378/1378 1378/1378/1378 
f 1378/1378/1378 1379/1379/1379 1378/1378/1378 
f 1378/1378/1378 1379/1379/1379 1380/1380/1380 
f 1379/1379/1379 1380/1380/1380 1380/1380/1380 
f 1380/1380/1380 1380/1380/1380 1381/1381/1381 
f 1380/1380/1380 1381/1381/1381 1381/1381/1381 
f 1381/1381/1381 1381/1381/1381 1382/1382/1382 
f 1381/1381/1381 1383/1383/1383 1382/1382/1382 
f 1382/1382/1382 1383/1383/1383 1384/1384/1384 
f 1383/1383/1383 1384/1384/1384 1384/1384/1384 
f 1384/1384/1384 1384/1384/1384 1385/1385/1385 
f 1384/1384/1384 1385/1385/1385 1385/1385/1385 
f 1385/1385/1385 1385/1385/1385 1386/1386/1386 
f 1385/1385/1385 1387/1387/1387 1386/1386/1386 
f 1386/1386/1386 1387/1387/1387 1387/1387/1387 
f 1387/1387/1387 1388/1388/1388 1387/1387/1387 
f 1387/1387/1387 1388/1388/1388 1388/1388/1388 
f 1388/1388/1388 1389/1389/1389 1388/1388/1388 
f 1388/1388/1388 1389/1389/1389 1390/1390/1390 
f 1389/1389/1389 1390/1390/1390 1390/1390/1390 
f 1390/1390/1390 1390/1390/1390 1391/1391/1391 
f 1390/1390/1390 1391/1391/1391 1391/1391/1391 
f 1391/1391/1391 1391/1391/1391 1392/1392/1392 
f 1391/1391/1391 1393/1393/1393 1392/1392/1392 
f 1392/1392/1392 1393/1393/1393 1393/1393/1393 
f 1393/1393/1393 1394/1394/1394 1393/1393/1393 
f 1393/1393/1393 1394/1394/1394 1394/1394/1394 
f 1394/1394/1394 1395/1395/1395 1394/1394/1394 
f 1394/1394/1394 1395/1395/1395 1396/1396/1396 
f 1395/1395/1395 1395/1395/1395 1396/1396/1396 
f 1396/1396/1396 1395/1395/1395 1397/1397/1397 
f 1395/1395/1395 1398/1398/1398 1397/1397/1397 
f 1397/1397/1397 1398/1398/1398 1399/1399/1399 
f 1398/1398/1398 1398/1398/1398 1399/1399/1399 
f 1399/1399/1399 1398/1398/1398 1400/1400/1400 
f 1398/1398/1398 1401/1401/1401 1400/1400/1400 
f 1400/1400/1400 1401/1401/1401 1402/1402/1402 
f 1401/1401/1401 1403/1403/1403 1402/1402/1402 
f 1402/1402/1402 1403/1403/1403 1404/1404/1404 
f 1403/1403/1403 1404/1404/1404 1404/1404/1404 
f 1404/1404/1404 1404/1404/1404 1394/1394/1394 
f 1404/1404/1404 1394/1394/1394 1394/1394/1394 
f 1394/1394/1394 1394/1394/1394 1395/1395/1395 
f 1394/1394/1394 1405/1405/1405 1395/1395/1395 
f 1395/1395/1395 1405/1405/1405 1395/1395/1395 
f 1405/1405/1405 1406/1406/1406 1395/1395/1395 
f 1395/1395/1395 1406/1406/1406 1395/1395/1395 
f 1406/1406/1406 1407/1407/1407 1395/1395/1395 
f 1395/1395/1395 1407/1407/1407 1398/1398/1398 
f 1407/1407/1407 1398/1398/1398 1398/1398/1398 
f 1398/1398/1398 1398/1398/1398 1402/1402/1402 
f 1398/1398/1398 1402/1402/1402 1402/1402/1402 
f 1402/1402/1402 1402/1402/1402 1400/1400/1400 
f 1402/1402/1402 1408/1408/1408 1400/1400/1400 
f 1400/1400/1400 1408/1408/1408 1399/1399/1399 
f 1408/1408/1408 1408/1408/1408 1399/1399/1399 
f 1399/1399/1399 1408/1408/1408 1397/1397/1397 
f 1408/1408/1408 1409/1409/1409 1397/1397/1397 
f 1397/1397/1397 1409/1409/1409 1410/1410/1410 
f 1409/1409/1409 1408/1408/1408 1410/1410/1410 
f 1410/1410/1410 1408/1408/1408 1410/1410/1410 
f 1408/1408/1408 1411/1411/1411 1410/1410/1410 
f 1410/1410/1410 1411/1411/1411 1412/1412/1412 
f 1411/1411/1411 1411/1411/1411 1412/1412/1412 
f 1412/1412/1412 1411/1411/1411 1413/1413/1413 
f 1411/1411/1411 1414/1414/1414 1413/1413/1413 
f 1413/1413/1413 1414/1414/1414 1415/1415/1415 
f 1414/1414/1414 1416/1416/1416 1415/1415/1415 
f 1415/1415/1415 1416/1416/1416 1416/1416/1416 
f 1416/1416/1416 1417/1417/1417 1416/1416/1416 
f 1416/1416/1416 1417/1417/1417 1417/1417/1417 
f 1417/1417/1417 1396/1396/1396 1417/1417/1417 
f 1417/1417/1417 1396/1396/1396 1418/1418/1418 
f 1396/1396/1396 1397/1397/1397 1418/1418/1418 
f 1418/1418/1418 1397/1397/1397 1418/1418/1418 
f 1397/1397/1397 1410/1410/1410 1418/1418/1418 
f 1418/1418/1418 1410/1410/1410 1419/1419/1419 
f 1410/1410/1410 1412/1412/1412 1419/1419/1419 
f 1419/1419/1419 1412/1412/1412 1412/1412/1412 
f 1412/1412/1412 1415/1415/1415 1412/1412/1412 
f 1412/1412/1412 1415/1415/1415 1415/1415/1415 
f 1415/1415/1415 1420/1420/1420 1415/1415/1415 
f 1415/1415/1415 1420/1420/1420 1413/1413/1413 
f 1420/1420/1420 1421/1421/1421 1413/1413/1413 
f 1413/1413/1413 1421/1421/1421 1421/1421/1421 
f 1421/1421/1421 1422/1422/1422 1421/1421/1421 
f 1421/1421/1421 1422/1422/1422 1422/1422/1422 
f 1422/1422/1422 1423/1423/1423 1422/1422/1422 
f 1422/1422/1422 1423/1423/1423 1424/1424/1424 
f 1423/1423/1423 1425/1425/1425 1424/1424/1424 
f 1424/1424/1424 1425/1425/1425 1413/1413/1413 
f 1425/1425/1425 1425/1425/1425 1413/1413/1413 
f 1413/1413/1413 1425/1425/1425 1412/1412/1412 
f 1425/1425/1425 1425/1425/1425 1412/1412/1412 
f 1412/1412/1412 1425/1425/1425 1426/1426/1426 
f 1425/1425/1425 1427/1427/1427 1426/1426/1426 
f 1426/1426/1426 1427/1427/1427 1426/1426/1426 
f 1427/1427/1427 1428/1428/1428 1426/1426/1426 
f 1426/1426/1426 1428/1428/1428 1429/1429/1429 
f 1428/1428/1428 1429/1429/1429 1429/1429/1429 
f 1429/1429/1429 1429/1429/1429 1423/1423/1423 
f 1429/1429/1429 1423/1423/1423 1423/1423/1423 
f 1423/1423/1423 1423/1423/1423 1425/1425/1425 
f 1423/1423/1423 1430/1430/1430 1425/1425/1425 
f 1425/1425/1425 1430/1430/1430 1431/1431/1431 
f 1430/1430/1430 1432/1432/1432 1431/1431/1431 
f 1431/1431/1431 1432/1432/1432 1432/1432/1432 
f 1432/1432/1432 1431/1431/1431 1432/1432/1432 
f 1432/1432/1432 1431/1431/1431 1431/1431/1431 
f 1431/1431/1431 1433/1433/1433 1431/1431/1431 
f 1431/1431/1431 1433/1433/1433 1425/1425/1425 
f 1433/1433/1433 1427/1427/1427 1425/1425/1425 
f 1425/1425/1425 1427/1427/1427 1427/1427/1427 
f 1427/1427/1427 1434/1434/1434 1427/1427/1427 
f 1427/1427/1427 1434/1434/1434 1434/1434/1434 
f 1434/1434/1434 1435/1435/1435 1434/1434/1434 
f 1434/1434/1434 1435/1435/1435 1436/1436/1436 
f 1435/1435/1435 1436/1436/1436 1436/1436/1436 
f 1436/1436/1436 1436/1436/1436 1437/1437/1437 
f 1436/1436/1436 1437/1437/1437 1437/1437/1437 
f 1437/1437/1437 1437/1437/1437 1438/1438/1438 
f 1437/1437/1437 1439/1439/1439 1438/1438/1438 
f 1438/1438/1438 1439/1439/1439 1439/1439/1439 
f 1439/1439/1439 1440/1440/1440 1439/1439/1439 
f 1439/1439/1439 1440/1440/1440 1440/1440/1440 
f 1440/1440/1440 1441/1441/1441 1440/1440/1440 
f 1440/1440/1440 1441/1441/1441 1442/1442/1442 
f 1441/1441/1441 1442/1442/1442 1442/1442/1442 
f 1442/1442/1442 1442/1442/1442 1443/1443/1443 
f 1442/1442/1442 1443/1443/1443 1443/1443/1443 
f 1443/1443/1443 1443/1443/1443 1444/1444/1444 
f 1443/1443/1443 1445/1445/1445 1444/1444/1444 
f 1444/1444/1444 1445/1445/1445 1445/1445/1445 
f 1445/1445/1445 1446/1446/1446 1445/1445/1445 
f 1445/1445/1445 1446/1446/1446 1446/1446/1446 
f 1446/1446/1446 1447/1447/1447 1446/1446/1446 
f 1446/1446/1446 1447/1447/1447 1448/1448/1448 
f 1447/1447/1447 1448/1448/1448 1448/1448/1448 
f 1448/1448/1448 1448/1448/1448 1449/1449/1449 
f 1448/1448/1448 1449/1449/1449 1449/1449/1449 
f 1449/1449/1449 1449/1449/1449 1450/1450/1450 
f 1449/1449/1449 1451/1451/1451 1450/1450/1450 
f 1450/1450/1450 1451/1451/1451 1452/1452/1452 
f 1451/1451/1451 1452/1452/1452 1452/1452/1452 
f 1452/1452/1452 1452/1452/1452 1453/1453/1453 
f 1452/1452/1452 1453/1453/1453 1453/1453/1453 
f 1453/1453/1453 1453/1453/1453 1454/1454/1454 
f 1453/1453/1453 1455/1455/1455 1454/1454/1454 
f 1454/1454/1454 1455/1455/1455 1456/1456/1456 
f 1455/1455/1455 1457/1457/1457 1456/1456/1456 
f 1456/1456/1456 1457/1457/1457 1457/1457/1457 
f 1457/1457/1457 1458/1458/1458 1457/1457/1457 
f 1457/1457/1457 1458/1458/1458 1458/1458/1458 
f 1458/1458/1458 1459/1459/1459 1458/1458/1458 
f 1458/1458/1458 1459/1459/1459 1460/1460/1460 
f 1459/1459/1459 1460/1460/1460 1460/1460/1460 
f 1460/1460/1460 1460/1460/1460 1461/1461/1461 
f 1460/1460/1460 1461/1461/1461 1461/1461/1461 
f 1461/1461/1461 1461/1461/1461 1462/1462/1462 
f 1461/1461/1461 1463/1463/1463 1462/1462/1462 
f 1462/1462/1462 1463/1463/1463 1464/1464/1464 
f 1463/1463/1463 1465/1465/1465 1464/1464/1464 
f 1464/1464/1464 1465/1465/1465 1466/1466/1466 
f 1465/1465/1465 1467/1467/1467 1466/1466/1466 
f 1466/1466/1466 1467/1467/1467 1468/1468/1468 
f 1467/1467/1467 1469/1469/1469 1468/1468/1468 
f 1468/1468/1468 1469/1469/1469 1470/1470/1470 
f 1469/1469/1469 1471/1471/1471 1470/1470/1470 
f 1470/1470/1470 1471/1471/1471 1470/1470/1470 
f 1471/1471/1471 1472/1472/1472 1470/1470/1470 
f 1470/1470/1470 1472/1472/1472 1473/1473/1473 
f 1472/1472/1472 1474/1474/1474 1473/1473/1473 
f 1473/1473/1473 1474/1474/1474 1473/1473/1473 
f 1474/1474/1474 1475/1475/1475 1473/1473/1473 
f 1473/1473/1473 1475/1475/1475 1473/1473/1473 
f 1475/1475/1475 1476/1476/1476 1473/1473/1473 
f 1473/1473/1473 1476/1476/1476 1477/1477/1477 
f 1476/1476/1476 1478/1478/1478 1477/1477/1477 
f 1477/1477/1477 1478/1478/1478 1478/1478/1478 
f 1478/1478/1478 1461/1461/1461 1478/1478/1478 
f 1478/1478/1478 1461/1461/1461 1461/1461/1461 
f 1461/1461/1461 1479/1479/1479 1461/1461/1461 
f 1461/1461/1461 1479/1479/1479 1463/1463/1463 
f 1479/1479/1479 1465/1465/1465 1463/1463/1463 
f 1463/1463/1463 1465/1465/1465 1465/1465/1465 
f 1465/1465/1465 1470/1470/1470 1465/1465/1465 
f 1465/1465/1465 1470/1470/1470 1470/1470/1470 
f 1470/1470/1470 1473/1473/1473 1470/1470/1470 
f 1470/1470/1470 1473/1473/1473 1468/1468/1468 
f 1473/1473/1473 1473/1473/1473 1468/1468/1468 
f 1468/1468/1468 1473/1473/1473 1466/1466/1466 
f 1473/1473/1473 1473/1473/1473 1466/1466/1466 
f 1466/1466/1466 1473/1473/1473 1464/1464/1464 
f 1473/1473/1473 1473/1473/1473 1464/1464/1464 
f 1464/1464/1464 1473/1473/1473 1462/1462/1462 
f 1473/1473/1473 1477/1477/1477 1462/1462/1462 
f 1462/1462/1462 1477/1477/1477 1478/1478/1478 
f 1477/1477/1477 1478/1478/1478 1478/1478/1478 
f 1478/1478/1478 1478/1478/1478 1469/1469/1469 
f 1478/1478/1478 1469/1469/1469 1469/1469/1469 
f 1469/1469/1469 1469/1469/1469 1480/1480/1480 
f 1469/1469/1469 1467/1467/1467 1480/1480/1480 
f 1480/1480/1480 1467/1467/1467 1481/1481/1481 
f 1467/1467/1467 1482/1482/1482 1481/1481/1481 
f 1481/1481/1481 1482/1482/1482 1481/1481/1481 
f 1482/1482/1482 1483/1483/1483 1481/1481/1481 
f 1481/1481/1481 1483/1483/1483 1484/1484/1484 
f 1483/1483/1483 1484/1484/1484 1484/1484/1484 
f 1484/1484/1484 1484/1484/1484 1482/1482/1482 
f 1484/1484/1484 1482/1482/1482 1482/1482/1482 
f 1482/1482/1482 1482/1482/1482 1485/1485/1485 
f 1482/1482/1482 1467/1467/1467 1485/1485/1485 
f 1485/1485/1485 1467/1467/1467 1486/1486/1486 
f 1467/1467/1467 1487/1487/1487 1486/1486/1486 
f 1486/1486/1486 1487/1487/1487 1488/1488/1488 
f 1487/1487/1487 1467/1467/1467 1488/1488/1488 
f 1488/1488/1488 1467/1467/1467 1489/1489/1489 
f 1467/1467/1467 1467/1467/1467 1489/1489/1489 
f 1489/1489/1489 1467/1467/1467 1490/1490/1490 
f 1467/1467/1467 1467/1467/1467 1490/1490/1490 
f 1490/1490/1490 1467/1467/1467 1491/1491/1491 
f 1467/1467/1467 1465/1465/1465 1491/1491/1491 
f 1491/1491/1491 1465/1465/1465 1492/1492/1492 
f 1465/1465/1465 1465/1465/1465 1492/1492/1492 
f 1492/1492/1492 1465/1465/1465 1493/1493/1493 
f 1465/1465/1465 1465/1465/1465 1493/1493/1493 
f 1493/1493/1493 1465/1465/1465 1494/1494/1494 
f 1465/1465/1465 1465/1465/1465 1494/1494/1494 
f 1494/1494/1494 1465/1465/1465 1495/1495/1495 
f 1465/1465/1465 1465/1465/1465 1495/1495/1495 
f 1495/1495/1495 1465/1465/1465 1496/1496/1496 
f 1465/1465/1465 1465/1465/1465 1496/1496/1496 
f 1496/1496/1496 1465/1465/1465 1497/1497/1497 
f 1465/1465/1465 1479/1479/1479 1497/1497/1497 
f 1497/1497/1497 1479/1479/1479 1498/1498/1498 
f 1479/1479/1479 1499/1499/1499 1498/1498/1498 
f 1498/1498/1498 1499/1499/1499 1498/1498/1498 
f 1499/1499/1499 1500/1500/1500 1498/1498/1498 
f 1498/1498/1498 1500/1500/1500 1498/1498/1498 
f 1500/1500/1500 1501/1501/1501 1498/1498/1498 
f 1498/1498/1498 1501/1501/1501 1502/1502/1502 
f 1501/1501/1501 1503/1503/1503 1502/1502/1502 
f 1502/1502/1502 1503/1503/1503 1502/1502/1502 
f 1503/1503/1503 1504/1504/1504 1502/1502/1502 
f 1502/1502/1502 1504/1504/1504 1497/1497/1497 
f 1504/1504/1504 1504/1504/1504 1497/1497/1497 
f 1497/1497/1497 1504/1504/1504 1505/1505/1505 
f 1504/1504/1504 1506/1506/1506 1505/1505/1505 
f 1505/1505/1505 1506/1506/1506 1507/1507/1507 
f 1506/1506/1506 1507/1507/1507 1507/1507/1507 
f 1507/1507/1507 1507/1507/1507 1486/1486/1486 
f 1507/1507/1507 1486/1486/1486 1486/1486/1486 
f 1486/1486/1486 1486/1486/1486 1489/1489/1489 
f 1486/1486/1486 1488/1488/1488 1489/1489/1489 
f 1489/1489/1489 1488/1488/1488 1488/1488/1488 
f 1488/1488/1488 1502/1502/1502 1488/1488/1488 
f 1488/1488/1488 1502/1502/1502 1502/1502/1502 
f 1502/1502/1502 1497/1497/1497 1502/1502/1502 
f 1502/1502/1502 1497/1497/1497 1498/1498/1498 
f 1497/1497/1497 1498/1498/1498 1498/1498/1498 
f 1498/1498/1498 1498/1498/1498 1508/1508/1508 
f 1498/1498/1498 1508/1508/1508 1508/1508/1508 
f 1508/1508/1508 1508/1508/1508 1509/1509/1509 
f 1508/1508/1508 1510/1510/1510 1509/1509/1509 
f 1509/1509/1509 1510/1510/1510 1511/1511/1511 
f 1510/1510/1510 1512/1512/1512 1511/1511/1511 
f 1511/1511/1511 1512/1512/1512 1513/1513/1513 
f 1512/1512/1512 1514/1514/1514 1513/1513/1513 
f 1513/1513/1513 1514/1514/1514 1515/1515/1515 
f 1514/1514/1514 1516/1516/1516 1515/1515/1515 
f 1515/1515/1515 1516/1516/1516 1517/1517/1517 
f 1516/1516/1516 1518/1518/1518 1517/1517/1517 
f 1517/1517/1517 1518/1518/1518 1518/1518/1518 
f 1518/1518/1518 1510/1510/1510 1518/1518/1518 
f 1518/1518/1518 1510/1510/1510 1510/1510/1510 
f 1510/1510/1510 1519/1519/1519 1510/1510/1510 
f 1510/1510/1510 1519/1519/1519 1512/1512/1512 
f 1519/1519/1519 1520/1520/1520 1512/1512/1512 
f 1512/1512/1512 1520/1520/1520 1514/1514/1514 
f 1520/1520/1520 1514/1514/1514 1514/1514/1514 
f 1514/1514/1514 1514/1514/1514 1513/1513/1513 
f 1514/1514/1514 1513/1513/1513 1513/1513/1513 
f 1513/1513/1513 1513/1513/1513 1511/1511/1511 
f 1513/1513/1513 1521/1521/1521 1511/1511/1511 
f 1511/1511/1511 1521/1521/1521 1509/1509/1509 
f 1521/1521/1521 1509/1509/1509 1509/1509/1509 
f 1509/1509/1509 1509/1509/1509 1515/1515/1515 
f 1509/1509/1509 1515/1515/1515 1515/1515/1515 
f 1515/1515/1515 1515/1515/1515 1522/1522/1522 
f 1515/1515/1515 1517/1517/1517 1522/1522/1522 
f 1522/1522/1522 1517/1517/1517 1522/1522/1522 
f 1517/1517/1517 1523/1523/1523 1522/1522/1522 
f 1522/1522/1522 1523/1523/1523 1515/1515/1515 
f 1523/1523/1523 1524/1524/1524 1515/1515/1515 
f 1515/1515/1515 1524/1524/1524 1515/1515/1515 
f 1524/1524/1524 1525/1525/1525 1515/1515/1515 
f 1515/1515/1515 1525/1525/1525 1526/1526/1526 
f 1525/1525/1525 1527/1527/1527 1526/1526/1526 
f 1526/1526/1526 1527/1527/1527 1526/1526/1526 
f 1527/1527/1527 1528/1528/1528 1526/1526/1526 
f 1526/1526/1526 1528/1528/1528 1529/1529/1529 
f 1528/1528/1528 1530/1530/1530 1529/1529/1529 
f 1529/1529/1529 1530/1530/1530 1529/1529/1529 
f 1530/1530/1530 1531/1531/1531 1529/1529/1529 
f 1529/1529/1529 1531/1531/1531 1529/1529/1529 
f 1531/1531/1531 1532/1532/1532 1529/1529/1529 
f 1529/1529/1529 1532/1532/1532 1533/1533/1533 
f 1532/1532/1532 1532/1532/1532 1533/1533/1533 
f 1533/1533/1533 1532/1532/1532 1534/1534/1534 
f 1532/1532/1532 1535/1535/1535 1534/1534/1534 
f 1534/1534/1534 1535/1535/1535 1536/1536/1536 
f 1535/1535/1535 1537/1537/1537 1536/1536/1536 
f 1536/1536/1536 1537/1537/1537 1536/1536/1536 
f 1537/1537/1537 1538/1538/1538 1536/1536/1536 
f 1536/1536/1536 1538/1538/1538 1536/1536/1536 
f 1538/1538/1538 1539/1539/1539 1536/1536/1536 
f 1536/1536/1536 1539/1539/1539 1536/1536/1536 
f 1539/1539/1539 1540/1540/1540 1536/1536/1536 
f 1536/1536/1536 1540/1540/1540 1534/1534/1534 
f 1540/1540/1540 1540/1540/1540 1534/1534/1534 
f 1534/1534/1534 1540/1540/1540 1533/1533/1533 
f 1540/1540/1540 1541/1541/1541 1533/1533/1533 
f 1533/1533/1533 1541/1541/1541 1529/1529/1529 
f 1541/1541/1541 1515/1515/1515 1529/1529/1529 
f 1529/1529/1529 1515/1515/1515 1526/1526/1526 
f 1515/1515/1515 1526/1526/1526 1526/1526/1526 
f 1526/1526/1526 1526/1526/1526 1542/1542/1542 
f 1526/1526/1526 1542/1542/1542 1542/1542/1542 
f 1542/1542/1542 1542/1542/1542 1543/1543/1543 
f 1542/1542/1542 1524/1524/1524 1543/1543/1543 
f 1543/1543/1543 1524/1524/1524 1544/1544/1544 
f 1524/1524/1524 1545/1545/1545 1544/1544/1544 
f 1544/1544/1544 1545/1545/1545 1523/1523/1523 
f 1545/1545/1545 1524/1524/1524 1523/1523/1523 
f 1523/1523/1523 1524/1524/1524 1524/1524/1524 
f 1524/1524/1524 1515/1515/1515 1524/1524/1524 
f 1524/1524/1524 1515/1515/1515 1515/1515/1515 
f 1515/1515/1515 1541/1541/1541 1515/1515/1515 
f 1515/1515/1515 1541/1541/1541 1513/1513/1513 
f 1541/1541/1541 1541/1541/1541 1513/1513/1513 
f 1513/1513/1513 1541/1541/1541 1521/1521/1521 
f 1541/1541/1541 1546/1546/1546 1521/1521/1521 
f 1521/1521/1521 1546/1546/1546 1547/1547/1547 
f 1546/1546/1546 1548/1548/1548 1547/1547/1547 
f 1547/1547/1547 1548/1548/1548 1548/1548/1548 
f 1548/1548/1548 1509/1509/1509 1548/1548/1548 
f 1548/1548/1548 1509/1509/1509 1509/1509/1509 
f 1509/1509/1509 1521/1521/1521 1509/1509/1509 
f 1509/1509/1509 1521/1521/1521 1547/1547/1547 
f 1521/1521/1521 1547/1547/1547 1547/1547/1547 
f 1547/1547/1547 1547/1547/1547 1546/1546/1546 
f 1547/1547/1547 1546/1546/1546 1546/1546/1546 
f 1546/1546/1546 1546/1546/1546 1549/1549/1549 
f 1546/1546/1546 1541/1541/1541 1549/1549/1549 
f 1549/1549/1549 1541/1541/1541 1549/1549/1549 
f 1541/1541/1541 1540/1540/1540 1549/1549/1549 
f 1549/1549/1549 1540/1540/1540 1549/1549/1549 
f 1540/1540/1540 1550/1550/1550 1549/1549/1549 
f 1549/1549/1549 1550/1550/1550 1549/1549/1549 
f 1550/1550/1550 1551/1551/1551 1549/1549/1549 
f 1549/1549/1549 1551/1551/1551 1546/1546/1546 
f 1551/1551/1551 1546/1546/1546 1546/1546/1546 
f 1546/1546/1546 1546/1546/1546 1552/1552/1552 
f 1546/1546/1546 1552/1552/1552 1552/1552/1552 
f 1552/1552/1552 1552/1552/1552 1553/1553/1553 
f 1552/1552/1552 1554/1554/1554 1553/1553/1553 
f 1553/1553/1553 1554/1554/1554 1555/1555/1555 
f 1554/1554/1554 1554/1554/1554 1555/1555/1555 
f 1555/1555/1555 1554/1554/1554 1556/1556/1556 
f 1554/1554/1554 1557/1557/1557 1556/1556/1556 
f 1556/1556/1556 1557/1557/1557 1557/1557/1557 
f 1557/1557/1557 1553/1553/1553 1557/1557/1557 
f 1557/1557/1557 1553/1553/1553 1553/1553/1553 
f 1553/1553/1553 1555/1555/1555 1553/1553/1553 
f 1553/1553/1553 1555/1555/1555 1558/1558/1558 
f 1555/1555/1555 1559/1559/1559 1558/1558/1558 
f 1558/1558/1558 1559/1559/1559 1560/1560/1560 
f 1559/1559/1559 1561/1561/1561 1560/1560/1560 
f 1560/1560/1560 1561/1561/1561 1562/1562/1562 
f 1561/1561/1561 1561/1561/1561 1562/1562/1562 
f 1562/1562/1562 1561/1561/1561 1563/1563/1563 
f 1561/1561/1561 1561/1561/1561 1563/1563/1563 
f 1563/1563/1563 1561/1561/1561 1564/1564/1564 
f 1561/1561/1561 1565/1565/1565 1564/1564/1564 
f 1564/1564/1564 1565/1565/1565 1566/1566/1566 
f 1565/1565/1565 1567/1567/1567 1566/1566/1566 
f 1566/1566/1566 1567/1567/1567 1568/1568/1568 
f 1567/1567/1567 1567/1567/1567 1568/1568/1568 
f 1568/1568/1568 1567/1567/1567 1569/1569/1569 
f 1567/1567/1567 1567/1567/1567 1569/1569/1569 
f 1569/1569/1569 1567/1567/1567 1556/1556/1556 
f 1567/1567/1567 1567/1567/1567 1556/1556/1556 
f 1556/1556/1556 1567/1567/1567 1555/1555/1555 
f 1567/1567/1567 1559/1559/1559 1555/1555/1555 
f 1555/1555/1555 1559/1559/1559 1559/1559/1559 
f 1559/1559/1559 1566/1566/1566 1559/1559/1559 
f 1559/1559/1559 1566/1566/1566 1566/1566/1566 
f 1566/1566/1566 1568/1568/1568 1566/1566/1566 
f 1566/1566/1566 1568/1568/1568 1564/1564/1564 
f 1568/1568/1568 1570/1570/1570 1564/1564/1564 
f 1564/1564/1564 1570/1570/1570 1563/1563/1563 
f 1570/1570/1570 1571/1571/1571 1563/1563/1563 
f 1563/1563/1563 1571/1571/1571 1572/1572/1572 
f 1571/1571/1571 1571/1571/1571 1572/1572/1572 
f 1572/1572/1572 1571/1571/1571 1573/1573/1573 
f 1571/1571/1571 1574/1574/1574 1573/1573/1573 
f 1573/1573/1573 1574/1574/1574 1575/1575/1575 
f 1574/1574/1574 1569/1569/1569 1575/1575/1575 
f 1575/1575/1575 1569/1569/1569 1576/1576/1576 
f 1569/1569/1569 1569/1569/1569 1576/1576/1576 
f 1576/1576/1576 1569/1569/1569 1577/1577/1577 
f 1569/1569/1569 1556/1556/1556 1577/1577/1577 
f 1577/1577/1577 1556/1556/1556 1577/1577/1577 
f 1556/1556/1556 1557/1557/1557 1577/1577/1577 
f 1577/1577/1577 1557/1557/1557 1578/1578/1578 
f 1557/1557/1557 1557/1557/1557 1578/1578/1578 
f 1578/1578/1578 1557/1557/1557 1579/1579/1579 
f 1557/1557/1557 1580/1580/1580 1579/1579/1579 
f 1579/1579/1579 1580/1580/1580 1581/1581/1581 
f 1580/1580/1580 1581/1581/1581 1581/1581/1581 
f 1581/1581/1581 1581/1581/1581 1572/1572/1572 
f 1581/1581/1581 1572/1572/1572 1572/1572/1572 
f 1572/1572/1572 1572/1572/1572 1563/1563/1563 
f 1572/1572/1572 1582/1582/1582 1563/1563/1563 
f 1563/1563/1563 1582/1582/1582 1582/1582/1582 
f 1582/1582/1582 1571/1571/1571 1582/1582/1582 
f 1582/1582/1582 1571/1571/1571 1571/1571/1571 
f 1571/1571/1571 1568/1568/1568 1571/1571/1571 
f 1571/1571/1571 1568/1568/1568 1574/1574/1574 
f 1568/1568/1568 1569/1569/1569 1574/1574/1574 
f 1574/1574/1574 1569/1569/1569 1569/1569/1569 
f 1569/1569/1569 1579/1579/1579 1569/1569/1569 
f 1569/1569/1569 1579/1579/1579 1579/1579/1579 
f 1579/1579/1579 1583/1583/1583 1579/1579/1579 
f 1579/1579/1579 1583/1583/1583 1578/1578/1578 
f 1583/1583/1583 1584/1584/1584 1578/1578/1578 
f 1578/1578/1578 1584/1584/1584 1578/1578/1578 
f 1584/1584/1584 1585/1585/1585 1578/1578/1578 
f 1578/1578/1578 1585/1585/1585 1577/1577/1577 
f 1585/1585/1585 1585/1585/1585 1577/1577/1577 
f 1577/1577/1577 1585/1585/1585 1576/1576/1576 
f 1585/1585/1585 1586/1586/1586 1576/1576/1576 
f 1576/1576/1576 1586/1586/1586 1587/1587/1587 
f 1586/1586/1586 1588/1588/1588 1587/1587/1587 
f 1587/1587/1587 1588/1588/1588 1589/1589/1589 
f 1588/1588/1588 1572/1572/1572 1589/1589/1589 
f 1589/1589/1589 1572/1572/1572 1589/1589/1589 
f 1572/1572/1572 1573/1573/1573 1589/1589/1589 
f 1589/1589/1589 1573/1573/1573 1589/1589/1589 
f 1573/1573/1573 1575/1575/1575 1589/1589/1589 
f 1589/1589/1589 1575/1575/1575 1589/1589/1589 
f 1575/1575/1575 1576/1576/1576 1589/1589/1589 
f 1589/1589/1589 1576/1576/1576 1587/1587/1587 
f 1576/1576/1576 1587/1587/1587 1587/1587/1587 
f 1587/1587/1587 1587/1587/1587 1572/1572/1572 
f 1587/1587/1587 1572/1572/1572 1572/1572/1572 
f 1572/1572/1572 1572/1572/1572 1582/1582/1582 
f 1572/1572/1572 1588/1588/1588 1582/1582/1582 
f 1582/1582/1582 1588/1588/1588 1590/1590/1590 
f 1588/1588/1588 1588/1588/1588 1590/1590/1590 
f 1590/1590/1590 1588/1588/1588 1591/1591/1591 
f 1588/1588/1588 1586/1586/1586 1591/1591/1591 
f 1591/1591/1591 1586/1586/1586 1591/1591/1591 
f 1586/1586/1586 1585/1585/1585 1591/1591/1591 
f 1591/1591/1591 1585/1585/1585 1592/1592/1592 
f 1585/1585/1585 1593/1593/1593 1592/1592/1592 
f 1592/1592/1592 1593/1593/1593 1592/1592/1592 
f 1593/1593/1593 1594/1594/1594 1592/1592/1592 
f 1592/1592/1592 1594/1594/1594 1595/1595/1595 
f 1594/1594/1594 1596/1596/1596 1595/1595/1595 
f 1595/1595/1595 1596/1596/1596 1591/1591/1591 
f 1596/1596/1596 1596/1596/1596 1591/1591/1591 
f 1591/1591/1591 1596/1596/1596 1590/1590/1590 
f 1596/1596/1596 1596/1596/1596 1590/1590/1590 
f 1590/1590/1590 1596/1596/1596 1582/1582/1582 
f 1596/1596/1596 1596/1596/1596 1582/1582/1582 
f 1582/1582/1582 1596/1596/1596 1597/1597/1597 
f 1596/1596/1596 1598/1598/1598 1597/1597/1597 
f 1597/1597/1597 1598/1598/1598 1597/1597/1597 
f 1598/1598/1598 1599/1599/1599 1597/1597/1597 
f 1597/1597/1597 1599/1599/1599 1600/1600/1600 
f 1599/1599/1599 1600/1600/1600 1600/1600/1600 
f 1600/1600/1600 1600/1600/1600 1592/1592/1592 
f 1600/1600/1600 1592/1592/1592 1592/1592/1592 
f 1592/1592/1592 1592/1592/1592 1591/1591/1591 
f 1592/1592/1592 1595/1595/1595 1591/1591/1591 
f 1591/1591/1591 1595/1595/1595 1595/1595/1595 
f 1595/1595/1595 1598/1598/1598 1595/1595/1595 
f 1595/1595/1595 1598/1598/1598 1598/1598/1598 
f 1598/1598/1598 1596/1596/1596 1598/1598/1598 
f 1598/1598/1598 1596/1596/1596 1601/1601/1601 
f 1596/1596/1596 1594/1594/1594 1601/1601/1601 
f 1601/1601/1601 1594/1594/1594 1602/1602/1602 
f 1594/1594/1594 1593/1593/1593 1602/1602/1602 
f 1602/1602/1602 1593/1593/1593 1603/1603/1603 
f 1593/1593/1593 1604/1604/1604 1603/1603/1603 
f 1603/1603/1603 1604/1604/1604 1603/1603/1603 
f 1604/1604/1604 1605/1605/1605 1603/1603/1603 
f 1603/1603/1603 1605/1605/1605 1602/1602/1602 
f 1605/1605/1605 1606/1606/1606 1602/1602/1602 
f 1602/1602/1602 1606/1606/1606 1607/1607/1607 
f 1606/1606/1606 1606/1606/1606 1607/1607/1607 
f 1607/1607/1607 1606/1606/1606 1608/1608/1608 
f 1606/1606/1606 1609/1609/1609 1608/1608/1608 
f 1608/1608/1608 1609/1609/1609 1610/1610/1610 
f 1609/1609/1609 1610/1610/1610 1610/1610/1610 
f 1610/1610/1610 1610/1610/1610 1598/1598/1598 
f 1610/1610/1610 1598/1598/1598 1598/1598/1598 
f 1598/1598/1598 1598/1598/1598 1611/1611/1611 
f 1598/1598/1598 1601/1601/1601 1611/1611/1611 
f 1611/1611/1611 1601/1601/1601 1607/1607/1607 
f 1601/1601/1601 1602/1602/1602 1607/1607/1607 
f 1607/1607/1607 1602/1602/1602 1602/1602/1602 
f 1602/1602/1602 1604/1604/1604 1602/1602/1602 
f 1602/1602/1602 1604/1604/1604 1604/1604/1604 
f 1604/1604/1604 1593/1593/1593 1604/1604/1604 
f 1604/1604/1604 1593/1593/1593 1585/1585/1585 
f 1593/1593/1593 1585/1585/1585 1585/1585/1585 
f 1585/1585/1585 1585/1585/1585 1612/1612/1612 
f 1585/1585/1585 1612/1612/1612 1612/1612/1612 
f 1612/1612/1612 1612/1612/1612 1613/1613/1613 
f 1612/1612/1612 1609/1609/1609 1613/1613/1613 
f 1613/1613/1613 1609/1609/1609 1614/1614/1614 
f 1609/1609/1609 1606/1606/1606 1614/1614/1614 
f 1614/1614/1614 1606/1606/1606 1606/1606/1606 
f 1606/1606/1606 1612/1612/1612 1606/1606/1606 
f 1606/1606/1606 1612/1612/1612 1612/1612/1612 
f 1612/1612/1612 1613/1613/1613 1612/1612/1612 
f 1612/1612/1612 1613/1613/1613 1615/1615/1615 
f 1613/1613/1613 1616/1616/1616 1615/1615/1615 
f 1615/1615/1615 1616/1616/1616 1617/1617/1617 
f 1616/1616/1616 1604/1604/1604 1617/1617/1617 
f 1617/1617/1617 1604/1604/1604 1618/1618/1618 
f 1604/1604/1604 1585/1585/1585 1618/1618/1618 
f 1618/1618/1618 1585/1585/1585 1584/1584/1584 
f 1585/1585/1585 1584/1584/1584 1584/1584/1584 
f 1584/1584/1584 1584/1584/1584 1613/1613/1613 
f 1584/1584/1584 1613/1613/1613 1613/1613/1613 
f 1613/1613/1613 1613/1613/1613 1616/1616/1616 
f 1613/1613/1613 1614/1614/1614 1616/1616/1616 
f 1616/1616/1616 1614/1614/1614 1619/1619/1619 
f 1614/1614/1614 1606/1606/1606 1619/1619/1619 
f 1619/1619/1619 1606/1606/1606 1619/1619/1619 
f 1606/1606/1606 1605/1605/1605 1619/1619/1619 
f 1619/1619/1619 1605/1605/1605 1619/1619/1619 
f 1605/1605/1605 1604/1604/1604 1619/1619/1619 
f 1619/1619/1619 1604/1604/1604 1616/1616/1616 
f 1604/1604/1604 1616/1616/1616 1616/1616/1616 
f 1616/1616/1616 1616/1616/1616 1620/1620/1620 
f 1616/1616/1616 1620/1620/1620 1620/1620/1620 
f 1620/1620/1620 1620/1620/1620 1621/1621/1621 
f 1620/1620/1620 1622/1622/1622 1621/1621/1621 
f 1621/1621/1621 1622/1622/1622 1623/1623/1623 
f 1622/1622/1622 1623/1623/1623 1623/1623/1623 
f 1623/1623/1623 1623/1623/1623 1622/1622/1622 
f 1623/1623/1623 1622/1622/1622 1622/1622/1622 
f 1622/1622/1622 1622/1622/1622 1624/1624/1624 
f 1622/1622/1622 1620/1620/1620 1624/1624/1624 
f 1624/1624/1624 1620/1620/1620 1624/1624/1624 
f 1620/1620/1620 1625/1625/1625 1624/1624/1624 
f 1624/1624/1624 1625/1625/1625 1624/1624/1624 
f 1625/1625/1625 1626/1626/1626 1624/1624/1624 
f 1624/1624/1624 1626/1626/1626 1622/1622/1622 
f 1626/1626/1626 1627/1627/1627 1622/1622/1622 
f 1622/1622/1622 1627/1627/1627 1628/1628/1628 
f 1627/1627/1627 1629/1629/1629 1628/1628/1628 
f 1628/1628/1628 1629/1629/1629 1628/1628/1628 
f 1629/1629/1629 1630/1630/1630 1628/1628/1628 
f 1628/1628/1628 1630/1630/1630 1631/1631/1631 
f 1630/1630/1630 1632/1632/1632 1631/1631/1631 
f 1631/1631/1631 1632/1632/1632 1633/1633/1633 
f 1632/1632/1632 1634/1634/1634 1633/1633/1633 
f 1633/1633/1633 1634/1634/1634 1635/1635/1635 
f 1634/1634/1634 1636/1636/1636 1635/1635/1635 
f 1635/1635/1635 1636/1636/1636 1637/1637/1637 
f 1636/1636/1636 1638/1638/1638 1637/1637/1637 
f 1637/1637/1637 1638/1638/1638 1639/1639/1639 
f 1638/1638/1638 1640/1640/1640 1639/1639/1639 
f 1639/1639/1639 1640/1640/1640 1641/1641/1641 
f 1640/1640/1640 1642/1642/1642 1641/1641/1641 
f 1641/1641/1641 1642/1642/1642 1643/1643/1643 
f 1642/1642/1642 1642/1642/1642 1643/1643/1643 
f 1643/1643/1643 1642/1642/1642 1644/1644/1644 
f 1642/1642/1642 1645/1645/1645 1644/1644/1644 
f 1644/1644/1644 1645/1645/1645 1645/1645/1645 
f 1645/1645/1645 1629/1629/1629 1645/1645/1645 
f 1645/1645/1645 1629/1629/1629 1629/1629/1629 
f 1629/1629/1629 1627/1627/1627 1629/1629/1629 
f 1629/1629/1629 1627/1627/1627 1626/1626/1626 
f 1627/1627/1627 1626/1626/1626 1626/1626/1626 
f 1626/1626/1626 1626/1626/1626 1631/1631/1631 
f 1626/1626/1626 1631/1631/1631 1631/1631/1631 
f 1631/1631/1631 1631/1631/1631 1635/1635/1635 
f 1631/1631/1631 1633/1633/1633 1635/1635/1635 
f 1635/1635/1635 1633/1633/1633 1633/1633/1633 
f 1633/1633/1633 1637/1637/1637 1633/1633/1633 
f 1633/1633/1633 1637/1637/1637 1637/1637/1637 
f 1637/1637/1637 1639/1639/1639 1637/1637/1637 
f 1637/1637/1637 1639/1639/1639 1635/1635/1635 
f 1639/1639/1639 1641/1641/1641 1635/1635/1635 
f 1635/1635/1635 1641/1641/1641 1646/1646/1646 
f 1641/1641/1641 1647/1647/1647 1646/1646/1646 
f 1646/1646/1646 1647/1647/1647 1646/1646/1646 
f 1647/1647/1647 1648/1648/1648 1646/1646/1646 
f 1646/1646/1646 1648/1648/1648 1649/1649/1649 
f 1648/1648/1648 1650/1650/1650 1649/1649/1649 
f 1649/1649/1649 1650/1650/1650 1650/1650/1650 
f 1650/1650/1650 1643/1643/1643 1650/1650/1650 
f 1650/1650/1650 1643/1643/1643 1643/1643/1643 
f 1643/1643/1643 1651/1651/1651 1643/1643/1643 
f 1643/1643/1643 1651/1651/1651 1641/1641/1641 
f 1651/1651/1651 1647/1647/1647 1641/1641/1641 
f 1641/1641/1641 1647/1647/1647 1647/1647/1647 
f 1647/1647/1647 1652/1652/1652 1647/1647/1647 
f 1647/1647/1647 1652/1652/1652 1652/1652/1652 
f 1652/1652/1652 1653/1653/1653 1652/1652/1652 
f 1652/1652/1652 1653/1653/1653 1646/1646/1646 
f 1653/1653/1653 1654/1654/1654 1646/1646/1646 
f 1646/1646/1646 1654/1654/1654 1635/1635/1635 
f 1654/1654/1654 1635/1635/1635 1635/1635/1635 
f 1635/1635/1635 1635/1635/1635 1652/1652/1652 
f 1635/1635/1635 1652/1652/1652 1652/1652/1652 
f 1652/1652/1652 1652/1652/1652 1653/1653/1653 
f 1652/1652/1652 1655/1655/1655 1653/1653/1653 
f 1653/1653/1653 1655/1655/1655 1653/1653/1653 
f 1655/1655/1655 1656/1656/1656 1653/1653/1653 
f 1653/1653/1653 1656/1656/1656 1657/1657/1657 
f 1656/1656/1656 1658/1658/1658 1657/1657/1657 
f 1657/1657/1657 1658/1658/1658 1657/1657/1657 
f 1658/1658/1658 1659/1659/1659 1657/1657/1657 
f 1657/1657/1657 1659/1659/1659 1660/1660/1660 
f 1659/1659/1659 1661/1661/1661 1660/1660/1660 
f 1660/1660/1660 1661/1661/1661 1662/1662/1662 
f 1661/1661/1661 1663/1663/1663 1662/1662/1662 
f 1662/1662/1662 1663/1663/1663 1662/1662/1662 
f 1663/1663/1663 1664/1664/1664 1662/1662/1662 
f 1662/1662/1662 1664/1664/1664 1662/1662/1662 
f 1664/1664/1664 1665/1665/1665 1662/1662/1662 
f 1662/1662/1662 1665/1665/1665 1662/1662/1662 
f 1665/1665/1665 1666/1666/1666 1662/1662/1662 
f 1662/1662/1662 1666/1666/1666 1662/1662/1662 
f 1666/1666/1666 1623/1623/1623 1662/1662/1662 
f 1662/1662/1662 1623/1623/1623 1662/1662/1662 
f 1623/1623/1623 1622/1622/1622 1662/1662/1662 
f 1662/1662/1662 1622/1622/1622 1667/1667/1667 
f 1622/1622/1622 1628/1628/1628 1667/1667/1667 
f 1667/1667/1667 1628/1628/1628 1667/1667/1667 
f 1628/1628/1628 1631/1631/1631 1667/1667/1667 
f 1667/1667/1667 1631/1631/1631 1667/1667/1667 
f 1631/1631/1631 1635/1635/1635 1667/1667/1667 
f 1667/1667/1667 1635/1635/1635 1667/1667/1667 
f 1635/1635/1635 1654/1654/1654 1667/1667/1667 
f 1667/1667/1667 1654/1654/1654 1668/1668/1668 
f 1654/1654/1654 1669/1669/1669 1668/1668/1668 
f 1668/1668/1668 1669/1669/1669 1667/1667/1667 
f 1669/1669/1669 1670/1670/1670 1667/1667/1667 
f 1667/1667/1667 1670/1670/1670 1662/1662/1662 
f 1670/1670/1670 1669/1669/1669 1662/1662/1662 
f 1662/1662/1662 1669/1669/1669 1660/1660/1660 
f 1669/1669/1669 1669/1669/1669 1660/1660/1660 
f 1660/1660/1660 1669/1669/1669 1657/1657/1657 
f 1669/1669/1669 1654/1654/1654 1657/1657/1657 
f 1657/1657/1657 1654/1654/1654 1653/1653/1653 
f 1654/1654/1654 1653/1653/1653 1653/1653/1653 
f 1653/1653/1653 1653/1653/1653 1671/1671/1671 
f 1653/1653/1653 1671/1671/1671 1671/1671/1671 
f 1671/1671/1671 1671/1671/1671 1672/1672/1672 
f 1671/1671/1671 1673/1673/1673 1672/1672/1672 
f 1672/1672/1672 1673/1673/1673 1674/1674/1674 
f 1673/1673/1673 1675/1675/1675 1674/1674/1674 
f 1674/1674/1674 1675/1675/1675 1675/1675/1675 
f 1675/1675/1675 1674/1674/1674 1675/1675/1675 
f 1675/1675/1675 1674/1674/1674 1674/1674/1674 
f 1674/1674/1674 1676/1676/1676 1674/1674/1674 
f 1674/1674/1674 1676/1676/1676 1672/1672/1672 
f 1676/1676/1676 1677/1677/1677 1672/1672/1672 
f 1672/1672/1672 1677/1677/1677 1678/1678/1678 
f 1677/1677/1677 1677/1677/1677 1678/1678/1678 
f 1678/1678/1678 1677/1677/1677 1679/1679/1679 
f 1677/1677/1677 1677/1677/1677 1679/1679/1679 
f 1679/1679/1679 1677/1677/1677 1680/1680/1680 
f 1677/1677/1677 1677/1677/1677 1680/1680/1680 
f 1680/1680/1680 1677/1677/1677 1681/1681/1681 
f 1677/1677/1677 1682/1682/1682 1681/1681/1681 
f 1681/1681/1681 1682/1682/1682 1683/1683/1683 
f 1682/1682/1682 1682/1682/1682 1683/1683/1683 
f 1683/1683/1683 1682/1682/1682 1684/1684/1684 
f 1682/1682/1682 1682/1682/1682 1684/1684/1684 
f 1684/1684/1684 1682/1682/1682 1685/1685/1685 
f 1682/1682/1682 1686/1686/1686 1685/1685/1685 
f 1685/1685/1685 1686/1686/1686 1687/1687/1687 
f 1686/1686/1686 1687/1687/1687 1687/1687/1687 
f 1687/1687/1687 1687/1687/1687 1688/1688/1688 
f 1687/1687/1687 1688/1688/1688 1688/1688/1688 
f 1688/1688/1688 1688/1688/1688 1689/1689/1689 
f 1688/1688/1688 1679/1679/1679 1689/1689/1689 
f 1689/1689/1689 1679/1679/1679 1689/1689/1689 
f 1679/1679/1679 1690/1690/1690 1689/1689/1689 
f 1689/1689/1689 1690/1690/1690 1691/1691/1691 
f 1690/1690/1690 1692/1692/1692 1691/1691/1691 
f 1691/1691/1691 1692/1692/1692 1692/1692/1692 
f 1692/1692/1692 1679/1679/1679 1692/1692/1692 
f 1692/1692/1692 1679/1679/1679 1679/1679/1679 
f 1679/1679/1679 1680/1680/1680 1679/1679/1679 
f 1679/1679/1679 1680/1680/1680 1690/1690/1690 
f 1680/1680/1680 1680/1680/1680 1690/1690/1690 
f 1690/1690/1690 1680/1680/1680 1693/1693/1693 
f 1680/1680/1680 1694/1694/1694 1693/1693/1693 
f 1693/1693/1693 1694/1694/1694 1693/1693/1693 
f 1694/1694/1694 1695/1695/1695 1693/1693/1693 
f 1693/1693/1693 1695/1695/1695 1696/1696/1696 
f 1695/1695/1695 1696/1696/1696 1696/1696/1696 
f 1696/1696/1696 1696/1696/1696 1697/1697/1697 
f 1696/1696/1696 1697/1697/1697 1697/1697/1697 
f 1697/1697/1697 1697/1697/1697 1698/1698/1698 
f 1697/1697/1697 1699/1699/1699 1698/1698/1698 
f 1698/1698/1698 1699/1699/1699 1698/1698/1698 
f 1699/1699/1699 1700/1700/1700 1698/1698/1698 
f 1698/1698/1698 1700/1700/1700 1701/1701/1701 
f 1700/1700/1700 1702/1702/1702 1701/1701/1701 
f 1701/1701/1701 1702/1702/1702 1701/1701/1701 
f 1702/1702/1702 1703/1703/1703 1701/1701/1701 
f 1701/1701/1701 1703/1703/1703 1698/1698/1698 
f 1703/1703/1703 1704/1704/1704 1698/1698/1698 
f 1698/1698/1698 1704/1704/1704 1698/1698/1698 
f 1704/1704/1704 1705/1705/1705 1698/1698/1698 
f 1698/1698/1698 1705/1705/1705 1706/1706/1706 
f 1705/1705/1705 1707/1707/1707 1706/1706/1706 
f 1706/1706/1706 1707/1707/1707 1708/1708/1708 
f 1707/1707/1707 1707/1707/1707 1708/1708/1708 
f 1708/1708/1708 1707/1707/1707 1709/1709/1709 
f 1707/1707/1707 1707/1707/1707 1709/1709/1709 
f 1709/1709/1709 1707/1707/1707 1710/1710/1710 
f 1707/1707/1707 1705/1705/1705 1710/1710/1710 
f 1710/1710/1710 1705/1705/1705 1705/1705/1705 
f 1705/1705/1705 1702/1702/1702 1705/1705/1705 
f 1705/1705/1705 1702/1702/1702 1702/1702/1702 
f 1702/1702/1702 1700/1700/1700 1702/1702/1702 
f 1702/1702/1702 1700/1700/1700 1711/1711/1711 
f 1700/1700/1700 1711/1711/1711 1711/1711/1711 
f 1711/1711/1711 1711/1711/1711 1709/1709/1709 
f 1711/1711/1711 1709/1709/1709 1709/1709/1709 
f 1709/1709/1709 1709/1709/1709 1712/1712/1712 
f 1709/1709/1709 1710/1710/1710 1712/1712/1712 
f 1712/1712/1712 1710/1710/1710 1713/1713/1713 
f 1710/1710/1710 1710/1710/1710 1713/1713/1713 
f 1713/1713/1713 1710/1710/1710 1714/1714/1714 
f 1710/1710/1710 1715/1715/1715 1714/1714/1714 
f 1714/1714/1714 1715/1715/1715 1716/1716/1716 
f 1715/1715/1715 1716/1716/1716 1716/1716/1716 
f 1716/1716/1716 1716/1716/1716 1686/1686/1686 
f 1716/1716/1716 1686/1686/1686 1686/1686/1686 
f 1686/1686/1686 1686/1686/1686 1717/1717/1717 
f 1686/1686/1686 1682/1682/1682 1717/1717/1717 
f 1717/1717/1717 1682/1682/1682 1717/1717/1717 
f 1682/1682/1682 1677/1677/1677 1717/1717/1717 
f 1717/1717/1717 1677/1677/1677 1717/1717/1717 
f 1677/1677/1677 1676/1676/1676 1717/1717/1717 
f 1717/1717/1717 1676/1676/1676 1717/1717/1717 
f 1676/1676/1676 1718/1718/1718 1717/1717/1717 
f 1717/1717/1717 1718/1718/1718 1686/1686/1686 
f 1718/1718/1718 1686/1686/1686 1686/1686/1686 
f 1686/1686/1686 1686/1686/1686 1715/1715/1715 
f 1686/1686/1686 1715/1715/1715 1715/1715/1715 
f 1715/1715/1715 1715/1715/1715 1719/1719/1719 
f 1715/1715/1715 1710/1710/1710 1719/1719/1719 
f 1719/1719/1719 1710/1710/1710 1719/1719/1719 
f 1710/1710/1710 1705/1705/1705 1719/1719/1719 
f 1719/1719/1719 1705/1705/1705 1719/1719/1719 
f 1705/1705/1705 1704/1704/1704 1719/1719/1719 
f 1719/1719/1719 1704/1704/1704 1720/1720/1720 
f 1704/1704/1704 1721/1721/1721 1720/1720/1720 
f 1720/1720/1720 1721/1721/1721 1720/1720/1720 
f 1721/1721/1721 1722/1722/1722 1720/1720/1720 
f 1720/1720/1720 1722/1722/1722 1720/1720/1720 
f 1722/1722/1722 1723/1723/1723 1720/1720/1720 
f 1720/1720/1720 1723/1723/1723 1715/1715/1715 
f 1723/1723/1723 1724/1724/1724 1715/1715/1715 
f 1715/1715/1715 1724/1724/1724 1724/1724/1724 
f 1724/1724/1724 1715/1715/1715 1724/1724/1724 
f 1724/1724/1724 1715/1715/1715 1715/1715/1715 
f 1715/1715/1715 1719/1719/1719 1715/1715/1715 
f 1715/1715/1715 1719/1719/1719 1720/1720/1720 
f 1719/1719/1719 1720/1720/1720 1720/1720/1720 
f 1720/1720/1720 1720/1720/1720 1704/1704/1704 
f 1720/1720/1720 1704/1704/1704 1704/1704/1704 
f 1704/1704/1704 1704/1704/1704 1721/1721/1721 
f 1704/1704/1704 1703/1703/1703 1721/1721/1721 
f 1721/1721/1721 1703/1703/1703 1721/1721/1721 
f 1703/1703/1703 1702/1702/1702 1721/1721/1721 
f 1721/1721/1721 1702/1702/1702 1725/1725/1725 
f 1702/1702/1702 1726/1726/1726 1725/1725/1725 
f 1725/1725/1725 1726/1726/1726 1726/1726/1726 
f 1726/1726/1726 1721/1721/1721 1726/1726/1726 
f 1726/1726/1726 1721/1721/1721 1721/1721/1721 
f 1721/1721/1721 1725/1725/1725 1721/1721/1721 
f 1721/1721/1721 1725/1725/1725 1727/1727/1727 
f 1725/1725/1725 1728/1728/1728 1727/1727/1727 
f 1727/1727/1727 1728/1728/1728 1729/1729/1729 
f 1728/1728/1728 1730/1730/1730 1729/1729/1729 
f 1729/1729/1729 1730/1730/1730 1730/1730/1730 
f 1730/1730/1730 1729/1729/1729 1730/1730/1730 
f 1730/1730/1730 1729/1729/1729 1729/1729/1729 
f 1729/1729/1729 1731/1731/1731 1729/1729/1729 
f 1729/1729/1729 1731/1731/1731 1727/1727/1727 
f 1731/1731/1731 1731/1731/1731 1727/1727/1727 
f 1727/1727/1727 1731/1731/1731 1721/1721/1721 
f 1731/1731/1731 1731/1731/1731 1721/1721/1721 
f 1721/1721/1721 1731/1731/1731 1722/1722/1722 
f 1731/1731/1731 1732/1732/1732 1722/1722/1722 
f 1722/1722/1722 1732/1732/1732 1723/1723/1723 
f 1732/1732/1732 1732/1732/1732 1723/1723/1723 
f 1723/1723/1723 1732/1732/1732 1733/1733/1733 
f 1732/1732/1732 1732/1732/1732 1733/1733/1733 
f 1733/1733/1733 1732/1732/1732 1734/1734/1734 
f 1732/1732/1732 1731/1731/1731 1734/1734/1734 
f 1734/1734/1734 1731/1731/1731 1735/1735/1735 
f 1731/1731/1731 1729/1729/1729 1735/1735/1735 
f 1735/1735/1735 1729/1729/1729 1735/1735/1735 
f 1729/1729/1729 1730/1730/1730 1735/1735/1735 
f 1735/1735/1735 1730/1730/1730 1736/1736/1736 
f 1730/1730/1730 1730/1730/1730 1736/1736/1736 
f 1736/1736/1736 1730/1730/1730 1737/1737/1737 
f 1730/1730/1730 1738/1738/1738 1737/1737/1737 
f 1737/1737/1737 1738/1738/1738 1737/1737/1737 
f 1738/1738/1738 1739/1739/1739 1737/1737/1737 
f 1737/1737/1737 1739/1739/1739 1735/1735/1735 
f 1739/1739/1739 1739/1739/1739 1735/1735/1735 
f 1735/1735/1735 1739/1739/1739 1734/1734/1734 
f 1739/1739/1739 1740/1740/1740 1734/1734/1734 
f 1734/1734/1734 1740/1740/1740 1733/1733/1733 
f 1740/1740/1740 1740/1740/1740 1733/1733/1733 
f 1733/1733/1733 1740/1740/1740 1723/1723/1723 
f 1740/1740/1740 1741/1741/1741 1723/1723/1723 
f 1723/1723/1723 1741/1741/1741 1742/1742/1742 
f 1741/1741/1741 1743/1743/1743 1742/1742/1742 
f 1742/1742/1742 1743/1743/1743 1744/1744/1744 
f 1743/1743/1743 1744/1744/1744 1744/1744/1744 
f 1744/1744/1744 1744/1744/1744 1723/1723/1723 
f 1744/1744/1744 1723/1723/1723 1723/1723/1723 
f 1723/1723/1723 1723/1723/1723 1724/1724/1724 
f 1723/1723/1723 1742/1742/1742 1724/1724/1724 
f 1724/1724/1724 1742/1742/1742 1724/1724/1724 
f 1742/1742/1742 1745/1745/1745 1724/1724/1724 
f 1724/1724/1724 1745/1745/1745 1724/1724/1724 
f 1745/1745/1745 1746/1746/1746 1724/1724/1724 
f 1724/1724/1724 1746/1746/1746 1747/1747/1747 
f 1746/1746/1746 1747/1747/1747 1747/1747/1747 
f 1747/1747/1747 1747/1747/1747 1738/1738/1738 
f 1747/1747/1747 1738/1738/1738 1738/1738/1738 
f 1738/1738/1738 1738/1738/1738 1739/1739/1739 
f 1738/1738/1738 1748/1748/1748 1739/1739/1739 
f 1739/1739/1739 1748/1748/1748 1749/1749/1749 
f 1748/1748/1748 1750/1750/1750 1749/1749/1749 
f 1749/1749/1749 1750/1750/1750 1749/1749/1749 
f 1750/1750/1750 1751/1751/1751 1749/1749/1749 
f 1749/1749/1749 1751/1751/1751 1752/1752/1752 
f 1751/1751/1751 1753/1753/1753 1752/1752/1752 
f 1752/1752/1752 1753/1753/1753 1754/1754/1754 
f 1753/1753/1753 1753/1753/1753 1754/1754/1754 
f 1754/1754/1754 1753/1753/1753 1755/1755/1755 
f 1753/1753/1753 1756/1756/1756 1755/1755/1755 
f 1755/1755/1755 1756/1756/1756 1757/1757/1757 
f 1756/1756/1756 1756/1756/1756 1757/1757/1757 
f 1757/1757/1757 1756/1756/1756 1751/1751/1751 
f 1756/1756/1756 1753/1753/1753 1751/1751/1751 
f 1751/1751/1751 1753/1753/1753 1753/1753/1753 
f 1753/1753/1753 1739/1739/1739 1753/1753/1753 
f 1753/1753/1753 1739/1739/1739 1739/1739/1739 
f 1739/1739/1739 1749/1749/1749 1739/1739/1739 
f 1739/1739/1739 1749/1749/1749 1740/1740/1740 
f 1749/1749/1749 1752/1752/1752 1740/1740/1740 
f 1740/1740/1740 1752/1752/1752 1741/1741/1741 
f 1752/1752/1752 1754/1754/1754 1741/1741/1741 
f 1741/1741/1741 1754/1754/1754 1754/1754/1754 
f 1754/1754/1754 1758/1758/1758 1754/1754/1754 
f 1754/1754/1754 1758/1758/1758 1758/1758/1758 
f 1758/1758/1758 1759/1759/1759 1758/1758/1758 
f 1758/1758/1758 1759/1759/1759 1760/1760/1760 
f 1759/1759/1759 1760/1760/1760 1760/1760/1760 
f 1760/1760/1760 1760/1760/1760 1761/1761/1761 
f 1760/1760/1760 1761/1761/1761 1761/1761/1761 
f 1761/1761/1761 1761/1761/1761 1762/1762/1762 
f 1761/1761/1761 1763/1763/1763 1762/1762/1762 
f 1762/1762/1762 1763/1763/1763 1763/1763/1763 
f 1763/1763/1763 1764/1764/1764 1763/1763/1763 
f 1763/1763/1763 1764/1764/1764 1764/1764/1764 
f 1764/1764/1764 1765/1765/1765 1764/1764/1764 
f 1764/1764/1764 1765/1765/1765 1766/1766/1766 
f 1765/1765/1765 1766/1766/1766 1766/1766/1766 
f 1766/1766/1766 1766/1766/1766 1767/1767/1767 
f 1766/1766/1766 1767/1767/1767 1767/1767/1767 
f 1767/1767/1767 1767/1767/1767 1768/1768/1768 
f 1767/1767/1767 1769/1769/1769 1768/1768/1768 
f 1768/1768/1768 1769/1769/1769 1769/1769/1769 
f 1769/1769/1769 1770/1770/1770 1769/1769/1769 
f 1769/1769/1769 1770/1770/1770 1770/1770/1770 
f 1770/1770/1770 1771/1771/1771 1770/1770/1770 
f 1770/1770/1770 1771/1771/1771 1772/1772/1772 
f 1771/1771/1771 1773/1773/1773 1772/1772/1772 
f 1772/1772/1772 1773/1773/1773 1774/1774/1774 
f 1773/1773/1773 1774/1774/1774 1774/1774/1774 
f 1774/1774/1774 1774/1774/1774 1775/1775/1775 
f 1774/1774/1774 1775/1775/1775 1775/1775/1775 
f 1775/1775/1775 1775/1775/1775 1776/1776/1776 
f 1775/1775/1775 1777/1777/1777 1776/1776/1776 
f 1776/1776/1776 1777/1777/1777 1778/1778/1778 
f 1777/1777/1777 1778/1778/1778 1778/1778/1778 
f 1778/1778/1778 1778/1778/1778 1779/1779/1779 
f 1778/1778/1778 1779/1779/1779 1779/1779/1779 
f 1779/1779/1779 1779/1779/1779 1780/1780/1780 
f 1779/1779/1779 1781/1781/1781 1780/1780/1780 
f 1780/1780/1780 1781/1781/1781 1781/1781/1781 
f 1781/1781/1781 1782/1782/1782 1781/1781/1781 
f 1781/1781/1781 1782/1782/1782 1782/1782/1782 
f 1782/1782/1782 1783/1783/1783 1782/1782/1782 
f 1782/1782/1782 1783/1783/1783 1784/1784/1784 
f 1783/1783/1783 1783/1783/1783 1784/1784/1784 
f 1784/1784/1784 1783/1783/1783 1785/1785/1785 
f 1783/1783/1783 1786/1786/1786 1785/1785/1785 
f 1785/1785/1785 1786/1786/1786 1786/1786/1786 
f 1786/1786/1786 1787/1787/1787 1786/1786/1786 
f 1786/1786/1786 1787/1787/1787 1787/1787/1787 
f 1787/1787/1787 1788/1788/1788 1787/1787/1787 
f 1787/1787/1787 1788/1788/1788 1789/1789/1789 
f 1788/1788/1788 1790/1790/1790 1789/1789/1789 
f 1789/1789/1789 1790/1790/1790 1790/1790/1790 
f 1790/1790/1790 1791/1791/1791 1790/1790/1790 
f 1790/1790/1790 1791/1791/1791 1791/1791/1791 
f 1791/1791/1791 1792/1792/1792 1791/1791/1791 
f 1791/1791/1791 1792/1792/1792 1793/1793/1793 
f 1792/1792/1792 1794/1794/1794 1793/1793/1793 
f 1793/1793/1793 1794/1794/1794 1793/1793/1793 
f 1794/1794/1794 1795/1795/1795 1793/1793/1793 
f 1793/1793/1793 1795/1795/1795 1796/1796/1796 
f 1795/1795/1795 1797/1797/1797 1796/1796/1796 
f 1796/1796/1796 1797/1797/1797 1798/1798/1798 
f 1797/1797/1797 1799/1799/1799 1798/1798/1798 
f 1798/1798/1798 1799/1799/1799 1800/1800/1800 
f 1799/1799/1799 1801/1801/1801 1800/1800/1800 
f 1800/1800/1800 1801/1801/1801 1802/1802/1802 
f 1801/1801/1801 1803/1803/1803 1802/1802/1802 
f 1802/1802/1802 1803/1803/1803 1804/1804/1804 
f 1803/1803/1803 1805/1805/1805 1804/1804/1804 
f 1804/1804/1804 1805/1805/1805 1806/1806/1806 
f 1805/1805/1805 1803/1803/1803 1806/1806/1806 
f 1806/1806/1806 1803/1803/1803 1803/1803/1803 
f 1803/1803/1803 1807/1807/1807 1803/1803/1803 
f 1803/1803/1803 1807/1807/1807 1807/1807/1807 
f 1807/1807/1807 1797/1797/1797 1807/1807/1807 
f 1807/1807/1807 1797/1797/1797 1795/1795/1795 
f 1797/1797/1797 1795/1795/1795 1795/1795/1795 
f 1795/1795/1795 1795/1795/1795 1796/1796/1796 
f 1795/1795/1795 1796/1796/1796 1796/1796/1796 
f 1796/1796/1796 1796/1796/1796 1808/1808/1808 
f 1796/1796/1796 1798/1798/1798 1808/1808/1808 
f 1808/1808/1808 1798/1798/1798 1800/1800/1800 
f 1798/1798/1798 1800/1800/1800 1800/1800/1800 
f 1800/1800/1800 1800/1800/1800 1800/1800/1800 
f 1800/1800/1800 1800/1800/1800 1800/1800/1800 
f 1800/1800/1800 1800/1800/1800 1809/1809/1809 
f 1800/1800/1800 1802/1802/1802 1809/1809/1809 
f 1809/1809/1809 1802/1802/1802 1804/1804/1804 
f 1802/1802/1802 1804/1804/1804 1804/1804/1804 
f 1804/1804/1804 1804/1804/1804 1799/1799/1799 
f 1804/1804/1804 1799/1799/1799 1799/1799/1799 
f 1799/1799/1799 1799/1799/1799 1801/1801/1801 
f 1799/1799/1799 1810/1810/1810 1801/1801/1801 
f 1801/1801/1801 1810/1810/1810 1811/1811/1811 
f 1810/1810/1810 1810/1810/1810 1811/1811/1811 
f 1811/1811/1811 1810/1810/1810 1812/1812/1812 
f 1810/1810/1810 1813/1813/1813 1812/1812/1812 
f 1812/1812/1812 1813/1813/1813 1814/1814/1814 
f 1813/1813/1813 1813/1813/1813 1814/1814/1814 
f 1814/1814/1814 1813/1813/1813 1815/1815/1815 
f 1813/1813/1813 1813/1813/1813 1815/1815/1815 
f 1815/1815/1815 1813/1813/1813 1816/1816/1816 
f 1813/1813/1813 1817/1817/1817 1816/1816/1816 
f 1816/1816/1816 1817/1817/1817 1818/1818/1818 
f 1817/1817/1817 1819/1819/1819 1818/1818/1818 
f 1818/1818/1818 1819/1819/1819 1820/1820/1820 
f 1819/1819/1819 1819/1819/1819 1820/1820/1820 
f 1820/1820/1820 1819/1819/1819 1821/1821/1821 
f 1819/1819/1819 1819/1819/1819 1821/1821/1821 
f 1821/1821/1821 1819/1819/1819 1822/1822/1822 
f 1819/1819/1819 1819/1819/1819 1822/1822/1822 
f 1822/1822/1822 1819/1819/1819 1823/1823/1823 
f 1819/1819/1819 1824/1824/1824 1823/1823/1823 
f 1823/1823/1823 1824/1824/1824 1825/1825/1825 
f 1824/1824/1824 1824/1824/1824 1825/1825/1825 
f 1825/1825/1825 1824/1824/1824 1826/1826/1826 
f 1824/1824/1824 1824/1824/1824 1826/1826/1826 
f 1826/1826/1826 1824/1824/1824 1827/1827/1827 
f 1824/1824/1824 1824/1824/1824 1827/1827/1827 
f 1827/1827/1827 1824/1824/1824 1828/1828/1828 
f 1824/1824/1824 1799/1799/1799 1828/1828/1828 
f 1828/1828/1828 1799/1799/1799 1828/1828/1828 
f 1799/1799/1799 1797/1797/1797 1828/1828/1828 
f 1828/1828/1828 1797/1797/1797 1829/1829/1829 
f 1797/1797/1797 1807/1807/1807 1829/1829/1829 
f 1829/1829/1829 1807/1807/1807 1829/1829/1829 
f 1807/1807/1807 1830/1830/1830 1829/1829/1829 
f 1829/1829/1829 1830/1830/1830 1829/1829/1829 
f 1830/1830/1830 1831/1831/1831 1829/1829/1829 
f 1829/1829/1829 1831/1831/1831 1832/1832/1832 
f 1831/1831/1831 1833/1833/1833 1832/1832/1832 
f 1832/1832/1832 1833/1833/1833 1832/1832/1832 
f 1833/1833/1833 1827/1827/1827 1832/1832/1832 
f 1832/1832/1832 1827/1827/1827 1834/1834/1834 
f 1827/1827/1827 1828/1828/1828 1834/1834/1834 
f 1834/1834/1834 1828/1828/1828 1834/1834/1834 
f 1828/1828/1828 1829/1829/1829 1834/1834/1834 
f 1834/1834/1834 1829/1829/1829 1832/1832/1832 
f 1829/1829/1829 1832/1832/1832 1832/1832/1832 
f 1832/1832/1832 1832/1832/1832 1813/1813/1813 
f 1832/1832/1832 1813/1813/1813 1813/1813/1813 
f 1813/1813/1813 1813/1813/1813 1817/1817/1817 
f 1813/1813/1813 1810/1810/1810 1817/1817/1817 
f 1817/1817/1817 1810/1810/1810 1819/1819/1819 
f 1810/1810/1810 1799/1799/1799 1819/1819/1819 
f 1819/1819/1819 1799/1799/1799 1824/1824/1824 
f 1799/1799/1799 1824/1824/1824 1824/1824/1824 
f 1824/1824/1824 1824/1824/1824 1835/1835/1835 
f 1824/1824/1824 1835/1835/1835 1835/1835/1835 
f 1835/1835/1835 1835/1835/1835 1836/1836/1836 
f 1835/1835/1835 1837/1837/1837 1836/1836/1836 
f 1836/1836/1836 1837/1837/1837 1836/1836/1836 
f 1837/1837/1837 1838/1838/1838 1836/1836/1836 
f 1836/1836/1836 1838/1838/1838 1839/1839/1839 
f 1838/1838/1838 1840/1840/1840 1839/1839/1839 
f 1839/1839/1839 1840/1840/1840 1841/1841/1841 
f 1840/1840/1840 1840/1840/1840 1841/1841/1841 
f 1841/1841/1841 1840/1840/1840 1842/1842/1842 
f 1840/1840/1840 1843/1843/1843 1842/1842/1842 
f 1842/1842/1842 1843/1843/1843 1844/1844/1844 
f 1843/1843/1843 1845/1845/1845 1844/1844/1844 
f 1844/1844/1844 1845/1845/1845 1846/1846/1846 
f 1845/1845/1845 1847/1847/1847 1846/1846/1846 
f 1846/1846/1846 1847/1847/1847 1848/1848/1848 
f 1847/1847/1847 1847/1847/1847 1848/1848/1848 
f 1848/1848/1848 1847/1847/1847 1849/1849/1849 
f 1847/1847/1847 1847/1847/1847 1849/1849/1849 
f 1849/1849/1849 1847/1847/1847 1850/1850/1850 
f 1847/1847/1847 1847/1847/1847 1850/1850/1850 
f 1850/1850/1850 1847/1847/1847 1851/1851/1851 
f 1847/1847/1847 1845/1845/1845 1851/1851/1851 
f 1851/1851/1851 1845/1845/1845 1851/1851/1851 
f 1845/1845/1845 1843/1843/1843 1851/1851/1851 
f 1851/1851/1851 1843/1843/1843 1852/1852/1852 
f 1843/1843/1843 1840/1840/1840 1852/1852/1852 
f 1852/1852/1852 1840/1840/1840 1852/1852/1852 
f 1840/1840/1840 1838/1838/1838 1852/1852/1852 
f 1852/1852/1852 1838/1838/1838 1853/1853/1853 
f 1838/1838/1838 1837/1837/1837 1853/1853/1853 
f 1853/1853/1853 1837/1837/1837 1837/1837/1837 
f 1837/1837/1837 1839/1839/1839 1837/1837/1837 
f 1837/1837/1837 1839/1839/1839 1839/1839/1839 
f 1839/1839/1839 1854/1854/1854 1839/1839/1839 
f 1839/1839/1839 1854/1854/1854 1836/1836/1836 
f 1854/1854/1854 1855/1855/1855 1836/1836/1836 
f 1836/1836/1836 1855/1855/1855 1855/1855/1855 
f 1855/1855/1855 1856/1856/1856 1855/1855/1855 
f 1855/1855/1855 1856/1856/1856 1856/1856/1856 
f 1856/1856/1856 1846/1846/1846 1856/1856/1856 
f 1856/1856/1856 1846/1846/1846 1848/1848/1848 
f 1846/1846/1846 1848/1848/1848 1848/1848/1848 
f 1848/1848/1848 1848/1848/1848 1852/1852/1852 
f 1848/1848/1848 1852/1852/1852 1852/1852/1852 
f 1852/1852/1852 1852/1852/1852 1851/1851/1851 
f 1852/1852/1852 1853/1853/1853 1851/1851/1851 
f 1851/1851/1851 1853/1853/1853 1857/1857/1857 
f 1853/1853/1853 1858/1858/1858 1857/1857/1857 
f 1857/1857/1857 1858/1858/1858 1857/1857/1857 
f 1858/1858/1858 1859/1859/1859 1857/1857/1857 
f 1857/1857/1857 1859/1859/1859 1857/1857/1857 
f 1859/1859/1859 1860/1860/1860 1857/1857/1857 
f 1857/1857/1857 1860/1860/1860 1857/1857/1857 
f 1860/1860/1860 1850/1850/1850 1857/1857/1857 
f 1857/1857/1857 1850/1850/1850 1851/1851/1851 
f 1850/1850/1850 1851/1851/1851 1851/1851/1851 
f 1851/1851/1851 1851/1851/1851 1858/1858/1858 
f 1851/1851/1851 1858/1858/1858 1858/1858/1858 
f 1858/1858/1858 1858/1858/1858 1861/1861/1861 
f 1858/1858/1858 1853/1853/1853 1861/1861/1861 
f 1861/1861/1861 1853/1853/1853 1861/1861/1861 
f 1853/1853/1853 1837/1837/1837 1861/1861/1861 
f 1861/1861/1861 1837/1837/1837 1862/1862/1862 
f 1837/1837/1837 1863/1863/1863 1862/1862/1862 
f 1862/1862/1862 1863/1863/1863 1862/1862/1862 
f 1863/1863/1863 1864/1864/1864 1862/1862/1862 
f 1862/1862/1862 1864/1864/1864 1865/1865/1865 
f 1864/1864/1864 1866/1866/1866 1865/1865/1865 
f 1865/1865/1865 1866/1866/1866 1865/1865/1865 
f 1866/1866/1866 1867/1867/1867 1865/1865/1865 
f 1865/1865/1865 1867/1867/1867 1865/1865/1865 
f 1867/1867/1867 1868/1868/1868 1865/1865/1865 
f 1865/1865/1865 1868/1868/1868 1869/1869/1869 
f 1868/1868/1868 1861/1861/1861 1869/1869/1869 
f 1869/1869/1869 1861/1861/1861 1869/1869/1869 
f 1861/1861/1861 1862/1862/1862 1869/1869/1869 
f 1869/1869/1869 1862/1862/1862 1865/1865/1865 
f 1862/1862/1862 1865/1865/1865 1865/1865/1865 
f 1865/1865/1865 1865/1865/1865 1861/1861/1861 
f 1865/1865/1865 1861/1861/1861 1861/1861/1861 
f 1861/1861/1861 1861/1861/1861 1858/1858/1858 
f 1861/1861/1861 1868/1868/1868 1858/1858/1858 
f 1858/1858/1858 1868/1868/1868 1858/1858/1858 
f 1868/1868/1868 1870/1870/1870 1858/1858/1858 
f 1858/1858/1858 1870/1870/1870 1871/1871/1871 
f 1870/1870/1870 1872/1872/1872 1871/1871/1871 
f 1871/1871/1871 1872/1872/1872 1873/1873/1873 
f 1872/1872/1872 1874/1874/1874 1873/1873/1873 
f 1873/1873/1873 1874/1874/1874 1874/1874/1874 
f 1874/1874/1874 1858/1858/1858 1874/1874/1874 
f 1874/1874/1874 1858/1858/1858 1858/1858/1858 
f 1858/1858/1858 1871/1871/1871 1858/1858/1858 
f 1858/1858/1858 1871/1871/1871 1859/1859/1859 
f 1871/1871/1871 1873/1873/1873 1859/1859/1859 
f 1859/1859/1859 1873/1873/1873 1875/1875/1875 
f 1873/1873/1873 1875/1875/1875 1875/1875/1875 
f 1875/1875/1875 1875/1875/1875 1876/1876/1876 
f 1875/1875/1875 1876/1876/1876 1876/1876/1876 
f 1876/1876/1876 1876/1876/1876 1877/1877/1877 
f 1876/1876/1876 1878/1878/1878 1877/1877/1877 
f 1877/1877/1877 1878/1878/1878 1877/1877/1877 
f 1878/1878/1878 1879/1879/1879 1877/1877/1877 
f 1877/1877/1877 1879/1879/1879 1877/1877/1877 
f 1879/1879/1879 1880/1880/1880 1877/1877/1877 
f 1877/1877/1877 1880/1880/1880 1881/1881/1881 
f 1880/1880/1880 1882/1882/1882 1881/1881/1881 
f 1881/1881/1881 1882/1882/1882 1883/1883/1883 
f 1882/1882/1882 1884/1884/1884 1883/1883/1883 
f 1883/1883/1883 1884/1884/1884 1883/1883/1883 
f 1884/1884/1884 1885/1885/1885 1883/1883/1883 
f 1883/1883/1883 1885/1885/1885 1883/1883/1883 
f 1885/1885/1885 1886/1886/1886 1883/1883/1883 
f 1883/1883/1883 1886/1886/1886 1887/1887/1887 
f 1886/1886/1886 1887/1887/1887 1887/1887/1887 
f 1887/1887/1887 1887/1887/1887 1888/1888/1888 
f 1887/1887/1887 1888/1888/1888 1888/1888/1888 
f 1888/1888/1888 1888/1888/1888 1883/1883/1883 
f 1888/1888/1888 1889/1889/1889 1883/1883/1883 
f 1883/1883/1883 1889/1889/1889 1890/1890/1890 
f 1889/1889/1889 1891/1891/1891 1890/1890/1890 
f 1890/1890/1890 1891/1891/1891 1892/1892/1892 
f 1891/1891/1891 1893/1893/1893 1892/1892/1892 
f 1892/1892/1892 1893/1893/1893 1894/1894/1894 
f 1893/1893/1893 1895/1895/1895 1894/1894/1894 
f 1894/1894/1894 1895/1895/1895 1894/1894/1894 
f 1895/1895/1895 1896/1896/1896 1894/1894/1894 
f 1894/1894/1894 1896/1896/1896 1897/1897/1897 
f 1896/1896/1896 1897/1897/1897 1897/1897/1897 
f 1897/1897/1897 1897/1897/1897 1892/1892/1892 
f 1897/1897/1897 1892/1892/1892 1892/1892/1892 
f 1892/1892/1892 1892/1892/1892 1890/1890/1890 
f 1892/1892/1892 1894/1894/1894 1890/1890/1890 
f 1890/1890/1890 1894/1894/1894 1883/1883/1883 
f 1894/1894/1894 1894/1894/1894 1883/1883/1883 
f 1883/1883/1883 1894/1894/1894 1881/1881/1881 
f 1894/1894/1894 1898/1898/1898 1881/1881/1881 
f 1881/1881/1881 1898/1898/1898 1899/1899/1899 
f 1898/1898/1898 1900/1900/1900 1899/1899/1899 
f 1899/1899/1899 1900/1900/1900 1899/1899/1899 
f 1900/1900/1900 1901/1901/1901 1899/1899/1899 
f 1899/1899/1899 1901/1901/1901 1902/1902/1902 
f 1901/1901/1901 1903/1903/1903 1902/1902/1902 
f 1902/1902/1902 1903/1903/1903 1902/1902/1902 
f 1903/1903/1903 1904/1904/1904 1902/1902/1902 
f 1902/1902/1902 1904/1904/1904 1902/1902/1902 
f 1904/1904/1904 1905/1905/1905 1902/1902/1902 
f 1902/1902/1902 1905/1905/1905 1899/1899/1899 
f 1905/1905/1905 1906/1906/1906 1899/1899/1899 
f 1899/1899/1899 1906/1906/1906 1877/1877/1877 
f 1906/1906/1906 1907/1907/1907 1877/1877/1877 
f 1877/1877/1877 1907/1907/1907 1876/1876/1876 
f 1907/1907/1907 1876/1876/1876 1876/1876/1876 
f 1876/1876/1876 1876/1876/1876 1897/1897/1897 
f 1876/1876/1876 1897/1897/1897 1897/1897/1897 
f 1897/1897/1897 1897/1897/1897 1898/1898/1898 
f 1897/1897/1897 1908/1908/1908 1898/1898/1898 
f 1898/1898/1898 1908/1908/1908 1900/1900/1900 
f 1908/1908/1908 1900/1900/1900 1900/1900/1900 
f 1900/1900/1900 1900/1900/1900 1899/1899/1899 
f 1900/1900/1900 1899/1899/1899 1899/1899/1899 
f 1899/1899/1899 1899/1899/1899 1881/1881/1881 
f 1899/1899/1899 1877/1877/1877 1881/1881/1881 
f 1881/1881/1881 1877/1877/1877 1877/1877/1877 
f 1877/1877/1877 1906/1906/1906 1877/1877/1877 
f 1877/1877/1877 1906/1906/1906 1906/1906/1906 
f 1906/1906/1906 1909/1909/1909 1906/1906/1906 
f 1906/1906/1906 1909/1909/1909 1907/1907/1907 
f 1909/1909/1909 1910/1910/1910 1907/1907/1907 
f 1907/1907/1907 1910/1910/1910 1910/1910/1910 
f 1910/1910/1910 1911/1911/1911 1910/1910/1910 
f 1910/1910/1910 1911/1911/1911 1911/1911/1911 
f 1911/1911/1911 1912/1912/1912 1911/1911/1911 
f 1911/1911/1911 1912/1912/1912 1913/1913/1913 
f 1912/1912/1912 1912/1912/1912 1913/1913/1913 
f 1913/1913/1913 1912/1912/1912 1914/1914/1914 
f 1912/1912/1912 1915/1915/1915 1914/1914/1914 
f 1914/1914/1914 1915/1915/1915 1916/1916/1916 
f 1915/1915/1915 1917/1917/1917 1916/1916/1916 
f 1916/1916/1916 1917/1917/1917 1918/1918/1918 
f 1917/1917/1917 1917/1917/1917 1918/1918/1918 
f 1918/1918/1918 1917/1917/1917 1919/1919/1919 
f 1917/1917/1917 1917/1917/1917 1919/1919/1919 
f 1919/1919/1919 1917/1917/1917 1920/1920/1920 
f 1917/1917/1917 1917/1917/1917 1920/1920/1920 
f 1920/1920/1920 1917/1917/1917 1921/1921/1921 
f 1917/1917/1917 1922/1922/1922 1921/1921/1921 
f 1921/1921/1921 1922/1922/1922 1923/1923/1923 
f 1922/1922/1922 1923/1923/1923 1923/1923/1923 
f 1923/1923/1923 1923/1923/1923 1912/1912/1912 
f 1923/1923/1923 1912/1912/1912 1912/1912/1912 
f 1912/1912/1912 1912/1912/1912 1915/1915/1915 
f 1912/1912/1912 1924/1924/1924 1915/1915/1915 
f 1915/1915/1915 1924/1924/1924 1915/1915/1915 
f 1924/1924/1924 1925/1925/1925 1915/1915/1915 
f 1915/1915/1915 1925/1925/1925 1917/1917/1917 
f 1925/1925/1925 1926/1926/1926 1917/1917/1917 
f 1917/1917/1917 1926/1926/1926 1922/1922/1922 
f 1926/1926/1926 1926/1926/1926 1922/1922/1922 
f 1922/1922/1922 1926/1926/1926 1927/1927/1927 
f 1926/1926/1926 1926/1926/1926 1927/1927/1927 
f 1927/1927/1927 1926/1926/1926 1928/1928/1928 
f 1926/1926/1926 1929/1929/1929 1928/1928/1928 
f 1928/1928/1928 1929/1929/1929 1930/1930/1930 
f 1929/1929/1929 1929/1929/1929 1930/1930/1930 
f 1930/1930/1930 1929/1929/1929 1931/1931/1931 
f 1929/1929/1929 1932/1932/1932 1931/1931/1931 
f 1931/1931/1931 1932/1932/1932 1933/1933/1933 
f 1932/1932/1932 1932/1932/1932 1933/1933/1933 
f 1933/1933/1933 1932/1932/1932 1934/1934/1934 
f 1932/1932/1932 1932/1932/1932 1934/1934/1934 
f 1934/1934/1934 1932/1932/1932 1935/1935/1935 
f 1932/1932/1932 1932/1932/1932 1935/1935/1935 
f 1935/1935/1935 1932/1932/1932 1936/1936/1936 
f 1932/1932/1932 1929/1929/1929 1936/1936/1936 
f 1936/1936/1936 1929/1929/1929 1937/1937/1937 
f 1929/1929/1929 1938/1938/1938 1937/1937/1937 
f 1937/1937/1937 1938/1938/1938 1939/1939/1939 
f 1938/1938/1938 1938/1938/1938 1939/1939/1939 
f 1939/1939/1939 1938/1938/1938 1940/1940/1940 
f 1938/1938/1938 1938/1938/1938 1940/1940/1940 
f 1940/1940/1940 1938/1938/1938 1925/1925/1925 
f 1938/1938/1938 1929/1929/1929 1925/1925/1925 
f 1925/1925/1925 1929/1929/1929 1926/1926/1926 
f 1929/1929/1929 1926/1926/1926 1926/1926/1926 
f 1926/1926/1926 1926/1926/1926 1916/1916/1916 
f 1926/1926/1926 1916/1916/1916 1916/1916/1916 
f 1916/1916/1916 1916/1916/1916 1914/1914/1914 
f 1916/1916/1916 1941/1941/1941 1914/1914/1914 
f 1914/1914/1914 1941/1941/1941 1941/1941/1941 
f 1941/1941/1941 1933/1933/1933 1941/1941/1941 
f 1941/1941/1941 1933/1933/1933 1933/1933/1933 
f 1933/1933/1933 1942/1942/1942 1933/1933/1933 
f 1933/1933/1933 1942/1942/1942 1931/1931/1931 
f 1942/1942/1942 1931/1931/1931 1931/1931/1931 
f 1931/1931/1931 1931/1931/1931 1937/1937/1937 
f 1931/1931/1931 1937/1937/1937 1937/1937/1937 
f 1937/1937/1937 1937/1937/1937 1943/1943/1943 
f 1937/1937/1937 1939/1939/1939 1943/1943/1943 
f 1943/1943/1943 1939/1939/1939 1943/1943/1943 
f 1939/1939/1939 1944/1944/1944 1943/1943/1943 
f 1943/1943/1943 1944/1944/1944 1945/1945/1945 
f 1944/1944/1944 1945/1945/1945 1945/1945/1945 
f 1945/1945/1945 1945/1945/1945 1946/1946/1946 
f 1945/1945/1945 1946/1946/1946 1946/1946/1946 
f 1946/1946/1946 1946/1946/1946 1947/1947/1947 
f 1946/1946/1946 1948/1948/1948 1947/1947/1947 
f 1947/1947/1947 1948/1948/1948 1949/1949/1949 
f 1948/1948/1948 1948/1948/1948 1949/1949/1949 
f 1949/1949/1949 1948/1948/1948 1950/1950/1950 
f 1948/1948/1948 1951/1951/1951 1950/1950/1950 
f 1950/1950/1950 1951/1951/1951 1952/1952/1952 
f 1951/1951/1951 1951/1951/1951 1952/1952/1952 
f 1952/1952/1952 1951/1951/1951 1953/1953/1953 
f 1951/1951/1951 1951/1951/1951 1953/1953/1953 
f 1953/1953/1953 1951/1951/1951 1954/1954/1954 
f 1951/1951/1951 1948/1948/1948 1954/1954/1954 
f 1954/1954/1954 1948/1948/1948 1955/1955/1955 
f 1948/1948/1948 1956/1956/1956 1955/1955/1955 
f 1955/1955/1955 1956/1956/1956 1957/1957/1957 
f 1956/1956/1956 1956/1956/1956 1957/1957/1957 
f 1957/1957/1957 1956/1956/1956 1958/1958/1958 
f 1956/1956/1956 1956/1956/1956 1958/1958/1958 
f 1958/1958/1958 1956/1956/1956 1959/1959/1959 
f 1956/1956/1956 1956/1956/1956 1959/1959/1959 
f 1959/1959/1959 1956/1956/1956 1960/1960/1960 
f 1956/1956/1956 1961/1961/1961 1960/1960/1960 
f 1960/1960/1960 1961/1961/1961 1962/1962/1962 
f 1961/1961/1961 1962/1962/1962 1962/1962/1962 
f 1962/1962/1962 1962/1962/1962 1963/1963/1963 
f 1962/1962/1962 1963/1963/1963 1963/1963/1963 
f 1963/1963/1963 1963/1963/1963 1964/1964/1964 
f 1963/1963/1963 1965/1965/1965 1964/1964/1964 
f 1964/1964/1964 1965/1965/1965 1948/1948/1948 
f 1965/1965/1965 1966/1966/1966 1948/1948/1948 
f 1948/1948/1948 1966/1966/1966 1948/1948/1948 
f 1966/1966/1966 1967/1967/1967 1948/1948/1948 
f 1948/1948/1948 1967/1967/1967 1956/1956/1956 
f 1967/1967/1967 1967/1967/1967 1956/1956/1956 
f 1956/1956/1956 1967/1967/1967 1961/1961/1961 
f 1967/1967/1967 1968/1968/1968 1961/1961/1961 
f 1961/1961/1961 1968/1968/1968 1962/1962/1962 
f 1968/1968/1968 1969/1969/1969 1962/1962/1962 
f 1962/1962/1962 1969/1969/1969 1970/1970/1970 
f 1969/1969/1969 1968/1968/1968 1970/1970/1970 
f 1970/1970/1970 1968/1968/1968 1968/1968/1968 
f 1968/1968/1968 1946/1946/1946 1968/1968/1968 
f 1968/1968/1968 1946/1946/1946 1946/1946/1946 
f 1946/1946/1946 1971/1971/1971 1946/1946/1946 
f 1946/1946/1946 1971/1971/1971 1948/1948/1948 
f 1971/1971/1971 1971/1971/1971 1948/1948/1948 
f 1948/1948/1948 1971/1971/1971 1964/1964/1964 
f 1971/1971/1971 1972/1972/1972 1964/1964/1964 
f 1964/1964/1964 1972/1972/1972 1972/1972/1972 
f 1972/1972/1972 1973/1973/1973 1972/1972/1972 
f 1972/1972/1972 1973/1973/1973 1973/1973/1973 
f 1973/1973/1973 1974/1974/1974 1973/1973/1973 
f 1973/1973/1973 1974/1974/1974 1975/1975/1975 
f 1974/1974/1974 1976/1976/1976 1975/1975/1975 
f 1975/1975/1975 1976/1976/1976 1977/1977/1977 
f 1976/1976/1976 1978/1978/1978 1977/1977/1977 
f 1977/1977/1977 1978/1978/1978 1979/1979/1979 
f 1978/1978/1978 1980/1980/1980 1979/1979/1979 
f 1979/1979/1979 1980/1980/1980 1979/1979/1979 
f 1980/1980/1980 1981/1981/1981 1979/1979/1979 
f 1979/1979/1979 1981/1981/1981 1979/1979/1979 
f 1981/1981/1981 1982/1982/1982 1979/1979/1979 
f 1979/1979/1979 1982/1982/1982 1979/1979/1979 
f 1982/1982/1982 1983/1983/1983 1979/1979/1979 
f 1979/1979/1979 1983/1983/1983 1984/1984/1984 
f 1983/1983/1983 1985/1985/1985 1984/1984/1984 
f 1984/1984/1984 1985/1985/1985 1984/1984/1984 
f 1985/1985/1985 1986/1986/1986 1984/1984/1984 
f 1984/1984/1984 1986/1986/1986 1987/1987/1987 
f 1986/1986/1986 1988/1988/1988 1987/1987/1987 
f 1987/1987/1987 1988/1988/1988 1988/1988/1988 
f 1988/1988/1988 1974/1974/1974 1988/1988/1988 
f 1988/1988/1988 1974/1974/1974 1974/1974/1974 
f 1974/1974/1974 1989/1989/1989 1974/1974/1974 
f 1974/1974/1974 1989/1989/1989 1976/1976/1976 
f 1989/1989/1989 1990/1990/1990 1976/1976/1976 
f 1976/1976/1976 1990/1990/1990 1976/1976/1976 
f 1990/1990/1990 1991/1991/1991 1976/1976/1976 
f 1976/1976/1976 1991/1991/1991 1976/1976/1976 
f 1991/1991/1991 1992/1992/1992 1976/1976/1976 
f 1976/1976/1976 1992/1992/1992 1978/1978/1978 
f 1992/1992/1992 1978/1978/1978 1978/1978/1978 
f 1978/1978/1978 1978/1978/1978 1979/1979/1979 
f 1978/1978/1978 1979/1979/1979 1979/1979/1979 
f 1979/1979/1979 1979/1979/1979 1977/1977/1977 
f 1979/1979/1979 1984/1984/1984 1977/1977/1977 
f 1977/1977/1977 1984/1984/1984 1993/1993/1993 
f 1984/1984/1984 1987/1987/1987 1993/1993/1993 
f 1993/1993/1993 1987/1987/1987 1993/1993/1993 
f 1987/1987/1987 1994/1994/1994 1993/1993/1993 
f 1993/1993/1993 1994/1994/1994 1995/1995/1995 
f 1994/1994/1994 1994/1994/1994 1995/1995/1995 
f 1995/1995/1995 1994/1994/1994 1996/1996/1996 
f 1994/1994/1994 1994/1994/1994 1996/1996/1996 
f 1996/1996/1996 1994/1994/1994 1997/1997/1997 
f 1994/1994/1994 1994/1994/1994 1997/1997/1997 
f 1997/1997/1997 1994/1994/1994 1998/1998/1998 
f 1994/1994/1994 1987/1987/1987 1998/1998/1998 
f 1998/1998/1998 1987/1987/1987 1987/1987/1987 
f 1987/1987/1987 1993/1993/1993 1987/1987/1987 
f 1987/1987/1987 1993/1993/1993 1993/1993/1993 
f 1993/1993/1993 1999/1999/1999 1993/1993/1993 
f 1993/1993/1993 1999/1999/1999 1977/1977/1977 
f 1999/1999/1999 2000/2000/2000 1977/1977/1977 
f 1977/1977/1977 2000/2000/2000 1975/1975/1975 
f 2000/2000/2000 2001/2001/2001 1975/1975/1975 
f 1975/1975/1975 2001/2001/2001 1973/1973/1973 
f 2001/2001/2001 1973/1973/1973 1973/1973/1973 
f 1973/1973/1973 1973/1973/1973 2002/2002/2002 
f 1973/1973/1973 2002/2002/2002 2002/2002/2002 
f 2002/2002/2002 2002/2002/2002 2000/2000/2000 
f 2002/2002/2002 2001/2001/2001 2000/2000/2000 
f 2000/2000/2000 2001/2001/2001 2001/2001/2001 
f 2001/2001/2001 2003/2003/2003 2001/2001/2001 
f 2001/2001/2001 2003/2003/2003 2003/2003/2003 
f 2003/2003/2003 2004/2004/2004 2003/2003/2003 
f 2003/2003/2003 2004/2004/2004 2005/2005/2005 
f 2004/2004/2004 2005/2005/2005 2005/2005/2005 
f 2005/2005/2005 2005/2005/2005 2006/2006/2006 
f 2005/2005/2005 2006/2006/2006 2006/2006/2006 
f 2006/2006/2006 2006/2006/2006 2007/2007/2007 
f 2006/2006/2006 2008/2008/2008 2007/2007/2007 
f 2007/2007/2007 2008/2008/2008 2008/2008/2008 
f 2008/2008/2008 2009/2009/2009 2008/2008/2008 
f 2008/2008/2008 2009/2009/2009 2009/2009/2009 
f 2009/2009/2009 2010/2010/2010 2009/2009/2009 
f 2009/2009/2009 2010/2010/2010 2011/2011/2011 
f 2010/2010/2010 2011/2011/2011 2011/2011/2011 
f 2011/2011/2011 2011/2011/2011 2012/2012/2012 
f 2011/2011/2011 2012/2012/2012 2012/2012/2012 
f 2012/2012/2012 2012/2012/2012 2013/2013/2013 
f 2012/2012/2012 2014/2014/2014 2013/2013/2013 
f 2013/2013/2013 2014/2014/2014 2015/2015/2015 
f 2014/2014/2014 2016/2016/2016 2015/2015/2015 
f 2015/2015/2015 2016/2016/2016 2015/2015/2015 
f 2016/2016/2016 2017/2017/2017 2015/2015/2015 
f 2015/2015/2015 2017/2017/2017 2013/2013/2013 
f 2017/2017/2017 2013/2013/2013 2013/2013/2013 
f 2013/2013/2013 2013/2013/2013 2012/2012/2012 
f 2013/2013/2013 2012/2012/2012 2012/2012/2012 
f 2012/2012/2012 2012/2012/2012 2018/2018/2018 
f 2012/2012/2012 2013/2013/2013 2018/2018/2018 
f 2018/2018/2018 2013/2013/2013 2019/2019/2019 
f 2013/2013/2013 2020/2020/2020 2019/2019/2019 
f 2019/2019/2019 2020/2020/2020 2021/2021/2021 
f 2020/2020/2020 2022/2022/2022 2021/2021/2021 
f 2021/2021/2021 2022/2022/2022 2023/2023/2023 
f 2022/2022/2022 2024/2024/2024 2023/2023/2023 
f 2023/2023/2023 2024/2024/2024 2023/2023/2023 
f 2024/2024/2024 2025/2025/2025 2023/2023/2023 
f 2023/2023/2023 2025/2025/2025 2023/2023/2023 
f 2025/2025/2025 2026/2026/2026 2023/2023/2023 
f 2023/2023/2023 2026/2026/2026 2021/2021/2021 
f 2026/2026/2026 2021/2021/2021 2021/2021/2021 
f 2021/2021/2021 2021/2021/2021 2018/2018/2018 
f 2021/2021/2021 2018/2018/2018 2018/2018/2018 
f 2018/2018/2018 2018/2018/2018 2027/2027/2027 
f 2018/2018/2018 2019/2019/2019 2027/2027/2027 
f 2027/2027/2027 2019/2019/2019 2028/2028/2028 
f 2019/2019/2019 2021/2021/2021 2028/2028/2028 
f 2028/2028/2028 2021/2021/2021 2028/2028/2028 
f 2021/2021/2021 2029/2029/2029 2028/2028/2028 
f 2028/2028/2028 2029/2029/2029 2028/2028/2028 
f 2029/2029/2029 2030/2030/2030 2028/2028/2028 
f 2028/2028/2028 2030/2030/2030 2028/2028/2028 
f 2030/2030/2030 2031/2031/2031 2028/2028/2028 
f 2028/2028/2028 2031/2031/2031 2032/2032/2032 
f 2031/2031/2031 2033/2033/2033 2032/2032/2032 
f 2032/2032/2032 2033/2033/2033 2032/2032/2032 
f 2033/2033/2033 2034/2034/2034 2032/2032/2032 
f 2032/2032/2032 2034/2034/2034 2032/2032/2032 
f 2034/2034/2034 2027/2027/2027 2032/2032/2032 
f 2032/2032/2032 2027/2027/2027 2028/2028/2028 
f 2027/2027/2027 2028/2028/2028 2028/2028/2028 
f 2028/2028/2028 2028/2028/2028 2013/2013/2013 
f 2028/2028/2028 2013/2013/2013 2013/2013/2013 
f 2013/2013/2013 2013/2013/2013 2020/2020/2020 
f 2013/2013/2013 2024/2024/2024 2020/2020/2020 
f 2020/2020/2020 2024/2024/2024 2024/2024/2024 
f 2024/2024/2024 2025/2025/2025 2024/2024/2024 
f 2024/2024/2024 2025/2025/2025 2025/2025/2025 
f 2025/2025/2025 2024/2024/2024 2025/2025/2025 
f 2025/2025/2025 2024/2024/2024 2035/2035/2035 
f 2024/2024/2024 2036/2036/2036 2035/2035/2035 
f 2035/2035/2035 2036/2036/2036 2035/2035/2035 
f 2036/2036/2036 2037/2037/2037 2035/2035/2035 
f 2035/2035/2035 2037/2037/2037 2038/2038/2038 
f 2037/2037/2037 2039/2039/2039 2038/2038/2038 
f 2038/2038/2038 2039/2039/2039 2039/2039/2039 
f 2039/2039/2039 2036/2036/2036 2039/2039/2039 
f 2039/2039/2039 2036/2036/2036 2036/2036/2036 
f 2036/2036/2036 2024/2024/2024 2036/2036/2036 
f 2036/2036/2036 2024/2024/2024 2040/2040/2040 
f 2024/2024/2024 2024/2024/2024 2040/2040/2040 
f 2040/2040/2040 2024/2024/2024 2041/2041/2041 
f 2024/2024/2024 2042/2042/2042 2041/2041/2041 
f 2041/2041/2041 2042/2042/2042 2043/2043/2043 
f 2042/2042/2042 2042/2042/2042 2043/2043/2043 
f 2043/2043/2043 2042/2042/2042 2044/2044/2044 
f 2042/2042/2042 2042/2042/2042 2044/2044/2044 
f 2044/2044/2044 2042/2042/2042 2045/2045/2045 
f 2042/2042/2042 2013/2013/2013 2045/2045/2045 
f 2045/2045/2045 2013/2013/2013 2045/2045/2045 
f 2013/2013/2013 2017/2017/2017 2045/2045/2045 
f 2045/2045/2045 2017/2017/2017 2046/2046/2046 
f 2017/2017/2017 2046/2046/2046 2046/2046/2046 
f 2046/2046/2046 2046/2046/2046 2024/2024/2024 
f 2046/2046/2046 2024/2024/2024 2024/2024/2024 
f 2024/2024/2024 2024/2024/2024 2042/2042/2042 
f 2024/2024/2024 2013/2013/2013 2042/2042/2042 
f 2042/2042/2042 2013/2013/2013 2013/2013/2013 
f 2013/2013/2013 2041/2041/2041 2013/2013/2013 
f 2013/2013/2013 2041/2041/2041 2041/2041/2041 
f 2041/2041/2041 2043/2043/2043 2041/2041/2041 
f 2041/2041/2041 2043/2043/2043 2040/2040/2040 
f 2043/2043/2043 2043/2043/2043 2040/2040/2040 
f 2040/2040/2040 2043/2043/2043 2047/2047/2047 
f 2043/2043/2043 2048/2048/2048 2047/2047/2047 
f 2047/2047/2047 2048/2048/2048 2049/2049/2049 
f 2048/2048/2048 2049/2049/2049 2049/2049/2049 
f 2049/2049/2049 2049/2049/2049 2043/2043/2043 
f 2049/2049/2049 2043/2043/2043 2043/2043/2043 
f 2043/2043/2043 2043/2043/2043 2048/2048/2048 
f 2043/2043/2043 2044/2044/2044 2048/2048/2048 
f 2048/2048/2048 2044/2044/2044 2050/2050/2050 
f 2044/2044/2044 2044/2044/2044 2050/2050/2050 
f 2050/2050/2050 2044/2044/2044 2051/2051/2051 
f 2044/2044/2044 2044/2044/2044 2051/2051/2051 
f 2051/2051/2051 2044/2044/2044 2052/2052/2052 
f 2044/2044/2044 2053/2053/2053 2052/2052/2052 
f 2052/2052/2052 2053/2053/2053 2053/2053/2053 
f 2053/2053/2053 2054/2054/2054 2053/2053/2053 
f 2053/2053/2053 2054/2054/2054 2054/2054/2054 
f 2054/2054/2054 2017/2017/2017 2054/2054/2054 
f 2054/2054/2054 2017/2017/2017 2055/2055/2055 
f 2017/2017/2017 2017/2017/2017 2055/2055/2055 
f 2055/2055/2055 2017/2017/2017 2056/2056/2056 
f 2017/2017/2017 2016/2016/2016 2056/2056/2056 
f 2056/2056/2056 2016/2016/2016 2057/2057/2057 
f 2016/2016/2016 2057/2057/2057 2057/2057/2057 
f 2057/2057/2057 2057/2057/2057 2058/2058/2058 
f 2057/2057/2057 2058/2058/2058 2058/2058/2058 
f 2058/2058/2058 2058/2058/2058 2059/2059/2059 
f 2058/2058/2058 2060/2060/2060 2059/2059/2059 
f 2059/2059/2059 2060/2060/2060 2061/2061/2061 
f 2060/2060/2060 2062/2062/2062 2061/2061/2061 
f 2061/2061/2061 2062/2062/2062 2063/2063/2063 
f 2062/2062/2062 2064/2064/2064 2063/2063/2063 
f 2063/2063/2063 2064/2064/2064 2063/2063/2063 
f 2064/2064/2064 2065/2065/2065 2063/2063/2063 
f 2063/2063/2063 2065/2065/2065 2063/2063/2063 
f 2065/2065/2065 2066/2066/2066 2063/2063/2063 
f 2063/2063/2063 2066/2066/2066 2061/2061/2061 
f 2066/2066/2066 2067/2067/2067 2061/2061/2061 
f 2061/2061/2061 2067/2067/2067 2068/2068/2068 
f 2067/2067/2067 2068/2068/2068 2068/2068/2068 
f 2068/2068/2068 2068/2068/2068 2060/2060/2060 
f 2068/2068/2068 2060/2060/2060 2060/2060/2060 
f 2060/2060/2060 2060/2060/2060 2062/2062/2062 
f 2060/2060/2060 2069/2069/2069 2062/2062/2062 
f 2062/2062/2062 2069/2069/2069 2070/2070/2070 
f 2069/2069/2069 2069/2069/2069 2070/2070/2070 
f 2070/2070/2070 2069/2069/2069 2071/2071/2071 
f 2069/2069/2069 2069/2069/2069 2071/2071/2071 
f 2071/2071/2071 2069/2069/2069 2072/2072/2072 
f 2069/2069/2069 2073/2073/2073 2072/2072/2072 
f 2072/2072/2072 2073/2073/2073 2074/2074/2074 
f 2073/2073/2073 2075/2075/2075 2074/2074/2074 
f 2074/2074/2074 2075/2075/2075 2074/2074/2074 
f 2075/2075/2075 2076/2076/2076 2074/2074/2074 
f 2074/2074/2074 2076/2076/2076 2072/2072/2072 
f 2076/2076/2076 2077/2077/2077 2072/2072/2072 
f 2072/2072/2072 2077/2077/2077 2078/2078/2078 
f 2077/2077/2077 2079/2079/2079 2078/2078/2078 
f 2078/2078/2078 2079/2079/2079 2078/2078/2078 
f 2079/2079/2079 2071/2071/2071 2078/2078/2078 
f 2078/2078/2078 2071/2071/2071 2072/2072/2072 
f 2071/2071/2071 2072/2072/2072 2072/2072/2072 
f 2072/2072/2072 2072/2072/2072 2064/2064/2064 
f 2072/2072/2072 2064/2064/2064 2064/2064/2064 
f 2064/2064/2064 2064/2064/2064 2070/2070/2070 
f 2064/2064/2064 2062/2062/2062 2070/2070/2070 
f 2070/2070/2070 2062/2062/2062 2062/2062/2062 
f 2062/2062/2062 2080/2080/2080 2062/2062/2062 
f 2062/2062/2062 2080/2080/2080 2080/2080/2080 
f 2080/2080/2080 2075/2075/2075 2080/2080/2080 
f 2080/2080/2080 2075/2075/2075 2073/2073/2073 
f 2075/2075/2075 2073/2073/2073 2073/2073/2073 
f 2073/2073/2073 2073/2073/2073 2077/2077/2077 
f 2073/2073/2073 2077/2077/2077 2077/2077/2077 
f 2077/2077/2077 2077/2077/2077 2079/2079/2079 
f 2077/2077/2077 2076/2076/2076 2079/2079/2079 
f 2079/2079/2079 2076/2076/2076 2079/2079/2079 
f 2076/2076/2076 2081/2081/2081 2079/2079/2079 
f 2079/2079/2079 2081/2081/2081 2079/2079/2079 
f 2081/2081/2081 2082/2082/2082 2079/2079/2079 
f 2079/2079/2079 2082/2082/2082 2083/2083/2083 
f 2082/2082/2082 2084/2084/2084 2083/2083/2083 
f 2083/2083/2083 2084/2084/2084 2070/2070/2070 
f 2084/2084/2084 2084/2084/2084 2070/2070/2070 
f 2070/2070/2070 2084/2084/2084 2085/2085/2085 
f 2084/2084/2084 2084/2084/2084 2085/2085/2085 
f 2085/2085/2085 2084/2084/2084 2064/2064/2064 
f 2084/2084/2084 2086/2086/2086 2064/2064/2064 
f 2064/2064/2064 2086/2086/2086 2065/2065/2065 
f 2086/2086/2086 2087/2087/2087 2065/2065/2065 
f 2065/2065/2065 2087/2087/2087 2088/2088/2088 
f 2087/2087/2087 2089/2089/2089 2088/2088/2088 
f 2088/2088/2088 2089/2089/2089 2090/2090/2090 
f 2089/2089/2089 2090/2090/2090 2090/2090/2090 
f 2090/2090/2090 2090/2090/2090 2079/2079/2079 
f 2090/2090/2090 2079/2079/2079 2079/2079/2079 
f 2079/2079/2079 2079/2079/2079 2071/2071/2071 
f 2079/2079/2079 2083/2083/2083 2071/2071/2071 
f 2071/2071/2071 2083/2083/2083 2070/2070/2070 
f 2083/2083/2083 2070/2070/2070 2070/2070/2070 
f 2070/2070/2070 2070/2070/2070 2087/2087/2087 
f 2070/2070/2070 2087/2087/2087 2087/2087/2087 
f 2087/2087/2087 2087/2087/2087 2089/2089/2089 
f 2087/2087/2087 2086/2086/2086 2089/2089/2089 
f 2089/2089/2089 2086/2086/2086 2091/2091/2091 
f 2086/2086/2086 2092/2092/2092 2091/2091/2091 
f 2091/2091/2091 2092/2092/2092 2093/2093/2093 
f 2092/2092/2092 2094/2094/2094 2093/2093/2093 
f 2093/2093/2093 2094/2094/2094 2095/2095/2095 
f 2094/2094/2094 2096/2096/2096 2095/2095/2095 
f 2095/2095/2095 2096/2096/2096 2095/2095/2095 
f 2096/2096/2096 2097/2097/2097 2095/2095/2095 
f 2095/2095/2095 2097/2097/2097 2095/2095/2095 
f 2097/2097/2097 2098/2098/2098 2095/2095/2095 
f 2095/2095/2095 2098/2098/2098 2093/2093/2093 
f 2098/2098/2098 2098/2098/2098 2093/2093/2093 
f 2093/2093/2093 2098/2098/2098 2099/2099/2099 
f 2098/2098/2098 2098/2098/2098 2099/2099/2099 
f 2099/2099/2099 2098/2098/2098 2100/2100/2100 
f 2098/2098/2098 2097/2097/2097 2100/2100/2100 
f 2100/2100/2100 2097/2097/2097 2101/2101/2101 
f 2097/2097/2097 2102/2102/2102 2101/2101/2101 
f 2101/2101/2101 2102/2102/2102 2102/2102/2102 
f 2102/2102/2102 2086/2086/2086 2102/2102/2102 
f 2102/2102/2102 2086/2086/2086 2086/2086/2086 
f 2086/2086/2086 2084/2084/2084 2086/2086/2086 
f 2086/2086/2086 2084/2084/2084 2092/2092/2092 
f 2084/2084/2084 2082/2082/2082 2092/2092/2092 
f 2092/2092/2092 2082/2082/2082 2092/2092/2092 
f 2082/2082/2082 2081/2081/2081 2092/2092/2092 
f 2092/2092/2092 2081/2081/2081 2094/2094/2094 
f 2081/2081/2081 2094/2094/2094 2094/2094/2094 
f 2094/2094/2094 2094/2094/2094 2099/2099/2099 
f 2094/2094/2094 2099/2099/2099 2099/2099/2099 
f 2099/2099/2099 2099/2099/2099 2093/2093/2093 
f 2099/2099/2099 2103/2103/2103 2093/2093/2093 
f 2093/2093/2093 2103/2103/2103 2104/2104/2104 
f 2103/2103/2103 2105/2105/2105 2104/2104/2104 
f 2104/2104/2104 2105/2105/2105 2106/2106/2106 
f 2105/2105/2105 2107/2107/2107 2106/2106/2106 
f 2106/2106/2106 2107/2107/2107 2106/2106/2106 
f 2107/2107/2107 2108/2108/2108 2106/2106/2106 
f 2106/2106/2106 2108/2108/2108 2106/2106/2106 
f 2108/2108/2108 2109/2109/2109 2106/2106/2106 
f 2106/2106/2106 2109/2109/2109 2110/2110/2110 
f 2109/2109/2109 2109/2109/2109 2110/2110/2110 
f 2110/2110/2110 2109/2109/2109 2111/2111/2111 
f 2109/2109/2109 2112/2112/2112 2111/2111/2111 
f 2111/2111/2111 2112/2112/2112 2112/2112/2112 
f 2112/2112/2112 2103/2103/2103 2112/2112/2112 
f 2112/2112/2112 2103/2103/2103 2103/2103/2103 
f 2103/2103/2103 2113/2113/2113 2103/2103/2103 
f 2103/2103/2103 2113/2113/2113 2105/2105/2105 
f 2113/2113/2113 2107/2107/2107 2105/2105/2105 
f 2105/2105/2105 2107/2107/2107 2107/2107/2107 
f 2107/2107/2107 2114/2114/2114 2107/2107/2107 
f 2107/2107/2107 2114/2114/2114 2114/2114/2114 
f 2114/2114/2114 2089/2089/2089 2114/2114/2114 
f 2114/2114/2114 2089/2089/2089 2110/2110/2110 
f 2089/2089/2089 2089/2089/2089 2110/2110/2110 
f 2110/2110/2110 2089/2089/2089 2106/2106/2106 
f 2089/2089/2089 2091/2091/2091 2106/2106/2106 
f 2106/2106/2106 2091/2091/2091 2115/2115/2115 
f 2091/2091/2091 2093/2093/2093 2115/2115/2115 
f 2115/2115/2115 2093/2093/2093 2115/2115/2115 
f 2093/2093/2093 2104/2104/2104 2115/2115/2115 
f 2115/2115/2115 2104/2104/2104 2106/2106/2106 
f 2104/2104/2104 2106/2106/2106 2106/2106/2106 
f 2106/2106/2106 2106/2106/2106 2116/2116/2116 
f 2106/2106/2106 2116/2116/2116 2116/2116/2116 
f 2116/2116/2116 2116/2116/2116 2117/2117/2117 
f 2116/2116/2116 2118/2118/2118 2117/2117/2117 
f 2117/2117/2117 2118/2118/2118 2117/2117/2117 
f 2118/2118/2118 2119/2119/2119 2117/2117/2117 
f 2117/2117/2117 2119/2119/2119 2120/2120/2120 
f 2119/2119/2119 2121/2121/2121 2120/2120/2120 
f 2120/2120/2120 2121/2121/2121 2122/2122/2122 
f 2121/2121/2121 2123/2123/2123 2122/2122/2122 
f 2122/2122/2122 2123/2123/2123 2124/2124/2124 
f 2123/2123/2123 2124/2124/2124 2124/2124/2124 
f 2124/2124/2124 2124/2124/2124 2116/2116/2116 
f 2124/2124/2124 2116/2116/2116 2116/2116/2116 
f 2116/2116/2116 2116/2116/2116 2125/2125/2125 
f 2116/2116/2116 2117/2117/2117 2125/2125/2125 
f 2125/2125/2125 2117/2117/2117 2125/2125/2125 
f 2117/2117/2117 2120/2120/2120 2125/2125/2125 
f 2125/2125/2125 2120/2120/2120 2126/2126/2126 
f 2120/2120/2120 2122/2122/2122 2126/2126/2126 
f 2126/2126/2126 2122/2122/2122 2122/2122/2122 
f 2122/2122/2122 2127/2127/2127 2122/2122/2122 
f 2122/2122/2122 2127/2127/2127 2127/2127/2127 
f 2127/2127/2127 2123/2123/2123 2127/2127/2127 
f 2127/2127/2127 2123/2123/2123 2128/2128/2128 
f 2123/2123/2123 2129/2129/2129 2128/2128/2128 
f 2128/2128/2128 2129/2129/2129 2130/2130/2130 
f 2129/2129/2129 2121/2121/2121 2130/2130/2130 
f 2130/2130/2130 2121/2121/2121 2119/2119/2119 
f 2121/2121/2121 2119/2119/2119 2119/2119/2119 
f 2119/2119/2119 2119/2119/2119 2123/2123/2123 
f 2119/2119/2119 2123/2123/2123 2123/2123/2123 
f 2123/2123/2123 2123/2123/2123 2129/2129/2129 
f 2123/2123/2123 2121/2121/2121 2129/2129/2129 
f 2129/2129/2129 2121/2121/2121 2121/2121/2121 
f 2121/2121/2121 2127/2127/2127 2121/2121/2121 
f 2121/2121/2121 2127/2127/2127 2127/2127/2127 
f 2127/2127/2127 2131/2131/2131 2127/2127/2127 
f 2127/2127/2127 2131/2131/2131 2123/2123/2123 
f 2131/2131/2131 2131/2131/2131 2123/2123/2123 
f 2123/2123/2123 2131/2131/2131 2124/2124/2124 
f 2131/2131/2131 2132/2132/2132 2124/2124/2124 
f 2124/2124/2124 2132/2132/2132 2124/2124/2124 
f 2132/2132/2132 2133/2133/2133 2124/2124/2124 
f 2124/2124/2124 2133/2133/2133 2134/2134/2134 
f 2133/2133/2133 2134/2134/2134 2134/2134/2134 
f 2134/2134/2134 2134/2134/2134 2132/2132/2132 
f 2134/2134/2134 2132/2132/2132 2132/2132/2132 
f 2132/2132/2132 2132/2132/2132 2135/2135/2135 
f 2132/2132/2132 2131/2131/2131 2135/2135/2135 
f 2135/2135/2135 2131/2131/2131 2131/2131/2131 
f 2131/2131/2131 2136/2136/2136 2131/2131/2131 
f 2131/2131/2131 2136/2136/2136 2136/2136/2136 
f 2136/2136/2136 2128/2128/2128 2136/2136/2136 
f 2136/2136/2136 2128/2128/2128 2137/2137/2137 
f 2128/2128/2128 2138/2138/2138 2137/2137/2137 
f 2137/2137/2137 2138/2138/2138 2139/2139/2139 
f 2138/2138/2138 2130/2130/2130 2139/2139/2139 
f 2139/2139/2139 2130/2130/2130 2140/2140/2140 
f 2130/2130/2130 2119/2119/2119 2140/2140/2140 
f 2140/2140/2140 2119/2119/2119 2119/2119/2119 
f 2119/2119/2119 2130/2130/2130 2119/2119/2119 
f 2119/2119/2119 2130/2130/2130 2130/2130/2130 
f 2130/2130/2130 2138/2138/2138 2130/2130/2130 
f 2130/2130/2130 2138/2138/2138 2128/2128/2128 
f 2138/2138/2138 2128/2128/2128 2128/2128/2128 
f 2128/2128/2128 2128/2128/2128 2136/2136/2136 
f 2128/2128/2128 2136/2136/2136 2136/2136/2136 
f 2136/2136/2136 2136/2136/2136 2141/2141/2141 
f 2136/2136/2136 2137/2137/2137 2141/2141/2141 
f 2141/2141/2141 2137/2137/2137 2142/2142/2142 
f 2137/2137/2137 2139/2139/2139 2142/2142/2142 
f 2142/2142/2142 2139/2139/2139 2143/2143/2143 
f 2139/2139/2139 2140/2140/2140 2143/2143/2143 
f 2143/2143/2143 2140/2140/2140 2140/2140/2140 
f 2140/2140/2140 2141/2141/2141 2140/2140/2140 
f 2140/2140/2140 2141/2141/2141 2141/2141/2141 
f 2141/2141/2141 2142/2142/2142 2141/2141/2141 
f 2141/2141/2141 2142/2142/2142 2144/2144/2144 
f 2142/2142/2142 2143/2143/2143 2144/2144/2144 
f 2144/2144/2144 2143/2143/2143 2145/2145/2145 
f 2143/2143/2143 2143/2143/2143 2145/2145/2145 
f 2145/2145/2145 2143/2143/2143 2146/2146/2146 
f 2143/2143/2143 2143/2143/2143 2146/2146/2146 
f 2146/2146/2146 2143/2143/2143 2147/2147/2147 
f 2143/2143/2143 2143/2143/2143 2147/2147/2147 
f 2147/2147/2147 2143/2143/2143 2148/2148/2148 
f 2143/2143/2143 2143/2143/2143 2148/2148/2148 
f 2148/2148/2148 2143/2143/2143 2149/2149/2149 
f 2143/2143/2143 2140/2140/2140 2149/2149/2149 
f 2149/2149/2149 2140/2140/2140 2150/2150/2150 
f 2140/2140/2140 2151/2151/2151 2150/2150/2150 
f 2150/2150/2150 2151/2151/2151 2152/2152/2152 
f 2151/2151/2151 2151/2151/2151 2152/2152/2152 
f 2152/2152/2152 2151/2151/2151 2153/2153/2153 
f 2151/2151/2151 2151/2151/2151 2153/2153/2153 
f 2153/2153/2153 2151/2151/2151 2154/2154/2154 
f 2151/2151/2151 2119/2119/2119 2154/2154/2154 
f 2154/2154/2154 2119/2119/2119 2118/2118/2118 
f 2119/2119/2119 2118/2118/2118 2118/2118/2118 
f 2118/2118/2118 2118/2118/2118 2119/2119/2119 
f 2118/2118/2118 2119/2119/2119 2119/2119/2119 
f 2119/2119/2119 2119/2119/2119 2140/2140/2140 
f 2119/2119/2119 2151/2151/2151 2140/2140/2140 
f 2140/2140/2140 2151/2151/2151 2151/2151/2151 
f 2151/2151/2151 2152/2152/2152 2151/2151/2151 
f 2151/2151/2151 2152/2152/2152 2152/2152/2152 
f 2152/2152/2152 2155/2155/2155 2152/2152/2152 
f 2152/2152/2152 2155/2155/2155 2150/2150/2150 
f 2155/2155/2155 2156/2156/2156 2150/2150/2150 
f 2150/2150/2150 2156/2156/2156 2149/2149/2149 
f 2156/2156/2156 2157/2157/2157 2149/2149/2149 
f 2149/2149/2149 2157/2157/2157 2158/2158/2158 
f 2157/2157/2157 2158/2158/2158 2158/2158/2158 
f 2158/2158/2158 2158/2158/2158 2159/2159/2159 
f 2158/2158/2158 2159/2159/2159 2159/2159/2159 
f 2159/2159/2159 2159/2159/2159 2155/2155/2155 
f 2159/2159/2159 2156/2156/2156 2155/2155/2155 
f 2155/2155/2155 2156/2156/2156 2156/2156/2156 
f 2156/2156/2156 2160/2160/2160 2156/2156/2156 
f 2156/2156/2156 2160/2160/2160 2160/2160/2160 
f 2160/2160/2160 2161/2161/2161 2160/2160/2160 
f 2160/2160/2160 2161/2161/2161 2162/2162/2162 
f 2161/2161/2161 2163/2163/2163 2162/2162/2162 
f 2162/2162/2162 2163/2163/2163 2164/2164/2164 
f 2163/2163/2163 2165/2165/2165 2164/2164/2164 
f 2164/2164/2164 2165/2165/2165 2166/2166/2166 
f 2165/2165/2165 2165/2165/2165 2166/2166/2166 
f 2166/2166/2166 2165/2165/2165 2167/2167/2167 
f 2165/2165/2165 2168/2168/2168 2167/2167/2167 
f 2167/2167/2167 2168/2168/2168 2169/2169/2169 
f 2168/2168/2168 2170/2170/2170 2169/2169/2169 
f 2169/2169/2169 2170/2170/2170 2171/2171/2171 
f 2170/2170/2170 2172/2172/2172 2171/2171/2171 
f 2171/2171/2171 2172/2172/2172 2172/2172/2172 
f 2172/2172/2172 2165/2165/2165 2172/2172/2172 
f 2172/2172/2172 2165/2165/2165 2165/2165/2165 
f 2165/2165/2165 2173/2173/2173 2165/2165/2165 
f 2165/2165/2165 2173/2173/2173 2168/2168/2168 
f 2173/2173/2173 2170/2170/2170 2168/2168/2168 
f 2168/2168/2168 2170/2170/2170 2170/2170/2170 
f 2170/2170/2170 2169/2169/2169 2170/2170/2170 
f 2170/2170/2170 2169/2169/2169 2169/2169/2169 
f 2169/2169/2169 2171/2171/2171 2169/2169/2169 
f 2169/2169/2169 2171/2171/2171 2167/2167/2167 
f 2171/2171/2171 2174/2174/2174 2167/2167/2167 
f 2167/2167/2167 2174/2174/2174 2175/2175/2175 
f 2174/2174/2174 2176/2176/2176 2175/2175/2175 
f 2175/2175/2175 2176/2176/2176 2175/2175/2175 
f 2176/2176/2176 2177/2177/2177 2175/2175/2175 
f 2175/2175/2175 2177/2177/2177 2178/2178/2178 
f 2177/2177/2177 2179/2179/2179 2178/2178/2178 
f 2178/2178/2178 2179/2179/2179 2180/2180/2180 
f 2179/2179/2179 2179/2179/2179 2180/2180/2180 
f 2180/2180/2180 2179/2179/2179 2181/2181/2181 
f 2179/2179/2179 2179/2179/2179 2181/2181/2181 
f 2181/2181/2181 2179/2179/2179 2182/2182/2182 
f 2179/2179/2179 2177/2177/2177 2182/2182/2182 
f 2182/2182/2182 2177/2177/2177 2183/2183/2183 
f 2177/2177/2177 2183/2183/2183 2183/2183/2183 
f 2183/2183/2183 2183/2183/2183 2178/2178/2178 
f 2183/2183/2183 2178/2178/2178 2178/2178/2178 
f 2178/2178/2178 2178/2178/2178 2184/2184/2184 
f 2178/2178/2178 2180/2180/2180 2184/2184/2184 
f 2184/2184/2184 2180/2180/2180 2184/2184/2184 
f 2180/2180/2180 2185/2185/2185 2184/2184/2184 
f 2184/2184/2184 2185/2185/2185 2186/2186/2186 
f 2185/2185/2185 2187/2187/2187 2186/2186/2186 
f 2186/2186/2186 2187/2187/2187 2188/2188/2188 
f 2187/2187/2187 2189/2189/2189 2188/2188/2188 
f 2188/2188/2188 2189/2189/2189 2190/2190/2190 
f 2189/2189/2189 2189/2189/2189 2190/2190/2190 
f 2190/2190/2190 2189/2189/2189 2191/2191/2191 
f 2189/2189/2189 2192/2192/2192 2191/2191/2191 
f 2191/2191/2191 2192/2192/2192 2193/2193/2193 
f 2192/2192/2192 2194/2194/2194 2193/2193/2193 
f 2193/2193/2193 2194/2194/2194 2193/2193/2193 
f 2194/2194/2194 2195/2195/2195 2193/2193/2193 
f 2193/2193/2193 2195/2195/2195 2193/2193/2193 
f 2195/2195/2195 2196/2196/2196 2193/2193/2193 
f 2193/2193/2193 2196/2196/2196 2197/2197/2197 
f 2196/2196/2196 2198/2198/2198 2197/2197/2197 
f 2197/2197/2197 2198/2198/2198 2198/2198/2198 
f 2198/2198/2198 2197/2197/2197 2198/2198/2198 
f 2198/2198/2198 2197/2197/2197 2197/2197/2197 
f 2197/2197/2197 2199/2199/2199 2197/2197/2197 
f 2197/2197/2197 2199/2199/2199 2193/2193/2193 
f 2199/2199/2199 2199/2199/2199 2193/2193/2193 
f 2193/2193/2193 2199/2199/2199 2191/2191/2191 
f 2199/2199/2199 2200/2200/2200 2191/2191/2191 
f 2191/2191/2191 2200/2200/2200 2190/2190/2190 
f 2200/2200/2200 2201/2201/2201 2190/2190/2190 
f 2190/2190/2190 2201/2201/2201 2188/2188/2188 
f 2201/2201/2201 2188/2188/2188 2188/2188/2188 
f 2188/2188/2188 2188/2188/2188 2201/2201/2201 
f 2188/2188/2188 2201/2201/2201 2201/2201/2201 
f 2201/2201/2201 2201/2201/2201 2202/2202/2202 
f 2201/2201/2201 2200/2200/2200 2202/2202/2202 
f 2202/2202/2202 2200/2200/2200 2202/2202/2202 
f 2200/2200/2200 2199/2199/2199 2202/2202/2202 
f 2202/2202/2202 2199/2199/2199 2203/2203/2203 
f 2199/2199/2199 2197/2197/2197 2203/2203/2203 
f 2203/2203/2203 2197/2197/2197 2197/2197/2197 
f 2197/2197/2197 2203/2203/2203 2197/2197/2197 
f 2197/2197/2197 2203/2203/2203 2203/2203/2203 
f 2203/2203/2203 2204/2204/2204 2203/2203/2203 
f 2203/2203/2203 2204/2204/2204 2202/2202/2202 
f 2204/2204/2204 2204/2204/2204 2202/2202/2202 
f 2202/2202/2202 2204/2204/2204 2201/2201/2201 
f 2204/2204/2204 2205/2205/2205 2201/2201/2201 
f 2201/2201/2201 2205/2205/2205 2188/2188/2188 
f 2205/2205/2205 2206/2206/2206 2188/2188/2188 
f 2188/2188/2188 2206/2206/2206 2186/2186/2186 
f 2206/2206/2206 2207/2207/2207 2186/2186/2186 
f 2186/2186/2186 2207/2207/2207 2184/2184/2184 
f 2207/2207/2207 2207/2207/2207 2184/2184/2184 
f 2184/2184/2184 2207/2207/2207 2178/2178/2178 
f 2207/2207/2207 2208/2208/2208 2178/2178/2178 
f 2178/2178/2178 2208/2208/2208 2175/2175/2175 
f 2208/2208/2208 2175/2175/2175 2175/2175/2175 
f 2175/2175/2175 2175/2175/2175 2204/2204/2204 
f 2175/2175/2175 2204/2204/2204 2204/2204/2204 
f 2204/2204/2204 2204/2204/2204 2205/2205/2205 
f 2204/2204/2204 2203/2203/2203 2205/2205/2205 
f 2205/2205/2205 2203/2203/2203 2209/2209/2209 
f 2203/2203/2203 2197/2197/2197 2209/2209/2209 
f 2209/2209/2209 2197/2197/2197 2210/2210/2210 
f 2197/2197/2197 2198/2198/2198 2210/2210/2210 
f 2210/2210/2210 2198/2198/2198 2198/2198/2198 
f 2198/2198/2198 2208/2208/2208 2198/2198/2198 
f 2198/2198/2198 2208/2208/2208 2208/2208/2208 
f 2208/2208/2208 2207/2207/2207 2208/2208/2208 
f 2208/2208/2208 2207/2207/2207 2211/2211/2211 
f 2207/2207/2207 2206/2206/2206 2211/2211/2211 
f 2211/2211/2211 2206/2206/2206 2212/2212/2212 
f 2206/2206/2206 2213/2213/2213 2212/2212/2212 
f 2212/2212/2212 2213/2213/2213 2214/2214/2214 
f 2213/2213/2213 2209/2209/2209 2214/2214/2214 
f 2214/2214/2214 2209/2209/2209 2214/2214/2214 
f 2209/2209/2209 2210/2210/2210 2214/2214/2214 
f 2214/2214/2214 2210/2210/2210 2214/2214/2214 
f 2210/2210/2210 2215/2215/2215 2214/2214/2214 
f 2214/2214/2214 2215/2215/2215 2212/2212/2212 
f 2215/2215/2215 2215/2215/2215 2212/2212/2212 
f 2212/2212/2212 2215/2215/2215 2211/2211/2211 
f 2215/2215/2215 2215/2215/2215 2211/2211/2211 
f 2211/2211/2211 2215/2215/2215 2208/2208/2208 
f 2215/2215/2215 2216/2216/2216 2208/2208/2208 
f 2208/2208/2208 2216/2216/2216 2217/2217/2217 
f 2216/2216/2216 2218/2218/2218 2217/2217/2217 
f 2217/2217/2217 2218/2218/2218 2167/2167/2167 
f 2218/2218/2218 2218/2218/2218 2167/2167/2167 
f 2167/2167/2167 2218/2218/2218 2166/2166/2166 
f 2218/2218/2218 2215/2215/2215 2166/2166/2166 
f 2166/2166/2166 2215/2215/2215 2164/2164/2164 
f 2215/2215/2215 2210/2210/2210 2164/2164/2164 
f 2164/2164/2164 2210/2210/2210 2162/2162/2162 
f 2210/2210/2210 2219/2219/2219 2162/2162/2162 
f 2162/2162/2162 2219/2219/2219 2160/2160/2160 
f 2219/2219/2219 2160/2160/2160 2160/2160/2160 
f 2160/2160/2160 2160/2160/2160 2206/2206/2206 
f 2160/2160/2160 2206/2206/2206 2206/2206/2206 
f 2206/2206/2206 2206/2206/2206 2213/2213/2213 
f 2206/2206/2206 2205/2205/2205 2213/2213/2213 
f 2213/2213/2213 2205/2205/2205 2209/2209/2209 
f 2205/2205/2205 2209/2209/2209 2209/2209/2209 
f 2209/2209/2209 2209/2209/2209 2208/2208/2208 
f 2209/2209/2209 2208/2208/2208 2208/2208/2208 
f 2208/2208/2208 2208/2208/2208 2175/2175/2175 
f 2208/2208/2208 2217/2217/2217 2175/2175/2175 
f 2175/2175/2175 2217/2217/2217 2167/2167/2167 
f 2217/2217/2217 2167/2167/2167 2167/2167/2167 
f 2167/2167/2167 2167/2167/2167 2218/2218/2218 
f 2167/2167/2167 2218/2218/2218 2218/2218/2218 
f 2218/2218/2218 2218/2218/2218 2215/2215/2215 
f 2218/2218/2218 2216/2216/2216 2215/2215/2215 
f 2215/2215/2215 2216/2216/2216 2216/2216/2216 
f 2216/2216/2216 2210/2210/2210 2216/2216/2216 
f 2216/2216/2216 2210/2210/2210 2210/2210/2210 
f 2210/2210/2210 2198/2198/2198 2210/2210/2210 
f 2210/2210/2210 2198/2198/2198 2219/2219/2219 
f 2198/2198/2198 2220/2220/2220 2219/2219/2219 
f 2219/2219/2219 2220/2220/2220 2219/2219/2219 
f 2220/2220/2220 2221/2221/2221 2219/2219/2219 
f 2219/2219/2219 2221/2221/2221 2219/2219/2219 
f 2221/2221/2221 2222/2222/2222 2219/2219/2219 
f 2219/2219/2219 2222/2222/2222 2223/2223/2223 
f 2222/2222/2222 2224/2224/2224 2223/2223/2223 
f 2223/2223/2223 2224/2224/2224 2224/2224/2224 
f 2224/2224/2224 2223/2223/2223 2224/2224/2224 
f 2224/2224/2224 2223/2223/2223 2223/2223/2223 
f 2223/2223/2223 2160/2160/2160 2223/2223/2223 
f 2223/2223/2223 2160/2160/2160 2219/2219/2219 
f 2160/2160/2160 2219/2219/2219 2219/2219/2219 
f 2219/2219/2219 2219/2219/2219 2225/2225/2225 
f 2219/2219/2219 2225/2225/2225 2225/2225/2225 
f 2225/2225/2225 2225/2225/2225 2226/2226/2226 
f 2225/2225/2225 2227/2227/2227 2226/2226/2226 
f 2226/2226/2226 2227/2227/2227 2228/2228/2228 
f 2227/2227/2227 2228/2228/2228 2228/2228/2228 
f 2228/2228/2228 2228/2228/2228 2227/2227/2227 
f 2228/2228/2228 2227/2227/2227 2227/2227/2227 
f 2227/2227/2227 2227/2227/2227 2229/2229/2229 
f 2227/2227/2227 2225/2225/2225 2229/2229/2229 
f 2229/2229/2229 2225/2225/2225 2229/2229/2229 
f 2225/2225/2225 2230/2230/2230 2229/2229/2229 
f 2229/2229/2229 2230/2230/2230 2229/2229/2229 
f 2230/2230/2230 2231/2231/2231 2229/2229/2229 
f 2229/2229/2229 2231/2231/2231 2232/2232/2232 
f 2231/2231/2231 2231/2231/2231 2232/2232/2232 
f 2232/2232/2232 2231/2231/2231 2233/2233/2233 
f 2231/2231/2231 2234/2234/2234 2233/2233/2233 
f 2233/2233/2233 2234/2234/2234 2235/2235/2235 
f 2234/2234/2234 2236/2236/2236 2235/2235/2235 
f 2235/2235/2235 2236/2236/2236 2235/2235/2235 
f 2236/2236/2236 2237/2237/2237 2235/2235/2235 
f 2235/2235/2235 2237/2237/2237 2233/2233/2233 
f 2237/2237/2237 2238/2238/2238 2233/2233/2233 
f 2233/2233/2233 2238/2238/2238 2238/2238/2238 
f 2238/2238/2238 2238/2238/2238 2238/2238/2238 
f 2238/2238/2238 2238/2238/2238 2238/2238/2238 
f 2238/2238/2238 2239/2239/2239 2238/2238/2238 
f 2238/2238/2238 2239/2239/2239 2232/2232/2232 
f 2239/2239/2239 2240/2240/2240 2232/2232/2232 
f 2232/2232/2232 2240/2240/2240 2229/2229/2229 
f 2240/2240/2240 2241/2241/2241 2229/2229/2229 
f 2229/2229/2229 2241/2241/2241 2227/2227/2227 
f 2241/2241/2241 2241/2241/2241 2227/2227/2227 
f 2227/2227/2227 2241/2241/2241 2228/2228/2228 
f 2241/2241/2241 2242/2242/2242 2228/2228/2228 
f 2228/2228/2228 2242/2242/2242 2228/2228/2228 
f 2242/2242/2242 2243/2243/2243 2228/2228/2228 
f 2228/2228/2228 2243/2243/2243 2244/2244/2244 
f 2243/2243/2243 2245/2245/2245 2244/2244/2244 
f 2244/2244/2244 2245/2245/2245 2245/2245/2245 
f 2245/2245/2245 2242/2242/2242 2245/2245/2245 
f 2245/2245/2245 2242/2242/2242 2242/2242/2242 
f 2242/2242/2242 2241/2241/2241 2242/2242/2242 
f 2242/2242/2242 2241/2241/2241 2246/2246/2246 
f 2241/2241/2241 2247/2247/2247 2246/2246/2246 
f 2246/2246/2246 2247/2247/2247 2248/2248/2248 
f 2247/2247/2247 2247/2247/2247 2248/2248/2248 
f 2248/2248/2248 2247/2247/2247 2249/2249/2249 
f 2247/2247/2247 2250/2250/2250 2249/2249/2249 
f 2249/2249/2249 2250/2250/2250 2251/2251/2251 
f 2250/2250/2250 2252/2252/2252 2251/2251/2251 
f 2251/2251/2251 2252/2252/2252 2253/2253/2253 
f 2252/2252/2252 2253/2253/2253 2253/2253/2253 
f 2253/2253/2253 2253/2253/2253 2252/2252/2252 
f 2253/2253/2253 2252/2252/2252 2252/2252/2252 
f 2252/2252/2252 2252/2252/2252 2254/2254/2254 
f 2252/2252/2252 2250/2250/2250 2254/2254/2254 
f 2254/2254/2254 2250/2250/2250 2255/2255/2255 
f 2250/2250/2250 2250/2250/2250 2255/2255/2255 
f 2255/2255/2255 2250/2250/2250 2256/2256/2256 
f 2250/2250/2250 2247/2247/2247 2256/2256/2256 
f 2256/2256/2256 2247/2247/2247 2257/2257/2257 
f 2247/2247/2247 2241/2241/2241 2257/2257/2257 
f 2257/2257/2257 2241/2241/2241 2258/2258/2258 
f 2241/2241/2241 2240/2240/2240 2258/2258/2258 
f 2258/2258/2258 2240/2240/2240 2258/2258/2258 
f 2240/2240/2240 2259/2259/2259 2258/2258/2258 
f 2258/2258/2258 2259/2259/2259 2258/2258/2258 
f 2259/2259/2259 2260/2260/2260 2258/2258/2258 
f 2258/2258/2258 2260/2260/2260 2261/2261/2261 
f 2260/2260/2260 2260/2260/2260 2261/2261/2261 
f 2261/2261/2261 2260/2260/2260 2262/2262/2262 
f 2260/2260/2260 2260/2260/2260 2262/2262/2262 
f 2262/2262/2262 2260/2260/2260 2263/2263/2263 
f 2260/2260/2260 2260/2260/2260 2263/2263/2263 
f 2263/2263/2263 2260/2260/2260 2264/2264/2264 
f 2260/2260/2260 2260/2260/2260 2264/2264/2264 
f 2264/2264/2264 2260/2260/2260 2265/2265/2265 
f 2260/2260/2260 2259/2259/2259 2265/2265/2265 
f 2265/2265/2265 2259/2259/2259 2266/2266/2266 
f 2259/2259/2259 2259/2259/2259 2266/2266/2266 
f 2266/2266/2266 2259/2259/2259 2267/2267/2267 
f 2259/2259/2259 2240/2240/2240 2267/2267/2267 
f 2267/2267/2267 2240/2240/2240 2268/2268/2268 
f 2240/2240/2240 2269/2269/2269 2268/2268/2268 
f 2268/2268/2268 2269/2269/2269 2269/2269/2269 
f 2269/2269/2269 2256/2256/2256 2269/2269/2269 
f 2269/2269/2269 2256/2256/2256 2256/2256/2256 
f 2256/2256/2256 2257/2257/2257 2256/2256/2256 
f 2256/2256/2256 2257/2257/2257 2270/2270/2270 
f 2257/2257/2257 2257/2257/2257 2270/2270/2270 
f 2270/2270/2270 2257/2257/2257 2271/2271/2271 
f 2257/2257/2257 2258/2258/2258 2271/2271/2271 
f 2271/2271/2271 2258/2258/2258 2258/2258/2258 
f 2258/2258/2258 2272/2272/2272 2258/2258/2258 
f 2258/2258/2258 2272/2272/2272 2272/2272/2272 
f 2272/2272/2272 2273/2273/2273 2272/2272/2272 
f 2272/2272/2272 2273/2273/2273 2274/2274/2274 
f 2273/2273/2273 2275/2275/2275 2274/2274/2274 
f 2274/2274/2274 2275/2275/2275 2276/2276/2276 
f 2275/2275/2275 2275/2275/2275 2276/2276/2276 
f 2276/2276/2276 2275/2275/2275 2277/2277/2277 
f 2275/2275/2275 2275/2275/2275 2277/2277/2277 
f 2277/2277/2277 2275/2275/2275 2278/2278/2278 
f 2275/2275/2275 2275/2275/2275 2278/2278/2278 
f 2278/2278/2278 2275/2275/2275 2279/2279/2279 
f 2275/2275/2275 2280/2280/2280 2279/2279/2279 
f 2279/2279/2279 2280/2280/2280 2281/2281/2281 
f 2280/2280/2280 2282/2282/2282 2281/2281/2281 
f 2281/2281/2281 2282/2282/2282 2283/2283/2283 
f 2282/2282/2282 2284/2284/2284 2283/2283/2283 
f 2283/2283/2283 2284/2284/2284 2285/2285/2285 
f 2284/2284/2284 2284/2284/2284 2285/2285/2285 
f 2285/2285/2285 2284/2284/2284 2286/2286/2286 
f 2284/2284/2284 2287/2287/2287 2286/2286/2286 
f 2286/2286/2286 2287/2287/2287 2288/2288/2288 
f 2287/2287/2287 2289/2289/2289 2288/2288/2288 
f 2288/2288/2288 2289/2289/2289 2288/2288/2288 
f 2289/2289/2289 2290/2290/2290 2288/2288/2288 
f 2288/2288/2288 2290/2290/2290 2288/2288/2288 
f 2290/2290/2290 2291/2291/2291 2288/2288/2288 
f 2288/2288/2288 2291/2291/2291 2292/2292/2292 
f 2291/2291/2291 2291/2291/2291 2292/2292/2292 
f 2292/2292/2292 2291/2291/2291 2293/2293/2293 
f 2291/2291/2291 2294/2294/2294 2293/2293/2293 
f 2293/2293/2293 2294/2294/2294 2295/2295/2295 
f 2294/2294/2294 2295/2295/2295 2295/2295/2295 
f 2295/2295/2295 2295/2295/2295 2286/2286/2286 
f 2295/2295/2295 2286/2286/2286 2286/2286/2286 
f 2286/2286/2286 2286/2286/2286 2292/2292/2292 
f 2286/2286/2286 2288/2288/2288 2292/2292/2292 
f 2292/2292/2292 2288/2288/2288 2288/2288/2288 
f 2288/2288/2288 2287/2287/2287 2288/2288/2288 
f 2288/2288/2288 2287/2287/2287 2287/2287/2287 
f 2287/2287/2287 2296/2296/2296 2287/2287/2287 
f 2287/2287/2287 2296/2296/2296 2289/2289/2289 
f 2296/2296/2296 2297/2297/2297 2289/2289/2289 
f 2289/2289/2289 2297/2297/2297 2290/2290/2290 
f 2297/2297/2297 2297/2297/2297 2290/2290/2290 
f 2290/2290/2290 2297/2297/2297 2291/2291/2291 
f 2297/2297/2297 2294/2294/2294 2291/2291/2291 
f 2291/2291/2291 2294/2294/2294 2294/2294/2294 
f 2294/2294/2294 2284/2284/2284 2294/2294/2294 
f 2294/2294/2294 2284/2284/2284 2284/2284/2284 
f 2284/2284/2284 2282/2282/2282 2284/2284/2284 
f 2284/2284/2284 2282/2282/2282 2298/2298/2298 
f 2282/2282/2282 2299/2299/2299 2298/2298/2298 
f 2298/2298/2298 2299/2299/2299 2296/2296/2296 
f 2299/2299/2299 2300/2300/2300 2296/2296/2296 
f 2296/2296/2296 2300/2300/2300 2297/2297/2297 
f 2300/2300/2300 2297/2297/2297 2297/2297/2297 
f 2297/2297/2297 2297/2297/2297 2299/2299/2299 
f 2297/2297/2297 2299/2299/2299 2299/2299/2299 
f 2299/2299/2299 2299/2299/2299 2301/2301/2301 
f 2299/2299/2299 2282/2282/2282 2301/2301/2301 
f 2301/2301/2301 2282/2282/2282 2301/2301/2301 
f 2282/2282/2282 2280/2280/2280 2301/2301/2301 
f 2301/2301/2301 2280/2280/2280 2301/2301/2301 
f 2280/2280/2280 2275/2275/2275 2301/2301/2301 
f 2301/2301/2301 2275/2275/2275 2302/2302/2302 
f 2275/2275/2275 2273/2273/2273 2302/2302/2302 
f 2302/2302/2302 2273/2273/2273 2273/2273/2273 
f 2273/2273/2273 2302/2302/2302 2273/2273/2273 
f 2273/2273/2273 2302/2302/2302 2302/2302/2302 
f 2302/2302/2302 2303/2303/2303 2302/2302/2302 
f 2302/2302/2302 2303/2303/2303 2301/2301/2301 
f 2303/2303/2303 2303/2303/2303 2301/2301/2301 
f 2301/2301/2301 2303/2303/2303 2299/2299/2299 
f 2303/2303/2303 2303/2303/2303 2299/2299/2299 
f 2299/2299/2299 2303/2303/2303 2300/2300/2300 
f 2303/2303/2303 2303/2303/2303 2300/2300/2300 
f 2300/2300/2300 2303/2303/2303 2297/2297/2297 
f 2303/2303/2303 2304/2304/2304 2297/2297/2297 
f 2297/2297/2297 2304/2304/2304 2305/2305/2305 
f 2304/2304/2304 2306/2306/2306 2305/2305/2305 
f 2305/2305/2305 2306/2306/2306 2295/2295/2295 
f 2306/2306/2306 2304/2304/2304 2295/2295/2295 
f 2295/2295/2295 2304/2304/2304 2307/2307/2307 
f 2304/2304/2304 2308/2308/2308 2307/2307/2307 
f 2307/2307/2307 2308/2308/2308 2309/2309/2309 
f 2308/2308/2308 2310/2310/2310 2309/2309/2309 
f 2309/2309/2309 2310/2310/2310 2310/2310/2310 
f 2310/2310/2310 2297/2297/2297 2310/2310/2310 
f 2310/2310/2310 2297/2297/2297 2297/2297/2297 
f 2297/2297/2297 2305/2305/2305 2297/2297/2297 
f 2297/2297/2297 2305/2305/2305 2294/2294/2294 
f 2305/2305/2305 2295/2295/2295 2294/2294/2294 
f 2294/2294/2294 2295/2295/2295 2295/2295/2295 
f 2295/2295/2295 2310/2310/2310 2295/2295/2295 
f 2295/2295/2295 2310/2310/2310 2310/2310/2310 
f 2310/2310/2310 2311/2311/2311 2310/2310/2310 
f 2310/2310/2310 2311/2311/2311 2312/2312/2312 
f 2311/2311/2311 2311/2311/2311 2312/2312/2312 
f 2312/2312/2312 2311/2311/2311 2313/2313/2313 
f 2311/2311/2311 2314/2314/2314 2313/2313/2313 
f 2313/2313/2313 2314/2314/2314 2315/2315/2315 
f 2314/2314/2314 2314/2314/2314 2315/2315/2315 
f 2315/2315/2315 2314/2314/2314 2316/2316/2316 
f 2314/2314/2314 2317/2317/2317 2316/2316/2316 
f 2316/2316/2316 2317/2317/2317 2318/2318/2318 
f 2317/2317/2317 2317/2317/2317 2318/2318/2318 
f 2318/2318/2318 2317/2317/2317 2319/2319/2319 
f 2317/2317/2317 2320/2320/2320 2319/2319/2319 
f 2319/2319/2319 2320/2320/2320 2321/2321/2321 
f 2320/2320/2320 2320/2320/2320 2321/2321/2321 
f 2321/2321/2321 2320/2320/2320 2322/2322/2322 
f 2320/2320/2320 2320/2320/2320 2322/2322/2322 
f 2322/2322/2322 2320/2320/2320 2323/2323/2323 
f 2320/2320/2320 2317/2317/2317 2323/2323/2323 
f 2323/2323/2323 2317/2317/2317 2324/2324/2324 
f 2317/2317/2317 2311/2311/2311 2324/2324/2324 
f 2324/2324/2324 2311/2311/2311 2324/2324/2324 
f 2311/2311/2311 2308/2308/2308 2324/2324/2324 
f 2324/2324/2324 2308/2308/2308 2324/2324/2324 
f 2308/2308/2308 2304/2304/2304 2324/2324/2324 
f 2324/2324/2324 2304/2304/2304 2324/2324/2324 
f 2304/2304/2304 2303/2303/2303 2324/2324/2324 
f 2324/2324/2324 2303/2303/2303 2323/2323/2323 
f 2303/2303/2303 2302/2302/2302 2323/2323/2323 
f 2323/2323/2323 2302/2302/2302 2325/2325/2325 
f 2302/2302/2302 2326/2326/2326 2325/2325/2325 
f 2325/2325/2325 2326/2326/2326 2327/2327/2327 
f 2326/2326/2326 2328/2328/2328 2327/2327/2327 
f 2327/2327/2327 2328/2328/2328 2329/2329/2329 
f 2328/2328/2328 2329/2329/2329 2329/2329/2329 
f 2329/2329/2329 2329/2329/2329 2314/2314/2314 
f 2329/2329/2329 2314/2314/2314 2314/2314/2314 
f 2314/2314/2314 2314/2314/2314 2317/2317/2317 
f 2314/2314/2314 2311/2311/2311 2317/2317/2317 
f 2317/2317/2317 2311/2311/2311 2311/2311/2311 
f 2311/2311/2311 2302/2302/2302 2311/2311/2311 
f 2311/2311/2311 2302/2302/2302 2302/2302/2302 
f 2302/2302/2302 2273/2273/2273 2302/2302/2302 
f 2302/2302/2302 2273/2273/2273 2326/2326/2326 
f 2273/2273/2273 2330/2330/2330 2326/2326/2326 
f 2326/2326/2326 2330/2330/2330 2328/2328/2328 
f 2330/2330/2330 2328/2328/2328 2328/2328/2328 
f 2328/2328/2328 2328/2328/2328 2330/2330/2330 
f 2328/2328/2328 2330/2330/2330 2330/2330/2330 
f 2330/2330/2330 2330/2330/2330 2272/2272/2272 
f 2330/2330/2330 2273/2273/2273 2272/2272/2272 
f 2272/2272/2272 2273/2273/2273 2273/2273/2273 
f 2273/2273/2273 2331/2331/2331 2273/2273/2273 
f 2273/2273/2273 2331/2331/2331 2331/2331/2331 
f 2331/2331/2331 2332/2332/2332 2331/2331/2331 
f 2331/2331/2331 2332/2332/2332 2327/2327/2327 
f 2332/2332/2332 2333/2333/2333 2327/2327/2327 
f 2327/2327/2327 2333/2333/2333 2325/2325/2325 
f 2333/2333/2333 2334/2334/2334 2325/2325/2325 
f 2325/2325/2325 2334/2334/2334 2323/2323/2323 
f 2334/2334/2334 2335/2335/2335 2323/2323/2323 
f 2323/2323/2323 2335/2335/2335 2322/2322/2322 
f 2335/2335/2335 2322/2322/2322 2322/2322/2322 
f 2322/2322/2322 2322/2322/2322 2335/2335/2335 
f 2322/2322/2322 2335/2335/2335 2335/2335/2335 
f 2335/2335/2335 2335/2335/2335 2333/2333/2333 
f 2335/2335/2335 2334/2334/2334 2333/2333/2333 
f 2333/2333/2333 2334/2334/2334 2334/2334/2334 
f 2334/2334/2334 2336/2336/2336 2334/2334/2334 
f 2334/2334/2334 2336/2336/2336 2336/2336/2336 
f 2336/2336/2336 2337/2337/2337 2336/2336/2336 
f 2336/2336/2336 2337/2337/2337 2338/2338/2338 
f 2337/2337/2337 2337/2337/2337 2338/2338/2338 
f 2338/2338/2338 2337/2337/2337 2339/2339/2339 
f 2337/2337/2337 2337/2337/2337 2339/2339/2339 
f 2339/2339/2339 2337/2337/2337 2340/2340/2340 
f 2337/2337/2337 2341/2341/2341 2340/2340/2340 
f 2340/2340/2340 2341/2341/2341 2342/2342/2342 
f 2341/2341/2341 2343/2343/2343 2342/2342/2342 
f 2342/2342/2342 2343/2343/2343 2344/2344/2344 
f 2343/2343/2343 2345/2345/2345 2344/2344/2344 
f 2344/2344/2344 2345/2345/2345 2344/2344/2344 
f 2345/2345/2345 2346/2346/2346 2344/2344/2344 
f 2344/2344/2344 2346/2346/2346 2347/2347/2347 
f 2346/2346/2346 2348/2348/2348 2347/2347/2347 
f 2347/2347/2347 2348/2348/2348 2348/2348/2348 
f 2348/2348/2348 2336/2336/2336 2348/2348/2348 
f 2348/2348/2348 2336/2336/2336 2336/2336/2336 
f 2336/2336/2336 2341/2341/2341 2336/2336/2336 
f 2336/2336/2336 2341/2341/2341 2337/2337/2337 
f 2341/2341/2341 2337/2337/2337 2337/2337/2337 
f 2337/2337/2337 2337/2337/2337 2347/2347/2347 
f 2337/2337/2337 2347/2347/2347 2347/2347/2347 
f 2347/2347/2347 2347/2347/2347 2344/2344/2344 
f 2347/2347/2347 2349/2349/2349 2344/2344/2344 
f 2344/2344/2344 2349/2349/2349 2344/2344/2344 
f 2349/2349/2349 2350/2350/2350 2344/2344/2344 
f 2344/2344/2344 2350/2350/2350 2351/2351/2351 
f 2350/2350/2350 2352/2352/2352 2351/2351/2351 
f 2351/2351/2351 2352/2352/2352 2353/2353/2353 
f 2352/2352/2352 2354/2354/2354 2353/2353/2353 
f 2353/2353/2353 2354/2354/2354 2355/2355/2355 
f 2354/2354/2354 2354/2354/2354 2355/2355/2355 
f 2355/2355/2355 2354/2354/2354 2356/2356/2356 
f 2354/2354/2354 2354/2354/2354 2356/2356/2356 
f 2356/2356/2356 2354/2354/2354 2357/2357/2357 
f 2354/2354/2354 2352/2352/2352 2357/2357/2357 
f 2357/2357/2357 2352/2352/2352 2352/2352/2352 
f 2352/2352/2352 2344/2344/2344 2352/2352/2352 
f 2352/2352/2352 2344/2344/2344 2344/2344/2344 
f 2344/2344/2344 2351/2351/2351 2344/2344/2344 
f 2344/2344/2344 2351/2351/2351 2342/2342/2342 
f 2351/2351/2351 2353/2353/2353 2342/2342/2342 
f 2342/2342/2342 2353/2353/2353 2355/2355/2355 
f 2353/2353/2353 2355/2355/2355 2355/2355/2355 
f 2355/2355/2355 2355/2355/2355 2342/2342/2342 
f 2355/2355/2355 2342/2342/2342 2342/2342/2342 
f 2342/2342/2342 2342/2342/2342 2340/2340/2340 
f 2342/2342/2342 2358/2358/2358 2340/2340/2340 
f 2340/2340/2340 2358/2358/2358 2359/2359/2359 
f 2358/2358/2358 2360/2360/2360 2359/2359/2359 
f 2359/2359/2359 2360/2360/2360 2359/2359/2359 
f 2360/2360/2360 2361/2361/2361 2359/2359/2359 
f 2359/2359/2359 2361/2361/2361 2362/2362/2362 
f 2361/2361/2361 2363/2363/2363 2362/2362/2362 
f 2362/2362/2362 2363/2363/2363 2362/2362/2362 
f 2363/2363/2363 2364/2364/2364 2362/2362/2362 
f 2362/2362/2362 2364/2364/2364 2340/2340/2340 
f 2364/2364/2364 2365/2365/2365 2340/2340/2340 
f 2340/2340/2340 2365/2365/2365 2340/2340/2340 
f 2365/2365/2365 2366/2366/2366 2340/2340/2340 
f 2340/2340/2340 2366/2366/2366 2339/2339/2339 
f 2366/2366/2366 2367/2367/2367 2339/2339/2339 
f 2339/2339/2339 2367/2367/2367 2339/2339/2339 
f 2367/2367/2367 2368/2368/2368 2339/2339/2339 
f 2339/2339/2339 2368/2368/2368 2338/2338/2338 
f 2368/2368/2368 2368/2368/2368 2338/2338/2338 
f 2338/2338/2338 2368/2368/2368 2369/2369/2369 
f 2368/2368/2368 2370/2370/2370 2369/2369/2369 
f 2369/2369/2369 2370/2370/2370 2370/2370/2370 
f 2370/2370/2370 2362/2362/2362 2370/2370/2370 
f 2370/2370/2370 2362/2362/2362 2362/2362/2362 
f 2362/2362/2362 2340/2340/2340 2362/2362/2362 
f 2362/2362/2362 2340/2340/2340 2359/2359/2359 
f 2340/2340/2340 2359/2359/2359 2359/2359/2359 
f 2359/2359/2359 2359/2359/2359 2371/2371/2371 
f 2359/2359/2359 2371/2371/2371 2371/2371/2371 
f 2371/2371/2371 2371/2371/2371 2372/2372/2372 
f 2371/2371/2371 1923/1923/1923 2372/2372/2372 
f 2372/2372/2372 1923/1923/1923 2373/2373/2373 
f 1923/1923/1923 1922/1922/1922 2373/2373/2373 
f 2373/2373/2373 1922/1922/1922 2373/2373/2373 
f 1922/1922/1922 2374/2374/2374 2373/2373/2373 
f 2373/2373/2373 2374/2374/2374 2373/2373/2373 
f 2374/2374/2374 2375/2375/2375 2373/2373/2373 
f 2373/2373/2373 2375/2375/2375 2373/2373/2373 
f 2375/2375/2375 2376/2376/2376 2373/2373/2373 
f 2373/2373/2373 2376/2376/2376 2373/2373/2373 
f 2376/2376/2376 2377/2377/2377 2373/2373/2373 
f 2373/2373/2373 2377/2377/2377 2372/2372/2372 
f 2377/2377/2377 2372/2372/2372 2372/2372/2372 
f 2372/2372/2372 2372/2372/2372 2378/2378/2378 
f 2372/2372/2372 2378/2378/2378 2378/2378/2378 
f 2378/2378/2378 2378/2378/2378 2379/2379/2379 
f 2378/2378/2378 2380/2380/2380 2379/2379/2379 
f 2379/2379/2379 2380/2380/2380 2380/2380/2380 
f 2380/2380/2380 2381/2381/2381 2380/2380/2380 
f 2380/2380/2380 2381/2381/2381 2381/2381/2381 
f 2381/2381/2381 2382/2382/2382 2381/2381/2381 
f 2381/2381/2381 2382/2382/2382 2383/2383/2383 
f 2382/2382/2382 2382/2382/2382 2383/2383/2383 
f 2383/2383/2383 2382/2382/2382 2384/2384/2384 
f 2382/2382/2382 2385/2385/2385 2384/2384/2384 
f 2384/2384/2384 2385/2385/2385 2386/2386/2386 
f 2385/2385/2385 2386/2386/2386 2386/2386/2386 
f 2386/2386/2386 2386/2386/2386 2385/2385/2385 
f 2386/2386/2386 2385/2385/2385 2385/2385/2385 
f 2385/2385/2385 2385/2385/2385 2387/2387/2387 
f 2385/2385/2385 2382/2382/2382 2387/2387/2387 
f 2387/2387/2387 2382/2382/2382 2387/2387/2387 
f 2382/2382/2382 2388/2388/2388 2387/2387/2387 
f 2387/2387/2387 2388/2388/2388 2387/2387/2387 
f 2388/2388/2388 2389/2389/2389 2387/2387/2387 
f 2387/2387/2387 2389/2389/2389 2387/2387/2387 
f 2389/2389/2389 2390/2390/2390 2387/2387/2387 
f 2387/2387/2387 2390/2390/2390 2387/2387/2387 
f 2390/2390/2390 2391/2391/2391 2387/2387/2387 
f 2387/2387/2387 2391/2391/2391 2387/2387/2387 
f 2391/2391/2391 2392/2392/2392 2387/2387/2387 
f 2387/2387/2387 2392/2392/2392 2387/2387/2387 
f 2392/2392/2392 2393/2393/2393 2387/2387/2387 
f 2387/2387/2387 2393/2393/2393 2385/2385/2385 
f 2393/2393/2393 2394/2394/2394 2385/2385/2385 
f 2385/2385/2385 2394/2394/2394 2395/2395/2395 
f 2394/2394/2394 2396/2396/2396 2395/2395/2395 
f 2395/2395/2395 2396/2396/2396 2396/2396/2396 
f 2396/2396/2396 2395/2395/2395 2396/2396/2396 
f 2396/2396/2396 2395/2395/2395 2395/2395/2395 
f 2395/2395/2395 2397/2397/2397 2395/2395/2395 
f 2395/2395/2395 2397/2397/2397 2385/2385/2385 
f 2397/2397/2397 2398/2398/2398 2385/2385/2385 
f 2385/2385/2385 2398/2398/2398 2399/2399/2399 
f 2398/2398/2398 2400/2400/2400 2399/2399/2399 
f 2399/2399/2399 2400/2400/2400 2401/2401/2401 
f 2400/2400/2400 2402/2402/2402 2401/2401/2401 
f 2401/2401/2401 2402/2402/2402 2402/2402/2402 
f 2402/2402/2402 2385/2385/2385 2402/2402/2402 
f 2402/2402/2402 2385/2385/2385 2385/2385/2385 
f 2385/2385/2385 2399/2399/2399 2385/2385/2385 
f 2385/2385/2385 2399/2399/2399 2386/2386/2386 
f 2399/2399/2399 2401/2401/2401 2386/2386/2386 
f 2386/2386/2386 2401/2401/2401 2403/2403/2403 
f 2401/2401/2401 2403/2403/2403 2403/2403/2403 
f 2403/2403/2403 2403/2403/2403 2404/2404/2404 
f 2403/2403/2403 2404/2404/2404 2404/2404/2404 
f 2404/2404/2404 2404/2404/2404 2405/2405/2405 
f 2404/2404/2404 2406/2406/2406 2405/2405/2405 
f 2405/2405/2405 2406/2406/2406 2407/2407/2407 
f 2406/2406/2406 2406/2406/2406 2407/2407/2407 
f 2407/2407/2407 2406/2406/2406 2408/2408/2408 
f 2406/2406/2406 2409/2409/2409 2408/2408/2408 
f 2408/2408/2408 2409/2409/2409 2410/2410/2410 
f 2409/2409/2409 2411/2411/2411 2410/2410/2410 
f 2410/2410/2410 2411/2411/2411 2412/2412/2412 
f 2411/2411/2411 2412/2412/2412 2412/2412/2412 
f 2412/2412/2412 2412/2412/2412 2405/2405/2405 
f 2412/2412/2412 2405/2405/2405 2405/2405/2405 
f 2405/2405/2405 2405/2405/2405 2413/2413/2413 
f 2405/2405/2405 2407/2407/2407 2413/2413/2413 
f 2413/2413/2413 2407/2407/2407 2414/2414/2414 
f 2407/2407/2407 2415/2415/2415 2414/2414/2414 
f 2414/2414/2414 2415/2415/2415 2416/2416/2416 
f 2415/2415/2415 2417/2417/2417 2416/2416/2416 
f 2416/2416/2416 2417/2417/2417 2418/2418/2418 
f 2417/2417/2417 2419/2419/2419 2418/2418/2418 
f 2418/2418/2418 2419/2419/2419 2420/2420/2420 
f 2419/2419/2419 2421/2421/2421 2420/2420/2420 
f 2420/2420/2420 2421/2421/2421 2421/2421/2421 
f 2421/2421/2421 2407/2407/2407 2421/2421/2421 
f 2421/2421/2421 2407/2407/2407 2407/2407/2407 
f 2407/2407/2407 2408/2408/2408 2407/2407/2407 
f 2407/2407/2407 2408/2408/2408 2415/2415/2415 
f 2408/2408/2408 2410/2410/2410 2415/2415/2415 
f 2415/2415/2415 2410/2410/2410 2410/2410/2410 
f 2410/2410/2410 2419/2419/2419 2410/2410/2410 
f 2410/2410/2410 2419/2419/2419 2419/2419/2419 
f 2419/2419/2419 2417/2417/2417 2419/2419/2419 
f 2419/2419/2419 2417/2417/2417 2422/2422/2422 
f 2417/2417/2417 2423/2423/2423 2422/2422/2422 
f 2422/2422/2422 2423/2423/2423 2424/2424/2424 
f 2423/2423/2423 2423/2423/2423 2424/2424/2424 
f 2424/2424/2424 2423/2423/2423 2425/2425/2425 
f 2423/2423/2423 2426/2426/2426 2425/2425/2425 
f 2425/2425/2425 2426/2426/2426 2425/2425/2425 
f 2426/2426/2426 2427/2427/2427 2425/2425/2425 
f 2425/2425/2425 2427/2427/2427 2428/2428/2428 
f 2427/2427/2427 2428/2428/2428 2428/2428/2428 
f 2428/2428/2428 2428/2428/2428 2417/2417/2417 
f 2428/2428/2428 2417/2417/2417 2417/2417/2417 
f 2417/2417/2417 2417/2417/2417 2423/2423/2423 
f 2417/2417/2417 2415/2415/2415 2423/2423/2423 
f 2423/2423/2423 2415/2415/2415 2429/2429/2429 
f 2415/2415/2415 2410/2410/2410 2429/2429/2429 
f 2429/2429/2429 2410/2410/2410 2430/2430/2430 
f 2410/2410/2410 2412/2412/2412 2430/2430/2430 
f 2430/2430/2430 2412/2412/2412 2430/2430/2430 
f 2412/2412/2412 2431/2431/2431 2430/2430/2430 
f 2430/2430/2430 2431/2431/2431 2432/2432/2432 
f 2431/2431/2431 2433/2433/2433 2432/2432/2432 
f 2432/2432/2432 2433/2433/2433 2433/2433/2433 
f 2433/2433/2433 2426/2426/2426 2433/2433/2433 
f 2433/2433/2433 2426/2426/2426 2426/2426/2426 
f 2426/2426/2426 2423/2423/2423 2426/2426/2426 
f 2426/2426/2426 2423/2423/2423 2429/2429/2429 
f 2423/2423/2423 2429/2429/2429 2429/2429/2429 
f 2429/2429/2429 2429/2429/2429 2434/2434/2434 
f 2429/2429/2429 2434/2434/2434 2434/2434/2434 
f 2434/2434/2434 2434/2434/2434 2435/2435/2435 
f 2434/2434/2434 2436/2436/2436 2435/2435/2435 
f 2435/2435/2435 2436/2436/2436 2435/2435/2435 
f 2436/2436/2436 2437/2437/2437 2435/2435/2435 
f 2435/2435/2435 2437/2437/2437 2435/2435/2435 
f 2437/2437/2437 2438/2438/2438 2435/2435/2435 
f 2435/2435/2435 2438/2438/2438 2435/2435/2435 
f 2438/2438/2438 2439/2439/2439 2435/2435/2435 
f 2435/2435/2435 2439/2439/2439 2435/2435/2435 
f 2439/2439/2439 2440/2440/2440 2435/2435/2435 
f 2435/2435/2435 2440/2440/2440 2435/2435/2435 
f 2440/2440/2440 2441/2441/2441 2435/2435/2435 
f 2435/2435/2435 2441/2441/2441 2434/2434/2434 
f 2441/2441/2441 2441/2441/2441 2434/2434/2434 
f 2434/2434/2434 2441/2441/2441 2442/2442/2442 
f 2441/2441/2441 2441/2441/2441 2442/2442/2442 
f 2442/2442/2442 2441/2441/2441 2443/2443/2443 
f 2441/2441/2441 2441/2441/2441 2443/2443/2443 
f 2443/2443/2443 2441/2441/2441 2444/2444/2444 
f 2441/2441/2441 2441/2441/2441 2444/2444/2444 
f 2444/2444/2444 2441/2441/2441 2445/2445/2445 
f 2441/2441/2441 2446/2446/2446 2445/2445/2445 
f 2445/2445/2445 2446/2446/2446 2447/2447/2447 
f 2446/2446/2446 2446/2446/2446 2447/2447/2447 
f 2447/2447/2447 2446/2446/2446 2448/2448/2448 
f 2446/2446/2446 2446/2446/2446 2448/2448/2448 
f 2448/2448/2448 2446/2446/2446 2449/2449/2449 
f 2446/2446/2446 2450/2450/2450 2449/2449/2449 
f 2449/2449/2449 2450/2450/2450 2451/2451/2451 
f 2450/2450/2450 2452/2452/2452 2451/2451/2451 
f 2451/2451/2451 2452/2452/2452 2453/2453/2453 
f 2452/2452/2452 2453/2453/2453 2453/2453/2453 
f 2453/2453/2453 2453/2453/2453 2452/2452/2452 
f 2453/2453/2453 2452/2452/2452 2452/2452/2452 
f 2452/2452/2452 2452/2452/2452 2454/2454/2454 
f 2452/2452/2452 2450/2450/2450 2454/2454/2454 
f 2454/2454/2454 2450/2450/2450 2455/2455/2455 
f 2450/2450/2450 2446/2446/2446 2455/2455/2455 
f 2455/2455/2455 2446/2446/2446 2455/2455/2455 
f 2446/2446/2446 2441/2441/2441 2455/2455/2455 
f 2455/2455/2455 2441/2441/2441 2456/2456/2456 
f 2441/2441/2441 2440/2440/2440 2456/2456/2456 
f 2456/2456/2456 2440/2440/2440 2456/2456/2456 
f 2440/2440/2440 2457/2457/2457 2456/2456/2456 
f 2456/2456/2456 2457/2457/2457 2456/2456/2456 
f 2457/2457/2457 2458/2458/2458 2456/2456/2456 
f 2456/2456/2456 2458/2458/2458 2459/2459/2459 
f 2458/2458/2458 2460/2460/2460 2459/2459/2459 
f 2459/2459/2459 2460/2460/2460 2460/2460/2460 
f 2460/2460/2460 2455/2455/2455 2460/2460/2460 
f 2460/2460/2460 2455/2455/2455 2455/2455/2455 
f 2455/2455/2455 2456/2456/2456 2455/2455/2455 
f 2455/2455/2455 2456/2456/2456 2461/2461/2461 
f 2456/2456/2456 2456/2456/2456 2461/2461/2461 
f 2461/2461/2461 2456/2456/2456 2462/2462/2462 
f 2456/2456/2456 2459/2459/2459 2462/2462/2462 
f 2462/2462/2462 2459/2459/2459 2459/2459/2459 
f 2459/2459/2459 2463/2463/2463 2459/2459/2459 
f 2459/2459/2459 2463/2463/2463 2463/2463/2463 
f 2463/2463/2463 2464/2464/2464 2463/2463/2463 
f 2463/2463/2463 2464/2464/2464 2465/2465/2465 
f 2464/2464/2464 2465/2465/2465 2465/2465/2465 
f 2465/2465/2465 2465/2465/2465 2466/2466/2466 
f 2465/2465/2465 2466/2466/2466 2466/2466/2466 
f 2466/2466/2466 2466/2466/2466 2467/2467/2467 
f 2466/2466/2466 2468/2468/2468 2467/2467/2467 
f 2467/2467/2467 2468/2468/2468 2468/2468/2468 
f 2468/2468/2468 2469/2469/2469 2468/2468/2468 
f 2468/2468/2468 2469/2469/2469 2469/2469/2469 
f 2469/2469/2469 2470/2470/2470 2469/2469/2469 
f 2469/2469/2469 2470/2470/2470 2471/2471/2471 
f 2470/2470/2470 2471/2471/2471 2471/2471/2471 
f 2471/2471/2471 2471/2471/2471 2472/2472/2472 
f 2471/2471/2471 2472/2472/2472 2472/2472/2472 
f 2472/2472/2472 2472/2472/2472 2473/2473/2473 
f 2472/2472/2472 2474/2474/2474 2473/2473/2473 
f 2473/2473/2473 2474/2474/2474 2474/2474/2474 
f 2474/2474/2474 2475/2475/2475 2474/2474/2474 
f 2474/2474/2474 2475/2475/2475 2475/2475/2475 
f 2475/2475/2475 2476/2476/2476 2475/2475/2475 
f 2475/2475/2475 2476/2476/2476 2477/2477/2477 
f 2476/2476/2476 2477/2477/2477 2477/2477/2477 
f 2477/2477/2477 2477/2477/2477 2478/2478/2478 
f 2477/2477/2477 2478/2478/2478 2478/2478/2478 
f 2478/2478/2478 2478/2478/2478 2479/2479/2479 
f 2478/2478/2478 2480/2480/2480 2479/2479/2479 
f 2479/2479/2479 2480/2480/2480 2480/2480/2480 
f 2480/2480/2480 2481/2481/2481 2480/2480/2480 
f 2480/2480/2480 2481/2481/2481 2481/2481/2481 
f 2481/2481/2481 2482/2482/2482 2481/2481/2481 
f 2481/2481/2481 2482/2482/2482 2483/2483/2483 
f 2482/2482/2482 2483/2483/2483 2483/2483/2483 
f 2483/2483/2483 2483/2483/2483 2484/2484/2484 
f 2483/2483/2483 2484/2484/2484 2484/2484/2484 
f 2484/2484/2484 2484/2484/2484 2485/2485/2485 
f 2484/2484/2484 2486/2486/2486 2485/2485/2485 
f 2485/2485/2485 2486/2486/2486 2486/2486/2486 
f 2486/2486/2486 2487/2487/2487 2486/2486/2486 
f 2486/2486/2486 2487/2487/2487 2487/2487/2487 
f 2487/2487/2487 2488/2488/2488 2487/2487/2487 
f 2487/2487/2487 2488/2488/2488 2489/2489/2489 
f 2488/2488/2488 2489/2489/2489 2489/2489/2489 
f 2489/2489/2489 2489/2489/2489 2490/2490/2490 
f 2489/2489/2489 2490/2490/2490 2490/2490/2490 
f 2490/2490/2490 2490/2490/2490 2491/2491/2491 
f 2490/2490/2490 2492/2492/2492 2491/2491/2491 
f 2491/2491/2491 2492/2492/2492 2493/2493/2493 
f 2492/2492/2492 2493/2493/2493 2493/2493/2493 
f 2493/2493/2493 2493/2493/2493 2492/2492/2492 
f 2493/2493/2493 2492/2492/2492 2492/2492/2492 
f 2492/2492/2492 2492/2492/2492 2494/2494/2494 
f 2492/2492/2492 2490/2490/2490 2494/2494/2494 
f 2494/2494/2494 2490/2490/2490 2494/2494/2494 
f 2490/2490/2490 2495/2495/2495 2494/2494/2494 
f 2494/2494/2494 2495/2495/2495 2496/2496/2496 
f 2495/2495/2495 2497/2497/2497 2496/2496/2496 
f 2496/2496/2496 2497/2497/2497 2498/2498/2498 
f 2497/2497/2497 2495/2495/2495 2498/2498/2498 
f 2498/2498/2498 2495/2495/2495 2499/2499/2499 
f 2495/2495/2495 2495/2495/2495 2499/2499/2499 
f 2499/2499/2499 2495/2495/2495 2500/2500/2500 
f 2495/2495/2495 2501/2501/2501 2500/2500/2500 
f 2500/2500/2500 2501/2501/2501 2501/2501/2501 
f 2501/2501/2501 2492/2492/2492 2501/2501/2501 
f 2501/2501/2501 2492/2492/2492 2492/2492/2492 
f 2492/2492/2492 2494/2494/2494 2492/2492/2492 
f 2492/2492/2492 2494/2494/2494 2502/2502/2502 
f 2494/2494/2494 2496/2496/2496 2502/2502/2502 
f 2502/2502/2502 2496/2496/2496 2503/2503/2503 
f 2496/2496/2496 2498/2498/2498 2503/2503/2503 
f 2503/2503/2503 2498/2498/2498 2503/2503/2503 
f 2498/2498/2498 2504/2504/2504 2503/2503/2503 
f 2503/2503/2503 2504/2504/2504 2505/2505/2505 
f 2504/2504/2504 2506/2506/2506 2505/2505/2505 
f 2505/2505/2505 2506/2506/2506 2505/2505/2505 
f 2506/2506/2506 2507/2507/2507 2505/2505/2505 
f 2505/2505/2505 2507/2507/2507 2508/2508/2508 
f 2507/2507/2507 2507/2507/2507 2508/2508/2508 
f 2508/2508/2508 2507/2507/2507 2509/2509/2509 
f 2507/2507/2507 2510/2510/2510 2509/2509/2509 
f 2509/2509/2509 2510/2510/2510 2511/2511/2511 
f 2510/2510/2510 2512/2512/2512 2511/2511/2511 
f 2511/2511/2511 2512/2512/2512 2511/2511/2511 
f 2512/2512/2512 2513/2513/2513 2511/2511/2511 
f 2511/2511/2511 2513/2513/2513 2511/2511/2511 
f 2513/2513/2513 2514/2514/2514 2511/2511/2511 
f 2511/2511/2511 2514/2514/2514 2511/2511/2511 
f 2514/2514/2514 2515/2515/2515 2511/2511/2511 
f 2511/2511/2511 2515/2515/2515 2509/2509/2509 
f 2515/2515/2515 2515/2515/2515 2509/2509/2509 
f 2509/2509/2509 2515/2515/2515 2508/2508/2508 
f 2515/2515/2515 2516/2516/2516 2508/2508/2508 
f 2508/2508/2508 2516/2516/2516 2517/2517/2517 
f 2516/2516/2516 2516/2516/2516 2517/2517/2517 
f 2517/2517/2517 2516/2516/2516 2518/2518/2518 
f 2516/2516/2516 2515/2515/2515 2518/2518/2518 
f 2518/2518/2518 2515/2515/2515 2519/2519/2519 
f 2515/2515/2515 2520/2520/2520 2519/2519/2519 
f 2519/2519/2519 2520/2520/2520 2521/2521/2521 
f 2520/2520/2520 2522/2522/2522 2521/2521/2521 
f 2521/2521/2521 2522/2522/2522 2523/2523/2523 
f 2522/2522/2522 2524/2524/2524 2523/2523/2523 
f 2523/2523/2523 2524/2524/2524 2525/2525/2525 
f 2524/2524/2524 2526/2526/2526 2525/2525/2525 
f 2525/2525/2525 2526/2526/2526 2526/2526/2526 
f 2526/2526/2526 2514/2514/2514 2526/2526/2526 
f 2526/2526/2526 2514/2514/2514 2514/2514/2514 
f 2514/2514/2514 2527/2527/2527 2514/2514/2514 
f 2514/2514/2514 2527/2527/2527 2515/2515/2515 
f 2527/2527/2527 2527/2527/2527 2515/2515/2515 
f 2515/2515/2515 2527/2527/2527 2520/2520/2520 
f 2527/2527/2527 2522/2522/2522 2520/2520/2520 
f 2520/2520/2520 2522/2522/2522 2522/2522/2522 
f 2522/2522/2522 2521/2521/2521 2522/2522/2522 
f 2522/2522/2522 2521/2521/2521 2521/2521/2521 
f 2521/2521/2521 2523/2523/2523 2521/2521/2521 
f 2521/2521/2521 2523/2523/2523 2519/2519/2519 
f 2523/2523/2523 2523/2523/2523 2519/2519/2519 
f 2519/2519/2519 2523/2523/2523 2518/2518/2518 
f 2523/2523/2523 2525/2525/2525 2518/2518/2518 
f 2518/2518/2518 2525/2525/2525 2518/2518/2518 
f 2525/2525/2525 2528/2528/2528 2518/2518/2518 
f 2518/2518/2518 2528/2528/2528 2517/2517/2517 
f 2528/2528/2528 2529/2529/2529 2517/2517/2517 
f 2517/2517/2517 2529/2529/2529 2508/2508/2508 
f 2529/2529/2529 2530/2530/2530 2508/2508/2508 
f 2508/2508/2508 2530/2530/2530 2505/2505/2505 
f 2530/2530/2530 2531/2531/2531 2505/2505/2505 
f 2505/2505/2505 2531/2531/2531 2503/2503/2503 
f 2531/2531/2531 2532/2532/2532 2503/2503/2503 
f 2503/2503/2503 2532/2532/2532 2502/2502/2502 
f 2532/2532/2532 2532/2532/2532 2502/2502/2502 
f 2502/2502/2502 2532/2532/2532 2492/2492/2492 
f 2532/2532/2532 2532/2532/2532 2492/2492/2492 
f 2492/2492/2492 2532/2532/2532 2493/2493/2493 
f 2532/2532/2532 2533/2533/2533 2493/2493/2493 
f 2493/2493/2493 2533/2533/2533 2531/2531/2531 
f 2533/2533/2533 2532/2532/2532 2531/2531/2531 
f 2531/2531/2531 2532/2532/2532 2532/2532/2532 
f 2532/2532/2532 2534/2534/2534 2532/2532/2532 
f 2532/2532/2532 2534/2534/2534 2534/2534/2534 
f 2534/2534/2534 2491/2491/2491 2534/2534/2534 
f 2534/2534/2534 2491/2491/2491 2535/2535/2535 
f 2491/2491/2491 2536/2536/2536 2535/2535/2535 
f 2535/2535/2535 2536/2536/2536 2537/2537/2537 
f 2536/2536/2536 2536/2536/2536 2537/2537/2537 
f 2537/2537/2537 2536/2536/2536 2538/2538/2538 
f 2536/2536/2536 2536/2536/2536 2538/2538/2538 
f 2538/2538/2538 2536/2536/2536 2539/2539/2539 
f 2536/2536/2536 2540/2540/2540 2539/2539/2539 
f 2539/2539/2539 2540/2540/2540 2541/2541/2541 
f 2540/2540/2540 2531/2531/2531 2541/2541/2541 
f 2541/2541/2541 2531/2531/2531 2542/2542/2542 
f 2531/2531/2531 2530/2530/2530 2542/2542/2542 
f 2542/2542/2542 2530/2530/2530 2543/2543/2543 
f 2530/2530/2530 2529/2529/2529 2543/2543/2543 
f 2543/2543/2543 2529/2529/2529 2543/2543/2543 
f 2529/2529/2529 2544/2544/2544 2543/2543/2543 
f 2543/2543/2543 2544/2544/2544 2541/2541/2541 
f 2544/2544/2544 2544/2544/2544 2541/2541/2541 
f 2541/2541/2541 2544/2544/2544 2539/2539/2539 
f 2544/2544/2544 2544/2544/2544 2539/2539/2539 
f 2539/2539/2539 2544/2544/2544 2538/2538/2538 
f 2544/2544/2544 2545/2545/2545 2538/2538/2538 
f 2538/2538/2538 2545/2545/2545 2537/2537/2537 
f 2545/2545/2545 2545/2545/2545 2537/2537/2537 
f 2537/2537/2537 2545/2545/2545 2546/2546/2546 
f 2545/2545/2545 2547/2547/2547 2546/2546/2546 
f 2546/2546/2546 2547/2547/2547 2548/2548/2548 
f 2547/2547/2547 2548/2548/2548 2548/2548/2548 
f 2548/2548/2548 2548/2548/2548 2531/2531/2531 
f 2548/2548/2548 2531/2531/2531 2531/2531/2531 
f 2531/2531/2531 2531/2531/2531 2493/2493/2493 
f 2531/2531/2531 2540/2540/2540 2493/2493/2493 
f 2493/2493/2493 2540/2540/2540 2493/2493/2493 
f 2540/2540/2540 2536/2536/2536 2493/2493/2493 
f 2493/2493/2493 2536/2536/2536 2491/2491/2491 
f 2536/2536/2536 2491/2491/2491 2491/2491/2491 
f 2491/2491/2491 2491/2491/2491 2542/2542/2542 
f 2491/2491/2491 2542/2542/2542 2542/2542/2542 
f 2542/2542/2542 2542/2542/2542 2541/2541/2541 
f 2542/2542/2542 2543/2543/2543 2541/2541/2541 
f 2541/2541/2541 2543/2543/2543 2543/2543/2543 
f 2543/2543/2543 2549/2549/2549 2543/2543/2543 
f 2543/2543/2543 2549/2549/2549 2549/2549/2549 
f 2549/2549/2549 2550/2550/2550 2549/2549/2549 
f 2549/2549/2549 2550/2550/2550 2525/2525/2525 
f 2550/2550/2550 2551/2551/2551 2525/2525/2525 
f 2525/2525/2525 2551/2551/2551 2552/2552/2552 
f 2551/2551/2551 2553/2553/2553 2552/2552/2552 
f 2552/2552/2552 2553/2553/2553 2552/2552/2552 
f 2553/2553/2553 2554/2554/2554 2552/2552/2552 
f 2552/2552/2552 2554/2554/2554 2552/2552/2552 
f 2554/2554/2554 2547/2547/2547 2552/2552/2552 
f 2552/2552/2552 2547/2547/2547 2552/2552/2552 
f 2547/2547/2547 2544/2544/2544 2552/2552/2552 
f 2552/2552/2552 2544/2544/2544 2528/2528/2528 
f 2544/2544/2544 2529/2529/2529 2528/2528/2528 
f 2528/2528/2528 2529/2529/2529 2529/2529/2529 
f 2529/2529/2529 2525/2525/2525 2529/2529/2529 
f 2529/2529/2529 2525/2525/2525 2525/2525/2525 
f 2525/2525/2525 2552/2552/2552 2525/2525/2525 
f 2525/2525/2525 2552/2552/2552 2528/2528/2528 
f 2552/2552/2552 2528/2528/2528 2528/2528/2528 
f 2528/2528/2528 2528/2528/2528 2555/2555/2555 
f 2528/2528/2528 2555/2555/2555 2555/2555/2555 
f 2555/2555/2555 2555/2555/2555 2556/2556/2556 
f 2555/2555/2555 2557/2557/2557 2556/2556/2556 
f 2556/2556/2556 2557/2557/2557 2557/2557/2557 
f 2557/2557/2557 2558/2558/2558 2557/2557/2557 
f 2557/2557/2557 2558/2558/2558 2558/2558/2558 
f 2558/2558/2558 2559/2559/2559 2558/2558/2558 
f 2558/2558/2558 2559/2559/2559 2560/2560/2560 
f 2559/2559/2559 2561/2561/2561 2560/2560/2560 
f 2560/2560/2560 2561/2561/2561 2562/2562/2562 
f 2561/2561/2561 2562/2562/2562 2562/2562/2562 
f 2562/2562/2562 2562/2562/2562 2563/2563/2563 
f 2562/2562/2562 2563/2563/2563 2563/2563/2563 
f 2563/2563/2563 2563/2563/2563 2564/2564/2564 
f 2563/2563/2563 2565/2565/2565 2564/2564/2564 
f 2564/2564/2564 2565/2565/2565 2566/2566/2566 
f 2565/2565/2565 2565/2565/2565 2566/2566/2566 
f 2566/2566/2566 2565/2565/2565 2567/2567/2567 
f 2565/2565/2565 2565/2565/2565 2567/2567/2567 
f 2567/2567/2567 2565/2565/2565 2559/2559/2559 
f 2565/2565/2565 2565/2565/2565 2559/2559/2559 
f 2559/2559/2559 2565/2565/2565 2561/2561/2561 
f 2565/2565/2565 2568/2568/2568 2561/2561/2561 
f 2561/2561/2561 2568/2568/2568 2561/2561/2561 
f 2568/2568/2568 2569/2569/2569 2561/2561/2561 
f 2561/2561/2561 2569/2569/2569 2562/2562/2562 
f 2569/2569/2569 2569/2569/2569 2562/2562/2562 
f 2562/2562/2562 2569/2569/2569 2570/2570/2570 
f 2569/2569/2569 2571/2571/2571 2570/2570/2570 
f 2570/2570/2570 2571/2571/2571 2572/2572/2572 
f 2571/2571/2571 2573/2573/2573 2572/2572/2572 
f 2572/2572/2572 2573/2573/2573 2574/2574/2574 
f 2573/2573/2573 2574/2574/2574 2574/2574/2574 
f 2574/2574/2574 2574/2574/2574 2571/2571/2571 
f 2574/2574/2574 2571/2571/2571 2571/2571/2571 
f 2571/2571/2571 2571/2571/2571 2575/2575/2575 
f 2571/2571/2571 2569/2569/2569 2575/2575/2575 
f 2575/2575/2575 2569/2569/2569 2576/2576/2576 
f 2569/2569/2569 2577/2577/2577 2576/2576/2576 
f 2576/2576/2576 2577/2577/2577 2578/2578/2578 
f 2577/2577/2577 2579/2579/2579 2578/2578/2578 
f 2578/2578/2578 2579/2579/2579 2578/2578/2578 
f 2579/2579/2579 2580/2580/2580 2578/2578/2578 
f 2578/2578/2578 2580/2580/2580 2578/2578/2578 
f 2580/2580/2580 2581/2581/2581 2578/2578/2578 
f 2578/2578/2578 2581/2581/2581 2582/2582/2582 
f 2581/2581/2581 2582/2582/2582 2582/2582/2582 
f 2582/2582/2582 2582/2582/2582 2575/2575/2575 
f 2582/2582/2582 2575/2575/2575 2575/2575/2575 
f 2575/2575/2575 2575/2575/2575 2583/2583/2583 
f 2575/2575/2575 2576/2576/2576 2583/2583/2583 
f 2583/2583/2583 2576/2576/2576 2584/2584/2584 
f 2576/2576/2576 2578/2578/2578 2584/2584/2584 
f 2584/2584/2584 2578/2578/2578 2578/2578/2578 
f 2578/2578/2578 2579/2579/2579 2578/2578/2578 
f 2578/2578/2578 2579/2579/2579 2579/2579/2579 
f 2579/2579/2579 2577/2577/2577 2579/2579/2579 
f 2579/2579/2579 2577/2577/2577 2585/2585/2585 
f 2577/2577/2577 2577/2577/2577 2585/2585/2585 
f 2585/2585/2585 2577/2577/2577 2586/2586/2586 
f 2577/2577/2577 2587/2587/2587 2586/2586/2586 
f 2586/2586/2586 2587/2587/2587 2588/2588/2588 
f 2587/2587/2587 2588/2588/2588 2588/2588/2588 
f 2588/2588/2588 2588/2588/2588 2577/2577/2577 
f 2588/2588/2588 2577/2577/2577 2577/2577/2577 
f 2577/2577/2577 2577/2577/2577 2587/2587/2587 
f 2577/2577/2577 2569/2569/2569 2587/2587/2587 
f 2587/2587/2587 2569/2569/2569 2589/2589/2589 
f 2569/2569/2569 2569/2569/2569 2589/2589/2589 
f 2589/2589/2589 2569/2569/2569 2590/2590/2590 
f 2569/2569/2569 2568/2568/2568 2590/2590/2590 
f 2590/2590/2590 2568/2568/2568 2591/2591/2591 
f 2568/2568/2568 2592/2592/2592 2591/2591/2591 
f 2591/2591/2591 2592/2592/2592 2591/2591/2591 
f 2592/2592/2592 2593/2593/2593 2591/2591/2591 
f 2591/2591/2591 2593/2593/2593 2591/2591/2591 
f 2593/2593/2593 2594/2594/2594 2591/2591/2591 
f 2591/2591/2591 2594/2594/2594 2595/2595/2595 
f 2594/2594/2594 2596/2596/2596 2595/2595/2595 
f 2595/2595/2595 2596/2596/2596 2596/2596/2596 
f 2596/2596/2596 2591/2591/2591 2596/2596/2596 
f 2596/2596/2596 2591/2591/2591 2591/2591/2591 
f 2591/2591/2591 2595/2595/2595 2591/2591/2591 
f 2591/2591/2591 2595/2595/2595 2590/2590/2590 
f 2595/2595/2595 2590/2590/2590 2590/2590/2590 
f 2590/2590/2590 2590/2590/2590 2597/2597/2597 
f 2590/2590/2590 2597/2597/2597 2597/2597/2597 
f 2597/2597/2597 2597/2597/2597 2598/2598/2598 
f 2597/2597/2597 2599/2599/2599 2598/2598/2598 
f 2598/2598/2598 2599/2599/2599 2600/2600/2600 
f 2599/2599/2599 2600/2600/2600 2600/2600/2600 
f 2600/2600/2600 2600/2600/2600 2601/2601/2601 
f 2600/2600/2600 2601/2601/2601 2601/2601/2601 
f 2601/2601/2601 2601/2601/2601 2602/2602/2602 
f 2601/2601/2601 2603/2603/2603 2602/2602/2602 
f 2602/2602/2602 2603/2603/2603 2603/2603/2603 
f 2603/2603/2603 2604/2604/2604 2603/2603/2603 
f 2603/2603/2603 2604/2604/2604 2604/2604/2604 
f 2604/2604/2604 2605/2605/2605 2604/2604/2604 
f 2604/2604/2604 2605/2605/2605 2606/2606/2606 
f 2605/2605/2605 2605/2605/2605 2606/2606/2606 
f 2606/2606/2606 2605/2605/2605 2607/2607/2607 
f 2605/2605/2605 2605/2605/2605 2607/2607/2607 
f 2607/2607/2607 2605/2605/2605 2608/2608/2608 
f 2605/2605/2605 2609/2609/2609 2608/2608/2608 
f 2608/2608/2608 2609/2609/2609 2608/2608/2608 
f 2609/2609/2609 2610/2610/2610 2608/2608/2608 
f 2608/2608/2608 2610/2610/2610 2611/2611/2611 
f 2610/2610/2610 2612/2612/2612 2611/2611/2611 
f 2611/2611/2611 2612/2612/2612 2611/2611/2611 
f 2612/2612/2612 2613/2613/2613 2611/2611/2611 
f 2611/2611/2611 2613/2613/2613 2614/2614/2614 
f 2613/2613/2613 2613/2613/2613 2614/2614/2614 
f 2614/2614/2614 2613/2613/2613 2615/2615/2615 
f 2613/2613/2613 2616/2616/2616 2615/2615/2615 
f 2615/2615/2615 2616/2616/2616 2617/2617/2617 
f 2616/2616/2616 2618/2618/2618 2617/2617/2617 
f 2617/2617/2617 2618/2618/2618 2619/2619/2619 
f 2618/2618/2618 2620/2620/2620 2619/2619/2619 
f 2619/2619/2619 2620/2620/2620 2620/2620/2620 
f 2620/2620/2620 2604/2604/2604 2620/2620/2620 
f 2620/2620/2620 2604/2604/2604 2604/2604/2604 
f 2604/2604/2604 2609/2609/2609 2604/2604/2604 
f 2604/2604/2604 2609/2609/2609 2605/2605/2605 
f 2609/2609/2609 2605/2605/2605 2605/2605/2605 
f 2605/2605/2605 2605/2605/2605 2612/2612/2612 
f 2605/2605/2605 2612/2612/2612 2612/2612/2612 
f 2612/2612/2612 2612/2612/2612 2621/2621/2621 
f 2612/2612/2612 2610/2610/2610 2621/2621/2621 
f 2621/2621/2621 2610/2610/2610 2610/2610/2610 
f 2610/2610/2610 2611/2611/2611 2610/2610/2610 
f 2610/2610/2610 2611/2611/2611 2611/2611/2611 
f 2611/2611/2611 2614/2614/2614 2611/2611/2611 
f 2611/2611/2611 2614/2614/2614 2608/2608/2608 
f 2614/2614/2614 2622/2622/2622 2608/2608/2608 
f 2608/2608/2608 2622/2622/2622 2623/2623/2623 
f 2622/2622/2622 2615/2615/2615 2623/2623/2623 
f 2623/2623/2623 2615/2615/2615 2624/2624/2624 
f 2615/2615/2615 2617/2617/2617 2624/2624/2624 
f 2624/2624/2624 2617/2617/2617 2619/2619/2619 
f 2617/2617/2617 2619/2619/2619 2619/2619/2619 
f 2619/2619/2619 2619/2619/2619 2622/2622/2622 
f 2619/2619/2619 2622/2622/2622 2622/2622/2622 
f 2622/2622/2622 2622/2622/2622 2615/2615/2615 
f 2622/2622/2622 2614/2614/2614 2615/2615/2615 
f 2615/2615/2615 2614/2614/2614 2614/2614/2614 
f 2614/2614/2614 2606/2606/2606 2614/2614/2614 
f 2614/2614/2614 2606/2606/2606 2606/2606/2606 
f 2606/2606/2606 2607/2607/2607 2606/2606/2606 
f 2606/2606/2606 2607/2607/2607 2625/2625/2625 
f 2607/2607/2607 2626/2626/2626 2625/2625/2625 
f 2625/2625/2625 2626/2626/2626 2625/2625/2625 
f 2626/2626/2626 2627/2627/2627 2625/2625/2625 
f 2625/2625/2625 2627/2627/2627 2628/2628/2628 
f 2627/2627/2627 2629/2629/2629 2628/2628/2628 
f 2628/2628/2628 2629/2629/2629 2630/2630/2630 
f 2629/2629/2629 2629/2629/2629 2630/2630/2630 
f 2630/2630/2630 2629/2629/2629 2631/2631/2631 
f 2629/2629/2629 2632/2632/2632 2631/2631/2631 
f 2631/2631/2631 2632/2632/2632 2633/2633/2633 
f 2632/2632/2632 2632/2632/2632 2633/2633/2633 
f 2633/2633/2633 2632/2632/2632 2634/2634/2634 
f 2632/2632/2632 2629/2629/2629 2634/2634/2634 
f 2634/2634/2634 2629/2629/2629 2627/2627/2627 
f 2629/2629/2629 2627/2627/2627 2627/2627/2627 
f 2627/2627/2627 2627/2627/2627 2607/2607/2607 
f 2627/2627/2627 2607/2607/2607 2607/2607/2607 
f 2607/2607/2607 2607/2607/2607 2626/2626/2626 
f 2607/2607/2607 2608/2608/2608 2626/2626/2626 
f 2626/2626/2626 2608/2608/2608 2623/2623/2623 
f 2608/2608/2608 2623/2623/2623 2623/2623/2623 
f 2623/2623/2623 2623/2623/2623 2633/2633/2633 
f 2623/2623/2623 2633/2633/2633 2633/2633/2633 
f 2633/2633/2633 2633/2633/2633 2631/2631/2631 
f 2633/2633/2633 2635/2635/2635 2631/2631/2631 
f 2631/2631/2631 2635/2635/2635 2630/2630/2630 
f 2635/2635/2635 2635/2635/2635 2630/2630/2630 
f 2630/2630/2630 2635/2635/2635 2636/2636/2636 
f 2635/2635/2635 2635/2635/2635 2636/2636/2636 
f 2636/2636/2636 2635/2635/2635 2637/2637/2637 
f 2635/2635/2635 2638/2638/2638 2637/2637/2637 
f 2637/2637/2637 2638/2638/2638 2639/2639/2639 
f 2638/2638/2638 2640/2640/2640 2639/2639/2639 
f 2639/2639/2639 2640/2640/2640 2641/2641/2641 
f 2640/2640/2640 2640/2640/2640 2641/2641/2641 
f 2641/2641/2641 2640/2640/2640 2642/2642/2642 
f 2640/2640/2640 2643/2643/2643 2642/2642/2642 
f 2642/2642/2642 2643/2643/2643 2644/2644/2644 
f 2643/2643/2643 2643/2643/2643 2644/2644/2644 
f 2644/2644/2644 2643/2643/2643 2645/2645/2645 
f 2643/2643/2643 2643/2643/2643 2645/2645/2645 
f 2645/2645/2645 2643/2643/2643 2646/2646/2646 
f 2643/2643/2643 2638/2638/2638 2646/2646/2646 
f 2646/2646/2646 2638/2638/2638 2633/2633/2633 
f 2638/2638/2638 2635/2635/2635 2633/2633/2633 
f 2633/2633/2633 2635/2635/2635 2635/2635/2635 
f 2635/2635/2635 2640/2640/2640 2635/2635/2635 
f 2635/2635/2635 2640/2640/2640 2640/2640/2640 
f 2640/2640/2640 2638/2638/2638 2640/2640/2640 
f 2640/2640/2640 2638/2638/2638 2643/2643/2643 
f 2638/2638/2638 2643/2643/2643 2643/2643/2643 
f 2643/2643/2643 2643/2643/2643 2634/2634/2634 
f 2643/2643/2643 2634/2634/2634 2634/2634/2634 
f 2634/2634/2634 2634/2634/2634 2633/2633/2633 
f 2634/2634/2634 2647/2647/2647 2633/2633/2633 
f 2633/2633/2633 2647/2647/2647 2633/2633/2633 
f 2647/2647/2647 2619/2619/2619 2633/2633/2633 
f 2633/2633/2633 2619/2619/2619 2646/2646/2646 
f 2619/2619/2619 2646/2646/2646 2646/2646/2646 
f 2646/2646/2646 2646/2646/2646 2634/2634/2634 
f 2646/2646/2646 2634/2634/2634 2634/2634/2634 
f 2634/2634/2634 2634/2634/2634 2647/2647/2647 
f 2634/2634/2634 2627/2627/2627 2647/2647/2647 
f 2647/2647/2647 2627/2627/2627 2648/2648/2648 
f 2627/2627/2627 2627/2627/2627 2648/2648/2648 
f 2648/2648/2648 2627/2627/2627 2649/2649/2649 
f 2627/2627/2627 2626/2626/2626 2649/2649/2649 
f 2649/2649/2649 2626/2626/2626 2650/2650/2650 
f 2626/2626/2626 2623/2623/2623 2650/2650/2650 
f 2650/2650/2650 2623/2623/2623 2651/2651/2651 
f 2623/2623/2623 2624/2624/2624 2651/2651/2651 
f 2651/2651/2651 2624/2624/2624 2652/2652/2652 
f 2624/2624/2624 2647/2647/2647 2652/2652/2652 
f 2652/2652/2652 2647/2647/2647 2652/2652/2652 
f 2647/2647/2647 2648/2648/2648 2652/2652/2652 
f 2652/2652/2652 2648/2648/2648 2652/2652/2652 
f 2648/2648/2648 2649/2649/2649 2652/2652/2652 
f 2652/2652/2652 2649/2649/2649 2652/2652/2652 
f 2649/2649/2649 2650/2650/2650 2652/2652/2652 
f 2652/2652/2652 2650/2650/2650 2651/2651/2651 
f 2650/2650/2650 2651/2651/2651 2651/2651/2651 
f 2651/2651/2651 2651/2651/2651 2647/2647/2647 
f 2651/2651/2651 2647/2647/2647 2647/2647/2647 
f 2647/2647/2647 2647/2647/2647 2619/2619/2619 
f 2647/2647/2647 2624/2624/2624 2619/2619/2619 
f 2619/2619/2619 2624/2624/2624 2624/2624/2624 
f 2624/2624/2624 2619/2619/2619 2624/2624/2624 
f 2624/2624/2624 2619/2619/2619 2619/2619/2619 
f 2619/2619/2619 2620/2620/2620 2619/2619/2619 
f 2619/2619/2619 2620/2620/2620 2646/2646/2646 
f 2620/2620/2620 2653/2653/2653 2646/2646/2646 
f 2646/2646/2646 2653/2653/2653 2645/2645/2645 
f 2653/2653/2653 2645/2645/2645 2645/2645/2645 
f 2645/2645/2645 2645/2645/2645 2653/2653/2653 
f 2645/2645/2645 2653/2653/2653 2653/2653/2653 
f 2653/2653/2653 2653/2653/2653 2654/2654/2654 
f 2653/2653/2653 2620/2620/2620 2654/2654/2654 
f 2654/2654/2654 2620/2620/2620 2654/2654/2654 
f 2620/2620/2620 2655/2655/2655 2654/2654/2654 
f 2654/2654/2654 2655/2655/2655 2656/2656/2656 
f 2655/2655/2655 2656/2656/2656 2656/2656/2656 
f 2656/2656/2656 2656/2656/2656 2657/2657/2657 
f 2656/2656/2656 2657/2657/2657 2657/2657/2657 
f 2657/2657/2657 2657/2657/2657 2658/2658/2658 
f 2657/2657/2657 2659/2659/2659 2658/2658/2658 
f 2658/2658/2658 2659/2659/2659 2660/2660/2660 
f 2659/2659/2659 2661/2661/2661 2660/2660/2660 
f 2660/2660/2660 2661/2661/2661 2662/2662/2662 
f 2661/2661/2661 2663/2663/2663 2662/2662/2662 
f 2662/2662/2662 2663/2663/2663 2664/2664/2664 
f 2663/2663/2663 2665/2665/2665 2664/2664/2664 
f 2664/2664/2664 2665/2665/2665 2666/2666/2666 
f 2665/2665/2665 2667/2667/2667 2666/2666/2666 
f 2666/2666/2666 2667/2667/2667 2666/2666/2666 
f 2667/2667/2667 2668/2668/2668 2666/2666/2666 
f 2666/2666/2666 2668/2668/2668 2669/2669/2669 
f 2668/2668/2668 2670/2670/2670 2669/2669/2669 
f 2669/2669/2669 2670/2670/2670 2669/2669/2669 
f 2670/2670/2670 2671/2671/2671 2669/2669/2669 
f 2669/2669/2669 2671/2671/2671 2672/2672/2672 
f 2671/2671/2671 2673/2673/2673 2672/2672/2672 
f 2672/2672/2672 2673/2673/2673 2674/2674/2674 
f 2673/2673/2673 2674/2674/2674 2674/2674/2674 
f 2674/2674/2674 2674/2674/2674 2675/2675/2675 
f 2674/2674/2674 2675/2675/2675 2675/2675/2675 
f 2675/2675/2675 2675/2675/2675 2659/2659/2659 
f 2675/2675/2675 2661/2661/2661 2659/2659/2659 
f 2659/2659/2659 2661/2661/2661 2661/2661/2661 
f 2661/2661/2661 2665/2665/2665 2661/2661/2661 
f 2661/2661/2661 2665/2665/2665 2665/2665/2665 
f 2665/2665/2665 2663/2663/2663 2665/2665/2665 
f 2665/2665/2665 2663/2663/2663 2661/2661/2661 
f 2663/2663/2663 2661/2661/2661 2661/2661/2661 
f 2661/2661/2661 2661/2661/2661 2673/2673/2673 
f 2661/2661/2661 2673/2673/2673 2673/2673/2673 
f 2673/2673/2673 2673/2673/2673 2676/2676/2676 
f 2673/2673/2673 2671/2671/2671 2676/2676/2676 
f 2676/2676/2676 2671/2671/2671 2671/2671/2671 
f 2671/2671/2671 2672/2672/2672 2671/2671/2671 
f 2671/2671/2671 2672/2672/2672 2672/2672/2672 
f 2672/2672/2672 2677/2677/2677 2672/2672/2672 
f 2672/2672/2672 2677/2677/2677 2669/2669/2669 
f 2677/2677/2677 2677/2677/2677 2669/2669/2669 
f 2669/2669/2669 2677/2677/2677 2666/2666/2666 
f 2677/2677/2677 2677/2677/2677 2666/2666/2666 
f 2666/2666/2666 2677/2677/2677 2664/2664/2664 
f 2677/2677/2677 2677/2677/2677 2664/2664/2664 
f 2664/2664/2664 2677/2677/2677 2662/2662/2662 
f 2677/2677/2677 2677/2677/2677 2662/2662/2662 
f 2662/2662/2662 2677/2677/2677 2660/2660/2660 
f 2677/2677/2677 2678/2678/2678 2660/2660/2660 
f 2660/2660/2660 2678/2678/2678 2679/2679/2679 
f 2678/2678/2678 2658/2658/2658 2679/2679/2679 
f 2679/2679/2679 2658/2658/2658 2660/2660/2660 
f 2658/2658/2658 2660/2660/2660 2660/2660/2660 
f 2660/2660/2660 2660/2660/2660 2672/2672/2672 
f 2660/2660/2660 2672/2672/2672 2672/2672/2672 
f 2672/2672/2672 2672/2672/2672 2677/2677/2677 
f 2672/2672/2672 2678/2678/2678 2677/2677/2677 
f 2677/2677/2677 2678/2678/2678 2678/2678/2678 
f 2678/2678/2678 2680/2680/2680 2678/2678/2678 
f 2678/2678/2678 2680/2680/2680 2680/2680/2680 
f 2680/2680/2680 2681/2681/2681 2680/2680/2680 
f 2680/2680/2680 2681/2681/2681 2682/2682/2682 
f 2681/2681/2681 2658/2658/2658 2682/2682/2682 
f 2682/2682/2682 2658/2658/2658 2683/2683/2683 
f 2658/2658/2658 2678/2678/2678 2683/2683/2683 
f 2683/2683/2683 2678/2678/2678 2684/2684/2684 
f 2678/2678/2678 2678/2678/2678 2684/2684/2684 
f 2684/2684/2684 2678/2678/2678 2685/2685/2685 
f 2678/2678/2678 2686/2686/2686 2685/2685/2685 
f 2685/2685/2685 2686/2686/2686 2687/2687/2687 
f 2686/2686/2686 2672/2672/2672 2687/2687/2687 
f 2687/2687/2687 2672/2672/2672 2688/2688/2688 
f 2672/2672/2672 2688/2688/2688 2688/2688/2688 
f 2688/2688/2688 2688/2688/2688 2672/2672/2672 
f 2688/2688/2688 2672/2672/2672 2672/2672/2672 
f 2672/2672/2672 2672/2672/2672 2678/2678/2678 
f 2672/2672/2672 2686/2686/2686 2678/2678/2678 
f 2678/2678/2678 2686/2686/2686 2686/2686/2686 
f 2686/2686/2686 2689/2689/2689 2686/2686/2686 
f 2686/2686/2686 2689/2689/2689 2689/2689/2689 
f 2689/2689/2689 2690/2690/2690 2689/2689/2689 
f 2689/2689/2689 2690/2690/2690 2691/2691/2691 
f 2690/2690/2690 2692/2692/2692 2691/2691/2691 
f 2691/2691/2691 2692/2692/2692 2693/2693/2693 
f 2692/2692/2692 2694/2694/2694 2693/2693/2693 
f 2693/2693/2693 2694/2694/2694 2695/2695/2695 
f 2694/2694/2694 2696/2696/2696 2695/2695/2695 
f 2695/2695/2695 2696/2696/2696 2697/2697/2697 
f 2696/2696/2696 2698/2698/2698 2697/2697/2697 
f 2697/2697/2697 2698/2698/2698 2699/2699/2699 
f 2698/2698/2698 2699/2699/2699 2699/2699/2699 
f 2699/2699/2699 2699/2699/2699 2690/2690/2690 
f 2699/2699/2699 2690/2690/2690 2690/2690/2690 
f 2690/2690/2690 2690/2690/2690 2692/2692/2692 
f 2690/2690/2690 2700/2700/2700 2692/2692/2692 
f 2692/2692/2692 2700/2700/2700 2701/2701/2701 
f 2700/2700/2700 2702/2702/2702 2701/2701/2701 
f 2701/2701/2701 2702/2702/2702 2702/2702/2702 
f 2702/2702/2702 2689/2689/2689 2702/2702/2702 
f 2702/2702/2702 2689/2689/2689 2689/2689/2689 
f 2689/2689/2689 2691/2691/2691 2689/2689/2689 
f 2689/2689/2689 2691/2691/2691 2703/2703/2703 
f 2691/2691/2691 2693/2693/2693 2703/2703/2703 
f 2703/2703/2703 2693/2693/2693 2693/2693/2693 
f 2693/2693/2693 2692/2692/2692 2693/2693/2693 
f 2693/2693/2693 2692/2692/2692 2692/2692/2692 
f 2692/2692/2692 2701/2701/2701 2692/2692/2692 
f 2692/2692/2692 2701/2701/2701 2694/2694/2694 
f 2701/2701/2701 2704/2704/2704 2694/2694/2694 
f 2694/2694/2694 2704/2704/2704 2705/2705/2705 
f 2704/2704/2704 2704/2704/2704 2705/2705/2705 
f 2705/2705/2705 2704/2704/2704 2706/2706/2706 
f 2704/2704/2704 2704/2704/2704 2706/2706/2706 
f 2706/2706/2706 2704/2704/2704 2707/2707/2707 
f 2704/2704/2704 2701/2701/2701 2707/2707/2707 
f 2707/2707/2707 2701/2701/2701 2708/2708/2708 
f 2701/2701/2701 2702/2702/2702 2708/2708/2708 
f 2708/2708/2708 2702/2702/2702 2709/2709/2709 
f 2702/2702/2702 2710/2710/2710 2709/2709/2709 
f 2709/2709/2709 2710/2710/2710 2709/2709/2709 
f 2710/2710/2710 2711/2711/2711 2709/2709/2709 
f 2709/2709/2709 2711/2711/2711 2712/2712/2712 
f 2711/2711/2711 2713/2713/2713 2712/2712/2712 
f 2712/2712/2712 2713/2713/2713 2712/2712/2712 
f 2713/2713/2713 2714/2714/2714 2712/2712/2712 
f 2712/2712/2712 2714/2714/2714 2715/2715/2715 
f 2714/2714/2714 2716/2716/2716 2715/2715/2715 
f 2715/2715/2715 2716/2716/2716 2716/2716/2716 
f 2716/2716/2716 2694/2694/2694 2716/2716/2716 
f 2716/2716/2716 2694/2694/2694 2694/2694/2694 
f 2694/2694/2694 2705/2705/2705 2694/2694/2694 
f 2694/2694/2694 2705/2705/2705 2696/2696/2696 
f 2705/2705/2705 2698/2698/2698 2696/2696/2696 
f 2696/2696/2696 2698/2698/2698 2698/2698/2698 
f 2698/2698/2698 2709/2709/2709 2698/2698/2698 
f 2698/2698/2698 2709/2709/2709 2709/2709/2709 
f 2709/2709/2709 2712/2712/2712 2709/2709/2709 
f 2709/2709/2709 2712/2712/2712 2717/2717/2717 
f 2712/2712/2712 2718/2718/2718 2717/2717/2717 
f 2717/2717/2717 2718/2718/2718 2708/2708/2708 
f 2718/2718/2718 2718/2718/2718 2708/2708/2708 
f 2708/2708/2708 2718/2718/2718 2707/2707/2707 
f 2718/2718/2718 2718/2718/2718 2707/2707/2707 
f 2707/2707/2707 2718/2718/2718 2719/2719/2719 
f 2718/2718/2718 2718/2718/2718 2719/2719/2719 
f 2719/2719/2719 2718/2718/2718 2720/2720/2720 
f 2718/2718/2718 2721/2721/2721 2720/2720/2720 
f 2720/2720/2720 2721/2721/2721 2722/2722/2722 
f 2721/2721/2721 2721/2721/2721 2722/2722/2722 
f 2722/2722/2722 2721/2721/2721 2715/2715/2715 
f 2721/2721/2721 2721/2721/2721 2715/2715/2715 
f 2715/2715/2715 2721/2721/2721 2712/2712/2712 
f 2721/2721/2721 2718/2718/2718 2712/2712/2712 
f 2712/2712/2712 2718/2718/2718 2718/2718/2718 
f 2718/2718/2718 2708/2708/2708 2718/2718/2718 
f 2718/2718/2718 2708/2708/2708 2708/2708/2708 
f 2708/2708/2708 2709/2709/2709 2708/2708/2708 
f 2708/2708/2708 2709/2709/2709 2717/2717/2717 
f 2709/2709/2709 2717/2717/2717 2717/2717/2717 
f 2717/2717/2717 2717/2717/2717 2707/2707/2707 
f 2717/2717/2717 2707/2707/2707 2707/2707/2707 
f 2707/2707/2707 2707/2707/2707 2706/2706/2706 
f 2707/2707/2707 2719/2719/2719 2706/2706/2706 
f 2706/2706/2706 2719/2719/2719 2723/2723/2723 
f 2719/2719/2719 2720/2720/2720 2723/2723/2723 
f 2723/2723/2723 2720/2720/2720 2724/2724/2724 
f 2720/2720/2720 2722/2722/2722 2724/2724/2724 
f 2724/2724/2724 2722/2722/2722 2725/2725/2725 
f 2722/2722/2722 2715/2715/2715 2725/2725/2725 
f 2725/2725/2725 2715/2715/2715 2726/2726/2726 
f 2715/2715/2715 2716/2716/2716 2726/2726/2726 
f 2726/2726/2726 2716/2716/2716 2727/2727/2727 
f 2716/2716/2716 2728/2728/2728 2727/2727/2727 
f 2727/2727/2727 2728/2728/2728 2728/2728/2728 
f 2728/2728/2728 2726/2726/2726 2728/2728/2728 
f 2728/2728/2728 2726/2726/2726 2726/2726/2726 
f 2726/2726/2726 2727/2727/2727 2726/2726/2726 
f 2726/2726/2726 2727/2727/2727 2725/2725/2725 
f 2727/2727/2727 2729/2729/2729 2725/2725/2725 
f 2725/2725/2725 2729/2729/2729 2725/2725/2725 
f 2729/2729/2729 2730/2730/2730 2725/2725/2725 
f 2725/2725/2725 2730/2730/2730 2731/2731/2731 
f 2730/2730/2730 2732/2732/2732 2731/2731/2731 
f 2731/2731/2731 2732/2732/2732 2732/2732/2732 
f 2732/2732/2732 2725/2725/2725 2732/2732/2732 
f 2732/2732/2732 2725/2725/2725 2725/2725/2725 
f 2725/2725/2725 2731/2731/2731 2725/2725/2725 
f 2725/2725/2725 2731/2731/2731 2724/2724/2724 
f 2731/2731/2731 2733/2733/2733 2724/2724/2724 
f 2724/2724/2724 2733/2733/2733 2734/2734/2734 
f 2733/2733/2733 2735/2735/2735 2734/2734/2734 
f 2734/2734/2734 2735/2735/2735 2735/2735/2735 
f 2735/2735/2735 2731/2731/2731 2735/2735/2735 
f 2735/2735/2735 2731/2731/2731 2731/2731/2731 
f 2731/2731/2731 2736/2736/2736 2731/2731/2731 
f 2731/2731/2731 2736/2736/2736 2733/2733/2733 
f 2736/2736/2736 2733/2733/2733 2733/2733/2733 
f 2733/2733/2733 2733/2733/2733 2723/2723/2723 
f 2733/2733/2733 2723/2723/2723 2723/2723/2723 
f 2723/2723/2723 2723/2723/2723 2706/2706/2706 
f 2723/2723/2723 2737/2737/2737 2706/2706/2706 
f 2706/2706/2706 2737/2737/2737 2705/2705/2705 
f 2737/2737/2737 2738/2738/2738 2705/2705/2705 
f 2705/2705/2705 2738/2738/2738 2739/2739/2739 
f 2738/2738/2738 2740/2740/2740 2739/2739/2739 
f 2739/2739/2739 2740/2740/2740 2739/2739/2739 
f 2740/2740/2740 2698/2698/2698 2739/2739/2739 
f 2739/2739/2739 2698/2698/2698 2705/2705/2705 
f 2698/2698/2698 2705/2705/2705 2705/2705/2705 
f 2705/2705/2705 2705/2705/2705 2723/2723/2723 
f 2705/2705/2705 2723/2723/2723 2723/2723/2723 
f 2723/2723/2723 2723/2723/2723 2737/2737/2737 
f 2723/2723/2723 2724/2724/2724 2737/2737/2737 
f 2737/2737/2737 2724/2724/2724 2737/2737/2737 
f 2724/2724/2724 2734/2734/2734 2737/2737/2737 
f 2737/2737/2737 2734/2734/2734 2738/2738/2738 
f 2734/2734/2734 2738/2738/2738 2738/2738/2738 
f 2738/2738/2738 2738/2738/2738 2741/2741/2741 
f 2738/2738/2738 2741/2741/2741 2741/2741/2741 
f 2741/2741/2741 2741/2741/2741 2742/2742/2742 
f 2741/2741/2741 2743/2743/2743 2742/2742/2742 
f 2742/2742/2742 2743/2743/2743 2744/2744/2744 
f 2743/2743/2743 2744/2744/2744 2744/2744/2744 
f 2744/2744/2744 2744/2744/2744 2745/2745/2745 
f 2744/2744/2744 2745/2745/2745 2745/2745/2745 
f 2745/2745/2745 2745/2745/2745 2746/2746/2746 
f 2745/2745/2745 2747/2747/2747 2746/2746/2746 
f 2746/2746/2746 2747/2747/2747 2748/2748/2748 
f 2747/2747/2747 2748/2748/2748 2748/2748/2748 
f 2748/2748/2748 2748/2748/2748 2749/2749/2749 
f 2748/2748/2748 2749/2749/2749 2749/2749/2749 
f 2749/2749/2749 2749/2749/2749 2750/2750/2750 
f 2749/2749/2749 2751/2751/2751 2750/2750/2750 
f 2750/2750/2750 2751/2751/2751 2751/2751/2751 
f 2751/2751/2751 2752/2752/2752 2751/2751/2751 
f 2751/2751/2751 2752/2752/2752 2752/2752/2752 
f 2752/2752/2752 2753/2753/2753 2752/2752/2752 
f 2752/2752/2752 2753/2753/2753 2754/2754/2754 
f 2753/2753/2753 2754/2754/2754 2754/2754/2754 
f 2754/2754/2754 2754/2754/2754 2755/2755/2755 
f 2754/2754/2754 2755/2755/2755 2755/2755/2755 
f 2755/2755/2755 2755/2755/2755 2756/2756/2756 
f 2755/2755/2755 2757/2757/2757 2756/2756/2756 
f 2756/2756/2756 2757/2757/2757 2757/2757/2757 
f 2757/2757/2757 2758/2758/2758 2757/2757/2757 
f 2757/2757/2757 2758/2758/2758 2758/2758/2758 
f 2758/2758/2758 2759/2759/2759 2758/2758/2758 
f 2758/2758/2758 2759/2759/2759 2760/2760/2760 
f 2759/2759/2759 2760/2760/2760 2760/2760/2760 
f 2760/2760/2760 2760/2760/2760 2761/2761/2761 
f 2760/2760/2760 2761/2761/2761 2761/2761/2761 
f 2761/2761/2761 2761/2761/2761 2762/2762/2762 
f 2761/2761/2761 2763/2763/2763 2762/2762/2762 
f 2762/2762/2762 2763/2763/2763 2763/2763/2763 
f 2763/2763/2763 2764/2764/2764 2763/2763/2763 
f 2763/2763/2763 2764/2764/2764 2764/2764/2764 
f 2764/2764/2764 2765/2765/2765 2764/2764/2764 
f 2764/2764/2764 2765/2765/2765 2766/2766/2766 

